domain,source,target_row,K,alpha,seed,audit_policy,audit_budget_fraction,calibration_candidates,audit_candidates_inspected,verified_positives_found,verified_positive_yield,released,t0_FTR,safe_t0_release,alpha_violation_t0,raw_topK_t0_FTR,t1_label_coverage,t1_FTR_known,t1_FTR_conservative_unknown_false,raw_topK_t1_FTR_known,evidence_mass,max_evalue,required_evalue,self_consistency_margin,tau_k,block_coverage,empty_reason,evidence_scope
materials_discovery,ALIGNN-FF WBM,materials_alignn_exact_stable_alpha010_K300,300,0.1,0,random,0.0,111721,0,0,0.0,0,0.0,False,False,0.2866666666666667,0.0,0.0,0.0,0.43333333333333335,0.2388908544531435,62.93248398461198,10.0,-7.654341811672916,,1.0,insufficient_high_e_mass_for_uniform_scs,materials_t0_active_audit_emulation;existing_public_WBM_labels_only;t1_current_MP_used_only_as_utility_audit;not_prospective_materials_discovery;not_DFT_evidence;not_materials_primary_headline
materials_discovery,ALIGNN-FF WBM,materials_alignn_exact_stable_alpha010_K500,500,0.1,0,random,0.0,111721,0,0,0.0,0,0.0,False,False,0.354,0.0,0.0,0.0,0.5,0.17419525093806693,62.93248398461198,10.0,-8.2732101931544,,1.0,insufficient_high_e_mass_for_uniform_scs,materials_t0_active_audit_emulation;existing_public_WBM_labels_only;t1_current_MP_used_only_as_utility_audit;not_prospective_materials_discovery;not_DFT_evidence;not_materials_primary_headline
materials_discovery,ALIGNN-FF WBM,materials_alignn_exact_stable_alpha010_K300,300,0.1,0,random,0.005,111721,559,81,0.1449016100178891,0,0.0,False,False,0.2866666666666667,0.0,0.0,0.0,0.43333333333333335,0.2388908544531435,62.93248398461198,10.0,-7.654341811672916,,1.0,insufficient_high_e_mass_for_uniform_scs,materials_t0_active_audit_emulation;existing_public_WBM_labels_only;t1_current_MP_used_only_as_utility_audit;not_prospective_materials_discovery;not_DFT_evidence;not_materials_primary_headline
materials_discovery,ALIGNN-FF WBM,materials_alignn_exact_stable_alpha010_K500,500,0.1,0,random,0.005,111721,559,81,0.1449016100178891,0,0.0,False,False,0.354,0.0,0.0,0.0,0.5,0.17419525093806693,62.93248398461198,10.0,-8.2732101931544,,1.0,insufficient_high_e_mass_for_uniform_scs,materials_t0_active_audit_emulation;existing_public_WBM_labels_only;t1_current_MP_used_only_as_utility_audit;not_prospective_materials_discovery;not_DFT_evidence;not_materials_primary_headline
materials_discovery,ALIGNN-FF WBM,materials_alignn_exact_stable_alpha010_K300,300,0.1,0,random,0.01,111721,1117,162,0.1450313339301701,0,0.0,False,False,0.2866666666666667,0.0,0.0,0.0,0.43333333333333335,0.2388908544531435,62.93248398461198,10.0,-7.654341811672916,,1.0,insufficient_high_e_mass_for_uniform_scs,materials_t0_active_audit_emulation;existing_public_WBM_labels_only;t1_current_MP_used_only_as_utility_audit;not_prospective_materials_discovery;not_DFT_evidence;not_materials_primary_headline
materials_discovery,ALIGNN-FF WBM,materials_alignn_exact_stable_alpha010_K500,500,0.1,0,random,0.01,111721,1117,162,0.1450313339301701,0,0.0,False,False,0.354,0.0,0.0,0.0,0.5,0.17419525093806693,62.93248398461198,10.0,-8.2732101931544,,1.0,insufficient_high_e_mass_for_uniform_scs,materials_t0_active_audit_emulation;existing_public_WBM_labels_only;t1_current_MP_used_only_as_utility_audit;not_prospective_materials_discovery;not_DFT_evidence;not_materials_primary_headline
materials_discovery,ALIGNN-FF WBM,materials_alignn_exact_stable_alpha010_K300,300,0.1,0,random,0.02,111721,2234,339,0.15174574753804834,0,0.0,False,False,0.2866666666666667,0.0,0.0,0.0,0.43333333333333335,0.23878603940956863,62.90305834950196,10.0,-7.655367928787317,,0.9994574064026045,insufficient_high_e_mass_for_uniform_scs,materials_t0_active_audit_emulation;existing_public_WBM_labels_only;t1_current_MP_used_only_as_utility_audit;not_prospective_materials_discovery;not_DFT_evidence;not_materials_primary_headline
materials_discovery,ALIGNN-FF WBM,materials_alignn_exact_stable_alpha010_K500,500,0.1,0,random,0.02,111721,2234,339,0.15174574753804834,0,0.0,False,False,0.354,0.0,0.0,0.0,0.5,0.1749880575319943,62.90305834950196,10.0,-8.26549515202685,,0.9994574064026045,insufficient_high_e_mass_for_uniform_scs,materials_t0_active_audit_emulation;existing_public_WBM_labels_only;t1_current_MP_used_only_as_utility_audit;not_prospective_materials_discovery;not_DFT_evidence;not_materials_primary_headline
materials_discovery,ALIGNN-FF WBM,materials_alignn_exact_stable_alpha010_K300,300,0.1,0,random,0.05,111721,5586,827,0.14804869316147512,0,0.0,False,False,0.2866666666666667,0.0,0.0,0.0,0.43333333333333335,0.2407448199624513,62.90305834950196,10.0,-7.639033579783114,,0.9994574064026045,insufficient_high_e_mass_for_uniform_scs,materials_t0_active_audit_emulation;existing_public_WBM_labels_only;t1_current_MP_used_only_as_utility_audit;not_prospective_materials_discovery;not_DFT_evidence;not_materials_primary_headline
materials_discovery,ALIGNN-FF WBM,materials_alignn_exact_stable_alpha010_K500,500,0.1,0,random,0.05,111721,5586,827,0.14804869316147512,0,0.0,False,False,0.354,0.0,0.0,0.0,0.5,0.17675325533928474,62.90305834950196,10.0,-8.248294631869648,,0.9994574064026045,insufficient_high_e_mass_for_uniform_scs,materials_t0_active_audit_emulation;existing_public_WBM_labels_only;t1_current_MP_used_only_as_utility_audit;not_prospective_materials_discovery;not_DFT_evidence;not_materials_primary_headline
materials_discovery,ALIGNN-FF WBM,materials_alignn_exact_stable_alpha010_K300,300,0.1,0,random,0.1,111721,11172,1693,0.15153956319369855,0,0.0,False,False,0.2866666666666667,0.0,0.0,0.0,0.43333333333333335,0.2530378507261374,62.8442015078454,10.0,-7.537829701367231,,0.9983722192078134,insufficient_high_e_mass_for_uniform_scs,materials_t0_active_audit_emulation;existing_public_WBM_labels_only;t1_current_MP_used_only_as_utility_audit;not_prospective_materials_discovery;not_DFT_evidence;not_materials_primary_headline
materials_discovery,ALIGNN-FF WBM,materials_alignn_exact_stable_alpha010_K500,500,0.1,0,random,0.1,111721,11172,1693,0.15153956319369855,0,0.0,False,False,0.354,0.0,0.0,0.0,0.5,0.18093615876836733,62.8442015078454,10.0,-8.214330085001357,,0.9983722192078134,insufficient_high_e_mass_for_uniform_scs,materials_t0_active_audit_emulation;existing_public_WBM_labels_only;t1_current_MP_used_only_as_utility_audit;not_prospective_materials_discovery;not_DFT_evidence;not_materials_primary_headline
materials_discovery,ALIGNN-FF WBM,materials_alignn_exact_stable_alpha010_K300,300,0.1,0,random,0.2,111721,22344,3408,0.15252416756176154,0,0.0,False,False,0.2866666666666667,0.0,0.0,0.0,0.43333333333333335,0.25954201086936324,89.61860802639553,10.0,-7.466205252737032,,0.9970157352143245,insufficient_high_e_mass_for_uniform_scs,materials_t0_active_audit_emulation;existing_public_WBM_labels_only;t1_current_MP_used_only_as_utility_audit;not_prospective_materials_discovery;not_DFT_evidence;not_materials_primary_headline
materials_discovery,ALIGNN-FF WBM,materials_alignn_exact_stable_alpha010_K500,500,0.1,0,random,0.2,111721,22344,3408,0.15252416756176154,0,0.0,False,False,0.354,0.0,0.0,0.0,0.5,0.1874832701369681,89.61860802639553,10.0,-8.15038686623121,,0.9970157352143245,insufficient_high_e_mass_for_uniform_scs,materials_t0_active_audit_emulation;existing_public_WBM_labels_only;t1_current_MP_used_only_as_utility_audit;not_prospective_materials_discovery;not_DFT_evidence;not_materials_primary_headline
materials_discovery,ALIGNN-FF WBM,materials_alignn_exact_stable_alpha010_K300,300,0.1,0,raw_score_targeted,0.0,111721,0,0,0.0,0,0.0,False,False,0.2866666666666667,0.0,0.0,0.0,0.43333333333333335,0.2388908544531435,62.93248398461198,10.0,-7.654341811672916,,1.0,insufficient_high_e_mass_for_uniform_scs,materials_t0_active_audit_emulation;existing_public_WBM_labels_only;t1_current_MP_used_only_as_utility_audit;not_prospective_materials_discovery;not_DFT_evidence;not_materials_primary_headline
materials_discovery,ALIGNN-FF WBM,materials_alignn_exact_stable_alpha010_K500,500,0.1,0,raw_score_targeted,0.0,111721,0,0,0.0,0,0.0,False,False,0.354,0.0,0.0,0.0,0.5,0.17419525093806693,62.93248398461198,10.0,-8.2732101931544,,1.0,insufficient_high_e_mass_for_uniform_scs,materials_t0_active_audit_emulation;existing_public_WBM_labels_only;t1_current_MP_used_only_as_utility_audit;not_prospective_materials_discovery;not_DFT_evidence;not_materials_primary_headline
materials_discovery,ALIGNN-FF WBM,materials_alignn_exact_stable_alpha010_K300,300,0.1,0,raw_score_targeted,0.005,111721,559,365,0.6529516994633273,57,0.07017543859649122,True,False,0.2866666666666667,1.0,0.21052631578947367,0.21052631578947367,0.43333333333333335,2.970011619238415,165.00064551324527,10.0,10.242051910289184,52.63157894736842,0.9989148128052089,,materials_t0_active_audit_emulation;existing_public_WBM_labels_only;t1_current_MP_used_only_as_utility_audit;not_prospective_materials_discovery;not_DFT_evidence;not_materials_primary_headline
materials_discovery,ALIGNN-FF WBM,materials_alignn_exact_stable_alpha010_K500,500,0.1,0,raw_score_targeted,0.005,111721,559,365,0.6529516994633273,56,0.05357142857142857,True,False,0.354,1.0,0.19642857142857142,0.19642857142857142,0.5,1.782006971543049,165.00064551324527,10.0,0.4809911261688029,89.28571428571428,0.9989148128052089,,materials_t0_active_audit_emulation;existing_public_WBM_labels_only;t1_current_MP_used_only_as_utility_audit;not_prospective_materials_discovery;not_DFT_evidence;not_materials_primary_headline
materials_discovery,ALIGNN-FF WBM,materials_alignn_exact_stable_alpha010_K300,300,0.1,0,raw_score_targeted,0.01,111721,1117,651,0.5828111011638317,57,0.07017543859649122,True,False,0.2866666666666667,1.0,0.21052631578947367,0.21052631578947367,0.43333333333333335,2.9685951674993576,164.9219537499643,10.0,10.21262256047698,52.63157894736842,0.9983722192078134,,materials_t0_active_audit_emulation;existing_public_WBM_labels_only;t1_current_MP_used_only_as_utility_audit;not_prospective_materials_discovery;not_DFT_evidence;not_materials_primary_headline
materials_discovery,ALIGNN-FF WBM,materials_alignn_exact_stable_alpha010_K500,500,0.1,0,raw_score_targeted,0.01,111721,1117,651,0.5828111011638317,56,0.05357142857142857,True,False,0.354,1.0,0.19642857142857142,0.19642857142857142,0.5,1.7811571004996147,164.9219537499643,10.0,0.4386808097412711,89.28571428571428,0.9983722192078134,,materials_t0_active_audit_emulation;existing_public_WBM_labels_only;t1_current_MP_used_only_as_utility_audit;not_prospective_materials_discovery;not_DFT_evidence;not_materials_primary_headline
materials_discovery,ALIGNN-FF WBM,materials_alignn_exact_stable_alpha010_K300,300,0.1,0,raw_score_targeted,0.02,111721,2234,1232,0.5514771709937332,57,0.07017543859649122,True,False,0.2866666666666667,1.0,0.21052631578947367,0.21052631578947367,0.43333333333333335,2.965762021769461,164.76455676497005,10.0,10.153758282007239,52.63157894736842,0.9972870320130223,,materials_t0_active_audit_emulation;existing_public_WBM_labels_only;t1_current_MP_used_only_as_utility_audit;not_prospective_materials_discovery;not_DFT_evidence;not_materials_primary_headline
materials_discovery,ALIGNN-FF WBM,materials_alignn_exact_stable_alpha010_K500,500,0.1,0,raw_score_targeted,0.02,111721,2234,1232,0.5514771709937332,56,0.05357142857142857,True,False,0.354,1.0,0.19642857142857142,0.19642857142857142,0.5,1.7794572130616766,164.76455676497005,10.0,0.3540524442592101,89.28571428571428,0.9972870320130223,,materials_t0_active_audit_emulation;existing_public_WBM_labels_only;t1_current_MP_used_only_as_utility_audit;not_prospective_materials_discovery;not_DFT_evidence;not_materials_primary_headline
materials_discovery,ALIGNN-FF WBM,materials_alignn_exact_stable_alpha010_K300,300,0.1,0,raw_score_targeted,0.05,111721,5586,2613,0.4677765843179377,57,0.07017543859649122,True,False,0.2866666666666667,1.0,0.21052631578947367,0.21052631578947367,0.43333333333333335,2.9586777418380215,164.37098565766786,10.0,10.006564984757553,52.63157894736842,0.9945740640260445,,materials_t0_active_audit_emulation;existing_public_WBM_labels_only;t1_current_MP_used_only_as_utility_audit;not_prospective_materials_discovery;not_DFT_evidence;not_materials_primary_headline
materials_discovery,ALIGNN-FF WBM,materials_alignn_exact_stable_alpha010_K500,500,0.1,0,raw_score_targeted,0.05,111721,5586,2613,0.4677765843179377,56,0.05357142857142857,True,False,0.354,1.0,0.19642857142857142,0.19642857142857142,0.5,1.775206645102813,164.37098565766786,10.0,0.1424363438731291,89.28571428571428,0.9945740640260445,,materials_t0_active_audit_emulation;existing_public_WBM_labels_only;t1_current_MP_used_only_as_utility_audit;not_prospective_materials_discovery;not_DFT_evidence;not_materials_primary_headline
materials_discovery,ALIGNN-FF WBM,materials_alignn_exact_stable_alpha010_K300,300,0.1,0,raw_score_targeted,0.1,111721,11172,4311,0.385875402792696,57,0.07017543859649122,True,False,0.2866666666666667,1.0,0.21052631578947367,0.21052631578947367,0.43333333333333335,2.9473386737380003,163.7410374298889,10.0,9.77095851372325,52.63157894736842,0.9902333152468801,,materials_t0_active_audit_emulation;existing_public_WBM_labels_only;t1_current_MP_used_only_as_utility_audit;not_prospective_materials_discovery;not_DFT_evidence;not_materials_primary_headline
materials_discovery,ALIGNN-FF WBM,materials_alignn_exact_stable_alpha010_K500,500,0.1,0,raw_score_targeted,0.1,111721,11172,4311,0.385875402792696,54,0.018518518518518517,True,False,0.354,1.0,0.16666666666666666,0.16666666666666666,0.5,1.7684032042428002,163.7410374298889,10.0,71.14844483729632,92.59259259259258,0.9902333152468801,,materials_t0_active_audit_emulation;existing_public_WBM_labels_only;t1_current_MP_used_only_as_utility_audit;not_prospective_materials_discovery;not_DFT_evidence;not_materials_primary_headline
materials_discovery,ALIGNN-FF WBM,materials_alignn_exact_stable_alpha010_K300,300,0.1,0,raw_score_targeted,0.2,111721,22344,8541,0.382250268528464,57,0.07017543859649122,True,False,0.2866666666666667,1.0,0.21052631578947367,0.21052631578947367,0.43333333333333335,2.938121839935098,163.22899110750544,10.0,9.579439788806908,52.63157894736842,0.986706456863809,,materials_t0_active_audit_emulation;existing_public_WBM_labels_only;t1_current_MP_used_only_as_utility_audit;not_prospective_materials_discovery;not_DFT_evidence;not_materials_primary_headline
materials_discovery,ALIGNN-FF WBM,materials_alignn_exact_stable_alpha010_K500,500,0.1,0,raw_score_targeted,0.2,111721,22344,8541,0.382250268528464,54,0.018518518518518517,True,False,0.354,1.0,0.16666666666666666,0.16666666666666666,0.5,1.7628731039610588,163.22899110750544,10.0,70.63639851491286,92.59259259259258,0.986706456863809,,materials_t0_active_audit_emulation;existing_public_WBM_labels_only;t1_current_MP_used_only_as_utility_audit;not_prospective_materials_discovery;not_DFT_evidence;not_materials_primary_headline
materials_discovery,ALIGNN-FF WBM,materials_alignn_exact_stable_alpha010_K300,300,0.1,0,parc_m_evidence_targeted,0.0,111721,0,0,0.0,0,0.0,False,False,0.2866666666666667,0.0,0.0,0.0,0.43333333333333335,0.2388908544531435,62.93248398461198,10.0,-7.654341811672916,,1.0,insufficient_high_e_mass_for_uniform_scs,materials_t0_active_audit_emulation;existing_public_WBM_labels_only;t1_current_MP_used_only_as_utility_audit;not_prospective_materials_discovery;not_DFT_evidence;not_materials_primary_headline
materials_discovery,ALIGNN-FF WBM,materials_alignn_exact_stable_alpha010_K500,500,0.1,0,parc_m_evidence_targeted,0.0,111721,0,0,0.0,0,0.0,False,False,0.354,0.0,0.0,0.0,0.5,0.17419525093806693,62.93248398461198,10.0,-8.2732101931544,,1.0,insufficient_high_e_mass_for_uniform_scs,materials_t0_active_audit_emulation;existing_public_WBM_labels_only;t1_current_MP_used_only_as_utility_audit;not_prospective_materials_discovery;not_DFT_evidence;not_materials_primary_headline
materials_discovery,ALIGNN-FF WBM,materials_alignn_exact_stable_alpha010_K300,300,0.1,0,parc_m_evidence_targeted,0.005,111721,559,358,0.6404293381037567,56,0.05357142857142857,True,False,0.2866666666666667,1.0,0.19642857142857142,0.19642857142857142,0.43333333333333335,2.366137103384885,165.0793327942943,10.0,9.331629778073392,53.57142857142857,0.9994574064026045,,materials_t0_active_audit_emulation;existing_public_WBM_labels_only;t1_current_MP_used_only_as_utility_audit;not_prospective_materials_discovery;not_DFT_evidence;not_materials_primary_headline
materials_discovery,ALIGNN-FF WBM,materials_alignn_exact_stable_alpha010_K500,500,0.1,0,parc_m_evidence_targeted,0.005,111721,559,358,0.6404293381037567,43,0.0,True,False,0.354,1.0,0.16279069767441862,0.16279069767441862,0.5,1.4196822620309308,165.0793327942943,10.0,48.80026302685242,116.27906976744187,0.9994574064026045,,materials_t0_active_audit_emulation;existing_public_WBM_labels_only;t1_current_MP_used_only_as_utility_audit;not_prospective_materials_discovery;not_DFT_evidence;not_materials_primary_headline
materials_discovery,ALIGNN-FF WBM,materials_alignn_exact_stable_alpha010_K300,300,0.1,0,parc_m_evidence_targeted,0.01,111721,1117,645,0.5774395702775291,56,0.05357142857142857,True,False,0.2866666666666667,1.0,0.19642857142857142,0.19642857142857142,0.43333333333333335,2.3655731858987408,165.03998971386562,10.0,9.316916264320064,53.57142857142857,0.9991861096039066,,materials_t0_active_audit_emulation;existing_public_WBM_labels_only;t1_current_MP_used_only_as_utility_audit;not_prospective_materials_discovery;not_DFT_evidence;not_materials_primary_headline
materials_discovery,ALIGNN-FF WBM,materials_alignn_exact_stable_alpha010_K500,500,0.1,0,parc_m_evidence_targeted,0.01,111721,1117,645,0.5774395702775291,43,0.0,True,False,0.354,1.0,0.16279069767441862,0.16279069767441862,0.5,1.4193439115392443,165.03998971386562,10.0,48.760919946423755,116.27906976744187,0.9991861096039066,,materials_t0_active_audit_emulation;existing_public_WBM_labels_only;t1_current_MP_used_only_as_utility_audit;not_prospective_materials_discovery;not_DFT_evidence;not_materials_primary_headline
materials_discovery,ALIGNN-FF WBM,materials_alignn_exact_stable_alpha010_K300,300,0.1,0,parc_m_evidence_targeted,0.02,111721,2234,1224,0.5478961504028648,56,0.05357142857142857,True,False,0.2866666666666667,1.0,0.19642857142857142,0.19642857142857142,0.43333333333333335,2.3638813370828213,164.9219537499643,10.0,9.272772936416828,53.57142857142857,0.9983722192078134,,materials_t0_active_audit_emulation;existing_public_WBM_labels_only;t1_current_MP_used_only_as_utility_audit;not_prospective_materials_discovery;not_DFT_evidence;not_materials_primary_headline
materials_discovery,ALIGNN-FF WBM,materials_alignn_exact_stable_alpha010_K500,500,0.1,0,parc_m_evidence_targeted,0.02,111721,2234,1224,0.5478961504028648,43,0.0,True,False,0.354,1.0,0.16279069767441862,0.16279069767441862,0.5,1.418328802249693,164.9219537499643,10.0,48.642883982522434,116.27906976744187,0.9983722192078134,,materials_t0_active_audit_emulation;existing_public_WBM_labels_only;t1_current_MP_used_only_as_utility_audit;not_prospective_materials_discovery;not_DFT_evidence;not_materials_primary_headline
materials_discovery,ALIGNN-FF WBM,materials_alignn_exact_stable_alpha010_K300,300,0.1,0,parc_m_evidence_targeted,0.05,111721,5586,2581,0.46204797708557105,56,0.05357142857142857,True,False,0.2866666666666667,1.0,0.19642857142857142,0.19642857142857142,0.43333333333333335,2.36106126754926,164.72520471273907,10.0,9.199191425168152,53.57142857142857,0.9970157352143245,,materials_t0_active_audit_emulation;existing_public_WBM_labels_only;t1_current_MP_used_only_as_utility_audit;not_prospective_materials_discovery;not_DFT_evidence;not_materials_primary_headline
materials_discovery,ALIGNN-FF WBM,materials_alignn_exact_stable_alpha010_K500,500,0.1,0,parc_m_evidence_targeted,0.05,111721,5586,2581,0.46204797708557105,43,0.0,True,False,0.354,1.0,0.16279069767441862,0.16279069767441862,0.5,1.4166367605295558,164.72520471273907,10.0,48.4461349452972,116.27906976744187,0.9970157352143245,,materials_t0_active_audit_emulation;existing_public_WBM_labels_only;t1_current_MP_used_only_as_utility_audit;not_prospective_materials_discovery;not_DFT_evidence;not_materials_primary_headline
materials_discovery,ALIGNN-FF WBM,materials_alignn_exact_stable_alpha010_K300,300,0.1,0,parc_m_evidence_targeted,0.1,111721,11172,4283,0.3833691371285356,56,0.05357142857142857,True,False,0.2866666666666667,1.0,0.19642857142857142,0.19642857142857142,0.43333333333333335,2.3537272016261923,164.21352569485063,10.0,9.00782497527289,53.57142857142857,0.9934888768312534,,materials_t0_active_audit_emulation;existing_public_WBM_labels_only;t1_current_MP_used_only_as_utility_audit;not_prospective_materials_discovery;not_DFT_evidence;not_materials_primary_headline
materials_discovery,ALIGNN-FF WBM,materials_alignn_exact_stable_alpha010_K500,500,0.1,0,parc_m_evidence_targeted,0.1,111721,11172,4283,0.3833691371285356,43,0.0,True,False,0.354,1.0,0.16279069767441862,0.16279069767441862,0.5,1.4122363209757154,164.21352569485063,10.0,47.93445592740876,116.27906976744187,0.9934888768312534,,materials_t0_active_audit_emulation;existing_public_WBM_labels_only;t1_current_MP_used_only_as_utility_audit;not_prospective_materials_discovery;not_DFT_evidence;not_materials_primary_headline
materials_discovery,ALIGNN-FF WBM,materials_alignn_exact_stable_alpha010_K300,300,0.1,0,parc_m_evidence_targeted,0.2,111721,22344,8624,0.38596491228070173,57,0.07017543859649122,True,False,0.2866666666666667,1.0,0.21052631578947367,0.21052631578947367,0.43333333333333335,2.946629809010008,163.70165605611155,10.0,9.756229125394135,52.63157894736842,0.9899620184481823,,materials_t0_active_audit_emulation;existing_public_WBM_labels_only;t1_current_MP_used_only_as_utility_audit;not_prospective_materials_discovery;not_DFT_evidence;not_materials_primary_headline
materials_discovery,ALIGNN-FF WBM,materials_alignn_exact_stable_alpha010_K500,500,0.1,0,parc_m_evidence_targeted,0.2,111721,22344,8624,0.38596491228070173,54,0.018518518518518517,True,False,0.354,1.0,0.16666666666666666,0.16666666666666666,0.5,1.7679778854060049,163.70165605611155,10.0,71.10906346351896,92.59259259259258,0.9899620184481823,,materials_t0_active_audit_emulation;existing_public_WBM_labels_only;t1_current_MP_used_only_as_utility_audit;not_prospective_materials_discovery;not_DFT_evidence;not_materials_primary_headline
materials_discovery,ALIGNN-FF WBM,materials_alignn_exact_stable_alpha010_K300,300,0.1,0,chgnet_mace_support_targeted,0.0,111721,0,0,0.0,0,0.0,False,False,0.2866666666666667,0.0,0.0,0.0,0.43333333333333335,0.2388908544531435,62.93248398461198,10.0,-7.654341811672916,,1.0,insufficient_high_e_mass_for_uniform_scs,materials_t0_active_audit_emulation;existing_public_WBM_labels_only;t1_current_MP_used_only_as_utility_audit;not_prospective_materials_discovery;not_DFT_evidence;not_materials_primary_headline
materials_discovery,ALIGNN-FF WBM,materials_alignn_exact_stable_alpha010_K500,500,0.1,0,chgnet_mace_support_targeted,0.0,111721,0,0,0.0,0,0.0,False,False,0.354,0.0,0.0,0.0,0.5,0.17419525093806693,62.93248398461198,10.0,-8.2732101931544,,1.0,insufficient_high_e_mass_for_uniform_scs,materials_t0_active_audit_emulation;existing_public_WBM_labels_only;t1_current_MP_used_only_as_utility_audit;not_prospective_materials_discovery;not_DFT_evidence;not_materials_primary_headline
materials_discovery,ALIGNN-FF WBM,materials_alignn_exact_stable_alpha010_K300,300,0.1,0,chgnet_mace_support_targeted,0.005,111721,559,134,0.23971377459749552,0,0.0,False,False,0.2866666666666667,0.0,0.0,0.0,0.43333333333333335,0.2447673955109345,62.90305834950196,10.0,-7.588535680126396,,0.9994574064026045,insufficient_high_e_mass_for_uniform_scs,materials_t0_active_audit_emulation;existing_public_WBM_labels_only;t1_current_MP_used_only_as_utility_audit;not_prospective_materials_discovery;not_DFT_evidence;not_materials_primary_headline
materials_discovery,ALIGNN-FF WBM,materials_alignn_exact_stable_alpha010_K500,500,0.1,0,chgnet_mace_support_targeted,0.005,111721,559,134,0.23971377459749552,0,0.0,False,False,0.354,0.0,0.0,0.0,0.5,0.17586592008422125,62.90305834950196,10.0,-8.256940266270547,,0.9994574064026045,insufficient_high_e_mass_for_uniform_scs,materials_t0_active_audit_emulation;existing_public_WBM_labels_only;t1_current_MP_used_only_as_utility_audit;not_prospective_materials_discovery;not_DFT_evidence;not_materials_primary_headline
materials_discovery,ALIGNN-FF WBM,materials_alignn_exact_stable_alpha010_K300,300,0.1,0,chgnet_mace_support_targeted,0.01,111721,1117,248,0.22202327663384064,0,0.0,False,False,0.2866666666666667,0.0,0.0,0.0,0.43333333333333335,0.24460613482884042,62.85891641507462,10.0,-7.5901198254346385,,0.9986435160065111,insufficient_high_e_mass_for_uniform_scs,materials_t0_active_audit_emulation;existing_public_WBM_labels_only;t1_current_MP_used_only_as_utility_audit;not_prospective_materials_discovery;not_DFT_evidence;not_materials_primary_headline
materials_discovery,ALIGNN-FF WBM,materials_alignn_exact_stable_alpha010_K500,500,0.1,0,chgnet_mace_support_targeted,0.01,111721,1117,248,0.22202327663384064,0,0.0,False,False,0.354,0.0,0.0,0.0,0.5,0.17663788217659132,62.85891641507462,10.0,-8.249437671088227,,0.9986435160065111,insufficient_high_e_mass_for_uniform_scs,materials_t0_active_audit_emulation;existing_public_WBM_labels_only;t1_current_MP_used_only_as_utility_audit;not_prospective_materials_discovery;not_DFT_evidence;not_materials_primary_headline
materials_discovery,ALIGNN-FF WBM,materials_alignn_exact_stable_alpha010_K300,300,0.1,0,chgnet_mace_support_targeted,0.02,111721,2234,400,0.17905102954341987,0,0.0,False,False,0.2866666666666667,0.0,0.0,0.0,0.43333333333333335,0.24444485421292034,62.81477029883024,10.0,-7.591704168530947,,0.9978296256104178,insufficient_high_e_mass_for_uniform_scs,materials_t0_active_audit_emulation;existing_public_WBM_labels_only;t1_current_MP_used_only_as_utility_audit;not_prospective_materials_discovery;not_DFT_evidence;not_materials_primary_headline
materials_discovery,ALIGNN-FF WBM,materials_alignn_exact_stable_alpha010_K500,500,0.1,0,chgnet_mace_support_targeted,0.02,111721,2234,400,0.17905102954341987,0,0.0,False,False,0.354,0.0,0.0,0.0,0.5,0.1774182640457315,62.81477029883024,10.0,-8.241854634578583,,0.9978296256104178,insufficient_high_e_mass_for_uniform_scs,materials_t0_active_audit_emulation;existing_public_WBM_labels_only;t1_current_MP_used_only_as_utility_audit;not_prospective_materials_discovery;not_DFT_evidence;not_materials_primary_headline
materials_discovery,ALIGNN-FF WBM,materials_alignn_exact_stable_alpha010_K300,300,0.1,0,chgnet_mace_support_targeted,0.05,111721,5586,1887,0.33780880773361976,57,0.07017543859649122,True,False,0.2866666666666667,1.0,0.21052631578947367,0.21052631578947367,0.43333333333333335,2.957969202436129,164.3316223575627,10.0,9.991843089250011,52.63157894736842,0.9943027672273467,,materials_t0_active_audit_emulation;existing_public_WBM_labels_only;t1_current_MP_used_only_as_utility_audit;not_prospective_materials_discovery;not_DFT_evidence;not_materials_primary_headline
materials_discovery,ALIGNN-FF WBM,materials_alignn_exact_stable_alpha010_K500,500,0.1,0,chgnet_mace_support_targeted,0.05,111721,5586,1887,0.33780880773361976,56,0.05357142857142857,True,False,0.354,1.0,0.19642857142857142,0.19642857142857142,0.5,1.7747815214616773,164.3316223575627,10.0,0.12127117756718064,89.28571428571428,0.9943027672273467,,materials_t0_active_audit_emulation;existing_public_WBM_labels_only;t1_current_MP_used_only_as_utility_audit;not_prospective_materials_discovery;not_DFT_evidence;not_materials_primary_headline
materials_discovery,ALIGNN-FF WBM,materials_alignn_exact_stable_alpha010_K300,300,0.1,0,chgnet_mace_support_targeted,0.1,111721,11172,3917,0.350608664518439,57,0.07017543859649122,True,False,0.2866666666666667,1.0,0.21052631578947367,0.21052631578947367,0.43333333333333335,2.9480475180828347,163.78041767126857,10.0,9.78568743257474,52.63157894736842,0.9905046120455778,,materials_t0_active_audit_emulation;existing_public_WBM_labels_only;t1_current_MP_used_only_as_utility_audit;not_prospective_materials_discovery;not_DFT_evidence;not_materials_primary_headline
materials_discovery,ALIGNN-FF WBM,materials_alignn_exact_stable_alpha010_K500,500,0.1,0,chgnet_mace_support_targeted,0.1,111721,11172,3917,0.350608664518439,54,0.018518518518518517,True,False,0.354,1.0,0.16666666666666666,0.16666666666666666,0.5,1.7688285108497006,163.78041767126857,10.0,71.18782507867598,92.59259259259258,0.9905046120455778,,materials_t0_active_audit_emulation;existing_public_WBM_labels_only;t1_current_MP_used_only_as_utility_audit;not_prospective_materials_discovery;not_DFT_evidence;not_materials_primary_headline
materials_discovery,ALIGNN-FF WBM,materials_alignn_exact_stable_alpha010_K300,300,0.1,0,chgnet_mace_support_targeted,0.2,111721,22344,7838,0.3507876834944504,57,0.07017543859649122,True,False,0.2866666666666667,1.0,0.21052631578947367,0.21052631578947367,0.43333333333333335,2.9359943875271624,163.11079930706455,10.0,9.535231855893628,52.63157894736842,0.9858925664677157,,materials_t0_active_audit_emulation;existing_public_WBM_labels_only;t1_current_MP_used_only_as_utility_audit;not_prospective_materials_discovery;not_DFT_evidence;not_materials_primary_headline
materials_discovery,ALIGNN-FF WBM,materials_alignn_exact_stable_alpha010_K500,500,0.1,0,chgnet_mace_support_targeted,0.2,111721,22344,7838,0.3507876834944504,54,0.018518518518518517,True,False,0.354,1.0,0.16666666666666666,0.16666666666666666,0.5,1.7615966325162975,163.11079930706455,10.0,70.51820671447197,92.59259259259258,0.9858925664677157,,materials_t0_active_audit_emulation;existing_public_WBM_labels_only;t1_current_MP_used_only_as_utility_audit;not_prospective_materials_discovery;not_DFT_evidence;not_materials_primary_headline
materials_discovery,ALIGNN-FF WBM,materials_alignn_exact_stable_alpha010_K300,300,0.1,0,mass_gain,0.0,111721,0,0,0.0,0,0.0,False,False,0.2866666666666667,0.0,0.0,0.0,0.43333333333333335,0.2388908544531435,62.93248398461198,10.0,-7.654341811672916,,1.0,insufficient_high_e_mass_for_uniform_scs,materials_t0_active_audit_emulation;existing_public_WBM_labels_only;t1_current_MP_used_only_as_utility_audit;not_prospective_materials_discovery;not_DFT_evidence;not_materials_primary_headline
materials_discovery,ALIGNN-FF WBM,materials_alignn_exact_stable_alpha010_K500,500,0.1,0,mass_gain,0.0,111721,0,0,0.0,0,0.0,False,False,0.354,0.0,0.0,0.0,0.5,0.17419525093806693,62.93248398461198,10.0,-8.2732101931544,,1.0,insufficient_high_e_mass_for_uniform_scs,materials_t0_active_audit_emulation;existing_public_WBM_labels_only;t1_current_MP_used_only_as_utility_audit;not_prospective_materials_discovery;not_DFT_evidence;not_materials_primary_headline
materials_discovery,ALIGNN-FF WBM,materials_alignn_exact_stable_alpha010_K300,300,0.1,0,mass_gain,0.005,111721,559,365,0.6529516994633273,0,0.0,False,False,0.2866666666666667,0.0,0.0,0.0,0.43333333333333335,0.37600141055367314,164.88260618657026,10.0,-6.485468365386639,,0.9981009224091155,insufficient_high_e_mass_for_uniform_scs,materials_t0_active_audit_emulation;existing_public_WBM_labels_only;t1_current_MP_used_only_as_utility_audit;not_prospective_materials_discovery;not_DFT_evidence;not_materials_primary_headline
materials_discovery,ALIGNN-FF WBM,materials_alignn_exact_stable_alpha010_K500,500,0.1,0,mass_gain,0.005,111721,559,365,0.6529516994633273,0,0.0,False,False,0.354,0.0,0.0,0.0,0.5,0.23511942076777353,164.88260618657026,10.0,-7.674010166547207,,0.9981009224091155,insufficient_high_e_mass_for_uniform_scs,materials_t0_active_audit_emulation;existing_public_WBM_labels_only;t1_current_MP_used_only_as_utility_audit;not_prospective_materials_discovery;not_DFT_evidence;not_materials_primary_headline
materials_discovery,ALIGNN-FF WBM,materials_alignn_exact_stable_alpha010_K300,300,0.1,0,mass_gain,0.01,111721,1117,587,0.5255147717099373,0,0.0,False,False,0.2866666666666667,0.0,0.0,0.0,0.43333333333333335,0.37539223673631705,164.60714181580366,10.0,-6.490905626132934,,0.9962018448182312,insufficient_high_e_mass_for_uniform_scs,materials_t0_active_audit_emulation;existing_public_WBM_labels_only;t1_current_MP_used_only_as_utility_audit;not_prospective_materials_discovery;not_DFT_evidence;not_materials_primary_headline
materials_discovery,ALIGNN-FF WBM,materials_alignn_exact_stable_alpha010_K500,500,0.1,0,mass_gain,0.01,111721,1117,587,0.5255147717099373,0,0.0,False,False,0.354,0.0,0.0,0.0,0.5,0.2347586319224988,164.60714181580366,10.0,-7.677577823128372,,0.9962018448182312,insufficient_high_e_mass_for_uniform_scs,materials_t0_active_audit_emulation;existing_public_WBM_labels_only;t1_current_MP_used_only_as_utility_audit;not_prospective_materials_discovery;not_DFT_evidence;not_materials_primary_headline
materials_discovery,ALIGNN-FF WBM,materials_alignn_exact_stable_alpha010_K300,300,0.1,0,mass_gain,0.02,111721,2234,1037,0.464189794091316,0,0.0,False,False,0.2866666666666667,0.0,0.0,0.0,0.43333333333333335,0.37408638145409523,164.01667536009418,10.0,-6.502562107902036,,0.9921323928377646,insufficient_high_e_mass_for_uniform_scs,materials_t0_active_audit_emulation;existing_public_WBM_labels_only;t1_current_MP_used_only_as_utility_audit;not_prospective_materials_discovery;not_DFT_evidence;not_materials_primary_headline
materials_discovery,ALIGNN-FF WBM,materials_alignn_exact_stable_alpha010_K500,500,0.1,0,mass_gain,0.02,111721,2234,1037,0.464189794091316,0,0.0,False,False,0.354,0.0,0.0,0.0,0.5,0.23398515734467393,164.01667536009418,10.0,-7.6852263233269875,,0.9921323928377646,insufficient_high_e_mass_for_uniform_scs,materials_t0_active_audit_emulation;existing_public_WBM_labels_only;t1_current_MP_used_only_as_utility_audit;not_prospective_materials_discovery;not_DFT_evidence;not_materials_primary_headline
materials_discovery,ALIGNN-FF WBM,materials_alignn_exact_stable_alpha010_K300,300,0.1,0,mass_gain,0.05,111721,5586,2048,0.3666308628714644,38,0.0,True,False,0.2866666666666667,1.0,0.15789473684210525,0.15789473684210525,0.43333333333333335,1.1231000725989115,162.95319430038478,10.0,9.718426784124588,78.94736842105263,0.9848073792729246,,materials_t0_active_audit_emulation;existing_public_WBM_labels_only;t1_current_MP_used_only_as_utility_audit;not_prospective_materials_discovery;not_DFT_evidence;not_materials_primary_headline
materials_discovery,ALIGNN-FF WBM,materials_alignn_exact_stable_alpha010_K500,500,0.1,0,mass_gain,0.05,111721,5586,2048,0.3666308628714644,0,0.0,False,False,0.354,0.0,0.0,0.0,0.5,0.6738600435593469,162.95319430038478,10.0,-7.0378111449542775,,0.9848073792729246,insufficient_high_e_mass_for_uniform_scs,materials_t0_active_audit_emulation;existing_public_WBM_labels_only;t1_current_MP_used_only_as_utility_audit;not_prospective_materials_discovery;not_DFT_evidence;not_materials_primary_headline
materials_discovery,ALIGNN-FF WBM,materials_alignn_exact_stable_alpha010_K300,300,0.1,0,mass_gain,0.1,111721,11172,3554,0.3181167203723595,53,0.018867924528301886,True,False,0.2866666666666667,1.0,0.1509433962264151,0.1509433962264151,0.43333333333333335,1.1201473358396228,162.51968641606186,10.0,5.3419337467893016,56.60377358490565,0.981823114487249,,materials_t0_active_audit_emulation;existing_public_WBM_labels_only;t1_current_MP_used_only_as_utility_audit;not_prospective_materials_discovery;not_DFT_evidence;not_materials_primary_headline
materials_discovery,ALIGNN-FF WBM,materials_alignn_exact_stable_alpha010_K500,500,0.1,0,mass_gain,0.1,111721,11172,3554,0.3181167203723595,0,0.0,False,False,0.354,0.0,0.0,0.0,0.5,0.6720884015037737,162.51968641606186,10.0,-6.552163952328787,,0.981823114487249,insufficient_high_e_mass_for_uniform_scs,materials_t0_active_audit_emulation;existing_public_WBM_labels_only;t1_current_MP_used_only_as_utility_audit;not_prospective_materials_discovery;not_DFT_evidence;not_materials_primary_headline
materials_discovery,ALIGNN-FF WBM,materials_alignn_exact_stable_alpha010_K300,300,0.1,0,mass_gain,0.2,111721,22344,6072,0.27175080558539205,54,0.018518518518518517,True,False,0.2866666666666667,1.0,0.16666666666666666,0.16666666666666666,0.43333333333333335,1.1185363276596356,162.28316925379025,10.0,6.301680530423276,55.55555555555555,0.9801953336950624,,materials_t0_active_audit_emulation;existing_public_WBM_labels_only;t1_current_MP_used_only_as_utility_audit;not_prospective_materials_discovery;not_DFT_evidence;not_materials_primary_headline
materials_discovery,ALIGNN-FF WBM,materials_alignn_exact_stable_alpha010_K500,500,0.1,0,mass_gain,0.2,111721,22344,6072,0.27175080558539205,0,0.0,False,False,0.354,0.0,0.0,0.0,0.5,0.6711217965957813,162.28316925379025,10.0,-6.478284800710684,,0.9801953336950624,insufficient_high_e_mass_for_uniform_scs,materials_t0_active_audit_emulation;existing_public_WBM_labels_only;t1_current_MP_used_only_as_utility_audit;not_prospective_materials_discovery;not_DFT_evidence;not_materials_primary_headline
materials_discovery,ALIGNN-FF WBM,materials_alignn_exact_stable_alpha010_K300,300,0.1,1,random,0.0,108479,0,0,0.0,0,0.0,False,False,0.21,0.0,0.0,0.0,0.34,0.3646110498329096,165.15801559604097,10.0,-6.856596517163055,,1.0,insufficient_high_e_mass_for_uniform_scs,materials_t0_active_audit_emulation;existing_public_WBM_labels_only;t1_current_MP_used_only_as_utility_audit;not_prospective_materials_discovery;not_DFT_evidence;not_materials_primary_headline
materials_discovery,ALIGNN-FF WBM,materials_alignn_exact_stable_alpha010_K500,500,0.1,1,random,0.0,108479,0,0,0.0,0,0.0,False,False,0.304,0.0,0.0,0.0,0.43,0.21876662989974577,165.15801559604097,10.0,-7.873409774995077,,1.0,insufficient_high_e_mass_for_uniform_scs,materials_t0_active_audit_emulation;existing_public_WBM_labels_only;t1_current_MP_used_only_as_utility_audit;not_prospective_materials_discovery;not_DFT_evidence;not_materials_primary_headline
materials_discovery,ALIGNN-FF WBM,materials_alignn_exact_stable_alpha010_K300,300,0.1,1,random,0.005,108479,542,82,0.15129151291512916,0,0.0,False,False,0.21,0.0,0.0,0.0,0.34,0.38057391594991646,165.15801559604097,10.0,-6.856596517163055,,1.0,insufficient_high_e_mass_for_uniform_scs,materials_t0_active_audit_emulation;existing_public_WBM_labels_only;t1_current_MP_used_only_as_utility_audit;not_prospective_materials_discovery;not_DFT_evidence;not_materials_primary_headline
materials_discovery,ALIGNN-FF WBM,materials_alignn_exact_stable_alpha010_K500,500,0.1,1,random,0.005,108479,542,82,0.15129151291512916,0,0.0,False,False,0.304,0.0,0.0,0.0,0.43,0.2283443495699499,165.15801559604097,10.0,-7.873409774995077,,1.0,insufficient_high_e_mass_for_uniform_scs,materials_t0_active_audit_emulation;existing_public_WBM_labels_only;t1_current_MP_used_only_as_utility_audit;not_prospective_materials_discovery;not_DFT_evidence;not_materials_primary_headline
materials_discovery,ALIGNN-FF WBM,materials_alignn_exact_stable_alpha010_K300,300,0.1,1,random,0.01,108479,1085,172,0.1585253456221198,0,0.0,False,False,0.21,0.0,0.0,0.0,0.34,0.3804878471862763,165.1186747548975,10.0,-6.8572882630217205,,0.9997287032013022,insufficient_high_e_mass_for_uniform_scs,materials_t0_active_audit_emulation;existing_public_WBM_labels_only;t1_current_MP_used_only_as_utility_audit;not_prospective_materials_discovery;not_DFT_evidence;not_materials_primary_headline
materials_discovery,ALIGNN-FF WBM,materials_alignn_exact_stable_alpha010_K500,500,0.1,1,random,0.01,108479,1085,172,0.1585253456221198,0,0.0,False,False,0.304,0.0,0.0,0.0,0.43,0.22829270831176582,165.1186747548975,10.0,-7.873873953143853,,0.9997287032013022,insufficient_high_e_mass_for_uniform_scs,materials_t0_active_audit_emulation;existing_public_WBM_labels_only;t1_current_MP_used_only_as_utility_audit;not_prospective_materials_discovery;not_DFT_evidence;not_materials_primary_headline
materials_discovery,ALIGNN-FF WBM,materials_alignn_exact_stable_alpha010_K300,300,0.1,1,random,0.02,108479,2170,304,0.1400921658986175,0,0.0,False,False,0.21,0.0,0.0,0.0,0.34,0.3804878471862763,165.1186747548975,10.0,-6.8572882630217205,,0.9997287032013022,insufficient_high_e_mass_for_uniform_scs,materials_t0_active_audit_emulation;existing_public_WBM_labels_only;t1_current_MP_used_only_as_utility_audit;not_prospective_materials_discovery;not_DFT_evidence;not_materials_primary_headline
materials_discovery,ALIGNN-FF WBM,materials_alignn_exact_stable_alpha010_K500,500,0.1,1,random,0.02,108479,2170,304,0.1400921658986175,0,0.0,False,False,0.304,0.0,0.0,0.0,0.43,0.22829270831176582,165.1186747548975,10.0,-7.873873953143853,,0.9997287032013022,insufficient_high_e_mass_for_uniform_scs,materials_t0_active_audit_emulation;existing_public_WBM_labels_only;t1_current_MP_used_only_as_utility_audit;not_prospective_materials_discovery;not_DFT_evidence;not_materials_primary_headline
materials_discovery,ALIGNN-FF WBM,materials_alignn_exact_stable_alpha010_K300,300,0.1,1,random,0.05,108479,5424,801,0.14767699115044247,0,0.0,False,False,0.21,0.0,0.0,0.0,0.34,0.38022962191664084,165.00064551324527,10.0,-6.797466484037507,,0.9989148128052089,insufficient_high_e_mass_for_uniform_scs,materials_t0_active_audit_emulation;existing_public_WBM_labels_only;t1_current_MP_used_only_as_utility_audit;not_prospective_materials_discovery;not_DFT_evidence;not_materials_primary_headline
materials_discovery,ALIGNN-FF WBM,materials_alignn_exact_stable_alpha010_K500,500,0.1,1,random,0.05,108479,5424,801,0.14767699115044247,0,0.0,False,False,0.304,0.0,0.0,0.0,0.43,0.22813777314998449,165.00064551324527,10.0,-7.835046117193629,,0.9989148128052089,insufficient_high_e_mass_for_uniform_scs,materials_t0_active_audit_emulation;existing_public_WBM_labels_only;t1_current_MP_used_only_as_utility_audit;not_prospective_materials_discovery;not_DFT_evidence;not_materials_primary_headline
materials_discovery,ALIGNN-FF WBM,materials_alignn_exact_stable_alpha010_K300,300,0.1,1,random,0.1,108479,10848,1597,0.14721607669616518,0,0.0,False,False,0.21,0.0,0.0,0.0,0.34,0.43888303722712074,164.88260618657026,10.0,-6.701744339943037,,0.9981009224091155,insufficient_high_e_mass_for_uniform_scs,materials_t0_active_audit_emulation;existing_public_WBM_labels_only;t1_current_MP_used_only_as_utility_audit;not_prospective_materials_discovery;not_DFT_evidence;not_materials_primary_headline
materials_discovery,ALIGNN-FF WBM,materials_alignn_exact_stable_alpha010_K500,500,0.1,1,random,0.1,108479,10848,1597,0.14721607669616518,0,0.0,False,False,0.304,0.0,0.0,0.0,0.43,0.26332982233627245,164.88260618657026,10.0,-7.78026911485103,,0.9981009224091155,insufficient_high_e_mass_for_uniform_scs,materials_t0_active_audit_emulation;existing_public_WBM_labels_only;t1_current_MP_used_only_as_utility_audit;not_prospective_materials_discovery;not_DFT_evidence;not_materials_primary_headline
materials_discovery,ALIGNN-FF WBM,materials_alignn_exact_stable_alpha010_K300,300,0.1,1,random,0.2,108479,21696,3243,0.1494745575221239,0,0.0,False,False,0.21,0.0,0.0,0.0,0.34,0.46191436225250876,164.76455676497005,10.0,-6.599531499096219,,0.9972870320130223,insufficient_high_e_mass_for_uniform_scs,materials_t0_active_audit_emulation;existing_public_WBM_labels_only;t1_current_MP_used_only_as_utility_audit;not_prospective_materials_discovery;not_DFT_evidence;not_materials_primary_headline
materials_discovery,ALIGNN-FF WBM,materials_alignn_exact_stable_alpha010_K500,500,0.1,1,random,0.2,108479,21696,3243,0.1494745575221239,0,0.0,False,False,0.304,0.0,0.0,0.0,0.43,0.27714861735150526,164.76455676497005,10.0,-7.752459000860231,,0.9972870320130223,insufficient_high_e_mass_for_uniform_scs,materials_t0_active_audit_emulation;existing_public_WBM_labels_only;t1_current_MP_used_only_as_utility_audit;not_prospective_materials_discovery;not_DFT_evidence;not_materials_primary_headline
materials_discovery,ALIGNN-FF WBM,materials_alignn_exact_stable_alpha010_K300,300,0.1,1,raw_score_targeted,0.0,108479,0,0,0.0,0,0.0,False,False,0.21,0.0,0.0,0.0,0.34,0.3646110498329096,165.15801559604097,10.0,-6.856596517163055,,1.0,insufficient_high_e_mass_for_uniform_scs,materials_t0_active_audit_emulation;existing_public_WBM_labels_only;t1_current_MP_used_only_as_utility_audit;not_prospective_materials_discovery;not_DFT_evidence;not_materials_primary_headline
materials_discovery,ALIGNN-FF WBM,materials_alignn_exact_stable_alpha010_K500,500,0.1,1,raw_score_targeted,0.0,108479,0,0,0.0,0,0.0,False,False,0.304,0.0,0.0,0.0,0.43,0.21876662989974577,165.15801559604097,10.0,-7.873409774995077,,1.0,insufficient_high_e_mass_for_uniform_scs,materials_t0_active_audit_emulation;existing_public_WBM_labels_only;t1_current_MP_used_only_as_utility_audit;not_prospective_materials_discovery;not_DFT_evidence;not_materials_primary_headline
materials_discovery,ALIGNN-FF WBM,materials_alignn_exact_stable_alpha010_K300,300,0.1,1,raw_score_targeted,0.005,108479,542,334,0.6162361623616236,166,0.10240963855421686,False,True,0.21,1.0,0.2710843373493976,0.2710843373493976,0.34,5.28002065642385,165.00064551324527,10.0,0.5369161250872949,18.072289156626503,0.9989148128052089,,materials_t0_active_audit_emulation;existing_public_WBM_labels_only;t1_current_MP_used_only_as_utility_audit;not_prospective_materials_discovery;not_DFT_evidence;not_materials_primary_headline
materials_discovery,ALIGNN-FF WBM,materials_alignn_exact_stable_alpha010_K500,500,0.1,1,raw_score_targeted,0.005,108479,542,334,0.6162361623616236,136,0.058823529411764705,True,False,0.304,1.0,0.25,0.25,0.43,3.1680123938543097,165.00064551324527,10.0,3.3807767692911384,36.764705882352935,0.9989148128052089,,materials_t0_active_audit_emulation;existing_public_WBM_labels_only;t1_current_MP_used_only_as_utility_audit;not_prospective_materials_discovery;not_DFT_evidence;not_materials_primary_headline
materials_discovery,ALIGNN-FF WBM,materials_alignn_exact_stable_alpha010_K300,300,0.1,1,raw_score_targeted,0.01,108479,1085,638,0.5880184331797235,166,0.10240963855421686,False,True,0.21,1.0,0.2710843373493976,0.2710843373493976,0.34,5.278761606146145,164.961300192067,10.0,0.5326648503141449,18.072289156626503,0.9986435160065111,,materials_t0_active_audit_emulation;existing_public_WBM_labels_only;t1_current_MP_used_only_as_utility_audit;not_prospective_materials_discovery;not_DFT_evidence;not_materials_primary_headline
materials_discovery,ALIGNN-FF WBM,materials_alignn_exact_stable_alpha010_K500,500,0.1,1,raw_score_targeted,0.01,108479,1085,638,0.5880184331797235,136,0.058823529411764705,True,False,0.304,1.0,0.25,0.25,0.43,3.167256963687687,164.961300192067,10.0,3.371464013769966,36.764705882352935,0.9986435160065111,,materials_t0_active_audit_emulation;existing_public_WBM_labels_only;t1_current_MP_used_only_as_utility_audit;not_prospective_materials_discovery;not_DFT_evidence;not_materials_primary_headline
materials_discovery,ALIGNN-FF WBM,materials_alignn_exact_stable_alpha010_K300,300,0.1,1,raw_score_targeted,0.02,108479,2170,1203,0.5543778801843318,166,0.10240963855421686,False,True,0.21,1.0,0.2710843373493976,0.2710843373493976,0.34,5.274984240048579,164.84325750151808,10.0,0.5199101228078149,18.072289156626503,0.9978296256104178,,materials_t0_active_audit_emulation;existing_public_WBM_labels_only;t1_current_MP_used_only_as_utility_audit;not_prospective_materials_discovery;not_DFT_evidence;not_materials_primary_headline
materials_discovery,ALIGNN-FF WBM,materials_alignn_exact_stable_alpha010_K500,500,0.1,1,raw_score_targeted,0.02,108479,2170,1203,0.5543778801843318,136,0.058823529411764705,True,False,0.304,1.0,0.25,0.25,0.43,3.164990544029148,164.84325750151808,10.0,3.34352390308684,36.764705882352935,0.9978296256104178,,materials_t0_active_audit_emulation;existing_public_WBM_labels_only;t1_current_MP_used_only_as_utility_audit;not_prospective_materials_discovery;not_DFT_evidence;not_materials_primary_headline
materials_discovery,ALIGNN-FF WBM,materials_alignn_exact_stable_alpha010_K300,300,0.1,1,raw_score_targeted,0.05,108479,5424,2541,0.4684734513274336,166,0.10240963855421686,False,True,0.21,1.0,0.2710843373493976,0.2710843373493976,0.34,5.264909683113412,164.52842759729413,10.0,0.4858908837867837,18.072289156626503,0.9956592512208355,,materials_t0_active_audit_emulation;existing_public_WBM_labels_only;t1_current_MP_used_only_as_utility_audit;not_prospective_materials_discovery;not_DFT_evidence;not_materials_primary_headline
materials_discovery,ALIGNN-FF WBM,materials_alignn_exact_stable_alpha010_K500,500,0.1,1,raw_score_targeted,0.05,108479,5424,2541,0.4684734513274336,136,0.058823529411764705,True,False,0.304,1.0,0.25,0.25,0.43,3.1589458098680474,164.52842759729413,10.0,3.2690033995991072,36.764705882352935,0.9956592512208355,,materials_t0_active_audit_emulation;existing_public_WBM_labels_only;t1_current_MP_used_only_as_utility_audit;not_prospective_materials_discovery;not_DFT_evidence;not_materials_primary_headline
materials_discovery,ALIGNN-FF WBM,materials_alignn_exact_stable_alpha010_K300,300,0.1,1,raw_score_targeted,0.1,108479,10848,4266,0.3932522123893805,166,0.10240963855421686,False,True,0.21,1.0,0.2710843373493976,0.2710843373493976,0.34,5.243493592266516,163.8591747583286,10.0,0.4135678681900927,18.072289156626503,0.9910472056429734,,materials_t0_active_audit_emulation;existing_public_WBM_labels_only;t1_current_MP_used_only_as_utility_audit;not_prospective_materials_discovery;not_DFT_evidence;not_materials_primary_headline
materials_discovery,ALIGNN-FF WBM,materials_alignn_exact_stable_alpha010_K500,500,0.1,1,raw_score_targeted,0.1,108479,10848,4266,0.3932522123893805,136,0.058823529411764705,True,False,0.304,1.0,0.25,0.25,0.43,3.1460961553599094,163.8591747583286,10.0,3.110581724467103,36.764705882352935,0.9910472056429734,,materials_t0_active_audit_emulation;existing_public_WBM_labels_only;t1_current_MP_used_only_as_utility_audit;not_prospective_materials_discovery;not_DFT_evidence;not_materials_primary_headline
materials_discovery,ALIGNN-FF WBM,materials_alignn_exact_stable_alpha010_K300,300,0.1,1,raw_score_targeted,0.2,108479,21696,8492,0.39140855457227136,166,0.10240963855421686,False,True,0.21,1.0,0.2710843373493976,0.2710843373493976,0.34,5.222067039310972,163.18959497846785,10.0,0.34120094364525144,18.072289156626503,0.9864351600651112,,materials_t0_active_audit_emulation;existing_public_WBM_labels_only;t1_current_MP_used_only_as_utility_audit;not_prospective_materials_discovery;not_DFT_evidence;not_materials_primary_headline
materials_discovery,ALIGNN-FF WBM,materials_alignn_exact_stable_alpha010_K500,500,0.1,1,raw_score_targeted,0.2,108479,21696,8492,0.39140855457227136,136,0.058823529411764705,True,False,0.304,1.0,0.25,0.25,0.43,3.1332402235865833,163.18959497846785,10.0,2.952070404871243,36.764705882352935,0.9864351600651112,,materials_t0_active_audit_emulation;existing_public_WBM_labels_only;t1_current_MP_used_only_as_utility_audit;not_prospective_materials_discovery;not_DFT_evidence;not_materials_primary_headline
materials_discovery,ALIGNN-FF WBM,materials_alignn_exact_stable_alpha010_K300,300,0.1,1,parc_m_evidence_targeted,0.0,108479,0,0,0.0,0,0.0,False,False,0.21,0.0,0.0,0.0,0.34,0.3646110498329096,165.15801559604097,10.0,-6.856596517163055,,1.0,insufficient_high_e_mass_for_uniform_scs,materials_t0_active_audit_emulation;existing_public_WBM_labels_only;t1_current_MP_used_only_as_utility_audit;not_prospective_materials_discovery;not_DFT_evidence;not_materials_primary_headline
materials_discovery,ALIGNN-FF WBM,materials_alignn_exact_stable_alpha010_K500,500,0.1,1,parc_m_evidence_targeted,0.0,108479,0,0,0.0,0,0.0,False,False,0.304,0.0,0.0,0.0,0.43,0.21876662989974577,165.15801559604097,10.0,-7.873409774995077,,1.0,insufficient_high_e_mass_for_uniform_scs,materials_t0_active_audit_emulation;existing_public_WBM_labels_only;t1_current_MP_used_only_as_utility_audit;not_prospective_materials_discovery;not_DFT_evidence;not_materials_primary_headline
materials_discovery,ALIGNN-FF WBM,materials_alignn_exact_stable_alpha010_K300,300,0.1,1,parc_m_evidence_targeted,0.005,108479,542,329,0.6070110701107011,129,0.046511627906976744,True,False,0.21,1.0,0.24031007751937986,0.24031007751937986,0.34,3.962848194117541,165.1186747548975,10.0,0.7187362523079805,23.25581395348837,0.9997287032013022,,materials_t0_active_audit_emulation;existing_public_WBM_labels_only;t1_current_MP_used_only_as_utility_audit;not_prospective_materials_discovery;not_DFT_evidence;not_materials_primary_headline
materials_discovery,ALIGNN-FF WBM,materials_alignn_exact_stable_alpha010_K500,500,0.1,1,parc_m_evidence_targeted,0.005,108479,542,329,0.6070110701107011,96,0.0,True,False,0.304,1.0,0.22916666666666666,0.22916666666666666,0.43,2.3777089164705245,165.1186747548975,10.0,10.834438065738397,52.08333333333333,0.9997287032013022,,materials_t0_active_audit_emulation;existing_public_WBM_labels_only;t1_current_MP_used_only_as_utility_audit;not_prospective_materials_discovery;not_DFT_evidence;not_materials_primary_headline
materials_discovery,ALIGNN-FF WBM,materials_alignn_exact_stable_alpha010_K300,300,0.1,1,parc_m_evidence_targeted,0.01,108479,1085,629,0.5797235023041475,134,0.05223880597014925,True,False,0.21,1.0,0.2462686567164179,0.2462686567164179,0.34,3.961903987063063,165.0793327942943,10.0,1.5809901047083237,22.388059701492537,0.9994574064026045,,materials_t0_active_audit_emulation;existing_public_WBM_labels_only;t1_current_MP_used_only_as_utility_audit;not_prospective_materials_discovery;not_DFT_evidence;not_materials_primary_headline
materials_discovery,ALIGNN-FF WBM,materials_alignn_exact_stable_alpha010_K500,500,0.1,1,parc_m_evidence_targeted,0.01,108479,1085,629,0.5797235023041475,96,0.0,True,False,0.304,1.0,0.22916666666666666,0.22916666666666666,0.43,2.3771423922378374,165.0793327942943,10.0,10.819725016168633,52.08333333333333,0.9994574064026045,,materials_t0_active_audit_emulation;existing_public_WBM_labels_only;t1_current_MP_used_only_as_utility_audit;not_prospective_materials_discovery;not_DFT_evidence;not_materials_primary_headline
materials_discovery,ALIGNN-FF WBM,materials_alignn_exact_stable_alpha010_K300,300,0.1,1,parc_m_evidence_targeted,0.02,108479,2170,1190,0.5483870967741935,134,0.05223880597014925,True,False,0.21,1.0,0.2462686567164179,0.2462686567164179,0.34,3.961903987063063,165.0793327942943,10.0,1.5809901047083237,22.388059701492537,0.9994574064026045,,materials_t0_active_audit_emulation;existing_public_WBM_labels_only;t1_current_MP_used_only_as_utility_audit;not_prospective_materials_discovery;not_DFT_evidence;not_materials_primary_headline
materials_discovery,ALIGNN-FF WBM,materials_alignn_exact_stable_alpha010_K500,500,0.1,1,parc_m_evidence_targeted,0.02,108479,2170,1190,0.5483870967741935,96,0.0,True,False,0.304,1.0,0.22916666666666666,0.22916666666666666,0.43,2.3771423922378374,165.0793327942943,10.0,10.819725016168633,52.08333333333333,0.9994574064026045,,materials_t0_active_audit_emulation;existing_public_WBM_labels_only;t1_current_MP_used_only_as_utility_audit;not_prospective_materials_discovery;not_DFT_evidence;not_materials_primary_headline
materials_discovery,ALIGNN-FF WBM,materials_alignn_exact_stable_alpha010_K300,300,0.1,1,parc_m_evidence_targeted,0.05,108479,5424,2517,0.46404867256637167,145,0.07586206896551724,True,False,0.21,1.0,0.25517241379310346,0.25517241379310346,0.34,4.340872447539976,164.84325750151808,10.0,1.1310101985283474,20.689655172413794,0.9978296256104178,,materials_t0_active_audit_emulation;existing_public_WBM_labels_only;t1_current_MP_used_only_as_utility_audit;not_prospective_materials_discovery;not_DFT_evidence;not_materials_primary_headline
materials_discovery,ALIGNN-FF WBM,materials_alignn_exact_stable_alpha010_K500,500,0.1,1,parc_m_evidence_targeted,0.05,108479,5424,2517,0.46404867256637167,103,0.0,True,False,0.304,1.0,0.22330097087378642,0.22330097087378642,0.43,2.6045234685239858,164.84325750151808,10.0,0.24736219120818959,48.543689320388346,0.9978296256104178,,materials_t0_active_audit_emulation;existing_public_WBM_labels_only;t1_current_MP_used_only_as_utility_audit;not_prospective_materials_discovery;not_DFT_evidence;not_materials_primary_headline
materials_discovery,ALIGNN-FF WBM,materials_alignn_exact_stable_alpha010_K300,300,0.1,1,parc_m_evidence_targeted,0.1,108479,10848,4232,0.39011799410029496,147,0.07482993197278912,True,False,0.21,1.0,0.2653061224489796,0.2653061224489796,0.34,4.325326165915147,164.25289237652456,10.0,1.337390105009252,20.408163265306122,0.9937601736299512,,materials_t0_active_audit_emulation;existing_public_WBM_labels_only;t1_current_MP_used_only_as_utility_audit;not_prospective_materials_discovery;not_DFT_evidence;not_materials_primary_headline
materials_discovery,ALIGNN-FF WBM,materials_alignn_exact_stable_alpha010_K500,500,0.1,1,parc_m_evidence_targeted,0.1,108479,10848,4232,0.39011799410029496,106,0.009433962264150943,True,False,0.304,1.0,0.22641509433962265,0.22641509433962265,0.43,2.5951956995490884,164.25289237652456,10.0,1.450588136944333,47.16981132075471,0.9937601736299512,,materials_t0_active_audit_emulation;existing_public_WBM_labels_only;t1_current_MP_used_only_as_utility_audit;not_prospective_materials_discovery;not_DFT_evidence;not_materials_primary_headline
materials_discovery,ALIGNN-FF WBM,materials_alignn_exact_stable_alpha010_K300,300,0.1,1,parc_m_evidence_targeted,0.2,108479,21696,8547,0.39394358407079644,166,0.10240963855421686,False,True,0.21,1.0,0.2710843373493976,0.2710843373493976,0.34,5.23467216437296,163.583505136655,10.0,0.3837750549830581,18.072289156626503,0.989148128052089,,materials_t0_active_audit_emulation;existing_public_WBM_labels_only;t1_current_MP_used_only_as_utility_audit;not_prospective_materials_discovery;not_DFT_evidence;not_materials_primary_headline
materials_discovery,ALIGNN-FF WBM,materials_alignn_exact_stable_alpha010_K500,500,0.1,1,parc_m_evidence_targeted,0.2,108479,21696,8547,0.39394358407079644,136,0.058823529411764705,True,False,0.304,1.0,0.25,0.25,0.43,3.1408032986237764,163.583505136655,10.0,3.045323243474485,36.764705882352935,0.989148128052089,,materials_t0_active_audit_emulation;existing_public_WBM_labels_only;t1_current_MP_used_only_as_utility_audit;not_prospective_materials_discovery;not_DFT_evidence;not_materials_primary_headline
materials_discovery,ALIGNN-FF WBM,materials_alignn_exact_stable_alpha010_K300,300,0.1,1,chgnet_mace_support_targeted,0.0,108479,0,0,0.0,0,0.0,False,False,0.21,0.0,0.0,0.0,0.34,0.3646110498329096,165.15801559604097,10.0,-6.856596517163055,,1.0,insufficient_high_e_mass_for_uniform_scs,materials_t0_active_audit_emulation;existing_public_WBM_labels_only;t1_current_MP_used_only_as_utility_audit;not_prospective_materials_discovery;not_DFT_evidence;not_materials_primary_headline
materials_discovery,ALIGNN-FF WBM,materials_alignn_exact_stable_alpha010_K500,500,0.1,1,chgnet_mace_support_targeted,0.0,108479,0,0,0.0,0,0.0,False,False,0.304,0.0,0.0,0.0,0.43,0.21876662989974577,165.15801559604097,10.0,-7.873409774995077,,1.0,insufficient_high_e_mass_for_uniform_scs,materials_t0_active_audit_emulation;existing_public_WBM_labels_only;t1_current_MP_used_only_as_utility_audit;not_prospective_materials_discovery;not_DFT_evidence;not_materials_primary_headline
materials_discovery,ALIGNN-FF WBM,materials_alignn_exact_stable_alpha010_K300,300,0.1,1,chgnet_mace_support_targeted,0.005,108479,542,122,0.22509225092250923,0,0.0,False,False,0.21,0.0,0.0,0.0,0.34,0.38031570017071226,165.03998971386562,10.0,-6.732180151062541,,0.9991861096039066,insufficient_high_e_mass_for_uniform_scs,materials_t0_active_audit_emulation;existing_public_WBM_labels_only;t1_current_MP_used_only_as_utility_audit;not_prospective_materials_discovery;not_DFT_evidence;not_materials_primary_headline
materials_discovery,ALIGNN-FF WBM,materials_alignn_exact_stable_alpha010_K500,500,0.1,1,chgnet_mace_support_targeted,0.005,108479,542,122,0.22509225092250923,0,0.0,False,False,0.304,0.0,0.0,0.0,0.43,0.22818942010242738,165.03998971386562,10.0,-7.820798328320651,,0.9991861096039066,insufficient_high_e_mass_for_uniform_scs,materials_t0_active_audit_emulation;existing_public_WBM_labels_only;t1_current_MP_used_only_as_utility_audit;not_prospective_materials_discovery;not_DFT_evidence;not_materials_primary_headline
materials_discovery,ALIGNN-FF WBM,materials_alignn_exact_stable_alpha010_K300,300,0.1,1,chgnet_mace_support_targeted,0.01,108479,1085,226,0.20829493087557605,0,0.0,False,False,0.21,0.0,0.0,0.0,0.34,0.3801435404969437,164.961300192067,10.0,-6.733620739742113,,0.9986435160065111,insufficient_high_e_mass_for_uniform_scs,materials_t0_active_audit_emulation;existing_public_WBM_labels_only;t1_current_MP_used_only_as_utility_audit;not_prospective_materials_discovery;not_DFT_evidence;not_materials_primary_headline
materials_discovery,ALIGNN-FF WBM,materials_alignn_exact_stable_alpha010_K500,500,0.1,1,chgnet_mace_support_targeted,0.01,108479,1085,226,0.20829493087557605,0,0.0,False,False,0.304,0.0,0.0,0.0,0.43,0.22808612429816622,164.961300192067,10.0,-7.8217509164099335,,0.9986435160065111,insufficient_high_e_mass_for_uniform_scs,materials_t0_active_audit_emulation;existing_public_WBM_labels_only;t1_current_MP_used_only_as_utility_audit;not_prospective_materials_discovery;not_DFT_evidence;not_materials_primary_headline
materials_discovery,ALIGNN-FF WBM,materials_alignn_exact_stable_alpha010_K300,300,0.1,1,chgnet_mace_support_targeted,0.02,108479,2170,372,0.17142857142857143,0,0.0,False,False,0.21,0.0,0.0,0.0,0.34,0.38005745591054535,164.9219537499643,10.0,-6.734341078061043,,0.9983722192078134,insufficient_high_e_mass_for_uniform_scs,materials_t0_active_audit_emulation;existing_public_WBM_labels_only;t1_current_MP_used_only_as_utility_audit;not_prospective_materials_discovery;not_DFT_evidence;not_materials_primary_headline
materials_discovery,ALIGNN-FF WBM,materials_alignn_exact_stable_alpha010_K500,500,0.1,1,chgnet_mace_support_targeted,0.02,108479,2170,372,0.17142857142857143,0,0.0,False,False,0.304,0.0,0.0,0.0,0.43,0.2280344735463272,164.9219537499643,10.0,-7.822227240398854,,0.9983722192078134,insufficient_high_e_mass_for_uniform_scs,materials_t0_active_audit_emulation;existing_public_WBM_labels_only;t1_current_MP_used_only_as_utility_audit;not_prospective_materials_discovery;not_DFT_evidence;not_materials_primary_headline
materials_discovery,ALIGNN-FF WBM,materials_alignn_exact_stable_alpha010_K300,300,0.1,1,chgnet_mace_support_targeted,0.05,108479,5424,1780,0.3281710914454277,166,0.10240963855421686,False,True,0.21,1.0,0.2710843373493976,0.2710843373493976,0.34,5.264909683113412,164.52842759729413,10.0,0.4858908837867837,18.072289156626503,0.9956592512208355,,materials_t0_active_audit_emulation;existing_public_WBM_labels_only;t1_current_MP_used_only_as_utility_audit;not_prospective_materials_discovery;not_DFT_evidence;not_materials_primary_headline
materials_discovery,ALIGNN-FF WBM,materials_alignn_exact_stable_alpha010_K500,500,0.1,1,chgnet_mace_support_targeted,0.05,108479,5424,1780,0.3281710914454277,136,0.058823529411764705,True,False,0.304,1.0,0.25,0.25,0.43,3.1589458098680474,164.52842759729413,10.0,3.2690033995991072,36.764705882352935,0.9956592512208355,,materials_t0_active_audit_emulation;existing_public_WBM_labels_only;t1_current_MP_used_only_as_utility_audit;not_prospective_materials_discovery;not_DFT_evidence;not_materials_primary_headline
materials_discovery,ALIGNN-FF WBM,materials_alignn_exact_stable_alpha010_K300,300,0.1,1,chgnet_mace_support_targeted,0.1,108479,10848,3808,0.35103244837758113,166,0.10240963855421686,False,True,0.21,1.0,0.2710843373493976,0.2710843373493976,0.34,5.246013674248857,163.93792732027677,10.0,0.4220787323582833,18.072289156626503,0.9915897992403689,,materials_t0_active_audit_emulation;existing_public_WBM_labels_only;t1_current_MP_used_only_as_utility_audit;not_prospective_materials_discovery;not_DFT_evidence;not_materials_primary_headline
materials_discovery,ALIGNN-FF WBM,materials_alignn_exact_stable_alpha010_K500,500,0.1,1,chgnet_mace_support_targeted,0.1,108479,10848,3808,0.35103244837758113,136,0.058823529411764705,True,False,0.304,1.0,0.25,0.25,0.43,3.1476082045493143,163.93792732027677,10.0,3.1292242114985527,36.764705882352935,0.9915897992403689,,materials_t0_active_audit_emulation;existing_public_WBM_labels_only;t1_current_MP_used_only_as_utility_audit;not_prospective_materials_discovery;not_DFT_evidence;not_materials_primary_headline
materials_discovery,ALIGNN-FF WBM,materials_alignn_exact_stable_alpha010_K300,300,0.1,1,chgnet_mace_support_targeted,0.2,108479,21696,7756,0.3574852507374631,166,0.10240963855421686,False,True,0.21,1.0,0.2710843373493976,0.2710843373493976,0.34,5.2208063267769536,163.15019771177978,10.0,0.3369426928769528,18.072289156626503,0.9861638632664135,,materials_t0_active_audit_emulation;existing_public_WBM_labels_only;t1_current_MP_used_only_as_utility_audit;not_prospective_materials_discovery;not_DFT_evidence;not_materials_primary_headline
materials_discovery,ALIGNN-FF WBM,materials_alignn_exact_stable_alpha010_K500,500,0.1,1,chgnet_mace_support_targeted,0.2,108479,21696,7756,0.3574852507374631,136,0.058823529411764705,True,False,0.304,1.0,0.25,0.25,0.43,3.132483796066172,163.15019771177978,10.0,2.942743406897172,36.764705882352935,0.9861638632664135,,materials_t0_active_audit_emulation;existing_public_WBM_labels_only;t1_current_MP_used_only_as_utility_audit;not_prospective_materials_discovery;not_DFT_evidence;not_materials_primary_headline
materials_discovery,ALIGNN-FF WBM,materials_alignn_exact_stable_alpha010_K300,300,0.1,1,mass_gain,0.0,108479,0,0,0.0,0,0.0,False,False,0.21,0.0,0.0,0.0,0.34,0.3646110498329096,165.15801559604097,10.0,-6.856596517163055,,1.0,insufficient_high_e_mass_for_uniform_scs,materials_t0_active_audit_emulation;existing_public_WBM_labels_only;t1_current_MP_used_only_as_utility_audit;not_prospective_materials_discovery;not_DFT_evidence;not_materials_primary_headline
materials_discovery,ALIGNN-FF WBM,materials_alignn_exact_stable_alpha010_K500,500,0.1,1,mass_gain,0.0,108479,0,0,0.0,0,0.0,False,False,0.304,0.0,0.0,0.0,0.43,0.21876662989974577,165.15801559604097,10.0,-7.873409774995077,,1.0,insufficient_high_e_mass_for_uniform_scs,materials_t0_active_audit_emulation;existing_public_WBM_labels_only;t1_current_MP_used_only_as_utility_audit;not_prospective_materials_discovery;not_DFT_evidence;not_materials_primary_headline
materials_discovery,ALIGNN-FF WBM,materials_alignn_exact_stable_alpha010_K300,300,0.1,1,mass_gain,0.005,108479,542,368,0.6789667896678967,19,0.0,True,False,0.21,1.0,0.21052631578947367,0.21052631578947367,0.34,1.0447549012164243,164.961300192067,10.0,7.06656334996174,157.89473684210526,0.9986435160065111,,materials_t0_active_audit_emulation;existing_public_WBM_labels_only;t1_current_MP_used_only_as_utility_audit;not_prospective_materials_discovery;not_DFT_evidence;not_materials_primary_headline
materials_discovery,ALIGNN-FF WBM,materials_alignn_exact_stable_alpha010_K500,500,0.1,1,mass_gain,0.005,108479,542,368,0.6789667896678967,0,0.0,False,False,0.304,0.0,0.0,0.0,0.43,0.6268529407298546,164.961300192067,10.0,-6.849476839427879,,0.9986435160065111,insufficient_high_e_mass_for_uniform_scs,materials_t0_active_audit_emulation;existing_public_WBM_labels_only;t1_current_MP_used_only_as_utility_audit;not_prospective_materials_discovery;not_DFT_evidence;not_materials_primary_headline
materials_discovery,ALIGNN-FF WBM,materials_alignn_exact_stable_alpha010_K300,300,0.1,1,mass_gain,0.01,108479,1085,620,0.5714285714285714,19,0.0,True,False,0.21,1.0,0.21052631578947367,0.21052631578947367,0.34,1.0430103930700716,164.6858515373797,10.0,6.791114695274445,157.89473684210526,0.9967444384156267,,materials_t0_active_audit_emulation;existing_public_WBM_labels_only;t1_current_MP_used_only_as_utility_audit;not_prospective_materials_discovery;not_DFT_evidence;not_materials_primary_headline
materials_discovery,ALIGNN-FF WBM,materials_alignn_exact_stable_alpha010_K500,500,0.1,1,mass_gain,0.01,108479,1085,620,0.5714285714285714,0,0.0,False,False,0.304,0.0,0.0,0.0,0.43,0.625806235842043,164.6858515373797,10.0,-6.854368863324125,,0.9967444384156267,insufficient_high_e_mass_for_uniform_scs,materials_t0_active_audit_emulation;existing_public_WBM_labels_only;t1_current_MP_used_only_as_utility_audit;not_prospective_materials_discovery;not_DFT_evidence;not_materials_primary_headline
materials_discovery,ALIGNN-FF WBM,materials_alignn_exact_stable_alpha010_K300,300,0.1,1,mass_gain,0.02,108479,2170,1055,0.4861751152073733,19,0.0,True,False,0.21,1.0,0.21052631578947367,0.21052631578947367,0.34,1.0392709862448084,164.0954188807592,10.0,6.200682038653952,157.89473684210526,0.9926749864351601,,materials_t0_active_audit_emulation;existing_public_WBM_labels_only;t1_current_MP_used_only_as_utility_audit;not_prospective_materials_discovery;not_DFT_evidence;not_materials_primary_headline
materials_discovery,ALIGNN-FF WBM,materials_alignn_exact_stable_alpha010_K500,500,0.1,1,mass_gain,0.02,108479,2170,1055,0.4861751152073733,0,0.0,False,False,0.304,0.0,0.0,0.0,0.43,0.623562591746885,164.0954188807592,10.0,-6.86485649110886,,0.9926749864351601,insufficient_high_e_mass_for_uniform_scs,materials_t0_active_audit_emulation;existing_public_WBM_labels_only;t1_current_MP_used_only_as_utility_audit;not_prospective_materials_discovery;not_DFT_evidence;not_materials_primary_headline
materials_discovery,ALIGNN-FF WBM,materials_alignn_exact_stable_alpha010_K300,300,0.1,1,mass_gain,0.05,108479,5424,2037,0.37555309734513276,145,0.07586206896551724,True,False,0.21,1.0,0.25517241379310346,0.25517241379310346,0.34,2.338771225017657,163.22899110750544,10.0,0.9256102594064117,20.689655172413794,0.986706456863809,,materials_t0_active_audit_emulation;existing_public_WBM_labels_only;t1_current_MP_used_only_as_utility_audit;not_prospective_materials_discovery;not_DFT_evidence;not_materials_primary_headline
materials_discovery,ALIGNN-FF WBM,materials_alignn_exact_stable_alpha010_K500,500,0.1,1,mass_gain,0.05,108479,5424,2037,0.37555309734513276,106,0.009433962264150943,True,False,0.304,1.0,0.22641509433962265,0.22641509433962265,0.43,1.403262735010594,163.22899110750544,10.0,1.1545935506254636,47.16981132075471,0.986706456863809,,materials_t0_active_audit_emulation;existing_public_WBM_labels_only;t1_current_MP_used_only_as_utility_audit;not_prospective_materials_discovery;not_DFT_evidence;not_materials_primary_headline
materials_discovery,ALIGNN-FF WBM,materials_alignn_exact_stable_alpha010_K300,300,0.1,1,mass_gain,0.1,108479,10848,3418,0.3150811209439528,166,0.10240963855421686,False,True,0.21,1.0,0.2710843373493976,0.2710843373493976,0.34,5.194322932625696,162.32259164455297,10.0,0.24748403300916877,18.072289156626503,0.9804666304937601,,materials_t0_active_audit_emulation;existing_public_WBM_labels_only;t1_current_MP_used_only_as_utility_audit;not_prospective_materials_discovery;not_DFT_evidence;not_materials_primary_headline
materials_discovery,ALIGNN-FF WBM,materials_alignn_exact_stable_alpha010_K500,500,0.1,1,mass_gain,0.1,108479,10848,3418,0.3150811209439528,136,0.058823529411764705,True,False,0.304,1.0,0.25,0.25,0.43,3.1165937595754176,162.32259164455297,10.0,2.7468041958303004,36.764705882352935,0.9804666304937601,,materials_t0_active_audit_emulation;existing_public_WBM_labels_only;t1_current_MP_used_only_as_utility_audit;not_prospective_materials_discovery;not_DFT_evidence;not_materials_primary_headline
materials_discovery,ALIGNN-FF WBM,materials_alignn_exact_stable_alpha010_K300,300,0.1,1,mass_gain,0.2,108479,21696,6018,0.2773783185840708,166,0.10240963855421686,False,True,0.21,1.0,0.2710843373493976,0.2710843373493976,0.34,5.188014983140392,162.12546822313723,10.0,0.22617436198833119,18.072289156626503,0.9791101465002713,,materials_t0_active_audit_emulation;existing_public_WBM_labels_only;t1_current_MP_used_only_as_utility_audit;not_prospective_materials_discovery;not_DFT_evidence;not_materials_primary_headline
materials_discovery,ALIGNN-FF WBM,materials_alignn_exact_stable_alpha010_K500,500,0.1,1,mass_gain,0.2,108479,21696,6018,0.2773783185840708,136,0.058823529411764705,True,False,0.304,1.0,0.25,0.25,0.43,3.1128089898842353,162.12546822313723,10.0,2.7001316093328995,36.764705882352935,0.9791101465002713,,materials_t0_active_audit_emulation;existing_public_WBM_labels_only;t1_current_MP_used_only_as_utility_audit;not_prospective_materials_discovery;not_DFT_evidence;not_materials_primary_headline
materials_discovery,ALIGNN-FF WBM,materials_alignn_exact_stable_alpha010_K300,300,0.1,2,random,0.0,108104,0,0,0.0,0,0.0,False,False,0.19,0.0,0.0,0.0,0.3,0.3924668508233513,89.85131832062358,10.0,-7.400957019156433,,1.0,insufficient_high_e_mass_for_uniform_scs,materials_t0_active_audit_emulation;existing_public_WBM_labels_only;t1_current_MP_used_only_as_utility_audit;not_prospective_materials_discovery;not_DFT_evidence;not_materials_primary_headline
materials_discovery,ALIGNN-FF WBM,materials_alignn_exact_stable_alpha010_K500,500,0.1,2,random,0.0,108104,0,0,0.0,0,0.0,False,False,0.28,0.0,0.0,0.0,0.372,0.23548011049401077,89.85131832062358,10.0,-8.238790939121824,,1.0,insufficient_high_e_mass_for_uniform_scs,materials_t0_active_audit_emulation;existing_public_WBM_labels_only;t1_current_MP_used_only_as_utility_audit;not_prospective_materials_discovery;not_DFT_evidence;not_materials_primary_headline
materials_discovery,ALIGNN-FF WBM,materials_alignn_exact_stable_alpha010_K300,300,0.1,2,random,0.005,108104,541,81,0.14972273567467653,0,0.0,False,False,0.19,0.0,0.0,0.0,0.3,0.3923780924108474,89.83016605842151,10.0,-7.401526708623541,,0.9997287032013022,insufficient_high_e_mass_for_uniform_scs,materials_t0_active_audit_emulation;existing_public_WBM_labels_only;t1_current_MP_used_only_as_utility_audit;not_prospective_materials_discovery;not_DFT_evidence;not_materials_primary_headline
materials_discovery,ALIGNN-FF WBM,materials_alignn_exact_stable_alpha010_K500,500,0.1,2,random,0.005,108104,541,81,0.14972273567467653,0,0.0,False,False,0.28,0.0,0.0,0.0,0.372,0.23542685544650846,89.83016605842151,10.0,-8.239173844060476,,0.9997287032013022,insufficient_high_e_mass_for_uniform_scs,materials_t0_active_audit_emulation;existing_public_WBM_labels_only;t1_current_MP_used_only_as_utility_audit;not_prospective_materials_discovery;not_DFT_evidence;not_materials_primary_headline
materials_discovery,ALIGNN-FF WBM,materials_alignn_exact_stable_alpha010_K300,300,0.1,2,random,0.01,108104,1081,150,0.13876040703052728,0,0.0,False,False,0.19,0.0,0.0,0.0,0.3,0.3923780924108474,89.83016605842151,10.0,-7.401526708623541,,0.9997287032013022,insufficient_high_e_mass_for_uniform_scs,materials_t0_active_audit_emulation;existing_public_WBM_labels_only;t1_current_MP_used_only_as_utility_audit;not_prospective_materials_discovery;not_DFT_evidence;not_materials_primary_headline
materials_discovery,ALIGNN-FF WBM,materials_alignn_exact_stable_alpha010_K500,500,0.1,2,random,0.01,108104,1081,150,0.13876040703052728,0,0.0,False,False,0.28,0.0,0.0,0.0,0.372,0.23542685544650846,89.83016605842151,10.0,-8.239173844060476,,0.9997287032013022,insufficient_high_e_mass_for_uniform_scs,materials_t0_active_audit_emulation;existing_public_WBM_labels_only;t1_current_MP_used_only_as_utility_audit;not_prospective_materials_discovery;not_DFT_evidence;not_materials_primary_headline
materials_discovery,ALIGNN-FF WBM,materials_alignn_exact_stable_alpha010_K300,300,0.1,2,random,0.02,108104,2162,305,0.1410730804810361,0,0.0,False,False,0.19,0.0,0.0,0.0,0.3,0.3923780924108474,89.83016605842151,10.0,-7.401526708623541,,0.9997287032013022,insufficient_high_e_mass_for_uniform_scs,materials_t0_active_audit_emulation;existing_public_WBM_labels_only;t1_current_MP_used_only_as_utility_audit;not_prospective_materials_discovery;not_DFT_evidence;not_materials_primary_headline
materials_discovery,ALIGNN-FF WBM,materials_alignn_exact_stable_alpha010_K500,500,0.1,2,random,0.02,108104,2162,305,0.1410730804810361,0,0.0,False,False,0.28,0.0,0.0,0.0,0.372,0.23542685544650846,89.83016605842151,10.0,-8.239173844060476,,0.9997287032013022,insufficient_high_e_mass_for_uniform_scs,materials_t0_active_audit_emulation;existing_public_WBM_labels_only;t1_current_MP_used_only_as_utility_audit;not_prospective_materials_discovery;not_DFT_evidence;not_materials_primary_headline
materials_discovery,ALIGNN-FF WBM,materials_alignn_exact_stable_alpha010_K300,300,0.1,2,random,0.05,108104,5405,807,0.14930619796484737,0,0.0,False,False,0.19,0.0,0.0,0.0,0.3,0.3923780924108474,89.83016605842151,10.0,-7.3811622051919095,,0.9997287032013022,insufficient_high_e_mass_for_uniform_scs,materials_t0_active_audit_emulation;existing_public_WBM_labels_only;t1_current_MP_used_only_as_utility_audit;not_prospective_materials_discovery;not_DFT_evidence;not_materials_primary_headline
materials_discovery,ALIGNN-FF WBM,materials_alignn_exact_stable_alpha010_K500,500,0.1,2,random,0.05,108104,5405,807,0.14930619796484737,0,0.0,False,False,0.28,0.0,0.0,0.0,0.372,0.23542685544650846,89.83016605842151,10.0,-8.230340267276402,,0.9997287032013022,insufficient_high_e_mass_for_uniform_scs,materials_t0_active_audit_emulation;existing_public_WBM_labels_only;t1_current_MP_used_only_as_utility_audit;not_prospective_materials_discovery;not_DFT_evidence;not_materials_primary_headline
materials_discovery,ALIGNN-FF WBM,materials_alignn_exact_stable_alpha010_K300,300,0.1,2,random,0.1,108104,10810,1616,0.14949121184088807,0,0.0,False,False,0.19,0.0,0.0,0.0,0.3,0.3922893307371149,89.80901315303896,10.0,-7.339974616790331,,0.9994574064026045,insufficient_high_e_mass_for_uniform_scs,materials_t0_active_audit_emulation;existing_public_WBM_labels_only;t1_current_MP_used_only_as_utility_audit;not_prospective_materials_discovery;not_DFT_evidence;not_materials_primary_headline
materials_discovery,ALIGNN-FF WBM,materials_alignn_exact_stable_alpha010_K500,500,0.1,2,random,0.1,108104,10810,1616,0.14949121184088807,0,0.0,False,False,0.28,0.0,0.0,0.0,0.372,0.23537359844226896,89.80901315303896,10.0,-8.194429671897058,,0.9994574064026045,insufficient_high_e_mass_for_uniform_scs,materials_t0_active_audit_emulation;existing_public_WBM_labels_only;t1_current_MP_used_only_as_utility_audit;not_prospective_materials_discovery;not_DFT_evidence;not_materials_primary_headline
materials_discovery,ALIGNN-FF WBM,materials_alignn_exact_stable_alpha010_K300,300,0.1,2,random,0.2,108104,21621,3367,0.15572822718653162,0,0.0,False,False,0.19,0.0,0.0,0.0,0.3,0.46597278142740484,89.76670541188308,10.0,-7.275783565565255,,0.9989148128052089,insufficient_high_e_mass_for_uniform_scs,materials_t0_active_audit_emulation;existing_public_WBM_labels_only;t1_current_MP_used_only_as_utility_audit;not_prospective_materials_discovery;not_DFT_evidence;not_materials_primary_headline
materials_discovery,ALIGNN-FF WBM,materials_alignn_exact_stable_alpha010_K500,500,0.1,2,random,0.2,108104,21621,3367,0.15572822718653162,0,0.0,False,False,0.28,0.0,0.0,0.0,0.372,0.2795836688564429,89.76670541188308,10.0,-8.176471716614307,,0.9989148128052089,insufficient_high_e_mass_for_uniform_scs,materials_t0_active_audit_emulation;existing_public_WBM_labels_only;t1_current_MP_used_only_as_utility_audit;not_prospective_materials_discovery;not_DFT_evidence;not_materials_primary_headline
materials_discovery,ALIGNN-FF WBM,materials_alignn_exact_stable_alpha010_K300,300,0.1,2,raw_score_targeted,0.0,108104,0,0,0.0,0,0.0,False,False,0.19,0.0,0.0,0.0,0.3,0.3924668508233513,89.85131832062358,10.0,-7.400957019156433,,1.0,insufficient_high_e_mass_for_uniform_scs,materials_t0_active_audit_emulation;existing_public_WBM_labels_only;t1_current_MP_used_only_as_utility_audit;not_prospective_materials_discovery;not_DFT_evidence;not_materials_primary_headline
materials_discovery,ALIGNN-FF WBM,materials_alignn_exact_stable_alpha010_K500,500,0.1,2,raw_score_targeted,0.0,108104,0,0,0.0,0,0.0,False,False,0.28,0.0,0.0,0.0,0.372,0.23548011049401077,89.85131832062358,10.0,-8.238790939121824,,1.0,insufficient_high_e_mass_for_uniform_scs,materials_t0_active_audit_emulation;existing_public_WBM_labels_only;t1_current_MP_used_only_as_utility_audit;not_prospective_materials_discovery;not_DFT_evidence;not_materials_primary_headline
materials_discovery,ALIGNN-FF WBM,materials_alignn_exact_stable_alpha010_K300,300,0.1,2,raw_score_targeted,0.005,108104,541,323,0.5970425138632163,163,0.09202453987730061,True,False,0.19,1.0,0.2392638036809816,0.2392638036809816,0.3,5.666372980176053,165.03998971386562,10.0,0.2085484305804286,18.404907975460123,0.9991861096039066,,materials_t0_active_audit_emulation;existing_public_WBM_labels_only;t1_current_MP_used_only_as_utility_audit;not_prospective_materials_discovery;not_DFT_evidence;not_materials_primary_headline
materials_discovery,ALIGNN-FF WBM,materials_alignn_exact_stable_alpha010_K500,500,0.1,2,raw_score_targeted,0.005,108104,541,323,0.5970425138632163,115,0.017391304347826087,True,False,0.28,1.0,0.21739130434782608,0.21739130434782608,0.372,3.399823788105632,165.03998971386562,10.0,5.369656209756172,43.47826086956522,0.9991861096039066,,materials_t0_active_audit_emulation;existing_public_WBM_labels_only;t1_current_MP_used_only_as_utility_audit;not_prospective_materials_discovery;not_DFT_evidence;not_materials_primary_headline
materials_discovery,ALIGNN-FF WBM,materials_alignn_exact_stable_alpha010_K300,300,0.1,2,raw_score_targeted,0.01,108104,1081,616,0.5698427382053654,163,0.09202453987730061,True,False,0.19,1.0,0.2392638036809816,0.2392638036809816,0.3,5.662320412082108,164.9219537499643,10.0,0.19579460621014633,18.404907975460123,0.9983722192078134,,materials_t0_active_audit_emulation;existing_public_WBM_labels_only;t1_current_MP_used_only_as_utility_audit;not_prospective_materials_discovery;not_DFT_evidence;not_materials_primary_headline
materials_discovery,ALIGNN-FF WBM,materials_alignn_exact_stable_alpha010_K500,500,0.1,2,raw_score_targeted,0.01,108104,1081,616,0.5698427382053654,115,0.017391304347826087,True,False,0.28,1.0,0.21739130434782608,0.21739130434782608,0.372,3.397392247249265,164.9219537499643,10.0,5.335537974041735,43.47826086956522,0.9983722192078134,,materials_t0_active_audit_emulation;existing_public_WBM_labels_only;t1_current_MP_used_only_as_utility_audit;not_prospective_materials_discovery;not_DFT_evidence;not_materials_primary_headline
materials_discovery,ALIGNN-FF WBM,materials_alignn_exact_stable_alpha010_K300,300,0.1,2,raw_score_targeted,0.02,108104,2162,1154,0.5337650323774283,163,0.09202453987730061,True,False,0.19,1.0,0.2392638036809816,0.2392638036809816,0.3,5.656916448930639,164.76455676497005,10.0,0.17878739913856023,18.404907975460123,0.9972870320130223,,materials_t0_active_audit_emulation;existing_public_WBM_labels_only;t1_current_MP_used_only_as_utility_audit;not_prospective_materials_discovery;not_DFT_evidence;not_materials_primary_headline
materials_discovery,ALIGNN-FF WBM,materials_alignn_exact_stable_alpha010_K500,500,0.1,2,raw_score_targeted,0.02,108104,2162,1154,0.5337650323774283,115,0.017391304347826087,True,False,0.28,1.0,0.21739130434782608,0.21739130434782608,0.372,3.3941498693583836,164.76455676497005,10.0,5.290041835646264,43.47826086956522,0.9972870320130223,,materials_t0_active_audit_emulation;existing_public_WBM_labels_only;t1_current_MP_used_only_as_utility_audit;not_prospective_materials_discovery;not_DFT_evidence;not_materials_primary_headline
materials_discovery,ALIGNN-FF WBM,materials_alignn_exact_stable_alpha010_K300,300,0.1,2,raw_score_targeted,0.05,108104,5405,2506,0.46364477335800186,163,0.09202453987730061,True,False,0.19,1.0,0.2392638036809816,0.2392638036809816,0.3,5.646106671508913,164.44970887890037,10.0,0.14476574563592237,18.404907975460123,0.99511665762344,,materials_t0_active_audit_emulation;existing_public_WBM_labels_only;t1_current_MP_used_only_as_utility_audit;not_prospective_materials_discovery;not_DFT_evidence;not_materials_primary_headline
materials_discovery,ALIGNN-FF WBM,materials_alignn_exact_stable_alpha010_K500,500,0.1,2,raw_score_targeted,0.05,108104,5405,2506,0.46364477335800186,115,0.017391304347826087,True,False,0.28,1.0,0.21739130434782608,0.21739130434782608,0.372,3.387664002905348,164.44970887890037,10.0,5.199031846645369,43.47826086956522,0.99511665762344,,materials_t0_active_audit_emulation;existing_public_WBM_labels_only;t1_current_MP_used_only_as_utility_audit;not_prospective_materials_discovery;not_DFT_evidence;not_materials_primary_headline
materials_discovery,ALIGNN-FF WBM,materials_alignn_exact_stable_alpha010_K300,300,0.1,2,raw_score_targeted,0.1,108104,10810,4257,0.39380203515263645,163,0.09202453987730061,True,False,0.19,1.0,0.2392638036809816,0.2392638036809816,0.3,5.624479689468095,163.8197967806241,10.0,0.07669338939827597,18.404907975460123,0.9907759088442757,,materials_t0_active_audit_emulation;existing_public_WBM_labels_only;t1_current_MP_used_only_as_utility_audit;not_prospective_materials_discovery;not_DFT_evidence;not_materials_primary_headline
materials_discovery,ALIGNN-FF WBM,materials_alignn_exact_stable_alpha010_K500,500,0.1,2,raw_score_targeted,0.1,108104,10810,4257,0.39380203515263645,115,0.017391304347826087,True,False,0.28,1.0,0.21739130434782608,0.21739130434782608,0.372,3.3746878136808567,163.8197967806241,10.0,5.016940798125908,43.47826086956522,0.9907759088442757,,materials_t0_active_audit_emulation;existing_public_WBM_labels_only;t1_current_MP_used_only_as_utility_audit;not_prospective_materials_discovery;not_DFT_evidence;not_materials_primary_headline
materials_discovery,ALIGNN-FF WBM,materials_alignn_exact_stable_alpha010_K300,300,0.1,2,raw_score_targeted,0.2,108104,21621,8212,0.3798159197076916,163,0.09202453987730061,True,False,0.19,1.0,0.2392638036809816,0.2392638036809816,0.3,5.610957778071593,163.42595470111434,10.0,0.03412842208368261,18.404907975460123,0.9880629408572978,,materials_t0_active_audit_emulation;existing_public_WBM_labels_only;t1_current_MP_used_only_as_utility_audit;not_prospective_materials_discovery;not_DFT_evidence;not_materials_primary_headline
materials_discovery,ALIGNN-FF WBM,materials_alignn_exact_stable_alpha010_K500,500,0.1,2,raw_score_targeted,0.2,108104,21621,8212,0.3798159197076916,115,0.017391304347826087,True,False,0.28,1.0,0.21739130434782608,0.21739130434782608,0.372,3.3665746668429555,163.42595470111434,10.0,4.9030855888163885,43.47826086956522,0.9880629408572978,,materials_t0_active_audit_emulation;existing_public_WBM_labels_only;t1_current_MP_used_only_as_utility_audit;not_prospective_materials_discovery;not_DFT_evidence;not_materials_primary_headline
materials_discovery,ALIGNN-FF WBM,materials_alignn_exact_stable_alpha010_K300,300,0.1,2,parc_m_evidence_targeted,0.0,108104,0,0,0.0,0,0.0,False,False,0.19,0.0,0.0,0.0,0.3,0.3924668508233513,89.85131832062358,10.0,-7.400957019156433,,1.0,insufficient_high_e_mass_for_uniform_scs,materials_t0_active_audit_emulation;existing_public_WBM_labels_only;t1_current_MP_used_only_as_utility_audit;not_prospective_materials_discovery;not_DFT_evidence;not_materials_primary_headline
materials_discovery,ALIGNN-FF WBM,materials_alignn_exact_stable_alpha010_K500,500,0.1,2,parc_m_evidence_targeted,0.0,108104,0,0,0.0,0,0.0,False,False,0.28,0.0,0.0,0.0,0.372,0.23548011049401077,89.85131832062358,10.0,-8.238790939121824,,1.0,insufficient_high_e_mass_for_uniform_scs,materials_t0_active_audit_emulation;existing_public_WBM_labels_only;t1_current_MP_used_only_as_utility_audit;not_prospective_materials_discovery;not_DFT_evidence;not_materials_primary_headline
materials_discovery,ALIGNN-FF WBM,materials_alignn_exact_stable_alpha010_K300,300,0.1,2,parc_m_evidence_targeted,0.005,108104,541,316,0.5841035120147874,138,0.028985507246376812,True,False,0.19,1.0,0.21739130434782608,0.21739130434782608,0.3,5.6140349416665165,165.1186747548975,10.0,0.1165737249435459,21.73913043478261,0.9997287032013022,,materials_t0_active_audit_emulation;existing_public_WBM_labels_only;t1_current_MP_used_only_as_utility_audit;not_prospective_materials_discovery;not_DFT_evidence;not_materials_primary_headline
materials_discovery,ALIGNN-FF WBM,materials_alignn_exact_stable_alpha010_K500,500,0.1,2,parc_m_evidence_targeted,0.005,108104,541,316,0.5841035120147874,111,0.009009009009009009,True,False,0.28,1.0,0.21621621621621623,0.21621621621621623,0.372,3.3684209649999097,165.1186747548975,10.0,3.8256156846507707,45.045045045045036,0.9997287032013022,,materials_t0_active_audit_emulation;existing_public_WBM_labels_only;t1_current_MP_used_only_as_utility_audit;not_prospective_materials_discovery;not_DFT_evidence;not_materials_primary_headline
materials_discovery,ALIGNN-FF WBM,materials_alignn_exact_stable_alpha010_K300,300,0.1,2,parc_m_evidence_targeted,0.01,108104,1081,606,0.5605920444033302,138,0.028985507246376812,True,False,0.19,1.0,0.21739130434782608,0.21739130434782608,0.3,5.6113596502714325,165.03998971386562,10.0,0.10656351567191891,21.73913043478261,0.9991861096039066,,materials_t0_active_audit_emulation;existing_public_WBM_labels_only;t1_current_MP_used_only_as_utility_audit;not_prospective_materials_discovery;not_DFT_evidence;not_materials_primary_headline
materials_discovery,ALIGNN-FF WBM,materials_alignn_exact_stable_alpha010_K500,500,0.1,2,parc_m_evidence_targeted,0.01,108104,1081,606,0.5605920444033302,111,0.009009009009009009,True,False,0.28,1.0,0.21621621621621623,0.21621621621621623,0.372,3.366815790162859,165.03998971386562,10.0,3.802872034276355,45.045045045045036,0.9991861096039066,,materials_t0_active_audit_emulation;existing_public_WBM_labels_only;t1_current_MP_used_only_as_utility_audit;not_prospective_materials_discovery;not_DFT_evidence;not_materials_primary_headline
materials_discovery,ALIGNN-FF WBM,materials_alignn_exact_stable_alpha010_K300,300,0.1,2,parc_m_evidence_targeted,0.02,108104,2162,1146,0.5300647548566142,138,0.028985507246376812,True,False,0.19,1.0,0.21739130434782608,0.21739130434782608,0.3,5.607346427498786,164.9219537499643,10.0,0.09154689220178724,21.73913043478261,0.9983722192078134,,materials_t0_active_audit_emulation;existing_public_WBM_labels_only;t1_current_MP_used_only_as_utility_audit;not_prospective_materials_discovery;not_DFT_evidence;not_materials_primary_headline
materials_discovery,ALIGNN-FF WBM,materials_alignn_exact_stable_alpha010_K500,500,0.1,2,parc_m_evidence_targeted,0.02,108104,2162,1146,0.5300647548566142,111,0.009009009009009009,True,False,0.28,1.0,0.21621621621621623,0.21621621621621623,0.372,3.364407856499272,164.9219537499643,10.0,3.7687537985619173,45.045045045045036,0.9983722192078134,,materials_t0_active_audit_emulation;existing_public_WBM_labels_only;t1_current_MP_used_only_as_utility_audit;not_prospective_materials_discovery;not_DFT_evidence;not_materials_primary_headline
materials_discovery,ALIGNN-FF WBM,materials_alignn_exact_stable_alpha010_K300,300,0.1,2,parc_m_evidence_targeted,0.05,108104,5405,2500,0.46253469010175763,138,0.028985507246376812,True,False,0.19,1.0,0.21739130434782608,0.21739130434782608,0.3,5.601994930008982,164.76455676497005,10.0,0.07152228058382804,21.73913043478261,0.9972870320130223,,materials_t0_active_audit_emulation;existing_public_WBM_labels_only;t1_current_MP_used_only_as_utility_audit;not_prospective_materials_discovery;not_DFT_evidence;not_materials_primary_headline
materials_discovery,ALIGNN-FF WBM,materials_alignn_exact_stable_alpha010_K500,500,0.1,2,parc_m_evidence_targeted,0.05,108104,5405,2500,0.46253469010175763,111,0.009009009009009009,True,False,0.28,1.0,0.21621621621621623,0.21621621621621623,0.372,3.3611969580053893,164.76455676497005,10.0,3.723257660166446,45.045045045045036,0.9972870320130223,,materials_t0_active_audit_emulation;existing_public_WBM_labels_only;t1_current_MP_used_only_as_utility_audit;not_prospective_materials_discovery;not_DFT_evidence;not_materials_primary_headline
materials_discovery,ALIGNN-FF WBM,materials_alignn_exact_stable_alpha010_K300,300,0.1,2,parc_m_evidence_targeted,0.1,108104,10810,4254,0.3935245143385754,139,0.02877697841726619,True,False,0.19,1.0,0.2158273381294964,0.2158273381294964,0.3,5.584598340801835,164.25289237652456,10.0,0.16281955736573295,21.58273381294964,0.9937601736299512,,materials_t0_active_audit_emulation;existing_public_WBM_labels_only;t1_current_MP_used_only_as_utility_audit;not_prospective_materials_discovery;not_DFT_evidence;not_materials_primary_headline
materials_discovery,ALIGNN-FF WBM,materials_alignn_exact_stable_alpha010_K500,500,0.1,2,parc_m_evidence_targeted,0.1,108104,10810,4254,0.3935245143385754,111,0.009009009009009009,True,False,0.28,1.0,0.21621621621621623,0.21621621621621623,0.372,3.3507590044811013,164.25289237652456,10.0,3.5753544126540078,45.045045045045036,0.9937601736299512,,materials_t0_active_audit_emulation;existing_public_WBM_labels_only;t1_current_MP_used_only_as_utility_audit;not_prospective_materials_discovery;not_DFT_evidence;not_materials_primary_headline
materials_discovery,ALIGNN-FF WBM,materials_alignn_exact_stable_alpha010_K300,300,0.1,2,parc_m_evidence_targeted,0.2,108104,21621,8288,0.38333102076684705,163,0.09202453987730061,True,False,0.19,1.0,0.2392638036809816,0.2392638036809816,0.3,5.623127673380221,163.78041767126857,10.0,0.07243757745501966,18.404907975460123,0.9905046120455778,,materials_t0_active_audit_emulation;existing_public_WBM_labels_only;t1_current_MP_used_only_as_utility_audit;not_prospective_materials_discovery;not_DFT_evidence;not_materials_primary_headline
materials_discovery,ALIGNN-FF WBM,materials_alignn_exact_stable_alpha010_K500,500,0.1,2,parc_m_evidence_targeted,0.2,108104,21621,8288,0.38333102076684705,115,0.017391304347826087,True,False,0.28,1.0,0.21739130434782608,0.21739130434782608,0.372,3.3738766040281325,163.78041767126857,10.0,5.005556952441019,43.47826086956522,0.9905046120455778,,materials_t0_active_audit_emulation;existing_public_WBM_labels_only;t1_current_MP_used_only_as_utility_audit;not_prospective_materials_discovery;not_DFT_evidence;not_materials_primary_headline
materials_discovery,ALIGNN-FF WBM,materials_alignn_exact_stable_alpha010_K300,300,0.1,2,chgnet_mace_support_targeted,0.0,108104,0,0,0.0,0,0.0,False,False,0.19,0.0,0.0,0.0,0.3,0.3924668508233513,89.85131832062358,10.0,-7.400957019156433,,1.0,insufficient_high_e_mass_for_uniform_scs,materials_t0_active_audit_emulation;existing_public_WBM_labels_only;t1_current_MP_used_only_as_utility_audit;not_prospective_materials_discovery;not_DFT_evidence;not_materials_primary_headline
materials_discovery,ALIGNN-FF WBM,materials_alignn_exact_stable_alpha010_K500,500,0.1,2,chgnet_mace_support_targeted,0.0,108104,0,0,0.0,0,0.0,False,False,0.28,0.0,0.0,0.0,0.372,0.23548011049401077,89.85131832062358,10.0,-8.238790939121824,,1.0,insufficient_high_e_mass_for_uniform_scs,materials_t0_active_audit_emulation;existing_public_WBM_labels_only;t1_current_MP_used_only_as_utility_audit;not_prospective_materials_discovery;not_DFT_evidence;not_materials_primary_headline
materials_discovery,ALIGNN-FF WBM,materials_alignn_exact_stable_alpha010_K300,300,0.1,2,chgnet_mace_support_targeted,0.005,108104,541,114,0.21072088724584104,0,0.0,False,False,0.19,0.0,0.0,0.0,0.3,0.3922893307371149,89.80901315303896,10.0,-7.318554372583019,,0.9994574064026045,insufficient_high_e_mass_for_uniform_scs,materials_t0_active_audit_emulation;existing_public_WBM_labels_only;t1_current_MP_used_only_as_utility_audit;not_prospective_materials_discovery;not_DFT_evidence;not_materials_primary_headline
materials_discovery,ALIGNN-FF WBM,materials_alignn_exact_stable_alpha010_K500,500,0.1,2,chgnet_mace_support_targeted,0.005,108104,541,114,0.21072088724584104,0,0.0,False,False,0.28,0.0,0.0,0.0,0.372,0.23537359844226896,89.80901315303896,10.0,-8.221798236023293,,0.9994574064026045,insufficient_high_e_mass_for_uniform_scs,materials_t0_active_audit_emulation;existing_public_WBM_labels_only;t1_current_MP_used_only_as_utility_audit;not_prospective_materials_discovery;not_DFT_evidence;not_materials_primary_headline
materials_discovery,ALIGNN-FF WBM,materials_alignn_exact_stable_alpha010_K300,300,0.1,2,chgnet_mace_support_targeted,0.01,108104,1081,227,0.20999074930619796,0,0.0,False,False,0.19,0.0,0.0,0.0,0.3,0.3919342514077498,89.72439509545555,10.0,-7.276980286007062,,0.9983722192078134,insufficient_high_e_mass_for_uniform_scs,materials_t0_active_audit_emulation;existing_public_WBM_labels_only;t1_current_MP_used_only_as_utility_audit;not_prospective_materials_discovery;not_DFT_evidence;not_materials_primary_headline
materials_discovery,ALIGNN-FF WBM,materials_alignn_exact_stable_alpha010_K500,500,0.1,2,chgnet_mace_support_targeted,0.01,108104,1081,227,0.20999074930619796,0,0.0,False,False,0.28,0.0,0.0,0.0,0.372,0.2351605508446499,89.72439509545555,10.0,-8.196001624306044,,0.9983722192078134,insufficient_high_e_mass_for_uniform_scs,materials_t0_active_audit_emulation;existing_public_WBM_labels_only;t1_current_MP_used_only_as_utility_audit;not_prospective_materials_discovery;not_DFT_evidence;not_materials_primary_headline
materials_discovery,ALIGNN-FF WBM,materials_alignn_exact_stable_alpha010_K300,300,0.1,2,chgnet_mace_support_targeted,0.02,108104,2162,351,0.16234967622571692,0,0.0,False,False,0.19,0.0,0.0,0.0,0.3,0.3916679076135147,89.66092478845513,10.0,-7.2787755518773825,,0.99755832881172,insufficient_high_e_mass_for_uniform_scs,materials_t0_active_audit_emulation;existing_public_WBM_labels_only;t1_current_MP_used_only_as_utility_audit;not_prospective_materials_discovery;not_DFT_evidence;not_materials_primary_headline
materials_discovery,ALIGNN-FF WBM,materials_alignn_exact_stable_alpha010_K500,500,0.1,2,chgnet_mace_support_targeted,0.02,108104,2162,351,0.16234967622571692,0,0.0,False,False,0.28,0.0,0.0,0.0,0.372,0.23500074456810885,89.66092478845513,10.0,-8.178457707037758,,0.99755832881172,insufficient_high_e_mass_for_uniform_scs,materials_t0_active_audit_emulation;existing_public_WBM_labels_only;t1_current_MP_used_only_as_utility_audit;not_prospective_materials_discovery;not_DFT_evidence;not_materials_primary_headline
materials_discovery,ALIGNN-FF WBM,materials_alignn_exact_stable_alpha010_K300,300,0.1,2,chgnet_mace_support_targeted,0.05,108104,5405,1736,0.3211840888066605,163,0.09202453987730061,True,False,0.19,1.0,0.2392638036809816,0.2392638036809816,0.3,5.6420523676096535,164.3316223575627,10.0,0.13200513282504645,18.404907975460123,0.9943027672273467,,materials_t0_active_audit_emulation;existing_public_WBM_labels_only;t1_current_MP_used_only_as_utility_audit;not_prospective_materials_discovery;not_DFT_evidence;not_materials_primary_headline
materials_discovery,ALIGNN-FF WBM,materials_alignn_exact_stable_alpha010_K500,500,0.1,2,chgnet_mace_support_targeted,0.05,108104,5405,1736,0.3211840888066605,115,0.017391304347826087,True,False,0.28,1.0,0.21739130434782608,0.21739130434782608,0.372,3.385231420565792,164.3316223575627,10.0,5.164897002012552,43.47826086956522,0.9943027672273467,,materials_t0_active_audit_emulation;existing_public_WBM_labels_only;t1_current_MP_used_only_as_utility_audit;not_prospective_materials_discovery;not_DFT_evidence;not_materials_primary_headline
materials_discovery,ALIGNN-FF WBM,materials_alignn_exact_stable_alpha010_K300,300,0.1,2,chgnet_mace_support_targeted,0.1,108104,10810,3805,0.3519888991674376,163,0.09202453987730061,True,False,0.19,1.0,0.2392638036809816,0.2392638036809816,0.3,5.628535504662836,163.93792732027677,10.0,0.08945991352466365,18.404907975460123,0.9915897992403689,,materials_t0_active_audit_emulation;existing_public_WBM_labels_only;t1_current_MP_used_only_as_utility_audit;not_prospective_materials_discovery;not_DFT_evidence;not_materials_primary_headline
materials_discovery,ALIGNN-FF WBM,materials_alignn_exact_stable_alpha010_K500,500,0.1,2,chgnet_mace_support_targeted,0.1,108104,10810,3805,0.3519888991674376,115,0.017391304347826087,True,False,0.28,1.0,0.21739130434782608,0.21739130434782608,0.372,3.377121302797702,163.93792732027677,10.0,5.051090104773117,43.47826086956522,0.9915897992403689,,materials_t0_active_audit_emulation;existing_public_WBM_labels_only;t1_current_MP_used_only_as_utility_audit;not_prospective_materials_discovery;not_DFT_evidence;not_materials_primary_headline
materials_discovery,ALIGNN-FF WBM,materials_alignn_exact_stable_alpha010_K300,300,0.1,2,chgnet_mace_support_targeted,0.2,108104,21621,7484,0.3461449516673604,163,0.09202453987730061,True,False,0.19,1.0,0.2392638036809816,0.2392638036809816,0.3,5.608252928421882,163.347172672482,10.0,0.02561360023307202,18.404907975460123,0.9875203472599023,,materials_t0_active_audit_emulation;existing_public_WBM_labels_only;t1_current_MP_used_only_as_utility_audit;not_prospective_materials_discovery;not_DFT_evidence;not_materials_primary_headline
materials_discovery,ALIGNN-FF WBM,materials_alignn_exact_stable_alpha010_K500,500,0.1,2,chgnet_mace_support_targeted,0.2,108104,21621,7484,0.3461449516673604,115,0.017391304347826087,True,False,0.28,1.0,0.21739130434782608,0.21739130434782608,0.372,3.364951757053129,163.347172672482,10.0,4.880310074112103,43.47826086956522,0.9875203472599023,,materials_t0_active_audit_emulation;existing_public_WBM_labels_only;t1_current_MP_used_only_as_utility_audit;not_prospective_materials_discovery;not_DFT_evidence;not_materials_primary_headline
materials_discovery,ALIGNN-FF WBM,materials_alignn_exact_stable_alpha010_K300,300,0.1,2,mass_gain,0.0,108104,0,0,0.0,0,0.0,False,False,0.19,0.0,0.0,0.0,0.3,0.3924668508233513,89.85131832062358,10.0,-7.400957019156433,,1.0,insufficient_high_e_mass_for_uniform_scs,materials_t0_active_audit_emulation;existing_public_WBM_labels_only;t1_current_MP_used_only_as_utility_audit;not_prospective_materials_discovery;not_DFT_evidence;not_materials_primary_headline
materials_discovery,ALIGNN-FF WBM,materials_alignn_exact_stable_alpha010_K500,500,0.1,2,mass_gain,0.0,108104,0,0,0.0,0,0.0,False,False,0.28,0.0,0.0,0.0,0.372,0.23548011049401077,89.85131832062358,10.0,-8.238790939121824,,1.0,insufficient_high_e_mass_for_uniform_scs,materials_t0_active_audit_emulation;existing_public_WBM_labels_only;t1_current_MP_used_only_as_utility_audit;not_prospective_materials_discovery;not_DFT_evidence;not_materials_primary_headline
materials_discovery,ALIGNN-FF WBM,materials_alignn_exact_stable_alpha010_K300,300,0.1,2,mass_gain,0.005,108104,541,358,0.6617375231053605,116,0.017241379310344827,True,False,0.19,1.0,0.21551724137931033,0.21551724137931033,0.3,2.073858649758898,164.9219537499643,10.0,0.6946657442474375,25.86206896551724,0.9983722192078134,,materials_t0_active_audit_emulation;existing_public_WBM_labels_only;t1_current_MP_used_only_as_utility_audit;not_prospective_materials_discovery;not_DFT_evidence;not_materials_primary_headline
materials_discovery,ALIGNN-FF WBM,materials_alignn_exact_stable_alpha010_K500,500,0.1,2,mass_gain,0.005,108104,541,358,0.6617375231053605,103,0.0,True,False,0.28,1.0,0.20388349514563106,0.20388349514563106,0.372,1.244315189855339,164.9219537499643,10.0,0.2701095232186077,48.543689320388346,0.9983722192078134,,materials_t0_active_audit_emulation;existing_public_WBM_labels_only;t1_current_MP_used_only_as_utility_audit;not_prospective_materials_discovery;not_DFT_evidence;not_materials_primary_headline
materials_discovery,ALIGNN-FF WBM,materials_alignn_exact_stable_alpha010_K300,300,0.1,2,mass_gain,0.01,108104,1081,597,0.5522664199814986,116,0.017241379310344827,True,False,0.19,1.0,0.21551724137931033,0.21551724137931033,0.3,2.0709447758420363,164.6858515373797,10.0,0.6579817294693342,25.86206896551724,0.9967444384156267,,materials_t0_active_audit_emulation;existing_public_WBM_labels_only;t1_current_MP_used_only_as_utility_audit;not_prospective_materials_discovery;not_DFT_evidence;not_materials_primary_headline
materials_discovery,ALIGNN-FF WBM,materials_alignn_exact_stable_alpha010_K500,500,0.1,2,mass_gain,0.01,108104,1081,597,0.5522664199814986,103,0.0,True,False,0.28,1.0,0.20388349514563106,0.20388349514563106,0.372,1.2425668655052218,164.6858515373797,10.0,0.2018631030785869,48.543689320388346,0.9967444384156267,,materials_t0_active_audit_emulation;existing_public_WBM_labels_only;t1_current_MP_used_only_as_utility_audit;not_prospective_materials_discovery;not_DFT_evidence;not_materials_primary_headline
materials_discovery,ALIGNN-FF WBM,materials_alignn_exact_stable_alpha010_K300,300,0.1,2,mass_gain,0.02,108104,2162,1024,0.47363552266419984,116,0.017241379310344827,True,False,0.19,1.0,0.21551724137931033,0.21551724137931033,0.3,2.0646294827975575,164.17415788524576,10.0,0.5784737273334422,25.86206896551724,0.9932175800325557,,materials_t0_active_audit_emulation;existing_public_WBM_labels_only;t1_current_MP_used_only_as_utility_audit;not_prospective_materials_discovery;not_DFT_evidence;not_materials_primary_headline
materials_discovery,ALIGNN-FF WBM,materials_alignn_exact_stable_alpha010_K500,500,0.1,2,mass_gain,0.02,108104,2162,1024,0.47363552266419984,103,0.0,True,False,0.28,1.0,0.20388349514563106,0.20388349514563106,0.372,1.2387776896785345,164.17415788524576,10.0,0.05395024164189266,48.543689320388346,0.9932175800325557,,materials_t0_active_audit_emulation;existing_public_WBM_labels_only;t1_current_MP_used_only_as_utility_audit;not_prospective_materials_discovery;not_DFT_evidence;not_materials_primary_headline
materials_discovery,ALIGNN-FF WBM,materials_alignn_exact_stable_alpha010_K300,300,0.1,2,mass_gain,0.05,108104,5405,1996,0.3692876965772433,139,0.02877697841726619,True,False,0.19,1.0,0.2158273381294964,0.2158273381294964,0.3,5.389156738486497,163.30777995413624,10.0,0.04255801049329122,21.58273381294964,0.9872490504612046,,materials_t0_active_audit_emulation;existing_public_WBM_labels_only;t1_current_MP_used_only_as_utility_audit;not_prospective_materials_discovery;not_DFT_evidence;not_materials_primary_headline
materials_discovery,ALIGNN-FF WBM,materials_alignn_exact_stable_alpha010_K500,500,0.1,2,mass_gain,0.05,108104,5405,1996,0.3692876965772433,111,0.009009009009009009,True,False,0.28,1.0,0.21621621621621623,0.21621621621621623,0.372,3.233494043091898,163.30777995413624,10.0,3.302137581357968,45.045045045045036,0.9872490504612046,,materials_t0_active_audit_emulation;existing_public_WBM_labels_only;t1_current_MP_used_only_as_utility_audit;not_prospective_materials_discovery;not_DFT_evidence;not_materials_primary_headline
materials_discovery,ALIGNN-FF WBM,materials_alignn_exact_stable_alpha010_K300,300,0.1,2,mass_gain,0.1,108104,10810,3390,0.3135985198889917,138,0.028985507246376812,True,False,0.19,1.0,0.21739130434782608,0.21739130434782608,0.3,5.586608505429609,162.71675258532844,10.0,1.8995449689250243,21.73913043478261,0.9831795984807379,,materials_t0_active_audit_emulation;existing_public_WBM_labels_only;t1_current_MP_used_only_as_utility_audit;not_prospective_materials_discovery;not_DFT_evidence;not_materials_primary_headline
materials_discovery,ALIGNN-FF WBM,materials_alignn_exact_stable_alpha010_K500,500,0.1,2,mass_gain,0.1,108104,10810,3390,0.3135985198889917,111,0.009009009009009009,True,False,0.28,1.0,0.21621621621621623,0.21621621621621623,0.372,3.3519651032577658,162.71675258532844,10.0,3.1312679375911543,45.045045045045036,0.9831795984807379,,materials_t0_active_audit_emulation;existing_public_WBM_labels_only;t1_current_MP_used_only_as_utility_audit;not_prospective_materials_discovery;not_DFT_evidence;not_materials_primary_headline
materials_discovery,ALIGNN-FF WBM,materials_alignn_exact_stable_alpha010_K300,300,0.1,2,mass_gain,0.2,108104,21621,6066,0.28056056611627583,138,0.028985507246376812,True,False,0.19,1.0,0.21739130434782608,0.21739130434782608,0.3,5.581195833155634,162.55910193657186,10.0,1.8774953171209567,21.73913043478261,0.9820944112859469,,materials_t0_active_audit_emulation;existing_public_WBM_labels_only;t1_current_MP_used_only_as_utility_audit;not_prospective_materials_discovery;not_DFT_evidence;not_materials_primary_headline
materials_discovery,ALIGNN-FF WBM,materials_alignn_exact_stable_alpha010_K500,500,0.1,2,mass_gain,0.2,108104,21621,6066,0.28056056611627583,115,0.017391304347826087,True,False,0.28,1.0,0.21739130434782608,0.21739130434782608,0.372,3.3487174998933806,162.55910193657186,10.0,4.652472629175669,43.47826086956522,0.9820944112859469,,materials_t0_active_audit_emulation;existing_public_WBM_labels_only;t1_current_MP_used_only_as_utility_audit;not_prospective_materials_discovery;not_DFT_evidence;not_materials_primary_headline
materials_discovery,ALIGNN-FF WBM,materials_alignn_exact_stable_alpha010_K300,300,0.1,3,random,0.0,107852,0,0,0.0,0,0.0,False,False,0.25,0.0,0.0,0.0,0.4066666666666667,0.23140260713426428,48.882032003220274,10.0,-7.717362091101064,,1.0,insufficient_high_e_mass_for_uniform_scs,materials_t0_active_audit_emulation;existing_public_WBM_labels_only;t1_current_MP_used_only_as_utility_audit;not_prospective_materials_discovery;not_DFT_evidence;not_materials_primary_headline
materials_discovery,ALIGNN-FF WBM,materials_alignn_exact_stable_alpha010_K500,500,0.1,3,random,0.0,107852,0,0,0.0,0,0.0,False,False,0.296,0.0,0.0,0.0,0.462,0.15672970480519394,48.882032003220274,10.0,-8.43270295194806,,1.0,insufficient_high_e_mass_for_uniform_scs,materials_t0_active_audit_emulation;existing_public_WBM_labels_only;t1_current_MP_used_only_as_utility_audit;not_prospective_materials_discovery;not_DFT_evidence;not_materials_primary_headline
materials_discovery,ALIGNN-FF WBM,materials_alignn_exact_stable_alpha010_K300,300,0.1,3,random,0.005,107852,539,87,0.1614100185528757,0,0.0,False,False,0.25,0.0,0.0,0.0,0.4066666666666667,0.23140260713426428,48.882032003220274,10.0,-7.717362091101064,,1.0,insufficient_high_e_mass_for_uniform_scs,materials_t0_active_audit_emulation;existing_public_WBM_labels_only;t1_current_MP_used_only_as_utility_audit;not_prospective_materials_discovery;not_DFT_evidence;not_materials_primary_headline
materials_discovery,ALIGNN-FF WBM,materials_alignn_exact_stable_alpha010_K500,500,0.1,3,random,0.005,107852,539,87,0.1614100185528757,0,0.0,False,False,0.296,0.0,0.0,0.0,0.462,0.15672970480519394,48.882032003220274,10.0,-8.43270295194806,,1.0,insufficient_high_e_mass_for_uniform_scs,materials_t0_active_audit_emulation;existing_public_WBM_labels_only;t1_current_MP_used_only_as_utility_audit;not_prospective_materials_discovery;not_DFT_evidence;not_materials_primary_headline
materials_discovery,ALIGNN-FF WBM,materials_alignn_exact_stable_alpha010_K300,300,0.1,3,random,0.01,107852,1079,177,0.16404077849860982,0,0.0,False,False,0.25,0.0,0.0,0.0,0.4066666666666667,0.23140260713426428,48.882032003220274,10.0,-7.717362091101064,,1.0,insufficient_high_e_mass_for_uniform_scs,materials_t0_active_audit_emulation;existing_public_WBM_labels_only;t1_current_MP_used_only_as_utility_audit;not_prospective_materials_discovery;not_DFT_evidence;not_materials_primary_headline
materials_discovery,ALIGNN-FF WBM,materials_alignn_exact_stable_alpha010_K500,500,0.1,3,random,0.01,107852,1079,177,0.16404077849860982,0,0.0,False,False,0.296,0.0,0.0,0.0,0.462,0.15672970480519394,48.882032003220274,10.0,-8.43270295194806,,1.0,insufficient_high_e_mass_for_uniform_scs,materials_t0_active_audit_emulation;existing_public_WBM_labels_only;t1_current_MP_used_only_as_utility_audit;not_prospective_materials_discovery;not_DFT_evidence;not_materials_primary_headline
materials_discovery,ALIGNN-FF WBM,materials_alignn_exact_stable_alpha010_K300,300,0.1,3,random,0.02,107852,2157,318,0.1474269819193324,0,0.0,False,False,0.25,0.0,0.0,0.0,0.4066666666666667,0.23140260713426428,48.882032003220274,10.0,-7.717362091101064,,1.0,insufficient_high_e_mass_for_uniform_scs,materials_t0_active_audit_emulation;existing_public_WBM_labels_only;t1_current_MP_used_only_as_utility_audit;not_prospective_materials_discovery;not_DFT_evidence;not_materials_primary_headline
materials_discovery,ALIGNN-FF WBM,materials_alignn_exact_stable_alpha010_K500,500,0.1,3,random,0.02,107852,2157,318,0.1474269819193324,0,0.0,False,False,0.296,0.0,0.0,0.0,0.462,0.15672970480519394,48.882032003220274,10.0,-8.43270295194806,,1.0,insufficient_high_e_mass_for_uniform_scs,materials_t0_active_audit_emulation;existing_public_WBM_labels_only;t1_current_MP_used_only_as_utility_audit;not_prospective_materials_discovery;not_DFT_evidence;not_materials_primary_headline
materials_discovery,ALIGNN-FF WBM,materials_alignn_exact_stable_alpha010_K300,300,0.1,3,random,0.05,107852,5393,794,0.14722788800296682,0,0.0,False,False,0.25,0.0,0.0,0.0,0.4066666666666667,0.23135200151011096,48.87066072969581,10.0,-7.7178610703949,,0.9997287032013022,insufficient_high_e_mass_for_uniform_scs,materials_t0_active_audit_emulation;existing_public_WBM_labels_only;t1_current_MP_used_only_as_utility_audit;not_prospective_materials_discovery;not_DFT_evidence;not_materials_primary_headline
materials_discovery,ALIGNN-FF WBM,materials_alignn_exact_stable_alpha010_K500,500,0.1,3,random,0.05,107852,5393,794,0.14722788800296682,0,0.0,False,False,0.296,0.0,0.0,0.0,0.462,0.15669571386538,48.87066072969581,10.0,-8.4330428613462,,0.9997287032013022,insufficient_high_e_mass_for_uniform_scs,materials_t0_active_audit_emulation;existing_public_WBM_labels_only;t1_current_MP_used_only_as_utility_audit;not_prospective_materials_discovery;not_DFT_evidence;not_materials_primary_headline
materials_discovery,ALIGNN-FF WBM,materials_alignn_exact_stable_alpha010_K300,300,0.1,3,random,0.1,107852,10785,1579,0.146407046824293,0,0.0,False,False,0.25,0.0,0.0,0.0,0.4066666666666667,0.23452266440821062,48.859289088437,10.0,-7.687322582576554,,0.9994574064026045,insufficient_high_e_mass_for_uniform_scs,materials_t0_active_audit_emulation;existing_public_WBM_labels_only;t1_current_MP_used_only_as_utility_audit;not_prospective_materials_discovery;not_DFT_evidence;not_materials_primary_headline
materials_discovery,ALIGNN-FF WBM,materials_alignn_exact_stable_alpha010_K500,500,0.1,3,random,0.1,107852,10785,1579,0.146407046824293,0,0.0,False,False,0.296,0.0,0.0,0.0,0.462,0.1580436384020237,48.859289088437,10.0,-8.419563615979763,,0.9994574064026045,insufficient_high_e_mass_for_uniform_scs,materials_t0_active_audit_emulation;existing_public_WBM_labels_only;t1_current_MP_used_only_as_utility_audit;not_prospective_materials_discovery;not_DFT_evidence;not_materials_primary_headline
materials_discovery,ALIGNN-FF WBM,materials_alignn_exact_stable_alpha010_K300,300,0.1,3,random,0.2,107852,21570,3235,0.1499768196569309,0,0.0,False,False,0.25,0.0,0.0,0.0,0.4066666666666667,0.24105091457038896,48.81379884360695,10.0,-7.607720194989377,,0.9983722192078134,insufficient_high_e_mass_for_uniform_scs,materials_t0_active_audit_emulation;existing_public_WBM_labels_only;t1_current_MP_used_only_as_utility_audit;not_prospective_materials_discovery;not_DFT_evidence;not_materials_primary_headline
materials_discovery,ALIGNN-FF WBM,materials_alignn_exact_stable_alpha010_K500,500,0.1,3,random,0.2,107852,21570,3235,0.1499768196569309,0,0.0,False,False,0.296,0.0,0.0,0.0,0.462,0.16074752257161326,48.81379884360695,10.0,-8.392524774283867,,0.9983722192078134,insufficient_high_e_mass_for_uniform_scs,materials_t0_active_audit_emulation;existing_public_WBM_labels_only;t1_current_MP_used_only_as_utility_audit;not_prospective_materials_discovery;not_DFT_evidence;not_materials_primary_headline
materials_discovery,ALIGNN-FF WBM,materials_alignn_exact_stable_alpha010_K300,300,0.1,3,raw_score_targeted,0.0,107852,0,0,0.0,0,0.0,False,False,0.25,0.0,0.0,0.0,0.4066666666666667,0.23140260713426428,48.882032003220274,10.0,-7.717362091101064,,1.0,insufficient_high_e_mass_for_uniform_scs,materials_t0_active_audit_emulation;existing_public_WBM_labels_only;t1_current_MP_used_only_as_utility_audit;not_prospective_materials_discovery;not_DFT_evidence;not_materials_primary_headline
materials_discovery,ALIGNN-FF WBM,materials_alignn_exact_stable_alpha010_K500,500,0.1,3,raw_score_targeted,0.0,107852,0,0,0.0,0,0.0,False,False,0.296,0.0,0.0,0.0,0.462,0.15672970480519394,48.882032003220274,10.0,-8.43270295194806,,1.0,insufficient_high_e_mass_for_uniform_scs,materials_t0_active_audit_emulation;existing_public_WBM_labels_only;t1_current_MP_used_only_as_utility_audit;not_prospective_materials_discovery;not_DFT_evidence;not_materials_primary_headline
materials_discovery,ALIGNN-FF WBM,materials_alignn_exact_stable_alpha010_K300,300,0.1,3,raw_score_targeted,0.005,107852,539,343,0.6363636363636364,41,0.0,True,False,0.25,1.0,0.21951219512195122,0.21951219512195122,0.4066666666666667,2.0340374295828934,164.9219537499643,10.0,16.55366338813849,73.17073170731706,0.9983722192078134,,materials_t0_active_audit_emulation;existing_public_WBM_labels_only;t1_current_MP_used_only_as_utility_audit;not_prospective_materials_discovery;not_DFT_evidence;not_materials_primary_headline
materials_discovery,ALIGNN-FF WBM,materials_alignn_exact_stable_alpha010_K500,500,0.1,3,raw_score_targeted,0.005,107852,539,343,0.6363636363636364,37,0.0,True,False,0.296,1.0,0.1891891891891892,0.1891891891891892,0.462,1.220422457749736,164.9219537499643,10.0,29.786818614829173,135.13513513513513,0.9983722192078134,,materials_t0_active_audit_emulation;existing_public_WBM_labels_only;t1_current_MP_used_only_as_utility_audit;not_prospective_materials_discovery;not_DFT_evidence;not_materials_primary_headline
materials_discovery,ALIGNN-FF WBM,materials_alignn_exact_stable_alpha010_K300,300,0.1,3,raw_score_targeted,0.01,107852,1079,597,0.5532900834105653,41,0.0,True,False,0.25,1.0,0.21951219512195122,0.21951219512195122,0.4066666666666667,2.033066842518723,164.84325750151808,10.0,16.511350494736774,73.17073170731706,0.9978296256104178,,materials_t0_active_audit_emulation;existing_public_WBM_labels_only;t1_current_MP_used_only_as_utility_audit;not_prospective_materials_discovery;not_DFT_evidence;not_materials_primary_headline
materials_discovery,ALIGNN-FF WBM,materials_alignn_exact_stable_alpha010_K500,500,0.1,3,raw_score_targeted,0.01,107852,1079,597,0.5532900834105653,37,0.0,True,False,0.296,1.0,0.1891891891891892,0.1891891891891892,0.462,1.2198401055112338,164.84325750151808,10.0,29.708122366382952,135.13513513513513,0.9978296256104178,,materials_t0_active_audit_emulation;existing_public_WBM_labels_only;t1_current_MP_used_only_as_utility_audit;not_prospective_materials_discovery;not_DFT_evidence;not_materials_primary_headline
materials_discovery,ALIGNN-FF WBM,materials_alignn_exact_stable_alpha010_K300,300,0.1,3,raw_score_targeted,0.02,107852,2157,1119,0.5187760778859527,41,0.0,True,False,0.25,1.0,0.21951219512195122,0.21951219512195122,0.4066666666666667,2.031610858123782,164.72520471273907,10.0,16.447876319078475,73.17073170731706,0.9970157352143245,,materials_t0_active_audit_emulation;existing_public_WBM_labels_only;t1_current_MP_used_only_as_utility_audit;not_prospective_materials_discovery;not_DFT_evidence;not_materials_primary_headline
materials_discovery,ALIGNN-FF WBM,materials_alignn_exact_stable_alpha010_K500,500,0.1,3,raw_score_targeted,0.02,107852,2157,1119,0.5187760778859527,37,0.0,True,False,0.296,1.0,0.1891891891891892,0.1891891891891892,0.462,1.2189665148742692,164.72520471273907,10.0,29.59006957760394,135.13513513513513,0.9970157352143245,,materials_t0_active_audit_emulation;existing_public_WBM_labels_only;t1_current_MP_used_only_as_utility_audit;not_prospective_materials_discovery;not_DFT_evidence;not_materials_primary_headline
materials_discovery,ALIGNN-FF WBM,materials_alignn_exact_stable_alpha010_K300,300,0.1,3,raw_score_targeted,0.05,107852,5393,2451,0.45447802707213053,41,0.0,True,False,0.25,1.0,0.21951219512195122,0.21951219512195122,0.4066666666666667,2.0286985152094634,164.4890688007673,10.0,16.32091053862257,73.17073170731706,0.9953879544221378,,materials_t0_active_audit_emulation;existing_public_WBM_labels_only;t1_current_MP_used_only_as_utility_audit;not_prospective_materials_discovery;not_DFT_evidence;not_materials_primary_headline
materials_discovery,ALIGNN-FF WBM,materials_alignn_exact_stable_alpha010_K500,500,0.1,3,raw_score_targeted,0.05,107852,5393,2451,0.45447802707213053,37,0.0,True,False,0.296,1.0,0.1891891891891892,0.1891891891891892,0.462,1.217219109125678,164.4890688007673,10.0,29.353933665632184,135.13513513513513,0.9953879544221378,,materials_t0_active_audit_emulation;existing_public_WBM_labels_only;t1_current_MP_used_only_as_utility_audit;not_prospective_materials_discovery;not_DFT_evidence;not_materials_primary_headline
materials_discovery,ALIGNN-FF WBM,materials_alignn_exact_stable_alpha010_K300,300,0.1,3,raw_score_targeted,0.1,107852,10785,4114,0.38145572554473806,41,0.0,True,False,0.25,1.0,0.21951219512195122,0.21951219512195122,0.4066666666666667,2.020444160294364,163.8197967806241,10.0,15.961047597465935,73.17073170731706,0.9907759088442757,,materials_t0_active_audit_emulation;existing_public_WBM_labels_only;t1_current_MP_used_only_as_utility_audit;not_prospective_materials_discovery;not_DFT_evidence;not_materials_primary_headline
materials_discovery,ALIGNN-FF WBM,materials_alignn_exact_stable_alpha010_K500,500,0.1,3,raw_score_targeted,0.1,107852,10785,4114,0.38145572554473806,37,0.0,True,False,0.296,1.0,0.1891891891891892,0.1891891891891892,0.462,1.2122664961766183,163.8197967806241,10.0,28.684661645488973,135.13513513513513,0.9907759088442757,,materials_t0_active_audit_emulation;existing_public_WBM_labels_only;t1_current_MP_used_only_as_utility_audit;not_prospective_materials_discovery;not_DFT_evidence;not_materials_primary_headline
materials_discovery,ALIGNN-FF WBM,materials_alignn_exact_stable_alpha010_K300,300,0.1,3,raw_score_targeted,0.2,107852,21570,8229,0.3815020862308762,41,0.0,True,False,0.25,1.0,0.21951219512195122,0.21951219512195122,0.4066666666666667,2.0141292861010136,163.30777995413624,10.0,15.685731545251457,73.17073170731706,0.9872490504612046,,materials_t0_active_audit_emulation;existing_public_WBM_labels_only;t1_current_MP_used_only_as_utility_audit;not_prospective_materials_discovery;not_DFT_evidence;not_materials_primary_headline
materials_discovery,ALIGNN-FF WBM,materials_alignn_exact_stable_alpha010_K500,500,0.1,3,raw_score_targeted,0.2,107852,21570,8229,0.3815020862308762,37,0.0,True,False,0.296,1.0,0.1891891891891892,0.1891891891891892,0.462,1.2084775716606082,163.30777995413624,10.0,28.172644819001107,135.13513513513513,0.9872490504612046,,materials_t0_active_audit_emulation;existing_public_WBM_labels_only;t1_current_MP_used_only_as_utility_audit;not_prospective_materials_discovery;not_DFT_evidence;not_materials_primary_headline
materials_discovery,ALIGNN-FF WBM,materials_alignn_exact_stable_alpha010_K300,300,0.1,3,parc_m_evidence_targeted,0.0,107852,0,0,0.0,0,0.0,False,False,0.25,0.0,0.0,0.0,0.4066666666666667,0.23140260713426428,48.882032003220274,10.0,-7.717362091101064,,1.0,insufficient_high_e_mass_for_uniform_scs,materials_t0_active_audit_emulation;existing_public_WBM_labels_only;t1_current_MP_used_only_as_utility_audit;not_prospective_materials_discovery;not_DFT_evidence;not_materials_primary_headline
materials_discovery,ALIGNN-FF WBM,materials_alignn_exact_stable_alpha010_K500,500,0.1,3,parc_m_evidence_targeted,0.0,107852,0,0,0.0,0,0.0,False,False,0.296,0.0,0.0,0.0,0.462,0.15672970480519394,48.882032003220274,10.0,-8.43270295194806,,1.0,insufficient_high_e_mass_for_uniform_scs,materials_t0_active_audit_emulation;existing_public_WBM_labels_only;t1_current_MP_used_only_as_utility_audit;not_prospective_materials_discovery;not_DFT_evidence;not_materials_primary_headline
materials_discovery,ALIGNN-FF WBM,materials_alignn_exact_stable_alpha010_K300,300,0.1,3,parc_m_evidence_targeted,0.005,107852,539,339,0.6289424860853432,29,0.0,True,False,0.25,1.0,0.1724137931034483,0.1724137931034483,0.4066666666666667,1.5957668836781784,165.0793327942943,10.0,61.631056932225334,103.44827586206895,0.9994574064026045,,materials_t0_active_audit_emulation;existing_public_WBM_labels_only;t1_current_MP_used_only_as_utility_audit;not_prospective_materials_discovery;not_DFT_evidence;not_materials_primary_headline
materials_discovery,ALIGNN-FF WBM,materials_alignn_exact_stable_alpha010_K500,500,0.1,3,parc_m_evidence_targeted,0.005,107852,539,339,0.6289424860853432,0,0.0,False,False,0.296,0.0,0.0,0.0,0.462,0.957460130206907,165.0793327942943,10.0,-7.334460309153968,,0.9994574064026045,insufficient_high_e_mass_for_uniform_scs,materials_t0_active_audit_emulation;existing_public_WBM_labels_only;t1_current_MP_used_only_as_utility_audit;not_prospective_materials_discovery;not_DFT_evidence;not_materials_primary_headline
materials_discovery,ALIGNN-FF WBM,materials_alignn_exact_stable_alpha010_K300,300,0.1,3,parc_m_evidence_targeted,0.01,107852,1079,590,0.5468025949953661,29,0.0,True,False,0.25,1.0,0.1724137931034483,0.1724137931034483,0.4066666666666667,1.5950062399613714,165.00064551324527,10.0,61.55236965117632,103.44827586206895,0.9989148128052089,,materials_t0_active_audit_emulation;existing_public_WBM_labels_only;t1_current_MP_used_only_as_utility_audit;not_prospective_materials_discovery;not_DFT_evidence;not_materials_primary_headline
materials_discovery,ALIGNN-FF WBM,materials_alignn_exact_stable_alpha010_K500,500,0.1,3,parc_m_evidence_targeted,0.01,107852,1079,590,0.5468025949953661,0,0.0,False,False,0.296,0.0,0.0,0.0,0.462,0.9570037439768228,165.00064551324527,10.0,-7.319731290348081,,0.9989148128052089,insufficient_high_e_mass_for_uniform_scs,materials_t0_active_audit_emulation;existing_public_WBM_labels_only;t1_current_MP_used_only_as_utility_audit;not_prospective_materials_discovery;not_DFT_evidence;not_materials_primary_headline
materials_discovery,ALIGNN-FF WBM,materials_alignn_exact_stable_alpha010_K300,300,0.1,3,parc_m_evidence_targeted,0.02,107852,2157,1112,0.5155308298562818,29,0.0,True,False,0.25,1.0,0.1724137931034483,0.1724137931034483,0.4066666666666667,1.5942455529163218,164.9219537499643,10.0,61.47367788789535,103.44827586206895,0.9983722192078134,,materials_t0_active_audit_emulation;existing_public_WBM_labels_only;t1_current_MP_used_only_as_utility_audit;not_prospective_materials_discovery;not_DFT_evidence;not_materials_primary_headline
materials_discovery,ALIGNN-FF WBM,materials_alignn_exact_stable_alpha010_K500,500,0.1,3,parc_m_evidence_targeted,0.02,107852,2157,1112,0.5155308298562818,0,0.0,False,False,0.296,0.0,0.0,0.0,0.462,0.9565473317497931,164.9219537499643,10.0,-7.320908305299968,,0.9983722192078134,insufficient_high_e_mass_for_uniform_scs,materials_t0_active_audit_emulation;existing_public_WBM_labels_only;t1_current_MP_used_only_as_utility_audit;not_prospective_materials_discovery;not_DFT_evidence;not_materials_primary_headline
materials_discovery,ALIGNN-FF WBM,materials_alignn_exact_stable_alpha010_K300,300,0.1,3,parc_m_evidence_targeted,0.05,107852,5393,2431,0.4507695160393102,29,0.0,True,False,0.25,1.0,0.1724137931034483,0.1724137931034483,0.4066666666666667,1.592343645556478,164.72520471273907,10.0,61.27692885067012,103.44827586206895,0.9970157352143245,,materials_t0_active_audit_emulation;existing_public_WBM_labels_only;t1_current_MP_used_only_as_utility_audit;not_prospective_materials_discovery;not_DFT_evidence;not_materials_primary_headline
materials_discovery,ALIGNN-FF WBM,materials_alignn_exact_stable_alpha010_K500,500,0.1,3,parc_m_evidence_targeted,0.05,107852,5393,2431,0.4507695160393102,0,0.0,False,False,0.296,0.0,0.0,0.0,0.462,0.9554061873338867,164.72520471273907,10.0,-7.302102664397738,,0.9970157352143245,insufficient_high_e_mass_for_uniform_scs,materials_t0_active_audit_emulation;existing_public_WBM_labels_only;t1_current_MP_used_only_as_utility_audit;not_prospective_materials_discovery;not_DFT_evidence;not_materials_primary_headline
materials_discovery,ALIGNN-FF WBM,materials_alignn_exact_stable_alpha010_K300,300,0.1,3,parc_m_evidence_targeted,0.1,107852,10785,4074,0.3777468706536857,37,0.0,True,False,0.25,1.0,0.1891891891891892,0.1891891891891892,0.4066666666666667,1.6960594857891707,164.13478894733908,10.0,8.220068834587394,81.08108108108108,0.9929462832338578,,materials_t0_active_audit_emulation;existing_public_WBM_labels_only;t1_current_MP_used_only_as_utility_audit;not_prospective_materials_discovery;not_DFT_evidence;not_materials_primary_headline
materials_discovery,ALIGNN-FF WBM,materials_alignn_exact_stable_alpha010_K500,500,0.1,3,parc_m_evidence_targeted,0.1,107852,10785,4074,0.3777468706536857,31,0.0,True,False,0.296,1.0,0.1935483870967742,0.1935483870967742,0.462,1.0176356914735023,164.13478894733908,10.0,2.844466366693922,161.29032258064515,0.9929462832338578,,materials_t0_active_audit_emulation;existing_public_WBM_labels_only;t1_current_MP_used_only_as_utility_audit;not_prospective_materials_discovery;not_DFT_evidence;not_materials_primary_headline
materials_discovery,ALIGNN-FF WBM,materials_alignn_exact_stable_alpha010_K300,300,0.1,3,parc_m_evidence_targeted,0.2,107852,21570,8299,0.3847473342605471,41,0.0,True,False,0.25,1.0,0.21951219512195122,0.21951219512195122,0.4066666666666667,2.017529896685412,163.583505136655,10.0,15.833992334556598,73.17073170731706,0.989148128052089,,materials_t0_active_audit_emulation;existing_public_WBM_labels_only;t1_current_MP_used_only_as_utility_audit;not_prospective_materials_discovery;not_DFT_evidence;not_materials_primary_headline
materials_discovery,ALIGNN-FF WBM,materials_alignn_exact_stable_alpha010_K500,500,0.1,3,parc_m_evidence_targeted,0.2,107852,21570,8299,0.3847473342605471,37,0.0,True,False,0.296,1.0,0.1891891891891892,0.1891891891891892,0.462,1.210517938011247,163.583505136655,10.0,28.448370001519862,135.13513513513513,0.989148128052089,,materials_t0_active_audit_emulation;existing_public_WBM_labels_only;t1_current_MP_used_only_as_utility_audit;not_prospective_materials_discovery;not_DFT_evidence;not_materials_primary_headline
materials_discovery,ALIGNN-FF WBM,materials_alignn_exact_stable_alpha010_K300,300,0.1,3,chgnet_mace_support_targeted,0.0,107852,0,0,0.0,0,0.0,False,False,0.25,0.0,0.0,0.0,0.4066666666666667,0.23140260713426428,48.882032003220274,10.0,-7.717362091101064,,1.0,insufficient_high_e_mass_for_uniform_scs,materials_t0_active_audit_emulation;existing_public_WBM_labels_only;t1_current_MP_used_only_as_utility_audit;not_prospective_materials_discovery;not_DFT_evidence;not_materials_primary_headline
materials_discovery,ALIGNN-FF WBM,materials_alignn_exact_stable_alpha010_K500,500,0.1,3,chgnet_mace_support_targeted,0.0,107852,0,0,0.0,0,0.0,False,False,0.296,0.0,0.0,0.0,0.462,0.15672970480519394,48.882032003220274,10.0,-8.43270295194806,,1.0,insufficient_high_e_mass_for_uniform_scs,materials_t0_active_audit_emulation;existing_public_WBM_labels_only;t1_current_MP_used_only_as_utility_audit;not_prospective_materials_discovery;not_DFT_evidence;not_materials_primary_headline
materials_discovery,ALIGNN-FF WBM,materials_alignn_exact_stable_alpha010_K300,300,0.1,3,chgnet_mace_support_targeted,0.005,107852,539,111,0.20593692022263452,0,0.0,False,False,0.25,0.0,0.0,0.0,0.4066666666666667,0.23622127340123175,48.87066072969581,10.0,-7.67095300493177,,0.9997287032013022,insufficient_high_e_mass_for_uniform_scs,materials_t0_active_audit_emulation;existing_public_WBM_labels_only;t1_current_MP_used_only_as_utility_audit;not_prospective_materials_discovery;not_DFT_evidence;not_materials_primary_headline
materials_discovery,ALIGNN-FF WBM,materials_alignn_exact_stable_alpha010_K500,500,0.1,3,chgnet_mace_support_targeted,0.005,107852,539,111,0.20593692022263452,0,0.0,False,False,0.296,0.0,0.0,0.0,0.462,0.15877887840722843,48.87066072969581,10.0,-8.412211215927716,,0.9997287032013022,insufficient_high_e_mass_for_uniform_scs,materials_t0_active_audit_emulation;existing_public_WBM_labels_only;t1_current_MP_used_only_as_utility_audit;not_prospective_materials_discovery;not_DFT_evidence;not_materials_primary_headline
materials_discovery,ALIGNN-FF WBM,materials_alignn_exact_stable_alpha010_K300,300,0.1,3,chgnet_mace_support_targeted,0.01,107852,1079,222,0.2057460611677479,0,0.0,False,False,0.25,0.0,0.0,0.0,0.4066666666666667,0.237789353952089,48.84791707932139,10.0,-7.655881019404147,,0.9991861096039066,insufficient_high_e_mass_for_uniform_scs,materials_t0_active_audit_emulation;existing_public_WBM_labels_only;t1_current_MP_used_only_as_utility_audit;not_prospective_materials_discovery;not_DFT_evidence;not_materials_primary_headline
materials_discovery,ALIGNN-FF WBM,materials_alignn_exact_stable_alpha010_K500,500,0.1,3,chgnet_mace_support_targeted,0.01,107852,1079,222,0.2057460611677479,0,0.0,False,False,0.296,0.0,0.0,0.0,0.462,0.16085232263758867,48.84791707932139,10.0,-8.391476773624113,,0.9991861096039066,insufficient_high_e_mass_for_uniform_scs,materials_t0_active_audit_emulation;existing_public_WBM_labels_only;t1_current_MP_used_only_as_utility_audit;not_prospective_materials_discovery;not_DFT_evidence;not_materials_primary_headline
materials_discovery,ALIGNN-FF WBM,materials_alignn_exact_stable_alpha010_K300,300,0.1,3,chgnet_mace_support_targeted,0.02,107852,2157,378,0.17524339360222532,0,0.0,False,False,0.25,0.0,0.0,0.0,0.4066666666666667,0.23773728056843837,48.8365447022263,10.0,-7.656394131403908,,0.9989148128052089,insufficient_high_e_mass_for_uniform_scs,materials_t0_active_audit_emulation;existing_public_WBM_labels_only;t1_current_MP_used_only_as_utility_audit;not_prospective_materials_discovery;not_DFT_evidence;not_materials_primary_headline
materials_discovery,ALIGNN-FF WBM,materials_alignn_exact_stable_alpha010_K500,500,0.1,3,chgnet_mace_support_targeted,0.02,107852,2157,378,0.17524339360222532,0,0.0,False,False,0.296,0.0,0.0,0.0,0.462,0.1615451675600446,48.8365447022263,10.0,-8.384548324399553,,0.9989148128052089,insufficient_high_e_mass_for_uniform_scs,materials_t0_active_audit_emulation;existing_public_WBM_labels_only;t1_current_MP_used_only_as_utility_audit;not_prospective_materials_discovery;not_DFT_evidence;not_materials_primary_headline
materials_discovery,ALIGNN-FF WBM,materials_alignn_exact_stable_alpha010_K300,300,0.1,3,chgnet_mace_support_targeted,0.05,107852,5393,1734,0.321527906545522,41,0.0,True,False,0.25,1.0,0.21951219512195122,0.21951219512195122,0.4066666666666667,2.0286985152094634,164.4890688007673,10.0,16.32091053862257,73.17073170731706,0.9953879544221378,,materials_t0_active_audit_emulation;existing_public_WBM_labels_only;t1_current_MP_used_only_as_utility_audit;not_prospective_materials_discovery;not_DFT_evidence;not_materials_primary_headline
materials_discovery,ALIGNN-FF WBM,materials_alignn_exact_stable_alpha010_K500,500,0.1,3,chgnet_mace_support_targeted,0.05,107852,5393,1734,0.321527906545522,37,0.0,True,False,0.296,1.0,0.1891891891891892,0.1891891891891892,0.462,1.217219109125678,164.4890688007673,10.0,29.353933665632184,135.13513513513513,0.9953879544221378,,materials_t0_active_audit_emulation;existing_public_WBM_labels_only;t1_current_MP_used_only_as_utility_audit;not_prospective_materials_discovery;not_DFT_evidence;not_materials_primary_headline
materials_discovery,ALIGNN-FF WBM,materials_alignn_exact_stable_alpha010_K300,300,0.1,3,chgnet_mace_support_targeted,0.1,107852,10785,3715,0.3444598980064905,41,0.0,True,False,0.25,1.0,0.21951219512195122,0.21951219512195122,0.4066666666666667,2.023843499529364,164.0954188807592,10.0,16.109249154105598,73.17073170731706,0.9926749864351601,,materials_t0_active_audit_emulation;existing_public_WBM_labels_only;t1_current_MP_used_only_as_utility_audit;not_prospective_materials_discovery;not_DFT_evidence;not_materials_primary_headline
materials_discovery,ALIGNN-FF WBM,materials_alignn_exact_stable_alpha010_K500,500,0.1,3,chgnet_mace_support_targeted,0.1,107852,10785,3715,0.3444598980064905,37,0.0,True,False,0.296,1.0,0.1891891891891892,0.1891891891891892,0.462,1.2143060997176183,164.0954188807592,10.0,28.960283745624082,135.13513513513513,0.9926749864351601,,materials_t0_active_audit_emulation;existing_public_WBM_labels_only;t1_current_MP_used_only_as_utility_audit;not_prospective_materials_discovery;not_DFT_evidence;not_materials_primary_headline
materials_discovery,ALIGNN-FF WBM,materials_alignn_exact_stable_alpha010_K300,300,0.1,3,chgnet_mace_support_targeted,0.2,107852,21570,7468,0.3462216040797404,41,0.0,True,False,0.25,1.0,0.21951219512195122,0.21951219512195122,0.4066666666666667,2.013643428557657,163.26838609926946,10.0,15.66454882190294,73.17073170731706,0.9869777536625067,,materials_t0_active_audit_emulation;existing_public_WBM_labels_only;t1_current_MP_used_only_as_utility_audit;not_prospective_materials_discovery;not_DFT_evidence;not_materials_primary_headline
materials_discovery,ALIGNN-FF WBM,materials_alignn_exact_stable_alpha010_K500,500,0.1,3,chgnet_mace_support_targeted,0.2,107852,21570,7468,0.3462216040797404,37,0.0,True,False,0.296,1.0,0.1891891891891892,0.1891891891891892,0.462,1.2081860571345941,163.26838609926946,10.0,28.133250964134334,135.13513513513513,0.9869777536625067,,materials_t0_active_audit_emulation;existing_public_WBM_labels_only;t1_current_MP_used_only_as_utility_audit;not_prospective_materials_discovery;not_DFT_evidence;not_materials_primary_headline
materials_discovery,ALIGNN-FF WBM,materials_alignn_exact_stable_alpha010_K300,300,0.1,3,mass_gain,0.0,107852,0,0,0.0,0,0.0,False,False,0.25,0.0,0.0,0.0,0.4066666666666667,0.23140260713426428,48.882032003220274,10.0,-7.717362091101064,,1.0,insufficient_high_e_mass_for_uniform_scs,materials_t0_active_audit_emulation;existing_public_WBM_labels_only;t1_current_MP_used_only_as_utility_audit;not_prospective_materials_discovery;not_DFT_evidence;not_materials_primary_headline
materials_discovery,ALIGNN-FF WBM,materials_alignn_exact_stable_alpha010_K500,500,0.1,3,mass_gain,0.0,107852,0,0,0.0,0,0.0,False,False,0.296,0.0,0.0,0.0,0.462,0.15672970480519394,48.882032003220274,10.0,-8.43270295194806,,1.0,insufficient_high_e_mass_for_uniform_scs,materials_t0_active_audit_emulation;existing_public_WBM_labels_only;t1_current_MP_used_only_as_utility_audit;not_prospective_materials_discovery;not_DFT_evidence;not_materials_primary_headline
materials_discovery,ALIGNN-FF WBM,materials_alignn_exact_stable_alpha010_K300,300,0.1,3,mass_gain,0.005,107852,539,350,0.6493506493506493,0,0.0,False,False,0.25,0.0,0.0,0.0,0.4066666666666667,0.42295435313592117,164.88260618657026,10.0,-6.958533191982582,,0.9981009224091155,insufficient_high_e_mass_for_uniform_scs,materials_t0_active_audit_emulation;existing_public_WBM_labels_only;t1_current_MP_used_only_as_utility_audit;not_prospective_materials_discovery;not_DFT_evidence;not_materials_primary_headline
materials_discovery,ALIGNN-FF WBM,materials_alignn_exact_stable_alpha010_K500,500,0.1,3,mass_gain,0.005,107852,539,350,0.6493506493506493,0,0.0,False,False,0.296,0.0,0.0,0.0,0.462,0.2537726118815527,164.88260618657026,10.0,-7.889705089967923,,0.9981009224091155,insufficient_high_e_mass_for_uniform_scs,materials_t0_active_audit_emulation;existing_public_WBM_labels_only;t1_current_MP_used_only_as_utility_audit;not_prospective_materials_discovery;not_DFT_evidence;not_materials_primary_headline
materials_discovery,ALIGNN-FF WBM,materials_alignn_exact_stable_alpha010_K300,300,0.1,3,mass_gain,0.01,107852,1079,597,0.5532900834105653,0,0.0,False,False,0.25,0.0,0.0,0.0,0.4066666666666667,0.4226586234451662,164.76455676497005,10.0,-6.960588867299773,,0.9972870320130223,insufficient_high_e_mass_for_uniform_scs,materials_t0_active_audit_emulation;existing_public_WBM_labels_only;t1_current_MP_used_only_as_utility_audit;not_prospective_materials_discovery;not_DFT_evidence;not_materials_primary_headline
materials_discovery,ALIGNN-FF WBM,materials_alignn_exact_stable_alpha010_K500,500,0.1,3,mass_gain,0.01,107852,1079,597,0.5532900834105653,0,0.0,False,False,0.296,0.0,0.0,0.0,0.462,0.2535951740670997,164.76455676497005,10.0,-7.8910893546501235,,0.9972870320130223,insufficient_high_e_mass_for_uniform_scs,materials_t0_active_audit_emulation;existing_public_WBM_labels_only;t1_current_MP_used_only_as_utility_audit;not_prospective_materials_discovery;not_DFT_evidence;not_materials_primary_headline
materials_discovery,ALIGNN-FF WBM,materials_alignn_exact_stable_alpha010_K300,300,0.1,3,mass_gain,0.02,107852,2157,1034,0.4793694946685211,0,0.0,False,False,0.25,0.0,0.0,0.0,0.4066666666666667,0.42147541669826744,164.29225793063839,10.0,-6.9688140946971835,,0.9940314704286489,insufficient_high_e_mass_for_uniform_scs,materials_t0_active_audit_emulation;existing_public_WBM_labels_only;t1_current_MP_used_only_as_utility_audit;not_prospective_materials_discovery;not_DFT_evidence;not_materials_primary_headline
materials_discovery,ALIGNN-FF WBM,materials_alignn_exact_stable_alpha010_K500,500,0.1,3,mass_gain,0.02,107852,2157,1034,0.4793694946685211,0,0.0,False,False,0.296,0.0,0.0,0.0,0.462,0.25288525001896045,164.29225793063839,10.0,-7.89662816249956,,0.9940314704286489,insufficient_high_e_mass_for_uniform_scs,materials_t0_active_audit_emulation;existing_public_WBM_labels_only;t1_current_MP_used_only_as_utility_audit;not_prospective_materials_discovery;not_DFT_evidence;not_materials_primary_headline
materials_discovery,ALIGNN-FF WBM,materials_alignn_exact_stable_alpha010_K300,300,0.1,3,mass_gain,0.05,107852,5393,2017,0.37400333765992955,0,0.0,False,False,0.25,0.0,0.0,0.0,0.4066666666666667,0.8303154260558877,163.5047321881714,10.0,-6.419128158401854,,0.9886055344546935,insufficient_high_e_mass_for_uniform_scs,materials_t0_active_audit_emulation;existing_public_WBM_labels_only;t1_current_MP_used_only_as_utility_audit;not_prospective_materials_discovery;not_DFT_evidence;not_materials_primary_headline
materials_discovery,ALIGNN-FF WBM,materials_alignn_exact_stable_alpha010_K500,500,0.1,3,mass_gain,0.05,107852,5393,2017,0.37400333765992955,0,0.0,False,False,0.296,0.0,0.0,0.0,0.462,0.4981892556335326,163.5047321881714,10.0,-7.557281622757012,,0.9886055344546935,insufficient_high_e_mass_for_uniform_scs,materials_t0_active_audit_emulation;existing_public_WBM_labels_only;t1_current_MP_used_only_as_utility_audit;not_prospective_materials_discovery;not_DFT_evidence;not_materials_primary_headline
materials_discovery,ALIGNN-FF WBM,materials_alignn_exact_stable_alpha010_K300,300,0.1,3,mass_gain,0.1,107852,10785,3401,0.31534538711172927,0,0.0,False,False,0.25,0.0,0.0,0.0,0.4066666666666667,0.8269541224587451,162.834978577586,10.0,-5.8982527450321305,,0.9839934888768312,insufficient_high_e_mass_for_uniform_scs,materials_t0_active_audit_emulation;existing_public_WBM_labels_only;t1_current_MP_used_only_as_utility_audit;not_prospective_materials_discovery;not_DFT_evidence;not_materials_primary_headline
materials_discovery,ALIGNN-FF WBM,materials_alignn_exact_stable_alpha010_K500,500,0.1,3,mass_gain,0.1,107852,10785,3401,0.31534538711172927,0,0.0,False,False,0.296,0.0,0.0,0.0,0.462,0.49617247347524707,162.834978577586,10.0,-7.217179834830617,,0.9839934888768312,insufficient_high_e_mass_for_uniform_scs,materials_t0_active_audit_emulation;existing_public_WBM_labels_only;t1_current_MP_used_only_as_utility_audit;not_prospective_materials_discovery;not_DFT_evidence;not_materials_primary_headline
materials_discovery,ALIGNN-FF WBM,materials_alignn_exact_stable_alpha010_K300,300,0.1,3,mass_gain,0.2,107852,21570,6090,0.282336578581363,0,0.0,False,False,0.25,0.0,0.0,0.0,0.4066666666666667,0.8665614386744676,162.48026975146266,10.0,-5.906691680868472,,0.9815518176885513,insufficient_high_e_mass_for_uniform_scs,materials_t0_active_audit_emulation;existing_public_WBM_labels_only;t1_current_MP_used_only_as_utility_audit;not_prospective_materials_discovery;not_DFT_evidence;not_materials_primary_headline
materials_discovery,ALIGNN-FF WBM,materials_alignn_exact_stable_alpha010_K500,500,0.1,3,mass_gain,0.2,107852,21570,6090,0.282336578581363,0,0.0,False,False,0.296,0.0,0.0,0.0,0.462,0.5199368632046806,162.48026975146266,10.0,-7.14974926949256,,0.9815518176885513,insufficient_high_e_mass_for_uniform_scs,materials_t0_active_audit_emulation;existing_public_WBM_labels_only;t1_current_MP_used_only_as_utility_audit;not_prospective_materials_discovery;not_DFT_evidence;not_materials_primary_headline
materials_discovery,ALIGNN-FF WBM,materials_alignn_exact_stable_alpha010_K300,300,0.1,4,random,0.0,111578,0,0,0.0,0,0.0,False,False,0.26666666666666666,0.0,0.0,0.0,0.35333333333333333,0.2778746784269758,165.15801559604097,10.0,-7.400957019156433,,1.0,insufficient_high_e_mass_for_uniform_scs,materials_t0_active_audit_emulation;existing_public_WBM_labels_only;t1_current_MP_used_only_as_utility_audit;not_prospective_materials_discovery;not_DFT_evidence;not_materials_primary_headline
materials_discovery,ALIGNN-FF WBM,materials_alignn_exact_stable_alpha010_K500,500,0.1,4,random,0.0,111578,0,0,0.0,0,0.0,False,False,0.342,0.0,0.0,0.0,0.458,0.1958032828416135,165.15801559604097,10.0,-8.041967171583865,,1.0,insufficient_high_e_mass_for_uniform_scs,materials_t0_active_audit_emulation;existing_public_WBM_labels_only;t1_current_MP_used_only_as_utility_audit;not_prospective_materials_discovery;not_DFT_evidence;not_materials_primary_headline
materials_discovery,ALIGNN-FF WBM,materials_alignn_exact_stable_alpha010_K300,300,0.1,4,random,0.005,111578,558,100,0.17921146953405018,0,0.0,False,False,0.26666666666666666,0.0,0.0,0.0,0.35333333333333333,0.2778746784269758,165.15801559604097,10.0,-7.400957019156433,,1.0,insufficient_high_e_mass_for_uniform_scs,materials_t0_active_audit_emulation;existing_public_WBM_labels_only;t1_current_MP_used_only_as_utility_audit;not_prospective_materials_discovery;not_DFT_evidence;not_materials_primary_headline
materials_discovery,ALIGNN-FF WBM,materials_alignn_exact_stable_alpha010_K500,500,0.1,4,random,0.005,111578,558,100,0.17921146953405018,0,0.0,False,False,0.342,0.0,0.0,0.0,0.458,0.1958032828416135,165.15801559604097,10.0,-8.041967171583865,,1.0,insufficient_high_e_mass_for_uniform_scs,materials_t0_active_audit_emulation;existing_public_WBM_labels_only;t1_current_MP_used_only_as_utility_audit;not_prospective_materials_discovery;not_DFT_evidence;not_materials_primary_headline
materials_discovery,ALIGNN-FF WBM,materials_alignn_exact_stable_alpha010_K300,300,0.1,4,random,0.01,111578,1116,185,0.16577060931899643,0,0.0,False,False,0.26666666666666666,0.0,0.0,0.0,0.35333333333333333,0.2778746784269758,165.15801559604097,10.0,-7.400957019156433,,1.0,insufficient_high_e_mass_for_uniform_scs,materials_t0_active_audit_emulation;existing_public_WBM_labels_only;t1_current_MP_used_only_as_utility_audit;not_prospective_materials_discovery;not_DFT_evidence;not_materials_primary_headline
materials_discovery,ALIGNN-FF WBM,materials_alignn_exact_stable_alpha010_K500,500,0.1,4,random,0.01,111578,1116,185,0.16577060931899643,0,0.0,False,False,0.342,0.0,0.0,0.0,0.458,0.1958032828416135,165.15801559604097,10.0,-8.041967171583865,,1.0,insufficient_high_e_mass_for_uniform_scs,materials_t0_active_audit_emulation;existing_public_WBM_labels_only;t1_current_MP_used_only_as_utility_audit;not_prospective_materials_discovery;not_DFT_evidence;not_materials_primary_headline
materials_discovery,ALIGNN-FF WBM,materials_alignn_exact_stable_alpha010_K300,300,0.1,4,random,0.02,111578,2232,355,0.15905017921146952,0,0.0,False,False,0.26666666666666666,0.0,0.0,0.0,0.35333333333333333,0.2778123253168619,165.1186747548975,10.0,-7.3811622051919095,,0.9997287032013022,insufficient_high_e_mass_for_uniform_scs,materials_t0_active_audit_emulation;existing_public_WBM_labels_only;t1_current_MP_used_only_as_utility_audit;not_prospective_materials_discovery;not_DFT_evidence;not_materials_primary_headline
materials_discovery,ALIGNN-FF WBM,materials_alignn_exact_stable_alpha010_K500,500,0.1,4,random,0.02,111578,2232,355,0.15905017921146952,0,0.0,False,False,0.342,0.0,0.0,0.0,0.458,0.19576061822050755,165.1186747548975,10.0,-8.042393817794924,,0.9997287032013022,insufficient_high_e_mass_for_uniform_scs,materials_t0_active_audit_emulation;existing_public_WBM_labels_only;t1_current_MP_used_only_as_utility_audit;not_prospective_materials_discovery;not_DFT_evidence;not_materials_primary_headline
materials_discovery,ALIGNN-FF WBM,materials_alignn_exact_stable_alpha010_K300,300,0.1,4,random,0.05,111578,5579,855,0.15325327119555476,0,0.0,False,False,0.26666666666666666,0.0,0.0,0.0,0.35333333333333333,0.27774996984224015,165.0793327942943,10.0,-7.339974616790331,,0.9994574064026045,insufficient_high_e_mass_for_uniform_scs,materials_t0_active_audit_emulation;existing_public_WBM_labels_only;t1_current_MP_used_only_as_utility_audit;not_prospective_materials_discovery;not_DFT_evidence;not_materials_primary_headline
materials_discovery,ALIGNN-FF WBM,materials_alignn_exact_stable_alpha010_K500,500,0.1,4,random,0.05,111578,5579,855,0.15325327119555476,0,0.0,False,False,0.342,0.0,0.0,0.0,0.458,0.19908424878062828,165.0793327942943,10.0,-8.009157512193717,,0.9994574064026045,insufficient_high_e_mass_for_uniform_scs,materials_t0_active_audit_emulation;existing_public_WBM_labels_only;t1_current_MP_used_only_as_utility_audit;not_prospective_materials_discovery;not_DFT_evidence;not_materials_primary_headline
materials_discovery,ALIGNN-FF WBM,materials_alignn_exact_stable_alpha010_K300,300,0.1,4,random,0.1,111578,11158,1776,0.15916830973292706,0,0.0,False,False,0.26666666666666666,0.0,0.0,0.0,0.35333333333333333,0.2945036833679205,165.0793327942943,10.0,-7.318554372583019,,0.9994574064026045,insufficient_high_e_mass_for_uniform_scs,materials_t0_active_audit_emulation;existing_public_WBM_labels_only;t1_current_MP_used_only_as_utility_audit;not_prospective_materials_discovery;not_DFT_evidence;not_materials_primary_headline
materials_discovery,ALIGNN-FF WBM,materials_alignn_exact_stable_alpha010_K500,500,0.1,4,random,0.1,111578,11158,1776,0.15916830973292706,0,0.0,False,False,0.342,0.0,0.0,0.0,0.458,0.2013981683831416,165.0793327942943,10.0,-7.986018316168584,,0.9994574064026045,insufficient_high_e_mass_for_uniform_scs,materials_t0_active_audit_emulation;existing_public_WBM_labels_only;t1_current_MP_used_only_as_utility_audit;not_prospective_materials_discovery;not_DFT_evidence;not_materials_primary_headline
materials_discovery,ALIGNN-FF WBM,materials_alignn_exact_stable_alpha010_K300,300,0.1,4,random,0.2,111578,22316,3472,0.15558343789209536,0,0.0,False,False,0.26666666666666666,0.0,0.0,0.0,0.35333333333333333,0.3131546909690748,164.84325750151808,10.0,-7.2093455910466275,,0.9978296256104178,insufficient_high_e_mass_for_uniform_scs,materials_t0_active_audit_emulation;existing_public_WBM_labels_only;t1_current_MP_used_only_as_utility_audit;not_prospective_materials_discovery;not_DFT_evidence;not_materials_primary_headline
materials_discovery,ALIGNN-FF WBM,materials_alignn_exact_stable_alpha010_K500,500,0.1,4,random,0.2,111578,22316,3472,0.15558343789209536,0,0.0,False,False,0.342,0.0,0.0,0.0,0.458,0.20842552046221763,164.84325750151808,10.0,-7.915744795377824,,0.9978296256104178,insufficient_high_e_mass_for_uniform_scs,materials_t0_active_audit_emulation;existing_public_WBM_labels_only;t1_current_MP_used_only_as_utility_audit;not_prospective_materials_discovery;not_DFT_evidence;not_materials_primary_headline
materials_discovery,ALIGNN-FF WBM,materials_alignn_exact_stable_alpha010_K300,300,0.1,4,raw_score_targeted,0.0,111578,0,0,0.0,0,0.0,False,False,0.26666666666666666,0.0,0.0,0.0,0.35333333333333333,0.2778746784269758,165.15801559604097,10.0,-7.400957019156433,,1.0,insufficient_high_e_mass_for_uniform_scs,materials_t0_active_audit_emulation;existing_public_WBM_labels_only;t1_current_MP_used_only_as_utility_audit;not_prospective_materials_discovery;not_DFT_evidence;not_materials_primary_headline
materials_discovery,ALIGNN-FF WBM,materials_alignn_exact_stable_alpha010_K500,500,0.1,4,raw_score_targeted,0.0,111578,0,0,0.0,0,0.0,False,False,0.342,0.0,0.0,0.0,0.458,0.1958032828416135,165.15801559604097,10.0,-8.041967171583865,,1.0,insufficient_high_e_mass_for_uniform_scs,materials_t0_active_audit_emulation;existing_public_WBM_labels_only;t1_current_MP_used_only_as_utility_audit;not_prospective_materials_discovery;not_DFT_evidence;not_materials_primary_headline
materials_discovery,ALIGNN-FF WBM,materials_alignn_exact_stable_alpha010_K300,300,0.1,4,raw_score_targeted,0.005,111578,558,352,0.6308243727598566,103,0.07766990291262135,True,False,0.26666666666666666,1.0,0.20388349514563106,0.20388349514563106,0.35333333333333333,3.684135704289496,164.961300192067,10.0,11.009956303889894,29.126213592233007,0.9986435160065111,,materials_t0_active_audit_emulation;existing_public_WBM_labels_only;t1_current_MP_used_only_as_utility_audit;not_prospective_materials_discovery;not_DFT_evidence;not_materials_primary_headline
materials_discovery,ALIGNN-FF WBM,materials_alignn_exact_stable_alpha010_K500,500,0.1,4,raw_score_targeted,0.005,111578,558,352,0.6308243727598566,88,0.07954545454545454,True,False,0.342,1.0,0.20454545454545456,0.20454545454545456,0.458,2.2104814225736975,164.961300192067,10.0,6.040734596892804,56.81818181818181,0.9986435160065111,,materials_t0_active_audit_emulation;existing_public_WBM_labels_only;t1_current_MP_used_only_as_utility_audit;not_prospective_materials_discovery;not_DFT_evidence;not_materials_primary_headline
materials_discovery,ALIGNN-FF WBM,materials_alignn_exact_stable_alpha010_K300,300,0.1,4,raw_score_targeted,0.01,111578,1116,650,0.5824372759856631,103,0.07766990291262135,True,False,0.26666666666666666,1.0,0.20388349514563106,0.20388349514563106,0.35333333333333333,3.6823782048334026,164.88260618657026,10.0,10.991329870890567,29.126213592233007,0.9981009224091155,,materials_t0_active_audit_emulation;existing_public_WBM_labels_only;t1_current_MP_used_only_as_utility_audit;not_prospective_materials_discovery;not_DFT_evidence;not_materials_primary_headline
materials_discovery,ALIGNN-FF WBM,materials_alignn_exact_stable_alpha010_K500,500,0.1,4,raw_score_targeted,0.01,111578,1116,650,0.5824372759856631,88,0.07954545454545454,True,False,0.342,1.0,0.20454545454545456,0.20454545454545456,0.458,2.2094269229000414,164.88260618657026,10.0,6.011304317633609,56.81818181818181,0.9981009224091155,,materials_t0_active_audit_emulation;existing_public_WBM_labels_only;t1_current_MP_used_only_as_utility_audit;not_prospective_materials_discovery;not_DFT_evidence;not_materials_primary_headline
materials_discovery,ALIGNN-FF WBM,materials_alignn_exact_stable_alpha010_K300,300,0.1,4,raw_score_targeted,0.02,111578,2232,1216,0.5448028673835126,103,0.07766990291262135,True,False,0.26666666666666666,1.0,0.20388349514563106,0.20388349514563106,0.35333333333333333,3.6797417677509983,164.76455676497005,10.0,10.963387914956286,29.126213592233007,0.9972870320130223,,materials_t0_active_audit_emulation;existing_public_WBM_labels_only;t1_current_MP_used_only_as_utility_audit;not_prospective_materials_discovery;not_DFT_evidence;not_materials_primary_headline
materials_discovery,ALIGNN-FF WBM,materials_alignn_exact_stable_alpha010_K500,500,0.1,4,raw_score_targeted,0.02,111578,2232,1216,0.5448028673835126,88,0.07954545454545454,True,False,0.342,1.0,0.20454545454545456,0.20454545454545456,0.458,2.207845060650599,164.76455676497005,10.0,5.967155411193843,56.81818181818181,0.9972870320130223,,materials_t0_active_audit_emulation;existing_public_WBM_labels_only;t1_current_MP_used_only_as_utility_audit;not_prospective_materials_discovery;not_DFT_evidence;not_materials_primary_headline
materials_discovery,ALIGNN-FF WBM,materials_alignn_exact_stable_alpha010_K300,300,0.1,4,raw_score_targeted,0.05,111578,5579,2585,0.46334468542749596,103,0.07766990291262135,True,False,0.26666666666666666,1.0,0.20388349514563106,0.20388349514563106,0.35333333333333333,3.6683145964090484,164.25289237652456,10.0,10.842274058968194,29.126213592233007,0.9937601736299512,,materials_t0_active_audit_emulation;existing_public_WBM_labels_only;t1_current_MP_used_only_as_utility_audit;not_prospective_materials_discovery;not_DFT_evidence;not_materials_primary_headline
materials_discovery,ALIGNN-FF WBM,materials_alignn_exact_stable_alpha010_K500,500,0.1,4,raw_score_targeted,0.05,111578,5579,2585,0.46334468542749596,88,0.07954545454545454,True,False,0.342,1.0,0.20454545454545456,0.20454545454545456,0.458,2.2009887578454292,164.25289237652456,10.0,5.775795025880363,56.81818181818181,0.9937601736299512,,materials_t0_active_audit_emulation;existing_public_WBM_labels_only;t1_current_MP_used_only_as_utility_audit;not_prospective_materials_discovery;not_DFT_evidence;not_materials_primary_headline
materials_discovery,ALIGNN-FF WBM,materials_alignn_exact_stable_alpha010_K300,300,0.1,4,raw_score_targeted,0.1,111578,11158,4331,0.38815199856605126,103,0.07766990291262135,True,False,0.26666666666666666,1.0,0.20388349514563106,0.20388349514563106,0.35333333333333333,3.655124109273567,163.66227354956268,10.0,10.702462366906332,29.126213592233007,0.9896907216494846,,materials_t0_active_audit_emulation;existing_public_WBM_labels_only;t1_current_MP_used_only_as_utility_audit;not_prospective_materials_discovery;not_DFT_evidence;not_materials_primary_headline
materials_discovery,ALIGNN-FF WBM,materials_alignn_exact_stable_alpha010_K500,500,0.1,4,raw_score_targeted,0.1,111578,11158,4331,0.38815199856605126,88,0.07954545454545454,True,False,0.342,1.0,0.20454545454545456,0.20454545454545456,0.458,2.1930744655641403,163.66227354956268,10.0,5.554896396616606,56.81818181818181,0.9896907216494846,,materials_t0_active_audit_emulation;existing_public_WBM_labels_only;t1_current_MP_used_only_as_utility_audit;not_prospective_materials_discovery;not_DFT_evidence;not_materials_primary_headline
materials_discovery,ALIGNN-FF WBM,materials_alignn_exact_stable_alpha010_K300,300,0.1,4,raw_score_targeted,0.2,111578,22316,8599,0.3853289119913963,103,0.07766990291262135,True,False,0.26666666666666666,1.0,0.20388349514563106,0.20388349514563106,0.35333333333333333,3.6384079811304657,162.91379019987158,10.0,10.525267151807071,29.126213592233007,0.9845360824742269,,materials_t0_active_audit_emulation;existing_public_WBM_labels_only;t1_current_MP_used_only_as_utility_audit;not_prospective_materials_discovery;not_DFT_evidence;not_materials_primary_headline
materials_discovery,ALIGNN-FF WBM,materials_alignn_exact_stable_alpha010_K500,500,0.1,4,raw_score_targeted,0.2,111578,22316,8599,0.3853289119913963,88,0.07954545454545454,True,False,0.342,1.0,0.20454545454545456,0.20454545454545456,0.458,2.1830447886782793,162.91379019987158,10.0,5.274939654622834,56.81818181818181,0.9845360824742269,,materials_t0_active_audit_emulation;existing_public_WBM_labels_only;t1_current_MP_used_only_as_utility_audit;not_prospective_materials_discovery;not_DFT_evidence;not_materials_primary_headline
materials_discovery,ALIGNN-FF WBM,materials_alignn_exact_stable_alpha010_K300,300,0.1,4,parc_m_evidence_targeted,0.0,111578,0,0,0.0,0,0.0,False,False,0.26666666666666666,0.0,0.0,0.0,0.35333333333333333,0.2778746784269758,165.15801559604097,10.0,-7.400957019156433,,1.0,insufficient_high_e_mass_for_uniform_scs,materials_t0_active_audit_emulation;existing_public_WBM_labels_only;t1_current_MP_used_only_as_utility_audit;not_prospective_materials_discovery;not_DFT_evidence;not_materials_primary_headline
materials_discovery,ALIGNN-FF WBM,materials_alignn_exact_stable_alpha010_K500,500,0.1,4,parc_m_evidence_targeted,0.0,111578,0,0,0.0,0,0.0,False,False,0.342,0.0,0.0,0.0,0.458,0.1958032828416135,165.15801559604097,10.0,-8.041967171583865,,1.0,insufficient_high_e_mass_for_uniform_scs,materials_t0_active_audit_emulation;existing_public_WBM_labels_only;t1_current_MP_used_only_as_utility_audit;not_prospective_materials_discovery;not_DFT_evidence;not_materials_primary_headline
materials_discovery,ALIGNN-FF WBM,materials_alignn_exact_stable_alpha010_K300,300,0.1,4,parc_m_evidence_targeted,0.005,111578,558,349,0.6254480286738351,102,0.0784313725490196,True,False,0.26666666666666666,1.0,0.20588235294117646,0.20588235294117646,0.35333333333333333,2.091503213562035,165.1186747548975,10.0,0.4836489599649312,29.41176470588235,0.9997287032013022,,materials_t0_active_audit_emulation;existing_public_WBM_labels_only;t1_current_MP_used_only_as_utility_audit;not_prospective_materials_discovery;not_DFT_evidence;not_materials_primary_headline
materials_discovery,ALIGNN-FF WBM,materials_alignn_exact_stable_alpha010_K500,500,0.1,4,parc_m_evidence_targeted,0.005,111578,558,349,0.6254480286738351,38,0.0,True,False,0.342,1.0,0.23684210526315788,0.23684210526315788,0.458,1.2549019281372211,165.1186747548975,10.0,33.53972738647647,131.57894736842104,0.9997287032013022,,materials_t0_active_audit_emulation;existing_public_WBM_labels_only;t1_current_MP_used_only_as_utility_audit;not_prospective_materials_discovery;not_DFT_evidence;not_materials_primary_headline
materials_discovery,ALIGNN-FF WBM,materials_alignn_exact_stable_alpha010_K300,300,0.1,4,parc_m_evidence_targeted,0.01,111578,1116,641,0.5743727598566308,102,0.0784313725490196,True,False,0.26666666666666666,1.0,0.20588235294117646,0.20588235294117646,0.35333333333333333,2.0910048820610614,165.0793327942943,10.0,0.4767599356497385,29.41176470588235,0.9994574064026045,,materials_t0_active_audit_emulation;existing_public_WBM_labels_only;t1_current_MP_used_only_as_utility_audit;not_prospective_materials_discovery;not_DFT_evidence;not_materials_primary_headline
materials_discovery,ALIGNN-FF WBM,materials_alignn_exact_stable_alpha010_K500,500,0.1,4,parc_m_evidence_targeted,0.01,111578,1116,641,0.5743727598566308,38,0.0,True,False,0.342,1.0,0.23684210526315788,0.23684210526315788,0.458,1.2546029292366367,165.0793327942943,10.0,33.50038542587325,131.57894736842104,0.9994574064026045,,materials_t0_active_audit_emulation;existing_public_WBM_labels_only;t1_current_MP_used_only_as_utility_audit;not_prospective_materials_discovery;not_DFT_evidence;not_materials_primary_headline
materials_discovery,ALIGNN-FF WBM,materials_alignn_exact_stable_alpha010_K300,300,0.1,4,parc_m_evidence_targeted,0.02,111578,2232,1211,0.5425627240143369,102,0.0784313725490196,True,False,0.26666666666666666,1.0,0.20588235294117646,0.20588235294117646,0.35333333333333333,2.0905065363756314,165.03998971386562,10.0,0.4698706778409871,29.41176470588235,0.9991861096039066,,materials_t0_active_audit_emulation;existing_public_WBM_labels_only;t1_current_MP_used_only_as_utility_audit;not_prospective_materials_discovery;not_DFT_evidence;not_materials_primary_headline
materials_discovery,ALIGNN-FF WBM,materials_alignn_exact_stable_alpha010_K500,500,0.1,4,parc_m_evidence_targeted,0.02,111578,2232,1211,0.5425627240143369,38,0.0,True,False,0.342,1.0,0.23684210526315788,0.23684210526315788,0.458,1.2543039218253789,165.03998971386562,10.0,33.46104234544458,131.57894736842104,0.9991861096039066,,materials_t0_active_audit_emulation;existing_public_WBM_labels_only;t1_current_MP_used_only_as_utility_audit;not_prospective_materials_discovery;not_DFT_evidence;not_materials_primary_headline
materials_discovery,ALIGNN-FF WBM,materials_alignn_exact_stable_alpha010_K300,300,0.1,4,parc_m_evidence_targeted,0.05,111578,5579,2571,0.46083527513891376,103,0.07766990291262135,True,False,0.26666666666666666,1.0,0.20388349514563106,0.20388349514563106,0.35333333333333333,2.0850237963335134,164.60714181580366,10.0,0.679624522572432,29.126213592233007,0.9962018448182312,,materials_t0_active_audit_emulation;existing_public_WBM_labels_only;t1_current_MP_used_only_as_utility_audit;not_prospective_materials_discovery;not_DFT_evidence;not_materials_primary_headline
materials_discovery,ALIGNN-FF WBM,materials_alignn_exact_stable_alpha010_K500,500,0.1,4,parc_m_evidence_targeted,0.05,111578,5579,2571,0.46083527513891376,67,0.0,True,False,0.342,1.0,0.16417910447761194,0.16417910447761194,0.458,1.2510142778001079,164.60714181580366,10.0,14.928262371306374,74.6268656716418,0.9962018448182312,,materials_t0_active_audit_emulation;existing_public_WBM_labels_only;t1_current_MP_used_only_as_utility_audit;not_prospective_materials_discovery;not_DFT_evidence;not_materials_primary_headline
materials_discovery,ALIGNN-FF WBM,materials_alignn_exact_stable_alpha010_K300,300,0.1,4,parc_m_evidence_targeted,0.1,111578,11158,4287,0.38420863954113643,103,0.07766990291262135,True,False,0.26666666666666666,1.0,0.20388349514563106,0.20388349514563106,0.35333333333333333,3.664797688336956,164.0954188807592,10.0,4.89747128205962,29.126213592233007,0.9926749864351601,,materials_t0_active_audit_emulation;existing_public_WBM_labels_only;t1_current_MP_used_only_as_utility_audit;not_prospective_materials_discovery;not_DFT_evidence;not_materials_primary_headline
materials_discovery,ALIGNN-FF WBM,materials_alignn_exact_stable_alpha010_K500,500,0.1,4,parc_m_evidence_targeted,0.1,111578,11158,4287,0.38420863954113643,81,0.04938271604938271,True,False,0.342,1.0,0.18518518518518517,0.18518518518518517,0.458,2.1988786130021736,164.0954188807592,10.0,0.8066857866865078,61.7283950617284,0.9926749864351601,,materials_t0_active_audit_emulation;existing_public_WBM_labels_only;t1_current_MP_used_only_as_utility_audit;not_prospective_materials_discovery;not_DFT_evidence;not_materials_primary_headline
materials_discovery,ALIGNN-FF WBM,materials_alignn_exact_stable_alpha010_K300,300,0.1,4,parc_m_evidence_targeted,0.2,111578,22316,8673,0.3886449184441656,103,0.07766990291262135,True,False,0.26666666666666666,1.0,0.20388349514563106,0.20388349514563106,0.35333333333333333,3.6489666016879156,163.38656425468278,10.0,10.63719300737037,29.126213592233007,0.9877916440586001,,materials_t0_active_audit_emulation;existing_public_WBM_labels_only;t1_current_MP_used_only_as_utility_audit;not_prospective_materials_discovery;not_DFT_evidence;not_materials_primary_headline
materials_discovery,ALIGNN-FF WBM,materials_alignn_exact_stable_alpha010_K500,500,0.1,4,parc_m_evidence_targeted,0.2,111578,22316,8673,0.3886449184441656,88,0.07954545454545454,True,False,0.342,1.0,0.20454545454545456,0.20454545454545456,0.458,2.1893799610127496,163.38656425468278,10.0,5.451774227847494,56.81818181818181,0.9877916440586001,,materials_t0_active_audit_emulation;existing_public_WBM_labels_only;t1_current_MP_used_only_as_utility_audit;not_prospective_materials_discovery;not_DFT_evidence;not_materials_primary_headline
materials_discovery,ALIGNN-FF WBM,materials_alignn_exact_stable_alpha010_K300,300,0.1,4,chgnet_mace_support_targeted,0.0,111578,0,0,0.0,0,0.0,False,False,0.26666666666666666,0.0,0.0,0.0,0.35333333333333333,0.2778746784269758,165.15801559604097,10.0,-7.400957019156433,,1.0,insufficient_high_e_mass_for_uniform_scs,materials_t0_active_audit_emulation;existing_public_WBM_labels_only;t1_current_MP_used_only_as_utility_audit;not_prospective_materials_discovery;not_DFT_evidence;not_materials_primary_headline
materials_discovery,ALIGNN-FF WBM,materials_alignn_exact_stable_alpha010_K500,500,0.1,4,chgnet_mace_support_targeted,0.0,111578,0,0,0.0,0,0.0,False,False,0.342,0.0,0.0,0.0,0.458,0.1958032828416135,165.15801559604097,10.0,-8.041967171583865,,1.0,insufficient_high_e_mass_for_uniform_scs,materials_t0_active_audit_emulation;existing_public_WBM_labels_only;t1_current_MP_used_only_as_utility_audit;not_prospective_materials_discovery;not_DFT_evidence;not_materials_primary_headline
materials_discovery,ALIGNN-FF WBM,materials_alignn_exact_stable_alpha010_K300,300,0.1,4,chgnet_mace_support_targeted,0.005,111578,558,119,0.2132616487455197,0,0.0,False,False,0.26666666666666666,0.0,0.0,0.0,0.35333333333333333,0.29437128434997567,165.00064551324527,10.0,-7.275783565565255,,0.9989148128052089,insufficient_high_e_mass_for_uniform_scs,materials_t0_active_audit_emulation;existing_public_WBM_labels_only;t1_current_MP_used_only_as_utility_audit;not_prospective_materials_discovery;not_DFT_evidence;not_materials_primary_headline
materials_discovery,ALIGNN-FF WBM,materials_alignn_exact_stable_alpha010_K500,500,0.1,4,chgnet_mace_support_targeted,0.005,111578,558,119,0.2132616487455197,0,0.0,False,False,0.342,0.0,0.0,0.0,0.458,0.2013103006171964,165.00064551324527,10.0,-7.9868969938280365,,0.9989148128052089,insufficient_high_e_mass_for_uniform_scs,materials_t0_active_audit_emulation;existing_public_WBM_labels_only;t1_current_MP_used_only_as_utility_audit;not_prospective_materials_discovery;not_DFT_evidence;not_materials_primary_headline
materials_discovery,ALIGNN-FF WBM,materials_alignn_exact_stable_alpha010_K300,300,0.1,4,chgnet_mace_support_targeted,0.01,111578,1116,220,0.1971326164874552,0,0.0,False,False,0.26666666666666666,0.0,0.0,0.0,0.35333333333333333,0.2942388753286107,164.9219537499643,10.0,-7.276980286007062,,0.9983722192078134,insufficient_high_e_mass_for_uniform_scs,materials_t0_active_audit_emulation;existing_public_WBM_labels_only;t1_current_MP_used_only_as_utility_audit;not_prospective_materials_discovery;not_DFT_evidence;not_materials_primary_headline
materials_discovery,ALIGNN-FF WBM,materials_alignn_exact_stable_alpha010_K500,500,0.1,4,chgnet_mace_support_targeted,0.01,111578,1116,220,0.1971326164874552,0,0.0,False,False,0.342,0.0,0.0,0.0,0.458,0.20240005370002465,164.9219537499643,10.0,-7.975999462999754,,0.9983722192078134,insufficient_high_e_mass_for_uniform_scs,materials_t0_active_audit_emulation;existing_public_WBM_labels_only;t1_current_MP_used_only_as_utility_audit;not_prospective_materials_discovery;not_DFT_evidence;not_materials_primary_headline
materials_discovery,ALIGNN-FF WBM,materials_alignn_exact_stable_alpha010_K300,300,0.1,4,chgnet_mace_support_targeted,0.02,111578,2232,379,0.16980286738351255,0,0.0,False,False,0.26666666666666666,0.0,0.0,0.0,0.35333333333333333,0.2942388753286107,164.9219537499643,10.0,-7.276980286007062,,0.9983722192078134,insufficient_high_e_mass_for_uniform_scs,materials_t0_active_audit_emulation;existing_public_WBM_labels_only;t1_current_MP_used_only_as_utility_audit;not_prospective_materials_discovery;not_DFT_evidence;not_materials_primary_headline
materials_discovery,ALIGNN-FF WBM,materials_alignn_exact_stable_alpha010_K500,500,0.1,4,chgnet_mace_support_targeted,0.02,111578,2232,379,0.16980286738351255,0,0.0,False,False,0.342,0.0,0.0,0.0,0.458,0.20359252043711978,164.9219537499643,10.0,-7.964074795628802,,0.9983722192078134,insufficient_high_e_mass_for_uniform_scs,materials_t0_active_audit_emulation;existing_public_WBM_labels_only;t1_current_MP_used_only_as_utility_audit;not_prospective_materials_discovery;not_DFT_evidence;not_materials_primary_headline
materials_discovery,ALIGNN-FF WBM,materials_alignn_exact_stable_alpha010_K300,300,0.1,4,chgnet_mace_support_targeted,0.05,111578,5579,1872,0.3355440043018462,103,0.07766990291262135,True,False,0.26666666666666666,1.0,0.20388349514563106,0.20388349514563106,0.35333333333333333,3.671831101566229,164.4103478313237,10.0,10.879545414839612,29.126213592233007,0.9948453608247423,,materials_t0_active_audit_emulation;existing_public_WBM_labels_only;t1_current_MP_used_only_as_utility_audit;not_prospective_materials_discovery;not_DFT_evidence;not_materials_primary_headline
materials_discovery,ALIGNN-FF WBM,materials_alignn_exact_stable_alpha010_K500,500,0.1,4,chgnet_mace_support_targeted,0.05,111578,5579,1872,0.3355440043018462,88,0.07954545454545454,True,False,0.342,1.0,0.20454545454545456,0.20454545454545456,0.458,2.2030986609397374,164.4103478313237,10.0,5.834683542479027,56.81818181818181,0.9948453608247423,,materials_t0_active_audit_emulation;existing_public_WBM_labels_only;t1_current_MP_used_only_as_utility_audit;not_prospective_materials_discovery;not_DFT_evidence;not_materials_primary_headline
materials_discovery,ALIGNN-FF WBM,materials_alignn_exact_stable_alpha010_K300,300,0.1,4,chgnet_mace_support_targeted,0.1,111578,11158,3921,0.35140706219752643,103,0.07766990291262135,True,False,0.26666666666666666,1.0,0.20388349514563106,0.20388349514563106,0.35333333333333333,3.658642128100605,163.8197967806241,10.0,10.739752305843211,29.126213592233007,0.9907759088442757,,materials_t0_active_audit_emulation;existing_public_WBM_labels_only;t1_current_MP_used_only_as_utility_audit;not_prospective_materials_discovery;not_DFT_evidence;not_materials_primary_headline
materials_discovery,ALIGNN-FF WBM,materials_alignn_exact_stable_alpha010_K500,500,0.1,4,chgnet_mace_support_targeted,0.1,111578,11158,3921,0.35140706219752643,88,0.07954545454545454,True,False,0.342,1.0,0.20454545454545456,0.20454545454545456,0.458,2.195185276860363,163.8197967806241,10.0,5.613813011292521,56.81818181818181,0.9907759088442757,,materials_t0_active_audit_emulation;existing_public_WBM_labels_only;t1_current_MP_used_only_as_utility_audit;not_prospective_materials_discovery;not_DFT_evidence;not_materials_primary_headline
materials_discovery,ALIGNN-FF WBM,materials_alignn_exact_stable_alpha010_K300,300,0.1,4,chgnet_mace_support_targeted,0.2,111578,22316,7851,0.35181036027962,103,0.07766990291262135,True,False,0.26666666666666666,1.0,0.20388349514563106,0.20388349514563106,0.35333333333333333,3.6401680054952803,162.9925972609827,10.0,10.543924583271512,29.126213592233007,0.9850786760716224,,materials_t0_active_audit_emulation;existing_public_WBM_labels_only;t1_current_MP_used_only_as_utility_audit;not_prospective_materials_discovery;not_DFT_evidence;not_materials_primary_headline
materials_discovery,ALIGNN-FF WBM,materials_alignn_exact_stable_alpha010_K500,500,0.1,4,chgnet_mace_support_targeted,0.2,111578,22316,7851,0.35181036027962,88,0.07954545454545454,True,False,0.342,1.0,0.20454545454545456,0.20454545454545456,0.458,2.1841008032971683,162.9925972609827,10.0,5.304416804100143,56.81818181818181,0.9850786760716224,,materials_t0_active_audit_emulation;existing_public_WBM_labels_only;t1_current_MP_used_only_as_utility_audit;not_prospective_materials_discovery;not_DFT_evidence;not_materials_primary_headline
materials_discovery,ALIGNN-FF WBM,materials_alignn_exact_stable_alpha010_K300,300,0.1,4,mass_gain,0.0,111578,0,0,0.0,0,0.0,False,False,0.26666666666666666,0.0,0.0,0.0,0.35333333333333333,0.2778746784269758,165.15801559604097,10.0,-7.400957019156433,,1.0,insufficient_high_e_mass_for_uniform_scs,materials_t0_active_audit_emulation;existing_public_WBM_labels_only;t1_current_MP_used_only_as_utility_audit;not_prospective_materials_discovery;not_DFT_evidence;not_materials_primary_headline
materials_discovery,ALIGNN-FF WBM,materials_alignn_exact_stable_alpha010_K500,500,0.1,4,mass_gain,0.0,111578,0,0,0.0,0,0.0,False,False,0.342,0.0,0.0,0.0,0.458,0.1958032828416135,165.15801559604097,10.0,-8.041967171583865,,1.0,insufficient_high_e_mass_for_uniform_scs,materials_t0_active_audit_emulation;existing_public_WBM_labels_only;t1_current_MP_used_only_as_utility_audit;not_prospective_materials_discovery;not_DFT_evidence;not_materials_primary_headline
materials_discovery,ALIGNN-FF WBM,materials_alignn_exact_stable_alpha010_K300,300,0.1,4,mass_gain,0.005,111578,558,368,0.6594982078853047,0,0.0,False,False,0.26666666666666666,0.0,0.0,0.0,0.35333333333333333,0.7477032924621295,164.9219537499643,10.0,-6.190330041345217,,0.9983722192078134,insufficient_high_e_mass_for_uniform_scs,materials_t0_active_audit_emulation;existing_public_WBM_labels_only;t1_current_MP_used_only_as_utility_audit;not_prospective_materials_discovery;not_DFT_evidence;not_materials_primary_headline
materials_discovery,ALIGNN-FF WBM,materials_alignn_exact_stable_alpha010_K500,500,0.1,4,mass_gain,0.005,111578,558,368,0.6594982078853047,0,0.0,False,False,0.342,0.0,0.0,0.0,0.458,0.4486219754772777,164.9219537499643,10.0,-7.184327399646865,,0.9983722192078134,insufficient_high_e_mass_for_uniform_scs,materials_t0_active_audit_emulation;existing_public_WBM_labels_only;t1_current_MP_used_only_as_utility_audit;not_prospective_materials_discovery;not_DFT_evidence;not_materials_primary_headline
materials_discovery,ALIGNN-FF WBM,materials_alignn_exact_stable_alpha010_K300,300,0.1,4,mass_gain,0.01,111578,1116,602,0.5394265232974911,0,0.0,False,False,0.26666666666666666,0.0,0.0,0.0,0.35333333333333333,0.7469980560831124,164.76455676497005,10.0,-6.193702499252652,,0.9972870320130223,insufficient_high_e_mass_for_uniform_scs,materials_t0_active_audit_emulation;existing_public_WBM_labels_only;t1_current_MP_used_only_as_utility_audit;not_prospective_materials_discovery;not_DFT_evidence;not_materials_primary_headline
materials_discovery,ALIGNN-FF WBM,materials_alignn_exact_stable_alpha010_K500,500,0.1,4,mass_gain,0.01,111578,1116,602,0.5394265232974911,0,0.0,False,False,0.342,0.0,0.0,0.0,0.458,0.4481988336498674,164.76455676497005,10.0,-7.18680431441112,,0.9972870320130223,insufficient_high_e_mass_for_uniform_scs,materials_t0_active_audit_emulation;existing_public_WBM_labels_only;t1_current_MP_used_only_as_utility_audit;not_prospective_materials_discovery;not_DFT_evidence;not_materials_primary_headline
materials_discovery,ALIGNN-FF WBM,materials_alignn_exact_stable_alpha010_K300,300,0.1,4,mass_gain,0.02,111578,2232,1071,0.4798387096774194,0,0.0,False,False,0.26666666666666666,0.0,0.0,0.0,0.35333333333333333,0.7441762492972372,164.13478894733908,10.0,-6.2071977761397115,,0.9929462832338578,insufficient_high_e_mass_for_uniform_scs,materials_t0_active_audit_emulation;existing_public_WBM_labels_only;t1_current_MP_used_only_as_utility_audit;not_prospective_materials_discovery;not_DFT_evidence;not_materials_primary_headline
materials_discovery,ALIGNN-FF WBM,materials_alignn_exact_stable_alpha010_K500,500,0.1,4,mass_gain,0.02,111578,2232,1071,0.4798387096774194,0,0.0,False,False,0.342,0.0,0.0,0.0,0.458,0.4465057495783424,164.13478894733908,10.0,-7.196716062787205,,0.9929462832338578,insufficient_high_e_mass_for_uniform_scs,materials_t0_active_audit_emulation;existing_public_WBM_labels_only;t1_current_MP_used_only_as_utility_audit;not_prospective_materials_discovery;not_DFT_evidence;not_materials_primary_headline
materials_discovery,ALIGNN-FF WBM,materials_alignn_exact_stable_alpha010_K300,300,0.1,4,mass_gain,0.05,111578,5579,2097,0.3758738125112027,81,0.04938271604938271,True,False,0.26666666666666666,1.0,0.18518518518518517,0.18518518518518517,0.35333333333333333,1.3246532580864991,162.91379019987158,10.0,2.6144437070030406,37.03703703703704,0.9845360824742269,,materials_t0_active_audit_emulation;existing_public_WBM_labels_only;t1_current_MP_used_only_as_utility_audit;not_prospective_materials_discovery;not_DFT_evidence;not_materials_primary_headline
materials_discovery,ALIGNN-FF WBM,materials_alignn_exact_stable_alpha010_K500,500,0.1,4,mass_gain,0.05,111578,5579,2097,0.3758738125112027,0,0.0,False,False,0.342,0.0,0.0,0.0,0.458,0.7947919548518995,162.91379019987158,10.0,-6.670086143465149,,0.9845360824742269,insufficient_high_e_mass_for_uniform_scs,materials_t0_active_audit_emulation;existing_public_WBM_labels_only;t1_current_MP_used_only_as_utility_audit;not_prospective_materials_discovery;not_DFT_evidence;not_materials_primary_headline
materials_discovery,ALIGNN-FF WBM,materials_alignn_exact_stable_alpha010_K300,300,0.1,4,mass_gain,0.1,111578,11158,3591,0.321831869510665,81,0.04938271604938271,True,False,0.26666666666666666,1.0,0.18518518518518517,0.18518518518518517,0.35333333333333333,1.3804902004020576,162.16489520170586,10.0,2.4371356012187277,37.03703703703704,0.979381443298969,,materials_t0_active_audit_emulation;existing_public_WBM_labels_only;t1_current_MP_used_only_as_utility_audit;not_prospective_materials_discovery;not_DFT_evidence;not_materials_primary_headline
materials_discovery,ALIGNN-FF WBM,materials_alignn_exact_stable_alpha010_K500,500,0.1,4,mass_gain,0.1,111578,11158,3591,0.321831869510665,0,0.0,False,False,0.342,0.0,0.0,0.0,0.458,0.8282941202412345,162.16489520170586,10.0,-6.156832136772421,,0.979381443298969,insufficient_high_e_mass_for_uniform_scs,materials_t0_active_audit_emulation;existing_public_WBM_labels_only;t1_current_MP_used_only_as_utility_audit;not_prospective_materials_discovery;not_DFT_evidence;not_materials_primary_headline
materials_discovery,ALIGNN-FF WBM,materials_alignn_exact_stable_alpha010_K300,300,0.1,4,mass_gain,0.2,111578,22316,6128,0.27460118300770747,97,0.07216494845360824,True,False,0.26666666666666666,1.0,0.1958762886597938,0.1958762886597938,0.35333333333333333,1.7912339319543849,161.88888223223265,10.0,2.652147138060357,30.92783505154639,0.9774823657080847,,materials_t0_active_audit_emulation;existing_public_WBM_labels_only;t1_current_MP_used_only_as_utility_audit;not_prospective_materials_discovery;not_DFT_evidence;not_materials_primary_headline
materials_discovery,ALIGNN-FF WBM,materials_alignn_exact_stable_alpha010_K500,500,0.1,4,mass_gain,0.2,111578,22316,6128,0.27460118300770747,61,0.0,True,False,0.342,1.0,0.16393442622950818,0.16393442622950818,0.458,1.0747403591726308,161.88888223223265,10.0,6.126258948576307,81.96721311475409,0.9774823657080847,,materials_t0_active_audit_emulation;existing_public_WBM_labels_only;t1_current_MP_used_only_as_utility_audit;not_prospective_materials_discovery;not_DFT_evidence;not_materials_primary_headline
materials_discovery,ALIGNN-FF WBM,materials_alignn_exact_stable_alpha010_K300,300,0.1,5,random,0.0,108600,0,0,0.0,0,0.0,False,False,0.21,0.0,0.0,0.0,0.36,0.4108477543134973,165.15801559604097,10.0,-7.080811382421029,,1.0,insufficient_high_e_mass_for_uniform_scs,materials_t0_active_audit_emulation;existing_public_WBM_labels_only;t1_current_MP_used_only_as_utility_audit;not_prospective_materials_discovery;not_DFT_evidence;not_materials_primary_headline
materials_discovery,ALIGNN-FF WBM,materials_alignn_exact_stable_alpha010_K500,500,0.1,5,random,0.0,108600,0,0,0.0,0,0.0,False,False,0.29,0.0,0.0,0.0,0.442,0.2465086525880984,165.15801559604097,10.0,-8.030877236434979,,1.0,insufficient_high_e_mass_for_uniform_scs,materials_t0_active_audit_emulation;existing_public_WBM_labels_only;t1_current_MP_used_only_as_utility_audit;not_prospective_materials_discovery;not_DFT_evidence;not_materials_primary_headline
materials_discovery,ALIGNN-FF WBM,materials_alignn_exact_stable_alpha010_K300,300,0.1,5,random,0.005,108600,543,77,0.141804788213628,0,0.0,False,False,0.21,0.0,0.0,0.0,0.36,0.4108477543134973,165.15801559604097,10.0,-7.080811382421029,,1.0,insufficient_high_e_mass_for_uniform_scs,materials_t0_active_audit_emulation;existing_public_WBM_labels_only;t1_current_MP_used_only_as_utility_audit;not_prospective_materials_discovery;not_DFT_evidence;not_materials_primary_headline
materials_discovery,ALIGNN-FF WBM,materials_alignn_exact_stable_alpha010_K500,500,0.1,5,random,0.005,108600,543,77,0.141804788213628,0,0.0,False,False,0.29,0.0,0.0,0.0,0.442,0.2465086525880984,165.15801559604097,10.0,-8.030877236434979,,1.0,insufficient_high_e_mass_for_uniform_scs,materials_t0_active_audit_emulation;existing_public_WBM_labels_only;t1_current_MP_used_only_as_utility_audit;not_prospective_materials_discovery;not_DFT_evidence;not_materials_primary_headline
materials_discovery,ALIGNN-FF WBM,materials_alignn_exact_stable_alpha010_K300,300,0.1,5,random,0.01,108600,1086,163,0.15009208103130756,0,0.0,False,False,0.21,0.0,0.0,0.0,0.36,0.4107528499385642,165.1186747548975,10.0,-7.055314293770021,,0.9997287032013022,insufficient_high_e_mass_for_uniform_scs,materials_t0_active_audit_emulation;existing_public_WBM_labels_only;t1_current_MP_used_only_as_utility_audit;not_prospective_materials_discovery;not_DFT_evidence;not_materials_primary_headline
materials_discovery,ALIGNN-FF WBM,materials_alignn_exact_stable_alpha010_K500,500,0.1,5,random,0.01,108600,1086,163,0.15009208103130756,0,0.0,False,False,0.29,0.0,0.0,0.0,0.442,0.2464517099631385,165.1186747548975,10.0,-8.020083709334521,,0.9997287032013022,insufficient_high_e_mass_for_uniform_scs,materials_t0_active_audit_emulation;existing_public_WBM_labels_only;t1_current_MP_used_only_as_utility_audit;not_prospective_materials_discovery;not_DFT_evidence;not_materials_primary_headline
materials_discovery,ALIGNN-FF WBM,materials_alignn_exact_stable_alpha010_K300,300,0.1,5,random,0.02,108600,2172,328,0.15101289134438306,0,0.0,False,False,0.21,0.0,0.0,0.0,0.36,0.4107528499385642,165.1186747548975,10.0,-7.028669980249656,,0.9997287032013022,insufficient_high_e_mass_for_uniform_scs,materials_t0_active_audit_emulation;existing_public_WBM_labels_only;t1_current_MP_used_only_as_utility_audit;not_prospective_materials_discovery;not_DFT_evidence;not_materials_primary_headline
materials_discovery,ALIGNN-FF WBM,materials_alignn_exact_stable_alpha010_K500,500,0.1,5,random,0.02,108600,2172,328,0.15101289134438306,0,0.0,False,False,0.29,0.0,0.0,0.0,0.442,0.2464517099631385,165.1186747548975,10.0,-8.020083709334521,,0.9997287032013022,insufficient_high_e_mass_for_uniform_scs,materials_t0_active_audit_emulation;existing_public_WBM_labels_only;t1_current_MP_used_only_as_utility_audit;not_prospective_materials_discovery;not_DFT_evidence;not_materials_primary_headline
materials_discovery,ALIGNN-FF WBM,materials_alignn_exact_stable_alpha010_K300,300,0.1,5,random,0.05,108600,5430,838,0.15432780847145489,0,0.0,False,False,0.21,0.0,0.0,0.0,0.36,0.4107528499385642,165.1186747548975,10.0,-7.028669980249656,,0.9997287032013022,insufficient_high_e_mass_for_uniform_scs,materials_t0_active_audit_emulation;existing_public_WBM_labels_only;t1_current_MP_used_only_as_utility_audit;not_prospective_materials_discovery;not_DFT_evidence;not_materials_primary_headline
materials_discovery,ALIGNN-FF WBM,materials_alignn_exact_stable_alpha010_K500,500,0.1,5,random,0.05,108600,5430,838,0.15432780847145489,0,0.0,False,False,0.29,0.0,0.0,0.0,0.442,0.2464517099631385,165.1186747548975,10.0,-8.020083709334521,,0.9997287032013022,insufficient_high_e_mass_for_uniform_scs,materials_t0_active_audit_emulation;existing_public_WBM_labels_only;t1_current_MP_used_only_as_utility_audit;not_prospective_materials_discovery;not_DFT_evidence;not_materials_primary_headline
materials_discovery,ALIGNN-FF WBM,materials_alignn_exact_stable_alpha010_K300,300,0.1,5,random,0.1,108600,10860,1659,0.1527624309392265,0,0.0,False,False,0.21,0.0,0.0,0.0,0.36,0.41046811775691633,165.00064551324527,10.0,-6.918757403391295,,0.9989148128052089,insufficient_high_e_mass_for_uniform_scs,materials_t0_active_audit_emulation;existing_public_WBM_labels_only;t1_current_MP_used_only_as_utility_audit;not_prospective_materials_discovery;not_DFT_evidence;not_materials_primary_headline
materials_discovery,ALIGNN-FF WBM,materials_alignn_exact_stable_alpha010_K500,500,0.1,5,random,0.1,108600,10860,1659,0.1527624309392265,0,0.0,False,False,0.29,0.0,0.0,0.0,0.442,0.2462808706541498,165.00064551324527,10.0,-7.9868969938280365,,0.9989148128052089,insufficient_high_e_mass_for_uniform_scs,materials_t0_active_audit_emulation;existing_public_WBM_labels_only;t1_current_MP_used_only_as_utility_audit;not_prospective_materials_discovery;not_DFT_evidence;not_materials_primary_headline
materials_discovery,ALIGNN-FF WBM,materials_alignn_exact_stable_alpha010_K300,300,0.1,5,random,0.2,108600,21720,3290,0.1514732965009208,0,0.0,False,False,0.21,0.0,0.0,0.0,0.36,0.4101833569676434,164.88260618657026,10.0,-6.76766696055989,,0.9981009224091155,insufficient_high_e_mass_for_uniform_scs,materials_t0_active_audit_emulation;existing_public_WBM_labels_only;t1_current_MP_used_only_as_utility_audit;not_prospective_materials_discovery;not_DFT_evidence;not_materials_primary_headline
materials_discovery,ALIGNN-FF WBM,materials_alignn_exact_stable_alpha010_K500,500,0.1,5,random,0.2,108600,21720,3290,0.1514732965009208,0,0.0,False,False,0.29,0.0,0.0,0.0,0.442,0.24611001418058603,164.88260618657026,10.0,-7.915289103703543,,0.9981009224091155,insufficient_high_e_mass_for_uniform_scs,materials_t0_active_audit_emulation;existing_public_WBM_labels_only;t1_current_MP_used_only_as_utility_audit;not_prospective_materials_discovery;not_DFT_evidence;not_materials_primary_headline
materials_discovery,ALIGNN-FF WBM,materials_alignn_exact_stable_alpha010_K300,300,0.1,5,raw_score_targeted,0.0,108600,0,0,0.0,0,0.0,False,False,0.21,0.0,0.0,0.0,0.36,0.4108477543134973,165.15801559604097,10.0,-7.080811382421029,,1.0,insufficient_high_e_mass_for_uniform_scs,materials_t0_active_audit_emulation;existing_public_WBM_labels_only;t1_current_MP_used_only_as_utility_audit;not_prospective_materials_discovery;not_DFT_evidence;not_materials_primary_headline
materials_discovery,ALIGNN-FF WBM,materials_alignn_exact_stable_alpha010_K500,500,0.1,5,raw_score_targeted,0.0,108600,0,0,0.0,0,0.0,False,False,0.29,0.0,0.0,0.0,0.442,0.2465086525880984,165.15801559604097,10.0,-8.030877236434979,,1.0,insufficient_high_e_mass_for_uniform_scs,materials_t0_active_audit_emulation;existing_public_WBM_labels_only;t1_current_MP_used_only_as_utility_audit;not_prospective_materials_discovery;not_DFT_evidence;not_materials_primary_headline
materials_discovery,ALIGNN-FF WBM,materials_alignn_exact_stable_alpha010_K300,300,0.1,5,raw_score_targeted,0.005,108600,543,316,0.58195211786372,151,0.08609271523178808,True,False,0.21,1.0,0.26490066225165565,0.26490066225165565,0.36,5.00501958056844,165.00064551324527,10.0,0.21942217538509112,19.86754966887417,0.9989148128052089,,materials_t0_active_audit_emulation;existing_public_WBM_labels_only;t1_current_MP_used_only_as_utility_audit;not_prospective_materials_discovery;not_DFT_evidence;not_materials_primary_headline
materials_discovery,ALIGNN-FF WBM,materials_alignn_exact_stable_alpha010_K500,500,0.1,5,raw_score_targeted,0.005,108600,543,316,0.58195211786372,100,0.0,True,False,0.29,1.0,0.21,0.21,0.442,3.003011748341064,165.00064551324527,10.0,12.873630857657602,50.0,0.9989148128052089,,materials_t0_active_audit_emulation;existing_public_WBM_labels_only;t1_current_MP_used_only_as_utility_audit;not_prospective_materials_discovery;not_DFT_evidence;not_materials_primary_headline
materials_discovery,ALIGNN-FF WBM,materials_alignn_exact_stable_alpha010_K300,300,0.1,5,raw_score_targeted,0.01,108600,1086,595,0.5478821362799263,151,0.08609271523178808,True,False,0.21,1.0,0.26490066225165565,0.26490066225165565,0.36,5.001439054325965,164.88260618657026,10.0,0.20563396588395833,19.86754966887417,0.9981009224091155,,materials_t0_active_audit_emulation;existing_public_WBM_labels_only;t1_current_MP_used_only_as_utility_audit;not_prospective_materials_discovery;not_DFT_evidence;not_materials_primary_headline
materials_discovery,ALIGNN-FF WBM,materials_alignn_exact_stable_alpha010_K500,500,0.1,5,raw_score_targeted,0.01,108600,1086,595,0.5478821362799263,100,0.0,True,False,0.29,1.0,0.21,0.21,0.442,3.0008634325955788,164.88260618657026,10.0,12.829486135815422,50.0,0.9981009224091155,,materials_t0_active_audit_emulation;existing_public_WBM_labels_only;t1_current_MP_used_only_as_utility_audit;not_prospective_materials_discovery;not_DFT_evidence;not_materials_primary_headline
materials_discovery,ALIGNN-FF WBM,materials_alignn_exact_stable_alpha010_K300,300,0.1,5,raw_score_targeted,0.02,108600,2172,1165,0.5363720073664825,151,0.08609271523178808,True,False,0.21,1.0,0.26490066225165565,0.26490066225165565,0.36,4.995470829967184,164.6858515373797,10.0,0.1826503816776217,19.86754966887417,0.9967444384156267,,materials_t0_active_audit_emulation;existing_public_WBM_labels_only;t1_current_MP_used_only_as_utility_audit;not_prospective_materials_discovery;not_DFT_evidence;not_materials_primary_headline
materials_discovery,ALIGNN-FF WBM,materials_alignn_exact_stable_alpha010_K500,500,0.1,5,raw_score_targeted,0.02,108600,2172,1165,0.5363720073664825,100,0.0,True,False,0.29,1.0,0.21,0.21,0.442,2.9972824979803105,164.6858515373797,10.0,12.75590229824352,50.0,0.9967444384156267,,materials_t0_active_audit_emulation;existing_public_WBM_labels_only;t1_current_MP_used_only_as_utility_audit;not_prospective_materials_discovery;not_DFT_evidence;not_materials_primary_headline
materials_discovery,ALIGNN-FF WBM,materials_alignn_exact_stable_alpha010_K300,300,0.1,5,raw_score_targeted,0.05,108600,5430,2466,0.45414364640883975,151,0.08609271523178808,True,False,0.21,1.0,0.26490066225165565,0.26490066225165565,0.36,4.989501753623275,164.4890688007673,10.0,0.15966274774651268,19.86754966887417,0.9953879544221378,,materials_t0_active_audit_emulation;existing_public_WBM_labels_only;t1_current_MP_used_only_as_utility_audit;not_prospective_materials_discovery;not_DFT_evidence;not_materials_primary_headline
materials_discovery,ALIGNN-FF WBM,materials_alignn_exact_stable_alpha010_K500,500,0.1,5,raw_score_targeted,0.05,108600,5430,2466,0.45414364640883975,100,0.0,True,False,0.29,1.0,0.21,0.21,0.442,2.993701052173965,164.4890688007673,10.0,12.682306817435766,50.0,0.9953879544221378,,materials_t0_active_audit_emulation;existing_public_WBM_labels_only;t1_current_MP_used_only_as_utility_audit;not_prospective_materials_discovery;not_DFT_evidence;not_materials_primary_headline
materials_discovery,ALIGNN-FF WBM,materials_alignn_exact_stable_alpha010_K300,300,0.1,5,raw_score_targeted,0.1,108600,10860,4153,0.3824125230202578,151,0.08609271523178808,True,False,0.21,1.0,0.26490066225165565,0.26490066225165565,0.36,4.969200502345598,163.8197967806241,10.0,0.08147440792622973,19.86754966887417,0.9907759088442757,,materials_t0_active_audit_emulation;existing_public_WBM_labels_only;t1_current_MP_used_only_as_utility_audit;not_prospective_materials_discovery;not_DFT_evidence;not_materials_primary_headline
materials_discovery,ALIGNN-FF WBM,materials_alignn_exact_stable_alpha010_K500,500,0.1,5,raw_score_targeted,0.1,108600,10860,4153,0.3824125230202578,100,0.0,True,False,0.29,1.0,0.21,0.21,0.442,2.981520301407359,163.8197967806241,10.0,12.431994829474334,50.0,0.9907759088442757,,materials_t0_active_audit_emulation;existing_public_WBM_labels_only;t1_current_MP_used_only_as_utility_audit;not_prospective_materials_discovery;not_DFT_evidence;not_materials_primary_headline
materials_discovery,ALIGNN-FF WBM,materials_alignn_exact_stable_alpha010_K300,300,0.1,5,raw_score_targeted,0.2,108600,21720,8141,0.3748158379373849,151,0.08609271523178808,True,False,0.21,1.0,0.26490066225165565,0.26490066225165565,0.36,4.953669325275466,163.30777995413624,10.0,0.021651514380536696,19.86754966887417,0.9872490504612046,,materials_t0_active_audit_emulation;existing_public_WBM_labels_only;t1_current_MP_used_only_as_utility_audit;not_prospective_materials_discovery;not_DFT_evidence;not_materials_primary_headline
materials_discovery,ALIGNN-FF WBM,materials_alignn_exact_stable_alpha010_K500,500,0.1,5,raw_score_targeted,0.2,108600,21720,8141,0.3748158379373849,100,0.0,True,False,0.29,1.0,0.21,0.21,0.442,2.9722015951652794,163.30777995413624,10.0,12.240488333530642,50.0,0.9872490504612046,,materials_t0_active_audit_emulation;existing_public_WBM_labels_only;t1_current_MP_used_only_as_utility_audit;not_prospective_materials_discovery;not_DFT_evidence;not_materials_primary_headline
materials_discovery,ALIGNN-FF WBM,materials_alignn_exact_stable_alpha010_K300,300,0.1,5,parc_m_evidence_targeted,0.0,108600,0,0,0.0,0,0.0,False,False,0.21,0.0,0.0,0.0,0.36,0.4108477543134973,165.15801559604097,10.0,-7.080811382421029,,1.0,insufficient_high_e_mass_for_uniform_scs,materials_t0_active_audit_emulation;existing_public_WBM_labels_only;t1_current_MP_used_only_as_utility_audit;not_prospective_materials_discovery;not_DFT_evidence;not_materials_primary_headline
materials_discovery,ALIGNN-FF WBM,materials_alignn_exact_stable_alpha010_K500,500,0.1,5,parc_m_evidence_targeted,0.0,108600,0,0,0.0,0,0.0,False,False,0.29,0.0,0.0,0.0,0.442,0.2465086525880984,165.15801559604097,10.0,-8.030877236434979,,1.0,insufficient_high_e_mass_for_uniform_scs,materials_t0_active_audit_emulation;existing_public_WBM_labels_only;t1_current_MP_used_only_as_utility_audit;not_prospective_materials_discovery;not_DFT_evidence;not_materials_primary_headline
materials_discovery,ALIGNN-FF WBM,materials_alignn_exact_stable_alpha010_K300,300,0.1,5,parc_m_evidence_targeted,0.005,108600,543,313,0.576427255985267,133,0.045112781954887216,True,False,0.21,1.0,0.24812030075187969,0.24812030075187969,0.36,2.9714279902972973,165.0793327942943,10.0,1.4126588287572517,22.55639097744361,0.9994574064026045,,materials_t0_active_audit_emulation;existing_public_WBM_labels_only;t1_current_MP_used_only_as_utility_audit;not_prospective_materials_discovery;not_DFT_evidence;not_materials_primary_headline
materials_discovery,ALIGNN-FF WBM,materials_alignn_exact_stable_alpha010_K500,500,0.1,5,parc_m_evidence_targeted,0.005,108600,543,313,0.576427255985267,91,0.0,True,False,0.29,1.0,0.2087912087912088,0.2087912087912088,0.442,1.7828567941783784,165.0793327942943,10.0,7.9580034044470125,54.94505494505495,0.9994574064026045,,materials_t0_active_audit_emulation;existing_public_WBM_labels_only;t1_current_MP_used_only_as_utility_audit;not_prospective_materials_discovery;not_DFT_evidence;not_materials_primary_headline
materials_discovery,ALIGNN-FF WBM,materials_alignn_exact_stable_alpha010_K300,300,0.1,5,parc_m_evidence_targeted,0.01,108600,1086,585,0.5386740331491713,133,0.045112781954887216,True,False,0.21,1.0,0.24812030075187969,0.24812030075187969,0.36,2.970011619238415,165.00064551324527,10.0,1.4016574588436441,22.55639097744361,0.9989148128052089,,materials_t0_active_audit_emulation;existing_public_WBM_labels_only;t1_current_MP_used_only_as_utility_audit;not_prospective_materials_discovery;not_DFT_evidence;not_materials_primary_headline
materials_discovery,ALIGNN-FF WBM,materials_alignn_exact_stable_alpha010_K500,500,0.1,5,parc_m_evidence_targeted,0.01,108600,1086,585,0.5386740331491713,91,0.0,True,False,0.29,1.0,0.2087912087912088,0.2087912087912088,0.442,1.782006971543049,165.00064551324527,10.0,7.928575912602653,54.94505494505495,0.9989148128052089,,materials_t0_active_audit_emulation;existing_public_WBM_labels_only;t1_current_MP_used_only_as_utility_audit;not_prospective_materials_discovery;not_DFT_evidence;not_materials_primary_headline
materials_discovery,ALIGNN-FF WBM,materials_alignn_exact_stable_alpha010_K300,300,0.1,5,parc_m_evidence_targeted,0.02,108600,2172,1144,0.5267034990791897,133,0.045112781954887216,True,False,0.21,1.0,0.24812030075187969,0.24812030075187969,0.36,2.967886911358265,164.88260618657026,10.0,3.994230254506544,22.55639097744361,0.9981009224091155,,materials_t0_active_audit_emulation;existing_public_WBM_labels_only;t1_current_MP_used_only_as_utility_audit;not_prospective_materials_discovery;not_DFT_evidence;not_materials_primary_headline
materials_discovery,ALIGNN-FF WBM,materials_alignn_exact_stable_alpha010_K500,500,0.1,5,parc_m_evidence_targeted,0.02,108600,2172,1144,0.5267034990791897,91,0.0,True,False,0.29,1.0,0.2087912087912088,0.2087912087912088,0.442,1.7807321468149588,164.88260618657026,10.0,7.884431190760473,54.94505494505495,0.9981009224091155,,materials_t0_active_audit_emulation;existing_public_WBM_labels_only;t1_current_MP_used_only_as_utility_audit;not_prospective_materials_discovery;not_DFT_evidence;not_materials_primary_headline
materials_discovery,ALIGNN-FF WBM,materials_alignn_exact_stable_alpha010_K300,300,0.1,5,parc_m_evidence_targeted,0.05,108600,5430,2456,0.45230202578268874,134,0.04477611940298507,True,False,0.21,1.0,0.2462686567164179,0.2462686567164179,0.36,2.965053684829303,164.72520471273907,10.0,1.5314779407784052,22.388059701492537,0.9970157352143245,,materials_t0_active_audit_emulation;existing_public_WBM_labels_only;t1_current_MP_used_only_as_utility_audit;not_prospective_materials_discovery;not_DFT_evidence;not_materials_primary_headline
materials_discovery,ALIGNN-FF WBM,materials_alignn_exact_stable_alpha010_K500,500,0.1,5,parc_m_evidence_targeted,0.05,108600,5430,2456,0.45230202578268874,99,0.0,True,False,0.29,1.0,0.21212121212121213,0.21212121212121213,0.442,1.779032210897582,164.72520471273907,10.0,12.265569491546216,50.505050505050505,0.9970157352143245,,materials_t0_active_audit_emulation;existing_public_WBM_labels_only;t1_current_MP_used_only_as_utility_audit;not_prospective_materials_discovery;not_DFT_evidence;not_materials_primary_headline
materials_discovery,ALIGNN-FF WBM,materials_alignn_exact_stable_alpha010_K300,300,0.1,5,parc_m_evidence_targeted,0.1,108600,10860,4120,0.37937384898710863,139,0.05755395683453238,True,False,0.21,1.0,0.2517985611510791,0.2517985611510791,0.36,4.979949455852454,164.17415788524576,10.0,0.15280164019084452,21.58273381294964,0.9932175800325557,,materials_t0_active_audit_emulation;existing_public_WBM_labels_only;t1_current_MP_used_only_as_utility_audit;not_prospective_materials_discovery;not_DFT_evidence;not_materials_primary_headline
materials_discovery,ALIGNN-FF WBM,materials_alignn_exact_stable_alpha010_K500,500,0.1,5,parc_m_evidence_targeted,0.1,108600,10860,4120,0.37937384898710863,100,0.0,True,False,0.29,1.0,0.21,0.21,0.442,2.9879696735114725,164.17415788524576,10.0,12.564529781744163,50.0,0.9932175800325557,,materials_t0_active_audit_emulation;existing_public_WBM_labels_only;t1_current_MP_used_only_as_utility_audit;not_prospective_materials_discovery;not_DFT_evidence;not_materials_primary_headline
materials_discovery,ALIGNN-FF WBM,materials_alignn_exact_stable_alpha010_K300,300,0.1,5,parc_m_evidence_targeted,0.2,108600,21720,8223,0.3785911602209945,151,0.08609271523178808,True,False,0.21,1.0,0.26490066225165565,0.26490066225165565,0.36,4.9632276605993475,163.6228899098686,10.0,0.058468873442208746,19.86754966887417,0.9894194248507867,,materials_t0_active_audit_emulation;existing_public_WBM_labels_only;t1_current_MP_used_only_as_utility_audit;not_prospective_materials_discovery;not_DFT_evidence;not_materials_primary_headline
materials_discovery,ALIGNN-FF WBM,materials_alignn_exact_stable_alpha010_K500,500,0.1,5,parc_m_evidence_targeted,0.2,108600,21720,8223,0.3785911602209945,100,0.0,True,False,0.29,1.0,0.21,0.21,0.442,2.9779365963596085,163.6228899098686,10.0,12.358347887041845,50.0,0.9894194248507867,,materials_t0_active_audit_emulation;existing_public_WBM_labels_only;t1_current_MP_used_only_as_utility_audit;not_prospective_materials_discovery;not_DFT_evidence;not_materials_primary_headline
materials_discovery,ALIGNN-FF WBM,materials_alignn_exact_stable_alpha010_K300,300,0.1,5,chgnet_mace_support_targeted,0.0,108600,0,0,0.0,0,0.0,False,False,0.21,0.0,0.0,0.0,0.36,0.4108477543134973,165.15801559604097,10.0,-7.080811382421029,,1.0,insufficient_high_e_mass_for_uniform_scs,materials_t0_active_audit_emulation;existing_public_WBM_labels_only;t1_current_MP_used_only_as_utility_audit;not_prospective_materials_discovery;not_DFT_evidence;not_materials_primary_headline
materials_discovery,ALIGNN-FF WBM,materials_alignn_exact_stable_alpha010_K500,500,0.1,5,chgnet_mace_support_targeted,0.0,108600,0,0,0.0,0,0.0,False,False,0.29,0.0,0.0,0.0,0.442,0.2465086525880984,165.15801559604097,10.0,-8.030877236434979,,1.0,insufficient_high_e_mass_for_uniform_scs,materials_t0_active_audit_emulation;existing_public_WBM_labels_only;t1_current_MP_used_only_as_utility_audit;not_prospective_materials_discovery;not_DFT_evidence;not_materials_primary_headline
materials_discovery,ALIGNN-FF WBM,materials_alignn_exact_stable_alpha010_K300,300,0.1,5,chgnet_mace_support_targeted,0.005,108600,543,124,0.2283609576427256,0,0.0,False,False,0.21,0.0,0.0,0.0,0.36,0.4105630316613374,165.03998971386562,10.0,-6.918078926093938,,0.9991861096039066,insufficient_high_e_mass_for_uniform_scs,materials_t0_active_audit_emulation;existing_public_WBM_labels_only;t1_current_MP_used_only_as_utility_audit;not_prospective_materials_discovery;not_DFT_evidence;not_materials_primary_headline
materials_discovery,ALIGNN-FF WBM,materials_alignn_exact_stable_alpha010_K500,500,0.1,5,chgnet_mace_support_targeted,0.005,108600,543,124,0.2283609576427256,0,0.0,False,False,0.29,0.0,0.0,0.0,0.442,0.24633781899680243,165.03998971386562,10.0,-7.974673486598379,,0.9991861096039066,insufficient_high_e_mass_for_uniform_scs,materials_t0_active_audit_emulation;existing_public_WBM_labels_only;t1_current_MP_used_only_as_utility_audit;not_prospective_materials_discovery;not_DFT_evidence;not_materials_primary_headline
materials_discovery,ALIGNN-FF WBM,materials_alignn_exact_stable_alpha010_K300,300,0.1,5,chgnet_mace_support_targeted,0.01,108600,1086,238,0.21915285451197053,0,0.0,False,False,0.21,0.0,0.0,0.0,0.36,0.41037320067387073,164.961300192067,10.0,-6.890048787877456,,0.9986435160065111,insufficient_high_e_mass_for_uniform_scs,materials_t0_active_audit_emulation;existing_public_WBM_labels_only;t1_current_MP_used_only_as_utility_audit;not_prospective_materials_discovery;not_DFT_evidence;not_materials_primary_headline
materials_discovery,ALIGNN-FF WBM,materials_alignn_exact_stable_alpha010_K500,500,0.1,5,chgnet_mace_support_targeted,0.01,108600,1086,238,0.21915285451197053,0,0.0,False,False,0.29,0.0,0.0,0.0,0.442,0.24622392040432242,164.961300192067,10.0,-7.963630125832093,,0.9986435160065111,insufficient_high_e_mass_for_uniform_scs,materials_t0_active_audit_emulation;existing_public_WBM_labels_only;t1_current_MP_used_only_as_utility_audit;not_prospective_materials_discovery;not_DFT_evidence;not_materials_primary_headline
materials_discovery,ALIGNN-FF WBM,materials_alignn_exact_stable_alpha010_K300,300,0.1,5,chgnet_mace_support_targeted,0.02,108600,2172,375,0.17265193370165746,0,0.0,False,False,0.21,0.0,0.0,0.0,0.36,0.4101833569676434,164.88260618657026,10.0,-6.891419098022851,,0.9981009224091155,insufficient_high_e_mass_for_uniform_scs,materials_t0_active_audit_emulation;existing_public_WBM_labels_only;t1_current_MP_used_only_as_utility_audit;not_prospective_materials_discovery;not_DFT_evidence;not_materials_primary_headline
materials_discovery,ALIGNN-FF WBM,materials_alignn_exact_stable_alpha010_K500,500,0.1,5,chgnet_mace_support_targeted,0.02,108600,2172,375,0.17265193370165746,0,0.0,False,False,0.29,0.0,0.0,0.0,0.442,0.24611001418058603,164.88260618657026,10.0,-7.952446240650833,,0.9981009224091155,insufficient_high_e_mass_for_uniform_scs,materials_t0_active_audit_emulation;existing_public_WBM_labels_only;t1_current_MP_used_only_as_utility_audit;not_prospective_materials_discovery;not_DFT_evidence;not_materials_primary_headline
materials_discovery,ALIGNN-FF WBM,materials_alignn_exact_stable_alpha010_K300,300,0.1,5,chgnet_mace_support_targeted,0.05,108600,5430,1744,0.32117863720073664,151,0.08609271523178808,True,False,0.21,1.0,0.26490066225165565,0.26490066225165565,0.36,4.985919898282591,164.37098565766786,10.0,0.14586822066772953,19.86754966887417,0.9945740640260445,,materials_t0_active_audit_emulation;existing_public_WBM_labels_only;t1_current_MP_used_only_as_utility_audit;not_prospective_materials_discovery;not_DFT_evidence;not_materials_primary_headline
materials_discovery,ALIGNN-FF WBM,materials_alignn_exact_stable_alpha010_K500,500,0.1,5,chgnet_mace_support_targeted,0.05,108600,5430,1744,0.32117863720073664,100,0.0,True,False,0.29,1.0,0.21,0.21,0.442,2.991551938969555,164.37098565766786,10.0,12.63814393212597,50.0,0.9945740640260445,,materials_t0_active_audit_emulation;existing_public_WBM_labels_only;t1_current_MP_used_only_as_utility_audit;not_prospective_materials_discovery;not_DFT_evidence;not_materials_primary_headline
materials_discovery,ALIGNN-FF WBM,materials_alignn_exact_stable_alpha010_K300,300,0.1,5,chgnet_mace_support_targeted,0.1,108600,10860,3725,0.34300184162062614,151,0.08609271523178808,True,False,0.21,1.0,0.26490066225165565,0.26490066225165565,0.36,4.973978157793056,163.9773019052656,10.0,0.09987589753673731,19.86754966887417,0.9918610960390667,,materials_t0_active_audit_emulation;existing_public_WBM_labels_only;t1_current_MP_used_only_as_utility_audit;not_prospective_materials_discovery;not_DFT_evidence;not_materials_primary_headline
materials_discovery,ALIGNN-FF WBM,materials_alignn_exact_stable_alpha010_K500,500,0.1,5,chgnet_mace_support_targeted,0.1,108600,10860,3725,0.34300184162062614,100,0.0,True,False,0.29,1.0,0.21,0.21,0.442,2.9843868946758336,163.9773019052656,10.0,12.490903937538029,50.0,0.9918610960390667,,materials_t0_active_audit_emulation;existing_public_WBM_labels_only;t1_current_MP_used_only_as_utility_audit;not_prospective_materials_discovery;not_DFT_evidence;not_materials_primary_headline
materials_discovery,ALIGNN-FF WBM,materials_alignn_exact_stable_alpha010_K300,300,0.1,5,chgnet_mace_support_targeted,0.2,108600,21720,7450,0.34300184162062614,151,0.08609271523178808,True,False,0.21,1.0,0.26490066225165565,0.26490066225165565,0.36,4.9512793969276645,163.22899110750544,10.0,0.012445536461363815,19.86754966887417,0.986706456863809,,materials_t0_active_audit_emulation;existing_public_WBM_labels_only;t1_current_MP_used_only_as_utility_audit;not_prospective_materials_discovery;not_DFT_evidence;not_materials_primary_headline
materials_discovery,ALIGNN-FF WBM,materials_alignn_exact_stable_alpha010_K500,500,0.1,5,chgnet_mace_support_targeted,0.2,108600,21720,7450,0.34300184162062614,100,0.0,True,False,0.29,1.0,0.21,0.21,0.442,2.970767638156599,163.22899110750544,10.0,12.211018736175326,50.0,0.986706456863809,,materials_t0_active_audit_emulation;existing_public_WBM_labels_only;t1_current_MP_used_only_as_utility_audit;not_prospective_materials_discovery;not_DFT_evidence;not_materials_primary_headline
materials_discovery,ALIGNN-FF WBM,materials_alignn_exact_stable_alpha010_K300,300,0.1,5,mass_gain,0.0,108600,0,0,0.0,0,0.0,False,False,0.21,0.0,0.0,0.0,0.36,0.4108477543134973,165.15801559604097,10.0,-7.080811382421029,,1.0,insufficient_high_e_mass_for_uniform_scs,materials_t0_active_audit_emulation;existing_public_WBM_labels_only;t1_current_MP_used_only_as_utility_audit;not_prospective_materials_discovery;not_DFT_evidence;not_materials_primary_headline
materials_discovery,ALIGNN-FF WBM,materials_alignn_exact_stable_alpha010_K500,500,0.1,5,mass_gain,0.0,108600,0,0,0.0,0,0.0,False,False,0.29,0.0,0.0,0.0,0.442,0.2465086525880984,165.15801559604097,10.0,-8.030877236434979,,1.0,insufficient_high_e_mass_for_uniform_scs,materials_t0_active_audit_emulation;existing_public_WBM_labels_only;t1_current_MP_used_only_as_utility_audit;not_prospective_materials_discovery;not_DFT_evidence;not_materials_primary_headline
materials_discovery,ALIGNN-FF WBM,materials_alignn_exact_stable_alpha010_K300,300,0.1,5,mass_gain,0.005,108600,543,355,0.6537753222836096,91,0.0,True,False,0.21,1.0,0.2087912087912088,0.2087912087912088,0.36,1.0766927411454665,164.9219537499643,10.0,1.2228237338949555,32.96703296703297,0.9983722192078134,,materials_t0_active_audit_emulation;existing_public_WBM_labels_only;t1_current_MP_used_only_as_utility_audit;not_prospective_materials_discovery;not_DFT_evidence;not_materials_primary_headline
materials_discovery,ALIGNN-FF WBM,materials_alignn_exact_stable_alpha010_K500,500,0.1,5,mass_gain,0.005,108600,543,355,0.6537753222836096,0,0.0,False,False,0.29,0.0,0.0,0.0,0.442,0.64601564468728,164.9219537499643,10.0,-7.184327399646865,,0.9983722192078134,insufficient_high_e_mass_for_uniform_scs,materials_t0_active_audit_emulation;existing_public_WBM_labels_only;t1_current_MP_used_only_as_utility_audit;not_prospective_materials_discovery;not_DFT_evidence;not_materials_primary_headline
materials_discovery,ALIGNN-FF WBM,materials_alignn_exact_stable_alpha010_K300,300,0.1,5,mass_gain,0.01,108600,1086,595,0.5478821362799263,91,0.0,True,False,0.21,1.0,0.2087912087912088,0.2087912087912088,0.36,1.0756772007596818,164.76455676497005,10.0,1.1911809947971648,32.96703296703297,0.9972870320130223,,materials_t0_active_audit_emulation;existing_public_WBM_labels_only;t1_current_MP_used_only_as_utility_audit;not_prospective_materials_discovery;not_DFT_evidence;not_materials_primary_headline
materials_discovery,ALIGNN-FF WBM,materials_alignn_exact_stable_alpha010_K500,500,0.1,5,mass_gain,0.01,108600,1086,595,0.5478821362799263,0,0.0,False,False,0.29,0.0,0.0,0.0,0.442,0.6454063204558091,164.76455676497005,10.0,-7.18680431441112,,0.9972870320130223,insufficient_high_e_mass_for_uniform_scs,materials_t0_active_audit_emulation;existing_public_WBM_labels_only;t1_current_MP_used_only_as_utility_audit;not_prospective_materials_discovery;not_DFT_evidence;not_materials_primary_headline
materials_discovery,ALIGNN-FF WBM,materials_alignn_exact_stable_alpha010_K300,300,0.1,5,mass_gain,0.02,108600,2172,1030,0.47421731123388583,91,0.0,True,False,0.21,1.0,0.2087912087912088,0.2087912087912088,0.36,1.0723758382571786,164.25289237652456,10.0,1.088312734343134,32.96703296703297,0.9937601736299512,,materials_t0_active_audit_emulation;existing_public_WBM_labels_only;t1_current_MP_used_only_as_utility_audit;not_prospective_materials_discovery;not_DFT_evidence;not_materials_primary_headline
materials_discovery,ALIGNN-FF WBM,materials_alignn_exact_stable_alpha010_K500,500,0.1,5,mass_gain,0.02,108600,2172,1030,0.47421731123388583,0,0.0,False,False,0.29,0.0,0.0,0.0,0.442,0.6434255029543071,164.25289237652456,10.0,-7.194857110602592,,0.9937601736299512,insufficient_high_e_mass_for_uniform_scs,materials_t0_active_audit_emulation;existing_public_WBM_labels_only;t1_current_MP_used_only_as_utility_audit;not_prospective_materials_discovery;not_DFT_evidence;not_materials_primary_headline
materials_discovery,ALIGNN-FF WBM,materials_alignn_exact_stable_alpha010_K300,300,0.1,5,mass_gain,0.05,108600,5430,2028,0.3734806629834254,133,0.045112781954887216,True,False,0.21,1.0,0.24812030075187969,0.24812030075187969,0.36,2.695955241459273,163.347172672482,10.0,3.7556403012910557,22.55639097744361,0.9875203472599023,,materials_t0_active_audit_emulation;existing_public_WBM_labels_only;t1_current_MP_used_only_as_utility_audit;not_prospective_materials_discovery;not_DFT_evidence;not_materials_primary_headline
materials_discovery,ALIGNN-FF WBM,materials_alignn_exact_stable_alpha010_K500,500,0.1,5,mass_gain,0.05,108600,5430,2028,0.3734806629834254,99,0.0,True,False,0.29,1.0,0.21212121212121213,0.21212121212121213,0.442,1.617573144875564,163.347172672482,10.0,11.750171920257358,50.505050505050505,0.9875203472599023,,materials_t0_active_audit_emulation;existing_public_WBM_labels_only;t1_current_MP_used_only_as_utility_audit;not_prospective_materials_discovery;not_DFT_evidence;not_materials_primary_headline
materials_discovery,ALIGNN-FF WBM,materials_alignn_exact_stable_alpha010_K300,300,0.1,5,mass_gain,0.1,108600,10860,3375,0.31077348066298344,134,0.04477611940298507,True,False,0.21,1.0,0.2462686567164179,0.2462686567164179,0.36,2.6837439143156017,162.59851631337327,10.0,1.2340787547924563,22.388059701492537,0.9823657080846446,,materials_t0_active_audit_emulation;existing_public_WBM_labels_only;t1_current_MP_used_only_as_utility_audit;not_prospective_materials_discovery;not_DFT_evidence;not_materials_primary_headline
materials_discovery,ALIGNN-FF WBM,materials_alignn_exact_stable_alpha010_K500,500,0.1,5,mass_gain,0.1,108600,10860,3375,0.31077348066298344,99,0.0,True,False,0.29,1.0,0.21212121212121213,0.21212121212121213,0.442,1.6102463485893608,162.59851631337327,10.0,11.470143444956769,50.505050505050505,0.9823657080846446,,materials_t0_active_audit_emulation;existing_public_WBM_labels_only;t1_current_MP_used_only_as_utility_audit;not_prospective_materials_discovery;not_DFT_evidence;not_materials_primary_headline
materials_discovery,ALIGNN-FF WBM,materials_alignn_exact_stable_alpha010_K300,300,0.1,5,mass_gain,0.2,108600,21720,5940,0.27348066298342544,134,0.04477611940298507,True,False,0.21,1.0,0.2462686567164179,0.2462686567164179,0.36,4.329653677048531,162.3620128893199,10.0,1.200999611203212,22.388059701492537,0.9807379272924579,,materials_t0_active_audit_emulation;existing_public_WBM_labels_only;t1_current_MP_used_only_as_utility_audit;not_prospective_materials_discovery;not_DFT_evidence;not_materials_primary_headline
materials_discovery,ALIGNN-FF WBM,materials_alignn_exact_stable_alpha010_K500,500,0.1,5,mass_gain,0.2,108600,21720,5940,0.27348066298342544,99,0.0,True,False,0.29,1.0,0.21212121212121213,0.21212121212121213,0.442,2.5977922062291188,162.3620128893199,10.0,11.381677895914748,50.505050505050505,0.9807379272924579,,materials_t0_active_audit_emulation;existing_public_WBM_labels_only;t1_current_MP_used_only_as_utility_audit;not_prospective_materials_discovery;not_DFT_evidence;not_materials_primary_headline
materials_discovery,ALIGNN-FF WBM,materials_alignn_exact_stable_alpha010_K300,300,0.1,6,random,0.0,103350,0,0,0.0,0,0.0,False,False,0.35,0.0,0.0,0.0,0.3933333333333333,0.24835952093894656,165.15801559604097,10.0,-7.516404790610535,,1.0,insufficient_high_e_mass_for_uniform_scs,materials_t0_active_audit_emulation;existing_public_WBM_labels_only;t1_current_MP_used_only_as_utility_audit;not_prospective_materials_discovery;not_DFT_evidence;not_materials_primary_headline
materials_discovery,ALIGNN-FF WBM,materials_alignn_exact_stable_alpha010_K500,500,0.1,6,random,0.0,103350,0,0,0.0,0,0.0,False,False,0.41,0.0,0.0,0.0,0.462,0.17446427685186086,165.15801559604097,10.0,-8.281591624782974,,1.0,insufficient_high_e_mass_for_uniform_scs,materials_t0_active_audit_emulation;existing_public_WBM_labels_only;t1_current_MP_used_only_as_utility_audit;not_prospective_materials_discovery;not_DFT_evidence;not_materials_primary_headline
materials_discovery,ALIGNN-FF WBM,materials_alignn_exact_stable_alpha010_K300,300,0.1,6,random,0.005,103350,517,78,0.15087040618955513,0,0.0,False,False,0.35,0.0,0.0,0.0,0.3933333333333333,0.2482507451706052,165.0793327942943,10.0,-7.517492548293948,,0.9994574064026045,insufficient_high_e_mass_for_uniform_scs,materials_t0_active_audit_emulation;existing_public_WBM_labels_only;t1_current_MP_used_only_as_utility_audit;not_prospective_materials_discovery;not_DFT_evidence;not_materials_primary_headline
materials_discovery,ALIGNN-FF WBM,materials_alignn_exact_stable_alpha010_K500,500,0.1,6,random,0.005,103350,517,78,0.15087040618955513,0,0.0,False,False,0.41,0.0,0.0,0.0,0.462,0.17438823632289985,165.0793327942943,10.0,-8.282338452802312,,0.9994574064026045,insufficient_high_e_mass_for_uniform_scs,materials_t0_active_audit_emulation;existing_public_WBM_labels_only;t1_current_MP_used_only_as_utility_audit;not_prospective_materials_discovery;not_DFT_evidence;not_materials_primary_headline
materials_discovery,ALIGNN-FF WBM,materials_alignn_exact_stable_alpha010_K300,300,0.1,6,random,0.01,103350,1034,167,0.16150870406189555,0,0.0,False,False,0.35,0.0,0.0,0.0,0.3933333333333333,0.2482507451706052,165.0793327942943,10.0,-7.517492548293948,,0.9994574064026045,insufficient_high_e_mass_for_uniform_scs,materials_t0_active_audit_emulation;existing_public_WBM_labels_only;t1_current_MP_used_only_as_utility_audit;not_prospective_materials_discovery;not_DFT_evidence;not_materials_primary_headline
materials_discovery,ALIGNN-FF WBM,materials_alignn_exact_stable_alpha010_K500,500,0.1,6,random,0.01,103350,1034,167,0.16150870406189555,0,0.0,False,False,0.41,0.0,0.0,0.0,0.462,0.17438823632289985,165.0793327942943,10.0,-8.282338452802312,,0.9994574064026045,insufficient_high_e_mass_for_uniform_scs,materials_t0_active_audit_emulation;existing_public_WBM_labels_only;t1_current_MP_used_only_as_utility_audit;not_prospective_materials_discovery;not_DFT_evidence;not_materials_primary_headline
materials_discovery,ALIGNN-FF WBM,materials_alignn_exact_stable_alpha010_K300,300,0.1,6,random,0.02,103350,2067,321,0.15529753265602322,0,0.0,False,False,0.35,0.0,0.0,0.0,0.3933333333333333,0.248141960375371,165.00064551324527,10.0,-7.51858039624629,,0.9989148128052089,insufficient_high_e_mass_for_uniform_scs,materials_t0_active_audit_emulation;existing_public_WBM_labels_only;t1_current_MP_used_only_as_utility_audit;not_prospective_materials_discovery;not_DFT_evidence;not_materials_primary_headline
materials_discovery,ALIGNN-FF WBM,materials_alignn_exact_stable_alpha010_K500,500,0.1,6,random,0.02,103350,2067,321,0.15529753265602322,0,0.0,False,False,0.41,0.0,0.0,0.0,0.462,0.17431218937889606,165.00064551324527,10.0,-8.283085344427574,,0.9989148128052089,insufficient_high_e_mass_for_uniform_scs,materials_t0_active_audit_emulation;existing_public_WBM_labels_only;t1_current_MP_used_only_as_utility_audit;not_prospective_materials_discovery;not_DFT_evidence;not_materials_primary_headline
materials_discovery,ALIGNN-FF WBM,materials_alignn_exact_stable_alpha010_K300,300,0.1,6,random,0.05,103350,5168,858,0.1660216718266254,0,0.0,False,False,0.35,0.0,0.0,0.0,0.3933333333333333,0.24976856670404682,164.84325750151808,10.0,-7.502314332959532,,0.9978296256104178,insufficient_high_e_mass_for_uniform_scs,materials_t0_active_audit_emulation;existing_public_WBM_labels_only;t1_current_MP_used_only_as_utility_audit;not_prospective_materials_discovery;not_DFT_evidence;not_materials_primary_headline
materials_discovery,ALIGNN-FF WBM,materials_alignn_exact_stable_alpha010_K500,500,0.1,6,random,0.05,103350,5168,858,0.1660216718266254,0,0.0,False,False,0.41,0.0,0.0,0.0,0.462,0.17820520497751888,164.84325750151808,10.0,-8.250580856270144,,0.9978296256104178,insufficient_high_e_mass_for_uniform_scs,materials_t0_active_audit_emulation;existing_public_WBM_labels_only;t1_current_MP_used_only_as_utility_audit;not_prospective_materials_discovery;not_DFT_evidence;not_materials_primary_headline
materials_discovery,ALIGNN-FF WBM,materials_alignn_exact_stable_alpha010_K300,300,0.1,6,random,0.1,103350,10335,1677,0.16226415094339622,0,0.0,False,False,0.35,0.0,0.0,0.0,0.3933333333333333,0.26130940100823763,164.72520471273907,10.0,-7.386905989917624,,0.9970157352143245,insufficient_high_e_mass_for_uniform_scs,materials_t0_active_audit_emulation;existing_public_WBM_labels_only;t1_current_MP_used_only_as_utility_audit;not_prospective_materials_discovery;not_DFT_evidence;not_materials_primary_headline
materials_discovery,ALIGNN-FF WBM,materials_alignn_exact_stable_alpha010_K500,500,0.1,6,random,0.1,103350,10335,1677,0.16226415094339622,0,0.0,False,False,0.41,0.0,0.0,0.0,0.462,0.1834333810285753,164.72520471273907,10.0,-8.19796694056893,,0.9970157352143245,insufficient_high_e_mass_for_uniform_scs,materials_t0_active_audit_emulation;existing_public_WBM_labels_only;t1_current_MP_used_only_as_utility_audit;not_prospective_materials_discovery;not_DFT_evidence;not_materials_primary_headline
materials_discovery,ALIGNN-FF WBM,materials_alignn_exact_stable_alpha010_K300,300,0.1,6,random,0.2,103350,20670,3327,0.1609579100145138,0,0.0,False,False,0.35,0.0,0.0,0.0,0.3933333333333333,0.27642567037683335,164.64649723852398,10.0,-7.235743296231666,,0.9964731416169289,insufficient_high_e_mass_for_uniform_scs,materials_t0_active_audit_emulation;existing_public_WBM_labels_only;t1_current_MP_used_only_as_utility_audit;not_prospective_materials_discovery;not_DFT_evidence;not_materials_primary_headline
materials_discovery,ALIGNN-FF WBM,materials_alignn_exact_stable_alpha010_K500,500,0.1,6,random,0.2,103350,20670,3327,0.1609579100145138,0,0.0,False,False,0.41,0.0,0.0,0.0,0.462,0.1932800414043953,164.64649723852398,10.0,-8.090446848792228,,0.9964731416169289,insufficient_high_e_mass_for_uniform_scs,materials_t0_active_audit_emulation;existing_public_WBM_labels_only;t1_current_MP_used_only_as_utility_audit;not_prospective_materials_discovery;not_DFT_evidence;not_materials_primary_headline
materials_discovery,ALIGNN-FF WBM,materials_alignn_exact_stable_alpha010_K300,300,0.1,6,raw_score_targeted,0.0,103350,0,0,0.0,0,0.0,False,False,0.35,0.0,0.0,0.0,0.3933333333333333,0.24835952093894656,165.15801559604097,10.0,-7.516404790610535,,1.0,insufficient_high_e_mass_for_uniform_scs,materials_t0_active_audit_emulation;existing_public_WBM_labels_only;t1_current_MP_used_only_as_utility_audit;not_prospective_materials_discovery;not_DFT_evidence;not_materials_primary_headline
materials_discovery,ALIGNN-FF WBM,materials_alignn_exact_stable_alpha010_K500,500,0.1,6,raw_score_targeted,0.0,103350,0,0,0.0,0,0.0,False,False,0.41,0.0,0.0,0.0,0.462,0.17446427685186086,165.15801559604097,10.0,-8.281591624782974,,1.0,insufficient_high_e_mass_for_uniform_scs,materials_t0_active_audit_emulation;existing_public_WBM_labels_only;t1_current_MP_used_only_as_utility_audit;not_prospective_materials_discovery;not_DFT_evidence;not_materials_primary_headline
materials_discovery,ALIGNN-FF WBM,materials_alignn_exact_stable_alpha010_K300,300,0.1,6,raw_score_targeted,0.005,103350,517,369,0.7137330754352031,39,0.05128205128205128,True,False,0.35,1.0,0.20512820512820512,0.20512820512820512,0.3933333333333333,2.0895098024328487,164.961300192067,10.0,12.822473652607698,76.92307692307692,0.9986435160065111,,materials_t0_active_audit_emulation;existing_public_WBM_labels_only;t1_current_MP_used_only_as_utility_audit;not_prospective_materials_discovery;not_DFT_evidence;not_materials_primary_headline
materials_discovery,ALIGNN-FF WBM,materials_alignn_exact_stable_alpha010_K500,500,0.1,6,raw_score_targeted,0.005,103350,517,369,0.7137330754352031,38,0.02631578947368421,True,False,0.41,1.0,0.18421052631578946,0.18421052631578946,0.462,1.2537058814597093,164.961300192067,10.0,33.38235282364596,131.57894736842104,0.9986435160065111,,materials_t0_active_audit_emulation;existing_public_WBM_labels_only;t1_current_MP_used_only_as_utility_audit;not_prospective_materials_discovery;not_DFT_evidence;not_materials_primary_headline
materials_discovery,ALIGNN-FF WBM,materials_alignn_exact_stable_alpha010_K300,300,0.1,6,raw_score_targeted,0.01,103350,1034,641,0.6199226305609284,39,0.05128205128205128,True,False,0.35,1.0,0.20512820512820512,0.20512820512820512,0.3933333333333333,2.0885130116965565,164.88260618657026,10.0,12.780162047906003,76.92307692307692,0.9981009224091155,,materials_t0_active_audit_emulation;existing_public_WBM_labels_only;t1_current_MP_used_only_as_utility_audit;not_prospective_materials_discovery;not_DFT_evidence;not_materials_primary_headline
materials_discovery,ALIGNN-FF WBM,materials_alignn_exact_stable_alpha010_K500,500,0.1,6,raw_score_targeted,0.01,103350,1034,641,0.6199226305609284,38,0.02631578947368421,True,False,0.41,1.0,0.18421052631578946,0.18421052631578946,0.462,1.253107807017934,164.88260618657026,10.0,33.303658818149216,131.57894736842104,0.9981009224091155,,materials_t0_active_audit_emulation;existing_public_WBM_labels_only;t1_current_MP_used_only_as_utility_audit;not_prospective_materials_discovery;not_DFT_evidence;not_materials_primary_headline
materials_discovery,ALIGNN-FF WBM,materials_alignn_exact_stable_alpha010_K300,300,0.1,6,raw_score_targeted,0.02,103350,2067,1192,0.5766811804547654,39,0.05128205128205128,True,False,0.35,1.0,0.20512820512820512,0.20512820512820512,0.3933333333333333,2.08751616412958,164.80390769444054,10.0,12.737847865378214,76.92307692307692,0.99755832881172,,materials_t0_active_audit_emulation;existing_public_WBM_labels_only;t1_current_MP_used_only_as_utility_audit;not_prospective_materials_discovery;not_DFT_evidence;not_materials_primary_headline
materials_discovery,ALIGNN-FF WBM,materials_alignn_exact_stable_alpha010_K500,500,0.1,6,raw_score_targeted,0.02,103350,2067,1192,0.5766811804547654,38,0.02631578947368421,True,False,0.41,1.0,0.18421052631578946,0.18421052631578946,0.462,1.2525096984777482,164.80390769444054,10.0,33.2249603260195,131.57894736842104,0.99755832881172,,materials_t0_active_audit_emulation;existing_public_WBM_labels_only;t1_current_MP_used_only_as_utility_audit;not_prospective_materials_discovery;not_DFT_evidence;not_materials_primary_headline
materials_discovery,ALIGNN-FF WBM,materials_alignn_exact_stable_alpha010_K300,300,0.1,6,raw_score_targeted,0.05,103350,5168,2547,0.49284055727554177,39,0.05128205128205128,True,False,0.35,1.0,0.20512820512820512,0.20512820512820512,0.3933333333333333,2.0835282048097192,164.4890688007673,10.0,12.56856532286271,76.92307692307692,0.9953879544221378,,materials_t0_active_audit_emulation;existing_public_WBM_labels_only;t1_current_MP_used_only_as_utility_audit;not_prospective_materials_discovery;not_DFT_evidence;not_materials_primary_headline
materials_discovery,ALIGNN-FF WBM,materials_alignn_exact_stable_alpha010_K500,500,0.1,6,raw_score_targeted,0.05,103350,5168,2547,0.49284055727554177,38,0.02631578947368421,True,False,0.41,1.0,0.18421052631578946,0.18421052631578946,0.462,1.2501169228858315,164.4890688007673,10.0,32.91012143234627,131.57894736842104,0.9953879544221378,,materials_t0_active_audit_emulation;existing_public_WBM_labels_only;t1_current_MP_used_only_as_utility_audit;not_prospective_materials_discovery;not_DFT_evidence;not_materials_primary_headline
materials_discovery,ALIGNN-FF WBM,materials_alignn_exact_stable_alpha010_K300,300,0.1,6,raw_score_targeted,0.1,103350,10335,4144,0.40096758587324627,39,0.05128205128205128,True,False,0.35,1.0,0.20512820512820512,0.20512820512820512,0.3933333333333333,2.07355431004408,163.70165605611155,10.0,12.145177679334296,76.92307692307692,0.9899620184481823,,materials_t0_active_audit_emulation;existing_public_WBM_labels_only;t1_current_MP_used_only_as_utility_audit;not_prospective_materials_discovery;not_DFT_evidence;not_materials_primary_headline
materials_discovery,ALIGNN-FF WBM,materials_alignn_exact_stable_alpha010_K500,500,0.1,6,raw_score_targeted,0.1,103350,10335,4144,0.40096758587324627,38,0.02631578947368421,True,False,0.41,1.0,0.18421052631578946,0.18421052631578946,0.462,1.2441325860264478,163.70165605611155,10.0,32.122708687690505,131.57894736842104,0.9899620184481823,,materials_t0_active_audit_emulation;existing_public_WBM_labels_only;t1_current_MP_used_only_as_utility_audit;not_prospective_materials_discovery;not_DFT_evidence;not_materials_primary_headline
materials_discovery,ALIGNN-FF WBM,materials_alignn_exact_stable_alpha010_K300,300,0.1,6,raw_score_targeted,0.2,103350,20670,8012,0.387614900822448,39,0.05128205128205128,True,False,0.35,1.0,0.20512820512820512,0.20512820512820512,0.3933333333333333,2.0625763953160896,162.834978577586,10.0,11.679150483217185,76.92307692307692,0.9839934888768312,,materials_t0_active_audit_emulation;existing_public_WBM_labels_only;t1_current_MP_used_only_as_utility_audit;not_prospective_materials_discovery;not_DFT_evidence;not_materials_primary_headline
materials_discovery,ALIGNN-FF WBM,materials_alignn_exact_stable_alpha010_K500,500,0.1,6,raw_score_targeted,0.2,103350,20670,8012,0.387614900822448,38,0.02631578947368421,True,False,0.41,1.0,0.18421052631578946,0.18421052631578946,0.462,1.237545837189654,162.834978577586,10.0,31.256031209164973,131.57894736842104,0.9839934888768312,,materials_t0_active_audit_emulation;existing_public_WBM_labels_only;t1_current_MP_used_only_as_utility_audit;not_prospective_materials_discovery;not_DFT_evidence;not_materials_primary_headline
materials_discovery,ALIGNN-FF WBM,materials_alignn_exact_stable_alpha010_K300,300,0.1,6,parc_m_evidence_targeted,0.0,103350,0,0,0.0,0,0.0,False,False,0.35,0.0,0.0,0.0,0.3933333333333333,0.24835952093894656,165.15801559604097,10.0,-7.516404790610535,,1.0,insufficient_high_e_mass_for_uniform_scs,materials_t0_active_audit_emulation;existing_public_WBM_labels_only;t1_current_MP_used_only_as_utility_audit;not_prospective_materials_discovery;not_DFT_evidence;not_materials_primary_headline
materials_discovery,ALIGNN-FF WBM,materials_alignn_exact_stable_alpha010_K500,500,0.1,6,parc_m_evidence_targeted,0.0,103350,0,0,0.0,0,0.0,False,False,0.41,0.0,0.0,0.0,0.462,0.17446427685186086,165.15801559604097,10.0,-8.281591624782974,,1.0,insufficient_high_e_mass_for_uniform_scs,materials_t0_active_audit_emulation;existing_public_WBM_labels_only;t1_current_MP_used_only_as_utility_audit;not_prospective_materials_discovery;not_DFT_evidence;not_materials_primary_headline
materials_discovery,ALIGNN-FF WBM,materials_alignn_exact_stable_alpha010_K300,300,0.1,6,parc_m_evidence_targeted,0.005,103350,517,358,0.6924564796905223,27,0.0,True,False,0.35,1.0,0.18518518518518517,0.18518518518518517,0.3933333333333333,1.4860680727940776,165.1186747548975,10.0,54.00756364378641,111.1111111111111,0.9997287032013022,,materials_t0_active_audit_emulation;existing_public_WBM_labels_only;t1_current_MP_used_only_as_utility_audit;not_prospective_materials_discovery;not_DFT_evidence;not_materials_primary_headline
materials_discovery,ALIGNN-FF WBM,materials_alignn_exact_stable_alpha010_K500,500,0.1,6,parc_m_evidence_targeted,0.005,103350,517,358,0.6924564796905223,0,0.0,False,False,0.41,0.0,0.0,0.0,0.462,0.8916408436764466,165.1186747548975,10.0,-7.316208593236391,,0.9997287032013022,insufficient_high_e_mass_for_uniform_scs,materials_t0_active_audit_emulation;existing_public_WBM_labels_only;t1_current_MP_used_only_as_utility_audit;not_prospective_materials_discovery;not_DFT_evidence;not_materials_primary_headline
materials_discovery,ALIGNN-FF WBM,materials_alignn_exact_stable_alpha010_K300,300,0.1,6,parc_m_evidence_targeted,0.01,103350,1034,628,0.6073500967117988,27,0.0,True,False,0.35,1.0,0.18518518518518517,0.18518518518518517,0.3933333333333333,1.4860680727940776,165.1186747548975,10.0,54.00756364378641,111.1111111111111,0.9997287032013022,,materials_t0_active_audit_emulation;existing_public_WBM_labels_only;t1_current_MP_used_only_as_utility_audit;not_prospective_materials_discovery;not_DFT_evidence;not_materials_primary_headline
materials_discovery,ALIGNN-FF WBM,materials_alignn_exact_stable_alpha010_K500,500,0.1,6,parc_m_evidence_targeted,0.01,103350,1034,628,0.6073500967117988,0,0.0,False,False,0.41,0.0,0.0,0.0,0.462,0.8916408436764466,165.1186747548975,10.0,-6.826641944418554,,0.9997287032013022,insufficient_high_e_mass_for_uniform_scs,materials_t0_active_audit_emulation;existing_public_WBM_labels_only;t1_current_MP_used_only_as_utility_audit;not_prospective_materials_discovery;not_DFT_evidence;not_materials_primary_headline
materials_discovery,ALIGNN-FF WBM,materials_alignn_exact_stable_alpha010_K300,300,0.1,6,parc_m_evidence_targeted,0.02,103350,2067,1180,0.5708756652152879,27,0.0,True,False,0.35,1.0,0.18518518518518517,0.18518518518518517,0.3933333333333333,1.4853599074247905,165.03998971386562,10.0,53.92887860275452,111.1111111111111,0.9991861096039066,,materials_t0_active_audit_emulation;existing_public_WBM_labels_only;t1_current_MP_used_only_as_utility_audit;not_prospective_materials_discovery;not_DFT_evidence;not_materials_primary_headline
materials_discovery,ALIGNN-FF WBM,materials_alignn_exact_stable_alpha010_K500,500,0.1,6,parc_m_evidence_targeted,0.02,103350,2067,1180,0.5708756652152879,0,0.0,False,False,0.41,0.0,0.0,0.0,0.462,0.8912159444548744,165.03998971386562,10.0,-6.796760731995314,,0.9991861096039066,insufficient_high_e_mass_for_uniform_scs,materials_t0_active_audit_emulation;existing_public_WBM_labels_only;t1_current_MP_used_only_as_utility_audit;not_prospective_materials_discovery;not_DFT_evidence;not_materials_primary_headline
materials_discovery,ALIGNN-FF WBM,materials_alignn_exact_stable_alpha010_K300,300,0.1,6,parc_m_evidence_targeted,0.05,103350,5168,2517,0.4870356037151703,27,0.0,True,False,0.35,1.0,0.18518518518518517,0.18518518518518517,0.3933333333333333,1.4842975837496788,164.9219537499643,10.0,53.8108426388532,111.1111111111111,0.9983722192078134,,materials_t0_active_audit_emulation;existing_public_WBM_labels_only;t1_current_MP_used_only_as_utility_audit;not_prospective_materials_discovery;not_DFT_evidence;not_materials_primary_headline
materials_discovery,ALIGNN-FF WBM,materials_alignn_exact_stable_alpha010_K500,500,0.1,6,parc_m_evidence_targeted,0.05,103350,5168,2517,0.4870356037151703,0,0.0,False,False,0.41,0.0,0.0,0.0,0.462,0.8905785502498074,164.9219537499643,10.0,-6.766953935817298,,0.9983722192078134,insufficient_high_e_mass_for_uniform_scs,materials_t0_active_audit_emulation;existing_public_WBM_labels_only;t1_current_MP_used_only_as_utility_audit;not_prospective_materials_discovery;not_DFT_evidence;not_materials_primary_headline
materials_discovery,ALIGNN-FF WBM,materials_alignn_exact_stable_alpha010_K300,300,0.1,6,parc_m_evidence_targeted,0.1,103350,10335,4097,0.39641993226898886,38,0.02631578947368421,True,False,0.35,1.0,0.18421052631578946,0.18421052631578946,0.3933333333333333,1.7511910174426213,164.17415788524576,10.0,10.37494990033342,78.94736842105263,0.9932175800325557,,materials_t0_active_audit_emulation;existing_public_WBM_labels_only;t1_current_MP_used_only_as_utility_audit;not_prospective_materials_discovery;not_DFT_evidence;not_materials_primary_headline
materials_discovery,ALIGNN-FF WBM,materials_alignn_exact_stable_alpha010_K500,500,0.1,6,parc_m_evidence_targeted,0.1,103350,10335,4097,0.39641993226898886,32,0.0,True,False,0.41,1.0,0.1875,0.1875,0.462,1.050714610465573,164.17415788524576,10.0,7.924157885245762,156.25,0.9932175800325557,,materials_t0_active_audit_emulation;existing_public_WBM_labels_only;t1_current_MP_used_only_as_utility_audit;not_prospective_materials_discovery;not_DFT_evidence;not_materials_primary_headline
materials_discovery,ALIGNN-FF WBM,materials_alignn_exact_stable_alpha010_K300,300,0.1,6,parc_m_evidence_targeted,0.2,103350,20670,8078,0.3908079342041606,39,0.05128205128205128,True,False,0.35,1.0,0.20512820512820512,0.20512820512820512,0.3933333333333333,2.0705610241539256,163.46534401215203,10.0,12.018110694229065,76.92307692307692,0.9883342376559957,,materials_t0_active_audit_emulation;existing_public_WBM_labels_only;t1_current_MP_used_only_as_utility_audit;not_prospective_materials_discovery;not_DFT_evidence;not_materials_primary_headline
materials_discovery,ALIGNN-FF WBM,materials_alignn_exact_stable_alpha010_K500,500,0.1,6,parc_m_evidence_targeted,0.2,103350,20670,8078,0.3908079342041606,38,0.02631578947368421,True,False,0.41,1.0,0.18421052631578946,0.18421052631578946,0.462,1.2423366144923556,163.46534401215203,10.0,31.88639664373099,131.57894736842104,0.9883342376559957,,materials_t0_active_audit_emulation;existing_public_WBM_labels_only;t1_current_MP_used_only_as_utility_audit;not_prospective_materials_discovery;not_DFT_evidence;not_materials_primary_headline
materials_discovery,ALIGNN-FF WBM,materials_alignn_exact_stable_alpha010_K300,300,0.1,6,chgnet_mace_support_targeted,0.0,103350,0,0,0.0,0,0.0,False,False,0.35,0.0,0.0,0.0,0.3933333333333333,0.24835952093894656,165.15801559604097,10.0,-7.516404790610535,,1.0,insufficient_high_e_mass_for_uniform_scs,materials_t0_active_audit_emulation;existing_public_WBM_labels_only;t1_current_MP_used_only_as_utility_audit;not_prospective_materials_discovery;not_DFT_evidence;not_materials_primary_headline
materials_discovery,ALIGNN-FF WBM,materials_alignn_exact_stable_alpha010_K500,500,0.1,6,chgnet_mace_support_targeted,0.0,103350,0,0,0.0,0,0.0,False,False,0.41,0.0,0.0,0.0,0.462,0.17446427685186086,165.15801559604097,10.0,-8.281591624782974,,1.0,insufficient_high_e_mass_for_uniform_scs,materials_t0_active_audit_emulation;existing_public_WBM_labels_only;t1_current_MP_used_only_as_utility_audit;not_prospective_materials_discovery;not_DFT_evidence;not_materials_primary_headline
materials_discovery,ALIGNN-FF WBM,materials_alignn_exact_stable_alpha010_K300,300,0.1,6,chgnet_mace_support_targeted,0.005,103350,517,124,0.23984526112185686,0,0.0,False,False,0.35,0.0,0.0,0.0,0.3933333333333333,0.26182635232496615,165.0793327942943,10.0,-7.381736476750339,,0.9994574064026045,insufficient_high_e_mass_for_uniform_scs,materials_t0_active_audit_emulation;existing_public_WBM_labels_only;t1_current_MP_used_only_as_utility_audit;not_prospective_materials_discovery;not_DFT_evidence;not_materials_primary_headline
materials_discovery,ALIGNN-FF WBM,materials_alignn_exact_stable_alpha010_K500,500,0.1,6,chgnet_mace_support_targeted,0.005,103350,517,124,0.23984526112185686,0,0.0,False,False,0.41,0.0,0.0,0.0,0.462,0.17843877718746345,165.0793327942943,10.0,-8.248294631869648,,0.9994574064026045,insufficient_high_e_mass_for_uniform_scs,materials_t0_active_audit_emulation;existing_public_WBM_labels_only;t1_current_MP_used_only_as_utility_audit;not_prospective_materials_discovery;not_DFT_evidence;not_materials_primary_headline
materials_discovery,ALIGNN-FF WBM,materials_alignn_exact_stable_alpha010_K300,300,0.1,6,chgnet_mace_support_targeted,0.01,103350,1034,235,0.22727272727272727,0,0.0,False,False,0.35,0.0,0.0,0.0,0.3933333333333333,0.26378099024256363,165.00064551324527,10.0,-7.362190097574364,,0.9989148128052089,insufficient_high_e_mass_for_uniform_scs,materials_t0_active_audit_emulation;existing_public_WBM_labels_only;t1_current_MP_used_only_as_utility_audit;not_prospective_materials_discovery;not_DFT_evidence;not_materials_primary_headline
materials_discovery,ALIGNN-FF WBM,materials_alignn_exact_stable_alpha010_K500,500,0.1,6,chgnet_mace_support_targeted,0.01,103350,1034,235,0.22727272727272727,0,0.0,False,False,0.41,0.0,0.0,0.0,0.462,0.17940477023393817,165.00064551324527,10.0,-8.231494964694969,,0.9989148128052089,insufficient_high_e_mass_for_uniform_scs,materials_t0_active_audit_emulation;existing_public_WBM_labels_only;t1_current_MP_used_only_as_utility_audit;not_prospective_materials_discovery;not_DFT_evidence;not_materials_primary_headline
materials_discovery,ALIGNN-FF WBM,materials_alignn_exact_stable_alpha010_K300,300,0.1,6,chgnet_mace_support_targeted,0.02,103350,2067,373,0.18045476536042573,0,0.0,False,False,0.35,0.0,0.0,0.0,0.3933333333333333,0.26354938399451167,164.84325750151808,10.0,-7.364506160054884,,0.9978296256104178,insufficient_high_e_mass_for_uniform_scs,materials_t0_active_audit_emulation;existing_public_WBM_labels_only;t1_current_MP_used_only_as_utility_audit;not_prospective_materials_discovery;not_DFT_evidence;not_materials_primary_headline
materials_discovery,ALIGNN-FF WBM,materials_alignn_exact_stable_alpha010_K500,500,0.1,6,chgnet_mace_support_targeted,0.02,103350,2067,373,0.18045476536042573,0,0.0,False,False,0.41,0.0,0.0,0.0,0.462,0.1819043590914994,164.84325750151808,10.0,-8.205997867639526,,0.9978296256104178,insufficient_high_e_mass_for_uniform_scs,materials_t0_active_audit_emulation;existing_public_WBM_labels_only;t1_current_MP_used_only_as_utility_audit;not_prospective_materials_discovery;not_DFT_evidence;not_materials_primary_headline
materials_discovery,ALIGNN-FF WBM,materials_alignn_exact_stable_alpha010_K300,300,0.1,6,chgnet_mace_support_targeted,0.05,103350,5168,1749,0.33842879256965946,39,0.05128205128205128,True,False,0.35,1.0,0.20512820512820512,0.20512820512820512,0.3933333333333333,2.0815338831957946,164.3316223575627,10.0,12.483908540204538,76.92307692307692,0.9943027672273467,,materials_t0_active_audit_emulation;existing_public_WBM_labels_only;t1_current_MP_used_only_as_utility_audit;not_prospective_materials_discovery;not_DFT_evidence;not_materials_primary_headline
materials_discovery,ALIGNN-FF WBM,materials_alignn_exact_stable_alpha010_K500,500,0.1,6,chgnet_mace_support_targeted,0.05,103350,5168,1749,0.33842879256965946,38,0.02631578947368421,True,False,0.41,1.0,0.18421052631578946,0.18421052631578946,0.462,1.2489203299174767,164.3316223575627,10.0,32.75267498914167,131.57894736842104,0.9943027672273467,,materials_t0_active_audit_emulation;existing_public_WBM_labels_only;t1_current_MP_used_only_as_utility_audit;not_prospective_materials_discovery;not_DFT_evidence;not_materials_primary_headline
materials_discovery,ALIGNN-FF WBM,materials_alignn_exact_stable_alpha010_K300,300,0.1,6,chgnet_mace_support_targeted,0.1,103350,10335,3755,0.3633284954039671,39,0.05128205128205128,True,False,0.35,1.0,0.20512820512820512,0.20512820512820512,0.3933333333333333,2.075549546938829,163.8591747583286,10.0,12.229875981694093,76.92307692307692,0.9910472056429734,,materials_t0_active_audit_emulation;existing_public_WBM_labels_only;t1_current_MP_used_only_as_utility_audit;not_prospective_materials_discovery;not_DFT_evidence;not_materials_primary_headline
materials_discovery,ALIGNN-FF WBM,materials_alignn_exact_stable_alpha010_K500,500,0.1,6,chgnet_mace_support_targeted,0.1,103350,10335,3755,0.3633284954039671,38,0.02631578947368421,True,False,0.41,1.0,0.18421052631578946,0.18421052631578946,0.462,1.2453297281632973,163.8591747583286,10.0,32.280227389907566,131.57894736842104,0.9910472056429734,,materials_t0_active_audit_emulation;existing_public_WBM_labels_only;t1_current_MP_used_only_as_utility_audit;not_prospective_materials_discovery;not_DFT_evidence;not_materials_primary_headline
materials_discovery,ALIGNN-FF WBM,materials_alignn_exact_stable_alpha010_K300,300,0.1,6,chgnet_mace_support_targeted,0.2,103350,20670,7245,0.3505079825834543,39,0.05128205128205128,True,False,0.35,1.0,0.20512820512820512,0.20512820512820512,0.3933333333333333,2.0625763953160896,162.834978577586,10.0,11.679150483217185,76.92307692307692,0.9839934888768312,,materials_t0_active_audit_emulation;existing_public_WBM_labels_only;t1_current_MP_used_only_as_utility_audit;not_prospective_materials_discovery;not_DFT_evidence;not_materials_primary_headline
materials_discovery,ALIGNN-FF WBM,materials_alignn_exact_stable_alpha010_K500,500,0.1,6,chgnet_mace_support_targeted,0.2,103350,20670,7245,0.3505079825834543,38,0.02631578947368421,True,False,0.41,1.0,0.18421052631578946,0.18421052631578946,0.462,1.237545837189654,162.834978577586,10.0,31.256031209164973,131.57894736842104,0.9839934888768312,,materials_t0_active_audit_emulation;existing_public_WBM_labels_only;t1_current_MP_used_only_as_utility_audit;not_prospective_materials_discovery;not_DFT_evidence;not_materials_primary_headline
materials_discovery,ALIGNN-FF WBM,materials_alignn_exact_stable_alpha010_K300,300,0.1,6,mass_gain,0.0,103350,0,0,0.0,0,0.0,False,False,0.35,0.0,0.0,0.0,0.3933333333333333,0.24835952093894656,165.15801559604097,10.0,-7.516404790610535,,1.0,insufficient_high_e_mass_for_uniform_scs,materials_t0_active_audit_emulation;existing_public_WBM_labels_only;t1_current_MP_used_only_as_utility_audit;not_prospective_materials_discovery;not_DFT_evidence;not_materials_primary_headline
materials_discovery,ALIGNN-FF WBM,materials_alignn_exact_stable_alpha010_K500,500,0.1,6,mass_gain,0.0,103350,0,0,0.0,0,0.0,False,False,0.41,0.0,0.0,0.0,0.462,0.17446427685186086,165.15801559604097,10.0,-8.281591624782974,,1.0,insufficient_high_e_mass_for_uniform_scs,materials_t0_active_audit_emulation;existing_public_WBM_labels_only;t1_current_MP_used_only_as_utility_audit;not_prospective_materials_discovery;not_DFT_evidence;not_materials_primary_headline
materials_discovery,ALIGNN-FF WBM,materials_alignn_exact_stable_alpha010_K300,300,0.1,6,mass_gain,0.005,103350,517,352,0.6808510638297872,0,0.0,False,False,0.35,0.0,0.0,0.0,0.3933333333333333,0.568388486979336,164.961300192067,10.0,-6.363889498582729,,0.9986435160065111,insufficient_high_e_mass_for_uniform_scs,materials_t0_active_audit_emulation;existing_public_WBM_labels_only;t1_current_MP_used_only_as_utility_audit;not_prospective_materials_discovery;not_DFT_evidence;not_materials_primary_headline
materials_discovery,ALIGNN-FF WBM,materials_alignn_exact_stable_alpha010_K500,500,0.1,6,mass_gain,0.005,103350,517,352,0.6808510638297872,0,0.0,False,False,0.41,0.0,0.0,0.0,0.462,0.3410330921876016,164.961300192067,10.0,-7.383459433879368,,0.9986435160065111,insufficient_high_e_mass_for_uniform_scs,materials_t0_active_audit_emulation;existing_public_WBM_labels_only;t1_current_MP_used_only_as_utility_audit;not_prospective_materials_discovery;not_DFT_evidence;not_materials_primary_headline
materials_discovery,ALIGNN-FF WBM,materials_alignn_exact_stable_alpha010_K300,300,0.1,6,mass_gain,0.01,103350,1034,592,0.5725338491295938,0,0.0,False,False,0.35,0.0,0.0,0.0,0.3933333333333333,0.5673164949929448,164.64649723852398,10.0,-6.370319719284131,,0.9964731416169289,insufficient_high_e_mass_for_uniform_scs,materials_t0_active_audit_emulation;existing_public_WBM_labels_only;t1_current_MP_used_only_as_utility_audit;not_prospective_materials_discovery;not_DFT_evidence;not_materials_primary_headline
materials_discovery,ALIGNN-FF WBM,materials_alignn_exact_stable_alpha010_K500,500,0.1,6,mass_gain,0.01,103350,1034,592,0.5725338491295938,0,0.0,False,False,0.41,0.0,0.0,0.0,0.462,0.3403898969957669,164.64649723852398,10.0,-7.38805503232857,,0.9964731416169289,insufficient_high_e_mass_for_uniform_scs,materials_t0_active_audit_emulation;existing_public_WBM_labels_only;t1_current_MP_used_only_as_utility_audit;not_prospective_materials_discovery;not_DFT_evidence;not_materials_primary_headline
materials_discovery,ALIGNN-FF WBM,materials_alignn_exact_stable_alpha010_K300,300,0.1,6,mass_gain,0.02,103350,2067,1006,0.4866956942428641,0,0.0,False,False,0.35,0.0,0.0,0.0,0.3933333333333333,0.5646353683968832,163.8591747583286,10.0,-6.386404396507525,,0.9910472056429734,insufficient_high_e_mass_for_uniform_scs,materials_t0_active_audit_emulation;existing_public_WBM_labels_only;t1_current_MP_used_only_as_utility_audit;not_prospective_materials_discovery;not_DFT_evidence;not_materials_primary_headline
materials_discovery,ALIGNN-FF WBM,materials_alignn_exact_stable_alpha010_K500,500,0.1,6,mass_gain,0.02,103350,2067,1006,0.4866956942428641,0,0.0,False,False,0.41,0.0,0.0,0.0,0.462,0.3387812210381299,163.8591747583286,10.0,-7.3995507093470305,,0.9910472056429734,insufficient_high_e_mass_for_uniform_scs,materials_t0_active_audit_emulation;existing_public_WBM_labels_only;t1_current_MP_used_only_as_utility_audit;not_prospective_materials_discovery;not_DFT_evidence;not_materials_primary_headline
materials_discovery,ALIGNN-FF WBM,materials_alignn_exact_stable_alpha010_K300,300,0.1,6,mass_gain,0.05,103350,5168,1943,0.37596749226006193,0,0.0,False,False,0.35,0.0,0.0,0.0,0.3933333333333333,0.5612816430773895,162.87438495906486,10.0,-5.591067699746655,,0.984264785675529,insufficient_high_e_mass_for_uniform_scs,materials_t0_active_audit_emulation;existing_public_WBM_labels_only;t1_current_MP_used_only_as_utility_audit;not_prospective_materials_discovery;not_DFT_evidence;not_materials_primary_headline
materials_discovery,ALIGNN-FF WBM,materials_alignn_exact_stable_alpha010_K500,500,0.1,6,mass_gain,0.05,103350,5168,1943,0.37596749226006193,0,0.0,False,False,0.41,0.0,0.0,0.0,0.462,0.33676898584643367,162.87438495906486,10.0,-6.896764706333235,,0.984264785675529,insufficient_high_e_mass_for_uniform_scs,materials_t0_active_audit_emulation;existing_public_WBM_labels_only;t1_current_MP_used_only_as_utility_audit;not_prospective_materials_discovery;not_DFT_evidence;not_materials_primary_headline
materials_discovery,ALIGNN-FF WBM,materials_alignn_exact_stable_alpha010_K300,300,0.1,6,mass_gain,0.1,103350,10335,3280,0.3173681664247702,0,0.0,False,False,0.35,0.0,0.0,0.0,0.3933333333333333,0.9727528093388234,162.12546822313723,10.0,-4.541198443529424,,0.9791101465002713,insufficient_high_e_mass_for_uniform_scs,materials_t0_active_audit_emulation;existing_public_WBM_labels_only;t1_current_MP_used_only_as_utility_audit;not_prospective_materials_discovery;not_DFT_evidence;not_materials_primary_headline
materials_discovery,ALIGNN-FF WBM,materials_alignn_exact_stable_alpha010_K500,500,0.1,6,mass_gain,0.1,103350,10335,3280,0.3173681664247702,0,0.0,False,False,0.41,0.0,0.0,0.0,0.462,0.5836516856032941,162.12546822313723,10.0,-6.462142305431096,,0.9791101465002713,insufficient_high_e_mass_for_uniform_scs,materials_t0_active_audit_emulation;existing_public_WBM_labels_only;t1_current_MP_used_only_as_utility_audit;not_prospective_materials_discovery;not_DFT_evidence;not_materials_primary_headline
materials_discovery,ALIGNN-FF WBM,materials_alignn_exact_stable_alpha010_K300,300,0.1,6,mass_gain,0.2,103350,20670,5787,0.2799709724238026,19,0.0,True,False,0.35,1.0,0.05263157894736842,0.05263157894736842,0.3933333333333333,1.0252962541374735,161.88888223223265,10.0,3.994145390127386,157.89473684210526,0.9774823657080847,,materials_t0_active_audit_emulation;existing_public_WBM_labels_only;t1_current_MP_used_only_as_utility_audit;not_prospective_materials_discovery;not_DFT_evidence;not_materials_primary_headline
materials_discovery,ALIGNN-FF WBM,materials_alignn_exact_stable_alpha010_K500,500,0.1,6,mass_gain,0.2,103350,20670,5787,0.2799709724238026,0,0.0,False,False,0.41,0.0,0.0,0.0,0.462,0.6151777524824842,161.88888223223265,10.0,-6.343154837303313,,0.9774823657080847,insufficient_high_e_mass_for_uniform_scs,materials_t0_active_audit_emulation;existing_public_WBM_labels_only;t1_current_MP_used_only_as_utility_audit;not_prospective_materials_discovery;not_DFT_evidence;not_materials_primary_headline
materials_discovery,ALIGNN-FF WBM,materials_alignn_exact_stable_alpha010_K300,300,0.1,7,random,0.0,107712,0,0,0.0,0,0.0,False,False,0.32666666666666666,0.0,0.0,0.0,0.4066666666666667,0.34148049607558784,165.15801559604097,10.0,-7.054667013539291,,1.0,insufficient_high_e_mass_for_uniform_scs,materials_t0_active_audit_emulation;existing_public_WBM_labels_only;t1_current_MP_used_only_as_utility_audit;not_prospective_materials_discovery;not_DFT_evidence;not_materials_primary_headline
materials_discovery,ALIGNN-FF WBM,materials_alignn_exact_stable_alpha010_K500,500,0.1,7,random,0.0,107712,0,0,0.0,0,0.0,False,False,0.364,0.0,0.0,0.0,0.496,0.2048882976453527,165.15801559604097,10.0,-8.039692178180736,,1.0,insufficient_high_e_mass_for_uniform_scs,materials_t0_active_audit_emulation;existing_public_WBM_labels_only;t1_current_MP_used_only_as_utility_audit;not_prospective_materials_discovery;not_DFT_evidence;not_materials_primary_headline
materials_discovery,ALIGNN-FF WBM,materials_alignn_exact_stable_alpha010_K300,300,0.1,7,random,0.005,107712,539,78,0.14471243042671614,0,0.0,False,False,0.32666666666666666,0.0,0.0,0.0,0.4066666666666667,0.34148049607558784,165.15801559604097,10.0,-7.054667013539291,,1.0,insufficient_high_e_mass_for_uniform_scs,materials_t0_active_audit_emulation;existing_public_WBM_labels_only;t1_current_MP_used_only_as_utility_audit;not_prospective_materials_discovery;not_DFT_evidence;not_materials_primary_headline
materials_discovery,ALIGNN-FF WBM,materials_alignn_exact_stable_alpha010_K500,500,0.1,7,random,0.005,107712,539,78,0.14471243042671614,0,0.0,False,False,0.364,0.0,0.0,0.0,0.496,0.2048882976453527,165.15801559604097,10.0,-8.039692178180736,,1.0,insufficient_high_e_mass_for_uniform_scs,materials_t0_active_audit_emulation;existing_public_WBM_labels_only;t1_current_MP_used_only_as_utility_audit;not_prospective_materials_discovery;not_DFT_evidence;not_materials_primary_headline
materials_discovery,ALIGNN-FF WBM,materials_alignn_exact_stable_alpha010_K300,300,0.1,7,random,0.01,107712,1077,158,0.1467038068709378,0,0.0,False,False,0.32666666666666666,0.0,0.0,0.0,0.4066666666666667,0.34148049607558784,165.15801559604097,10.0,-7.028016720652946,,1.0,insufficient_high_e_mass_for_uniform_scs,materials_t0_active_audit_emulation;existing_public_WBM_labels_only;t1_current_MP_used_only_as_utility_audit;not_prospective_materials_discovery;not_DFT_evidence;not_materials_primary_headline
materials_discovery,ALIGNN-FF WBM,materials_alignn_exact_stable_alpha010_K500,500,0.1,7,random,0.01,107712,1077,158,0.1467038068709378,0,0.0,False,False,0.364,0.0,0.0,0.0,0.496,0.2048882976453527,165.15801559604097,10.0,-8.039692178180736,,1.0,insufficient_high_e_mass_for_uniform_scs,materials_t0_active_audit_emulation;existing_public_WBM_labels_only;t1_current_MP_used_only_as_utility_audit;not_prospective_materials_discovery;not_DFT_evidence;not_materials_primary_headline
materials_discovery,ALIGNN-FF WBM,materials_alignn_exact_stable_alpha010_K300,300,0.1,7,random,0.02,107712,2154,317,0.14716805942432684,0,0.0,False,False,0.32666666666666666,0.0,0.0,0.0,0.4066666666666667,0.3414025670652304,165.1186747548975,10.0,-7.028669980249656,,0.9997287032013022,insufficient_high_e_mass_for_uniform_scs,materials_t0_active_audit_emulation;existing_public_WBM_labels_only;t1_current_MP_used_only_as_utility_audit;not_prospective_materials_discovery;not_DFT_evidence;not_materials_primary_headline
materials_discovery,ALIGNN-FF WBM,materials_alignn_exact_stable_alpha010_K500,500,0.1,7,random,0.02,107712,2154,317,0.14716805942432684,0,0.0,False,False,0.364,0.0,0.0,0.0,0.496,0.20484154023913825,165.1186747548975,10.0,-8.04012378949484,,0.9997287032013022,insufficient_high_e_mass_for_uniform_scs,materials_t0_active_audit_emulation;existing_public_WBM_labels_only;t1_current_MP_used_only_as_utility_audit;not_prospective_materials_discovery;not_DFT_evidence;not_materials_primary_headline
materials_discovery,ALIGNN-FF WBM,materials_alignn_exact_stable_alpha010_K300,300,0.1,7,random,0.05,107712,5386,787,0.1461195692536205,0,0.0,False,False,0.32666666666666666,0.0,0.0,0.0,0.4066666666666667,0.3413246352994812,165.0793327942943,10.0,-7.0021640858732095,,0.9994574064026045,insufficient_high_e_mass_for_uniform_scs,materials_t0_active_audit_emulation;existing_public_WBM_labels_only;t1_current_MP_used_only_as_utility_audit;not_prospective_materials_discovery;not_DFT_evidence;not_materials_primary_headline
materials_discovery,ALIGNN-FF WBM,materials_alignn_exact_stable_alpha010_K500,500,0.1,7,random,0.05,107712,5386,787,0.1461195692536205,0,0.0,False,False,0.364,0.0,0.0,0.0,0.496,0.20479478117968872,165.0793327942943,10.0,-8.029197592354036,,0.9994574064026045,insufficient_high_e_mass_for_uniform_scs,materials_t0_active_audit_emulation;existing_public_WBM_labels_only;t1_current_MP_used_only_as_utility_audit;not_prospective_materials_discovery;not_DFT_evidence;not_materials_primary_headline
materials_discovery,ALIGNN-FF WBM,materials_alignn_exact_stable_alpha010_K300,300,0.1,7,random,0.1,107712,10771,1616,0.1500324946615913,0,0.0,False,False,0.32666666666666666,0.0,0.0,0.0,0.4066666666666667,0.34109082346057856,164.961300192067,10.0,-6.976465261391484,,0.9986435160065111,insufficient_high_e_mass_for_uniform_scs,materials_t0_active_audit_emulation;existing_public_WBM_labels_only;t1_current_MP_used_only_as_utility_audit;not_prospective_materials_discovery;not_DFT_evidence;not_materials_primary_headline
materials_discovery,ALIGNN-FF WBM,materials_alignn_exact_stable_alpha010_K500,500,0.1,7,random,0.1,107712,10771,1616,0.1500324946615913,0,0.0,False,False,0.364,0.0,0.0,0.0,0.496,0.20465449407634714,164.961300192067,10.0,-8.021810336583329,,0.9986435160065111,insufficient_high_e_mass_for_uniform_scs,materials_t0_active_audit_emulation;existing_public_WBM_labels_only;t1_current_MP_used_only_as_utility_audit;not_prospective_materials_discovery;not_DFT_evidence;not_materials_primary_headline
materials_discovery,ALIGNN-FF WBM,materials_alignn_exact_stable_alpha010_K300,300,0.1,7,random,0.2,107712,21542,3264,0.15151796490576547,0,0.0,False,False,0.32666666666666666,0.0,0.0,0.0,0.4066666666666667,0.37469942784881843,164.88260618657026,10.0,-6.891419098022851,,0.9981009224091155,insufficient_high_e_mass_for_uniform_scs,materials_t0_active_audit_emulation;existing_public_WBM_labels_only;t1_current_MP_used_only_as_utility_audit;not_prospective_materials_discovery;not_DFT_evidence;not_materials_primary_headline
materials_discovery,ALIGNN-FF WBM,materials_alignn_exact_stable_alpha010_K500,500,0.1,7,random,0.2,107712,21542,3264,0.15151796490576547,0,0.0,False,False,0.364,0.0,0.0,0.0,0.496,0.22481965670929105,164.88260618657026,10.0,-7.952446240650833,,0.9981009224091155,insufficient_high_e_mass_for_uniform_scs,materials_t0_active_audit_emulation;existing_public_WBM_labels_only;t1_current_MP_used_only_as_utility_audit;not_prospective_materials_discovery;not_DFT_evidence;not_materials_primary_headline
materials_discovery,ALIGNN-FF WBM,materials_alignn_exact_stable_alpha010_K300,300,0.1,7,raw_score_targeted,0.0,107712,0,0,0.0,0,0.0,False,False,0.32666666666666666,0.0,0.0,0.0,0.4066666666666667,0.34148049607558784,165.15801559604097,10.0,-7.054667013539291,,1.0,insufficient_high_e_mass_for_uniform_scs,materials_t0_active_audit_emulation;existing_public_WBM_labels_only;t1_current_MP_used_only_as_utility_audit;not_prospective_materials_discovery;not_DFT_evidence;not_materials_primary_headline
materials_discovery,ALIGNN-FF WBM,materials_alignn_exact_stable_alpha010_K500,500,0.1,7,raw_score_targeted,0.0,107712,0,0,0.0,0,0.0,False,False,0.364,0.0,0.0,0.0,0.496,0.2048882976453527,165.15801559604097,10.0,-8.039692178180736,,1.0,insufficient_high_e_mass_for_uniform_scs,materials_t0_active_audit_emulation;existing_public_WBM_labels_only;t1_current_MP_used_only_as_utility_audit;not_prospective_materials_discovery;not_DFT_evidence;not_materials_primary_headline
materials_discovery,ALIGNN-FF WBM,materials_alignn_exact_stable_alpha010_K300,300,0.1,7,raw_score_targeted,0.005,107712,539,351,0.6512059369202227,101,0.1485148514851485,False,True,0.32666666666666666,1.0,0.2871287128712871,0.2871287128712871,0.4066666666666667,3.5208531138957997,165.03998971386562,10.0,0.17866508669364123,29.702970297029697,0.9991861096039066,,materials_t0_active_audit_emulation;existing_public_WBM_labels_only;t1_current_MP_used_only_as_utility_audit;not_prospective_materials_discovery;not_DFT_evidence;not_materials_primary_headline
materials_discovery,ALIGNN-FF WBM,materials_alignn_exact_stable_alpha010_K500,500,0.1,7,raw_score_targeted,0.005,107712,539,351,0.6512059369202227,66,0.015151515151515152,True,False,0.364,1.0,0.21212121212121213,0.21212121212121213,0.496,2.1125118683374797,165.03998971386562,10.0,14.030283846687922,75.75757575757575,0.9991861096039066,,materials_t0_active_audit_emulation;existing_public_WBM_labels_only;t1_current_MP_used_only_as_utility_audit;not_prospective_materials_discovery;not_DFT_evidence;not_materials_primary_headline
materials_discovery,ALIGNN-FF WBM,materials_alignn_exact_stable_alpha010_K300,300,0.1,7,raw_score_targeted,0.01,107712,1077,639,0.5933147632311978,101,0.1485148514851485,False,True,0.32666666666666666,1.0,0.2871287128712871,0.2871287128712871,0.4066666666666667,3.5191744040974293,164.961300192067,10.0,0.1648858702819247,29.702970297029697,0.9986435160065111,,materials_t0_active_audit_emulation;existing_public_WBM_labels_only;t1_current_MP_used_only_as_utility_audit;not_prospective_materials_discovery;not_DFT_evidence;not_materials_primary_headline
materials_discovery,ALIGNN-FF WBM,materials_alignn_exact_stable_alpha010_K500,500,0.1,7,raw_score_targeted,0.01,107712,1077,639,0.5933147632311978,66,0.015151515151515152,True,False,0.364,1.0,0.21212121212121213,0.21212121212121213,0.496,2.1115046424584576,164.961300192067,10.0,13.987974818108867,75.75757575757575,0.9986435160065111,,materials_t0_active_audit_emulation;existing_public_WBM_labels_only;t1_current_MP_used_only_as_utility_audit;not_prospective_materials_discovery;not_DFT_evidence;not_materials_primary_headline
materials_discovery,ALIGNN-FF WBM,materials_alignn_exact_stable_alpha010_K300,300,0.1,7,raw_score_targeted,0.02,107712,2154,1171,0.5436397400185701,101,0.1485148514851485,False,True,0.32666666666666666,1.0,0.2871287128712871,0.2871287128712871,0.4066666666666667,3.518335013332572,164.9219537499643,10.0,0.15799591152210368,29.702970297029697,0.9983722192078134,,materials_t0_active_audit_emulation;existing_public_WBM_labels_only;t1_current_MP_used_only_as_utility_audit;not_prospective_materials_discovery;not_DFT_evidence;not_materials_primary_headline
materials_discovery,ALIGNN-FF WBM,materials_alignn_exact_stable_alpha010_K500,500,0.1,7,raw_score_targeted,0.02,107712,2154,1171,0.5436397400185701,66,0.015151515151515152,True,False,0.364,1.0,0.21212121212121213,0.21212121212121213,0.496,2.111001007999543,164.9219537499643,10.0,13.966819337879798,75.75757575757575,0.9983722192078134,,materials_t0_active_audit_emulation;existing_public_WBM_labels_only;t1_current_MP_used_only_as_utility_audit;not_prospective_materials_discovery;not_DFT_evidence;not_materials_primary_headline
materials_discovery,ALIGNN-FF WBM,materials_alignn_exact_stable_alpha010_K300,300,0.1,7,raw_score_targeted,0.05,107712,5386,2474,0.4593390271073153,101,0.1485148514851485,False,True,0.32666666666666666,1.0,0.2871287128712871,0.2871287128712871,0.4066666666666667,3.511619025403812,164.60714181580366,10.0,0.10286781777574205,29.702970297029697,0.9962018448182312,,materials_t0_active_audit_emulation;existing_public_WBM_labels_only;t1_current_MP_used_only_as_utility_audit;not_prospective_materials_discovery;not_DFT_evidence;not_materials_primary_headline
materials_discovery,ALIGNN-FF WBM,materials_alignn_exact_stable_alpha010_K500,500,0.1,7,raw_score_targeted,0.05,107712,5386,2474,0.4593390271073153,66,0.015151515151515152,True,False,0.364,1.0,0.21212121212121213,0.21212121212121213,0.496,2.106971415242287,164.60714181580366,10.0,13.797552285372419,75.75757575757575,0.9962018448182312,,materials_t0_active_audit_emulation;existing_public_WBM_labels_only;t1_current_MP_used_only_as_utility_audit;not_prospective_materials_discovery;not_DFT_evidence;not_materials_primary_headline
materials_discovery,ALIGNN-FF WBM,materials_alignn_exact_stable_alpha010_K300,300,0.1,7,raw_score_targeted,0.1,107712,10771,4173,0.3874292080586761,89,0.12359550561797752,False,True,0.32666666666666666,1.0,0.2696629213483146,0.2696629213483146,0.4066666666666667,3.494822331319981,163.8197967806241,10.0,0.2604029776474306,33.70786516853932,0.9907759088442757,,materials_t0_active_audit_emulation;existing_public_WBM_labels_only;t1_current_MP_used_only_as_utility_audit;not_prospective_materials_discovery;not_DFT_evidence;not_materials_primary_headline
materials_discovery,ALIGNN-FF WBM,materials_alignn_exact_stable_alpha010_K500,500,0.1,7,raw_score_targeted,0.1,107712,10771,4173,0.3874292080586761,66,0.015151515151515152,True,False,0.364,1.0,0.21212121212121213,0.21212121212121213,0.496,2.0968933987919884,163.8197967806241,10.0,13.374203547207244,75.75757575757575,0.9907759088442757,,materials_t0_active_audit_emulation;existing_public_WBM_labels_only;t1_current_MP_used_only_as_utility_audit;not_prospective_materials_discovery;not_DFT_evidence;not_materials_primary_headline
materials_discovery,ALIGNN-FF WBM,materials_alignn_exact_stable_alpha010_K300,300,0.1,7,raw_score_targeted,0.2,107712,21542,8445,0.39202488162658994,89,0.12359550561797752,False,True,0.32666666666666666,1.0,0.2696629213483146,0.2696629213483146,0.4066666666666667,3.486420366957106,163.42595470111434,10.0,0.18121347181384095,33.70786516853932,0.9880629408572978,,materials_t0_active_audit_emulation;existing_public_WBM_labels_only;t1_current_MP_used_only_as_utility_audit;not_prospective_materials_discovery;not_DFT_evidence;not_materials_primary_headline
materials_discovery,ALIGNN-FF WBM,materials_alignn_exact_stable_alpha010_K500,500,0.1,7,raw_score_targeted,0.2,107712,21542,8445,0.39202488162658994,66,0.015151515151515152,True,False,0.364,1.0,0.21212121212121213,0.21212121212121213,0.496,2.0918522201742635,163.42595470111434,10.0,13.162431747408135,75.75757575757575,0.9880629408572978,,materials_t0_active_audit_emulation;existing_public_WBM_labels_only;t1_current_MP_used_only_as_utility_audit;not_prospective_materials_discovery;not_DFT_evidence;not_materials_primary_headline
materials_discovery,ALIGNN-FF WBM,materials_alignn_exact_stable_alpha010_K300,300,0.1,7,parc_m_evidence_targeted,0.0,107712,0,0,0.0,0,0.0,False,False,0.32666666666666666,0.0,0.0,0.0,0.4066666666666667,0.34148049607558784,165.15801559604097,10.0,-7.054667013539291,,1.0,insufficient_high_e_mass_for_uniform_scs,materials_t0_active_audit_emulation;existing_public_WBM_labels_only;t1_current_MP_used_only_as_utility_audit;not_prospective_materials_discovery;not_DFT_evidence;not_materials_primary_headline
materials_discovery,ALIGNN-FF WBM,materials_alignn_exact_stable_alpha010_K500,500,0.1,7,parc_m_evidence_targeted,0.0,107712,0,0,0.0,0,0.0,False,False,0.364,0.0,0.0,0.0,0.496,0.2048882976453527,165.15801559604097,10.0,-8.039692178180736,,1.0,insufficient_high_e_mass_for_uniform_scs,materials_t0_active_audit_emulation;existing_public_WBM_labels_only;t1_current_MP_used_only_as_utility_audit;not_prospective_materials_discovery;not_DFT_evidence;not_materials_primary_headline
materials_discovery,ALIGNN-FF WBM,materials_alignn_exact_stable_alpha010_K300,300,0.1,7,parc_m_evidence_targeted,0.005,107712,539,348,0.6456400742115028,67,0.029850746268656716,True,False,0.32666666666666666,1.0,0.208955223880597,0.208955223880597,0.4066666666666667,3.521692432944945,165.0793327942943,10.0,4.083169685451928,44.776119402985074,0.9994574064026045,,materials_t0_active_audit_emulation;existing_public_WBM_labels_only;t1_current_MP_used_only_as_utility_audit;not_prospective_materials_discovery;not_DFT_evidence;not_materials_primary_headline
materials_discovery,ALIGNN-FF WBM,materials_alignn_exact_stable_alpha010_K500,500,0.1,7,parc_m_evidence_targeted,0.005,107712,539,348,0.6456400742115028,65,0.0,True,False,0.364,1.0,0.2,0.2,0.496,2.113015459766967,165.0793327942943,10.0,12.885936229962041,76.92307692307692,0.9994574064026045,,materials_t0_active_audit_emulation;existing_public_WBM_labels_only;t1_current_MP_used_only_as_utility_audit;not_prospective_materials_discovery;not_DFT_evidence;not_materials_primary_headline
materials_discovery,ALIGNN-FF WBM,materials_alignn_exact_stable_alpha010_K300,300,0.1,7,parc_m_evidence_targeted,0.01,107712,1077,629,0.5840297121634169,67,0.029850746268656716,True,False,0.32666666666666666,1.0,0.208955223880597,0.208955223880597,0.4066666666666667,3.5208531138957997,165.03998971386562,10.0,4.071797676336317,44.776119402985074,0.9991861096039066,,materials_t0_active_audit_emulation;existing_public_WBM_labels_only;t1_current_MP_used_only_as_utility_audit;not_prospective_materials_discovery;not_DFT_evidence;not_materials_primary_headline
materials_discovery,ALIGNN-FF WBM,materials_alignn_exact_stable_alpha010_K500,500,0.1,7,parc_m_evidence_targeted,0.01,107712,1077,629,0.5840297121634169,65,0.0,True,False,0.364,1.0,0.2,0.2,0.496,2.1125118683374797,165.03998971386562,10.0,12.864782681186753,76.92307692307692,0.9991861096039066,,materials_t0_active_audit_emulation;existing_public_WBM_labels_only;t1_current_MP_used_only_as_utility_audit;not_prospective_materials_discovery;not_DFT_evidence;not_materials_primary_headline
materials_discovery,ALIGNN-FF WBM,materials_alignn_exact_stable_alpha010_K300,300,0.1,7,parc_m_evidence_targeted,0.02,107712,2154,1160,0.5385329619312906,67,0.029850746268656716,True,False,0.32666666666666666,1.0,0.208955223880597,0.208955223880597,0.4066666666666667,3.5200137709492325,165.00064551324527,10.0,4.060425299241224,44.776119402985074,0.9989148128052089,,materials_t0_active_audit_emulation;existing_public_WBM_labels_only;t1_current_MP_used_only_as_utility_audit;not_prospective_materials_discovery;not_DFT_evidence;not_materials_primary_headline
materials_discovery,ALIGNN-FF WBM,materials_alignn_exact_stable_alpha010_K500,500,0.1,7,parc_m_evidence_targeted,0.02,107712,2154,1160,0.5385329619312906,65,0.0,True,False,0.364,1.0,0.2,0.2,0.496,2.1120082625695393,165.00064551324527,10.0,12.84362848880616,76.92307692307692,0.9989148128052089,,materials_t0_active_audit_emulation;existing_public_WBM_labels_only;t1_current_MP_used_only_as_utility_audit;not_prospective_materials_discovery;not_DFT_evidence;not_materials_primary_headline
materials_discovery,ALIGNN-FF WBM,materials_alignn_exact_stable_alpha010_K300,300,0.1,7,parc_m_evidence_targeted,0.05,107712,5386,2464,0.45748236167842554,67,0.029850746268656716,True,False,0.32666666666666666,1.0,0.208955223880597,0.208955223880597,0.4066666666666667,3.516656160032386,164.84325750151808,10.0,4.014932108611461,44.776119402985074,0.9978296256104178,,materials_t0_active_audit_emulation;existing_public_WBM_labels_only;t1_current_MP_used_only_as_utility_audit;not_prospective_materials_discovery;not_DFT_evidence;not_materials_primary_headline
materials_discovery,ALIGNN-FF WBM,materials_alignn_exact_stable_alpha010_K500,500,0.1,7,parc_m_evidence_targeted,0.05,107712,5386,2464,0.45748236167842554,65,0.0,True,False,0.364,1.0,0.2,0.2,0.496,2.109993696019431,164.84325750151808,10.0,12.759005278976915,76.92307692307692,0.9978296256104178,,materials_t0_active_audit_emulation;existing_public_WBM_labels_only;t1_current_MP_used_only_as_utility_audit;not_prospective_materials_discovery;not_DFT_evidence;not_materials_primary_headline
materials_discovery,ALIGNN-FF WBM,materials_alignn_exact_stable_alpha010_K300,300,0.1,7,parc_m_evidence_targeted,0.1,107712,10771,4166,0.38677931482684985,80,0.1,True,False,0.32666666666666666,1.0,0.2625,0.2625,0.4066666666666667,3.501542164209901,164.13478894733908,10.0,2.4405308886413906,37.5,0.9929462832338578,,materials_t0_active_audit_emulation;existing_public_WBM_labels_only;t1_current_MP_used_only_as_utility_audit;not_prospective_materials_discovery;not_DFT_evidence;not_materials_primary_headline
materials_discovery,ALIGNN-FF WBM,materials_alignn_exact_stable_alpha010_K500,500,0.1,7,parc_m_evidence_targeted,0.1,107712,10771,4166,0.38677931482684985,65,0.0,True,False,0.364,1.0,0.2,0.2,0.496,2.1009252985259406,164.13478894733908,10.0,12.378072992591555,76.92307692307692,0.9929462832338578,,materials_t0_active_audit_emulation;existing_public_WBM_labels_only;t1_current_MP_used_only_as_utility_audit;not_prospective_materials_discovery;not_DFT_evidence;not_materials_primary_headline
materials_discovery,ALIGNN-FF WBM,materials_alignn_exact_stable_alpha010_K300,300,0.1,7,parc_m_evidence_targeted,0.2,107712,21542,8515,0.3952743477857209,89,0.12359550561797752,False,True,0.32666666666666666,1.0,0.2696629213483146,0.2696629213483146,0.4066666666666667,3.494822331319981,163.8197967806241,10.0,0.2604029776474306,33.70786516853932,0.9907759088442757,,materials_t0_active_audit_emulation;existing_public_WBM_labels_only;t1_current_MP_used_only_as_utility_audit;not_prospective_materials_discovery;not_DFT_evidence;not_materials_primary_headline
materials_discovery,ALIGNN-FF WBM,materials_alignn_exact_stable_alpha010_K500,500,0.1,7,parc_m_evidence_targeted,0.2,107712,21542,8515,0.3952743477857209,66,0.015151515151515152,True,False,0.364,1.0,0.21212121212121213,0.21212121212121213,0.496,2.0968933987919884,163.8197967806241,10.0,13.374203547207244,75.75757575757575,0.9907759088442757,,materials_t0_active_audit_emulation;existing_public_WBM_labels_only;t1_current_MP_used_only_as_utility_audit;not_prospective_materials_discovery;not_DFT_evidence;not_materials_primary_headline
materials_discovery,ALIGNN-FF WBM,materials_alignn_exact_stable_alpha010_K300,300,0.1,7,chgnet_mace_support_targeted,0.0,107712,0,0,0.0,0,0.0,False,False,0.32666666666666666,0.0,0.0,0.0,0.4066666666666667,0.34148049607558784,165.15801559604097,10.0,-7.054667013539291,,1.0,insufficient_high_e_mass_for_uniform_scs,materials_t0_active_audit_emulation;existing_public_WBM_labels_only;t1_current_MP_used_only_as_utility_audit;not_prospective_materials_discovery;not_DFT_evidence;not_materials_primary_headline
materials_discovery,ALIGNN-FF WBM,materials_alignn_exact_stable_alpha010_K500,500,0.1,7,chgnet_mace_support_targeted,0.0,107712,0,0,0.0,0,0.0,False,False,0.364,0.0,0.0,0.0,0.496,0.2048882976453527,165.15801559604097,10.0,-8.039692178180736,,1.0,insufficient_high_e_mass_for_uniform_scs,materials_t0_active_audit_emulation;existing_public_WBM_labels_only;t1_current_MP_used_only_as_utility_audit;not_prospective_materials_discovery;not_DFT_evidence;not_materials_primary_headline
materials_discovery,ALIGNN-FF WBM,materials_alignn_exact_stable_alpha010_K300,300,0.1,7,chgnet_mace_support_targeted,0.005,107712,539,125,0.23191094619666047,0,0.0,False,False,0.32666666666666666,0.0,0.0,0.0,0.4066666666666667,0.3414025670652304,165.1186747548975,10.0,-6.916722054652265,,0.9997287032013022,insufficient_high_e_mass_for_uniform_scs,materials_t0_active_audit_emulation;existing_public_WBM_labels_only;t1_current_MP_used_only_as_utility_audit;not_prospective_materials_discovery;not_DFT_evidence;not_materials_primary_headline
materials_discovery,ALIGNN-FF WBM,materials_alignn_exact_stable_alpha010_K500,500,0.1,7,chgnet_mace_support_targeted,0.005,107712,539,125,0.23191094619666047,0,0.0,False,False,0.364,0.0,0.0,0.0,0.496,0.20484154023913825,165.1186747548975,10.0,-7.9938296755519405,,0.9997287032013022,insufficient_high_e_mass_for_uniform_scs,materials_t0_active_audit_emulation;existing_public_WBM_labels_only;t1_current_MP_used_only_as_utility_audit;not_prospective_materials_discovery;not_DFT_evidence;not_materials_primary_headline
materials_discovery,ALIGNN-FF WBM,materials_alignn_exact_stable_alpha010_K300,300,0.1,7,chgnet_mace_support_targeted,0.01,107712,1077,229,0.21262766945218198,0,0.0,False,False,0.32666666666666666,0.0,0.0,0.0,0.4066666666666667,0.3413246352994812,165.0793327942943,10.0,-6.8879935325653605,,0.9994574064026045,insufficient_high_e_mass_for_uniform_scs,materials_t0_active_audit_emulation;existing_public_WBM_labels_only;t1_current_MP_used_only_as_utility_audit;not_prospective_materials_discovery;not_DFT_evidence;not_materials_primary_headline
materials_discovery,ALIGNN-FF WBM,materials_alignn_exact_stable_alpha010_K500,500,0.1,7,chgnet_mace_support_targeted,0.01,107712,1077,229,0.21262766945218198,0,0.0,False,False,0.364,0.0,0.0,0.0,0.496,0.2049208430239885,165.0793327942943,10.0,-7.982336308939526,,0.9994574064026045,insufficient_high_e_mass_for_uniform_scs,materials_t0_active_audit_emulation;existing_public_WBM_labels_only;t1_current_MP_used_only_as_utility_audit;not_prospective_materials_discovery;not_DFT_evidence;not_materials_primary_headline
materials_discovery,ALIGNN-FF WBM,materials_alignn_exact_stable_alpha010_K300,300,0.1,7,chgnet_mace_support_targeted,0.02,107712,2154,352,0.16341689879294335,0,0.0,False,False,0.32666666666666666,0.0,0.0,0.0,0.4066666666666667,0.34093493510728273,164.88260618657026,10.0,-6.891419098022851,,0.9981009224091155,insufficient_high_e_mass_for_uniform_scs,materials_t0_active_audit_emulation;existing_public_WBM_labels_only;t1_current_MP_used_only_as_utility_audit;not_prospective_materials_discovery;not_DFT_evidence;not_materials_primary_headline
materials_discovery,ALIGNN-FF WBM,materials_alignn_exact_stable_alpha010_K500,500,0.1,7,chgnet_mace_support_targeted,0.02,107712,2154,352,0.16341689879294335,0,0.0,False,False,0.364,0.0,0.0,0.0,0.496,0.2046966037292906,164.88260618657026,10.0,-7.972486320811152,,0.9981009224091155,insufficient_high_e_mass_for_uniform_scs,materials_t0_active_audit_emulation;existing_public_WBM_labels_only;t1_current_MP_used_only_as_utility_audit;not_prospective_materials_discovery;not_DFT_evidence;not_materials_primary_headline
materials_discovery,ALIGNN-FF WBM,materials_alignn_exact_stable_alpha010_K300,300,0.1,7,chgnet_mace_support_targeted,0.05,107712,5386,1724,0.3200891199405867,101,0.1485148514851485,False,True,0.32666666666666666,1.0,0.2871287128712871,0.2871287128712871,0.4066666666666667,3.511619025403812,164.60714181580366,10.0,0.10286781777574205,29.702970297029697,0.9962018448182312,,materials_t0_active_audit_emulation;existing_public_WBM_labels_only;t1_current_MP_used_only_as_utility_audit;not_prospective_materials_discovery;not_DFT_evidence;not_materials_primary_headline
materials_discovery,ALIGNN-FF WBM,materials_alignn_exact_stable_alpha010_K500,500,0.1,7,chgnet_mace_support_targeted,0.05,107712,5386,1724,0.3200891199405867,66,0.015151515151515152,True,False,0.364,1.0,0.21212121212121213,0.21212121212121213,0.496,2.106971415242287,164.60714181580366,10.0,13.797552285372419,75.75757575757575,0.9962018448182312,,materials_t0_active_audit_emulation;existing_public_WBM_labels_only;t1_current_MP_used_only_as_utility_audit;not_prospective_materials_discovery;not_DFT_evidence;not_materials_primary_headline
materials_discovery,ALIGNN-FF WBM,materials_alignn_exact_stable_alpha010_K300,300,0.1,7,chgnet_mace_support_targeted,0.1,107712,10771,3720,0.34537183177049485,101,0.1485148514851485,False,True,0.32666666666666666,1.0,0.2871287128712871,0.2871287128712871,0.4066666666666667,3.5007022694561964,164.0954188807592,10.0,0.013252646749940311,29.702970297029697,0.9926749864351601,,materials_t0_active_audit_emulation;existing_public_WBM_labels_only;t1_current_MP_used_only_as_utility_audit;not_prospective_materials_discovery;not_DFT_evidence;not_materials_primary_headline
materials_discovery,ALIGNN-FF WBM,materials_alignn_exact_stable_alpha010_K500,500,0.1,7,chgnet_mace_support_targeted,0.1,107712,10771,3720,0.34537183177049485,66,0.015151515151515152,True,False,0.364,1.0,0.21212121212121213,0.21212121212121213,0.496,2.100421361673718,164.0954188807592,10.0,13.522405103846907,75.75757575757575,0.9926749864351601,,materials_t0_active_audit_emulation;existing_public_WBM_labels_only;t1_current_MP_used_only_as_utility_audit;not_prospective_materials_discovery;not_DFT_evidence;not_materials_primary_headline
materials_discovery,ALIGNN-FF WBM,materials_alignn_exact_stable_alpha010_K300,300,0.1,7,chgnet_mace_support_targeted,0.2,107712,21542,7695,0.3572091727787578,89,0.12359550561797752,False,True,0.32666666666666666,1.0,0.2696629213483146,0.2696629213483146,0.4066666666666667,3.487260672259244,163.46534401215203,10.0,0.18913362905667697,33.70786516853932,0.9883342376559957,,materials_t0_active_audit_emulation;existing_public_WBM_labels_only;t1_current_MP_used_only_as_utility_audit;not_prospective_materials_discovery;not_DFT_evidence;not_materials_primary_headline
materials_discovery,ALIGNN-FF WBM,materials_alignn_exact_stable_alpha010_K500,500,0.1,7,chgnet_mace_support_targeted,0.2,107712,21542,7695,0.3572091727787578,66,0.015151515151515152,True,False,0.364,1.0,0.21212121212121213,0.21212121212121213,0.496,2.0923564033555464,163.46534401215203,10.0,13.183611859730235,75.75757575757575,0.9883342376559957,,materials_t0_active_audit_emulation;existing_public_WBM_labels_only;t1_current_MP_used_only_as_utility_audit;not_prospective_materials_discovery;not_DFT_evidence;not_materials_primary_headline
materials_discovery,ALIGNN-FF WBM,materials_alignn_exact_stable_alpha010_K300,300,0.1,7,mass_gain,0.0,107712,0,0,0.0,0,0.0,False,False,0.32666666666666666,0.0,0.0,0.0,0.4066666666666667,0.34148049607558784,165.15801559604097,10.0,-7.054667013539291,,1.0,insufficient_high_e_mass_for_uniform_scs,materials_t0_active_audit_emulation;existing_public_WBM_labels_only;t1_current_MP_used_only_as_utility_audit;not_prospective_materials_discovery;not_DFT_evidence;not_materials_primary_headline
materials_discovery,ALIGNN-FF WBM,materials_alignn_exact_stable_alpha010_K500,500,0.1,7,mass_gain,0.0,107712,0,0,0.0,0,0.0,False,False,0.364,0.0,0.0,0.0,0.496,0.2048882976453527,165.15801559604097,10.0,-8.039692178180736,,1.0,insufficient_high_e_mass_for_uniform_scs,materials_t0_active_audit_emulation;existing_public_WBM_labels_only;t1_current_MP_used_only_as_utility_audit;not_prospective_materials_discovery;not_DFT_evidence;not_materials_primary_headline
materials_discovery,ALIGNN-FF WBM,materials_alignn_exact_stable_alpha010_K300,300,0.1,7,mass_gain,0.005,107712,539,353,0.6549165120593692,0,0.0,False,False,0.32666666666666666,0.0,0.0,0.0,0.4066666666666667,0.9930097422786016,165.00064551324527,10.0,-0.34378316662615305,,0.9989148128052089,insufficient_high_e_mass_for_uniform_scs,materials_t0_active_audit_emulation;existing_public_WBM_labels_only;t1_current_MP_used_only_as_utility_audit;not_prospective_materials_discovery;not_DFT_evidence;not_materials_primary_headline
materials_discovery,ALIGNN-FF WBM,materials_alignn_exact_stable_alpha010_K500,500,0.1,7,mass_gain,0.005,107712,539,353,0.6549165120593692,0,0.0,False,False,0.364,0.0,0.0,0.0,0.496,0.595805845367161,165.00064551324527,10.0,-7.273266192876599,,0.9989148128052089,insufficient_high_e_mass_for_uniform_scs,materials_t0_active_audit_emulation;existing_public_WBM_labels_only;t1_current_MP_used_only_as_utility_audit;not_prospective_materials_discovery;not_DFT_evidence;not_materials_primary_headline
materials_discovery,ALIGNN-FF WBM,materials_alignn_exact_stable_alpha010_K300,300,0.1,7,mass_gain,0.01,107712,1077,571,0.5301764159702879,0,0.0,False,False,0.32666666666666666,0.0,0.0,0.0,0.4066666666666667,0.9906969468626653,164.60714181580366,10.0,-0.4575272034754718,,0.9962018448182312,insufficient_high_e_mass_for_uniform_scs,materials_t0_active_audit_emulation;existing_public_WBM_labels_only;t1_current_MP_used_only_as_utility_audit;not_prospective_materials_discovery;not_DFT_evidence;not_materials_primary_headline
materials_discovery,ALIGNN-FF WBM,materials_alignn_exact_stable_alpha010_K500,500,0.1,7,mass_gain,0.01,107712,1077,571,0.5301764159702879,0,0.0,False,False,0.364,0.0,0.0,0.0,0.496,0.5944181681175992,164.60714181580366,10.0,-7.279301375936539,,0.9962018448182312,insufficient_high_e_mass_for_uniform_scs,materials_t0_active_audit_emulation;existing_public_WBM_labels_only;t1_current_MP_used_only_as_utility_audit;not_prospective_materials_discovery;not_DFT_evidence;not_materials_primary_headline
materials_discovery,ALIGNN-FF WBM,materials_alignn_exact_stable_alpha010_K300,300,0.1,7,mass_gain,0.02,107712,2154,977,0.45357474466109565,0,0.0,False,False,0.32666666666666666,0.0,0.0,0.0,0.4066666666666667,0.9879206008503517,164.13478894733908,10.0,-0.59406881063844,,0.9929462832338578,insufficient_high_e_mass_for_uniform_scs,materials_t0_active_audit_emulation;existing_public_WBM_labels_only;t1_current_MP_used_only_as_utility_audit;not_prospective_materials_discovery;not_DFT_evidence;not_materials_primary_headline
materials_discovery,ALIGNN-FF WBM,materials_alignn_exact_stable_alpha010_K500,500,0.1,7,mass_gain,0.02,107712,2154,977,0.45357474466109565,0,0.0,False,False,0.364,0.0,0.0,0.0,0.496,0.5927523605102111,164.13478894733908,10.0,-7.286546890342584,,0.9929462832338578,insufficient_high_e_mass_for_uniform_scs,materials_t0_active_audit_emulation;existing_public_WBM_labels_only;t1_current_MP_used_only_as_utility_audit;not_prospective_materials_discovery;not_DFT_evidence;not_materials_primary_headline
materials_discovery,ALIGNN-FF WBM,materials_alignn_exact_stable_alpha010_K300,300,0.1,7,mass_gain,0.05,107712,5386,1953,0.36260675826216116,0,0.0,False,False,0.32666666666666666,0.0,0.0,0.0,0.4066666666666667,0.9994104661693314,163.347172672482,10.0,-0.02852583051622304,,0.9875203472599023,insufficient_high_e_mass_for_uniform_scs,materials_t0_active_audit_emulation;existing_public_WBM_labels_only;t1_current_MP_used_only_as_utility_audit;not_prospective_materials_discovery;not_DFT_evidence;not_materials_primary_headline
materials_discovery,ALIGNN-FF WBM,materials_alignn_exact_stable_alpha010_K500,500,0.1,7,mass_gain,0.05,107712,5386,1953,0.36260675826216116,0,0.0,False,False,0.364,0.0,0.0,0.0,0.496,0.5996462797015988,163.347172672482,10.0,-6.646646193140968,,0.9875203472599023,insufficient_high_e_mass_for_uniform_scs,materials_t0_active_audit_emulation;existing_public_WBM_labels_only;t1_current_MP_used_only_as_utility_audit;not_prospective_materials_discovery;not_DFT_evidence;not_materials_primary_headline
materials_discovery,ALIGNN-FF WBM,materials_alignn_exact_stable_alpha010_K300,300,0.1,7,mass_gain,0.1,107712,10771,3296,0.30600687029987933,65,0.0,True,False,0.32666666666666666,1.0,0.2,0.2,0.4066666666666667,1.447169714302804,162.834978577586,10.0,2.056647500109115,46.15384615384615,0.9839934888768312,,materials_t0_active_audit_emulation;existing_public_WBM_labels_only;t1_current_MP_used_only_as_utility_audit;not_prospective_materials_discovery;not_DFT_evidence;not_materials_primary_headline
materials_discovery,ALIGNN-FF WBM,materials_alignn_exact_stable_alpha010_K500,500,0.1,7,mass_gain,0.1,107712,10771,3296,0.30600687029987933,0,0.0,False,False,0.364,0.0,0.0,0.0,0.496,0.8683018285816824,162.834978577586,10.0,-6.209227110273741,,0.9839934888768312,insufficient_high_e_mass_for_uniform_scs,materials_t0_active_audit_emulation;existing_public_WBM_labels_only;t1_current_MP_used_only_as_utility_audit;not_prospective_materials_discovery;not_DFT_evidence;not_materials_primary_headline
materials_discovery,ALIGNN-FF WBM,materials_alignn_exact_stable_alpha010_K300,300,0.1,7,mass_gain,0.2,107712,21542,5978,0.27750440998978737,66,0.015151515151515152,True,False,0.32666666666666666,1.0,0.21212121212121213,0.21212121212121213,0.4066666666666667,1.4461313438644798,162.71675258532844,10.0,2.721767528090737,45.45454545454545,0.9831795984807379,,materials_t0_active_audit_emulation;existing_public_WBM_labels_only;t1_current_MP_used_only_as_utility_audit;not_prospective_materials_discovery;not_DFT_evidence;not_materials_primary_headline
materials_discovery,ALIGNN-FF WBM,materials_alignn_exact_stable_alpha010_K500,500,0.1,7,mass_gain,0.2,107712,21542,5978,0.27750440998978737,0,0.0,False,False,0.364,0.0,0.0,0.0,0.496,0.8676788063186879,162.71675258532844,10.0,-6.116427360399631,,0.9831795984807379,insufficient_high_e_mass_for_uniform_scs,materials_t0_active_audit_emulation;existing_public_WBM_labels_only;t1_current_MP_used_only_as_utility_audit;not_prospective_materials_discovery;not_DFT_evidence;not_materials_primary_headline
materials_discovery,ALIGNN-FF WBM,materials_alignn_exact_stable_alpha010_K300,300,0.1,8,random,0.0,104044,0,0,0.0,0,0.0,False,False,0.29333333333333333,0.0,0.0,0.0,0.45,0.26593411175530846,89.85131832062358,10.0,-7.479158198506864,,1.0,insufficient_high_e_mass_for_uniform_scs,materials_t0_active_audit_emulation;existing_public_WBM_labels_only;t1_current_MP_used_only_as_utility_audit;not_prospective_materials_discovery;not_DFT_evidence;not_materials_primary_headline
materials_discovery,ALIGNN-FF WBM,materials_alignn_exact_stable_alpha010_K500,500,0.1,8,random,0.0,104044,0,0,0.0,0,0.0,False,False,0.346,0.0,0.0,0.0,0.526,0.16777722942982806,89.85131832062358,10.0,-8.322227705701719,,1.0,insufficient_high_e_mass_for_uniform_scs,materials_t0_active_audit_emulation;existing_public_WBM_labels_only;t1_current_MP_used_only_as_utility_audit;not_prospective_materials_discovery;not_DFT_evidence;not_materials_primary_headline
materials_discovery,ALIGNN-FF WBM,materials_alignn_exact_stable_alpha010_K300,300,0.1,8,random,0.005,104044,520,77,0.14807692307692308,0,0.0,False,False,0.29333333333333333,0.0,0.0,0.0,0.45,0.26593411175530846,89.85131832062358,10.0,-7.479158198506864,,1.0,insufficient_high_e_mass_for_uniform_scs,materials_t0_active_audit_emulation;existing_public_WBM_labels_only;t1_current_MP_used_only_as_utility_audit;not_prospective_materials_discovery;not_DFT_evidence;not_materials_primary_headline
materials_discovery,ALIGNN-FF WBM,materials_alignn_exact_stable_alpha010_K500,500,0.1,8,random,0.005,104044,520,77,0.14807692307692308,0,0.0,False,False,0.346,0.0,0.0,0.0,0.526,0.16777722942982806,89.85131832062358,10.0,-8.322227705701719,,1.0,insufficient_high_e_mass_for_uniform_scs,materials_t0_active_audit_emulation;existing_public_WBM_labels_only;t1_current_MP_used_only_as_utility_audit;not_prospective_materials_discovery;not_DFT_evidence;not_materials_primary_headline
materials_discovery,ALIGNN-FF WBM,materials_alignn_exact_stable_alpha010_K300,300,0.1,8,random,0.01,104044,1040,168,0.16153846153846155,0,0.0,False,False,0.29333333333333333,0.0,0.0,0.0,0.45,0.26593411175530846,89.85131832062358,10.0,-7.479158198506864,,1.0,insufficient_high_e_mass_for_uniform_scs,materials_t0_active_audit_emulation;existing_public_WBM_labels_only;t1_current_MP_used_only_as_utility_audit;not_prospective_materials_discovery;not_DFT_evidence;not_materials_primary_headline
materials_discovery,ALIGNN-FF WBM,materials_alignn_exact_stable_alpha010_K500,500,0.1,8,random,0.01,104044,1040,168,0.16153846153846155,0,0.0,False,False,0.346,0.0,0.0,0.0,0.526,0.16777722942982806,89.85131832062358,10.0,-8.322227705701719,,1.0,insufficient_high_e_mass_for_uniform_scs,materials_t0_active_audit_emulation;existing_public_WBM_labels_only;t1_current_MP_used_only_as_utility_audit;not_prospective_materials_discovery;not_DFT_evidence;not_materials_primary_headline
materials_discovery,ALIGNN-FF WBM,materials_alignn_exact_stable_alpha010_K300,300,0.1,8,random,0.02,104044,2081,331,0.15905814512253724,0,0.0,False,False,0.29333333333333333,0.0,0.0,0.0,0.45,0.2658729895482729,89.83016605842151,10.0,-7.460639364635766,,0.9997287032013022,insufficient_high_e_mass_for_uniform_scs,materials_t0_active_audit_emulation;existing_public_WBM_labels_only;t1_current_MP_used_only_as_utility_audit;not_prospective_materials_discovery;not_DFT_evidence;not_materials_primary_headline
materials_discovery,ALIGNN-FF WBM,materials_alignn_exact_stable_alpha010_K500,500,0.1,8,random,0.02,104044,2081,331,0.15905814512253724,0,0.0,False,False,0.346,0.0,0.0,0.0,0.526,0.1677407902201205,89.83016605842151,10.0,-8.322592097798795,,0.9997287032013022,insufficient_high_e_mass_for_uniform_scs,materials_t0_active_audit_emulation;existing_public_WBM_labels_only;t1_current_MP_used_only_as_utility_audit;not_prospective_materials_discovery;not_DFT_evidence;not_materials_primary_headline
materials_discovery,ALIGNN-FF WBM,materials_alignn_exact_stable_alpha010_K300,300,0.1,8,random,0.05,104044,5202,792,0.1522491349480969,0,0.0,False,False,0.29333333333333333,0.0,0.0,0.0,0.45,0.2658729895482729,89.83016605842151,10.0,-7.460639364635766,,0.9997287032013022,insufficient_high_e_mass_for_uniform_scs,materials_t0_active_audit_emulation;existing_public_WBM_labels_only;t1_current_MP_used_only_as_utility_audit;not_prospective_materials_discovery;not_DFT_evidence;not_materials_primary_headline
materials_discovery,ALIGNN-FF WBM,materials_alignn_exact_stable_alpha010_K500,500,0.1,8,random,0.05,104044,5202,792,0.1522491349480969,0,0.0,False,False,0.346,0.0,0.0,0.0,0.526,0.16934098728897914,89.83016605842151,10.0,-8.306590127110208,,0.9997287032013022,insufficient_high_e_mass_for_uniform_scs,materials_t0_active_audit_emulation;existing_public_WBM_labels_only;t1_current_MP_used_only_as_utility_audit;not_prospective_materials_discovery;not_DFT_evidence;not_materials_primary_headline
materials_discovery,ALIGNN-FF WBM,materials_alignn_exact_stable_alpha010_K300,300,0.1,8,random,0.1,104044,10404,1660,0.15955401768550556,0,0.0,False,False,0.29333333333333333,0.0,0.0,0.0,0.45,0.2658118652478123,89.80901315303896,10.0,-7.402096421644172,,0.9994574064026045,insufficient_high_e_mass_for_uniform_scs,materials_t0_active_audit_emulation;existing_public_WBM_labels_only;t1_current_MP_used_only_as_utility_audit;not_prospective_materials_discovery;not_DFT_evidence;not_materials_primary_headline
materials_discovery,ALIGNN-FF WBM,materials_alignn_exact_stable_alpha010_K500,500,0.1,8,random,0.1,104044,10404,1660,0.15955401768550556,0,0.0,False,False,0.346,0.0,0.0,0.0,0.526,0.1709370321528446,89.80901315303896,10.0,-8.290629678471554,,0.9994574064026045,insufficient_high_e_mass_for_uniform_scs,materials_t0_active_audit_emulation;existing_public_WBM_labels_only;t1_current_MP_used_only_as_utility_audit;not_prospective_materials_discovery;not_DFT_evidence;not_materials_primary_headline
materials_discovery,ALIGNN-FF WBM,materials_alignn_exact_stable_alpha010_K300,300,0.1,8,random,0.2,104044,20809,3321,0.1595944062665193,0,0.0,False,False,0.29333333333333333,0.0,0.0,0.0,0.45,0.2687303178734594,89.74555057568462,10.0,-7.36276907727673,,0.9986435160065111,insufficient_high_e_mass_for_uniform_scs,materials_t0_active_audit_emulation;existing_public_WBM_labels_only;t1_current_MP_used_only_as_utility_audit;not_prospective_materials_discovery;not_DFT_evidence;not_materials_primary_headline
materials_discovery,ALIGNN-FF WBM,materials_alignn_exact_stable_alpha010_K500,500,0.1,8,random,0.2,104044,20809,3321,0.1595944062665193,0,0.0,False,False,0.346,0.0,0.0,0.0,0.526,0.17505623289117733,89.74555057568462,10.0,-8.249437671088227,,0.9986435160065111,insufficient_high_e_mass_for_uniform_scs,materials_t0_active_audit_emulation;existing_public_WBM_labels_only;t1_current_MP_used_only_as_utility_audit;not_prospective_materials_discovery;not_DFT_evidence;not_materials_primary_headline
materials_discovery,ALIGNN-FF WBM,materials_alignn_exact_stable_alpha010_K300,300,0.1,8,raw_score_targeted,0.0,104044,0,0,0.0,0,0.0,False,False,0.29333333333333333,0.0,0.0,0.0,0.45,0.26593411175530846,89.85131832062358,10.0,-7.479158198506864,,1.0,insufficient_high_e_mass_for_uniform_scs,materials_t0_active_audit_emulation;existing_public_WBM_labels_only;t1_current_MP_used_only_as_utility_audit;not_prospective_materials_discovery;not_DFT_evidence;not_materials_primary_headline
materials_discovery,ALIGNN-FF WBM,materials_alignn_exact_stable_alpha010_K500,500,0.1,8,raw_score_targeted,0.0,104044,0,0,0.0,0,0.0,False,False,0.346,0.0,0.0,0.0,0.526,0.16777722942982806,89.85131832062358,10.0,-8.322227705701719,,1.0,insufficient_high_e_mass_for_uniform_scs,materials_t0_active_audit_emulation;existing_public_WBM_labels_only;t1_current_MP_used_only_as_utility_audit;not_prospective_materials_discovery;not_DFT_evidence;not_materials_primary_headline
materials_discovery,ALIGNN-FF WBM,materials_alignn_exact_stable_alpha010_K300,300,0.1,8,raw_score_targeted,0.005,104044,520,342,0.6576923076923077,64,0.015625,True,False,0.29333333333333333,1.0,0.375,0.375,0.45,3.1350122647516603,165.00064551324527,10.0,1.9615447022262984,46.875,0.9989148128052089,,materials_t0_active_audit_emulation;existing_public_WBM_labels_only;t1_current_MP_used_only_as_utility_audit;not_prospective_materials_discovery;not_DFT_evidence;not_materials_primary_headline
materials_discovery,ALIGNN-FF WBM,materials_alignn_exact_stable_alpha010_K500,500,0.1,8,raw_score_targeted,0.005,104044,520,342,0.6576923076923077,61,0.01639344262295082,True,False,0.346,1.0,0.36065573770491804,0.36065573770491804,0.526,1.8810073588509963,165.00064551324527,10.0,7.799492297128992,81.96721311475409,0.9989148128052089,,materials_t0_active_audit_emulation;existing_public_WBM_labels_only;t1_current_MP_used_only_as_utility_audit;not_prospective_materials_discovery;not_DFT_evidence;not_materials_primary_headline
materials_discovery,ALIGNN-FF WBM,materials_alignn_exact_stable_alpha010_K300,300,0.1,8,raw_score_targeted,0.01,104044,1040,617,0.5932692307692308,64,0.015625,True,False,0.29333333333333333,1.0,0.375,0.375,0.45,3.133517121249322,164.9219537499643,10.0,1.9387988436069534,46.875,0.9983722192078134,,materials_t0_active_audit_emulation;existing_public_WBM_labels_only;t1_current_MP_used_only_as_utility_audit;not_prospective_materials_discovery;not_DFT_evidence;not_materials_primary_headline
materials_discovery,ALIGNN-FF WBM,materials_alignn_exact_stable_alpha010_K500,500,0.1,8,raw_score_targeted,0.01,104044,1040,617,0.5932692307692308,61,0.01639344262295082,True,False,0.346,1.0,0.36065573770491804,0.36065573770491804,0.526,1.880110272749593,164.9219537499643,10.0,7.757181980701461,81.96721311475409,0.9983722192078134,,materials_t0_active_audit_emulation;existing_public_WBM_labels_only;t1_current_MP_used_only_as_utility_audit;not_prospective_materials_discovery;not_DFT_evidence;not_materials_primary_headline
materials_discovery,ALIGNN-FF WBM,materials_alignn_exact_stable_alpha010_K300,300,0.1,8,raw_score_targeted,0.02,104044,2081,1146,0.5506967803940414,64,0.015625,True,False,0.29333333333333333,1.0,0.375,0.375,0.45,3.1297788895420426,164.72520471273907,10.0,1.8819277488207433,46.875,0.9970157352143245,,materials_t0_active_audit_emulation;existing_public_WBM_labels_only;t1_current_MP_used_only_as_utility_audit;not_prospective_materials_discovery;not_DFT_evidence;not_materials_primary_headline
materials_discovery,ALIGNN-FF WBM,materials_alignn_exact_stable_alpha010_K500,500,0.1,8,raw_score_targeted,0.02,104044,2081,1146,0.5506967803940414,61,0.01639344262295082,True,False,0.346,1.0,0.36065573770491804,0.36065573770491804,0.526,1.8778673337252256,164.72520471273907,10.0,7.651394911641447,81.96721311475409,0.9970157352143245,,materials_t0_active_audit_emulation;existing_public_WBM_labels_only;t1_current_MP_used_only_as_utility_audit;not_prospective_materials_discovery;not_DFT_evidence;not_materials_primary_headline
materials_discovery,ALIGNN-FF WBM,materials_alignn_exact_stable_alpha010_K300,300,0.1,8,raw_score_targeted,0.05,104044,5202,2421,0.46539792387543255,64,0.015625,True,False,0.29333333333333333,1.0,0.375,0.375,0.45,3.1245444686991073,164.44970887890037,10.0,1.8022927162105873,46.875,0.99511665762344,,materials_t0_active_audit_emulation;existing_public_WBM_labels_only;t1_current_MP_used_only_as_utility_audit;not_prospective_materials_discovery;not_DFT_evidence;not_materials_primary_headline
materials_discovery,ALIGNN-FF WBM,materials_alignn_exact_stable_alpha010_K500,500,0.1,8,raw_score_targeted,0.05,104044,5202,2421,0.46539792387543255,61,0.01639344262295082,True,False,0.346,1.0,0.36065573770491804,0.36065573770491804,0.526,1.8747266812194643,164.44970887890037,10.0,7.503265905947757,81.96721311475409,0.99511665762344,,materials_t0_active_audit_emulation;existing_public_WBM_labels_only;t1_current_MP_used_only_as_utility_audit;not_prospective_materials_discovery;not_DFT_evidence;not_materials_primary_headline
materials_discovery,ALIGNN-FF WBM,materials_alignn_exact_stable_alpha010_K300,300,0.1,8,raw_score_targeted,0.1,104044,10404,4133,0.39725105728565935,64,0.015625,True,False,0.29333333333333333,1.0,0.375,0.375,0.45,3.1088349082875033,163.6228899098686,10.0,1.5632787185861545,46.875,0.9894194248507867,,materials_t0_active_audit_emulation;existing_public_WBM_labels_only;t1_current_MP_used_only_as_utility_audit;not_prospective_materials_discovery;not_DFT_evidence;not_materials_primary_headline
materials_discovery,ALIGNN-FF WBM,materials_alignn_exact_stable_alpha010_K500,500,0.1,8,raw_score_targeted,0.1,104044,10404,4133,0.39725105728565935,61,0.01639344262295082,True,False,0.346,1.0,0.36065573770491804,0.36065573770491804,0.526,1.865300944972502,163.6228899098686,10.0,7.05868843190116,81.96721311475409,0.9894194248507867,,materials_t0_active_audit_emulation;existing_public_WBM_labels_only;t1_current_MP_used_only_as_utility_audit;not_prospective_materials_discovery;not_DFT_evidence;not_materials_primary_headline
materials_discovery,ALIGNN-FF WBM,materials_alignn_exact_stable_alpha010_K300,300,0.1,8,raw_score_targeted,0.2,104044,20809,7895,0.3794031428708732,64,0.015625,True,False,0.29333333333333333,1.0,0.375,0.375,0.45,3.093864592974134,162.834978577586,10.0,1.3354936539552682,46.875,0.9839934888768312,,materials_t0_active_audit_emulation;existing_public_WBM_labels_only;t1_current_MP_used_only_as_utility_audit;not_prospective_materials_discovery;not_DFT_evidence;not_materials_primary_headline
materials_discovery,ALIGNN-FF WBM,materials_alignn_exact_stable_alpha010_K500,500,0.1,8,raw_score_targeted,0.2,104044,20809,7895,0.3794031428708732,61,0.01639344262295082,True,False,0.346,1.0,0.36065573770491804,0.36065573770491804,0.526,1.8563187557844805,162.834978577586,10.0,6.635014291540017,81.96721311475409,0.9839934888768312,,materials_t0_active_audit_emulation;existing_public_WBM_labels_only;t1_current_MP_used_only_as_utility_audit;not_prospective_materials_discovery;not_DFT_evidence;not_materials_primary_headline
materials_discovery,ALIGNN-FF WBM,materials_alignn_exact_stable_alpha010_K300,300,0.1,8,parc_m_evidence_targeted,0.0,104044,0,0,0.0,0,0.0,False,False,0.29333333333333333,0.0,0.0,0.0,0.45,0.26593411175530846,89.85131832062358,10.0,-7.479158198506864,,1.0,insufficient_high_e_mass_for_uniform_scs,materials_t0_active_audit_emulation;existing_public_WBM_labels_only;t1_current_MP_used_only_as_utility_audit;not_prospective_materials_discovery;not_DFT_evidence;not_materials_primary_headline
materials_discovery,ALIGNN-FF WBM,materials_alignn_exact_stable_alpha010_K500,500,0.1,8,parc_m_evidence_targeted,0.0,104044,0,0,0.0,0,0.0,False,False,0.346,0.0,0.0,0.0,0.526,0.16777722942982806,89.85131832062358,10.0,-8.322227705701719,,1.0,insufficient_high_e_mass_for_uniform_scs,materials_t0_active_audit_emulation;existing_public_WBM_labels_only;t1_current_MP_used_only_as_utility_audit;not_prospective_materials_discovery;not_DFT_evidence;not_materials_primary_headline
materials_discovery,ALIGNN-FF WBM,materials_alignn_exact_stable_alpha010_K300,300,0.1,8,parc_m_evidence_targeted,0.005,104044,520,335,0.6442307692307693,57,0.0,True,False,0.29333333333333333,1.0,0.3508771929824561,0.3508771929824561,0.45,2.6418987960783604,165.1186747548975,10.0,10.286192451703307,52.63157894736842,0.9997287032013022,,materials_t0_active_audit_emulation;existing_public_WBM_labels_only;t1_current_MP_used_only_as_utility_audit;not_prospective_materials_discovery;not_DFT_evidence;not_materials_primary_headline
materials_discovery,ALIGNN-FF WBM,materials_alignn_exact_stable_alpha010_K500,500,0.1,8,parc_m_evidence_targeted,0.005,104044,520,335,0.6442307692307693,48,0.0,True,False,0.346,1.0,0.375,0.375,0.526,1.5851392776470163,165.1186747548975,10.0,60.952008088230855,104.16666666666666,0.9997287032013022,,materials_t0_active_audit_emulation;existing_public_WBM_labels_only;t1_current_MP_used_only_as_utility_audit;not_prospective_materials_discovery;not_DFT_evidence;not_materials_primary_headline
materials_discovery,ALIGNN-FF WBM,materials_alignn_exact_stable_alpha010_K300,300,0.1,8,parc_m_evidence_targeted,0.01,104044,1040,612,0.5884615384615385,57,0.0,True,False,0.29333333333333333,1.0,0.3508771929824561,0.3508771929824561,0.45,2.6412693247087087,165.0793327942943,10.0,10.271479402133544,52.63157894736842,0.9994574064026045,,materials_t0_active_audit_emulation;existing_public_WBM_labels_only;t1_current_MP_used_only_as_utility_audit;not_prospective_materials_discovery;not_DFT_evidence;not_materials_primary_headline
materials_discovery,ALIGNN-FF WBM,materials_alignn_exact_stable_alpha010_K500,500,0.1,8,parc_m_evidence_targeted,0.01,104044,1040,612,0.5884615384615385,48,0.0,True,False,0.346,1.0,0.375,0.375,0.526,1.5847615948252254,165.0793327942943,10.0,60.91266612762763,104.16666666666666,0.9994574064026045,,materials_t0_active_audit_emulation;existing_public_WBM_labels_only;t1_current_MP_used_only_as_utility_audit;not_prospective_materials_discovery;not_DFT_evidence;not_materials_primary_headline
materials_discovery,ALIGNN-FF WBM,materials_alignn_exact_stable_alpha010_K300,300,0.1,8,parc_m_evidence_targeted,0.02,104044,2081,1136,0.5458913983661701,57,0.0,True,False,0.29333333333333333,1.0,0.3508771929824561,0.3508771929824561,0.45,2.6393808030730725,164.961300192067,10.0,10.2273374677062,52.63157894736842,0.9986435160065111,,materials_t0_active_audit_emulation;existing_public_WBM_labels_only;t1_current_MP_used_only_as_utility_audit;not_prospective_materials_discovery;not_DFT_evidence;not_materials_primary_headline
materials_discovery,ALIGNN-FF WBM,materials_alignn_exact_stable_alpha010_K500,500,0.1,8,parc_m_evidence_targeted,0.02,104044,2081,1136,0.5458913983661701,48,0.0,True,False,0.346,1.0,0.375,0.375,0.526,1.5836284818438435,164.961300192067,10.0,60.79463352540034,104.16666666666666,0.9986435160065111,,materials_t0_active_audit_emulation;existing_public_WBM_labels_only;t1_current_MP_used_only_as_utility_audit;not_prospective_materials_discovery;not_DFT_evidence;not_materials_primary_headline
materials_discovery,ALIGNN-FF WBM,materials_alignn_exact_stable_alpha010_K300,300,0.1,8,parc_m_evidence_targeted,0.05,104044,5202,2396,0.4605920799692426,62,0.016129032258064516,True,False,0.29333333333333333,1.0,0.3709677419354839,0.3709677419354839,0.45,2.6374921200242896,164.84325750151808,10.0,0.4039547374029908,48.387096774193544,0.9978296256104178,,materials_t0_active_audit_emulation;existing_public_WBM_labels_only;t1_current_MP_used_only_as_utility_audit;not_prospective_materials_discovery;not_DFT_evidence;not_materials_primary_headline
materials_discovery,ALIGNN-FF WBM,materials_alignn_exact_stable_alpha010_K500,500,0.1,8,parc_m_evidence_targeted,0.05,104044,5202,2396,0.4605920799692426,57,0.0,True,False,0.346,1.0,0.3508771929824561,0.3508771929824561,0.526,1.582495272014574,164.84325750151808,10.0,1.9627839564398073,87.71929824561403,0.9978296256104178,,materials_t0_active_audit_emulation;existing_public_WBM_labels_only;t1_current_MP_used_only_as_utility_audit;not_prospective_materials_discovery;not_DFT_evidence;not_materials_primary_headline
materials_discovery,ALIGNN-FF WBM,materials_alignn_exact_stable_alpha010_K300,300,0.1,8,parc_m_evidence_targeted,0.1,104044,10404,4085,0.392637447135717,64,0.015625,True,False,0.29333333333333333,1.0,0.375,0.375,0.45,3.117064906017562,164.0560476851348,10.0,1.6884969379961277,46.875,0.9924036896364623,,materials_t0_active_audit_emulation;existing_public_WBM_labels_only;t1_current_MP_used_only_as_utility_audit;not_prospective_materials_discovery;not_DFT_evidence;not_materials_primary_headline
materials_discovery,ALIGNN-FF WBM,materials_alignn_exact_stable_alpha010_K500,500,0.1,8,parc_m_evidence_targeted,0.1,104044,10404,4085,0.392637447135717,61,0.01639344262295082,True,False,0.346,1.0,0.36065573770491804,0.36065573770491804,0.526,1.870238943610537,164.0560476851348,10.0,7.291598043678846,81.96721311475409,0.9924036896364623,,materials_t0_active_audit_emulation;existing_public_WBM_labels_only;t1_current_MP_used_only_as_utility_audit;not_prospective_materials_discovery;not_DFT_evidence;not_materials_primary_headline
materials_discovery,ALIGNN-FF WBM,materials_alignn_exact_stable_alpha010_K300,300,0.1,8,parc_m_evidence_targeted,0.2,104044,20809,7965,0.38276707194002596,64,0.015625,True,False,0.29333333333333333,1.0,0.375,0.375,0.45,3.1043447208389727,163.38656425468278,10.0,1.494958887628222,46.875,0.9877916440586001,,materials_t0_active_audit_emulation;existing_public_WBM_labels_only;t1_current_MP_used_only_as_utility_audit;not_prospective_materials_discovery;not_DFT_evidence;not_materials_primary_headline
materials_discovery,ALIGNN-FF WBM,materials_alignn_exact_stable_alpha010_K500,500,0.1,8,parc_m_evidence_targeted,0.2,104044,20809,7965,0.38276707194002596,61,0.01639344262295082,True,False,0.346,1.0,0.36065573770491804,0.36065573770491804,0.526,1.8626068325033835,163.38656425468278,10.0,6.931613625478164,81.96721311475409,0.9877916440586001,,materials_t0_active_audit_emulation;existing_public_WBM_labels_only;t1_current_MP_used_only_as_utility_audit;not_prospective_materials_discovery;not_DFT_evidence;not_materials_primary_headline
materials_discovery,ALIGNN-FF WBM,materials_alignn_exact_stable_alpha010_K300,300,0.1,8,chgnet_mace_support_targeted,0.0,104044,0,0,0.0,0,0.0,False,False,0.29333333333333333,0.0,0.0,0.0,0.45,0.26593411175530846,89.85131832062358,10.0,-7.479158198506864,,1.0,insufficient_high_e_mass_for_uniform_scs,materials_t0_active_audit_emulation;existing_public_WBM_labels_only;t1_current_MP_used_only_as_utility_audit;not_prospective_materials_discovery;not_DFT_evidence;not_materials_primary_headline
materials_discovery,ALIGNN-FF WBM,materials_alignn_exact_stable_alpha010_K500,500,0.1,8,chgnet_mace_support_targeted,0.0,104044,0,0,0.0,0,0.0,False,False,0.346,0.0,0.0,0.0,0.526,0.16777722942982806,89.85131832062358,10.0,-8.322227705701719,,1.0,insufficient_high_e_mass_for_uniform_scs,materials_t0_active_audit_emulation;existing_public_WBM_labels_only;t1_current_MP_used_only_as_utility_audit;not_prospective_materials_discovery;not_DFT_evidence;not_materials_primary_headline
materials_discovery,ALIGNN-FF WBM,materials_alignn_exact_stable_alpha010_K300,300,0.1,8,chgnet_mace_support_targeted,0.005,104044,520,120,0.23076923076923078,0,0.0,False,False,0.29333333333333333,0.0,0.0,0.0,0.45,0.26890742154296454,89.80901315303896,10.0,-7.361032209955567,,0.9994574064026045,insufficient_high_e_mass_for_uniform_scs,materials_t0_active_audit_emulation;existing_public_WBM_labels_only;t1_current_MP_used_only_as_utility_audit;not_prospective_materials_discovery;not_DFT_evidence;not_materials_primary_headline
materials_discovery,ALIGNN-FF WBM,materials_alignn_exact_stable_alpha010_K500,500,0.1,8,chgnet_mace_support_targeted,0.005,104044,520,120,0.23076923076923078,0,0.0,False,False,0.346,0.0,0.0,0.0,0.526,0.1709370321528446,89.80901315303896,10.0,-8.290629678471554,,0.9994574064026045,insufficient_high_e_mass_for_uniform_scs,materials_t0_active_audit_emulation;existing_public_WBM_labels_only;t1_current_MP_used_only_as_utility_audit;not_prospective_materials_discovery;not_DFT_evidence;not_materials_primary_headline
materials_discovery,ALIGNN-FF WBM,materials_alignn_exact_stable_alpha010_K300,300,0.1,8,chgnet_mace_support_targeted,0.01,104044,1040,220,0.21153846153846154,0,0.0,False,False,0.29333333333333333,0.0,0.0,0.0,0.45,0.2687893548642282,89.76670541188308,10.0,-7.362190097574364,,0.9989148128052089,insufficient_high_e_mass_for_uniform_scs,materials_t0_active_audit_emulation;existing_public_WBM_labels_only;t1_current_MP_used_only_as_utility_audit;not_prospective_materials_discovery;not_DFT_evidence;not_materials_primary_headline
materials_discovery,ALIGNN-FF WBM,materials_alignn_exact_stable_alpha010_K500,500,0.1,8,chgnet_mace_support_targeted,0.01,104044,1040,220,0.21153846153846154,0,0.0,False,False,0.346,0.0,0.0,0.0,0.526,0.17086271109706758,89.76670541188308,10.0,-8.291372889029324,,0.9989148128052089,insufficient_high_e_mass_for_uniform_scs,materials_t0_active_audit_emulation;existing_public_WBM_labels_only;t1_current_MP_used_only_as_utility_audit;not_prospective_materials_discovery;not_DFT_evidence;not_materials_primary_headline
materials_discovery,ALIGNN-FF WBM,materials_alignn_exact_stable_alpha010_K300,300,0.1,8,chgnet_mace_support_targeted,0.02,104044,2081,369,0.17731859682844786,0,0.0,False,False,0.29333333333333333,0.0,0.0,0.0,0.45,0.2686122365849186,89.70323897098292,10.0,-7.363927108508719,,0.9981009224091155,insufficient_high_e_mass_for_uniform_scs,materials_t0_active_audit_emulation;existing_public_WBM_labels_only;t1_current_MP_used_only_as_utility_audit;not_prospective_materials_discovery;not_DFT_evidence;not_materials_primary_headline
materials_discovery,ALIGNN-FF WBM,materials_alignn_exact_stable_alpha010_K500,500,0.1,8,chgnet_mace_support_targeted,0.02,104044,2081,369,0.17731859682844786,0,0.0,False,False,0.346,0.0,0.0,0.0,0.526,0.17157941987769482,89.70323897098292,10.0,-8.284205801223052,,0.9981009224091155,insufficient_high_e_mass_for_uniform_scs,materials_t0_active_audit_emulation;existing_public_WBM_labels_only;t1_current_MP_used_only_as_utility_audit;not_prospective_materials_discovery;not_DFT_evidence;not_materials_primary_headline
materials_discovery,ALIGNN-FF WBM,materials_alignn_exact_stable_alpha010_K300,300,0.1,8,chgnet_mace_support_targeted,0.05,104044,5202,1678,0.3225682429834679,64,0.015625,True,False,0.29333333333333333,1.0,0.375,0.375,0.45,3.1237966087951503,164.4103478313237,10.0,1.7909148046590886,46.875,0.9948453608247423,,materials_t0_active_audit_emulation;existing_public_WBM_labels_only;t1_current_MP_used_only_as_utility_audit;not_prospective_materials_discovery;not_DFT_evidence;not_materials_primary_headline
materials_discovery,ALIGNN-FF WBM,materials_alignn_exact_stable_alpha010_K500,500,0.1,8,chgnet_mace_support_targeted,0.05,104044,5202,1678,0.3225682429834679,61,0.01639344262295082,True,False,0.346,1.0,0.36065573770491804,0.36065573770491804,0.526,1.87427796527709,164.4103478313237,10.0,7.482102033901825,81.96721311475409,0.9948453608247423,,materials_t0_active_audit_emulation;existing_public_WBM_labels_only;t1_current_MP_used_only_as_utility_audit;not_prospective_materials_discovery;not_DFT_evidence;not_materials_primary_headline
materials_discovery,ALIGNN-FF WBM,materials_alignn_exact_stable_alpha010_K300,300,0.1,8,chgnet_mace_support_targeted,0.1,104044,10404,3678,0.353517877739331,64,0.015625,True,False,0.29333333333333333,1.0,0.375,0.375,0.45,3.113324320408244,163.8591747583286,10.0,1.6315851415581264,46.875,0.9910472056429734,,materials_t0_active_audit_emulation;existing_public_WBM_labels_only;t1_current_MP_used_only_as_utility_audit;not_prospective_materials_discovery;not_DFT_evidence;not_materials_primary_headline
materials_discovery,ALIGNN-FF WBM,materials_alignn_exact_stable_alpha010_K500,500,0.1,8,chgnet_mace_support_targeted,0.1,104044,10404,3678,0.353517877739331,61,0.01639344262295082,True,False,0.346,1.0,0.36065573770491804,0.36065573770491804,0.526,1.8679945922449464,163.8591747583286,10.0,7.185739790016925,81.96721311475409,0.9910472056429734,,materials_t0_active_audit_emulation;existing_public_WBM_labels_only;t1_current_MP_used_only_as_utility_audit;not_prospective_materials_discovery;not_DFT_evidence;not_materials_primary_headline
materials_discovery,ALIGNN-FF WBM,materials_alignn_exact_stable_alpha010_K300,300,0.1,8,chgnet_mace_support_targeted,0.2,104044,20809,7148,0.3435052140900572,64,0.015625,True,False,0.29333333333333333,1.0,0.375,0.375,0.45,3.09236708543084,162.75616239109684,10.0,1.3127069149212716,46.875,0.9834508952794357,,materials_t0_active_audit_emulation;existing_public_WBM_labels_only;t1_current_MP_used_only_as_utility_audit;not_prospective_materials_discovery;not_DFT_evidence;not_materials_primary_headline
materials_discovery,ALIGNN-FF WBM,materials_alignn_exact_stable_alpha010_K500,500,0.1,8,chgnet_mace_support_targeted,0.2,104044,20809,7148,0.3435052140900572,61,0.01639344262295082,True,False,0.346,1.0,0.36065573770491804,0.36065573770491804,0.526,1.855420251258504,162.75616239109684,10.0,6.592632480749899,81.96721311475409,0.9834508952794357,,materials_t0_active_audit_emulation;existing_public_WBM_labels_only;t1_current_MP_used_only_as_utility_audit;not_prospective_materials_discovery;not_DFT_evidence;not_materials_primary_headline
materials_discovery,ALIGNN-FF WBM,materials_alignn_exact_stable_alpha010_K300,300,0.1,8,mass_gain,0.0,104044,0,0,0.0,0,0.0,False,False,0.29333333333333333,0.0,0.0,0.0,0.45,0.26593411175530846,89.85131832062358,10.0,-7.479158198506864,,1.0,insufficient_high_e_mass_for_uniform_scs,materials_t0_active_audit_emulation;existing_public_WBM_labels_only;t1_current_MP_used_only_as_utility_audit;not_prospective_materials_discovery;not_DFT_evidence;not_materials_primary_headline
materials_discovery,ALIGNN-FF WBM,materials_alignn_exact_stable_alpha010_K500,500,0.1,8,mass_gain,0.0,104044,0,0,0.0,0,0.0,False,False,0.346,0.0,0.0,0.0,0.526,0.16777722942982806,89.85131832062358,10.0,-8.322227705701719,,1.0,insufficient_high_e_mass_for_uniform_scs,materials_t0_active_audit_emulation;existing_public_WBM_labels_only;t1_current_MP_used_only_as_utility_audit;not_prospective_materials_discovery;not_DFT_evidence;not_materials_primary_headline
materials_discovery,ALIGNN-FF WBM,materials_alignn_exact_stable_alpha010_K300,300,0.1,8,mass_gain,0.005,104044,520,338,0.65,0,0.0,False,False,0.29333333333333333,0.0,0.0,0.0,0.45,0.6593730300060724,164.84325750151808,10.0,-6.416475852074773,,0.9978296256104178,insufficient_high_e_mass_for_uniform_scs,materials_t0_active_audit_emulation;existing_public_WBM_labels_only;t1_current_MP_used_only_as_utility_audit;not_prospective_materials_discovery;not_DFT_evidence;not_materials_primary_headline
materials_discovery,ALIGNN-FF WBM,materials_alignn_exact_stable_alpha010_K500,500,0.1,8,mass_gain,0.005,104044,520,338,0.65,0,0.0,False,False,0.346,0.0,0.0,0.0,0.526,0.3956238180036435,164.84325750151808,10.0,-7.625576909551777,,0.9978296256104178,insufficient_high_e_mass_for_uniform_scs,materials_t0_active_audit_emulation;existing_public_WBM_labels_only;t1_current_MP_used_only_as_utility_audit;not_prospective_materials_discovery;not_DFT_evidence;not_materials_primary_headline
materials_discovery,ALIGNN-FF WBM,materials_alignn_exact_stable_alpha010_K300,300,0.1,8,mass_gain,0.01,104044,1040,585,0.5625,0,0.0,False,False,0.29333333333333333,0.0,0.0,0.0,0.45,0.6582711410753992,164.56778526884978,10.0,-6.422237191126261,,0.9959305480195334,insufficient_high_e_mass_for_uniform_scs,materials_t0_active_audit_emulation;existing_public_WBM_labels_only;t1_current_MP_used_only_as_utility_audit;not_prospective_materials_discovery;not_DFT_evidence;not_materials_primary_headline
materials_discovery,ALIGNN-FF WBM,materials_alignn_exact_stable_alpha010_K500,500,0.1,8,mass_gain,0.01,104044,1040,585,0.5625,0,0.0,False,False,0.346,0.0,0.0,0.0,0.526,0.3949626846452395,164.56778526884978,10.0,-7.62922139341762,,0.9959305480195334,insufficient_high_e_mass_for_uniform_scs,materials_t0_active_audit_emulation;existing_public_WBM_labels_only;t1_current_MP_used_only_as_utility_audit;not_prospective_materials_discovery;not_DFT_evidence;not_materials_primary_headline
materials_discovery,ALIGNN-FF WBM,materials_alignn_exact_stable_alpha010_K300,300,0.1,8,mass_gain,0.02,104044,2081,1007,0.48390197020663145,0,0.0,False,False,0.29333333333333333,0.0,0.0,0.0,0.45,0.6559092076210624,163.9773019052656,10.0,-6.43458841533652,,0.9918610960390667,insufficient_high_e_mass_for_uniform_scs,materials_t0_active_audit_emulation;existing_public_WBM_labels_only;t1_current_MP_used_only_as_utility_audit;not_prospective_materials_discovery;not_DFT_evidence;not_materials_primary_headline
materials_discovery,ALIGNN-FF WBM,materials_alignn_exact_stable_alpha010_K500,500,0.1,8,mass_gain,0.02,104044,2081,1007,0.48390197020663145,0,0.0,False,False,0.346,0.0,0.0,0.0,0.526,0.3935455245726375,163.9773019052656,10.0,-7.637034595105806,,0.9918610960390667,insufficient_high_e_mass_for_uniform_scs,materials_t0_active_audit_emulation;existing_public_WBM_labels_only;t1_current_MP_used_only_as_utility_audit;not_prospective_materials_discovery;not_DFT_evidence;not_materials_primary_headline
materials_discovery,ALIGNN-FF WBM,materials_alignn_exact_stable_alpha010_K300,300,0.1,8,mass_gain,0.05,104044,5202,1954,0.3756247597078047,42,0.0,True,False,0.29333333333333333,1.0,0.38095238095238093,0.38095238095238093,0.45,1.4129439920443772,163.0319990820435,10.0,17.27959903355692,71.42857142857143,0.9853499728703201,,materials_t0_active_audit_emulation;existing_public_WBM_labels_only;t1_current_MP_used_only_as_utility_audit;not_prospective_materials_discovery;not_DFT_evidence;not_materials_primary_headline
materials_discovery,ALIGNN-FF WBM,materials_alignn_exact_stable_alpha010_K500,500,0.1,8,mass_gain,0.05,104044,5202,1954,0.3756247597078047,0,0.0,False,False,0.346,0.0,0.0,0.0,0.526,0.8477663952266263,163.0319990820435,10.0,-7.165698193254471,,0.9853499728703201,insufficient_high_e_mass_for_uniform_scs,materials_t0_active_audit_emulation;existing_public_WBM_labels_only;t1_current_MP_used_only_as_utility_audit;not_prospective_materials_discovery;not_DFT_evidence;not_materials_primary_headline
materials_discovery,ALIGNN-FF WBM,materials_alignn_exact_stable_alpha010_K300,300,0.1,8,mass_gain,0.1,104044,10404,3248,0.31218762014609763,57,0.0,True,False,0.29333333333333333,1.0,0.3508771929824561,0.3508771929824561,0.45,2.2725162830237413,162.32259164455297,10.0,9.240403533706036,52.63157894736842,0.9804666304937601,,materials_t0_active_audit_emulation;existing_public_WBM_labels_only;t1_current_MP_used_only_as_utility_audit;not_prospective_materials_discovery;not_DFT_evidence;not_materials_primary_headline
materials_discovery,ALIGNN-FF WBM,materials_alignn_exact_stable_alpha010_K500,500,0.1,8,mass_gain,0.1,104044,10404,3248,0.31218762014609763,42,0.0,True,False,0.346,1.0,0.38095238095238093,0.38095238095238093,0.526,1.3635097698142449,162.32259164455297,10.0,43.274972596933935,119.04761904761904,0.9804666304937601,,materials_t0_active_audit_emulation;existing_public_WBM_labels_only;t1_current_MP_used_only_as_utility_audit;not_prospective_materials_discovery;not_DFT_evidence;not_materials_primary_headline
materials_discovery,ALIGNN-FF WBM,materials_alignn_exact_stable_alpha010_K300,300,0.1,8,mass_gain,0.2,104044,20809,5723,0.27502522946801866,57,0.0,True,False,0.29333333333333333,1.0,0.3508771929824561,0.3508771929824561,0.45,2.701434001611009,162.08604009666053,10.0,9.15191802942428,52.63157894736842,0.9788388497015735,,materials_t0_active_audit_emulation;existing_public_WBM_labels_only;t1_current_MP_used_only_as_utility_audit;not_prospective_materials_discovery;not_DFT_evidence;not_materials_primary_headline
materials_discovery,ALIGNN-FF WBM,materials_alignn_exact_stable_alpha010_K500,500,0.1,8,mass_gain,0.2,104044,20809,5723,0.27502522946801866,50,0.0,True,False,0.346,1.0,0.38,0.38,0.526,1.6208604009666052,162.08604009666053,10.0,62.086040096660525,100.0,0.9788388497015735,,materials_t0_active_audit_emulation;existing_public_WBM_labels_only;t1_current_MP_used_only_as_utility_audit;not_prospective_materials_discovery;not_DFT_evidence;not_materials_primary_headline
materials_discovery,ALIGNN-FF WBM,materials_alignn_exact_stable_alpha010_K300,300,0.1,9,random,0.0,109485,0,0,0.0,0,0.0,False,False,0.21666666666666667,0.0,0.0,0.0,0.31,0.2851449454041338,165.15801559604097,10.0,-7.250812736283884,,1.0,insufficient_high_e_mass_for_uniform_scs,materials_t0_active_audit_emulation;existing_public_WBM_labels_only;t1_current_MP_used_only_as_utility_audit;not_prospective_materials_discovery;not_DFT_evidence;not_materials_primary_headline
materials_discovery,ALIGNN-FF WBM,materials_alignn_exact_stable_alpha010_K500,500,0.1,9,random,0.0,109485,0,0,0.0,0,0.0,False,False,0.31,0.0,0.0,0.0,0.406,0.2010052641179882,165.15801559604097,10.0,-8.008289213904323,,1.0,insufficient_high_e_mass_for_uniform_scs,materials_t0_active_audit_emulation;existing_public_WBM_labels_only;t1_current_MP_used_only_as_utility_audit;not_prospective_materials_discovery;not_DFT_evidence;not_materials_primary_headline
materials_discovery,ALIGNN-FF WBM,materials_alignn_exact_stable_alpha010_K300,300,0.1,9,random,0.005,109485,547,93,0.170018281535649,0,0.0,False,False,0.21666666666666667,0.0,0.0,0.0,0.31,0.28783592502104005,165.15801559604097,10.0,-7.2278314162094315,,1.0,insufficient_high_e_mass_for_uniform_scs,materials_t0_active_audit_emulation;existing_public_WBM_labels_only;t1_current_MP_used_only_as_utility_audit;not_prospective_materials_discovery;not_DFT_evidence;not_materials_primary_headline
materials_discovery,ALIGNN-FF WBM,materials_alignn_exact_stable_alpha010_K500,500,0.1,9,random,0.005,109485,547,93,0.170018281535649,0,0.0,False,False,0.31,0.0,0.0,0.0,0.406,0.20219754455973823,165.15801559604097,10.0,-7.9967859768071765,,1.0,insufficient_high_e_mass_for_uniform_scs,materials_t0_active_audit_emulation;existing_public_WBM_labels_only;t1_current_MP_used_only_as_utility_audit;not_prospective_materials_discovery;not_DFT_evidence;not_materials_primary_headline
materials_discovery,ALIGNN-FF WBM,materials_alignn_exact_stable_alpha010_K300,300,0.1,9,random,0.01,109485,1095,187,0.17077625570776256,0,0.0,False,False,0.21666666666666667,0.0,0.0,0.0,0.31,0.28777260823245526,165.1186747548975,10.0,-7.228439871938207,,0.9997287032013022,insufficient_high_e_mass_for_uniform_scs,materials_t0_active_audit_emulation;existing_public_WBM_labels_only;t1_current_MP_used_only_as_utility_audit;not_prospective_materials_discovery;not_DFT_evidence;not_materials_primary_headline
materials_discovery,ALIGNN-FF WBM,materials_alignn_exact_stable_alpha010_K500,500,0.1,9,random,0.01,109485,1095,187,0.17077625570776256,0,0.0,False,False,0.31,0.0,0.0,0.0,0.406,0.202153443856276,165.1186747548975,10.0,-7.997222677026622,,0.9997287032013022,insufficient_high_e_mass_for_uniform_scs,materials_t0_active_audit_emulation;existing_public_WBM_labels_only;t1_current_MP_used_only_as_utility_audit;not_prospective_materials_discovery;not_DFT_evidence;not_materials_primary_headline
materials_discovery,ALIGNN-FF WBM,materials_alignn_exact_stable_alpha010_K300,300,0.1,9,random,0.02,109485,2190,370,0.1689497716894977,0,0.0,False,False,0.21666666666666667,0.0,0.0,0.0,0.31,0.28770928885837177,165.0793327942943,10.0,-7.229048352706402,,0.9994574064026045,insufficient_high_e_mass_for_uniform_scs,materials_t0_active_audit_emulation;existing_public_WBM_labels_only;t1_current_MP_used_only_as_utility_audit;not_prospective_materials_discovery;not_DFT_evidence;not_materials_primary_headline
materials_discovery,ALIGNN-FF WBM,materials_alignn_exact_stable_alpha010_K500,500,0.1,9,random,0.02,109485,2190,370,0.1689497716894977,0,0.0,False,False,0.31,0.0,0.0,0.0,0.406,0.20210934129847016,165.0793327942943,10.0,-7.997659395638683,,0.9994574064026045,insufficient_high_e_mass_for_uniform_scs,materials_t0_active_audit_emulation;existing_public_WBM_labels_only;t1_current_MP_used_only_as_utility_audit;not_prospective_materials_discovery;not_DFT_evidence;not_materials_primary_headline
materials_discovery,ALIGNN-FF WBM,materials_alignn_exact_stable_alpha010_K300,300,0.1,9,random,0.05,109485,5474,861,0.15728900255754474,0,0.0,False,False,0.21666666666666667,0.0,0.0,0.0,0.31,0.3030814605533939,165.0793327942943,10.0,-7.157600856549784,,0.9994574064026045,insufficient_high_e_mass_for_uniform_scs,materials_t0_active_audit_emulation;existing_public_WBM_labels_only;t1_current_MP_used_only_as_utility_audit;not_prospective_materials_discovery;not_DFT_evidence;not_materials_primary_headline
materials_discovery,ALIGNN-FF WBM,materials_alignn_exact_stable_alpha010_K500,500,0.1,9,random,0.05,109485,5474,861,0.15728900255754474,0,0.0,False,False,0.31,0.0,0.0,0.0,0.406,0.20453880244682443,165.0793327942943,10.0,-7.97423153169321,,0.9994574064026045,insufficient_high_e_mass_for_uniform_scs,materials_t0_active_audit_emulation;existing_public_WBM_labels_only;t1_current_MP_used_only_as_utility_audit;not_prospective_materials_discovery;not_DFT_evidence;not_materials_primary_headline
materials_discovery,ALIGNN-FF WBM,materials_alignn_exact_stable_alpha010_K300,300,0.1,9,random,0.1,109485,10948,1668,0.15235659481183778,0,0.0,False,False,0.21666666666666667,0.0,0.0,0.0,0.31,0.3122860630973104,164.9219537499643,10.0,-7.110278760840755,,0.9983722192078134,insufficient_high_e_mass_for_uniform_scs,materials_t0_active_audit_emulation;existing_public_WBM_labels_only;t1_current_MP_used_only_as_utility_audit;not_prospective_materials_discovery;not_DFT_evidence;not_materials_primary_headline
materials_discovery,ALIGNN-FF WBM,materials_alignn_exact_stable_alpha010_K500,500,0.1,9,random,0.1,109485,10948,1668,0.15235659481183778,0,0.0,False,False,0.31,0.0,0.0,0.0,0.406,0.21203208233389606,164.9219537499643,10.0,-7.902122011868114,,0.9983722192078134,insufficient_high_e_mass_for_uniform_scs,materials_t0_active_audit_emulation;existing_public_WBM_labels_only;t1_current_MP_used_only_as_utility_audit;not_prospective_materials_discovery;not_DFT_evidence;not_materials_primary_headline
materials_discovery,ALIGNN-FF WBM,materials_alignn_exact_stable_alpha010_K300,300,0.1,9,random,0.2,109485,21897,3357,0.15330867242087956,0,0.0,False,False,0.21666666666666667,0.0,0.0,0.0,0.31,0.31186414342091767,164.6858515373797,10.0,-7.03585760318413,,0.9967444384156267,insufficient_high_e_mass_for_uniform_scs,materials_t0_active_audit_emulation;existing_public_WBM_labels_only;t1_current_MP_used_only_as_utility_audit;not_prospective_materials_discovery;not_DFT_evidence;not_materials_primary_headline
materials_discovery,ALIGNN-FF WBM,materials_alignn_exact_stable_alpha010_K500,500,0.1,9,random,0.2,109485,21897,3357,0.15330867242087956,0,0.0,False,False,0.31,0.0,0.0,0.0,0.406,0.21625834907190067,164.6858515373797,10.0,-7.852394925179528,,0.9967444384156267,insufficient_high_e_mass_for_uniform_scs,materials_t0_active_audit_emulation;existing_public_WBM_labels_only;t1_current_MP_used_only_as_utility_audit;not_prospective_materials_discovery;not_DFT_evidence;not_materials_primary_headline
materials_discovery,ALIGNN-FF WBM,materials_alignn_exact_stable_alpha010_K300,300,0.1,9,raw_score_targeted,0.0,109485,0,0,0.0,0,0.0,False,False,0.21666666666666667,0.0,0.0,0.0,0.31,0.2851449454041338,165.15801559604097,10.0,-7.250812736283884,,1.0,insufficient_high_e_mass_for_uniform_scs,materials_t0_active_audit_emulation;existing_public_WBM_labels_only;t1_current_MP_used_only_as_utility_audit;not_prospective_materials_discovery;not_DFT_evidence;not_materials_primary_headline
materials_discovery,ALIGNN-FF WBM,materials_alignn_exact_stable_alpha010_K500,500,0.1,9,raw_score_targeted,0.0,109485,0,0,0.0,0,0.0,False,False,0.31,0.0,0.0,0.0,0.406,0.2010052641179882,165.15801559604097,10.0,-8.008289213904323,,1.0,insufficient_high_e_mass_for_uniform_scs,materials_t0_active_audit_emulation;existing_public_WBM_labels_only;t1_current_MP_used_only_as_utility_audit;not_prospective_materials_discovery;not_DFT_evidence;not_materials_primary_headline
materials_discovery,ALIGNN-FF WBM,materials_alignn_exact_stable_alpha010_K300,300,0.1,9,raw_score_targeted,0.005,109485,547,342,0.6252285191956124,109,0.06422018348623854,True,False,0.21666666666666667,1.0,0.1834862385321101,0.1834862385321101,0.31,3.791394922534916,164.84325750151808,10.0,2.324249809715152,27.522935779816514,0.9978296256104178,,materials_t0_active_audit_emulation;existing_public_WBM_labels_only;t1_current_MP_used_only_as_utility_audit;not_prospective_materials_discovery;not_DFT_evidence;not_materials_primary_headline
materials_discovery,ALIGNN-FF WBM,materials_alignn_exact_stable_alpha010_K500,500,0.1,9,raw_score_targeted,0.005,109485,547,342,0.6252285191956124,84,0.047619047619047616,True,False,0.31,1.0,0.16666666666666666,0.16666666666666666,0.406,2.2748369535209494,164.84325750151808,10.0,3.2909607750207215,59.52380952380952,0.9978296256104178,,materials_t0_active_audit_emulation;existing_public_WBM_labels_only;t1_current_MP_used_only_as_utility_audit;not_prospective_materials_discovery;not_DFT_evidence;not_materials_primary_headline
materials_discovery,ALIGNN-FF WBM,materials_alignn_exact_stable_alpha010_K300,300,0.1,9,raw_score_targeted,0.01,109485,1095,646,0.5899543378995433,109,0.06422018348623854,True,False,0.21666666666666667,1.0,0.1834862385321101,0.1834862385321101,0.31,3.7904898769721322,164.80390769444054,10.0,2.317359149297694,27.522935779816514,0.99755832881172,,materials_t0_active_audit_emulation;existing_public_WBM_labels_only;t1_current_MP_used_only_as_utility_audit;not_prospective_materials_discovery;not_DFT_evidence;not_materials_primary_headline
materials_discovery,ALIGNN-FF WBM,materials_alignn_exact_stable_alpha010_K500,500,0.1,9,raw_score_targeted,0.01,109485,1095,646,0.5899543378995433,84,0.047619047619047616,True,False,0.31,1.0,0.16666666666666666,0.16666666666666666,0.406,2.2742939261832795,164.80390769444054,10.0,3.2762444729257183,59.52380952380952,0.99755832881172,,materials_t0_active_audit_emulation;existing_public_WBM_labels_only;t1_current_MP_used_only_as_utility_audit;not_prospective_materials_discovery;not_DFT_evidence;not_materials_primary_headline
materials_discovery,ALIGNN-FF WBM,materials_alignn_exact_stable_alpha010_K300,300,0.1,9,raw_score_targeted,0.02,109485,2190,1209,0.552054794520548,109,0.06422018348623854,True,False,0.21666666666666667,1.0,0.1834862385321101,0.1834862385321101,0.31,3.7868694364860516,164.64649723852398,10.0,2.2897941664094255,27.522935779816514,0.9964731416169289,,materials_t0_active_audit_emulation;existing_public_WBM_labels_only;t1_current_MP_used_only_as_utility_audit;not_prospective_materials_discovery;not_DFT_evidence;not_materials_primary_headline
materials_discovery,ALIGNN-FF WBM,materials_alignn_exact_stable_alpha010_K500,500,0.1,9,raw_score_targeted,0.02,109485,2190,1209,0.552054794520548,84,0.047619047619047616,True,False,0.31,1.0,0.16666666666666666,0.16666666666666666,0.406,2.272121661891631,164.64649723852398,10.0,3.2173746103515697,59.52380952380952,0.9964731416169289,,materials_t0_active_audit_emulation;existing_public_WBM_labels_only;t1_current_MP_used_only_as_utility_audit;not_prospective_materials_discovery;not_DFT_evidence;not_materials_primary_headline
materials_discovery,ALIGNN-FF WBM,materials_alignn_exact_stable_alpha010_K300,300,0.1,9,raw_score_targeted,0.05,109485,5474,2619,0.4784435513335769,109,0.06422018348623854,True,False,0.21666666666666667,1.0,0.1834862385321101,0.1834862385321101,0.31,3.781438000120445,164.4103478313237,10.0,2.2484396597503,27.522935779816514,0.9948453608247423,,materials_t0_active_audit_emulation;existing_public_WBM_labels_only;t1_current_MP_used_only_as_utility_audit;not_prospective_materials_discovery;not_DFT_evidence;not_materials_primary_headline
materials_discovery,ALIGNN-FF WBM,materials_alignn_exact_stable_alpha010_K500,500,0.1,9,raw_score_targeted,0.05,109485,5474,2619,0.4784435513335769,84,0.047619047619047616,True,False,0.31,1.0,0.16666666666666666,0.16666666666666666,0.406,2.268862800072267,164.4103478313237,10.0,3.1290558368513217,59.52380952380952,0.9948453608247423,,materials_t0_active_audit_emulation;existing_public_WBM_labels_only;t1_current_MP_used_only_as_utility_audit;not_prospective_materials_discovery;not_DFT_evidence;not_materials_primary_headline
materials_discovery,ALIGNN-FF WBM,materials_alignn_exact_stable_alpha010_K300,300,0.1,9,raw_score_targeted,0.1,109485,10948,4282,0.3911216660577274,109,0.06422018348623854,True,False,0.21666666666666667,1.0,0.1834862385321101,0.1834862385321101,0.31,3.766043860887445,163.7410374298889,10.0,2.1312225909164226,27.522935779816514,0.9902333152468801,,materials_t0_active_audit_emulation;existing_public_WBM_labels_only;t1_current_MP_used_only_as_utility_audit;not_prospective_materials_discovery;not_DFT_evidence;not_materials_primary_headline
materials_discovery,ALIGNN-FF WBM,materials_alignn_exact_stable_alpha010_K500,500,0.1,9,raw_score_targeted,0.1,109485,10948,4282,0.3911216660577274,84,0.047619047619047616,True,False,0.31,1.0,0.16666666666666666,0.16666666666666666,0.406,2.2596263165324673,163.7410374298889,10.0,2.87872793728215,59.52380952380952,0.9902333152468801,,materials_t0_active_audit_emulation;existing_public_WBM_labels_only;t1_current_MP_used_only_as_utility_audit;not_prospective_materials_discovery;not_DFT_evidence;not_materials_primary_headline
materials_discovery,ALIGNN-FF WBM,materials_alignn_exact_stable_alpha010_K300,300,0.1,9,raw_score_targeted,0.2,109485,21897,8627,0.39398091062702656,109,0.06422018348623854,True,False,0.21666666666666667,1.0,0.1834862385321101,0.1834862385321101,0.31,3.754266795472625,163.22899110750544,10.0,2.0415399733879482,27.522935779816514,0.986706456863809,,materials_t0_active_audit_emulation;existing_public_WBM_labels_only;t1_current_MP_used_only_as_utility_audit;not_prospective_materials_discovery;not_DFT_evidence;not_materials_primary_headline
materials_discovery,ALIGNN-FF WBM,materials_alignn_exact_stable_alpha010_K500,500,0.1,9,raw_score_targeted,0.2,109485,21897,8627,0.39398091062702656,84,0.047619047619047616,True,False,0.31,1.0,0.16666666666666666,0.16666666666666666,0.406,2.252560077283575,163.22899110750544,10.0,2.687209212365808,59.52380952380952,0.986706456863809,,materials_t0_active_audit_emulation;existing_public_WBM_labels_only;t1_current_MP_used_only_as_utility_audit;not_prospective_materials_discovery;not_DFT_evidence;not_materials_primary_headline
materials_discovery,ALIGNN-FF WBM,materials_alignn_exact_stable_alpha010_K300,300,0.1,9,parc_m_evidence_targeted,0.0,109485,0,0,0.0,0,0.0,False,False,0.21666666666666667,0.0,0.0,0.0,0.31,0.2851449454041338,165.15801559604097,10.0,-7.250812736283884,,1.0,insufficient_high_e_mass_for_uniform_scs,materials_t0_active_audit_emulation;existing_public_WBM_labels_only;t1_current_MP_used_only_as_utility_audit;not_prospective_materials_discovery;not_DFT_evidence;not_materials_primary_headline
materials_discovery,ALIGNN-FF WBM,materials_alignn_exact_stable_alpha010_K500,500,0.1,9,parc_m_evidence_targeted,0.0,109485,0,0,0.0,0,0.0,False,False,0.31,0.0,0.0,0.0,0.406,0.2010052641179882,165.15801559604097,10.0,-8.008289213904323,,1.0,insufficient_high_e_mass_for_uniform_scs,materials_t0_active_audit_emulation;existing_public_WBM_labels_only;t1_current_MP_used_only_as_utility_audit;not_prospective_materials_discovery;not_DFT_evidence;not_materials_primary_headline
materials_discovery,ALIGNN-FF WBM,materials_alignn_exact_stable_alpha010_K300,300,0.1,9,parc_m_evidence_targeted,0.005,109485,547,335,0.6124314442413162,69,0.0,True,False,0.21666666666666667,1.0,0.14492753623188406,0.14492753623188406,0.31,2.091503213562035,165.1186747548975,10.0,5.392399860130588,43.47826086956522,0.9997287032013022,,materials_t0_active_audit_emulation;existing_public_WBM_labels_only;t1_current_MP_used_only_as_utility_audit;not_prospective_materials_discovery;not_DFT_evidence;not_materials_primary_headline
materials_discovery,ALIGNN-FF WBM,materials_alignn_exact_stable_alpha010_K500,500,0.1,9,parc_m_evidence_targeted,0.005,109485,547,335,0.6124314442413162,38,0.0,True,False,0.31,1.0,0.21052631578947367,0.21052631578947367,0.406,1.2549019281372211,165.1186747548975,10.0,33.53972738647647,131.57894736842104,0.9997287032013022,,materials_t0_active_audit_emulation;existing_public_WBM_labels_only;t1_current_MP_used_only_as_utility_audit;not_prospective_materials_discovery;not_DFT_evidence;not_materials_primary_headline
materials_discovery,ALIGNN-FF WBM,materials_alignn_exact_stable_alpha010_K300,300,0.1,9,parc_m_evidence_targeted,0.01,109485,1095,635,0.5799086757990868,69,0.0,True,False,0.21666666666666667,1.0,0.14492753623188406,0.14492753623188406,0.31,2.0910048820610614,165.0793327942943,10.0,5.3810282188717835,43.47826086956522,0.9994574064026045,,materials_t0_active_audit_emulation;existing_public_WBM_labels_only;t1_current_MP_used_only_as_utility_audit;not_prospective_materials_discovery;not_DFT_evidence;not_materials_primary_headline
materials_discovery,ALIGNN-FF WBM,materials_alignn_exact_stable_alpha010_K500,500,0.1,9,parc_m_evidence_targeted,0.01,109485,1095,635,0.5799086757990868,38,0.0,True,False,0.31,1.0,0.21052631578947367,0.21052631578947367,0.406,1.2546029292366367,165.0793327942943,10.0,33.50038542587325,131.57894736842104,0.9994574064026045,,materials_t0_active_audit_emulation;existing_public_WBM_labels_only;t1_current_MP_used_only_as_utility_audit;not_prospective_materials_discovery;not_DFT_evidence;not_materials_primary_headline
materials_discovery,ALIGNN-FF WBM,materials_alignn_exact_stable_alpha010_K300,300,0.1,9,parc_m_evidence_targeted,0.02,109485,2190,1209,0.552054794520548,69,0.0,True,False,0.21666666666666667,1.0,0.14492753623188406,0.14492753623188406,0.31,2.0895098024328487,164.961300192067,10.0,5.346911087463859,43.47826086956522,0.9986435160065111,,materials_t0_active_audit_emulation;existing_public_WBM_labels_only;t1_current_MP_used_only_as_utility_audit;not_prospective_materials_discovery;not_DFT_evidence;not_materials_primary_headline
materials_discovery,ALIGNN-FF WBM,materials_alignn_exact_stable_alpha010_K500,500,0.1,9,parc_m_evidence_targeted,0.02,109485,2190,1209,0.552054794520548,38,0.0,True,False,0.31,1.0,0.21052631578947367,0.21052631578947367,0.406,1.2537058814597093,164.961300192067,10.0,33.38235282364596,131.57894736842104,0.9986435160065111,,materials_t0_active_audit_emulation;existing_public_WBM_labels_only;t1_current_MP_used_only_as_utility_audit;not_prospective_materials_discovery;not_DFT_evidence;not_materials_primary_headline
materials_discovery,ALIGNN-FF WBM,materials_alignn_exact_stable_alpha010_K300,300,0.1,9,parc_m_evidence_targeted,0.05,109485,5474,2603,0.4755206430398246,75,0.0,True,False,0.21666666666666667,1.0,0.14666666666666667,0.14666666666666667,0.31,2.086020786140143,164.6858515373797,10.0,0.07097199774142382,40.0,0.9967444384156267,,materials_t0_active_audit_emulation;existing_public_WBM_labels_only;t1_current_MP_used_only_as_utility_audit;not_prospective_materials_discovery;not_DFT_evidence;not_materials_primary_headline
materials_discovery,ALIGNN-FF WBM,materials_alignn_exact_stable_alpha010_K500,500,0.1,9,parc_m_evidence_targeted,0.05,109485,5474,2603,0.4755206430398246,38,0.0,True,False,0.31,1.0,0.21052631578947367,0.21052631578947367,0.406,1.251612471684086,164.6858515373797,10.0,33.106904168958664,131.57894736842104,0.9967444384156267,,materials_t0_active_audit_emulation;existing_public_WBM_labels_only;t1_current_MP_used_only_as_utility_audit;not_prospective_materials_discovery;not_DFT_evidence;not_materials_primary_headline
materials_discovery,ALIGNN-FF WBM,materials_alignn_exact_stable_alpha010_K300,300,0.1,9,parc_m_evidence_targeted,0.1,109485,10948,4263,0.38938618925831203,106,0.05660377358490566,True,False,0.21666666666666667,1.0,0.1792452830188679,0.1792452830188679,0.31,3.007694207560805,164.0560476851348,10.0,1.4074410305855878,28.301886792452827,0.9924036896364623,,materials_t0_active_audit_emulation;existing_public_WBM_labels_only;t1_current_MP_used_only_as_utility_audit;not_prospective_materials_discovery;not_DFT_evidence;not_materials_primary_headline
materials_discovery,ALIGNN-FF WBM,materials_alignn_exact_stable_alpha010_K500,500,0.1,9,parc_m_evidence_targeted,0.1,109485,10948,4263,0.38938618925831203,69,0.0,True,False,0.31,1.0,0.14492753623188406,0.14492753623188406,0.406,1.804616524536483,164.0560476851348,10.0,16.795043042490903,72.46376811594203,0.9924036896364623,,materials_t0_active_audit_emulation;existing_public_WBM_labels_only;t1_current_MP_used_only_as_utility_audit;not_prospective_materials_discovery;not_DFT_evidence;not_materials_primary_headline
materials_discovery,ALIGNN-FF WBM,materials_alignn_exact_stable_alpha010_K300,300,0.1,9,parc_m_evidence_targeted,0.2,109485,21897,8708,0.39768004749509067,109,0.06422018348623854,True,False,0.21666666666666667,1.0,0.1834862385321101,0.1834862385321101,0.31,3.7587969581256298,163.42595470111434,10.0,2.0760380227500725,27.522935779816514,0.9880629408572978,,materials_t0_active_audit_emulation;existing_public_WBM_labels_only;t1_current_MP_used_only_as_utility_audit;not_prospective_materials_discovery;not_DFT_evidence;not_materials_primary_headline
materials_discovery,ALIGNN-FF WBM,materials_alignn_exact_stable_alpha010_K500,500,0.1,9,parc_m_evidence_targeted,0.2,109485,21897,8708,0.39768004749509067,84,0.047619047619047616,True,False,0.31,1.0,0.16666666666666666,0.16666666666666666,0.406,2.255278174875378,163.42595470111434,10.0,2.7608796720437,59.52380952380952,0.9880629408572978,,materials_t0_active_audit_emulation;existing_public_WBM_labels_only;t1_current_MP_used_only_as_utility_audit;not_prospective_materials_discovery;not_DFT_evidence;not_materials_primary_headline
materials_discovery,ALIGNN-FF WBM,materials_alignn_exact_stable_alpha010_K300,300,0.1,9,chgnet_mace_support_targeted,0.0,109485,0,0,0.0,0,0.0,False,False,0.21666666666666667,0.0,0.0,0.0,0.31,0.2851449454041338,165.15801559604097,10.0,-7.250812736283884,,1.0,insufficient_high_e_mass_for_uniform_scs,materials_t0_active_audit_emulation;existing_public_WBM_labels_only;t1_current_MP_used_only_as_utility_audit;not_prospective_materials_discovery;not_DFT_evidence;not_materials_primary_headline
materials_discovery,ALIGNN-FF WBM,materials_alignn_exact_stable_alpha010_K500,500,0.1,9,chgnet_mace_support_targeted,0.0,109485,0,0,0.0,0,0.0,False,False,0.31,0.0,0.0,0.0,0.406,0.2010052641179882,165.15801559604097,10.0,-8.008289213904323,,1.0,insufficient_high_e_mass_for_uniform_scs,materials_t0_active_audit_emulation;existing_public_WBM_labels_only;t1_current_MP_used_only_as_utility_audit;not_prospective_materials_discovery;not_DFT_evidence;not_materials_primary_headline
materials_discovery,ALIGNN-FF WBM,materials_alignn_exact_stable_alpha010_K300,300,0.1,9,chgnet_mace_support_targeted,0.005,109485,547,118,0.21572212065813529,0,0.0,False,False,0.21666666666666667,0.0,0.0,0.0,0.31,0.3019505966510554,165.03998971386562,10.0,-7.108371461944952,,0.9991861096039066,insufficient_high_e_mass_for_uniform_scs,materials_t0_active_audit_emulation;existing_public_WBM_labels_only;t1_current_MP_used_only_as_utility_audit;not_prospective_materials_discovery;not_DFT_evidence;not_materials_primary_headline
materials_discovery,ALIGNN-FF WBM,materials_alignn_exact_stable_alpha010_K500,500,0.1,9,chgnet_mace_support_targeted,0.005,109485,547,118,0.21572212065813529,0,0.0,False,False,0.31,0.0,0.0,0.0,0.406,0.20573220027534755,165.03998971386562,10.0,-7.962740842413774,,0.9991861096039066,insufficient_high_e_mass_for_uniform_scs,materials_t0_active_audit_emulation;existing_public_WBM_labels_only;t1_current_MP_used_only_as_utility_audit;not_prospective_materials_discovery;not_DFT_evidence;not_materials_primary_headline
materials_discovery,ALIGNN-FF WBM,materials_alignn_exact_stable_alpha010_K300,300,0.1,9,chgnet_mace_support_targeted,0.01,109485,1095,227,0.20730593607305936,0,0.0,False,False,0.21666666666666667,0.0,0.0,0.0,0.31,0.3048620642907361,164.961300192067,10.0,-7.084018722724434,,0.9986435160065111,insufficient_high_e_mass_for_uniform_scs,materials_t0_active_audit_emulation;existing_public_WBM_labels_only;t1_current_MP_used_only_as_utility_audit;not_prospective_materials_discovery;not_DFT_evidence;not_materials_primary_headline
materials_discovery,ALIGNN-FF WBM,materials_alignn_exact_stable_alpha010_K500,500,0.1,9,chgnet_mace_support_targeted,0.01,109485,1095,227,0.20730593607305936,0,0.0,False,False,0.31,0.0,0.0,0.0,0.406,0.20689597670034895,164.961300192067,10.0,-7.951551496018495,,0.9986435160065111,insufficient_high_e_mass_for_uniform_scs,materials_t0_active_audit_emulation;existing_public_WBM_labels_only;t1_current_MP_used_only_as_utility_audit;not_prospective_materials_discovery;not_DFT_evidence;not_materials_primary_headline
materials_discovery,ALIGNN-FF WBM,materials_alignn_exact_stable_alpha010_K300,300,0.1,9,chgnet_mace_support_targeted,0.02,109485,2190,372,0.16986301369863013,0,0.0,False,False,0.21666666666666667,0.0,0.0,0.0,0.31,0.30479483271430263,164.9219537499643,10.0,-7.084660269748479,,0.9983722192078134,insufficient_high_e_mass_for_uniform_scs,materials_t0_active_audit_emulation;existing_public_WBM_labels_only;t1_current_MP_used_only_as_utility_audit;not_prospective_materials_discovery;not_DFT_evidence;not_materials_primary_headline
materials_discovery,ALIGNN-FF WBM,materials_alignn_exact_stable_alpha010_K500,500,0.1,9,chgnet_mace_support_targeted,0.02,109485,2190,372,0.16986301369863013,0,0.0,False,False,0.31,0.0,0.0,0.0,0.406,0.20685076962980395,164.9219537499643,10.0,-7.939768692275896,,0.9983722192078134,insufficient_high_e_mass_for_uniform_scs,materials_t0_active_audit_emulation;existing_public_WBM_labels_only;t1_current_MP_used_only_as_utility_audit;not_prospective_materials_discovery;not_DFT_evidence;not_materials_primary_headline
materials_discovery,ALIGNN-FF WBM,materials_alignn_exact_stable_alpha010_K300,300,0.1,9,chgnet_mace_support_targeted,0.05,109485,5474,1830,0.3343076360979174,109,0.06422018348623854,True,False,0.21666666666666667,1.0,0.1834862385321101,0.1834862385321101,0.31,3.7832485824176487,164.4890688007673,10.0,2.262225433788956,27.522935779816514,0.9953879544221378,,materials_t0_active_audit_emulation;existing_public_WBM_labels_only;t1_current_MP_used_only_as_utility_audit;not_prospective_materials_discovery;not_DFT_evidence;not_materials_primary_headline
materials_discovery,ALIGNN-FF WBM,materials_alignn_exact_stable_alpha010_K500,500,0.1,9,chgnet_mace_support_targeted,0.05,109485,5474,1830,0.3343076360979174,84,0.047619047619047616,True,False,0.31,1.0,0.16666666666666666,0.16666666666666666,0.406,2.2699491494505892,164.4890688007673,10.0,3.1584972936262474,59.52380952380952,0.9953879544221378,,materials_t0_active_audit_emulation;existing_public_WBM_labels_only;t1_current_MP_used_only_as_utility_audit;not_prospective_materials_discovery;not_DFT_evidence;not_materials_primary_headline
materials_discovery,ALIGNN-FF WBM,materials_alignn_exact_stable_alpha010_K300,300,0.1,9,chgnet_mace_support_targeted,0.1,109485,10948,3882,0.3545853123858239,109,0.06422018348623854,True,False,0.21666666666666667,1.0,0.1834862385321101,0.1834862385321101,0.31,3.773289096758101,164.0560476851348,10.0,2.1863920432219004,27.522935779816514,0.9924036896364623,,materials_t0_active_audit_emulation;existing_public_WBM_labels_only;t1_current_MP_used_only_as_utility_audit;not_prospective_materials_discovery;not_DFT_evidence;not_materials_primary_headline
materials_discovery,ALIGNN-FF WBM,materials_alignn_exact_stable_alpha010_K500,500,0.1,9,chgnet_mace_support_targeted,0.1,109485,10948,3882,0.3545853123858239,84,0.047619047619047616,True,False,0.31,1.0,0.16666666666666666,0.16666666666666666,0.406,2.2639734580548607,164.0560476851348,10.0,2.9965461559206403,59.52380952380952,0.9924036896364623,,materials_t0_active_audit_emulation;existing_public_WBM_labels_only;t1_current_MP_used_only_as_utility_audit;not_prospective_materials_discovery;not_DFT_evidence;not_materials_primary_headline
materials_discovery,ALIGNN-FF WBM,materials_alignn_exact_stable_alpha010_K300,300,0.1,9,chgnet_mace_support_targeted,0.2,109485,21897,7871,0.35945563319176144,109,0.06422018348623854,True,False,0.21666666666666667,1.0,0.1834862385321101,0.1834862385321101,0.31,3.7569849714670864,163.347172672482,10.0,2.062239514048205,27.522935779816514,0.9875203472599023,,materials_t0_active_audit_emulation;existing_public_WBM_labels_only;t1_current_MP_used_only_as_utility_audit;not_prospective_materials_discovery;not_DFT_evidence;not_materials_primary_headline
materials_discovery,ALIGNN-FF WBM,materials_alignn_exact_stable_alpha010_K500,500,0.1,9,chgnet_mace_support_targeted,0.2,109485,21897,7871,0.35945563319176144,84,0.047619047619047616,True,False,0.31,1.0,0.16666666666666666,0.16666666666666666,0.406,2.2541909828802518,163.347172672482,10.0,2.731412901498345,59.52380952380952,0.9875203472599023,,materials_t0_active_audit_emulation;existing_public_WBM_labels_only;t1_current_MP_used_only_as_utility_audit;not_prospective_materials_discovery;not_DFT_evidence;not_materials_primary_headline
materials_discovery,ALIGNN-FF WBM,materials_alignn_exact_stable_alpha010_K300,300,0.1,9,mass_gain,0.0,109485,0,0,0.0,0,0.0,False,False,0.21666666666666667,0.0,0.0,0.0,0.31,0.2851449454041338,165.15801559604097,10.0,-7.250812736283884,,1.0,insufficient_high_e_mass_for_uniform_scs,materials_t0_active_audit_emulation;existing_public_WBM_labels_only;t1_current_MP_used_only_as_utility_audit;not_prospective_materials_discovery;not_DFT_evidence;not_materials_primary_headline
materials_discovery,ALIGNN-FF WBM,materials_alignn_exact_stable_alpha010_K500,500,0.1,9,mass_gain,0.0,109485,0,0,0.0,0,0.0,False,False,0.31,0.0,0.0,0.0,0.406,0.2010052641179882,165.15801559604097,10.0,-8.008289213904323,,1.0,insufficient_high_e_mass_for_uniform_scs,materials_t0_active_audit_emulation;existing_public_WBM_labels_only;t1_current_MP_used_only_as_utility_audit;not_prospective_materials_discovery;not_DFT_evidence;not_materials_primary_headline
materials_discovery,ALIGNN-FF WBM,materials_alignn_exact_stable_alpha010_K300,300,0.1,9,mass_gain,0.005,109485,547,360,0.6581352833638026,0,0.0,False,False,0.21666666666666667,0.0,0.0,0.0,0.31,0.6868022227966915,164.9219537499643,10.0,-5.6641191530398025,,0.9983722192078134,insufficient_high_e_mass_for_uniform_scs,materials_t0_active_audit_emulation;existing_public_WBM_labels_only;t1_current_MP_used_only_as_utility_audit;not_prospective_materials_discovery;not_DFT_evidence;not_materials_primary_headline
materials_discovery,ALIGNN-FF WBM,materials_alignn_exact_stable_alpha010_K500,500,0.1,9,mass_gain,0.005,109485,547,360,0.6581352833638026,0,0.0,False,False,0.31,0.0,0.0,0.0,0.406,0.41208133367801486,164.9219537499643,10.0,-7.204367479807184,,0.9983722192078134,insufficient_high_e_mass_for_uniform_scs,materials_t0_active_audit_emulation;existing_public_WBM_labels_only;t1_current_MP_used_only_as_utility_audit;not_prospective_materials_discovery;not_DFT_evidence;not_materials_primary_headline
materials_discovery,ALIGNN-FF WBM,materials_alignn_exact_stable_alpha010_K300,300,0.1,9,mass_gain,0.01,109485,1095,592,0.5406392694063927,0,0.0,False,False,0.21666666666666667,0.0,0.0,0.0,0.31,0.6863267833696268,164.80390769444054,10.0,-5.667005524846675,,0.99755832881172,insufficient_high_e_mass_for_uniform_scs,materials_t0_active_audit_emulation;existing_public_WBM_labels_only;t1_current_MP_used_only_as_utility_audit;not_prospective_materials_discovery;not_DFT_evidence;not_materials_primary_headline
materials_discovery,ALIGNN-FF WBM,materials_alignn_exact_stable_alpha010_K500,500,0.1,9,mass_gain,0.01,109485,1095,592,0.5406392694063927,0,0.0,False,False,0.31,0.0,0.0,0.0,0.406,0.4117960700217761,164.80390769444054,10.0,-7.206225127618101,,0.99755832881172,insufficient_high_e_mass_for_uniform_scs,materials_t0_active_audit_emulation;existing_public_WBM_labels_only;t1_current_MP_used_only_as_utility_audit;not_prospective_materials_discovery;not_DFT_evidence;not_materials_primary_headline
materials_discovery,ALIGNN-FF WBM,materials_alignn_exact_stable_alpha010_K300,300,0.1,9,mass_gain,0.02,109485,2190,1037,0.4735159817351598,0,0.0,False,False,0.21666666666666667,0.0,0.0,0.0,0.31,0.6841074246759694,164.25289237652456,10.0,-5.680479834774726,,0.9937601736299512,insufficient_high_e_mass_for_uniform_scs,materials_t0_active_audit_emulation;existing_public_WBM_labels_only;t1_current_MP_used_only_as_utility_audit;not_prospective_materials_discovery;not_DFT_evidence;not_materials_primary_headline
materials_discovery,ALIGNN-FF WBM,materials_alignn_exact_stable_alpha010_K500,500,0.1,9,mass_gain,0.02,109485,2190,1037,0.4735159817351598,0,0.0,False,False,0.31,0.0,0.0,0.0,0.406,0.41046445480558164,164.25289237652456,10.0,-7.214897190762911,,0.9937601736299512,insufficient_high_e_mass_for_uniform_scs,materials_t0_active_audit_emulation;existing_public_WBM_labels_only;t1_current_MP_used_only_as_utility_audit;not_prospective_materials_discovery;not_DFT_evidence;not_materials_primary_headline
materials_discovery,ALIGNN-FF WBM,materials_alignn_exact_stable_alpha010_K300,300,0.1,9,mass_gain,0.05,109485,5474,2042,0.3730361709901352,76,0.0,True,False,0.21666666666666667,1.0,0.14473684210526316,0.14473684210526316,0.31,1.1408054857932202,163.26838609926946,10.0,0.26174513683109524,39.473684210526315,0.9869777536625067,,materials_t0_active_audit_emulation;existing_public_WBM_labels_only;t1_current_MP_used_only_as_utility_audit;not_prospective_materials_discovery;not_DFT_evidence;not_materials_primary_headline
materials_discovery,ALIGNN-FF WBM,materials_alignn_exact_stable_alpha010_K500,500,0.1,9,mass_gain,0.05,109485,5474,2042,0.3730361709901352,0,0.0,False,False,0.31,0.0,0.0,0.0,0.406,0.6844832914759321,163.26838609926946,10.0,-6.498699199015341,,0.9869777536625067,insufficient_high_e_mass_for_uniform_scs,materials_t0_active_audit_emulation;existing_public_WBM_labels_only;t1_current_MP_used_only_as_utility_audit;not_prospective_materials_discovery;not_DFT_evidence;not_materials_primary_headline
materials_discovery,ALIGNN-FF WBM,materials_alignn_exact_stable_alpha010_K300,300,0.1,9,mass_gain,0.1,109485,10948,3432,0.3134819145049324,106,0.05660377358490566,True,False,0.21666666666666667,1.0,0.1792452830188679,0.1792452830188679,0.31,1.424751268628984,162.51968641606186,10.0,1.1383468040546703,28.301886792452827,0.981823114487249,,materials_t0_active_audit_emulation;existing_public_WBM_labels_only;t1_current_MP_used_only_as_utility_audit;not_prospective_materials_discovery;not_DFT_evidence;not_materials_primary_headline
materials_discovery,ALIGNN-FF WBM,materials_alignn_exact_stable_alpha010_K500,500,0.1,9,mass_gain,0.1,109485,10948,3432,0.3134819145049324,0,0.0,False,False,0.31,0.0,0.0,0.0,0.406,0.8548507611773903,162.51968641606186,10.0,-6.169072775047797,,0.981823114487249,insufficient_high_e_mass_for_uniform_scs,materials_t0_active_audit_emulation;existing_public_WBM_labels_only;t1_current_MP_used_only_as_utility_audit;not_prospective_materials_discovery;not_DFT_evidence;not_materials_primary_headline
materials_discovery,ALIGNN-FF WBM,materials_alignn_exact_stable_alpha010_K300,300,0.1,9,mass_gain,0.2,109485,21897,6056,0.27656756633328766,106,0.05660377358490566,True,False,0.21666666666666667,1.0,0.1792452830188679,0.1792452830188679,0.31,1.7661099910415297,162.28316925379025,10.0,1.0969155896374012,28.301886792452827,0.9801953336950624,,materials_t0_active_audit_emulation;existing_public_WBM_labels_only;t1_current_MP_used_only_as_utility_audit;not_prospective_materials_discovery;not_DFT_evidence;not_materials_primary_headline
materials_discovery,ALIGNN-FF WBM,materials_alignn_exact_stable_alpha010_K500,500,0.1,9,mass_gain,0.2,109485,21897,6056,0.27656756633328766,60,0.0,True,False,0.31,1.0,0.15,0.15,0.406,1.0596659946249178,162.28316925379025,10.0,4.972166218743155,83.33333333333333,0.9801953336950624,,materials_t0_active_audit_emulation;existing_public_WBM_labels_only;t1_current_MP_used_only_as_utility_audit;not_prospective_materials_discovery;not_DFT_evidence;not_materials_primary_headline
materials_discovery,ALIGNN-FF WBM,materials_alignn_exact_stable_alpha010_K300,300,0.1,10,random,0.0,106839,0,0,0.0,0,0.0,False,False,0.24333333333333335,0.0,0.0,0.0,0.44333333333333336,0.4514072231408768,89.85131832062358,10.0,-6.762676397173783,,1.0,insufficient_high_e_mass_for_uniform_scs,materials_t0_active_audit_emulation;existing_public_WBM_labels_only;t1_current_MP_used_only_as_utility_audit;not_prospective_materials_discovery;not_DFT_evidence;not_materials_primary_headline
materials_discovery,ALIGNN-FF WBM,materials_alignn_exact_stable_alpha010_K500,500,0.1,10,random,0.0,106839,0,0,0.0,0,0.0,False,False,0.306,0.0,0.0,0.0,0.51,0.27084433388452606,89.85131832062358,10.0,-7.776868771393486,,1.0,insufficient_high_e_mass_for_uniform_scs,materials_t0_active_audit_emulation;existing_public_WBM_labels_only;t1_current_MP_used_only_as_utility_audit;not_prospective_materials_discovery;not_DFT_evidence;not_materials_primary_headline
materials_discovery,ALIGNN-FF WBM,materials_alignn_exact_stable_alpha010_K300,300,0.1,10,random,0.005,106839,534,68,0.12734082397003746,0,0.0,False,False,0.24333333333333335,0.0,0.0,0.0,0.44333333333333336,0.4514072231408768,89.85131832062358,10.0,-6.762676397173783,,1.0,insufficient_high_e_mass_for_uniform_scs,materials_t0_active_audit_emulation;existing_public_WBM_labels_only;t1_current_MP_used_only_as_utility_audit;not_prospective_materials_discovery;not_DFT_evidence;not_materials_primary_headline
materials_discovery,ALIGNN-FF WBM,materials_alignn_exact_stable_alpha010_K500,500,0.1,10,random,0.005,106839,534,68,0.12734082397003746,0,0.0,False,False,0.306,0.0,0.0,0.0,0.51,0.27084433388452606,89.85131832062358,10.0,-7.776868771393486,,1.0,insufficient_high_e_mass_for_uniform_scs,materials_t0_active_audit_emulation;existing_public_WBM_labels_only;t1_current_MP_used_only_as_utility_audit;not_prospective_materials_discovery;not_DFT_evidence;not_materials_primary_headline
materials_discovery,ALIGNN-FF WBM,materials_alignn_exact_stable_alpha010_K300,300,0.1,10,random,0.01,106839,1068,158,0.14794007490636704,0,0.0,False,False,0.24333333333333335,0.0,0.0,0.0,0.44333333333333336,0.4514072231408768,89.85131832062358,10.0,-6.762676397173783,,1.0,insufficient_high_e_mass_for_uniform_scs,materials_t0_active_audit_emulation;existing_public_WBM_labels_only;t1_current_MP_used_only_as_utility_audit;not_prospective_materials_discovery;not_DFT_evidence;not_materials_primary_headline
materials_discovery,ALIGNN-FF WBM,materials_alignn_exact_stable_alpha010_K500,500,0.1,10,random,0.01,106839,1068,158,0.14794007490636704,0,0.0,False,False,0.306,0.0,0.0,0.0,0.51,0.27084433388452606,89.85131832062358,10.0,-7.776868771393486,,1.0,insufficient_high_e_mass_for_uniform_scs,materials_t0_active_audit_emulation;existing_public_WBM_labels_only;t1_current_MP_used_only_as_utility_audit;not_prospective_materials_discovery;not_DFT_evidence;not_materials_primary_headline
materials_discovery,ALIGNN-FF WBM,materials_alignn_exact_stable_alpha010_K300,300,0.1,10,random,0.02,106839,2137,325,0.1520823584464202,0,0.0,False,False,0.24333333333333335,0.0,0.0,0.0,0.44333333333333336,0.4514072231408768,89.85131832062358,10.0,-6.762676397173783,,1.0,insufficient_high_e_mass_for_uniform_scs,materials_t0_active_audit_emulation;existing_public_WBM_labels_only;t1_current_MP_used_only_as_utility_audit;not_prospective_materials_discovery;not_DFT_evidence;not_materials_primary_headline
materials_discovery,ALIGNN-FF WBM,materials_alignn_exact_stable_alpha010_K500,500,0.1,10,random,0.02,106839,2137,325,0.1520823584464202,0,0.0,False,False,0.306,0.0,0.0,0.0,0.51,0.27084433388452606,89.85131832062358,10.0,-7.7623049806532,,1.0,insufficient_high_e_mass_for_uniform_scs,materials_t0_active_audit_emulation;existing_public_WBM_labels_only;t1_current_MP_used_only_as_utility_audit;not_prospective_materials_discovery;not_DFT_evidence;not_materials_primary_headline
materials_discovery,ALIGNN-FF WBM,materials_alignn_exact_stable_alpha010_K300,300,0.1,10,random,0.05,106839,5342,795,0.14882066641707226,0,0.0,False,False,0.24333333333333335,0.0,0.0,0.0,0.44333333333333336,0.45130435312299,89.83016605842151,10.0,-6.730739679593381,,0.9997287032013022,insufficient_high_e_mass_for_uniform_scs,materials_t0_active_audit_emulation;existing_public_WBM_labels_only;t1_current_MP_used_only_as_utility_audit;not_prospective_materials_discovery;not_DFT_evidence;not_materials_primary_headline
materials_discovery,ALIGNN-FF WBM,materials_alignn_exact_stable_alpha010_K500,500,0.1,10,random,0.05,106839,5342,795,0.14882066641707226,0,0.0,False,False,0.306,0.0,0.0,0.0,0.51,0.270782611873794,89.83016605842151,10.0,-7.748027858994062,,0.9997287032013022,insufficient_high_e_mass_for_uniform_scs,materials_t0_active_audit_emulation;existing_public_WBM_labels_only;t1_current_MP_used_only_as_utility_audit;not_prospective_materials_discovery;not_DFT_evidence;not_materials_primary_headline
materials_discovery,ALIGNN-FF WBM,materials_alignn_exact_stable_alpha010_K300,300,0.1,10,random,0.1,106839,10684,1571,0.14704230625233994,0,0.0,False,False,0.24333333333333335,0.0,0.0,0.0,0.44333333333333336,0.45120147944544686,89.80901315303896,10.0,-6.731459900681704,,0.9994574064026045,insufficient_high_e_mass_for_uniform_scs,materials_t0_active_audit_emulation;existing_public_WBM_labels_only;t1_current_MP_used_only_as_utility_audit;not_prospective_materials_discovery;not_DFT_evidence;not_materials_primary_headline
materials_discovery,ALIGNN-FF WBM,materials_alignn_exact_stable_alpha010_K500,500,0.1,10,random,0.1,106839,10684,1571,0.14704230625233994,0,0.0,False,False,0.306,0.0,0.0,0.0,0.51,0.27072088766726815,89.80901315303896,10.0,-7.733547385131562,,0.9994574064026045,insufficient_high_e_mass_for_uniform_scs,materials_t0_active_audit_emulation;existing_public_WBM_labels_only;t1_current_MP_used_only_as_utility_audit;not_prospective_materials_discovery;not_DFT_evidence;not_materials_primary_headline
materials_discovery,ALIGNN-FF WBM,materials_alignn_exact_stable_alpha010_K300,300,0.1,10,random,0.2,106839,21368,3135,0.14671471359041557,0,0.0,False,False,0.24333333333333335,0.0,0.0,0.0,0.44333333333333336,0.45068705611958193,89.70323897098292,10.0,-6.632877931781181,,0.9981009224091155,insufficient_high_e_mass_for_uniform_scs,materials_t0_active_audit_emulation;existing_public_WBM_labels_only;t1_current_MP_used_only_as_utility_audit;not_prospective_materials_discovery;not_DFT_evidence;not_materials_primary_headline
materials_discovery,ALIGNN-FF WBM,materials_alignn_exact_stable_alpha010_K500,500,0.1,10,random,0.2,106839,21368,3135,0.14671471359041557,0,0.0,False,False,0.306,0.0,0.0,0.0,0.51,0.27041223367174916,89.70323897098292,10.0,-7.64161749642969,,0.9981009224091155,insufficient_high_e_mass_for_uniform_scs,materials_t0_active_audit_emulation;existing_public_WBM_labels_only;t1_current_MP_used_only_as_utility_audit;not_prospective_materials_discovery;not_DFT_evidence;not_materials_primary_headline
materials_discovery,ALIGNN-FF WBM,materials_alignn_exact_stable_alpha010_K300,300,0.1,10,raw_score_targeted,0.0,106839,0,0,0.0,0,0.0,False,False,0.24333333333333335,0.0,0.0,0.0,0.44333333333333336,0.4514072231408768,89.85131832062358,10.0,-6.762676397173783,,1.0,insufficient_high_e_mass_for_uniform_scs,materials_t0_active_audit_emulation;existing_public_WBM_labels_only;t1_current_MP_used_only_as_utility_audit;not_prospective_materials_discovery;not_DFT_evidence;not_materials_primary_headline
materials_discovery,ALIGNN-FF WBM,materials_alignn_exact_stable_alpha010_K500,500,0.1,10,raw_score_targeted,0.0,106839,0,0,0.0,0,0.0,False,False,0.306,0.0,0.0,0.0,0.51,0.27084433388452606,89.85131832062358,10.0,-7.776868771393486,,1.0,insufficient_high_e_mass_for_uniform_scs,materials_t0_active_audit_emulation;existing_public_WBM_labels_only;t1_current_MP_used_only_as_utility_audit;not_prospective_materials_discovery;not_DFT_evidence;not_materials_primary_headline
materials_discovery,ALIGNN-FF WBM,materials_alignn_exact_stable_alpha010_K300,300,0.1,10,raw_score_targeted,0.005,106839,534,338,0.6329588014981273,126,0.12698412698412698,False,True,0.24333333333333335,1.0,0.3968253968253968,0.3968253968253968,0.44333333333333336,4.451830367037397,164.88260618657026,10.0,0.1320211441254635,23.809523809523807,0.9981009224091155,,materials_t0_active_audit_emulation;existing_public_WBM_labels_only;t1_current_MP_used_only_as_utility_audit;not_prospective_materials_discovery;not_DFT_evidence;not_materials_primary_headline
materials_discovery,ALIGNN-FF WBM,materials_alignn_exact_stable_alpha010_K500,500,0.1,10,raw_score_targeted,0.005,106839,534,338,0.6329588014981273,91,0.03296703296703297,True,False,0.306,1.0,0.34065934065934067,0.34065934065934067,0.51,2.6710982202224383,164.88260618657026,10.0,7.884431190760473,54.94505494505495,0.9981009224091155,,materials_t0_active_audit_emulation;existing_public_WBM_labels_only;t1_current_MP_used_only_as_utility_audit;not_prospective_materials_discovery;not_DFT_evidence;not_materials_primary_headline
materials_discovery,ALIGNN-FF WBM,materials_alignn_exact_stable_alpha010_K300,300,0.1,10,raw_score_targeted,0.01,106839,1068,599,0.5608614232209738,126,0.12698412698412698,False,True,0.24333333333333335,1.0,0.3968253968253968,0.3968253968253968,0.44333333333333336,4.448643032654191,164.76455676497005,10.0,0.11551594662670084,23.809523809523807,0.9972870320130223,,materials_t0_active_audit_emulation;existing_public_WBM_labels_only;t1_current_MP_used_only_as_utility_audit;not_prospective_materials_discovery;not_DFT_evidence;not_materials_primary_headline
materials_discovery,ALIGNN-FF WBM,materials_alignn_exact_stable_alpha010_K500,500,0.1,10,raw_score_targeted,0.01,106839,1068,599,0.5608614232209738,91,0.03296703296703297,True,False,0.306,1.0,0.34065934065934067,0.34065934065934067,0.51,2.669185819592515,164.76455676497005,10.0,7.840282284320708,54.94505494505495,0.9972870320130223,,materials_t0_active_audit_emulation;existing_public_WBM_labels_only;t1_current_MP_used_only_as_utility_audit;not_prospective_materials_discovery;not_DFT_evidence;not_materials_primary_headline
materials_discovery,ALIGNN-FF WBM,materials_alignn_exact_stable_alpha010_K300,300,0.1,10,raw_score_targeted,0.02,106839,2137,1102,0.5156761815629387,126,0.12698412698412698,False,True,0.24333333333333335,1.0,0.3968253968253968,0.3968253968253968,0.44333333333333336,4.445455425440147,164.64649723852398,10.0,0.09900903253203097,23.809523809523807,0.9964731416169289,,materials_t0_active_audit_emulation;existing_public_WBM_labels_only;t1_current_MP_used_only_as_utility_audit;not_prospective_materials_discovery;not_DFT_evidence;not_materials_primary_headline
materials_discovery,ALIGNN-FF WBM,materials_alignn_exact_stable_alpha010_K500,500,0.1,10,raw_score_targeted,0.02,106839,2137,1102,0.5156761815629387,91,0.03296703296703297,True,False,0.306,1.0,0.34065934065934067,0.34065934065934067,0.51,2.6672732552640883,164.64649723852398,10.0,7.796129189106139,54.94505494505495,0.9964731416169289,,materials_t0_active_audit_emulation;existing_public_WBM_labels_only;t1_current_MP_used_only_as_utility_audit;not_prospective_materials_discovery;not_DFT_evidence;not_materials_primary_headline
materials_discovery,ALIGNN-FF WBM,materials_alignn_exact_stable_alpha010_K300,300,0.1,10,raw_score_targeted,0.05,106839,5342,2388,0.44702358667165853,126,0.12698412698412698,False,True,0.24333333333333335,1.0,0.3968253968253968,0.3968253968253968,0.44333333333333336,4.4327022629016355,164.17415788524576,10.0,0.03296417538047791,23.809523809523807,0.9932175800325557,,materials_t0_active_audit_emulation;existing_public_WBM_labels_only;t1_current_MP_used_only_as_utility_audit;not_prospective_materials_discovery;not_DFT_evidence;not_materials_primary_headline
materials_discovery,ALIGNN-FF WBM,materials_alignn_exact_stable_alpha010_K500,500,0.1,10,raw_score_targeted,0.05,106839,5342,2388,0.44702358667165853,91,0.03296703296703297,True,False,0.306,1.0,0.34065934065934067,0.34065934065934067,0.51,2.6596213577409813,164.17415788524576,10.0,7.619474836689214,54.94505494505495,0.9932175800325557,,materials_t0_active_audit_emulation;existing_public_WBM_labels_only;t1_current_MP_used_only_as_utility_audit;not_prospective_materials_discovery;not_DFT_evidence;not_materials_primary_headline
materials_discovery,ALIGNN-FF WBM,materials_alignn_exact_stable_alpha010_K300,300,0.1,10,raw_score_targeted,0.1,106839,10684,3967,0.37130288281542495,121,0.11570247933884298,False,True,0.24333333333333335,1.0,0.39669421487603307,0.39669421487603307,0.44333333333333336,4.4135642883281045,163.46534401215203,10.0,1.5370073457480338,24.793388429752063,0.9883342376559957,,materials_t0_active_audit_emulation;existing_public_WBM_labels_only;t1_current_MP_used_only_as_utility_audit;not_prospective_materials_discovery;not_DFT_evidence;not_materials_primary_headline
materials_discovery,ALIGNN-FF WBM,materials_alignn_exact_stable_alpha010_K500,500,0.1,10,raw_score_targeted,0.1,106839,10684,3967,0.37130288281542495,91,0.03296703296703297,True,False,0.306,1.0,0.34065934065934067,0.34065934065934067,0.51,2.6481385729968627,163.46534401215203,10.0,7.354366929882779,54.94505494505495,0.9883342376559957,,materials_t0_active_audit_emulation;existing_public_WBM_labels_only;t1_current_MP_used_only_as_utility_audit;not_prospective_materials_discovery;not_DFT_evidence;not_materials_primary_headline
materials_discovery,ALIGNN-FF WBM,materials_alignn_exact_stable_alpha010_K300,300,0.1,10,raw_score_targeted,0.2,106839,21368,8105,0.3793055035567203,121,0.11570247933884298,False,True,0.24333333333333335,1.0,0.39669421487603307,0.39669421487603307,0.44333333333333336,4.393352319803867,162.71675258532844,10.0,1.4206665106827963,24.793388429752063,0.9831795984807379,,materials_t0_active_audit_emulation;existing_public_WBM_labels_only;t1_current_MP_used_only_as_utility_audit;not_prospective_materials_discovery;not_DFT_evidence;not_materials_primary_headline
materials_discovery,ALIGNN-FF WBM,materials_alignn_exact_stable_alpha010_K500,500,0.1,10,raw_score_targeted,0.2,106839,21368,8105,0.3793055035567203,91,0.03296703296703297,True,False,0.306,1.0,0.34065934065934067,0.34065934065934067,0.51,2.6360113918823203,162.71675258532844,10.0,7.074365377211734,54.94505494505495,0.9831795984807379,,materials_t0_active_audit_emulation;existing_public_WBM_labels_only;t1_current_MP_used_only_as_utility_audit;not_prospective_materials_discovery;not_DFT_evidence;not_materials_primary_headline
materials_discovery,ALIGNN-FF WBM,materials_alignn_exact_stable_alpha010_K300,300,0.1,10,parc_m_evidence_targeted,0.0,106839,0,0,0.0,0,0.0,False,False,0.24333333333333335,0.0,0.0,0.0,0.44333333333333336,0.4514072231408768,89.85131832062358,10.0,-6.762676397173783,,1.0,insufficient_high_e_mass_for_uniform_scs,materials_t0_active_audit_emulation;existing_public_WBM_labels_only;t1_current_MP_used_only_as_utility_audit;not_prospective_materials_discovery;not_DFT_evidence;not_materials_primary_headline
materials_discovery,ALIGNN-FF WBM,materials_alignn_exact_stable_alpha010_K500,500,0.1,10,parc_m_evidence_targeted,0.0,106839,0,0,0.0,0,0.0,False,False,0.306,0.0,0.0,0.0,0.51,0.27084433388452606,89.85131832062358,10.0,-7.776868771393486,,1.0,insufficient_high_e_mass_for_uniform_scs,materials_t0_active_audit_emulation;existing_public_WBM_labels_only;t1_current_MP_used_only_as_utility_audit;not_prospective_materials_discovery;not_DFT_evidence;not_materials_primary_headline
materials_discovery,ALIGNN-FF WBM,materials_alignn_exact_stable_alpha010_K300,300,0.1,10,parc_m_evidence_targeted,0.005,106839,534,329,0.6161048689138576,91,0.03296703296703297,True,False,0.24333333333333335,1.0,0.34065934065934067,0.34065934065934067,0.44333333333333336,4.015015707488969,165.00064551324527,10.0,1.2386435127100555,32.96703296703297,0.9989148128052089,,materials_t0_active_audit_emulation;existing_public_WBM_labels_only;t1_current_MP_used_only_as_utility_audit;not_prospective_materials_discovery;not_DFT_evidence;not_materials_primary_headline
materials_discovery,ALIGNN-FF WBM,materials_alignn_exact_stable_alpha010_K500,500,0.1,10,parc_m_evidence_targeted,0.005,106839,534,329,0.6161048689138576,81,0.0,True,False,0.306,1.0,0.32098765432098764,0.32098765432098764,0.51,2.409009424493381,165.00064551324527,10.0,28.03831035015468,61.7283950617284,0.9989148128052089,,materials_t0_active_audit_emulation;existing_public_WBM_labels_only;t1_current_MP_used_only_as_utility_audit;not_prospective_materials_discovery;not_DFT_evidence;not_materials_primary_headline
materials_discovery,ALIGNN-FF WBM,materials_alignn_exact_stable_alpha010_K300,300,0.1,10,parc_m_evidence_targeted,0.01,106839,1068,587,0.549625468164794,91,0.03296703296703297,True,False,0.24333333333333335,1.0,0.34065934065934067,0.34065934065934067,0.44333333333333336,4.013100874582465,164.9219537499643,10.0,1.2228237338949555,32.96703296703297,0.9983722192078134,,materials_t0_active_audit_emulation;existing_public_WBM_labels_only;t1_current_MP_used_only_as_utility_audit;not_prospective_materials_discovery;not_DFT_evidence;not_materials_primary_headline
materials_discovery,ALIGNN-FF WBM,materials_alignn_exact_stable_alpha010_K500,500,0.1,10,parc_m_evidence_targeted,0.01,106839,1068,587,0.549625468164794,81,0.0,True,False,0.306,1.0,0.32098765432098764,0.32098765432098764,0.51,2.407860524749479,164.9219537499643,10.0,27.99600003372715,61.7283950617284,0.9983722192078134,,materials_t0_active_audit_emulation;existing_public_WBM_labels_only;t1_current_MP_used_only_as_utility_audit;not_prospective_materials_discovery;not_DFT_evidence;not_materials_primary_headline
materials_discovery,ALIGNN-FF WBM,materials_alignn_exact_stable_alpha010_K300,300,0.1,10,parc_m_evidence_targeted,0.02,106839,2137,1093,0.5114646700982686,91,0.03296703296703297,True,False,0.24333333333333335,1.0,0.34065934065934067,0.34065934065934067,0.44333333333333336,4.01118593253694,164.84325750151808,10.0,1.2070028948277667,32.96703296703297,0.9978296256104178,,materials_t0_active_audit_emulation;existing_public_WBM_labels_only;t1_current_MP_used_only_as_utility_audit;not_prospective_materials_discovery;not_DFT_evidence;not_materials_primary_headline
materials_discovery,ALIGNN-FF WBM,materials_alignn_exact_stable_alpha010_K500,500,0.1,10,parc_m_evidence_targeted,0.02,106839,2137,1093,0.5114646700982686,81,0.0,True,False,0.306,1.0,0.32098765432098764,0.32098765432098764,0.51,2.406711559522164,164.84325750151808,10.0,27.953687140325435,61.7283950617284,0.9978296256104178,,materials_t0_active_audit_emulation;existing_public_WBM_labels_only;t1_current_MP_used_only_as_utility_audit;not_prospective_materials_discovery;not_DFT_evidence;not_materials_primary_headline
materials_discovery,ALIGNN-FF WBM,materials_alignn_exact_stable_alpha010_K300,300,0.1,10,parc_m_evidence_targeted,0.05,106839,5342,2367,0.44309247472856605,91,0.03296703296703297,True,False,0.24333333333333335,1.0,0.34065934065934067,0.34065934065934067,0.44333333333333336,4.005440450851223,164.60714181580366,10.0,1.1595340089958484,32.96703296703297,0.9962018448182312,,materials_t0_active_audit_emulation;existing_public_WBM_labels_only;t1_current_MP_used_only_as_utility_audit;not_prospective_materials_discovery;not_DFT_evidence;not_materials_primary_headline
materials_discovery,ALIGNN-FF WBM,materials_alignn_exact_stable_alpha010_K500,500,0.1,10,parc_m_evidence_targeted,0.05,106839,5342,2367,0.44309247472856605,81,0.0,True,False,0.306,1.0,0.32098765432098764,0.32098765432098764,0.51,2.403264270510734,164.60714181580366,10.0,27.82673298121977,61.7283950617284,0.9962018448182312,,materials_t0_active_audit_emulation;existing_public_WBM_labels_only;t1_current_MP_used_only_as_utility_audit;not_prospective_materials_discovery;not_DFT_evidence;not_materials_primary_headline
materials_discovery,ALIGNN-FF WBM,materials_alignn_exact_stable_alpha010_K300,300,0.1,10,parc_m_evidence_targeted,0.1,106839,10684,3948,0.36952452265069263,106,0.07547169811320754,True,False,0.24333333333333335,1.0,0.3584905660377358,0.3584905660377358,0.44333333333333336,3.992030493671614,164.0560476851348,10.0,1.4074410305855878,28.301886792452827,0.9924036896364623,,materials_t0_active_audit_emulation;existing_public_WBM_labels_only;t1_current_MP_used_only_as_utility_audit;not_prospective_materials_discovery;not_DFT_evidence;not_materials_primary_headline
materials_discovery,ALIGNN-FF WBM,materials_alignn_exact_stable_alpha010_K500,500,0.1,10,parc_m_evidence_targeted,0.1,106839,10684,3948,0.36952452265069263,81,0.0,True,False,0.306,1.0,0.32098765432098764,0.32098765432098764,0.51,2.3952182962029682,164.0560476851348,10.0,27.530416096704535,61.7283950617284,0.9924036896364623,,materials_t0_active_audit_emulation;existing_public_WBM_labels_only;t1_current_MP_used_only_as_utility_audit;not_prospective_materials_discovery;not_DFT_evidence;not_materials_primary_headline
materials_discovery,ALIGNN-FF WBM,materials_alignn_exact_stable_alpha010_K300,300,0.1,10,parc_m_evidence_targeted,0.2,106839,21368,8193,0.3834238113066267,121,0.11570247933884298,False,True,0.24333333333333335,1.0,0.39669421487603307,0.39669421487603307,0.44333333333333336,4.4103736621570135,163.347172672482,10.0,1.5186428489826014,24.793388429752063,0.9875203472599023,,materials_t0_active_audit_emulation;existing_public_WBM_labels_only;t1_current_MP_used_only_as_utility_audit;not_prospective_materials_discovery;not_DFT_evidence;not_materials_primary_headline
materials_discovery,ALIGNN-FF WBM,materials_alignn_exact_stable_alpha010_K500,500,0.1,10,parc_m_evidence_targeted,0.2,106839,21368,8193,0.3834238113066267,91,0.03296703296703297,True,False,0.306,1.0,0.34065934065934067,0.34065934065934067,0.51,2.646224197294208,163.347172672482,10.0,7.310167480252915,54.94505494505495,0.9875203472599023,,materials_t0_active_audit_emulation;existing_public_WBM_labels_only;t1_current_MP_used_only_as_utility_audit;not_prospective_materials_discovery;not_DFT_evidence;not_materials_primary_headline
materials_discovery,ALIGNN-FF WBM,materials_alignn_exact_stable_alpha010_K300,300,0.1,10,chgnet_mace_support_targeted,0.0,106839,0,0,0.0,0,0.0,False,False,0.24333333333333335,0.0,0.0,0.0,0.44333333333333336,0.4514072231408768,89.85131832062358,10.0,-6.762676397173783,,1.0,insufficient_high_e_mass_for_uniform_scs,materials_t0_active_audit_emulation;existing_public_WBM_labels_only;t1_current_MP_used_only_as_utility_audit;not_prospective_materials_discovery;not_DFT_evidence;not_materials_primary_headline
materials_discovery,ALIGNN-FF WBM,materials_alignn_exact_stable_alpha010_K500,500,0.1,10,chgnet_mace_support_targeted,0.0,106839,0,0,0.0,0,0.0,False,False,0.306,0.0,0.0,0.0,0.51,0.27084433388452606,89.85131832062358,10.0,-7.776868771393486,,1.0,insufficient_high_e_mass_for_uniform_scs,materials_t0_active_audit_emulation;existing_public_WBM_labels_only;t1_current_MP_used_only_as_utility_audit;not_prospective_materials_discovery;not_DFT_evidence;not_materials_primary_headline
materials_discovery,ALIGNN-FF WBM,materials_alignn_exact_stable_alpha010_K300,300,0.1,10,chgnet_mace_support_targeted,0.005,106839,534,120,0.2247191011235955,0,0.0,False,False,0.24333333333333335,0.0,0.0,0.0,0.44333333333333336,0.45130435312299,89.83016605842151,10.0,-6.55630410591774,,0.9997287032013022,insufficient_high_e_mass_for_uniform_scs,materials_t0_active_audit_emulation;existing_public_WBM_labels_only;t1_current_MP_used_only_as_utility_audit;not_prospective_materials_discovery;not_DFT_evidence;not_materials_primary_headline
materials_discovery,ALIGNN-FF WBM,materials_alignn_exact_stable_alpha010_K500,500,0.1,10,chgnet_mace_support_targeted,0.005,106839,534,120,0.2247191011235955,0,0.0,False,False,0.306,0.0,0.0,0.0,0.51,0.270782611873794,89.83016605842151,10.0,-7.686816651303425,,0.9997287032013022,insufficient_high_e_mass_for_uniform_scs,materials_t0_active_audit_emulation;existing_public_WBM_labels_only;t1_current_MP_used_only_as_utility_audit;not_prospective_materials_discovery;not_DFT_evidence;not_materials_primary_headline
materials_discovery,ALIGNN-FF WBM,materials_alignn_exact_stable_alpha010_K300,300,0.1,10,chgnet_mace_support_targeted,0.01,106839,1068,223,0.20880149812734083,0,0.0,False,False,0.24333333333333335,0.0,0.0,0.0,0.44333333333333336,0.4510986021070111,89.78785960426367,10.0,-6.520530011897466,,0.9991861096039066,insufficient_high_e_mass_for_uniform_scs,materials_t0_active_audit_emulation;existing_public_WBM_labels_only;t1_current_MP_used_only_as_utility_audit;not_prospective_materials_discovery;not_DFT_evidence;not_materials_primary_headline
materials_discovery,ALIGNN-FF WBM,materials_alignn_exact_stable_alpha010_K500,500,0.1,10,chgnet_mace_support_targeted,0.01,106839,1068,223,0.20880149812734083,0,0.0,False,False,0.306,0.0,0.0,0.0,0.51,0.27065916126420664,89.78785960426367,10.0,-7.6719719738099315,,0.9991861096039066,insufficient_high_e_mass_for_uniform_scs,materials_t0_active_audit_emulation;existing_public_WBM_labels_only;t1_current_MP_used_only_as_utility_audit;not_prospective_materials_discovery;not_DFT_evidence;not_materials_primary_headline
materials_discovery,ALIGNN-FF WBM,materials_alignn_exact_stable_alpha010_K300,300,0.1,10,chgnet_mace_support_targeted,0.02,106839,2137,344,0.1609733270940571,0,0.0,False,False,0.24333333333333335,0.0,0.0,0.0,0.44333333333333336,0.4505841604581071,89.68208220205383,10.0,-6.524369980949206,,0.9978296256104178,insufficient_high_e_mass_for_uniform_scs,materials_t0_active_audit_emulation;existing_public_WBM_labels_only;t1_current_MP_used_only_as_utility_audit;not_prospective_materials_discovery;not_DFT_evidence;not_materials_primary_headline
materials_discovery,ALIGNN-FF WBM,materials_alignn_exact_stable_alpha010_K500,500,0.1,10,chgnet_mace_support_targeted,0.02,106839,2137,344,0.1609733270940571,0,0.0,False,False,0.306,0.0,0.0,0.0,0.51,0.2703504962748643,89.68208220205383,10.0,-7.674519767895422,,0.9978296256104178,insufficient_high_e_mass_for_uniform_scs,materials_t0_active_audit_emulation;existing_public_WBM_labels_only;t1_current_MP_used_only_as_utility_audit;not_prospective_materials_discovery;not_DFT_evidence;not_materials_primary_headline
materials_discovery,ALIGNN-FF WBM,materials_alignn_exact_stable_alpha010_K300,300,0.1,10,chgnet_mace_support_targeted,0.05,106839,5342,1639,0.30681392736802693,126,0.12698412698412698,False,True,0.24333333333333335,1.0,0.3968253968253968,0.3968253968253968,0.44333333333333336,4.434828094166162,164.25289237652456,10.0,0.04397356556998844,23.809523809523807,0.9937601736299512,,materials_t0_active_audit_emulation;existing_public_WBM_labels_only;t1_current_MP_used_only_as_utility_audit;not_prospective_materials_discovery;not_DFT_evidence;not_materials_primary_headline
materials_discovery,ALIGNN-FF WBM,materials_alignn_exact_stable_alpha010_K500,500,0.1,10,chgnet_mace_support_targeted,0.05,106839,5342,1639,0.30681392736802693,91,0.03296703296703297,True,False,0.306,1.0,0.34065934065934067,0.34065934065934067,0.51,2.6608968564996975,164.25289237652456,10.0,7.648921899007227,54.94505494505495,0.9937601736299512,,materials_t0_active_audit_emulation;existing_public_WBM_labels_only;t1_current_MP_used_only_as_utility_audit;not_prospective_materials_discovery;not_DFT_evidence;not_materials_primary_headline
materials_discovery,ALIGNN-FF WBM,materials_alignn_exact_stable_alpha010_K300,300,0.1,10,chgnet_mace_support_targeted,0.1,106839,10684,3593,0.33629726694122053,121,0.11570247933884298,False,True,0.24333333333333335,1.0,0.39669421487603307,0.39669421487603307,0.44333333333333336,4.416754638689685,163.583505136655,10.0,1.555369931501474,24.793388429752063,0.989148128052089,,materials_t0_active_audit_emulation;existing_public_WBM_labels_only;t1_current_MP_used_only_as_utility_audit;not_prospective_materials_discovery;not_DFT_evidence;not_materials_primary_headline
materials_discovery,ALIGNN-FF WBM,materials_alignn_exact_stable_alpha010_K500,500,0.1,10,chgnet_mace_support_targeted,0.1,106839,10684,3593,0.33629726694122053,91,0.03296703296703297,True,False,0.306,1.0,0.34065934065934067,0.34065934065934067,0.51,2.6500527832138108,163.583505136655,10.0,7.398562144280241,54.94505494505495,0.989148128052089,,materials_t0_active_audit_emulation;existing_public_WBM_labels_only;t1_current_MP_used_only_as_utility_audit;not_prospective_materials_discovery;not_DFT_evidence;not_materials_primary_headline
materials_discovery,ALIGNN-FF WBM,materials_alignn_exact_stable_alpha010_K300,300,0.1,10,chgnet_mace_support_targeted,0.2,106839,21368,7370,0.3449082740546612,121,0.11570247933884298,False,True,0.24333333333333335,1.0,0.39669421487603307,0.39669421487603307,0.44333333333333336,4.395480418486523,162.79557105505643,10.0,1.4329165388469285,24.793388429752063,0.9837221920781335,,materials_t0_active_audit_emulation;existing_public_WBM_labels_only;t1_current_MP_used_only_as_utility_audit;not_prospective_materials_discovery;not_DFT_evidence;not_materials_primary_headline
materials_discovery,ALIGNN-FF WBM,materials_alignn_exact_stable_alpha010_K500,500,0.1,10,chgnet_mace_support_targeted,0.2,106839,21368,7370,0.3449082740546612,91,0.03296703296703297,True,False,0.306,1.0,0.34065934065934067,0.34065934065934067,0.51,2.637288251091914,162.79557105505643,10.0,7.103847257112228,54.94505494505495,0.9837221920781335,,materials_t0_active_audit_emulation;existing_public_WBM_labels_only;t1_current_MP_used_only_as_utility_audit;not_prospective_materials_discovery;not_DFT_evidence;not_materials_primary_headline
materials_discovery,ALIGNN-FF WBM,materials_alignn_exact_stable_alpha010_K300,300,0.1,10,mass_gain,0.0,106839,0,0,0.0,0,0.0,False,False,0.24333333333333335,0.0,0.0,0.0,0.44333333333333336,0.4514072231408768,89.85131832062358,10.0,-6.762676397173783,,1.0,insufficient_high_e_mass_for_uniform_scs,materials_t0_active_audit_emulation;existing_public_WBM_labels_only;t1_current_MP_used_only_as_utility_audit;not_prospective_materials_discovery;not_DFT_evidence;not_materials_primary_headline
materials_discovery,ALIGNN-FF WBM,materials_alignn_exact_stable_alpha010_K500,500,0.1,10,mass_gain,0.0,106839,0,0,0.0,0,0.0,False,False,0.306,0.0,0.0,0.0,0.51,0.27084433388452606,89.85131832062358,10.0,-7.776868771393486,,1.0,insufficient_high_e_mass_for_uniform_scs,materials_t0_active_audit_emulation;existing_public_WBM_labels_only;t1_current_MP_used_only_as_utility_audit;not_prospective_materials_discovery;not_DFT_evidence;not_materials_primary_headline
materials_discovery,ALIGNN-FF WBM,materials_alignn_exact_stable_alpha010_K300,300,0.1,10,mass_gain,0.005,106839,534,352,0.6591760299625468,0,0.0,False,False,0.24333333333333335,0.0,0.0,0.0,0.44333333333333336,0.949448528627258,164.88260618657026,10.0,-2.135977663636986,,0.9981009224091155,insufficient_high_e_mass_for_uniform_scs,materials_t0_active_audit_emulation;existing_public_WBM_labels_only;t1_current_MP_used_only_as_utility_audit;not_prospective_materials_discovery;not_DFT_evidence;not_materials_primary_headline
materials_discovery,ALIGNN-FF WBM,materials_alignn_exact_stable_alpha010_K500,500,0.1,10,mass_gain,0.005,106839,534,352,0.6591760299625468,0,0.0,False,False,0.306,0.0,0.0,0.0,0.51,0.5696691171763548,164.88260618657026,10.0,-6.828029133598118,,0.9981009224091155,insufficient_high_e_mass_for_uniform_scs,materials_t0_active_audit_emulation;existing_public_WBM_labels_only;t1_current_MP_used_only_as_utility_audit;not_prospective_materials_discovery;not_DFT_evidence;not_materials_primary_headline
materials_discovery,ALIGNN-FF WBM,materials_alignn_exact_stable_alpha010_K300,300,0.1,10,mass_gain,0.01,106839,1068,585,0.547752808988764,0,0.0,False,False,0.24333333333333335,0.0,0.0,0.0,0.44333333333333336,0.9476849350173734,164.56778526884978,10.0,-2.2104957034912687,,0.9959305480195334,insufficient_high_e_mass_for_uniform_scs,materials_t0_active_audit_emulation;existing_public_WBM_labels_only;t1_current_MP_used_only_as_utility_audit;not_prospective_materials_discovery;not_DFT_evidence;not_materials_primary_headline
materials_discovery,ALIGNN-FF WBM,materials_alignn_exact_stable_alpha010_K500,500,0.1,10,mass_gain,0.01,106839,1068,585,0.547752808988764,0,0.0,False,False,0.306,0.0,0.0,0.0,0.51,0.5686109610104241,164.56778526884978,10.0,-6.8337343787347145,,0.9959305480195334,insufficient_high_e_mass_for_uniform_scs,materials_t0_active_audit_emulation;existing_public_WBM_labels_only;t1_current_MP_used_only_as_utility_audit;not_prospective_materials_discovery;not_DFT_evidence;not_materials_primary_headline
materials_discovery,ALIGNN-FF WBM,materials_alignn_exact_stable_alpha010_K300,300,0.1,10,mass_gain,0.02,106839,2137,1003,0.4693495554515676,0,0.0,False,False,0.24333333333333335,0.0,0.0,0.0,0.44333333333333336,0.9439357464605882,163.89855160475528,10.0,-2.3689121213835946,,0.9913185024416712,insufficient_high_e_mass_for_uniform_scs,materials_t0_active_audit_emulation;existing_public_WBM_labels_only;t1_current_MP_used_only_as_utility_audit;not_prospective_materials_discovery;not_DFT_evidence;not_materials_primary_headline
materials_discovery,ALIGNN-FF WBM,materials_alignn_exact_stable_alpha010_K500,500,0.1,10,mass_gain,0.02,106839,2137,1003,0.4693495554515676,0,0.0,False,False,0.306,0.0,0.0,0.0,0.51,0.5663614478763529,163.89855160475528,10.0,-6.845864224562439,,0.9913185024416712,insufficient_high_e_mass_for_uniform_scs,materials_t0_active_audit_emulation;existing_public_WBM_labels_only;t1_current_MP_used_only_as_utility_audit;not_prospective_materials_discovery;not_DFT_evidence;not_materials_primary_headline
materials_discovery,ALIGNN-FF WBM,materials_alignn_exact_stable_alpha010_K300,300,0.1,10,mass_gain,0.05,106839,5342,1944,0.3639086484462748,91,0.03296703296703297,True,False,0.24333333333333335,1.0,0.34065934065934067,0.34065934065934067,0.44333333333333336,1.8928929516495145,163.0713997639448,10.0,0.8507521656222536,32.96703296703297,0.9856212696690179,,materials_t0_active_audit_emulation;existing_public_WBM_labels_only;t1_current_MP_used_only_as_utility_audit;not_prospective_materials_discovery;not_DFT_evidence;not_materials_primary_headline
materials_discovery,ALIGNN-FF WBM,materials_alignn_exact_stable_alpha010_K500,500,0.1,10,mass_gain,0.05,106839,5342,1944,0.3639086484462748,64,0.0,True,False,0.306,1.0,0.359375,0.359375,0.51,1.1357357709897087,163.0713997639448,10.0,10.604357108570994,78.125,0.9856212696690179,,materials_t0_active_audit_emulation;existing_public_WBM_labels_only;t1_current_MP_used_only_as_utility_audit;not_prospective_materials_discovery;not_DFT_evidence;not_materials_primary_headline
materials_discovery,ALIGNN-FF WBM,materials_alignn_exact_stable_alpha010_K300,300,0.1,10,mass_gain,0.1,106839,10684,3263,0.3054099588169225,115,0.10434782608695652,False,True,0.24333333333333335,1.0,0.3652173913043478,0.3652173913043478,0.44333333333333336,3.564157968765882,162.00718039844918,10.0,0.01680962640375583,26.08695652173913,0.9782962561041779,,materials_t0_active_audit_emulation;existing_public_WBM_labels_only;t1_current_MP_used_only_as_utility_audit;not_prospective_materials_discovery;not_DFT_evidence;not_materials_primary_headline
materials_discovery,ALIGNN-FF WBM,materials_alignn_exact_stable_alpha010_K500,500,0.1,10,mass_gain,0.1,106839,10684,3263,0.3054099588169225,89,0.02247191011235955,True,False,0.306,1.0,0.33707865168539325,0.33707865168539325,0.51,2.138494781259529,162.00718039844918,10.0,5.574222720145833,56.17977528089887,0.9782962561041779,,materials_t0_active_audit_emulation;existing_public_WBM_labels_only;t1_current_MP_used_only_as_utility_audit;not_prospective_materials_discovery;not_DFT_evidence;not_materials_primary_headline
materials_discovery,ALIGNN-FF WBM,materials_alignn_exact_stable_alpha010_K300,300,0.1,10,mass_gain,0.2,106839,21368,5812,0.2719955073006365,107,0.08411214953271028,True,False,0.24333333333333335,1.0,0.3644859813084112,0.3644859813084112,0.44333333333333336,3.612876146281924,161.77057371411598,10.0,1.2716220110240393,28.037383177570092,0.9766684753119913,,materials_t0_active_audit_emulation;existing_public_WBM_labels_only;t1_current_MP_used_only_as_utility_audit;not_prospective_materials_discovery;not_DFT_evidence;not_materials_primary_headline
materials_discovery,ALIGNN-FF WBM,materials_alignn_exact_stable_alpha010_K500,500,0.1,10,mass_gain,0.2,106839,21368,5812,0.2719955073006365,89,0.02247191011235955,True,False,0.306,1.0,0.33707865168539325,0.33707865168539325,0.51,2.1677256877691544,161.77057371411598,10.0,5.485714351844301,56.17977528089887,0.9766684753119913,,materials_t0_active_audit_emulation;existing_public_WBM_labels_only;t1_current_MP_used_only_as_utility_audit;not_prospective_materials_discovery;not_DFT_evidence;not_materials_primary_headline
materials_discovery,ALIGNN-FF WBM,materials_alignn_exact_stable_alpha010_K300,300,0.1,11,random,0.0,108149,0,0,0.0,0,0.0,False,False,0.30333333333333334,0.0,0.0,0.0,0.41333333333333333,0.2559303775855362,89.85131832062358,10.0,-7.440696224144638,,1.0,insufficient_high_e_mass_for_uniform_scs,materials_t0_active_audit_emulation;existing_public_WBM_labels_only;t1_current_MP_used_only_as_utility_audit;not_prospective_materials_discovery;not_DFT_evidence;not_materials_primary_headline
materials_discovery,ALIGNN-FF WBM,materials_alignn_exact_stable_alpha010_K500,500,0.1,11,random,0.0,108149,0,0,0.0,0,0.0,False,False,0.386,0.0,0.0,0.0,0.434,0.17066932418350209,89.85131832062358,10.0,-8.298096273815785,,1.0,insufficient_high_e_mass_for_uniform_scs,materials_t0_active_audit_emulation;existing_public_WBM_labels_only;t1_current_MP_used_only_as_utility_audit;not_prospective_materials_discovery;not_DFT_evidence;not_materials_primary_headline
materials_discovery,ALIGNN-FF WBM,materials_alignn_exact_stable_alpha010_K300,300,0.1,11,random,0.005,108149,541,97,0.17929759704251386,0,0.0,False,False,0.30333333333333334,0.0,0.0,0.0,0.41333333333333333,0.2559303775855362,89.85131832062358,10.0,-7.440696224144638,,1.0,insufficient_high_e_mass_for_uniform_scs,materials_t0_active_audit_emulation;existing_public_WBM_labels_only;t1_current_MP_used_only_as_utility_audit;not_prospective_materials_discovery;not_DFT_evidence;not_materials_primary_headline
materials_discovery,ALIGNN-FF WBM,materials_alignn_exact_stable_alpha010_K500,500,0.1,11,random,0.005,108149,541,97,0.17929759704251386,0,0.0,False,False,0.386,0.0,0.0,0.0,0.434,0.17066932418350209,89.85131832062358,10.0,-8.298096273815785,,1.0,insufficient_high_e_mass_for_uniform_scs,materials_t0_active_audit_emulation;existing_public_WBM_labels_only;t1_current_MP_used_only_as_utility_audit;not_prospective_materials_discovery;not_DFT_evidence;not_materials_primary_headline
materials_discovery,ALIGNN-FF WBM,materials_alignn_exact_stable_alpha010_K300,300,0.1,11,random,0.01,108149,1081,181,0.16743755781683625,0,0.0,False,False,0.30333333333333334,0.0,0.0,0.0,0.41333333333333333,0.2559303775855362,89.85131832062358,10.0,-7.440696224144638,,1.0,insufficient_high_e_mass_for_uniform_scs,materials_t0_active_audit_emulation;existing_public_WBM_labels_only;t1_current_MP_used_only_as_utility_audit;not_prospective_materials_discovery;not_DFT_evidence;not_materials_primary_headline
materials_discovery,ALIGNN-FF WBM,materials_alignn_exact_stable_alpha010_K500,500,0.1,11,random,0.01,108149,1081,181,0.16743755781683625,0,0.0,False,False,0.386,0.0,0.0,0.0,0.434,0.17066932418350209,89.85131832062358,10.0,-8.298096273815785,,1.0,insufficient_high_e_mass_for_uniform_scs,materials_t0_active_audit_emulation;existing_public_WBM_labels_only;t1_current_MP_used_only_as_utility_audit;not_prospective_materials_discovery;not_DFT_evidence;not_materials_primary_headline
materials_discovery,ALIGNN-FF WBM,materials_alignn_exact_stable_alpha010_K300,300,0.1,11,random,0.02,108149,2163,337,0.1558021266759131,0,0.0,False,False,0.30333333333333334,0.0,0.0,0.0,0.41333333333333333,0.2559303775855362,89.85131832062358,10.0,-7.440696224144638,,1.0,insufficient_high_e_mass_for_uniform_scs,materials_t0_active_audit_emulation;existing_public_WBM_labels_only;t1_current_MP_used_only_as_utility_audit;not_prospective_materials_discovery;not_DFT_evidence;not_materials_primary_headline
materials_discovery,ALIGNN-FF WBM,materials_alignn_exact_stable_alpha010_K500,500,0.1,11,random,0.02,108149,2163,337,0.1558021266759131,0,0.0,False,False,0.386,0.0,0.0,0.0,0.434,0.17066932418350209,89.85131832062358,10.0,-8.298096273815785,,1.0,insufficient_high_e_mass_for_uniform_scs,materials_t0_active_audit_emulation;existing_public_WBM_labels_only;t1_current_MP_used_only_as_utility_audit;not_prospective_materials_discovery;not_DFT_evidence;not_materials_primary_headline
materials_discovery,ALIGNN-FF WBM,materials_alignn_exact_stable_alpha010_K300,300,0.1,11,random,0.05,108149,5407,866,0.1601627519881635,0,0.0,False,False,0.30333333333333334,0.0,0.0,0.0,0.41333333333333333,0.2618837794808091,89.83016605842151,10.0,-7.3811622051919095,,0.9997287032013022,insufficient_high_e_mass_for_uniform_scs,materials_t0_active_audit_emulation;existing_public_WBM_labels_only;t1_current_MP_used_only_as_utility_audit;not_prospective_materials_discovery;not_DFT_evidence;not_materials_primary_headline
materials_discovery,ALIGNN-FF WBM,materials_alignn_exact_stable_alpha010_K500,500,0.1,11,random,0.05,108149,5407,866,0.1601627519881635,0,0.0,False,False,0.386,0.0,0.0,0.0,0.434,0.17229617119676,89.83016605842151,10.0,-8.281965030844656,,0.9997287032013022,insufficient_high_e_mass_for_uniform_scs,materials_t0_active_audit_emulation;existing_public_WBM_labels_only;t1_current_MP_used_only_as_utility_audit;not_prospective_materials_discovery;not_DFT_evidence;not_materials_primary_headline
materials_discovery,ALIGNN-FF WBM,materials_alignn_exact_stable_alpha010_K300,300,0.1,11,random,0.1,108149,10815,1733,0.16024040684234858,0,0.0,False,False,0.30333333333333334,0.0,0.0,0.0,0.41333333333333333,0.26378099024256363,89.76670541188308,10.0,-7.362190097574364,,0.9989148128052089,insufficient_high_e_mass_for_uniform_scs,materials_t0_active_audit_emulation;existing_public_WBM_labels_only;t1_current_MP_used_only_as_utility_audit;not_prospective_materials_discovery;not_DFT_evidence;not_materials_primary_headline
materials_discovery,ALIGNN-FF WBM,materials_alignn_exact_stable_alpha010_K500,500,0.1,11,random,0.1,108149,10815,1733,0.16024040684234858,0,0.0,False,False,0.386,0.0,0.0,0.0,0.434,0.17561579887787307,89.76670541188308,10.0,-8.249056641804714,,0.9989148128052089,insufficient_high_e_mass_for_uniform_scs,materials_t0_active_audit_emulation;existing_public_WBM_labels_only;t1_current_MP_used_only_as_utility_audit;not_prospective_materials_discovery;not_DFT_evidence;not_materials_primary_headline
materials_discovery,ALIGNN-FF WBM,materials_alignn_exact_stable_alpha010_K300,300,0.1,11,random,0.2,108149,21630,3313,0.153166897827092,0,0.0,False,False,0.30333333333333334,0.0,0.0,0.0,0.41333333333333333,0.31922059938199027,89.70323897098292,10.0,-7.232091132441083,,0.9981009224091155,insufficient_high_e_mass_for_uniform_scs,materials_t0_active_audit_emulation;existing_public_WBM_labels_only;t1_current_MP_used_only_as_utility_audit;not_prospective_materials_discovery;not_DFT_evidence;not_materials_primary_headline
materials_discovery,ALIGNN-FF WBM,materials_alignn_exact_stable_alpha010_K500,500,0.1,11,random,0.2,108149,21630,3313,0.153166897827092,0,0.0,False,False,0.386,0.0,0.0,0.0,0.434,0.19153235962919415,89.70323897098292,10.0,-8.214719038023581,,0.9981009224091155,insufficient_high_e_mass_for_uniform_scs,materials_t0_active_audit_emulation;existing_public_WBM_labels_only;t1_current_MP_used_only_as_utility_audit;not_prospective_materials_discovery;not_DFT_evidence;not_materials_primary_headline
materials_discovery,ALIGNN-FF WBM,materials_alignn_exact_stable_alpha010_K300,300,0.1,11,raw_score_targeted,0.0,108149,0,0,0.0,0,0.0,False,False,0.30333333333333334,0.0,0.0,0.0,0.41333333333333333,0.2559303775855362,89.85131832062358,10.0,-7.440696224144638,,1.0,insufficient_high_e_mass_for_uniform_scs,materials_t0_active_audit_emulation;existing_public_WBM_labels_only;t1_current_MP_used_only_as_utility_audit;not_prospective_materials_discovery;not_DFT_evidence;not_materials_primary_headline
materials_discovery,ALIGNN-FF WBM,materials_alignn_exact_stable_alpha010_K500,500,0.1,11,raw_score_targeted,0.0,108149,0,0,0.0,0,0.0,False,False,0.386,0.0,0.0,0.0,0.434,0.17066932418350209,89.85131832062358,10.0,-8.298096273815785,,1.0,insufficient_high_e_mass_for_uniform_scs,materials_t0_active_audit_emulation;existing_public_WBM_labels_only;t1_current_MP_used_only_as_utility_audit;not_prospective_materials_discovery;not_DFT_evidence;not_materials_primary_headline
materials_discovery,ALIGNN-FF WBM,materials_alignn_exact_stable_alpha010_K300,300,0.1,11,raw_score_targeted,0.005,108149,541,369,0.6820702402957486,82,0.10975609756097561,False,True,0.30333333333333334,1.0,0.4024390243902439,0.4024390243902439,0.41333333333333333,3.3550131254359874,165.00064551324527,10.0,12.251178848567768,36.58536585365853,0.9989148128052089,,materials_t0_active_audit_emulation;existing_public_WBM_labels_only;t1_current_MP_used_only_as_utility_audit;not_prospective_materials_discovery;not_DFT_evidence;not_materials_primary_headline
materials_discovery,ALIGNN-FF WBM,materials_alignn_exact_stable_alpha010_K500,500,0.1,11,raw_score_targeted,0.005,108149,541,369,0.6820702402957486,64,0.046875,True,False,0.386,1.0,0.390625,0.390625,0.434,2.0130078752615925,165.00064551324527,10.0,11.64170541188308,78.125,0.9989148128052089,,materials_t0_active_audit_emulation;existing_public_WBM_labels_only;t1_current_MP_used_only_as_utility_audit;not_prospective_materials_discovery;not_DFT_evidence;not_materials_primary_headline
materials_discovery,ALIGNN-FF WBM,materials_alignn_exact_stable_alpha010_K300,300,0.1,11,raw_score_targeted,0.01,108149,1081,676,0.6253469010175763,82,0.10975609756097561,False,True,0.30333333333333334,1.0,0.4024390243902439,0.4024390243902439,0.41333333333333333,3.353413059582608,164.9219537499643,10.0,12.228432989948423,36.58536585365853,0.9983722192078134,,materials_t0_active_audit_emulation;existing_public_WBM_labels_only;t1_current_MP_used_only_as_utility_audit;not_prospective_materials_discovery;not_DFT_evidence;not_materials_primary_headline
materials_discovery,ALIGNN-FF WBM,materials_alignn_exact_stable_alpha010_K500,500,0.1,11,raw_score_targeted,0.01,108149,1081,676,0.6253469010175763,64,0.046875,True,False,0.386,1.0,0.390625,0.390625,0.434,2.0120478357495646,164.9219537499643,10.0,11.599395095455549,78.125,0.9983722192078134,,materials_t0_active_audit_emulation;existing_public_WBM_labels_only;t1_current_MP_used_only_as_utility_audit;not_prospective_materials_discovery;not_DFT_evidence;not_materials_primary_headline
materials_discovery,ALIGNN-FF WBM,materials_alignn_exact_stable_alpha010_K300,300,0.1,11,raw_score_targeted,0.02,108149,2163,1225,0.5663430420711975,82,0.10975609756097561,False,True,0.30333333333333334,1.0,0.4024390243902439,0.4024390243902439,0.41333333333333333,3.351012789786958,164.80390769444054,10.0,12.194311439103842,36.58536585365853,0.99755832881172,,materials_t0_active_audit_emulation;existing_public_WBM_labels_only;t1_current_MP_used_only_as_utility_audit;not_prospective_materials_discovery;not_DFT_evidence;not_materials_primary_headline
materials_discovery,ALIGNN-FF WBM,materials_alignn_exact_stable_alpha010_K500,500,0.1,11,raw_score_targeted,0.02,108149,2163,1225,0.5663430420711975,64,0.046875,True,False,0.386,1.0,0.390625,0.390625,0.434,2.0106076738721748,164.80390769444054,10.0,11.535924788455134,78.125,0.99755832881172,,materials_t0_active_audit_emulation;existing_public_WBM_labels_only;t1_current_MP_used_only_as_utility_audit;not_prospective_materials_discovery;not_DFT_evidence;not_materials_primary_headline
materials_discovery,ALIGNN-FF WBM,materials_alignn_exact_stable_alpha010_K300,300,0.1,11,raw_score_targeted,0.05,108149,5407,2567,0.4747549472905493,82,0.10975609756097561,False,True,0.30333333333333334,1.0,0.4024390243902439,0.4024390243902439,0.41333333333333333,3.3462116337999457,164.56778526884978,10.0,12.12605837873543,36.58536585365853,0.9959305480195334,,materials_t0_active_audit_emulation;existing_public_WBM_labels_only;t1_current_MP_used_only_as_utility_audit;not_prospective_materials_discovery;not_DFT_evidence;not_materials_primary_headline
materials_discovery,ALIGNN-FF WBM,materials_alignn_exact_stable_alpha010_K500,500,0.1,11,raw_score_targeted,0.05,108149,5407,2567,0.4747549472905493,64,0.046875,True,False,0.386,1.0,0.390625,0.390625,0.434,2.0077269802799673,164.56778526884978,10.0,11.408966756848528,78.125,0.9959305480195334,,materials_t0_active_audit_emulation;existing_public_WBM_labels_only;t1_current_MP_used_only_as_utility_audit;not_prospective_materials_discovery;not_DFT_evidence;not_materials_primary_headline
materials_discovery,ALIGNN-FF WBM,materials_alignn_exact_stable_alpha010_K300,300,0.1,11,raw_score_targeted,0.1,108149,10815,4261,0.39398982894128526,82,0.10975609756097561,False,True,0.30333333333333334,1.0,0.4024390243902439,0.4024390243902439,0.41333333333333333,3.331803220086015,163.8591747583286,10.0,11.921219287899596,36.58536585365853,0.9910472056429734,,materials_t0_active_audit_emulation;existing_public_WBM_labels_only;t1_current_MP_used_only_as_utility_audit;not_prospective_materials_discovery;not_DFT_evidence;not_materials_primary_headline
materials_discovery,ALIGNN-FF WBM,materials_alignn_exact_stable_alpha010_K500,500,0.1,11,raw_score_targeted,0.1,108149,10815,4261,0.39398982894128526,64,0.046875,True,False,0.386,1.0,0.390625,0.390625,0.434,1.9990819320516091,163.8591747583286,10.0,11.027952904771013,78.125,0.9910472056429734,,materials_t0_active_audit_emulation;existing_public_WBM_labels_only;t1_current_MP_used_only_as_utility_audit;not_prospective_materials_discovery;not_DFT_evidence;not_materials_primary_headline
materials_discovery,ALIGNN-FF WBM,materials_alignn_exact_stable_alpha010_K300,300,0.1,11,raw_score_targeted,0.2,108149,21630,8248,0.3813222376329172,82,0.10975609756097561,False,True,0.30333333333333334,1.0,0.4024390243902439,0.4024390243902439,0.41333333333333333,3.3197905173518127,163.26838609926946,10.0,11.750428082020768,36.58536585365853,0.9869777536625067,,materials_t0_active_audit_emulation;existing_public_WBM_labels_only;t1_current_MP_used_only_as_utility_audit;not_prospective_materials_discovery;not_DFT_evidence;not_materials_primary_headline
materials_discovery,ALIGNN-FF WBM,materials_alignn_exact_stable_alpha010_K500,500,0.1,11,raw_score_targeted,0.2,108149,21630,8248,0.3813222376329172,64,0.046875,True,False,0.386,1.0,0.390625,0.390625,0.434,1.9918743104110876,163.26838609926946,10.0,10.71028052922,78.125,0.9869777536625067,,materials_t0_active_audit_emulation;existing_public_WBM_labels_only;t1_current_MP_used_only_as_utility_audit;not_prospective_materials_discovery;not_DFT_evidence;not_materials_primary_headline
materials_discovery,ALIGNN-FF WBM,materials_alignn_exact_stable_alpha010_K300,300,0.1,11,parc_m_evidence_targeted,0.0,108149,0,0,0.0,0,0.0,False,False,0.30333333333333334,0.0,0.0,0.0,0.41333333333333333,0.2559303775855362,89.85131832062358,10.0,-7.440696224144638,,1.0,insufficient_high_e_mass_for_uniform_scs,materials_t0_active_audit_emulation;existing_public_WBM_labels_only;t1_current_MP_used_only_as_utility_audit;not_prospective_materials_discovery;not_DFT_evidence;not_materials_primary_headline
materials_discovery,ALIGNN-FF WBM,materials_alignn_exact_stable_alpha010_K500,500,0.1,11,parc_m_evidence_targeted,0.0,108149,0,0,0.0,0,0.0,False,False,0.386,0.0,0.0,0.0,0.434,0.17066932418350209,89.85131832062358,10.0,-8.298096273815785,,1.0,insufficient_high_e_mass_for_uniform_scs,materials_t0_active_audit_emulation;existing_public_WBM_labels_only;t1_current_MP_used_only_as_utility_audit;not_prospective_materials_discovery;not_DFT_evidence;not_materials_primary_headline
materials_discovery,ALIGNN-FF WBM,materials_alignn_exact_stable_alpha010_K300,300,0.1,11,parc_m_evidence_targeted,0.005,108149,541,363,0.6709796672828097,51,0.0,True,False,0.30333333333333334,1.0,0.37254901960784315,0.37254901960784315,0.41333333333333333,2.5324229058059617,165.15801559604097,10.0,4.108954572847274,58.8235294117647,1.0,,materials_t0_active_audit_emulation;existing_public_WBM_labels_only;t1_current_MP_used_only_as_utility_audit;not_prospective_materials_discovery;not_DFT_evidence;not_materials_primary_headline
materials_discovery,ALIGNN-FF WBM,materials_alignn_exact_stable_alpha010_K500,500,0.1,11,parc_m_evidence_targeted,0.005,108149,541,363,0.6709796672828097,46,0.0,True,False,0.386,1.0,0.391304347826087,0.391304347826087,0.434,1.519453743483577,165.15801559604097,10.0,56.462363422127936,108.69565217391303,1.0,,materials_t0_active_audit_emulation;existing_public_WBM_labels_only;t1_current_MP_used_only_as_utility_audit;not_prospective_materials_discovery;not_DFT_evidence;not_materials_primary_headline
materials_discovery,ALIGNN-FF WBM,materials_alignn_exact_stable_alpha010_K300,300,0.1,11,parc_m_evidence_targeted,0.01,108149,1081,668,0.6179463459759482,51,0.0,True,False,0.30333333333333334,1.0,0.37254901960784315,0.37254901960784315,0.41333333333333333,2.531216436179179,165.0793327942943,10.0,4.079528937737258,58.8235294117647,0.9994574064026045,,materials_t0_active_audit_emulation;existing_public_WBM_labels_only;t1_current_MP_used_only_as_utility_audit;not_prospective_materials_discovery;not_DFT_evidence;not_materials_primary_headline
materials_discovery,ALIGNN-FF WBM,materials_alignn_exact_stable_alpha010_K500,500,0.1,11,parc_m_evidence_targeted,0.01,108149,1081,668,0.6179463459759482,46,0.0,True,False,0.386,1.0,0.391304347826087,0.391304347826087,0.434,1.5187298617075076,165.0793327942943,10.0,56.383680620381256,108.69565217391303,0.9994574064026045,,materials_t0_active_audit_emulation;existing_public_WBM_labels_only;t1_current_MP_used_only_as_utility_audit;not_prospective_materials_discovery;not_DFT_evidence;not_materials_primary_headline
materials_discovery,ALIGNN-FF WBM,materials_alignn_exact_stable_alpha010_K300,300,0.1,11,parc_m_evidence_targeted,0.02,108149,2163,1208,0.5584835876098012,51,0.0,True,False,0.30333333333333334,1.0,0.37254901960784315,0.37254901960784315,0.41333333333333333,2.530009897869761,165.00064551324527,10.0,4.050101445892899,58.8235294117647,0.9989148128052089,,materials_t0_active_audit_emulation;existing_public_WBM_labels_only;t1_current_MP_used_only_as_utility_audit;not_prospective_materials_discovery;not_DFT_evidence;not_materials_primary_headline
materials_discovery,ALIGNN-FF WBM,materials_alignn_exact_stable_alpha010_K500,500,0.1,11,parc_m_evidence_targeted,0.02,108149,2163,1208,0.5584835876098012,46,0.0,True,False,0.386,1.0,0.391304347826087,0.391304347826087,0.434,1.5180059387218567,165.00064551324527,10.0,56.30499333933224,108.69565217391303,0.9989148128052089,,materials_t0_active_audit_emulation;existing_public_WBM_labels_only;t1_current_MP_used_only_as_utility_audit;not_prospective_materials_discovery;not_DFT_evidence;not_materials_primary_headline
materials_discovery,ALIGNN-FF WBM,materials_alignn_exact_stable_alpha010_K300,300,0.1,11,parc_m_evidence_targeted,0.05,108149,5407,2536,0.4690216386166081,61,0.01639344262295082,True,False,0.30333333333333334,1.0,0.36065573770491804,0.36065573770491804,0.41333333333333333,2.5269932513147553,164.80390769444054,10.0,13.619726127882785,49.18032786885245,0.99755832881172,,materials_t0_active_audit_emulation;existing_public_WBM_labels_only;t1_current_MP_used_only_as_utility_audit;not_prospective_materials_discovery;not_DFT_evidence;not_materials_primary_headline
materials_discovery,ALIGNN-FF WBM,materials_alignn_exact_stable_alpha010_K500,500,0.1,11,parc_m_evidence_targeted,0.05,108149,5407,2536,0.4690216386166081,46,0.0,True,False,0.386,1.0,0.391304347826087,0.391304347826087,0.434,1.5161959507888532,164.80390769444054,10.0,56.10825552052751,108.69565217391303,0.99755832881172,,materials_t0_active_audit_emulation;existing_public_WBM_labels_only;t1_current_MP_used_only_as_utility_audit;not_prospective_materials_discovery;not_DFT_evidence;not_materials_primary_headline
materials_discovery,ALIGNN-FF WBM,materials_alignn_exact_stable_alpha010_K300,300,0.1,11,parc_m_evidence_targeted,0.1,108149,10815,4235,0.39158576051779936,64,0.046875,True,False,0.30333333333333334,1.0,0.390625,0.390625,0.41333333333333333,2.7922991704009177,164.25289237652456,10.0,1.745399457699044,46.875,0.9937601736299512,,materials_t0_active_audit_emulation;existing_public_WBM_labels_only;t1_current_MP_used_only_as_utility_audit;not_prospective_materials_discovery;not_DFT_evidence;not_materials_primary_headline
materials_discovery,ALIGNN-FF WBM,materials_alignn_exact_stable_alpha010_K500,500,0.1,11,parc_m_evidence_targeted,0.1,108149,10815,4235,0.39158576051779936,61,0.01639344262295082,True,False,0.386,1.0,0.36065573770491804,0.36065573770491804,0.434,1.6753795022405507,164.25289237652456,10.0,7.397440073344129,81.96721311475409,0.9937601736299512,,materials_t0_active_audit_emulation;existing_public_WBM_labels_only;t1_current_MP_used_only_as_utility_audit;not_prospective_materials_discovery;not_DFT_evidence;not_materials_primary_headline
materials_discovery,ALIGNN-FF WBM,materials_alignn_exact_stable_alpha010_K300,300,0.1,11,parc_m_evidence_targeted,0.2,108149,21630,8339,0.38552935737401756,82,0.10975609756097561,False,True,0.30333333333333334,1.0,0.4024390243902439,0.4024390243902439,0.41333333333333333,3.3277995621744414,163.66227354956268,10.0,11.8642981991351,36.58536585365853,0.9896907216494846,,materials_t0_active_audit_emulation;existing_public_WBM_labels_only;t1_current_MP_used_only_as_utility_audit;not_prospective_materials_discovery;not_DFT_evidence;not_materials_primary_headline
materials_discovery,ALIGNN-FF WBM,materials_alignn_exact_stable_alpha010_K500,500,0.1,11,parc_m_evidence_targeted,0.2,108149,21630,8339,0.38552935737401756,64,0.046875,True,False,0.386,1.0,0.390625,0.390625,0.434,1.996679737304665,163.66227354956268,10.0,10.92207840009533,78.125,0.9896907216494846,,materials_t0_active_audit_emulation;existing_public_WBM_labels_only;t1_current_MP_used_only_as_utility_audit;not_prospective_materials_discovery;not_DFT_evidence;not_materials_primary_headline
materials_discovery,ALIGNN-FF WBM,materials_alignn_exact_stable_alpha010_K300,300,0.1,11,chgnet_mace_support_targeted,0.0,108149,0,0,0.0,0,0.0,False,False,0.30333333333333334,0.0,0.0,0.0,0.41333333333333333,0.2559303775855362,89.85131832062358,10.0,-7.440696224144638,,1.0,insufficient_high_e_mass_for_uniform_scs,materials_t0_active_audit_emulation;existing_public_WBM_labels_only;t1_current_MP_used_only_as_utility_audit;not_prospective_materials_discovery;not_DFT_evidence;not_materials_primary_headline
materials_discovery,ALIGNN-FF WBM,materials_alignn_exact_stable_alpha010_K500,500,0.1,11,chgnet_mace_support_targeted,0.0,108149,0,0,0.0,0,0.0,False,False,0.386,0.0,0.0,0.0,0.434,0.17066932418350209,89.85131832062358,10.0,-8.298096273815785,,1.0,insufficient_high_e_mass_for_uniform_scs,materials_t0_active_audit_emulation;existing_public_WBM_labels_only;t1_current_MP_used_only_as_utility_audit;not_prospective_materials_discovery;not_DFT_evidence;not_materials_primary_headline
materials_discovery,ALIGNN-FF WBM,materials_alignn_exact_stable_alpha010_K300,300,0.1,11,chgnet_mace_support_targeted,0.005,108149,541,122,0.2255083179297597,0,0.0,False,False,0.30333333333333334,0.0,0.0,0.0,0.41333333333333333,0.2724814757639695,89.78785960426367,10.0,-7.275185242360305,,0.9991861096039066,insufficient_high_e_mass_for_uniform_scs,materials_t0_active_audit_emulation;existing_public_WBM_labels_only;t1_current_MP_used_only_as_utility_audit;not_prospective_materials_discovery;not_DFT_evidence;not_materials_primary_headline
materials_discovery,ALIGNN-FF WBM,materials_alignn_exact_stable_alpha010_K500,500,0.1,11,chgnet_mace_support_targeted,0.005,108149,541,122,0.2255083179297597,0,0.0,False,False,0.386,0.0,0.0,0.0,0.434,0.1756540176644428,89.78785960426367,10.0,-8.248675628733725,,0.9991861096039066,insufficient_high_e_mass_for_uniform_scs,materials_t0_active_audit_emulation;existing_public_WBM_labels_only;t1_current_MP_used_only_as_utility_audit;not_prospective_materials_discovery;not_DFT_evidence;not_materials_primary_headline
materials_discovery,ALIGNN-FF WBM,materials_alignn_exact_stable_alpha010_K300,300,0.1,11,chgnet_mace_support_targeted,0.01,108149,1081,224,0.2072155411655874,0,0.0,False,False,0.30333333333333334,0.0,0.0,0.0,0.41333333333333333,0.2724814757639695,89.78785960426367,10.0,-7.275185242360305,,0.9991861096039066,insufficient_high_e_mass_for_uniform_scs,materials_t0_active_audit_emulation;existing_public_WBM_labels_only;t1_current_MP_used_only_as_utility_audit;not_prospective_materials_discovery;not_DFT_evidence;not_materials_primary_headline
materials_discovery,ALIGNN-FF WBM,materials_alignn_exact_stable_alpha010_K500,500,0.1,11,chgnet_mace_support_targeted,0.01,108149,1081,224,0.2072155411655874,0,0.0,False,False,0.386,0.0,0.0,0.0,0.434,0.1765352170902622,89.78785960426367,10.0,-8.239939702761095,,0.9991861096039066,insufficient_high_e_mass_for_uniform_scs,materials_t0_active_audit_emulation;existing_public_WBM_labels_only;t1_current_MP_used_only_as_utility_audit;not_prospective_materials_discovery;not_DFT_evidence;not_materials_primary_headline
materials_discovery,ALIGNN-FF WBM,materials_alignn_exact_stable_alpha010_K300,300,0.1,11,chgnet_mace_support_targeted,0.02,108149,2163,366,0.16920943134535368,0,0.0,False,False,0.30333333333333334,0.0,0.0,0.0,0.41333333333333333,0.2723019713992938,89.72439509545555,10.0,-7.276980286007062,,0.9983722192078134,insufficient_high_e_mass_for_uniform_scs,materials_t0_active_audit_emulation;existing_public_WBM_labels_only;t1_current_MP_used_only_as_utility_audit;not_prospective_materials_discovery;not_DFT_evidence;not_materials_primary_headline
materials_discovery,ALIGNN-FF WBM,materials_alignn_exact_stable_alpha010_K500,500,0.1,11,chgnet_mace_support_targeted,0.02,108149,2163,366,0.16920943134535368,0,0.0,False,False,0.386,0.0,0.0,0.0,0.434,0.17731008284056035,89.72439509545555,10.0,-8.232264844800747,,0.9983722192078134,insufficient_high_e_mass_for_uniform_scs,materials_t0_active_audit_emulation;existing_public_WBM_labels_only;t1_current_MP_used_only_as_utility_audit;not_prospective_materials_discovery;not_DFT_evidence;not_materials_primary_headline
materials_discovery,ALIGNN-FF WBM,materials_alignn_exact_stable_alpha010_K300,300,0.1,11,chgnet_mace_support_targeted,0.05,108149,5407,1815,0.3356759755872018,82,0.10975609756097561,False,True,0.30333333333333334,1.0,0.4024390243902439,0.4024390243902439,0.41333333333333333,3.345411361144981,164.52842759729413,10.0,12.114681576295801,36.58536585365853,0.9956592512208355,,materials_t0_active_audit_emulation;existing_public_WBM_labels_only;t1_current_MP_used_only_as_utility_audit;not_prospective_materials_discovery;not_DFT_evidence;not_materials_primary_headline
materials_discovery,ALIGNN-FF WBM,materials_alignn_exact_stable_alpha010_K500,500,0.1,11,chgnet_mace_support_targeted,0.05,108149,5407,1815,0.3356759755872018,64,0.046875,True,False,0.386,1.0,0.390625,0.390625,0.434,2.0072468166869886,164.52842759729413,10.0,11.387804824583796,78.125,0.9956592512208355,,materials_t0_active_audit_emulation;existing_public_WBM_labels_only;t1_current_MP_used_only_as_utility_audit;not_prospective_materials_discovery;not_DFT_evidence;not_materials_primary_headline
materials_discovery,ALIGNN-FF WBM,materials_alignn_exact_stable_alpha010_K300,300,0.1,11,chgnet_mace_support_targeted,0.1,108149,10815,3831,0.35423023578363383,82,0.10975609756097561,False,True,0.30333333333333334,1.0,0.4024390243902439,0.4024390243902439,0.41333333333333333,3.3358063029310747,164.0560476851348,10.0,11.978131084337598,36.58536585365853,0.9924036896364623,,materials_t0_active_audit_emulation;existing_public_WBM_labels_only;t1_current_MP_used_only_as_utility_audit;not_prospective_materials_discovery;not_DFT_evidence;not_materials_primary_headline
materials_discovery,ALIGNN-FF WBM,materials_alignn_exact_stable_alpha010_K500,500,0.1,11,chgnet_mace_support_targeted,0.1,108149,10815,3831,0.35423023578363383,64,0.046875,True,False,0.386,1.0,0.390625,0.390625,0.434,2.001483781758645,164.0560476851348,10.0,11.133811158432934,78.125,0.9924036896364623,,materials_t0_active_audit_emulation;existing_public_WBM_labels_only;t1_current_MP_used_only_as_utility_audit;not_prospective_materials_discovery;not_DFT_evidence;not_materials_primary_headline
materials_discovery,ALIGNN-FF WBM,materials_alignn_exact_stable_alpha010_K300,300,0.1,11,chgnet_mace_support_targeted,0.2,108149,21630,7524,0.3478502080443828,82,0.10975609756097561,False,True,0.30333333333333334,1.0,0.4024390243902439,0.4024390243902439,0.41333333333333333,3.3189894858526108,163.22899110750544,10.0,11.739039017721645,36.58536585365853,0.986706456863809,,materials_t0_active_audit_emulation;existing_public_WBM_labels_only;t1_current_MP_used_only_as_utility_audit;not_prospective_materials_discovery;not_DFT_evidence;not_materials_primary_headline
materials_discovery,ALIGNN-FF WBM,materials_alignn_exact_stable_alpha010_K500,500,0.1,11,chgnet_mace_support_targeted,0.2,108149,21630,7524,0.3478502080443828,64,0.046875,True,False,0.386,1.0,0.390625,0.390625,0.434,1.9913936915115664,163.22899110750544,10.0,10.689097152569232,78.125,0.986706456863809,,materials_t0_active_audit_emulation;existing_public_WBM_labels_only;t1_current_MP_used_only_as_utility_audit;not_prospective_materials_discovery;not_DFT_evidence;not_materials_primary_headline
materials_discovery,ALIGNN-FF WBM,materials_alignn_exact_stable_alpha010_K300,300,0.1,11,mass_gain,0.0,108149,0,0,0.0,0,0.0,False,False,0.30333333333333334,0.0,0.0,0.0,0.41333333333333333,0.2559303775855362,89.85131832062358,10.0,-7.440696224144638,,1.0,insufficient_high_e_mass_for_uniform_scs,materials_t0_active_audit_emulation;existing_public_WBM_labels_only;t1_current_MP_used_only_as_utility_audit;not_prospective_materials_discovery;not_DFT_evidence;not_materials_primary_headline
materials_discovery,ALIGNN-FF WBM,materials_alignn_exact_stable_alpha010_K500,500,0.1,11,mass_gain,0.0,108149,0,0,0.0,0,0.0,False,False,0.386,0.0,0.0,0.0,0.434,0.17066932418350209,89.85131832062358,10.0,-8.298096273815785,,1.0,insufficient_high_e_mass_for_uniform_scs,materials_t0_active_audit_emulation;existing_public_WBM_labels_only;t1_current_MP_used_only_as_utility_audit;not_prospective_materials_discovery;not_DFT_evidence;not_materials_primary_headline
materials_discovery,ALIGNN-FF WBM,materials_alignn_exact_stable_alpha010_K300,300,0.1,11,mass_gain,0.005,108149,541,371,0.6857670979667283,0,0.0,False,False,0.30333333333333334,0.0,0.0,0.0,0.41333333333333333,0.548527655247013,164.961300192067,10.0,-6.189487011745392,,0.9986435160065111,insufficient_high_e_mass_for_uniform_scs,materials_t0_active_audit_emulation;existing_public_WBM_labels_only;t1_current_MP_used_only_as_utility_audit;not_prospective_materials_discovery;not_DFT_evidence;not_materials_primary_headline
materials_discovery,ALIGNN-FF WBM,materials_alignn_exact_stable_alpha010_K500,500,0.1,11,mass_gain,0.005,108149,541,371,0.6857670979667283,0,0.0,False,False,0.386,0.0,0.0,0.0,0.434,0.3291165931482078,164.961300192067,10.0,-7.624015313625724,,0.9986435160065111,insufficient_high_e_mass_for_uniform_scs,materials_t0_active_audit_emulation;existing_public_WBM_labels_only;t1_current_MP_used_only_as_utility_audit;not_prospective_materials_discovery;not_DFT_evidence;not_materials_primary_headline
materials_discovery,ALIGNN-FF WBM,materials_alignn_exact_stable_alpha010_K300,300,0.1,11,mass_gain,0.01,108149,1081,615,0.5689176688251619,0,0.0,False,False,0.30333333333333334,0.0,0.0,0.0,0.41333333333333333,0.54776392105436,164.72520471273907,10.0,-6.194545698665011,,0.9970157352143245,insufficient_high_e_mass_for_uniform_scs,materials_t0_active_audit_emulation;existing_public_WBM_labels_only;t1_current_MP_used_only_as_utility_audit;not_prospective_materials_discovery;not_DFT_evidence;not_materials_primary_headline
materials_discovery,ALIGNN-FF WBM,materials_alignn_exact_stable_alpha010_K500,500,0.1,11,mass_gain,0.01,108149,1081,615,0.5689176688251619,0,0.0,False,False,0.386,0.0,0.0,0.0,0.434,0.328658352632616,164.72520471273907,10.0,-7.627138700826071,,0.9970157352143245,insufficient_high_e_mass_for_uniform_scs,materials_t0_active_audit_emulation;existing_public_WBM_labels_only;t1_current_MP_used_only_as_utility_audit;not_prospective_materials_discovery;not_DFT_evidence;not_materials_primary_headline
materials_discovery,ALIGNN-FF WBM,materials_alignn_exact_stable_alpha010_K300,300,0.1,11,mass_gain,0.02,108149,2163,1044,0.4826629680998613,0,0.0,False,False,0.30333333333333334,0.0,0.0,0.0,0.41333333333333333,0.5462359978997499,164.25289237652456,10.0,-6.204666746783884,,0.9937601736299512,insufficient_high_e_mass_for_uniform_scs,materials_t0_active_audit_emulation;existing_public_WBM_labels_only;t1_current_MP_used_only_as_utility_audit;not_prospective_materials_discovery;not_DFT_evidence;not_materials_primary_headline
materials_discovery,ALIGNN-FF WBM,materials_alignn_exact_stable_alpha010_K500,500,0.1,11,mass_gain,0.02,108149,2163,1044,0.4826629680998613,0,0.0,False,False,0.386,0.0,0.0,0.0,0.434,0.3277415987398499,164.25289237652456,10.0,-7.633387823469748,,0.9937601736299512,insufficient_high_e_mass_for_uniform_scs,materials_t0_active_audit_emulation;existing_public_WBM_labels_only;t1_current_MP_used_only_as_utility_audit;not_prospective_materials_discovery;not_DFT_evidence;not_materials_primary_headline
materials_discovery,ALIGNN-FF WBM,materials_alignn_exact_stable_alpha010_K300,300,0.1,11,mass_gain,0.05,108149,5407,2047,0.37858331792121325,42,0.0,True,False,0.30333333333333334,1.0,0.38095238095238093,0.38095238095238093,0.41333333333333333,1.2502140648569104,163.0713997639448,10.0,17.300785679999564,71.42857142857143,0.9856212696690179,,materials_t0_active_audit_emulation;existing_public_WBM_labels_only;t1_current_MP_used_only_as_utility_audit;not_prospective_materials_discovery;not_DFT_evidence;not_materials_primary_headline
materials_discovery,ALIGNN-FF WBM,materials_alignn_exact_stable_alpha010_K500,500,0.1,11,mass_gain,0.05,108149,5407,2047,0.37858331792121325,0,0.0,False,False,0.386,0.0,0.0,0.0,0.434,0.7501284389141463,163.0713997639448,10.0,-7.114842852369987,,0.9856212696690179,insufficient_high_e_mass_for_uniform_scs,materials_t0_active_audit_emulation;existing_public_WBM_labels_only;t1_current_MP_used_only_as_utility_audit;not_prospective_materials_discovery;not_DFT_evidence;not_materials_primary_headline
materials_discovery,ALIGNN-FF WBM,materials_alignn_exact_stable_alpha010_K300,300,0.1,11,mass_gain,0.1,108149,10815,3425,0.3166897827092002,64,0.046875,True,False,0.30333333333333334,1.0,0.390625,0.390625,0.41333333333333333,2.273620061838622,162.40143298847298,10.0,1.2101480011227963,46.875,0.9810092240911558,,materials_t0_active_audit_emulation;existing_public_WBM_labels_only;t1_current_MP_used_only_as_utility_audit;not_prospective_materials_discovery;not_DFT_evidence;not_materials_primary_headline
materials_discovery,ALIGNN-FF WBM,materials_alignn_exact_stable_alpha010_K500,500,0.1,11,mass_gain,0.1,108149,10815,3425,0.3166897827092002,42,0.0,True,False,0.386,1.0,0.38095238095238093,0.38095238095238093,0.434,1.3641720371031731,162.40143298847298,10.0,43.35381394085394,119.04761904761904,0.9810092240911558,,materials_t0_active_audit_emulation;existing_public_WBM_labels_only;t1_current_MP_used_only_as_utility_audit;not_prospective_materials_discovery;not_DFT_evidence;not_materials_primary_headline
materials_discovery,ALIGNN-FF WBM,materials_alignn_exact_stable_alpha010_K300,300,0.1,11,mass_gain,0.2,108149,21630,6085,0.28132223763291725,64,0.046875,True,False,0.30333333333333334,1.0,0.390625,0.390625,0.41333333333333333,2.648049314311242,162.12546822313723,10.0,1.1303588851859914,46.875,0.9791101465002713,,materials_t0_active_audit_emulation;existing_public_WBM_labels_only;t1_current_MP_used_only_as_utility_audit;not_prospective_materials_discovery;not_DFT_evidence;not_materials_primary_headline
materials_discovery,ALIGNN-FF WBM,materials_alignn_exact_stable_alpha010_K500,500,0.1,11,mass_gain,0.2,108149,21630,6085,0.28132223763291725,49,0.0,True,False,0.386,1.0,0.3877551020408163,0.3877551020408163,0.434,1.5888295885867452,162.12546822313723,10.0,60.08465189660663,102.0408163265306,0.9791101465002713,,materials_t0_active_audit_emulation;existing_public_WBM_labels_only;t1_current_MP_used_only_as_utility_audit;not_prospective_materials_discovery;not_DFT_evidence;not_materials_primary_headline
materials_discovery,ALIGNN-FF WBM,materials_alignn_exact_stable_alpha010_K300,300,0.1,12,random,0.0,107950,0,0,0.0,0,0.0,False,False,0.25666666666666665,0.0,0.0,0.0,0.4266666666666667,0.31954825335494236,89.85131832062358,10.0,-7.359874417996323,,1.0,insufficient_high_e_mass_for_uniform_scs,materials_t0_active_audit_emulation;existing_public_WBM_labels_only;t1_current_MP_used_only_as_utility_audit;not_prospective_materials_discovery;not_DFT_evidence;not_materials_primary_headline
materials_discovery,ALIGNN-FF WBM,materials_alignn_exact_stable_alpha010_K500,500,0.1,12,random,0.0,107950,0,0,0.0,0,0.0,False,False,0.332,0.0,0.0,0.0,0.486,0.19255497490547327,89.85131832062358,10.0,-8.074450250945267,,1.0,insufficient_high_e_mass_for_uniform_scs,materials_t0_active_audit_emulation;existing_public_WBM_labels_only;t1_current_MP_used_only_as_utility_audit;not_prospective_materials_discovery;not_DFT_evidence;not_materials_primary_headline
materials_discovery,ALIGNN-FF WBM,materials_alignn_exact_stable_alpha010_K300,300,0.1,12,random,0.005,107950,540,80,0.14814814814814814,0,0.0,False,False,0.25666666666666665,0.0,0.0,0.0,0.4266666666666667,0.3194744388411055,89.83016605842151,10.0,-7.360453302022625,,0.9997287032013022,insufficient_high_e_mass_for_uniform_scs,materials_t0_active_audit_emulation;existing_public_WBM_labels_only;t1_current_MP_used_only_as_utility_audit;not_prospective_materials_discovery;not_DFT_evidence;not_materials_primary_headline
materials_discovery,ALIGNN-FF WBM,materials_alignn_exact_stable_alpha010_K500,500,0.1,12,random,0.005,107950,540,80,0.14814814814814814,0,0.0,False,False,0.332,0.0,0.0,0.0,0.486,0.1925130328242786,89.83016605842151,10.0,-8.074869671757215,,0.9997287032013022,insufficient_high_e_mass_for_uniform_scs,materials_t0_active_audit_emulation;existing_public_WBM_labels_only;t1_current_MP_used_only_as_utility_audit;not_prospective_materials_discovery;not_DFT_evidence;not_materials_primary_headline
materials_discovery,ALIGNN-FF WBM,materials_alignn_exact_stable_alpha010_K300,300,0.1,12,random,0.01,107950,1080,153,0.14166666666666666,0,0.0,False,False,0.25666666666666665,0.0,0.0,0.0,0.4266666666666667,0.3194744388411055,89.83016605842151,10.0,-7.360453302022625,,0.9997287032013022,insufficient_high_e_mass_for_uniform_scs,materials_t0_active_audit_emulation;existing_public_WBM_labels_only;t1_current_MP_used_only_as_utility_audit;not_prospective_materials_discovery;not_DFT_evidence;not_materials_primary_headline
materials_discovery,ALIGNN-FF WBM,materials_alignn_exact_stable_alpha010_K500,500,0.1,12,random,0.01,107950,1080,153,0.14166666666666666,0,0.0,False,False,0.332,0.0,0.0,0.0,0.486,0.1925130328242786,89.83016605842151,10.0,-8.074869671757215,,0.9997287032013022,insufficient_high_e_mass_for_uniform_scs,materials_t0_active_audit_emulation;existing_public_WBM_labels_only;t1_current_MP_used_only_as_utility_audit;not_prospective_materials_discovery;not_DFT_evidence;not_materials_primary_headline
materials_discovery,ALIGNN-FF WBM,materials_alignn_exact_stable_alpha010_K300,300,0.1,12,random,0.02,107950,2159,324,0.15006947660954145,0,0.0,False,False,0.25666666666666665,0.0,0.0,0.0,0.4266666666666667,0.3194744388411055,89.83016605842151,10.0,-7.360453302022625,,0.9997287032013022,insufficient_high_e_mass_for_uniform_scs,materials_t0_active_audit_emulation;existing_public_WBM_labels_only;t1_current_MP_used_only_as_utility_audit;not_prospective_materials_discovery;not_DFT_evidence;not_materials_primary_headline
materials_discovery,ALIGNN-FF WBM,materials_alignn_exact_stable_alpha010_K500,500,0.1,12,random,0.02,107950,2159,324,0.15006947660954145,0,0.0,False,False,0.332,0.0,0.0,0.0,0.486,0.1925130328242786,89.83016605842151,10.0,-8.074869671757215,,0.9997287032013022,insufficient_high_e_mass_for_uniform_scs,materials_t0_active_audit_emulation;existing_public_WBM_labels_only;t1_current_MP_used_only_as_utility_audit;not_prospective_materials_discovery;not_DFT_evidence;not_materials_primary_headline
materials_discovery,ALIGNN-FF WBM,materials_alignn_exact_stable_alpha010_K300,300,0.1,12,random,0.05,107950,5398,829,0.15357539829566505,0,0.0,False,False,0.25666666666666665,0.0,0.0,0.0,0.4266666666666667,0.3194744388411055,89.83016605842151,10.0,-7.317965950124595,,0.9997287032013022,insufficient_high_e_mass_for_uniform_scs,materials_t0_active_audit_emulation;existing_public_WBM_labels_only;t1_current_MP_used_only_as_utility_audit;not_prospective_materials_discovery;not_DFT_evidence;not_materials_primary_headline
materials_discovery,ALIGNN-FF WBM,materials_alignn_exact_stable_alpha010_K500,500,0.1,12,random,0.05,107950,5398,829,0.15357539829566505,0,0.0,False,False,0.332,0.0,0.0,0.0,0.486,0.19466514082678207,89.83016605842151,10.0,-8.05334859173218,,0.9997287032013022,insufficient_high_e_mass_for_uniform_scs,materials_t0_active_audit_emulation;existing_public_WBM_labels_only;t1_current_MP_used_only_as_utility_audit;not_prospective_materials_discovery;not_DFT_evidence;not_materials_primary_headline
materials_discovery,ALIGNN-FF WBM,materials_alignn_exact_stable_alpha010_K300,300,0.1,12,random,0.1,107950,10795,1651,0.15294117647058825,0,0.0,False,False,0.25666666666666665,0.0,0.0,0.0,0.4266666666666667,0.3884612599884035,89.78785960426367,10.0,-7.2973551474007925,,0.9991861096039066,insufficient_high_e_mass_for_uniform_scs,materials_t0_active_audit_emulation;existing_public_WBM_labels_only;t1_current_MP_used_only_as_utility_audit;not_prospective_materials_discovery;not_DFT_evidence;not_materials_primary_headline
materials_discovery,ALIGNN-FF WBM,materials_alignn_exact_stable_alpha010_K500,500,0.1,12,random,0.1,107950,10795,1651,0.15294117647058825,0,0.0,False,False,0.332,0.0,0.0,0.0,0.486,0.23307675599304206,89.78785960426367,10.0,-8.032164631455352,,0.9991861096039066,insufficient_high_e_mass_for_uniform_scs,materials_t0_active_audit_emulation;existing_public_WBM_labels_only;t1_current_MP_used_only_as_utility_audit;not_prospective_materials_discovery;not_DFT_evidence;not_materials_primary_headline
materials_discovery,ALIGNN-FF WBM,materials_alignn_exact_stable_alpha010_K300,300,0.1,12,random,0.2,107950,21590,3353,0.15530338119499768,0,0.0,False,False,0.25666666666666665,0.0,0.0,0.0,0.4266666666666667,0.3881029882078006,89.70323897098292,10.0,-7.005461410791886,,0.9981009224091155,insufficient_high_e_mass_for_uniform_scs,materials_t0_active_audit_emulation;existing_public_WBM_labels_only;t1_current_MP_used_only_as_utility_audit;not_prospective_materials_discovery;not_DFT_evidence;not_materials_primary_headline
materials_discovery,ALIGNN-FF WBM,materials_alignn_exact_stable_alpha010_K500,500,0.1,12,random,0.2,107950,21590,3353,0.15530338119499768,0,0.0,False,False,0.332,0.0,0.0,0.0,0.486,0.23286179292468034,89.70323897098292,10.0,-7.964519484159189,,0.9981009224091155,insufficient_high_e_mass_for_uniform_scs,materials_t0_active_audit_emulation;existing_public_WBM_labels_only;t1_current_MP_used_only_as_utility_audit;not_prospective_materials_discovery;not_DFT_evidence;not_materials_primary_headline
materials_discovery,ALIGNN-FF WBM,materials_alignn_exact_stable_alpha010_K300,300,0.1,12,raw_score_targeted,0.0,107950,0,0,0.0,0,0.0,False,False,0.25666666666666665,0.0,0.0,0.0,0.4266666666666667,0.31954825335494236,89.85131832062358,10.0,-7.359874417996323,,1.0,insufficient_high_e_mass_for_uniform_scs,materials_t0_active_audit_emulation;existing_public_WBM_labels_only;t1_current_MP_used_only_as_utility_audit;not_prospective_materials_discovery;not_DFT_evidence;not_materials_primary_headline
materials_discovery,ALIGNN-FF WBM,materials_alignn_exact_stable_alpha010_K500,500,0.1,12,raw_score_targeted,0.0,107950,0,0,0.0,0,0.0,False,False,0.332,0.0,0.0,0.0,0.486,0.19255497490547327,89.85131832062358,10.0,-8.074450250945267,,1.0,insufficient_high_e_mass_for_uniform_scs,materials_t0_active_audit_emulation;existing_public_WBM_labels_only;t1_current_MP_used_only_as_utility_audit;not_prospective_materials_discovery;not_DFT_evidence;not_materials_primary_headline
materials_discovery,ALIGNN-FF WBM,materials_alignn_exact_stable_alpha010_K300,300,0.1,12,raw_score_targeted,0.005,107950,540,343,0.6351851851851852,93,0.11827956989247312,False,True,0.25666666666666665,1.0,0.3870967741935484,0.3870967741935484,0.4266666666666667,3.4650135557781514,165.00064551324527,10.0,1.9476119636139941,32.25806451612903,0.9989148128052089,,materials_t0_active_audit_emulation;existing_public_WBM_labels_only;t1_current_MP_used_only_as_utility_audit;not_prospective_materials_discovery;not_DFT_evidence;not_materials_primary_headline
materials_discovery,ALIGNN-FF WBM,materials_alignn_exact_stable_alpha010_K500,500,0.1,12,raw_score_targeted,0.005,107950,540,343,0.6351851851851852,90,0.12222222222222222,False,True,0.332,1.0,0.4,0.4,0.486,2.079008133466891,165.00064551324527,10.0,7.318075302102045,55.55555555555556,0.9989148128052089,,materials_t0_active_audit_emulation;existing_public_WBM_labels_only;t1_current_MP_used_only_as_utility_audit;not_prospective_materials_discovery;not_DFT_evidence;not_materials_primary_headline
materials_discovery,ALIGNN-FF WBM,materials_alignn_exact_stable_alpha010_K300,300,0.1,12,raw_score_targeted,0.01,107950,1080,649,0.600925925925926,93,0.11827956989247312,False,True,0.25666666666666665,1.0,0.3870967741935484,0.3870967741935484,0.4266666666666667,3.4625347299179756,164.88260618657026,10.0,1.9238818978412482,32.25806451612903,0.9981009224091155,,materials_t0_active_audit_emulation;existing_public_WBM_labels_only;t1_current_MP_used_only_as_utility_audit;not_prospective_materials_discovery;not_DFT_evidence;not_materials_primary_headline
materials_discovery,ALIGNN-FF WBM,materials_alignn_exact_stable_alpha010_K500,500,0.1,12,raw_score_targeted,0.01,107950,1080,649,0.600925925925926,90,0.12222222222222222,False,True,0.332,1.0,0.4,0.4,0.486,2.0775208379507855,164.88260618657026,10.0,7.273930580259865,55.55555555555556,0.9981009224091155,,materials_t0_active_audit_emulation;existing_public_WBM_labels_only;t1_current_MP_used_only_as_utility_audit;not_prospective_materials_discovery;not_DFT_evidence;not_materials_primary_headline
materials_discovery,ALIGNN-FF WBM,materials_alignn_exact_stable_alpha010_K300,300,0.1,12,raw_score_targeted,0.02,107950,2159,1251,0.5794349235757295,93,0.11827956989247312,False,True,0.25666666666666665,1.0,0.3870967741935484,0.3870967741935484,0.4266666666666667,3.4600556920643717,164.76455676497005,10.0,1.9001494457011034,32.25806451612903,0.9972870320130223,,materials_t0_active_audit_emulation;existing_public_WBM_labels_only;t1_current_MP_used_only_as_utility_audit;not_prospective_materials_discovery;not_DFT_evidence;not_materials_primary_headline
materials_discovery,ALIGNN-FF WBM,materials_alignn_exact_stable_alpha010_K500,500,0.1,12,raw_score_targeted,0.02,107950,2159,1251,0.5794349235757295,90,0.12222222222222222,False,True,0.332,1.0,0.4,0.4,0.486,2.0760334152386233,164.76455676497005,10.0,7.229781673820099,55.55555555555556,0.9972870320130223,,materials_t0_active_audit_emulation;existing_public_WBM_labels_only;t1_current_MP_used_only_as_utility_audit;not_prospective_materials_discovery;not_DFT_evidence;not_materials_primary_headline
materials_discovery,ALIGNN-FF WBM,materials_alignn_exact_stable_alpha010_K300,300,0.1,12,raw_score_targeted,0.05,107950,5398,2628,0.4868469803630974,93,0.11827956989247312,False,True,0.25666666666666665,1.0,0.3870967741935484,0.3870967741935484,0.4266666666666667,3.4526173044577977,164.4103478313237,10.0,1.8289377470237085,32.25806451612903,0.9948453608247423,,materials_t0_active_audit_emulation;existing_public_WBM_labels_only;t1_current_MP_used_only_as_utility_audit;not_prospective_materials_discovery;not_DFT_evidence;not_materials_primary_headline
materials_discovery,ALIGNN-FF WBM,materials_alignn_exact_stable_alpha010_K500,500,0.1,12,raw_score_targeted,0.05,107950,5398,2628,0.4868469803630974,90,0.12222222222222222,False,True,0.332,1.0,0.4,0.4,0.486,2.0715703826746785,164.4103478313237,10.0,7.097309805105283,55.55555555555556,0.9948453608247423,,materials_t0_active_audit_emulation;existing_public_WBM_labels_only;t1_current_MP_used_only_as_utility_audit;not_prospective_materials_discovery;not_DFT_evidence;not_materials_primary_headline
materials_discovery,ALIGNN-FF WBM,materials_alignn_exact_stable_alpha010_K300,300,0.1,12,raw_score_targeted,0.1,107950,10795,4296,0.39796201945345067,93,0.11827956989247312,False,True,0.25666666666666665,1.0,0.3870967741935484,0.3870967741935484,0.4266666666666667,3.4377347771783424,163.70165605611155,10.0,1.6864495919414537,32.25806451612903,0.9899620184481823,,materials_t0_active_audit_emulation;existing_public_WBM_labels_only;t1_current_MP_used_only_as_utility_audit;not_prospective_materials_discovery;not_DFT_evidence;not_materials_primary_headline
materials_discovery,ALIGNN-FF WBM,materials_alignn_exact_stable_alpha010_K500,500,0.1,12,raw_score_targeted,0.1,107950,10795,4296,0.39796201945345067,90,0.12222222222222222,False,True,0.332,1.0,0.4,0.4,0.486,2.0626408663070057,163.70165605611155,10.0,6.832252517206996,55.55555555555556,0.9899620184481823,,materials_t0_active_audit_emulation;existing_public_WBM_labels_only;t1_current_MP_used_only_as_utility_audit;not_prospective_materials_discovery;not_DFT_evidence;not_materials_primary_headline
materials_discovery,ALIGNN-FF WBM,materials_alignn_exact_stable_alpha010_K300,300,0.1,12,raw_score_targeted,0.2,107950,21590,8552,0.39610930986567855,93,0.11827956989247312,False,True,0.25666666666666665,1.0,0.3870967741935484,0.3870967741935484,0.4266666666666667,3.420362084140362,162.87438495906486,10.0,1.5201036909888401,32.25806451612903,0.984264785675529,,materials_t0_active_audit_emulation;existing_public_WBM_labels_only;t1_current_MP_used_only_as_utility_audit;not_prospective_materials_discovery;not_DFT_evidence;not_materials_primary_headline
materials_discovery,ALIGNN-FF WBM,materials_alignn_exact_stable_alpha010_K500,500,0.1,12,raw_score_targeted,0.2,107950,21590,8552,0.39610930986567855,90,0.12222222222222222,False,True,0.332,1.0,0.4,0.4,0.486,2.0522172504842175,162.87438495906486,10.0,6.522826633385563,55.55555555555556,0.984264785675529,,materials_t0_active_audit_emulation;existing_public_WBM_labels_only;t1_current_MP_used_only_as_utility_audit;not_prospective_materials_discovery;not_DFT_evidence;not_materials_primary_headline
materials_discovery,ALIGNN-FF WBM,materials_alignn_exact_stable_alpha010_K300,300,0.1,12,parc_m_evidence_targeted,0.0,107950,0,0,0.0,0,0.0,False,False,0.25666666666666665,0.0,0.0,0.0,0.4266666666666667,0.31954825335494236,89.85131832062358,10.0,-7.359874417996323,,1.0,insufficient_high_e_mass_for_uniform_scs,materials_t0_active_audit_emulation;existing_public_WBM_labels_only;t1_current_MP_used_only_as_utility_audit;not_prospective_materials_discovery;not_DFT_evidence;not_materials_primary_headline
materials_discovery,ALIGNN-FF WBM,materials_alignn_exact_stable_alpha010_K500,500,0.1,12,parc_m_evidence_targeted,0.0,107950,0,0,0.0,0,0.0,False,False,0.332,0.0,0.0,0.0,0.486,0.19255497490547327,89.85131832062358,10.0,-8.074450250945267,,1.0,insufficient_high_e_mass_for_uniform_scs,materials_t0_active_audit_emulation;existing_public_WBM_labels_only;t1_current_MP_used_only_as_utility_audit;not_prospective_materials_discovery;not_DFT_evidence;not_materials_primary_headline
materials_discovery,ALIGNN-FF WBM,materials_alignn_exact_stable_alpha010_K300,300,0.1,12,parc_m_evidence_targeted,0.005,107950,540,339,0.6277777777777778,88,0.11363636363636363,False,True,0.25666666666666665,1.0,0.38636363636363635,0.38636363636363635,0.4266666666666667,2.751977912581625,165.1186747548975,10.0,0.13849507063792998,34.090909090909086,0.9997287032013022,,materials_t0_active_audit_emulation;existing_public_WBM_labels_only;t1_current_MP_used_only_as_utility_audit;not_prospective_materials_discovery;not_DFT_evidence;not_materials_primary_headline
materials_discovery,ALIGNN-FF WBM,materials_alignn_exact_stable_alpha010_K500,500,0.1,12,parc_m_evidence_targeted,0.005,107950,540,339,0.6277777777777778,63,0.0,True,False,0.332,1.0,0.3492063492063492,0.3492063492063492,0.486,1.651186747548975,165.1186747548975,10.0,10.465086693342158,79.36507936507935,0.9997287032013022,,materials_t0_active_audit_emulation;existing_public_WBM_labels_only;t1_current_MP_used_only_as_utility_audit;not_prospective_materials_discovery;not_DFT_evidence;not_materials_primary_headline
materials_discovery,ALIGNN-FF WBM,materials_alignn_exact_stable_alpha010_K300,300,0.1,12,parc_m_evidence_targeted,0.01,107950,1080,643,0.5953703703703703,88,0.11363636363636363,False,True,0.25666666666666665,1.0,0.38636363636363635,0.38636363636363635,0.4266666666666667,2.7506664952310937,165.03998971386562,10.0,0.1226768808690295,34.090909090909086,0.9991861096039066,,materials_t0_active_audit_emulation;existing_public_WBM_labels_only;t1_current_MP_used_only_as_utility_audit;not_prospective_materials_discovery;not_DFT_evidence;not_materials_primary_headline
materials_discovery,ALIGNN-FF WBM,materials_alignn_exact_stable_alpha010_K500,500,0.1,12,parc_m_evidence_targeted,0.01,107950,1080,643,0.5953703703703703,63,0.0,True,False,0.332,1.0,0.3492063492063492,0.3492063492063492,0.486,1.6503998971386564,165.03998971386562,10.0,10.42278023918432,79.36507936507935,0.9991861096039066,,materials_t0_active_audit_emulation;existing_public_WBM_labels_only;t1_current_MP_used_only_as_utility_audit;not_prospective_materials_discovery;not_DFT_evidence;not_materials_primary_headline
materials_discovery,ALIGNN-FF WBM,materials_alignn_exact_stable_alpha010_K300,300,0.1,12,parc_m_evidence_targeted,0.02,107950,2159,1233,0.571097730430755,88,0.11363636363636363,False,True,0.25666666666666665,1.0,0.38636363636363635,0.38636363636363635,0.4266666666666667,2.7493550032011167,164.961300192067,10.0,0.10685763191347064,34.090909090909086,0.9986435160065111,,materials_t0_active_audit_emulation;existing_public_WBM_labels_only;t1_current_MP_used_only_as_utility_audit;not_prospective_materials_discovery;not_DFT_evidence;not_materials_primary_headline
materials_discovery,ALIGNN-FF WBM,materials_alignn_exact_stable_alpha010_K500,500,0.1,12,parc_m_evidence_targeted,0.02,107950,2159,1233,0.571097730430755,63,0.0,True,False,0.332,1.0,0.3492063492063492,0.3492063492063492,0.486,1.64961300192067,164.961300192067,10.0,10.380471210605265,79.36507936507935,0.9986435160065111,,materials_t0_active_audit_emulation;existing_public_WBM_labels_only;t1_current_MP_used_only_as_utility_audit;not_prospective_materials_discovery;not_DFT_evidence;not_materials_primary_headline
materials_discovery,ALIGNN-FF WBM,materials_alignn_exact_stable_alpha010_K300,300,0.1,12,parc_m_evidence_targeted,0.05,107950,5398,2610,0.4835124120044461,88,0.11363636363636363,False,True,0.25666666666666665,1.0,0.38636363636363635,0.38636363636363635,0.4266666666666667,2.744108287308733,164.64649723852398,10.0,0.0435700300104358,34.090909090909086,0.9964731416169289,,materials_t0_active_audit_emulation;existing_public_WBM_labels_only;t1_current_MP_used_only_as_utility_audit;not_prospective_materials_discovery;not_DFT_evidence;not_materials_primary_headline
materials_discovery,ALIGNN-FF WBM,materials_alignn_exact_stable_alpha010_K500,500,0.1,12,parc_m_evidence_targeted,0.05,107950,5398,2610,0.4835124120044461,63,0.0,True,False,0.332,1.0,0.3492063492063492,0.3492063492063492,0.486,1.6464649723852398,164.64649723852398,10.0,10.211209318017197,79.36507936507935,0.9964731416169289,,materials_t0_active_audit_emulation;existing_public_WBM_labels_only;t1_current_MP_used_only_as_utility_audit;not_prospective_materials_discovery;not_DFT_evidence;not_materials_primary_headline
materials_discovery,ALIGNN-FF WBM,materials_alignn_exact_stable_alpha010_K300,300,0.1,12,parc_m_evidence_targeted,0.1,107950,10795,4272,0.3957387679481241,93,0.11827956989247312,False,True,0.25666666666666665,1.0,0.3870967741935484,0.3870967741935484,0.4266666666666667,3.4435233400105774,163.9773019052656,10.0,1.7418719352824397,32.25806451612903,0.9918610960390667,,materials_t0_active_audit_emulation;existing_public_WBM_labels_only;t1_current_MP_used_only_as_utility_audit;not_prospective_materials_discovery;not_DFT_evidence;not_materials_primary_headline
materials_discovery,ALIGNN-FF WBM,materials_alignn_exact_stable_alpha010_K500,500,0.1,12,parc_m_evidence_targeted,0.1,107950,10795,4272,0.3957387679481241,90,0.12222222222222222,False,True,0.332,1.0,0.4,0.4,0.486,2.0661140040063466,163.9773019052656,10.0,6.935348381982472,55.55555555555556,0.9918610960390667,,materials_t0_active_audit_emulation;existing_public_WBM_labels_only;t1_current_MP_used_only_as_utility_audit;not_prospective_materials_discovery;not_DFT_evidence;not_materials_primary_headline
materials_discovery,ALIGNN-FF WBM,materials_alignn_exact_stable_alpha010_K300,300,0.1,12,parc_m_evidence_targeted,0.2,107950,21590,8616,0.39907364520611394,93,0.11827956989247312,False,True,0.25666666666666665,1.0,0.3870967741935484,0.3870967741935484,0.4266666666666667,3.4302906261221224,163.347172672482,10.0,1.6151730042086925,32.25806451612903,0.9875203472599023,,materials_t0_active_audit_emulation;existing_public_WBM_labels_only;t1_current_MP_used_only_as_utility_audit;not_prospective_materials_discovery;not_DFT_evidence;not_materials_primary_headline
materials_discovery,ALIGNN-FF WBM,materials_alignn_exact_stable_alpha010_K500,500,0.1,12,parc_m_evidence_targeted,0.2,107950,21590,8616,0.39907364520611394,90,0.12222222222222222,False,True,0.332,1.0,0.4,0.4,0.486,2.0581743756732735,163.347172672482,10.0,6.699666869752306,55.55555555555556,0.9875203472599023,,materials_t0_active_audit_emulation;existing_public_WBM_labels_only;t1_current_MP_used_only_as_utility_audit;not_prospective_materials_discovery;not_DFT_evidence;not_materials_primary_headline
materials_discovery,ALIGNN-FF WBM,materials_alignn_exact_stable_alpha010_K300,300,0.1,12,chgnet_mace_support_targeted,0.0,107950,0,0,0.0,0,0.0,False,False,0.25666666666666665,0.0,0.0,0.0,0.4266666666666667,0.31954825335494236,89.85131832062358,10.0,-7.359874417996323,,1.0,insufficient_high_e_mass_for_uniform_scs,materials_t0_active_audit_emulation;existing_public_WBM_labels_only;t1_current_MP_used_only_as_utility_audit;not_prospective_materials_discovery;not_DFT_evidence;not_materials_primary_headline
materials_discovery,ALIGNN-FF WBM,materials_alignn_exact_stable_alpha010_K500,500,0.1,12,chgnet_mace_support_targeted,0.0,107950,0,0,0.0,0,0.0,False,False,0.332,0.0,0.0,0.0,0.486,0.19255497490547327,89.85131832062358,10.0,-8.074450250945267,,1.0,insufficient_high_e_mass_for_uniform_scs,materials_t0_active_audit_emulation;existing_public_WBM_labels_only;t1_current_MP_used_only_as_utility_audit;not_prospective_materials_discovery;not_DFT_evidence;not_materials_primary_headline
materials_discovery,ALIGNN-FF WBM,materials_alignn_exact_stable_alpha010_K300,300,0.1,12,chgnet_mace_support_targeted,0.005,107950,540,129,0.2388888888888889,0,0.0,False,False,0.25666666666666665,0.0,0.0,0.0,0.4266666666666667,0.31954825335494236,89.85131832062358,10.0,-7.2278314162094315,,1.0,insufficient_high_e_mass_for_uniform_scs,materials_t0_active_audit_emulation;existing_public_WBM_labels_only;t1_current_MP_used_only_as_utility_audit;not_prospective_materials_discovery;not_DFT_evidence;not_materials_primary_headline
materials_discovery,ALIGNN-FF WBM,materials_alignn_exact_stable_alpha010_K500,500,0.1,12,chgnet_mace_support_targeted,0.005,107950,540,129,0.2388888888888889,0,0.0,False,False,0.332,0.0,0.0,0.0,0.486,0.19803479019795836,89.85131832062358,10.0,-8.019652098020416,,1.0,insufficient_high_e_mass_for_uniform_scs,materials_t0_active_audit_emulation;existing_public_WBM_labels_only;t1_current_MP_used_only_as_utility_audit;not_prospective_materials_discovery;not_DFT_evidence;not_materials_primary_headline
materials_discovery,ALIGNN-FF WBM,materials_alignn_exact_stable_alpha010_K300,300,0.1,12,chgnet_mace_support_targeted,0.01,107950,1080,234,0.21666666666666667,0,0.0,False,False,0.25666666666666665,0.0,0.0,0.0,0.4266666666666667,0.31940062185748785,89.80901315303896,10.0,-7.229048352706402,,0.9994574064026045,insufficient_high_e_mass_for_uniform_scs,materials_t0_active_audit_emulation;existing_public_WBM_labels_only;t1_current_MP_used_only_as_utility_audit;not_prospective_materials_discovery;not_DFT_evidence;not_materials_primary_headline
materials_discovery,ALIGNN-FF WBM,materials_alignn_exact_stable_alpha010_K500,500,0.1,12,chgnet_mace_support_targeted,0.01,107950,1080,234,0.21666666666666667,0,0.0,False,False,0.332,0.0,0.0,0.0,0.486,0.19794846611584313,89.80901315303896,10.0,-8.02051533884157,,0.9994574064026045,insufficient_high_e_mass_for_uniform_scs,materials_t0_active_audit_emulation;existing_public_WBM_labels_only;t1_current_MP_used_only_as_utility_audit;not_prospective_materials_discovery;not_DFT_evidence;not_materials_primary_headline
materials_discovery,ALIGNN-FF WBM,materials_alignn_exact_stable_alpha010_K300,300,0.1,12,chgnet_mace_support_targeted,0.02,107950,2159,384,0.1778601204261232,0,0.0,False,False,0.25666666666666665,0.0,0.0,0.0,0.4266666666666667,0.3192529804776016,89.76670541188308,10.0,-7.230265389395596,,0.9989148128052089,insufficient_high_e_mass_for_uniform_scs,materials_t0_active_audit_emulation;existing_public_WBM_labels_only;t1_current_MP_used_only_as_utility_audit;not_prospective_materials_discovery;not_DFT_evidence;not_materials_primary_headline
materials_discovery,ALIGNN-FF WBM,materials_alignn_exact_stable_alpha010_K500,500,0.1,12,chgnet_mace_support_targeted,0.02,107950,2159,384,0.1778601204261232,0,0.0,False,False,0.332,0.0,0.0,0.0,0.486,0.19899741163228446,89.76670541188308,10.0,-8.010025883677155,,0.9989148128052089,insufficient_high_e_mass_for_uniform_scs,materials_t0_active_audit_emulation;existing_public_WBM_labels_only;t1_current_MP_used_only_as_utility_audit;not_prospective_materials_discovery;not_DFT_evidence;not_materials_primary_headline
materials_discovery,ALIGNN-FF WBM,materials_alignn_exact_stable_alpha010_K300,300,0.1,12,chgnet_mace_support_targeted,0.05,107950,5398,1858,0.3442015561319007,93,0.11827956989247312,False,True,0.25666666666666665,1.0,0.3870967741935484,0.3870967741935484,0.4266666666666667,3.4550969795431765,164.52842759729413,10.0,1.8526773727020043,32.25806451612903,0.9956592512208355,,materials_t0_active_audit_emulation;existing_public_WBM_labels_only;t1_current_MP_used_only_as_utility_audit;not_prospective_materials_discovery;not_DFT_evidence;not_materials_primary_headline
materials_discovery,ALIGNN-FF WBM,materials_alignn_exact_stable_alpha010_K500,500,0.1,12,chgnet_mace_support_targeted,0.05,107950,5398,1858,0.3442015561319007,90,0.12222222222222222,False,True,0.332,1.0,0.4,0.4,0.486,2.073058187725906,164.52842759729413,10.0,7.141471290431447,55.55555555555556,0.9956592512208355,,materials_t0_active_audit_emulation;existing_public_WBM_labels_only;t1_current_MP_used_only_as_utility_audit;not_prospective_materials_discovery;not_DFT_evidence;not_materials_primary_headline
materials_discovery,ALIGNN-FF WBM,materials_alignn_exact_stable_alpha010_K300,300,0.1,12,chgnet_mace_support_targeted,0.1,107950,10795,3896,0.36090782769800833,93,0.11827956989247312,False,True,0.25666666666666665,1.0,0.3870967741935484,0.3870967741935484,0.4266666666666667,3.441042669924901,163.8591747583286,10.0,1.7181211074970975,32.25806451612903,0.9910472056429734,,materials_t0_active_audit_emulation;existing_public_WBM_labels_only;t1_current_MP_used_only_as_utility_audit;not_prospective_materials_discovery;not_DFT_evidence;not_materials_primary_headline
materials_discovery,ALIGNN-FF WBM,materials_alignn_exact_stable_alpha010_K500,500,0.1,12,chgnet_mace_support_targeted,0.1,107950,10795,3896,0.36090782769800833,90,0.12222222222222222,False,True,0.332,1.0,0.4,0.4,0.486,2.0646256019549405,163.8591747583286,10.0,6.891167254286806,55.55555555555556,0.9910472056429734,,materials_t0_active_audit_emulation;existing_public_WBM_labels_only;t1_current_MP_used_only_as_utility_audit;not_prospective_materials_discovery;not_DFT_evidence;not_materials_primary_headline
materials_discovery,ALIGNN-FF WBM,materials_alignn_exact_stable_alpha010_K300,300,0.1,12,chgnet_mace_support_targeted,0.2,107950,21590,7818,0.3621120889300602,93,0.11827956989247312,False,True,0.25666666666666665,1.0,0.3870967741935484,0.3870967741935484,0.4266666666666667,3.4220170803080805,162.95319430038478,10.0,1.5359512698379518,32.25806451612903,0.9848073792729246,,materials_t0_active_audit_emulation;existing_public_WBM_labels_only;t1_current_MP_used_only_as_utility_audit;not_prospective_materials_discovery;not_DFT_evidence;not_materials_primary_headline
materials_discovery,ALIGNN-FF WBM,materials_alignn_exact_stable_alpha010_K500,500,0.1,12,chgnet_mace_support_targeted,0.2,107950,21590,7818,0.3621120889300602,90,0.12222222222222222,False,True,0.332,1.0,0.4,0.4,0.486,2.053210248184848,162.95319430038478,10.0,6.5523047283096005,55.55555555555556,0.9848073792729246,,materials_t0_active_audit_emulation;existing_public_WBM_labels_only;t1_current_MP_used_only_as_utility_audit;not_prospective_materials_discovery;not_DFT_evidence;not_materials_primary_headline
materials_discovery,ALIGNN-FF WBM,materials_alignn_exact_stable_alpha010_K300,300,0.1,12,mass_gain,0.0,107950,0,0,0.0,0,0.0,False,False,0.25666666666666665,0.0,0.0,0.0,0.4266666666666667,0.31954825335494236,89.85131832062358,10.0,-7.359874417996323,,1.0,insufficient_high_e_mass_for_uniform_scs,materials_t0_active_audit_emulation;existing_public_WBM_labels_only;t1_current_MP_used_only_as_utility_audit;not_prospective_materials_discovery;not_DFT_evidence;not_materials_primary_headline
materials_discovery,ALIGNN-FF WBM,materials_alignn_exact_stable_alpha010_K500,500,0.1,12,mass_gain,0.0,107950,0,0,0.0,0,0.0,False,False,0.332,0.0,0.0,0.0,0.486,0.19255497490547327,89.85131832062358,10.0,-8.074450250945267,,1.0,insufficient_high_e_mass_for_uniform_scs,materials_t0_active_audit_emulation;existing_public_WBM_labels_only;t1_current_MP_used_only_as_utility_audit;not_prospective_materials_discovery;not_DFT_evidence;not_materials_primary_headline
materials_discovery,ALIGNN-FF WBM,materials_alignn_exact_stable_alpha010_K300,300,0.1,12,mass_gain,0.005,107950,540,363,0.6722222222222223,0,0.0,False,False,0.25666666666666665,0.0,0.0,0.0,0.4266666666666667,0.8382174560950304,165.0793327942943,10.0,-5.719879253778808,,0.9994574064026045,insufficient_high_e_mass_for_uniform_scs,materials_t0_active_audit_emulation;existing_public_WBM_labels_only;t1_current_MP_used_only_as_utility_audit;not_prospective_materials_discovery;not_DFT_evidence;not_materials_primary_headline
materials_discovery,ALIGNN-FF WBM,materials_alignn_exact_stable_alpha010_K500,500,0.1,12,mass_gain,0.005,107950,540,363,0.6722222222222223,0,0.0,False,False,0.332,0.0,0.0,0.0,0.486,0.5029304736570183,165.0793327942943,10.0,-7.274586943821306,,0.9994574064026045,insufficient_high_e_mass_for_uniform_scs,materials_t0_active_audit_emulation;existing_public_WBM_labels_only;t1_current_MP_used_only_as_utility_audit;not_prospective_materials_discovery;not_DFT_evidence;not_materials_primary_headline
materials_discovery,ALIGNN-FF WBM,materials_alignn_exact_stable_alpha010_K300,300,0.1,12,mass_gain,0.01,107950,1080,596,0.5518518518518518,0,0.0,False,False,0.25666666666666665,0.0,0.0,0.0,0.4266666666666667,0.836637822813086,164.76455676497005,10.0,-5.727467900918803,,0.9972870320130223,insufficient_high_e_mass_for_uniform_scs,materials_t0_active_audit_emulation;existing_public_WBM_labels_only;t1_current_MP_used_only_as_utility_audit;not_prospective_materials_discovery;not_DFT_evidence;not_materials_primary_headline
materials_discovery,ALIGNN-FF WBM,materials_alignn_exact_stable_alpha010_K500,500,0.1,12,mass_gain,0.01,107950,1080,596,0.5518518518518518,0,0.0,False,False,0.332,0.0,0.0,0.0,0.486,0.5019826936878515,164.76455676497005,10.0,-7.27937402325698,,0.9972870320130223,insufficient_high_e_mass_for_uniform_scs,materials_t0_active_audit_emulation;existing_public_WBM_labels_only;t1_current_MP_used_only_as_utility_audit;not_prospective_materials_discovery;not_DFT_evidence;not_materials_primary_headline
materials_discovery,ALIGNN-FF WBM,materials_alignn_exact_stable_alpha010_K300,300,0.1,12,mass_gain,0.02,107950,2159,1040,0.48170449282075034,0,0.0,False,False,0.25666666666666665,0.0,0.0,0.0,0.4266666666666667,0.8334773992129059,164.13478894733908,10.0,-5.742652480593172,,0.9929462832338578,insufficient_high_e_mass_for_uniform_scs,materials_t0_active_audit_emulation;existing_public_WBM_labels_only;t1_current_MP_used_only_as_utility_audit;not_prospective_materials_discovery;not_DFT_evidence;not_materials_primary_headline
materials_discovery,ALIGNN-FF WBM,materials_alignn_exact_stable_alpha010_K500,500,0.1,12,mass_gain,0.02,107950,2159,1040,0.48170449282075034,0,0.0,False,False,0.332,0.0,0.0,0.0,0.486,0.5000864395277435,164.13478894733908,10.0,-7.288952933844826,,0.9929462832338578,insufficient_high_e_mass_for_uniform_scs,materials_t0_active_audit_emulation;existing_public_WBM_labels_only;t1_current_MP_used_only_as_utility_audit;not_prospective_materials_discovery;not_DFT_evidence;not_materials_primary_headline
materials_discovery,ALIGNN-FF WBM,materials_alignn_exact_stable_alpha010_K300,300,0.1,12,mass_gain,0.05,107950,5398,2065,0.3825490922563913,82,0.10975609756097561,False,True,0.25666666666666665,1.0,0.4024390243902439,0.4024390243902439,0.4266666666666667,1.5234705836700508,163.22899110750544,10.0,3.1407371195661895,36.58536585365853,0.986706456863809,,materials_t0_active_audit_emulation;existing_public_WBM_labels_only;t1_current_MP_used_only_as_utility_audit;not_prospective_materials_discovery;not_DFT_evidence;not_materials_primary_headline
materials_discovery,ALIGNN-FF WBM,materials_alignn_exact_stable_alpha010_K500,500,0.1,12,mass_gain,0.05,107950,5398,2065,0.3825490922563913,0,0.0,False,False,0.332,0.0,0.0,0.0,0.486,0.9140823502020305,163.22899110750544,10.0,-6.684167779899924,,0.986706456863809,insufficient_high_e_mass_for_uniform_scs,materials_t0_active_audit_emulation;existing_public_WBM_labels_only;t1_current_MP_used_only_as_utility_audit;not_prospective_materials_discovery;not_DFT_evidence;not_materials_primary_headline
materials_discovery,ALIGNN-FF WBM,materials_alignn_exact_stable_alpha010_K300,300,0.1,12,mass_gain,0.1,107950,10795,3466,0.32107457156090785,90,0.12222222222222222,False,True,0.25666666666666665,1.0,0.4,0.4,0.4266666666666667,2.490759729783366,162.4408519423934,10.0,6.206176524127258,33.333333333333336,0.9812805208898535,,materials_t0_active_audit_emulation;existing_public_WBM_labels_only;t1_current_MP_used_only_as_utility_audit;not_prospective_materials_discovery;not_DFT_evidence;not_materials_primary_headline
materials_discovery,ALIGNN-FF WBM,materials_alignn_exact_stable_alpha010_K500,500,0.1,12,mass_gain,0.1,107950,10795,3466,0.32107457156090785,46,0.0,True,False,0.332,1.0,0.391304347826087,0.391304347826087,0.486,1.4944558378700195,162.4408519423934,10.0,53.745199768480376,108.69565217391303,0.9812805208898535,,materials_t0_active_audit_emulation;existing_public_WBM_labels_only;t1_current_MP_used_only_as_utility_audit;not_prospective_materials_discovery;not_DFT_evidence;not_materials_primary_headline
materials_discovery,ALIGNN-FF WBM,materials_alignn_exact_stable_alpha010_K300,300,0.1,12,mass_gain,0.2,107950,21590,6137,0.284251968503937,90,0.12222222222222222,False,True,0.25666666666666665,1.0,0.4,0.4,0.4266666666666667,2.810174782534379,162.12546822313723,10.0,6.131504158352499,33.333333333333336,0.9791101465002713,,materials_t0_active_audit_emulation;existing_public_WBM_labels_only;t1_current_MP_used_only_as_utility_audit;not_prospective_materials_discovery;not_DFT_evidence;not_materials_primary_headline
materials_discovery,ALIGNN-FF WBM,materials_alignn_exact_stable_alpha010_K500,500,0.1,12,mass_gain,0.2,107950,21590,6137,0.284251968503937,58,0.0,True,False,0.332,1.0,0.3793103448275862,0.3793103448275862,0.486,1.6861048695206273,162.12546822313723,10.0,2.013799922972339,86.20689655172413,0.9791101465002713,,materials_t0_active_audit_emulation;existing_public_WBM_labels_only;t1_current_MP_used_only_as_utility_audit;not_prospective_materials_discovery;not_DFT_evidence;not_materials_primary_headline
materials_discovery,ALIGNN-FF WBM,materials_alignn_exact_stable_alpha010_K300,300,0.1,13,random,0.0,108401,0,0,0.0,0,0.0,False,False,0.19333333333333333,0.0,0.0,0.0,0.37,0.39284198273420184,165.15801559604097,10.0,-6.138780558721944,,1.0,insufficient_high_e_mass_for_uniform_scs,materials_t0_active_audit_emulation;existing_public_WBM_labels_only;t1_current_MP_used_only_as_utility_audit;not_prospective_materials_discovery;not_DFT_evidence;not_materials_primary_headline
materials_discovery,ALIGNN-FF WBM,materials_alignn_exact_stable_alpha010_K500,500,0.1,13,random,0.0,108401,0,0,0.0,0,0.0,False,False,0.282,0.0,0.0,0.0,0.428,0.2357051896405211,165.15801559604097,10.0,-7.686310741121793,,1.0,insufficient_high_e_mass_for_uniform_scs,materials_t0_active_audit_emulation;existing_public_WBM_labels_only;t1_current_MP_used_only_as_utility_audit;not_prospective_materials_discovery;not_DFT_evidence;not_materials_primary_headline
materials_discovery,ALIGNN-FF WBM,materials_alignn_exact_stable_alpha010_K300,300,0.1,13,random,0.005,108401,542,73,0.13468634686346864,0,0.0,False,False,0.19333333333333333,0.0,0.0,0.0,0.37,0.39284198273420184,165.15801559604097,10.0,-6.138780558721944,,1.0,insufficient_high_e_mass_for_uniform_scs,materials_t0_active_audit_emulation;existing_public_WBM_labels_only;t1_current_MP_used_only_as_utility_audit;not_prospective_materials_discovery;not_DFT_evidence;not_materials_primary_headline
materials_discovery,ALIGNN-FF WBM,materials_alignn_exact_stable_alpha010_K500,500,0.1,13,random,0.005,108401,542,73,0.13468634686346864,0,0.0,False,False,0.282,0.0,0.0,0.0,0.428,0.2357051896405211,165.15801559604097,10.0,-7.686310741121793,,1.0,insufficient_high_e_mass_for_uniform_scs,materials_t0_active_audit_emulation;existing_public_WBM_labels_only;t1_current_MP_used_only_as_utility_audit;not_prospective_materials_discovery;not_DFT_evidence;not_materials_primary_headline
materials_discovery,ALIGNN-FF WBM,materials_alignn_exact_stable_alpha010_K300,300,0.1,13,random,0.01,108401,1084,154,0.14206642066420663,0,0.0,False,False,0.19333333333333333,0.0,0.0,0.0,0.37,0.39284198273420184,165.15801559604097,10.0,-6.138780558721944,,1.0,insufficient_high_e_mass_for_uniform_scs,materials_t0_active_audit_emulation;existing_public_WBM_labels_only;t1_current_MP_used_only_as_utility_audit;not_prospective_materials_discovery;not_DFT_evidence;not_materials_primary_headline
materials_discovery,ALIGNN-FF WBM,materials_alignn_exact_stable_alpha010_K500,500,0.1,13,random,0.01,108401,1084,154,0.14206642066420663,0,0.0,False,False,0.282,0.0,0.0,0.0,0.428,0.2357051896405211,165.15801559604097,10.0,-7.686310741121793,,1.0,insufficient_high_e_mass_for_uniform_scs,materials_t0_active_audit_emulation;existing_public_WBM_labels_only;t1_current_MP_used_only_as_utility_audit;not_prospective_materials_discovery;not_DFT_evidence;not_materials_primary_headline
materials_discovery,ALIGNN-FF WBM,materials_alignn_exact_stable_alpha010_K300,300,0.1,13,random,0.02,108401,2168,331,0.15267527675276754,0,0.0,False,False,0.19333333333333333,0.0,0.0,0.0,0.37,0.39284198273420184,165.15801559604097,10.0,-6.138780558721944,,1.0,insufficient_high_e_mass_for_uniform_scs,materials_t0_active_audit_emulation;existing_public_WBM_labels_only;t1_current_MP_used_only_as_utility_audit;not_prospective_materials_discovery;not_DFT_evidence;not_materials_primary_headline
materials_discovery,ALIGNN-FF WBM,materials_alignn_exact_stable_alpha010_K500,500,0.1,13,random,0.02,108401,2168,331,0.15267527675276754,0,0.0,False,False,0.282,0.0,0.0,0.0,0.428,0.2357051896405211,165.15801559604097,10.0,-7.670443552339622,,1.0,insufficient_high_e_mass_for_uniform_scs,materials_t0_active_audit_emulation;existing_public_WBM_labels_only;t1_current_MP_used_only_as_utility_audit;not_prospective_materials_discovery;not_DFT_evidence;not_materials_primary_headline
materials_discovery,ALIGNN-FF WBM,materials_alignn_exact_stable_alpha010_K300,300,0.1,13,random,0.05,108401,5420,814,0.15018450184501844,0,0.0,False,False,0.19333333333333333,0.0,0.0,0.0,0.37,0.392755001354324,165.1186747548975,10.0,-6.139633905279286,,0.9997287032013022,insufficient_high_e_mass_for_uniform_scs,materials_t0_active_audit_emulation;existing_public_WBM_labels_only;t1_current_MP_used_only_as_utility_audit;not_prospective_materials_discovery;not_DFT_evidence;not_materials_primary_headline
materials_discovery,ALIGNN-FF WBM,materials_alignn_exact_stable_alpha010_K500,500,0.1,13,random,0.05,108401,5420,814,0.15018450184501844,0,0.0,False,False,0.282,0.0,0.0,0.0,0.428,0.2356530008125944,165.1186747548975,10.0,-7.67095300493177,,0.9997287032013022,insufficient_high_e_mass_for_uniform_scs,materials_t0_active_audit_emulation;existing_public_WBM_labels_only;t1_current_MP_used_only_as_utility_audit;not_prospective_materials_discovery;not_DFT_evidence;not_materials_primary_headline
materials_discovery,ALIGNN-FF WBM,materials_alignn_exact_stable_alpha010_K300,300,0.1,13,random,0.1,108401,10840,1642,0.1514760147601476,0,0.0,False,False,0.19333333333333333,0.0,0.0,0.0,0.37,0.42765882349300616,164.9219537499643,10.0,-5.837689277316838,,0.9983722192078134,insufficient_high_e_mass_for_uniform_scs,materials_t0_active_audit_emulation;existing_public_WBM_labels_only;t1_current_MP_used_only_as_utility_audit;not_prospective_materials_discovery;not_DFT_evidence;not_materials_primary_headline
materials_discovery,ALIGNN-FF WBM,materials_alignn_exact_stable_alpha010_K500,500,0.1,13,random,0.1,108401,10840,1642,0.1514760147601476,0,0.0,False,False,0.282,0.0,0.0,0.0,0.428,0.25659529409580367,164.9219537499643,10.0,-7.55570901756275,,0.9983722192078134,insufficient_high_e_mass_for_uniform_scs,materials_t0_active_audit_emulation;existing_public_WBM_labels_only;t1_current_MP_used_only_as_utility_audit;not_prospective_materials_discovery;not_DFT_evidence;not_materials_primary_headline
materials_discovery,ALIGNN-FF WBM,materials_alignn_exact_stable_alpha010_K300,300,0.1,13,random,0.2,108401,21680,3276,0.1511070110701107,0,0.0,False,False,0.19333333333333333,0.0,0.0,0.0,0.37,0.4315500193267718,164.84325750151808,10.0,-5.839534898272357,,0.9978296256104178,insufficient_high_e_mass_for_uniform_scs,materials_t0_active_audit_emulation;existing_public_WBM_labels_only;t1_current_MP_used_only_as_utility_audit;not_prospective_materials_discovery;not_DFT_evidence;not_materials_primary_headline
materials_discovery,ALIGNN-FF WBM,materials_alignn_exact_stable_alpha010_K500,500,0.1,13,random,0.2,108401,21680,3276,0.1511070110701107,0,0.0,False,False,0.282,0.0,0.0,0.0,0.428,0.26046609175762303,164.84325750151808,10.0,-7.502314332959532,,0.9978296256104178,insufficient_high_e_mass_for_uniform_scs,materials_t0_active_audit_emulation;existing_public_WBM_labels_only;t1_current_MP_used_only_as_utility_audit;not_prospective_materials_discovery;not_DFT_evidence;not_materials_primary_headline
materials_discovery,ALIGNN-FF WBM,materials_alignn_exact_stable_alpha010_K300,300,0.1,13,raw_score_targeted,0.0,108401,0,0,0.0,0,0.0,False,False,0.19333333333333333,0.0,0.0,0.0,0.37,0.39284198273420184,165.15801559604097,10.0,-6.138780558721944,,1.0,insufficient_high_e_mass_for_uniform_scs,materials_t0_active_audit_emulation;existing_public_WBM_labels_only;t1_current_MP_used_only_as_utility_audit;not_prospective_materials_discovery;not_DFT_evidence;not_materials_primary_headline
materials_discovery,ALIGNN-FF WBM,materials_alignn_exact_stable_alpha010_K500,500,0.1,13,raw_score_targeted,0.0,108401,0,0,0.0,0,0.0,False,False,0.282,0.0,0.0,0.0,0.428,0.2357051896405211,165.15801559604097,10.0,-7.686310741121793,,1.0,insufficient_high_e_mass_for_uniform_scs,materials_t0_active_audit_emulation;existing_public_WBM_labels_only;t1_current_MP_used_only_as_utility_audit;not_prospective_materials_discovery;not_DFT_evidence;not_materials_primary_headline
materials_discovery,ALIGNN-FF WBM,materials_alignn_exact_stable_alpha010_K300,300,0.1,13,raw_score_targeted,0.005,108401,542,307,0.566420664206642,126,0.047619047619047616,True,False,0.19333333333333333,1.0,0.30952380952380953,0.30952380952380953,0.37,4.123048843749108,164.9219537499643,10.0,0.1375224954592973,23.809523809523807,0.9983722192078134,,materials_t0_active_audit_emulation;existing_public_WBM_labels_only;t1_current_MP_used_only_as_utility_audit;not_prospective_materials_discovery;not_DFT_evidence;not_materials_primary_headline
materials_discovery,ALIGNN-FF WBM,materials_alignn_exact_stable_alpha010_K500,500,0.1,13,raw_score_targeted,0.005,108401,542,307,0.566420664206642,86,0.011627906976744186,True,False,0.282,1.0,0.32558139534883723,0.32558139534883723,0.428,2.4738293062494643,164.9219537499643,10.0,4.704666624124464,58.139534883720934,0.9983722192078134,,materials_t0_active_audit_emulation;existing_public_WBM_labels_only;t1_current_MP_used_only_as_utility_audit;not_prospective_materials_discovery;not_DFT_evidence;not_materials_primary_headline
materials_discovery,ALIGNN-FF WBM,materials_alignn_exact_stable_alpha010_K300,300,0.1,13,raw_score_targeted,0.01,108401,1084,599,0.5525830258302583,126,0.047619047619047616,True,False,0.19333333333333333,1.0,0.30952380952380953,0.30952380952380953,0.37,4.119113919124251,164.76455676497005,10.0,0.11551594662670084,23.809523809523807,0.9972870320130223,,materials_t0_active_audit_emulation;existing_public_WBM_labels_only;t1_current_MP_used_only_as_utility_audit;not_prospective_materials_discovery;not_DFT_evidence;not_materials_primary_headline
materials_discovery,ALIGNN-FF WBM,materials_alignn_exact_stable_alpha010_K500,500,0.1,13,raw_score_targeted,0.01,108401,1084,599,0.5525830258302583,86,0.011627906976744186,True,False,0.282,1.0,0.32558139534883723,0.32558139534883723,0.428,2.4714683514745506,164.76455676497005,10.0,4.645802345654722,58.139534883720934,0.9972870320130223,,materials_t0_active_audit_emulation;existing_public_WBM_labels_only;t1_current_MP_used_only_as_utility_audit;not_prospective_materials_discovery;not_DFT_evidence;not_materials_primary_headline
materials_discovery,ALIGNN-FF WBM,materials_alignn_exact_stable_alpha010_K300,300,0.1,13,raw_score_targeted,0.02,108401,2168,1169,0.5392066420664207,126,0.047619047619047616,True,False,0.19333333333333333,1.0,0.30952380952380953,0.30952380952380953,0.37,4.1161624309631,164.64649723852398,10.0,0.09900903253203097,23.809523809523807,0.9964731416169289,,materials_t0_active_audit_emulation;existing_public_WBM_labels_only;t1_current_MP_used_only_as_utility_audit;not_prospective_materials_discovery;not_DFT_evidence;not_materials_primary_headline
materials_discovery,ALIGNN-FF WBM,materials_alignn_exact_stable_alpha010_K500,500,0.1,13,raw_score_targeted,0.02,108401,2168,1169,0.5392066420664207,86,0.011627906976744186,True,False,0.282,1.0,0.32558139534883723,0.32558139534883723,0.428,2.4696974585778597,164.64649723852398,10.0,4.601649250440154,58.139534883720934,0.9964731416169289,,materials_t0_active_audit_emulation;existing_public_WBM_labels_only;t1_current_MP_used_only_as_utility_audit;not_prospective_materials_discovery;not_DFT_evidence;not_materials_primary_headline
materials_discovery,ALIGNN-FF WBM,materials_alignn_exact_stable_alpha010_K300,300,0.1,13,raw_score_targeted,0.05,108401,5420,2509,0.4629151291512915,126,0.047619047619047616,True,False,0.19333333333333333,1.0,0.30952380952380953,0.30952380952380953,0.37,4.104353947131144,164.17415788524576,10.0,0.03296417538047791,23.809523809523807,0.9932175800325557,,materials_t0_active_audit_emulation;existing_public_WBM_labels_only;t1_current_MP_used_only_as_utility_audit;not_prospective_materials_discovery;not_DFT_evidence;not_materials_primary_headline
materials_discovery,ALIGNN-FF WBM,materials_alignn_exact_stable_alpha010_K500,500,0.1,13,raw_score_targeted,0.05,108401,5420,2509,0.4629151291512915,86,0.011627906976744186,True,False,0.282,1.0,0.32558139534883723,0.32558139534883723,0.428,2.4626123682786867,164.17415788524576,10.0,4.424994898023229,58.139534883720934,0.9932175800325557,,materials_t0_active_audit_emulation;existing_public_WBM_labels_only;t1_current_MP_used_only_as_utility_audit;not_prospective_materials_discovery;not_DFT_evidence;not_materials_primary_headline
materials_discovery,ALIGNN-FF WBM,materials_alignn_exact_stable_alpha010_K300,300,0.1,13,raw_score_targeted,0.1,108401,10840,4155,0.38330258302583026,121,0.049586776859504134,True,False,0.19333333333333333,1.0,0.32231404958677684,0.32231404958677684,0.37,4.087618304704285,163.5047321881714,10.0,1.5431284199043027,24.793388429752063,0.9886055344546935,,materials_t0_active_audit_emulation;existing_public_WBM_labels_only;t1_current_MP_used_only_as_utility_audit;not_prospective_materials_discovery;not_DFT_evidence;not_materials_primary_headline
materials_discovery,ALIGNN-FF WBM,materials_alignn_exact_stable_alpha010_K500,500,0.1,13,raw_score_targeted,0.1,108401,10840,4155,0.38330258302583026,86,0.011627906976744186,True,False,0.282,1.0,0.32558139534883723,0.32558139534883723,0.428,2.452570982822571,163.5047321881714,10.0,4.174619199720013,58.139534883720934,0.9886055344546935,,materials_t0_active_audit_emulation;existing_public_WBM_labels_only;t1_current_MP_used_only_as_utility_audit;not_prospective_materials_discovery;not_DFT_evidence;not_materials_primary_headline
materials_discovery,ALIGNN-FF WBM,materials_alignn_exact_stable_alpha010_K300,300,0.1,13,raw_score_targeted,0.2,108401,21680,8399,0.38740774907749076,121,0.049586776859504134,True,False,0.19333333333333333,1.0,0.32231404958677684,0.32231404958677684,0.37,4.06693354093429,162.6773416373716,10.0,1.4145411760663151,24.793388429752063,0.9829083016820401,,materials_t0_active_audit_emulation;existing_public_WBM_labels_only;t1_current_MP_used_only_as_utility_audit;not_prospective_materials_discovery;not_DFT_evidence;not_materials_primary_headline
materials_discovery,ALIGNN-FF WBM,materials_alignn_exact_stable_alpha010_K500,500,0.1,13,raw_score_targeted,0.2,108401,21680,8399,0.38740774907749076,86,0.011627906976744186,True,False,0.282,1.0,0.32558139534883723,0.32558139534883723,0.428,2.440160124560574,162.6773416373716,10.0,3.8651437882737127,58.139534883720934,0.9829083016820401,,materials_t0_active_audit_emulation;existing_public_WBM_labels_only;t1_current_MP_used_only_as_utility_audit;not_prospective_materials_discovery;not_DFT_evidence;not_materials_primary_headline
materials_discovery,ALIGNN-FF WBM,materials_alignn_exact_stable_alpha010_K300,300,0.1,13,parc_m_evidence_targeted,0.0,108401,0,0,0.0,0,0.0,False,False,0.19333333333333333,0.0,0.0,0.0,0.37,0.39284198273420184,165.15801559604097,10.0,-6.138780558721944,,1.0,insufficient_high_e_mass_for_uniform_scs,materials_t0_active_audit_emulation;existing_public_WBM_labels_only;t1_current_MP_used_only_as_utility_audit;not_prospective_materials_discovery;not_DFT_evidence;not_materials_primary_headline
materials_discovery,ALIGNN-FF WBM,materials_alignn_exact_stable_alpha010_K500,500,0.1,13,parc_m_evidence_targeted,0.0,108401,0,0,0.0,0,0.0,False,False,0.282,0.0,0.0,0.0,0.428,0.2357051896405211,165.15801559604097,10.0,-7.686310741121793,,1.0,insufficient_high_e_mass_for_uniform_scs,materials_t0_active_audit_emulation;existing_public_WBM_labels_only;t1_current_MP_used_only_as_utility_audit;not_prospective_materials_discovery;not_DFT_evidence;not_materials_primary_headline
materials_discovery,ALIGNN-FF WBM,materials_alignn_exact_stable_alpha010_K300,300,0.1,13,parc_m_evidence_targeted,0.005,108401,542,301,0.5553505535055351,75,0.0,True,False,0.19333333333333333,1.0,0.32,0.32,0.37,1.2586496796922397,165.15801559604097,10.0,0.18273060293523002,40.0,1.0,,materials_t0_active_audit_emulation;existing_public_WBM_labels_only;t1_current_MP_used_only_as_utility_audit;not_prospective_materials_discovery;not_DFT_evidence;not_materials_primary_headline
materials_discovery,ALIGNN-FF WBM,materials_alignn_exact_stable_alpha010_K500,500,0.1,13,parc_m_evidence_targeted,0.005,108401,542,301,0.5553505535055351,0,0.0,False,False,0.282,0.0,0.0,0.0,0.428,0.7551898078153438,165.15801559604097,10.0,-5.832153299714593,,1.0,insufficient_high_e_mass_for_uniform_scs,materials_t0_active_audit_emulation;existing_public_WBM_labels_only;t1_current_MP_used_only_as_utility_audit;not_prospective_materials_discovery;not_DFT_evidence;not_materials_primary_headline
materials_discovery,ALIGNN-FF WBM,materials_alignn_exact_stable_alpha010_K300,300,0.1,13,parc_m_evidence_targeted,0.01,108401,1084,593,0.5470479704797048,75,0.0,True,False,0.19333333333333333,1.0,0.32,0.32,0.37,1.2577668967149727,165.03998971386562,10.0,0.1547950999832679,40.0,0.9991861096039066,,materials_t0_active_audit_emulation;existing_public_WBM_labels_only;t1_current_MP_used_only_as_utility_audit;not_prospective_materials_discovery;not_DFT_evidence;not_materials_primary_headline
materials_discovery,ALIGNN-FF WBM,materials_alignn_exact_stable_alpha010_K500,500,0.1,13,parc_m_evidence_targeted,0.01,108401,1084,593,0.5470479704797048,0,0.0,False,False,0.282,0.0,0.0,0.0,0.428,0.7546601380289836,165.03998971386562,10.0,-5.834921122623707,,0.9991861096039066,insufficient_high_e_mass_for_uniform_scs,materials_t0_active_audit_emulation;existing_public_WBM_labels_only;t1_current_MP_used_only_as_utility_audit;not_prospective_materials_discovery;not_DFT_evidence;not_materials_primary_headline
materials_discovery,ALIGNN-FF WBM,materials_alignn_exact_stable_alpha010_K300,300,0.1,13,parc_m_evidence_targeted,0.02,108401,2168,1155,0.5327490774907749,75,0.0,True,False,0.19333333333333333,1.0,0.32,0.32,0.37,1.2571783283014923,164.961300192067,10.0,0.13616989612290098,40.0,0.9986435160065111,,materials_t0_active_audit_emulation;existing_public_WBM_labels_only;t1_current_MP_used_only_as_utility_audit;not_prospective_materials_discovery;not_DFT_evidence;not_materials_primary_headline
materials_discovery,ALIGNN-FF WBM,materials_alignn_exact_stable_alpha010_K500,500,0.1,13,parc_m_evidence_targeted,0.02,108401,2168,1155,0.5327490774907749,0,0.0,False,False,0.282,0.0,0.0,0.0,0.428,0.7543069969808954,164.961300192067,10.0,-5.836766522199792,,0.9986435160065111,insufficient_high_e_mass_for_uniform_scs,materials_t0_active_audit_emulation;existing_public_WBM_labels_only;t1_current_MP_used_only_as_utility_audit;not_prospective_materials_discovery;not_DFT_evidence;not_materials_primary_headline
materials_discovery,ALIGNN-FF WBM,materials_alignn_exact_stable_alpha010_K300,300,0.1,13,parc_m_evidence_targeted,0.05,108401,5420,2465,0.4547970479704797,83,0.0,True,False,0.19333333333333333,1.0,0.3132530120481928,0.3132530120481928,0.37,2.03112550229435,164.6858515373797,10.0,3.926393684488417,36.14457831325301,0.9967444384156267,,materials_t0_active_audit_emulation;existing_public_WBM_labels_only;t1_current_MP_used_only_as_utility_audit;not_prospective_materials_discovery;not_DFT_evidence;not_materials_primary_headline
materials_discovery,ALIGNN-FF WBM,materials_alignn_exact_stable_alpha010_K500,500,0.1,13,parc_m_evidence_targeted,0.05,108401,5420,2465,0.4547970479704797,60,0.0,True,False,0.282,1.0,0.36666666666666664,0.36666666666666664,0.428,1.2186753013766098,164.6858515373797,10.0,6.264115344174414,83.33333333333333,0.9967444384156267,,materials_t0_active_audit_emulation;existing_public_WBM_labels_only;t1_current_MP_used_only_as_utility_audit;not_prospective_materials_discovery;not_DFT_evidence;not_materials_primary_headline
materials_discovery,ALIGNN-FF WBM,materials_alignn_exact_stable_alpha010_K300,300,0.1,13,parc_m_evidence_targeted,0.1,108401,10840,4111,0.37924354243542435,114,0.03508771929824561,True,False,0.19333333333333333,1.0,0.30701754385964913,0.30701754385964913,0.37,3.281908377615184,164.0954188807592,10.0,0.11251805711323826,26.31578947368421,0.9926749864351601,,materials_t0_active_audit_emulation;existing_public_WBM_labels_only;t1_current_MP_used_only_as_utility_audit;not_prospective_materials_discovery;not_DFT_evidence;not_materials_primary_headline
materials_discovery,ALIGNN-FF WBM,materials_alignn_exact_stable_alpha010_K500,500,0.1,13,parc_m_evidence_targeted,0.1,108401,10840,4111,0.37924354243542435,74,0.0,True,False,0.282,1.0,0.32432432432432434,0.32432432432432434,0.428,1.9691450265691106,164.0954188807592,10.0,21.712413293855093,67.56756756756756,0.9926749864351601,,materials_t0_active_audit_emulation;existing_public_WBM_labels_only;t1_current_MP_used_only_as_utility_audit;not_prospective_materials_discovery;not_DFT_evidence;not_materials_primary_headline
materials_discovery,ALIGNN-FF WBM,materials_alignn_exact_stable_alpha010_K300,300,0.1,13,parc_m_evidence_targeted,0.2,108401,21680,8442,0.38939114391143914,121,0.049586776859504134,True,False,0.19333333333333333,1.0,0.32231404958677684,0.32231404958677684,0.37,4.082694498853406,163.30777995413624,10.0,1.5125209250544636,24.793388429752063,0.9872490504612046,,materials_t0_active_audit_emulation;existing_public_WBM_labels_only;t1_current_MP_used_only_as_utility_audit;not_prospective_materials_discovery;not_DFT_evidence;not_materials_primary_headline
materials_discovery,ALIGNN-FF WBM,materials_alignn_exact_stable_alpha010_K500,500,0.1,13,parc_m_evidence_targeted,0.2,108401,21680,8442,0.38939114391143914,86,0.011627906976744186,True,False,0.282,1.0,0.32558139534883723,0.32558139534883723,0.428,2.4496166993120436,163.30777995413624,10.0,4.100953449809708,58.139534883720934,0.9872490504612046,,materials_t0_active_audit_emulation;existing_public_WBM_labels_only;t1_current_MP_used_only_as_utility_audit;not_prospective_materials_discovery;not_DFT_evidence;not_materials_primary_headline
materials_discovery,ALIGNN-FF WBM,materials_alignn_exact_stable_alpha010_K300,300,0.1,13,chgnet_mace_support_targeted,0.0,108401,0,0,0.0,0,0.0,False,False,0.19333333333333333,0.0,0.0,0.0,0.37,0.39284198273420184,165.15801559604097,10.0,-6.138780558721944,,1.0,insufficient_high_e_mass_for_uniform_scs,materials_t0_active_audit_emulation;existing_public_WBM_labels_only;t1_current_MP_used_only_as_utility_audit;not_prospective_materials_discovery;not_DFT_evidence;not_materials_primary_headline
materials_discovery,ALIGNN-FF WBM,materials_alignn_exact_stable_alpha010_K500,500,0.1,13,chgnet_mace_support_targeted,0.0,108401,0,0,0.0,0,0.0,False,False,0.282,0.0,0.0,0.0,0.428,0.2357051896405211,165.15801559604097,10.0,-7.686310741121793,,1.0,insufficient_high_e_mass_for_uniform_scs,materials_t0_active_audit_emulation;existing_public_WBM_labels_only;t1_current_MP_used_only_as_utility_audit;not_prospective_materials_discovery;not_DFT_evidence;not_materials_primary_headline
materials_discovery,ALIGNN-FF WBM,materials_alignn_exact_stable_alpha010_K300,300,0.1,13,chgnet_mace_support_targeted,0.005,108401,542,118,0.2177121771217712,0,0.0,False,False,0.19333333333333333,0.0,0.0,0.0,0.37,0.4151773482566357,165.03998971386562,10.0,-5.9427003378181915,,0.9991861096039066,insufficient_high_e_mass_for_uniform_scs,materials_t0_active_audit_emulation;existing_public_WBM_labels_only;t1_current_MP_used_only_as_utility_audit;not_prospective_materials_discovery;not_DFT_evidence;not_materials_primary_headline
materials_discovery,ALIGNN-FF WBM,materials_alignn_exact_stable_alpha010_K500,500,0.1,13,chgnet_mace_support_targeted,0.005,108401,542,118,0.2177121771217712,0,0.0,False,False,0.282,0.0,0.0,0.0,0.428,0.24910640895398142,165.03998971386562,10.0,-7.606147443435345,,0.9991861096039066,insufficient_high_e_mass_for_uniform_scs,materials_t0_active_audit_emulation;existing_public_WBM_labels_only;t1_current_MP_used_only_as_utility_audit;not_prospective_materials_discovery;not_DFT_evidence;not_materials_primary_headline
materials_discovery,ALIGNN-FF WBM,materials_alignn_exact_stable_alpha010_K300,300,0.1,13,chgnet_mace_support_targeted,0.01,108401,1084,235,0.21678966789667897,0,0.0,False,False,0.19333333333333333,0.0,0.0,0.0,0.37,0.4149930231011877,164.961300192067,10.0,-5.944497009196371,,0.9986435160065111,insufficient_high_e_mass_for_uniform_scs,materials_t0_active_audit_emulation;existing_public_WBM_labels_only;t1_current_MP_used_only_as_utility_audit;not_prospective_materials_discovery;not_DFT_evidence;not_materials_primary_headline
materials_discovery,ALIGNN-FF WBM,materials_alignn_exact_stable_alpha010_K500,500,0.1,13,chgnet_mace_support_targeted,0.01,108401,1084,235,0.21678966789667897,0,0.0,False,False,0.282,0.0,0.0,0.0,0.428,0.24899581386071262,164.961300192067,10.0,-7.607195922645312,,0.9986435160065111,insufficient_high_e_mass_for_uniform_scs,materials_t0_active_audit_emulation;existing_public_WBM_labels_only;t1_current_MP_used_only_as_utility_audit;not_prospective_materials_discovery;not_DFT_evidence;not_materials_primary_headline
materials_discovery,ALIGNN-FF WBM,materials_alignn_exact_stable_alpha010_K300,300,0.1,13,chgnet_mace_support_targeted,0.02,108401,2168,378,0.17435424354243542,0,0.0,False,False,0.19333333333333333,0.0,0.0,0.0,0.37,0.41462432889178824,164.80390769444054,10.0,-5.948090783896299,,0.99755832881172,insufficient_high_e_mass_for_uniform_scs,materials_t0_active_audit_emulation;existing_public_WBM_labels_only;t1_current_MP_used_only_as_utility_audit;not_prospective_materials_discovery;not_DFT_evidence;not_materials_primary_headline
materials_discovery,ALIGNN-FF WBM,materials_alignn_exact_stable_alpha010_K500,500,0.1,13,chgnet_mace_support_targeted,0.02,108401,2168,378,0.17435424354243542,0,0.0,False,False,0.282,0.0,0.0,0.0,0.428,0.24877459733507293,164.80390769444054,10.0,-7.609293143068479,,0.99755832881172,insufficient_high_e_mass_for_uniform_scs,materials_t0_active_audit_emulation;existing_public_WBM_labels_only;t1_current_MP_used_only_as_utility_audit;not_prospective_materials_discovery;not_DFT_evidence;not_materials_primary_headline
materials_discovery,ALIGNN-FF WBM,materials_alignn_exact_stable_alpha010_K300,300,0.1,13,chgnet_mace_support_targeted,0.05,108401,5420,1769,0.3263837638376384,126,0.047619047619047616,True,False,0.19333333333333333,1.0,0.30952380952380953,0.30952380952380953,0.37,4.10238547201898,164.0954188807592,10.0,0.021954018382352558,23.809523809523807,0.9926749864351601,,materials_t0_active_audit_emulation;existing_public_WBM_labels_only;t1_current_MP_used_only_as_utility_audit;not_prospective_materials_discovery;not_DFT_evidence;not_materials_primary_headline
materials_discovery,ALIGNN-FF WBM,materials_alignn_exact_stable_alpha010_K500,500,0.1,13,chgnet_mace_support_targeted,0.05,108401,5420,1769,0.3263837638376384,86,0.011627906976744186,True,False,0.282,1.0,0.32558139534883723,0.32558139534883723,0.428,2.4614312832113883,164.0954188807592,10.0,4.395545964693973,58.139534883720934,0.9926749864351601,,materials_t0_active_audit_emulation;existing_public_WBM_labels_only;t1_current_MP_used_only_as_utility_audit;not_prospective_materials_discovery;not_DFT_evidence;not_materials_primary_headline
materials_discovery,ALIGNN-FF WBM,materials_alignn_exact_stable_alpha010_K300,300,0.1,13,chgnet_mace_support_targeted,0.1,108401,10840,3735,0.34455719557195574,121,0.049586776859504134,True,False,0.19333333333333333,1.0,0.32231404958677684,0.32231404958677684,0.37,4.087618304704285,163.5047321881714,10.0,1.5431284199043027,24.793388429752063,0.9886055344546935,,materials_t0_active_audit_emulation;existing_public_WBM_labels_only;t1_current_MP_used_only_as_utility_audit;not_prospective_materials_discovery;not_DFT_evidence;not_materials_primary_headline
materials_discovery,ALIGNN-FF WBM,materials_alignn_exact_stable_alpha010_K500,500,0.1,13,chgnet_mace_support_targeted,0.1,108401,10840,3735,0.34455719557195574,86,0.011627906976744186,True,False,0.282,1.0,0.32558139534883723,0.32558139534883723,0.428,2.452570982822571,163.5047321881714,10.0,4.174619199720013,58.139534883720934,0.9886055344546935,,materials_t0_active_audit_emulation;existing_public_WBM_labels_only;t1_current_MP_used_only_as_utility_audit;not_prospective_materials_discovery;not_DFT_evidence;not_materials_primary_headline
materials_discovery,ALIGNN-FF WBM,materials_alignn_exact_stable_alpha010_K300,300,0.1,13,chgnet_mace_support_targeted,0.2,108401,21680,7648,0.35276752767527675,121,0.049586776859504134,True,False,0.19333333333333333,1.0,0.32231404958677684,0.32231404958677684,0.37,4.067918814633211,162.71675258532844,10.0,1.4206665106827963,24.793388429752063,0.9831795984807379,,materials_t0_active_audit_emulation;existing_public_WBM_labels_only;t1_current_MP_used_only_as_utility_audit;not_prospective_materials_discovery;not_DFT_evidence;not_materials_primary_headline
materials_discovery,ALIGNN-FF WBM,materials_alignn_exact_stable_alpha010_K500,500,0.1,13,chgnet_mace_support_targeted,0.2,108401,21680,7648,0.35276752767527675,86,0.011627906976744186,True,False,0.282,1.0,0.32558139534883723,0.32558139534883723,0.428,2.4407512887799268,162.71675258532844,10.0,3.879885438545749,58.139534883720934,0.9831795984807379,,materials_t0_active_audit_emulation;existing_public_WBM_labels_only;t1_current_MP_used_only_as_utility_audit;not_prospective_materials_discovery;not_DFT_evidence;not_materials_primary_headline
materials_discovery,ALIGNN-FF WBM,materials_alignn_exact_stable_alpha010_K300,300,0.1,13,mass_gain,0.0,108401,0,0,0.0,0,0.0,False,False,0.19333333333333333,0.0,0.0,0.0,0.37,0.39284198273420184,165.15801559604097,10.0,-6.138780558721944,,1.0,insufficient_high_e_mass_for_uniform_scs,materials_t0_active_audit_emulation;existing_public_WBM_labels_only;t1_current_MP_used_only_as_utility_audit;not_prospective_materials_discovery;not_DFT_evidence;not_materials_primary_headline
materials_discovery,ALIGNN-FF WBM,materials_alignn_exact_stable_alpha010_K500,500,0.1,13,mass_gain,0.0,108401,0,0,0.0,0,0.0,False,False,0.282,0.0,0.0,0.0,0.428,0.2357051896405211,165.15801559604097,10.0,-7.686310741121793,,1.0,insufficient_high_e_mass_for_uniform_scs,materials_t0_active_audit_emulation;existing_public_WBM_labels_only;t1_current_MP_used_only_as_utility_audit;not_prospective_materials_discovery;not_DFT_evidence;not_materials_primary_headline
materials_discovery,ALIGNN-FF WBM,materials_alignn_exact_stable_alpha010_K300,300,0.1,13,mass_gain,0.005,108401,542,350,0.6457564575645757,0,0.0,False,False,0.19333333333333333,0.0,0.0,0.0,0.37,0.6766923896956523,164.88260618657026,10.0,-3.937510001442485,,0.9981009224091155,insufficient_high_e_mass_for_uniform_scs,materials_t0_active_audit_emulation;existing_public_WBM_labels_only;t1_current_MP_used_only_as_utility_audit;not_prospective_materials_discovery;not_DFT_evidence;not_materials_primary_headline
materials_discovery,ALIGNN-FF WBM,materials_alignn_exact_stable_alpha010_K500,500,0.1,13,mass_gain,0.005,108401,542,350,0.6457564575645757,0,0.0,False,False,0.282,0.0,0.0,0.0,0.428,0.40601543381739136,164.88260618657026,10.0,-6.701744339943037,,0.9981009224091155,insufficient_high_e_mass_for_uniform_scs,materials_t0_active_audit_emulation;existing_public_WBM_labels_only;t1_current_MP_used_only_as_utility_audit;not_prospective_materials_discovery;not_DFT_evidence;not_materials_primary_headline
materials_discovery,ALIGNN-FF WBM,materials_alignn_exact_stable_alpha010_K300,300,0.1,13,mass_gain,0.01,108401,1084,578,0.533210332103321,0,0.0,False,False,0.19333333333333333,0.0,0.0,0.0,0.37,0.6757552121144547,164.64649723852398,10.0,-3.945640111930545,,0.9964731416169289,insufficient_high_e_mass_for_uniform_scs,materials_t0_active_audit_emulation;existing_public_WBM_labels_only;t1_current_MP_used_only_as_utility_audit;not_prospective_materials_discovery;not_DFT_evidence;not_materials_primary_headline
materials_discovery,ALIGNN-FF WBM,materials_alignn_exact_stable_alpha010_K500,500,0.1,13,mass_gain,0.01,108401,1084,578,0.533210332103321,0,0.0,False,False,0.282,0.0,0.0,0.0,0.428,0.4054531272686728,164.64649723852398,10.0,-6.706112196608723,,0.9964731416169289,insufficient_high_e_mass_for_uniform_scs,materials_t0_active_audit_emulation;existing_public_WBM_labels_only;t1_current_MP_used_only_as_utility_audit;not_prospective_materials_discovery;not_DFT_evidence;not_materials_primary_headline
materials_discovery,ALIGNN-FF WBM,materials_alignn_exact_stable_alpha010_K300,300,0.1,13,mass_gain,0.02,108401,2168,1020,0.470479704797048,0,0.0,False,False,0.19333333333333333,0.0,0.0,0.0,0.37,0.6732551359130114,164.01667536009418,10.0,-3.9673297038841158,,0.9921323928377646,insufficient_high_e_mass_for_uniform_scs,materials_t0_active_audit_emulation;existing_public_WBM_labels_only;t1_current_MP_used_only_as_utility_audit;not_prospective_materials_discovery;not_DFT_evidence;not_materials_primary_headline
materials_discovery,ALIGNN-FF WBM,materials_alignn_exact_stable_alpha010_K500,500,0.1,13,mass_gain,0.02,108401,2168,1020,0.470479704797048,0,0.0,False,False,0.282,0.0,0.0,0.0,0.428,0.40395308154780685,164.01667536009418,10.0,-6.717765045494193,,0.9921323928377646,insufficient_high_e_mass_for_uniform_scs,materials_t0_active_audit_emulation;existing_public_WBM_labels_only;t1_current_MP_used_only_as_utility_audit;not_prospective_materials_discovery;not_DFT_evidence;not_materials_primary_headline
materials_discovery,ALIGNN-FF WBM,materials_alignn_exact_stable_alpha010_K300,300,0.1,13,mass_gain,0.05,108401,5420,2009,0.3706642066420664,0,0.0,False,False,0.19333333333333333,0.0,0.0,0.0,0.37,0.9901207922753698,162.71675258532844,10.0,-0.3951683089852125,,0.9831795984807379,insufficient_high_e_mass_for_uniform_scs,materials_t0_active_audit_emulation;existing_public_WBM_labels_only;t1_current_MP_used_only_as_utility_audit;not_prospective_materials_discovery;not_DFT_evidence;not_materials_primary_headline
materials_discovery,ALIGNN-FF WBM,materials_alignn_exact_stable_alpha010_K500,500,0.1,13,mass_gain,0.05,108401,5420,2009,0.3706642066420664,0,0.0,False,False,0.282,0.0,0.0,0.0,0.428,0.5940724753652219,162.71675258532844,10.0,-6.191753301941382,,0.9831795984807379,insufficient_high_e_mass_for_uniform_scs,materials_t0_active_audit_emulation;existing_public_WBM_labels_only;t1_current_MP_used_only_as_utility_audit;not_prospective_materials_discovery;not_DFT_evidence;not_materials_primary_headline
materials_discovery,ALIGNN-FF WBM,materials_alignn_exact_stable_alpha010_K300,300,0.1,13,mass_gain,0.1,108401,10840,3360,0.30996309963099633,92,0.021739130434782608,True,False,0.19333333333333333,1.0,0.32608695652173914,0.32608695652173914,0.37,1.5412684141959578,161.73113523919278,10.0,0.9395610322271395,32.60869565217391,0.9763971785132936,,materials_t0_active_audit_emulation;existing_public_WBM_labels_only;t1_current_MP_used_only_as_utility_audit;not_prospective_materials_discovery;not_DFT_evidence;not_materials_primary_headline
materials_discovery,ALIGNN-FF WBM,materials_alignn_exact_stable_alpha010_K500,500,0.1,13,mass_gain,0.1,108401,10840,3360,0.30996309963099633,0,0.0,False,False,0.282,0.0,0.0,0.0,0.428,0.9247610485175748,161.73113523919278,10.0,-5.015930098828356,,0.9763971785132936,insufficient_high_e_mass_for_uniform_scs,materials_t0_active_audit_emulation;existing_public_WBM_labels_only;t1_current_MP_used_only_as_utility_audit;not_prospective_materials_discovery;not_DFT_evidence;not_materials_primary_headline
materials_discovery,ALIGNN-FF WBM,materials_alignn_exact_stable_alpha010_K300,300,0.1,13,mass_gain,0.2,108401,21680,5934,0.27370848708487083,92,0.021739130434782608,True,False,0.19333333333333333,1.0,0.32608695652173914,0.32608695652173914,0.37,1.9036369184695787,161.4550336440983,10.0,0.8840309054271458,32.60869565217391,0.9744981009224091,,materials_t0_active_audit_emulation;existing_public_WBM_labels_only;t1_current_MP_used_only_as_utility_audit;not_prospective_materials_discovery;not_DFT_evidence;not_materials_primary_headline
materials_discovery,ALIGNN-FF WBM,materials_alignn_exact_stable_alpha010_K500,500,0.1,13,mass_gain,0.2,108401,21680,5934,0.27370848708487083,65,0.0,True,False,0.282,1.0,0.35384615384615387,0.35384615384615387,0.428,1.1421821510817471,161.4550336440983,10.0,10.937088544749784,76.92307692307692,0.9744981009224091,,materials_t0_active_audit_emulation;existing_public_WBM_labels_only;t1_current_MP_used_only_as_utility_audit;not_prospective_materials_discovery;not_DFT_evidence;not_materials_primary_headline
materials_discovery,ALIGNN-FF WBM,materials_alignn_exact_stable_alpha010_K300,300,0.1,14,random,0.0,107718,0,0,0.0,0,0.0,False,False,0.23,0.0,0.0,0.0,0.32666666666666666,0.3685440679835215,165.15801559604097,10.0,-6.592017819741061,,1.0,insufficient_high_e_mass_for_uniform_scs,materials_t0_active_audit_emulation;existing_public_WBM_labels_only;t1_current_MP_used_only_as_utility_audit;not_prospective_materials_discovery;not_DFT_evidence;not_materials_primary_headline
materials_discovery,ALIGNN-FF WBM,materials_alignn_exact_stable_alpha010_K500,500,0.1,14,random,0.0,107718,0,0,0.0,0,0.0,False,False,0.296,0.0,0.0,0.0,0.474,0.2211264407901129,165.15801559604097,10.0,-7.949314963897178,,1.0,insufficient_high_e_mass_for_uniform_scs,materials_t0_active_audit_emulation;existing_public_WBM_labels_only;t1_current_MP_used_only_as_utility_audit;not_prospective_materials_discovery;not_DFT_evidence;not_materials_primary_headline
materials_discovery,ALIGNN-FF WBM,materials_alignn_exact_stable_alpha010_K300,300,0.1,14,random,0.005,107718,539,94,0.17439703153988867,0,0.0,False,False,0.23,0.0,0.0,0.0,0.32666666666666666,0.3685440679835215,165.15801559604097,10.0,-6.592017819741061,,1.0,insufficient_high_e_mass_for_uniform_scs,materials_t0_active_audit_emulation;existing_public_WBM_labels_only;t1_current_MP_used_only_as_utility_audit;not_prospective_materials_discovery;not_DFT_evidence;not_materials_primary_headline
materials_discovery,ALIGNN-FF WBM,materials_alignn_exact_stable_alpha010_K500,500,0.1,14,random,0.005,107718,539,94,0.17439703153988867,0,0.0,False,False,0.296,0.0,0.0,0.0,0.474,0.2211264407901129,165.15801559604097,10.0,-7.949314963897178,,1.0,insufficient_high_e_mass_for_uniform_scs,materials_t0_active_audit_emulation;existing_public_WBM_labels_only;t1_current_MP_used_only_as_utility_audit;not_prospective_materials_discovery;not_DFT_evidence;not_materials_primary_headline
materials_discovery,ALIGNN-FF WBM,materials_alignn_exact_stable_alpha010_K300,300,0.1,14,random,0.01,107718,1077,179,0.16620241411327763,0,0.0,False,False,0.23,0.0,0.0,0.0,0.32666666666666666,0.36846116457236927,165.1186747548975,10.0,-6.592769050518903,,0.9997287032013022,insufficient_high_e_mass_for_uniform_scs,materials_t0_active_audit_emulation;existing_public_WBM_labels_only;t1_current_MP_used_only_as_utility_audit;not_prospective_materials_discovery;not_DFT_evidence;not_materials_primary_headline
materials_discovery,ALIGNN-FF WBM,materials_alignn_exact_stable_alpha010_K500,500,0.1,14,random,0.01,107718,1077,179,0.16620241411327763,0,0.0,False,False,0.296,0.0,0.0,0.0,0.474,0.22107669874342156,165.1186747548975,10.0,-7.94976223269497,,0.9997287032013022,insufficient_high_e_mass_for_uniform_scs,materials_t0_active_audit_emulation;existing_public_WBM_labels_only;t1_current_MP_used_only_as_utility_audit;not_prospective_materials_discovery;not_DFT_evidence;not_materials_primary_headline
materials_discovery,ALIGNN-FF WBM,materials_alignn_exact_stable_alpha010_K300,300,0.1,14,random,0.02,107718,2154,360,0.1671309192200557,0,0.0,False,False,0.23,0.0,0.0,0.0,0.32666666666666666,0.36846116457236927,165.1186747548975,10.0,-6.592769050518903,,0.9997287032013022,insufficient_high_e_mass_for_uniform_scs,materials_t0_active_audit_emulation;existing_public_WBM_labels_only;t1_current_MP_used_only_as_utility_audit;not_prospective_materials_discovery;not_DFT_evidence;not_materials_primary_headline
materials_discovery,ALIGNN-FF WBM,materials_alignn_exact_stable_alpha010_K500,500,0.1,14,random,0.02,107718,2154,360,0.1671309192200557,0,0.0,False,False,0.296,0.0,0.0,0.0,0.474,0.22107669874342156,165.1186747548975,10.0,-7.937518427983328,,0.9997287032013022,insufficient_high_e_mass_for_uniform_scs,materials_t0_active_audit_emulation;existing_public_WBM_labels_only;t1_current_MP_used_only_as_utility_audit;not_prospective_materials_discovery;not_DFT_evidence;not_materials_primary_headline
materials_discovery,ALIGNN-FF WBM,materials_alignn_exact_stable_alpha010_K300,300,0.1,14,random,0.05,107718,5386,887,0.16468622354251763,0,0.0,False,False,0.23,0.0,0.0,0.0,0.32666666666666666,0.3682124356561633,165.00064551324527,10.0,-6.521297943471319,,0.9989148128052089,insufficient_high_e_mass_for_uniform_scs,materials_t0_active_audit_emulation;existing_public_WBM_labels_only;t1_current_MP_used_only_as_utility_audit;not_prospective_materials_discovery;not_DFT_evidence;not_materials_primary_headline
materials_discovery,ALIGNN-FF WBM,materials_alignn_exact_stable_alpha010_K500,500,0.1,14,random,0.05,107718,5386,887,0.16468622354251763,0,0.0,False,False,0.296,0.0,0.0,0.0,0.474,0.22092746139369795,165.00064551324527,10.0,-7.90120505201802,,0.9989148128052089,insufficient_high_e_mass_for_uniform_scs,materials_t0_active_audit_emulation;existing_public_WBM_labels_only;t1_current_MP_used_only_as_utility_audit;not_prospective_materials_discovery;not_DFT_evidence;not_materials_primary_headline
materials_discovery,ALIGNN-FF WBM,materials_alignn_exact_stable_alpha010_K300,300,0.1,14,random,0.1,107718,10772,1733,0.16088005941329372,0,0.0,False,False,0.23,0.0,0.0,0.0,0.32666666666666666,0.3679636786935531,164.88260618657026,10.0,-6.523601924880927,,0.9981009224091155,insufficient_high_e_mass_for_uniform_scs,materials_t0_active_audit_emulation;existing_public_WBM_labels_only;t1_current_MP_used_only_as_utility_audit;not_prospective_materials_discovery;not_DFT_evidence;not_materials_primary_headline
materials_discovery,ALIGNN-FF WBM,materials_alignn_exact_stable_alpha010_K500,500,0.1,14,random,0.1,107718,10772,1733,0.16088005941329372,0,0.0,False,False,0.296,0.0,0.0,0.0,0.474,0.22077820721613187,164.88260618657026,10.0,-7.889705089967923,,0.9981009224091155,insufficient_high_e_mass_for_uniform_scs,materials_t0_active_audit_emulation;existing_public_WBM_labels_only;t1_current_MP_used_only_as_utility_audit;not_prospective_materials_discovery;not_DFT_evidence;not_materials_primary_headline
materials_discovery,ALIGNN-FF WBM,materials_alignn_exact_stable_alpha010_K300,300,0.1,14,random,0.2,107718,21544,3444,0.1598588934274044,0,0.0,False,False,0.23,0.0,0.0,0.0,0.32666666666666666,0.38020355839017556,164.80390769444054,10.0,-6.408039078955937,,0.99755832881172,insufficient_high_e_mass_for_uniform_scs,materials_t0_active_audit_emulation;existing_public_WBM_labels_only;t1_current_MP_used_only_as_utility_audit;not_prospective_materials_discovery;not_DFT_evidence;not_materials_primary_headline
materials_discovery,ALIGNN-FF WBM,materials_alignn_exact_stable_alpha010_K500,500,0.1,14,random,0.2,107718,21544,3444,0.1598588934274044,0,0.0,False,False,0.296,0.0,0.0,0.0,0.474,0.22812213503410533,164.80390769444054,10.0,-7.809711690672334,,0.99755832881172,insufficient_high_e_mass_for_uniform_scs,materials_t0_active_audit_emulation;existing_public_WBM_labels_only;t1_current_MP_used_only_as_utility_audit;not_prospective_materials_discovery;not_DFT_evidence;not_materials_primary_headline
materials_discovery,ALIGNN-FF WBM,materials_alignn_exact_stable_alpha010_K300,300,0.1,14,raw_score_targeted,0.0,107718,0,0,0.0,0,0.0,False,False,0.23,0.0,0.0,0.0,0.32666666666666666,0.3685440679835215,165.15801559604097,10.0,-6.592017819741061,,1.0,insufficient_high_e_mass_for_uniform_scs,materials_t0_active_audit_emulation;existing_public_WBM_labels_only;t1_current_MP_used_only_as_utility_audit;not_prospective_materials_discovery;not_DFT_evidence;not_materials_primary_headline
materials_discovery,ALIGNN-FF WBM,materials_alignn_exact_stable_alpha010_K500,500,0.1,14,raw_score_targeted,0.0,107718,0,0,0.0,0,0.0,False,False,0.296,0.0,0.0,0.0,0.474,0.2211264407901129,165.15801559604097,10.0,-7.949314963897178,,1.0,insufficient_high_e_mass_for_uniform_scs,materials_t0_active_audit_emulation;existing_public_WBM_labels_only;t1_current_MP_used_only_as_utility_audit;not_prospective_materials_discovery;not_DFT_evidence;not_materials_primary_headline
materials_discovery,ALIGNN-FF WBM,materials_alignn_exact_stable_alpha010_K300,300,0.1,14,raw_score_targeted,0.005,107718,539,330,0.6122448979591837,129,0.07751937984496124,True,False,0.23,1.0,0.21705426356589147,0.21705426356589147,0.32666666666666666,4.840018935055196,165.00064551324527,10.0,0.7022344827988825,23.25581395348837,0.9989148128052089,,materials_t0_active_audit_emulation;existing_public_WBM_labels_only;t1_current_MP_used_only_as_utility_audit;not_prospective_materials_discovery;not_DFT_evidence;not_materials_primary_headline
materials_discovery,ALIGNN-FF WBM,materials_alignn_exact_stable_alpha010_K500,500,0.1,14,raw_score_targeted,0.005,107718,539,330,0.6122448979591837,119,0.07563025210084033,True,False,0.296,1.0,0.2184873949579832,0.2184873949579832,0.474,2.9040113610331173,165.00064551324527,10.0,6.819737979537223,42.016806722689076,0.9989148128052089,,materials_t0_active_audit_emulation;existing_public_WBM_labels_only;t1_current_MP_used_only_as_utility_audit;not_prospective_materials_discovery;not_DFT_evidence;not_materials_primary_headline
materials_discovery,ALIGNN-FF WBM,materials_alignn_exact_stable_alpha010_K300,300,0.1,14,raw_score_targeted,0.01,107718,1077,616,0.5719591457753017,129,0.07751937984496124,True,False,0.23,1.0,0.21705426356589147,0.21705426356589147,0.32666666666666666,4.8377106433322865,164.9219537499643,10.0,0.6912323514947332,23.25581395348837,0.9983722192078134,,materials_t0_active_audit_emulation;existing_public_WBM_labels_only;t1_current_MP_used_only_as_utility_audit;not_prospective_materials_discovery;not_DFT_evidence;not_materials_primary_headline
materials_discovery,ALIGNN-FF WBM,materials_alignn_exact_stable_alpha010_K500,500,0.1,14,raw_score_targeted,0.01,107718,1077,616,0.5719591457753017,119,0.07563025210084033,True,False,0.296,1.0,0.2184873949579832,0.2184873949579832,0.474,2.9026263859993717,164.9219537499643,10.0,6.796992120917878,42.016806722689076,0.9983722192078134,,materials_t0_active_audit_emulation;existing_public_WBM_labels_only;t1_current_MP_used_only_as_utility_audit;not_prospective_materials_discovery;not_DFT_evidence;not_materials_primary_headline
materials_discovery,ALIGNN-FF WBM,materials_alignn_exact_stable_alpha010_K300,300,0.1,14,raw_score_targeted,0.02,107718,2154,1144,0.531104921077066,129,0.07751937984496124,True,False,0.23,1.0,0.21705426356589147,0.21705426356589147,0.32666666666666666,4.83540222004453,164.84325750151808,10.0,0.6802294582870196,23.25581395348837,0.9978296256104178,,materials_t0_active_audit_emulation;existing_public_WBM_labels_only;t1_current_MP_used_only_as_utility_audit;not_prospective_materials_discovery;not_DFT_evidence;not_materials_primary_headline
materials_discovery,ALIGNN-FF WBM,materials_alignn_exact_stable_alpha010_K500,500,0.1,14,raw_score_targeted,0.02,107718,2154,1144,0.531104921077066,119,0.07563025210084033,True,False,0.296,1.0,0.2184873949579832,0.2184873949579832,0.474,2.9012413320267183,164.84325750151808,10.0,6.77424478890746,42.016806722689076,0.9978296256104178,,materials_t0_active_audit_emulation;existing_public_WBM_labels_only;t1_current_MP_used_only_as_utility_audit;not_prospective_materials_discovery;not_DFT_evidence;not_materials_primary_headline
materials_discovery,ALIGNN-FF WBM,materials_alignn_exact_stable_alpha010_K300,300,0.1,14,raw_score_targeted,0.05,107718,5386,2475,0.4595246936502042,129,0.07751937984496124,True,False,0.23,1.0,0.21705426356589147,0.21705426356589147,0.32666666666666666,4.826167209520628,164.52842759729413,10.0,0.6362102561386358,23.25581395348837,0.9956592512208355,,materials_t0_active_audit_emulation;existing_public_WBM_labels_only;t1_current_MP_used_only_as_utility_audit;not_prospective_materials_discovery;not_DFT_evidence;not_materials_primary_headline
materials_discovery,ALIGNN-FF WBM,materials_alignn_exact_stable_alpha010_K500,500,0.1,14,raw_score_targeted,0.05,107718,5386,2475,0.4595246936502042,119,0.07563025210084033,True,False,0.296,1.0,0.2184873949579832,0.2184873949579832,0.474,2.895700325712377,164.52842759729413,10.0,6.683240707265256,42.016806722689076,0.9956592512208355,,materials_t0_active_audit_emulation;existing_public_WBM_labels_only;t1_current_MP_used_only_as_utility_audit;not_prospective_materials_discovery;not_DFT_evidence;not_materials_primary_headline
materials_discovery,ALIGNN-FF WBM,materials_alignn_exact_stable_alpha010_K300,300,0.1,14,raw_score_targeted,0.1,107718,10772,4199,0.3898069067953955,129,0.07751937984496124,True,False,0.23,1.0,0.21705426356589147,0.21705426356589147,0.32666666666666666,4.804225585023878,163.78041767126857,10.0,0.5316155679362105,23.25581395348837,0.9905046120455778,,materials_t0_active_audit_emulation;existing_public_WBM_labels_only;t1_current_MP_used_only_as_utility_audit;not_prospective_materials_discovery;not_DFT_evidence;not_materials_primary_headline
materials_discovery,ALIGNN-FF WBM,materials_alignn_exact_stable_alpha010_K500,500,0.1,14,raw_score_targeted,0.1,107718,10772,4199,0.3898069067953955,119,0.07563025210084033,True,False,0.296,1.0,0.2184873949579832,0.2184873949579832,0.474,2.882535351014327,163.78041767126857,10.0,6.467011099317162,42.016806722689076,0.9905046120455778,,materials_t0_active_audit_emulation;existing_public_WBM_labels_only;t1_current_MP_used_only_as_utility_audit;not_prospective_materials_discovery;not_DFT_evidence;not_materials_primary_headline
materials_discovery,ALIGNN-FF WBM,materials_alignn_exact_stable_alpha010_K300,300,0.1,14,raw_score_targeted,0.2,107718,21544,8143,0.37797066468622353,129,0.07751937984496124,True,False,0.23,1.0,0.21705426356589147,0.21705426356589147,0.32666666666666666,4.78805040582016,163.22899110750544,10.0,0.45450138898513615,23.25581395348837,0.986706456863809,,materials_t0_active_audit_emulation;existing_public_WBM_labels_only;t1_current_MP_used_only_as_utility_audit;not_prospective_materials_discovery;not_DFT_evidence;not_materials_primary_headline
materials_discovery,ALIGNN-FF WBM,materials_alignn_exact_stable_alpha010_K500,500,0.1,14,raw_score_targeted,0.2,107718,21544,8143,0.37797066468622353,119,0.07563025210084033,True,False,0.296,1.0,0.2184873949579832,0.2184873949579832,0.474,2.8728302434920963,163.22899110750544,10.0,6.307598148691099,42.016806722689076,0.986706456863809,,materials_t0_active_audit_emulation;existing_public_WBM_labels_only;t1_current_MP_used_only_as_utility_audit;not_prospective_materials_discovery;not_DFT_evidence;not_materials_primary_headline
materials_discovery,ALIGNN-FF WBM,materials_alignn_exact_stable_alpha010_K300,300,0.1,14,parc_m_evidence_targeted,0.0,107718,0,0,0.0,0,0.0,False,False,0.23,0.0,0.0,0.0,0.32666666666666666,0.3685440679835215,165.15801559604097,10.0,-6.592017819741061,,1.0,insufficient_high_e_mass_for_uniform_scs,materials_t0_active_audit_emulation;existing_public_WBM_labels_only;t1_current_MP_used_only_as_utility_audit;not_prospective_materials_discovery;not_DFT_evidence;not_materials_primary_headline
materials_discovery,ALIGNN-FF WBM,materials_alignn_exact_stable_alpha010_K500,500,0.1,14,parc_m_evidence_targeted,0.0,107718,0,0,0.0,0,0.0,False,False,0.296,0.0,0.0,0.0,0.474,0.2211264407901129,165.15801559604097,10.0,-7.949314963897178,,1.0,insufficient_high_e_mass_for_uniform_scs,materials_t0_active_audit_emulation;existing_public_WBM_labels_only;t1_current_MP_used_only_as_utility_audit;not_prospective_materials_discovery;not_DFT_evidence;not_materials_primary_headline
materials_discovery,ALIGNN-FF WBM,materials_alignn_exact_stable_alpha010_K300,300,0.1,14,parc_m_evidence_targeted,0.005,107718,539,326,0.6048237476808905,119,0.07563025210084033,True,False,0.23,1.0,0.2184873949579832,0.2184873949579832,0.32666666666666666,2.2015823300653,165.1186747548975,10.0,1.377214921213838,25.210084033613445,0.9997287032013022,,materials_t0_active_audit_emulation;existing_public_WBM_labels_only;t1_current_MP_used_only_as_utility_audit;not_prospective_materials_discovery;not_DFT_evidence;not_materials_primary_headline
materials_discovery,ALIGNN-FF WBM,materials_alignn_exact_stable_alpha010_K500,500,0.1,14,parc_m_evidence_targeted,0.005,107718,539,326,0.6048237476808905,84,0.011904761904761904,True,False,0.296,1.0,0.19047619047619047,0.19047619047619047,0.474,1.32094939803918,165.1186747548975,10.0,3.3939618752622067,59.52380952380952,0.9997287032013022,,materials_t0_active_audit_emulation;existing_public_WBM_labels_only;t1_current_MP_used_only_as_utility_audit;not_prospective_materials_discovery;not_DFT_evidence;not_materials_primary_headline
materials_discovery,ALIGNN-FF WBM,materials_alignn_exact_stable_alpha010_K300,300,0.1,14,parc_m_evidence_targeted,0.01,107718,1077,605,0.5617455896007428,119,0.07563025210084033,True,False,0.23,1.0,0.2184873949579832,0.2184873949579832,0.32666666666666666,2.2010577705905905,165.0793327942943,10.0,1.371102491167786,25.210084033613445,0.9994574064026045,,materials_t0_active_audit_emulation;existing_public_WBM_labels_only;t1_current_MP_used_only_as_utility_audit;not_prospective_materials_discovery;not_DFT_evidence;not_materials_primary_headline
materials_discovery,ALIGNN-FF WBM,materials_alignn_exact_stable_alpha010_K500,500,0.1,14,parc_m_evidence_targeted,0.01,107718,1077,605,0.5617455896007428,84,0.011904761904761904,True,False,0.296,1.0,0.19047619047619047,0.19047619047619047,0.474,1.3206346623543543,165.0793327942943,10.0,3.379248825692443,59.52380952380952,0.9994574064026045,,materials_t0_active_audit_emulation;existing_public_WBM_labels_only;t1_current_MP_used_only_as_utility_audit;not_prospective_materials_discovery;not_DFT_evidence;not_materials_primary_headline
materials_discovery,ALIGNN-FF WBM,materials_alignn_exact_stable_alpha010_K300,300,0.1,14,parc_m_evidence_targeted,0.02,107718,2154,1141,0.5297121634168988,121,0.08264462809917356,True,False,0.23,1.0,0.2231404958677686,0.2231404958677686,0.32666666666666666,2.200533196184875,165.03998971386562,10.0,1.7816854555703046,24.793388429752063,0.9991861096039066,,materials_t0_active_audit_emulation;existing_public_WBM_labels_only;t1_current_MP_used_only_as_utility_audit;not_prospective_materials_discovery;not_DFT_evidence;not_materials_primary_headline
materials_discovery,ALIGNN-FF WBM,materials_alignn_exact_stable_alpha010_K500,500,0.1,14,parc_m_evidence_targeted,0.02,107718,2154,1141,0.5297121634168988,84,0.011904761904761904,True,False,0.296,1.0,0.19047619047619047,0.19047619047619047,0.474,1.320319917710925,165.03998971386562,10.0,3.3645353119391146,59.52380952380952,0.9991861096039066,,materials_t0_active_audit_emulation;existing_public_WBM_labels_only;t1_current_MP_used_only_as_utility_audit;not_prospective_materials_discovery;not_DFT_evidence;not_materials_primary_headline
materials_discovery,ALIGNN-FF WBM,materials_alignn_exact_stable_alpha010_K300,300,0.1,14,parc_m_evidence_targeted,0.05,107718,5386,2464,0.45748236167842554,127,0.07874015748031496,True,False,0.23,1.0,0.2125984251968504,0.2125984251968504,0.32666666666666666,2.511690691187522,164.88260618657026,10.0,0.31949770955478485,23.622047244094485,0.9981009224091155,,materials_t0_active_audit_emulation;existing_public_WBM_labels_only;t1_current_MP_used_only_as_utility_audit;not_prospective_materials_discovery;not_DFT_evidence;not_materials_primary_headline
materials_discovery,ALIGNN-FF WBM,materials_alignn_exact_stable_alpha010_K500,500,0.1,14,parc_m_evidence_targeted,0.05,107718,5386,2464,0.45748236167842554,88,0.03409090909090909,True,False,0.296,1.0,0.20454545454545456,0.20454545454545456,0.474,1.507014414712513,164.88260618657026,10.0,6.011304317633609,56.81818181818181,0.9981009224091155,,materials_t0_active_audit_emulation;existing_public_WBM_labels_only;t1_current_MP_used_only_as_utility_audit;not_prospective_materials_discovery;not_DFT_evidence;not_materials_primary_headline
materials_discovery,ALIGNN-FF WBM,materials_alignn_exact_stable_alpha010_K300,300,0.1,14,parc_m_evidence_targeted,0.1,107718,10772,4164,0.38655774229483847,128,0.078125,True,False,0.23,1.0,0.2109375,0.2109375,0.32666666666666666,4.595774090525494,164.13478894733908,10.0,0.3994830022887612,23.4375,0.9929462832338578,,materials_t0_active_audit_emulation;existing_public_WBM_labels_only;t1_current_MP_used_only_as_utility_audit;not_prospective_materials_discovery;not_DFT_evidence;not_materials_primary_headline
materials_discovery,ALIGNN-FF WBM,materials_alignn_exact_stable_alpha010_K500,500,0.1,14,parc_m_evidence_targeted,0.1,107718,10772,4164,0.38655774229483847,93,0.043010752688172046,True,False,0.296,1.0,0.1935483870967742,0.1935483870967742,0.474,2.7574644543152966,164.13478894733908,10.0,8.786364688819035,53.76344086021505,0.9929462832338578,,materials_t0_active_audit_emulation;existing_public_WBM_labels_only;t1_current_MP_used_only_as_utility_audit;not_prospective_materials_discovery;not_DFT_evidence;not_materials_primary_headline
materials_discovery,ALIGNN-FF WBM,materials_alignn_exact_stable_alpha010_K300,300,0.1,14,parc_m_evidence_targeted,0.2,107718,21544,8229,0.38196249535833643,129,0.07751937984496124,True,False,0.23,1.0,0.21705426356589147,0.21705426356589147,0.32666666666666666,4.800760024120506,163.66227354956268,10.0,0.5150942809692829,23.25581395348837,0.9896907216494846,,materials_t0_active_audit_emulation;existing_public_WBM_labels_only;t1_current_MP_used_only_as_utility_audit;not_prospective_materials_discovery;not_DFT_evidence;not_materials_primary_headline
materials_discovery,ALIGNN-FF WBM,materials_alignn_exact_stable_alpha010_K500,500,0.1,14,parc_m_evidence_targeted,0.2,107718,21544,8229,0.38196249535833643,119,0.07563025210084033,True,False,0.296,1.0,0.2184873949579832,0.2184873949579832,0.474,2.8804560144723035,163.66227354956268,10.0,6.432857330104554,42.016806722689076,0.9896907216494846,,materials_t0_active_audit_emulation;existing_public_WBM_labels_only;t1_current_MP_used_only_as_utility_audit;not_prospective_materials_discovery;not_DFT_evidence;not_materials_primary_headline
materials_discovery,ALIGNN-FF WBM,materials_alignn_exact_stable_alpha010_K300,300,0.1,14,chgnet_mace_support_targeted,0.0,107718,0,0,0.0,0,0.0,False,False,0.23,0.0,0.0,0.0,0.32666666666666666,0.3685440679835215,165.15801559604097,10.0,-6.592017819741061,,1.0,insufficient_high_e_mass_for_uniform_scs,materials_t0_active_audit_emulation;existing_public_WBM_labels_only;t1_current_MP_used_only_as_utility_audit;not_prospective_materials_discovery;not_DFT_evidence;not_materials_primary_headline
materials_discovery,ALIGNN-FF WBM,materials_alignn_exact_stable_alpha010_K500,500,0.1,14,chgnet_mace_support_targeted,0.0,107718,0,0,0.0,0,0.0,False,False,0.296,0.0,0.0,0.0,0.474,0.2211264407901129,165.15801559604097,10.0,-7.949314963897178,,1.0,insufficient_high_e_mass_for_uniform_scs,materials_t0_active_audit_emulation;existing_public_WBM_labels_only;t1_current_MP_used_only_as_utility_audit;not_prospective_materials_discovery;not_DFT_evidence;not_materials_primary_headline
materials_discovery,ALIGNN-FF WBM,materials_alignn_exact_stable_alpha010_K300,300,0.1,14,chgnet_mace_support_targeted,0.005,107718,539,108,0.20037105751391465,0,0.0,False,False,0.23,0.0,0.0,0.0,0.32666666666666666,0.408431823150686,165.03998971386562,10.0,-6.403272454499573,,0.9991861096039066,insufficient_high_e_mass_for_uniform_scs,materials_t0_active_audit_emulation;existing_public_WBM_labels_only;t1_current_MP_used_only_as_utility_audit;not_prospective_materials_discovery;not_DFT_evidence;not_materials_primary_headline
materials_discovery,ALIGNN-FF WBM,materials_alignn_exact_stable_alpha010_K500,500,0.1,14,chgnet_mace_support_targeted,0.005,107718,539,108,0.20037105751391465,0,0.0,False,False,0.296,0.0,0.0,0.0,0.474,0.24505909389041158,165.03998971386562,10.0,-7.900746600989005,,0.9991861096039066,insufficient_high_e_mass_for_uniform_scs,materials_t0_active_audit_emulation;existing_public_WBM_labels_only;t1_current_MP_used_only_as_utility_audit;not_prospective_materials_discovery;not_DFT_evidence;not_materials_primary_headline
materials_discovery,ALIGNN-FF WBM,materials_alignn_exact_stable_alpha010_K300,300,0.1,14,chgnet_mace_support_targeted,0.01,107718,1077,216,0.20055710306406685,0,0.0,False,False,0.23,0.0,0.0,0.0,0.32666666666666666,0.40824753543232445,164.961300192067,10.0,-6.363889498582729,,0.9986435160065111,insufficient_high_e_mass_for_uniform_scs,materials_t0_active_audit_emulation;existing_public_WBM_labels_only;t1_current_MP_used_only_as_utility_audit;not_prospective_materials_discovery;not_DFT_evidence;not_materials_primary_headline
materials_discovery,ALIGNN-FF WBM,materials_alignn_exact_stable_alpha010_K500,500,0.1,14,chgnet_mace_support_targeted,0.01,107718,1077,216,0.20055710306406685,0,0.0,False,False,0.296,0.0,0.0,0.0,0.474,0.24494852125939467,164.961300192067,10.0,-7.888782343829098,,0.9986435160065111,insufficient_high_e_mass_for_uniform_scs,materials_t0_active_audit_emulation;existing_public_WBM_labels_only;t1_current_MP_used_only_as_utility_audit;not_prospective_materials_discovery;not_DFT_evidence;not_materials_primary_headline
materials_discovery,ALIGNN-FF WBM,materials_alignn_exact_stable_alpha010_K300,300,0.1,14,chgnet_mace_support_targeted,0.02,107718,2154,359,0.16666666666666666,0,0.0,False,False,0.23,0.0,0.0,0.0,0.32666666666666666,0.4081553864210468,164.9219537499643,10.0,-6.364693162455945,,0.9983722192078134,insufficient_high_e_mass_for_uniform_scs,materials_t0_active_audit_emulation;existing_public_WBM_labels_only;t1_current_MP_used_only_as_utility_audit;not_prospective_materials_discovery;not_DFT_evidence;not_materials_primary_headline
materials_discovery,ALIGNN-FF WBM,materials_alignn_exact_stable_alpha010_K500,500,0.1,14,chgnet_mace_support_targeted,0.02,107718,2154,359,0.16666666666666666,0,0.0,False,False,0.296,0.0,0.0,0.0,0.474,0.24489323185262807,164.9219537499643,10.0,-7.889243707204722,,0.9983722192078134,insufficient_high_e_mass_for_uniform_scs,materials_t0_active_audit_emulation;existing_public_WBM_labels_only;t1_current_MP_used_only_as_utility_audit;not_prospective_materials_discovery;not_DFT_evidence;not_materials_primary_headline
materials_discovery,ALIGNN-FF WBM,materials_alignn_exact_stable_alpha010_K300,300,0.1,14,chgnet_mace_support_targeted,0.05,107718,5386,1730,0.32120311919792055,129,0.07751937984496124,True,False,0.23,1.0,0.21705426356589147,0.21705426356589147,0.32666666666666666,4.823858127114412,164.44970887890037,10.0,0.625203545696106,23.25581395348837,0.99511665762344,,materials_t0_active_audit_emulation;existing_public_WBM_labels_only;t1_current_MP_used_only_as_utility_audit;not_prospective_materials_discovery;not_DFT_evidence;not_materials_primary_headline
materials_discovery,ALIGNN-FF WBM,materials_alignn_exact_stable_alpha010_K500,500,0.1,14,chgnet_mace_support_targeted,0.05,107718,5386,1730,0.32120311919792055,119,0.07563025210084033,True,False,0.296,1.0,0.2184873949579832,0.2184873949579832,0.474,2.894314876268647,164.44970887890037,10.0,6.660485993521512,42.016806722689076,0.99511665762344,,materials_t0_active_audit_emulation;existing_public_WBM_labels_only;t1_current_MP_used_only_as_utility_audit;not_prospective_materials_discovery;not_DFT_evidence;not_materials_primary_headline
materials_discovery,ALIGNN-FF WBM,materials_alignn_exact_stable_alpha010_K300,300,0.1,14,chgnet_mace_support_targeted,0.1,107718,10772,3768,0.34979576680282215,129,0.07751937984496124,True,False,0.23,1.0,0.21705426356589147,0.21705426356589147,0.32666666666666666,4.810000855887791,163.9773019052656,10.0,0.5591472000175095,23.25581395348837,0.9918610960390667,,materials_t0_active_audit_emulation;existing_public_WBM_labels_only;t1_current_MP_used_only_as_utility_audit;not_prospective_materials_discovery;not_DFT_evidence;not_materials_primary_headline
materials_discovery,ALIGNN-FF WBM,materials_alignn_exact_stable_alpha010_K500,500,0.1,14,chgnet_mace_support_targeted,0.1,107718,10772,3768,0.34979576680282215,119,0.07563025210084033,True,False,0.296,1.0,0.2184873949579832,0.2184873949579832,0.474,2.8860005135326747,163.9773019052656,10.0,6.5239266108121114,42.016806722689076,0.9918610960390667,,materials_t0_active_audit_emulation;existing_public_WBM_labels_only;t1_current_MP_used_only_as_utility_audit;not_prospective_materials_discovery;not_DFT_evidence;not_materials_primary_headline
materials_discovery,ALIGNN-FF WBM,materials_alignn_exact_stable_alpha010_K300,300,0.1,14,chgnet_mace_support_targeted,0.2,107718,21544,7406,0.34376160415893053,129,0.07751937984496124,True,False,0.23,1.0,0.21705426356589147,0.21705426356589147,0.32666666666666666,4.785739132878874,163.15019771177978,10.0,0.4434819895653277,23.25581395348837,0.9861638632664135,,materials_t0_active_audit_emulation;existing_public_WBM_labels_only;t1_current_MP_used_only_as_utility_audit;not_prospective_materials_discovery;not_DFT_evidence;not_materials_primary_headline
materials_discovery,ALIGNN-FF WBM,materials_alignn_exact_stable_alpha010_K500,500,0.1,14,chgnet_mace_support_targeted,0.2,107718,21544,7406,0.34376160415893053,119,0.07563025210084033,True,False,0.296,1.0,0.2184873949579832,0.2184873949579832,0.474,2.8714434797273243,163.15019771177978,10.0,6.284818898862007,42.016806722689076,0.9861638632664135,,materials_t0_active_audit_emulation;existing_public_WBM_labels_only;t1_current_MP_used_only_as_utility_audit;not_prospective_materials_discovery;not_DFT_evidence;not_materials_primary_headline
materials_discovery,ALIGNN-FF WBM,materials_alignn_exact_stable_alpha010_K300,300,0.1,14,mass_gain,0.0,107718,0,0,0.0,0,0.0,False,False,0.23,0.0,0.0,0.0,0.32666666666666666,0.3685440679835215,165.15801559604097,10.0,-6.592017819741061,,1.0,insufficient_high_e_mass_for_uniform_scs,materials_t0_active_audit_emulation;existing_public_WBM_labels_only;t1_current_MP_used_only_as_utility_audit;not_prospective_materials_discovery;not_DFT_evidence;not_materials_primary_headline
materials_discovery,ALIGNN-FF WBM,materials_alignn_exact_stable_alpha010_K500,500,0.1,14,mass_gain,0.0,107718,0,0,0.0,0,0.0,False,False,0.296,0.0,0.0,0.0,0.474,0.2211264407901129,165.15801559604097,10.0,-7.949314963897178,,1.0,insufficient_high_e_mass_for_uniform_scs,materials_t0_active_audit_emulation;existing_public_WBM_labels_only;t1_current_MP_used_only_as_utility_audit;not_prospective_materials_discovery;not_DFT_evidence;not_materials_primary_headline
materials_discovery,ALIGNN-FF WBM,materials_alignn_exact_stable_alpha010_K300,300,0.1,14,mass_gain,0.005,107718,539,363,0.673469387755102,88,0.03409090909090909,True,False,0.23,1.0,0.20454545454545456,0.20454545454545456,0.32666666666666666,1.0033665100724622,165.00064551324527,10.0,0.11476738883393978,34.090909090909086,0.9989148128052089,,materials_t0_active_audit_emulation;existing_public_WBM_labels_only;t1_current_MP_used_only_as_utility_audit;not_prospective_materials_discovery;not_DFT_evidence;not_materials_primary_headline
materials_discovery,ALIGNN-FF WBM,materials_alignn_exact_stable_alpha010_K500,500,0.1,14,mass_gain,0.005,107718,539,363,0.673469387755102,0,0.0,False,False,0.296,0.0,0.0,0.0,0.474,0.6020199060434773,165.00064551324527,10.0,-7.030629919562114,,0.9989148128052089,insufficient_high_e_mass_for_uniform_scs,materials_t0_active_audit_emulation;existing_public_WBM_labels_only;t1_current_MP_used_only_as_utility_audit;not_prospective_materials_discovery;not_DFT_evidence;not_materials_primary_headline
materials_discovery,ALIGNN-FF WBM,materials_alignn_exact_stable_alpha010_K300,300,0.1,14,mass_gain,0.01,107718,1077,609,0.5654596100278552,88,0.03409090909090909,True,False,0.23,1.0,0.20454545454545456,0.20454545454545456,0.32666666666666666,1.001510136003633,164.6858515373797,10.0,0.05148190921475759,34.090909090909086,0.9967444384156267,,materials_t0_active_audit_emulation;existing_public_WBM_labels_only;t1_current_MP_used_only_as_utility_audit;not_prospective_materials_discovery;not_DFT_evidence;not_materials_primary_headline
materials_discovery,ALIGNN-FF WBM,materials_alignn_exact_stable_alpha010_K500,500,0.1,14,mass_gain,0.01,107718,1077,609,0.5654596100278552,0,0.0,False,False,0.296,0.0,0.0,0.0,0.474,0.6009060816021797,164.6858515373797,10.0,-7.03585760318413,,0.9967444384156267,insufficient_high_e_mass_for_uniform_scs,materials_t0_active_audit_emulation;existing_public_WBM_labels_only;t1_current_MP_used_only_as_utility_audit;not_prospective_materials_discovery;not_DFT_evidence;not_materials_primary_headline
materials_discovery,ALIGNN-FF WBM,materials_alignn_exact_stable_alpha010_K300,300,0.1,14,mass_gain,0.02,107718,2154,1026,0.4763231197771588,0,0.0,False,False,0.23,0.0,0.0,0.0,0.32666666666666666,0.9984924640931393,164.17415788524576,10.0,-0.051393269552065135,,0.9932175800325557,insufficient_high_e_mass_for_uniform_scs,materials_t0_active_audit_emulation;existing_public_WBM_labels_only;t1_current_MP_used_only_as_utility_audit;not_prospective_materials_discovery;not_DFT_evidence;not_materials_primary_headline
materials_discovery,ALIGNN-FF WBM,materials_alignn_exact_stable_alpha010_K500,500,0.1,14,mass_gain,0.02,107718,2154,1026,0.4763231197771588,0,0.0,False,False,0.296,0.0,0.0,0.0,0.474,0.5990954784558836,164.17415788524576,10.0,-7.044356256116318,,0.9932175800325557,insufficient_high_e_mass_for_uniform_scs,materials_t0_active_audit_emulation;existing_public_WBM_labels_only;t1_current_MP_used_only_as_utility_audit;not_prospective_materials_discovery;not_DFT_evidence;not_materials_primary_headline
materials_discovery,ALIGNN-FF WBM,materials_alignn_exact_stable_alpha010_K300,300,0.1,14,mass_gain,0.05,107718,5386,1996,0.37059041960638694,119,0.07563025210084033,True,False,0.23,1.0,0.2184873949579832,0.2184873949579832,0.32666666666666666,1.826585377350193,163.38656425468278,10.0,1.1080689564980197,25.210084033613445,0.9877916440586001,,materials_t0_active_audit_emulation;existing_public_WBM_labels_only;t1_current_MP_used_only_as_utility_audit;not_prospective_materials_discovery;not_DFT_evidence;not_materials_primary_headline
materials_discovery,ALIGNN-FF WBM,materials_alignn_exact_stable_alpha010_K500,500,0.1,14,mass_gain,0.05,107718,5386,1996,0.37059041960638694,88,0.03409090909090909,True,False,0.296,1.0,0.20454545454545456,0.20454545454545456,0.474,1.0959512264101159,163.38656425468278,10.0,5.451774227847494,56.81818181818181,0.9877916440586001,,materials_t0_active_audit_emulation;existing_public_WBM_labels_only;t1_current_MP_used_only_as_utility_audit;not_prospective_materials_discovery;not_DFT_evidence;not_materials_primary_headline
materials_discovery,ALIGNN-FF WBM,materials_alignn_exact_stable_alpha010_K300,300,0.1,14,mass_gain,0.1,107718,10772,3341,0.31015595989602673,127,0.07874015748031496,True,False,0.23,1.0,0.2125984251968504,0.2125984251968504,0.32666666666666666,1.8183714720735373,162.6379295468464,10.0,0.0056037222406502,23.622047244094485,0.9826370048833424,,materials_t0_active_audit_emulation;existing_public_WBM_labels_only;t1_current_MP_used_only_as_utility_audit;not_prospective_materials_discovery;not_DFT_evidence;not_materials_primary_headline
materials_discovery,ALIGNN-FF WBM,materials_alignn_exact_stable_alpha010_K500,500,0.1,14,mass_gain,0.1,107718,10772,3341,0.31015595989602673,88,0.03409090909090909,True,False,0.296,1.0,0.20454545454545456,0.20454545454545456,0.474,1.0910228832441224,162.6379295468464,10.0,5.171754729779678,56.81818181818181,0.9826370048833424,,materials_t0_active_audit_emulation;existing_public_WBM_labels_only;t1_current_MP_used_only_as_utility_audit;not_prospective_materials_discovery;not_DFT_evidence;not_materials_primary_headline
materials_discovery,ALIGNN-FF WBM,materials_alignn_exact_stable_alpha010_K300,300,0.1,14,mass_gain,0.2,107718,21544,6027,0.27975306349795764,122,0.08196721311475409,True,False,0.23,1.0,0.22131147540983606,0.22131147540983606,0.32666666666666666,1.9431873708247274,162.32259164455297,10.0,1.5626280306478577,24.590163934426226,0.9804666304937601,,materials_t0_active_audit_emulation;existing_public_WBM_labels_only;t1_current_MP_used_only_as_utility_audit;not_prospective_materials_discovery;not_DFT_evidence;not_materials_primary_headline
materials_discovery,ALIGNN-FF WBM,materials_alignn_exact_stable_alpha010_K500,500,0.1,14,mass_gain,0.2,107718,21544,6027,0.27975306349795764,88,0.03409090909090909,True,False,0.296,1.0,0.20454545454545456,0.20454545454545456,0.474,1.1659124224948363,162.32259164455297,10.0,5.053800662892641,56.81818181818181,0.9804666304937601,,materials_t0_active_audit_emulation;existing_public_WBM_labels_only;t1_current_MP_used_only_as_utility_audit;not_prospective_materials_discovery;not_DFT_evidence;not_materials_primary_headline
materials_discovery,ALIGNN-FF WBM,materials_alignn_exact_stable_alpha010_K300,300,0.1,15,random,0.0,112798,0,0,0.0,0,0.0,False,False,0.24,0.0,0.0,0.0,0.41,0.48882032003220277,165.15801559604097,10.0,-7.0008453448911805,,1.0,insufficient_high_e_mass_for_uniform_scs,materials_t0_active_audit_emulation;existing_public_WBM_labels_only;t1_current_MP_used_only_as_utility_audit;not_prospective_materials_discovery;not_DFT_evidence;not_materials_primary_headline
materials_discovery,ALIGNN-FF WBM,materials_alignn_exact_stable_alpha010_K500,500,0.1,15,random,0.0,112798,0,0,0.0,0,0.0,False,False,0.328,0.0,0.0,0.0,0.51,0.29329219201932166,165.15801559604097,10.0,-7.873409774995077,,1.0,insufficient_high_e_mass_for_uniform_scs,materials_t0_active_audit_emulation;existing_public_WBM_labels_only;t1_current_MP_used_only_as_utility_audit;not_prospective_materials_discovery;not_DFT_evidence;not_materials_primary_headline
materials_discovery,ALIGNN-FF WBM,materials_alignn_exact_stable_alpha010_K300,300,0.1,15,random,0.005,112798,564,99,0.17553191489361702,0,0.0,False,False,0.24,0.0,0.0,0.0,0.41,0.48882032003220277,165.15801559604097,10.0,-7.0008453448911805,,1.0,insufficient_high_e_mass_for_uniform_scs,materials_t0_active_audit_emulation;existing_public_WBM_labels_only;t1_current_MP_used_only_as_utility_audit;not_prospective_materials_discovery;not_DFT_evidence;not_materials_primary_headline
materials_discovery,ALIGNN-FF WBM,materials_alignn_exact_stable_alpha010_K500,500,0.1,15,random,0.005,112798,564,99,0.17553191489361702,0,0.0,False,False,0.328,0.0,0.0,0.0,0.51,0.29329219201932166,165.15801559604097,10.0,-7.873409774995077,,1.0,insufficient_high_e_mass_for_uniform_scs,materials_t0_active_audit_emulation;existing_public_WBM_labels_only;t1_current_MP_used_only_as_utility_audit;not_prospective_materials_discovery;not_DFT_evidence;not_materials_primary_headline
materials_discovery,ALIGNN-FF WBM,materials_alignn_exact_stable_alpha010_K300,300,0.1,15,random,0.01,112798,1128,184,0.16312056737588654,0,0.0,False,False,0.24,0.0,0.0,0.0,0.41,0.4887066072969581,165.1186747548975,10.0,-7.001504701892538,,0.9997287032013022,insufficient_high_e_mass_for_uniform_scs,materials_t0_active_audit_emulation;existing_public_WBM_labels_only;t1_current_MP_used_only_as_utility_audit;not_prospective_materials_discovery;not_DFT_evidence;not_materials_primary_headline
materials_discovery,ALIGNN-FF WBM,materials_alignn_exact_stable_alpha010_K500,500,0.1,15,random,0.01,112798,1128,184,0.16312056737588654,0,0.0,False,False,0.328,0.0,0.0,0.0,0.51,0.29322396437817483,165.1186747548975,10.0,-7.873873953143853,,0.9997287032013022,insufficient_high_e_mass_for_uniform_scs,materials_t0_active_audit_emulation;existing_public_WBM_labels_only;t1_current_MP_used_only_as_utility_audit;not_prospective_materials_discovery;not_DFT_evidence;not_materials_primary_headline
materials_discovery,ALIGNN-FF WBM,materials_alignn_exact_stable_alpha010_K300,300,0.1,15,random,0.02,112798,2256,358,0.15868794326241134,0,0.0,False,False,0.24,0.0,0.0,0.0,0.41,0.48859289088437,165.0793327942943,10.0,-7.0021640858732095,,0.9994574064026045,insufficient_high_e_mass_for_uniform_scs,materials_t0_active_audit_emulation;existing_public_WBM_labels_only;t1_current_MP_used_only_as_utility_audit;not_prospective_materials_discovery;not_DFT_evidence;not_materials_primary_headline
materials_discovery,ALIGNN-FF WBM,materials_alignn_exact_stable_alpha010_K500,500,0.1,15,random,0.02,112798,2256,358,0.15868794326241134,0,0.0,False,False,0.328,0.0,0.0,0.0,0.51,0.293155734530622,165.0793327942943,10.0,-7.861104034333692,,0.9994574064026045,insufficient_high_e_mass_for_uniform_scs,materials_t0_active_audit_emulation;existing_public_WBM_labels_only;t1_current_MP_used_only_as_utility_audit;not_prospective_materials_discovery;not_DFT_evidence;not_materials_primary_headline
materials_discovery,ALIGNN-FF WBM,materials_alignn_exact_stable_alpha010_K300,300,0.1,15,random,0.05,112798,5640,868,0.15390070921985816,0,0.0,False,False,0.24,0.0,0.0,0.0,0.41,0.48859289088437,165.0793327942943,10.0,-6.9744682882351,,0.9994574064026045,insufficient_high_e_mass_for_uniform_scs,materials_t0_active_audit_emulation;existing_public_WBM_labels_only;t1_current_MP_used_only_as_utility_audit;not_prospective_materials_discovery;not_DFT_evidence;not_materials_primary_headline
materials_discovery,ALIGNN-FF WBM,materials_alignn_exact_stable_alpha010_K500,500,0.1,15,random,0.05,112798,5640,868,0.15390070921985816,0,0.0,False,False,0.328,0.0,0.0,0.0,0.51,0.293155734530622,165.0793327942943,10.0,-7.834099715876488,,0.9994574064026045,insufficient_high_e_mass_for_uniform_scs,materials_t0_active_audit_emulation;existing_public_WBM_labels_only;t1_current_MP_used_only_as_utility_audit;not_prospective_materials_discovery;not_DFT_evidence;not_materials_primary_headline
materials_discovery,ALIGNN-FF WBM,materials_alignn_exact_stable_alpha010_K300,300,0.1,15,random,0.1,112798,11280,1730,0.15336879432624115,0,0.0,False,False,0.24,0.0,0.0,0.0,0.41,0.48836544702226303,165.00064551324527,10.0,-6.859363669881635,,0.9989148128052089,insufficient_high_e_mass_for_uniform_scs,materials_t0_active_audit_emulation;existing_public_WBM_labels_only;t1_current_MP_used_only_as_utility_audit;not_prospective_materials_discovery;not_DFT_evidence;not_materials_primary_headline
materials_discovery,ALIGNN-FF WBM,materials_alignn_exact_stable_alpha010_K500,500,0.1,15,random,0.1,112798,11280,1730,0.15336879432624115,0,0.0,False,False,0.328,0.0,0.0,0.0,0.51,0.29301926821335783,165.00064551324527,10.0,-7.764260907861386,,0.9989148128052089,insufficient_high_e_mass_for_uniform_scs,materials_t0_active_audit_emulation;existing_public_WBM_labels_only;t1_current_MP_used_only_as_utility_audit;not_prospective_materials_discovery;not_DFT_evidence;not_materials_primary_headline
materials_discovery,ALIGNN-FF WBM,materials_alignn_exact_stable_alpha010_K300,300,0.1,15,random,0.2,112798,22560,3341,0.14809397163120566,0,0.0,False,False,0.24,0.0,0.0,0.0,0.41,0.5283517547472522,164.80390769444054,10.0,-6.632224809930513,,0.99755832881172,insufficient_high_e_mass_for_uniform_scs,materials_t0_active_audit_emulation;existing_public_WBM_labels_only;t1_current_MP_used_only_as_utility_audit;not_prospective_materials_discovery;not_DFT_evidence;not_materials_primary_headline
materials_discovery,ALIGNN-FF WBM,materials_alignn_exact_stable_alpha010_K500,500,0.1,15,random,0.2,112798,22560,3341,0.14809397163120566,0,0.0,False,False,0.328,0.0,0.0,0.0,0.51,0.3170110528483513,164.80390769444054,10.0,-7.626097484927835,,0.99755832881172,insufficient_high_e_mass_for_uniform_scs,materials_t0_active_audit_emulation;existing_public_WBM_labels_only;t1_current_MP_used_only_as_utility_audit;not_prospective_materials_discovery;not_DFT_evidence;not_materials_primary_headline
materials_discovery,ALIGNN-FF WBM,materials_alignn_exact_stable_alpha010_K300,300,0.1,15,raw_score_targeted,0.0,112798,0,0,0.0,0,0.0,False,False,0.24,0.0,0.0,0.0,0.41,0.48882032003220277,165.15801559604097,10.0,-7.0008453448911805,,1.0,insufficient_high_e_mass_for_uniform_scs,materials_t0_active_audit_emulation;existing_public_WBM_labels_only;t1_current_MP_used_only_as_utility_audit;not_prospective_materials_discovery;not_DFT_evidence;not_materials_primary_headline
materials_discovery,ALIGNN-FF WBM,materials_alignn_exact_stable_alpha010_K500,500,0.1,15,raw_score_targeted,0.0,112798,0,0,0.0,0,0.0,False,False,0.328,0.0,0.0,0.0,0.51,0.29329219201932166,165.15801559604097,10.0,-7.873409774995077,,1.0,insufficient_high_e_mass_for_uniform_scs,materials_t0_active_audit_emulation;existing_public_WBM_labels_only;t1_current_MP_used_only_as_utility_audit;not_prospective_materials_discovery;not_DFT_evidence;not_materials_primary_headline
materials_discovery,ALIGNN-FF WBM,materials_alignn_exact_stable_alpha010_K300,300,0.1,15,raw_score_targeted,0.005,112798,564,371,0.6578014184397163,176,0.13636363636363635,False,True,0.24,1.0,0.32386363636363635,0.32386363636363635,0.41,4.891517316868251,164.88260618657026,10.0,0.28866299760629843,17.045454545454543,0.9981009224091155,,materials_t0_active_audit_emulation;existing_public_WBM_labels_only;t1_current_MP_used_only_as_utility_audit;not_prospective_materials_discovery;not_DFT_evidence;not_materials_primary_headline
materials_discovery,ALIGNN-FF WBM,materials_alignn_exact_stable_alpha010_K500,500,0.1,15,raw_score_targeted,0.005,112798,564,371,0.6578014184397163,151,0.11258278145695365,False,True,0.328,1.0,0.31788079470198677,0.31788079470198677,0.51,2.9349103901209506,164.88260618657026,10.0,1.0693636325133298,33.11258278145695,0.9981009224091155,,materials_t0_active_audit_emulation;existing_public_WBM_labels_only;t1_current_MP_used_only_as_utility_audit;not_prospective_materials_discovery;not_DFT_evidence;not_materials_primary_headline
materials_discovery,ALIGNN-FF WBM,materials_alignn_exact_stable_alpha010_K300,300,0.1,15,raw_score_targeted,0.01,112798,1128,696,0.6170212765957447,176,0.13636363636363635,False,True,0.24,1.0,0.32386363636363635,0.32386363636363635,0.41,4.888015184027445,164.76455676497005,10.0,0.2767899979658779,17.045454545454543,0.9972870320130223,,materials_t0_active_audit_emulation;existing_public_WBM_labels_only;t1_current_MP_used_only_as_utility_audit;not_prospective_materials_discovery;not_DFT_evidence;not_materials_primary_headline
materials_discovery,ALIGNN-FF WBM,materials_alignn_exact_stable_alpha010_K500,500,0.1,15,raw_score_targeted,0.01,112798,1128,696,0.6170212765957447,151,0.11258278145695365,False,True,0.328,1.0,0.31788079470198677,0.31788079470198677,0.51,2.932809110416467,164.76455676497005,10.0,1.045631180373185,33.11258278145695,0.9972870320130223,,materials_t0_active_audit_emulation;existing_public_WBM_labels_only;t1_current_MP_used_only_as_utility_audit;not_prospective_materials_discovery;not_DFT_evidence;not_materials_primary_headline
materials_discovery,ALIGNN-FF WBM,materials_alignn_exact_stable_alpha010_K300,300,0.1,15,raw_score_targeted,0.02,112798,2256,1276,0.5656028368794326,176,0.13636363636363635,False,True,0.24,1.0,0.32386363636363635,0.32386363636363635,0.41,4.885680262275598,164.6858515373797,10.0,0.2688739590263438,17.045454545454543,0.9967444384156267,,materials_t0_active_audit_emulation;existing_public_WBM_labels_only;t1_current_MP_used_only_as_utility_audit;not_prospective_materials_discovery;not_DFT_evidence;not_materials_primary_headline
materials_discovery,ALIGNN-FF WBM,materials_alignn_exact_stable_alpha010_K500,500,0.1,15,raw_score_targeted,0.02,112798,2256,1276,0.5656028368794326,151,0.11258278145695365,False,True,0.328,1.0,0.31788079470198677,0.31788079470198677,0.51,2.9314081573653588,164.6858515373797,10.0,1.0298082186668935,33.11258278145695,0.9967444384156267,,materials_t0_active_audit_emulation;existing_public_WBM_labels_only;t1_current_MP_used_only_as_utility_audit;not_prospective_materials_discovery;not_DFT_evidence;not_materials_primary_headline
materials_discovery,ALIGNN-FF WBM,materials_alignn_exact_stable_alpha010_K300,300,0.1,15,raw_score_targeted,0.05,112798,5640,2638,0.4677304964539007,176,0.13636363636363635,False,True,0.24,1.0,0.32386363636363635,0.32386363636363635,0.41,4.87517146327436,164.3316223575627,10.0,0.2332447848629009,17.045454545454543,0.9943027672273467,,materials_t0_active_audit_emulation;existing_public_WBM_labels_only;t1_current_MP_used_only_as_utility_audit;not_prospective_materials_discovery;not_DFT_evidence;not_materials_primary_headline
materials_discovery,ALIGNN-FF WBM,materials_alignn_exact_stable_alpha010_K500,500,0.1,15,raw_score_targeted,0.05,112798,5640,2638,0.4677304964539007,151,0.11258278145695365,False,True,0.328,1.0,0.31788079470198677,0.31788079470198677,0.51,2.9251028779646164,164.3316223575627,10.0,0.9585917336117475,33.11258278145695,0.9943027672273467,,materials_t0_active_audit_emulation;existing_public_WBM_labels_only;t1_current_MP_used_only_as_utility_audit;not_prospective_materials_discovery;not_DFT_evidence;not_materials_primary_headline
materials_discovery,ALIGNN-FF WBM,materials_alignn_exact_stable_alpha010_K300,300,0.1,15,raw_score_targeted,0.1,112798,11280,4404,0.3904255319148936,176,0.13636363636363635,False,True,0.24,1.0,0.32386363636363635,0.32386363636363635,0.41,4.855314115303694,163.66227354956268,10.0,0.16591388665192142,17.045454545454543,0.9896907216494846,,materials_t0_active_audit_emulation;existing_public_WBM_labels_only;t1_current_MP_used_only_as_utility_audit;not_prospective_materials_discovery;not_DFT_evidence;not_materials_primary_headline
materials_discovery,ALIGNN-FF WBM,materials_alignn_exact_stable_alpha010_K500,500,0.1,15,raw_score_targeted,0.1,112798,11280,4404,0.3904255319148936,151,0.11258278145695365,False,True,0.328,1.0,0.31788079470198677,0.31788079470198677,0.51,2.913188469182216,163.66227354956268,10.0,0.8240127783404319,33.11258278145695,0.9896907216494846,,materials_t0_active_audit_emulation;existing_public_WBM_labels_only;t1_current_MP_used_only_as_utility_audit;not_prospective_materials_discovery;not_DFT_evidence;not_materials_primary_headline
materials_discovery,ALIGNN-FF WBM,materials_alignn_exact_stable_alpha010_K300,300,0.1,15,raw_score_targeted,0.2,112798,22560,8851,0.39233156028368793,176,0.13636363636363635,False,True,0.24,1.0,0.32386363636363635,0.32386363636363635,0.41,4.834278097578082,162.95319430038478,10.0,0.09457744336877738,17.045454545454543,0.9848073792729246,,materials_t0_active_audit_emulation;existing_public_WBM_labels_only;t1_current_MP_used_only_as_utility_audit;not_prospective_materials_discovery;not_DFT_evidence;not_materials_primary_headline
materials_discovery,ALIGNN-FF WBM,materials_alignn_exact_stable_alpha010_K500,500,0.1,15,raw_score_targeted,0.2,112798,22560,8851,0.39233156028368793,151,0.11258278145695365,False,True,0.328,1.0,0.31788079470198677,0.31788079470198677,0.51,2.900566858546849,162.95319430038478,10.0,0.6814330045100334,33.11258278145695,0.9848073792729246,,materials_t0_active_audit_emulation;existing_public_WBM_labels_only;t1_current_MP_used_only_as_utility_audit;not_prospective_materials_discovery;not_DFT_evidence;not_materials_primary_headline
materials_discovery,ALIGNN-FF WBM,materials_alignn_exact_stable_alpha010_K300,300,0.1,15,parc_m_evidence_targeted,0.0,112798,0,0,0.0,0,0.0,False,False,0.24,0.0,0.0,0.0,0.41,0.48882032003220277,165.15801559604097,10.0,-7.0008453448911805,,1.0,insufficient_high_e_mass_for_uniform_scs,materials_t0_active_audit_emulation;existing_public_WBM_labels_only;t1_current_MP_used_only_as_utility_audit;not_prospective_materials_discovery;not_DFT_evidence;not_materials_primary_headline
materials_discovery,ALIGNN-FF WBM,materials_alignn_exact_stable_alpha010_K500,500,0.1,15,parc_m_evidence_targeted,0.0,112798,0,0,0.0,0,0.0,False,False,0.328,0.0,0.0,0.0,0.51,0.29329219201932166,165.15801559604097,10.0,-7.873409774995077,,1.0,insufficient_high_e_mass_for_uniform_scs,materials_t0_active_audit_emulation;existing_public_WBM_labels_only;t1_current_MP_used_only_as_utility_audit;not_prospective_materials_discovery;not_DFT_evidence;not_materials_primary_headline
materials_discovery,ALIGNN-FF WBM,materials_alignn_exact_stable_alpha010_K300,300,0.1,15,parc_m_evidence_targeted,0.005,112798,564,366,0.648936170212766,121,0.05785123966942149,True,False,0.24,1.0,0.2892561983471074,0.2892561983471074,0.41,3.0814808788268273,165.0793327942943,10.0,1.7877980950291672,24.793388429752063,0.9994574064026045,,materials_t0_active_audit_emulation;existing_public_WBM_labels_only;t1_current_MP_used_only_as_utility_audit;not_prospective_materials_discovery;not_DFT_evidence;not_materials_primary_headline
materials_discovery,ALIGNN-FF WBM,materials_alignn_exact_stable_alpha010_K500,500,0.1,15,parc_m_evidence_targeted,0.005,112798,564,366,0.648936170212766,89,0.0,True,False,0.328,1.0,0.25842696629213485,0.25842696629213485,0.51,1.8488885272960962,165.0793327942943,10.0,6.723283068603088,56.17977528089887,0.9994574064026045,,materials_t0_active_audit_emulation;existing_public_WBM_labels_only;t1_current_MP_used_only_as_utility_audit;not_prospective_materials_discovery;not_DFT_evidence;not_materials_primary_headline
materials_discovery,ALIGNN-FF WBM,materials_alignn_exact_stable_alpha010_K300,300,0.1,15,parc_m_evidence_targeted,0.01,112798,1128,686,0.6081560283687943,121,0.05785123966942149,True,False,0.24,1.0,0.2892561983471074,0.2892561983471074,0.41,3.079277603585251,164.961300192067,10.0,1.7694595481324704,24.793388429752063,0.9986435160065111,,materials_t0_active_audit_emulation;existing_public_WBM_labels_only;t1_current_MP_used_only_as_utility_audit;not_prospective_materials_discovery;not_DFT_evidence;not_materials_primary_headline
materials_discovery,ALIGNN-FF WBM,materials_alignn_exact_stable_alpha010_K500,500,0.1,15,parc_m_evidence_targeted,0.01,112798,1128,686,0.6081560283687943,89,0.0,True,False,0.328,1.0,0.25842696629213485,0.25842696629213485,0.51,1.8475665621511506,164.961300192067,10.0,6.679141134175744,56.17977528089887,0.9986435160065111,,materials_t0_active_audit_emulation;existing_public_WBM_labels_only;t1_current_MP_used_only_as_utility_audit;not_prospective_materials_discovery;not_DFT_evidence;not_materials_primary_headline
materials_discovery,ALIGNN-FF WBM,materials_alignn_exact_stable_alpha010_K300,300,0.1,15,parc_m_evidence_targeted,0.02,112798,2256,1266,0.5611702127659575,151,0.11258278145695365,False,True,0.24,1.0,0.31788079470198677,0.31788079470198677,0.41,3.0785431366660005,164.9219537499643,10.0,0.210230197360314,19.86754966887417,0.9983722192078134,,materials_t0_active_audit_emulation;existing_public_WBM_labels_only;t1_current_MP_used_only_as_utility_audit;not_prospective_materials_discovery;not_DFT_evidence;not_materials_primary_headline
materials_discovery,ALIGNN-FF WBM,materials_alignn_exact_stable_alpha010_K500,500,0.1,15,parc_m_evidence_targeted,0.02,112798,2256,1266,0.5611702127659575,89,0.0,True,False,0.328,1.0,0.25842696629213485,0.25842696629213485,0.51,1.8471258819996004,164.9219537499643,10.0,6.664426226946524,56.17977528089887,0.9983722192078134,,materials_t0_active_audit_emulation;existing_public_WBM_labels_only;t1_current_MP_used_only_as_utility_audit;not_prospective_materials_discovery;not_DFT_evidence;not_materials_primary_headline
materials_discovery,ALIGNN-FF WBM,materials_alignn_exact_stable_alpha010_K300,300,0.1,15,parc_m_evidence_targeted,0.05,112798,5640,2602,0.4613475177304965,157,0.11464968152866242,False,True,0.24,1.0,0.3184713375796178,0.3184713375796178,0.41,3.0748704879711295,164.72520471273907,10.0,0.9465168363748795,19.108280254777068,0.9970157352143245,,materials_t0_active_audit_emulation;existing_public_WBM_labels_only;t1_current_MP_used_only_as_utility_audit;not_prospective_materials_discovery;not_DFT_evidence;not_materials_primary_headline
materials_discovery,ALIGNN-FF WBM,materials_alignn_exact_stable_alpha010_K500,500,0.1,15,parc_m_evidence_targeted,0.05,112798,5640,2602,0.4613475177304965,89,0.0,True,False,0.328,1.0,0.25842696629213485,0.25842696629213485,0.51,1.8449222927826776,164.72520471273907,10.0,33.43883274549666,56.17977528089887,0.9970157352143245,,materials_t0_active_audit_emulation;existing_public_WBM_labels_only;t1_current_MP_used_only_as_utility_audit;not_prospective_materials_discovery;not_DFT_evidence;not_materials_primary_headline
materials_discovery,ALIGNN-FF WBM,materials_alignn_exact_stable_alpha010_K300,300,0.1,15,parc_m_evidence_targeted,0.1,112798,11280,4365,0.386968085106383,159,0.11320754716981132,False,True,0.24,1.0,0.31446540880503143,0.31446540880503143,0.41,4.869332072104393,164.13478894733908,10.0,1.1178999200307125,18.867924528301888,0.9929462832338578,,materials_t0_active_audit_emulation;existing_public_WBM_labels_only;t1_current_MP_used_only_as_utility_audit;not_prospective_materials_discovery;not_DFT_evidence;not_materials_primary_headline
materials_discovery,ALIGNN-FF WBM,materials_alignn_exact_stable_alpha010_K500,500,0.1,15,parc_m_evidence_targeted,0.1,112798,11280,4365,0.386968085106383,127,0.07086614173228346,True,False,0.328,1.0,0.2992125984251969,0.2992125984251969,0.51,2.921599243262636,164.13478894733908,10.0,0.5704521484839162,39.370078740157474,0.9929462832338578,,materials_t0_active_audit_emulation;existing_public_WBM_labels_only;t1_current_MP_used_only_as_utility_audit;not_prospective_materials_discovery;not_DFT_evidence;not_materials_primary_headline
materials_discovery,ALIGNN-FF WBM,materials_alignn_exact_stable_alpha010_K300,300,0.1,15,parc_m_evidence_targeted,0.2,112798,22560,8890,0.39406028368794327,176,0.13636363636363635,False,True,0.24,1.0,0.32386363636363635,0.32386363636363635,0.41,4.850640388249085,163.5047321881714,10.0,0.15006534470851562,17.045454545454543,0.9886055344546935,,materials_t0_active_audit_emulation;existing_public_WBM_labels_only;t1_current_MP_used_only_as_utility_audit;not_prospective_materials_discovery;not_DFT_evidence;not_materials_primary_headline
materials_discovery,ALIGNN-FF WBM,materials_alignn_exact_stable_alpha010_K500,500,0.1,15,parc_m_evidence_targeted,0.2,112798,22560,8890,0.39406028368794327,151,0.11258278145695365,False,True,0.328,1.0,0.31788079470198677,0.31788079470198677,0.51,2.910384232949451,163.5047321881714,10.0,0.7923359049932515,33.11258278145695,0.9886055344546935,,materials_t0_active_audit_emulation;existing_public_WBM_labels_only;t1_current_MP_used_only_as_utility_audit;not_prospective_materials_discovery;not_DFT_evidence;not_materials_primary_headline
materials_discovery,ALIGNN-FF WBM,materials_alignn_exact_stable_alpha010_K300,300,0.1,15,chgnet_mace_support_targeted,0.0,112798,0,0,0.0,0,0.0,False,False,0.24,0.0,0.0,0.0,0.41,0.48882032003220277,165.15801559604097,10.0,-7.0008453448911805,,1.0,insufficient_high_e_mass_for_uniform_scs,materials_t0_active_audit_emulation;existing_public_WBM_labels_only;t1_current_MP_used_only_as_utility_audit;not_prospective_materials_discovery;not_DFT_evidence;not_materials_primary_headline
materials_discovery,ALIGNN-FF WBM,materials_alignn_exact_stable_alpha010_K500,500,0.1,15,chgnet_mace_support_targeted,0.0,112798,0,0,0.0,0,0.0,False,False,0.328,0.0,0.0,0.0,0.51,0.29329219201932166,165.15801559604097,10.0,-7.873409774995077,,1.0,insufficient_high_e_mass_for_uniform_scs,materials_t0_active_audit_emulation;existing_public_WBM_labels_only;t1_current_MP_used_only_as_utility_audit;not_prospective_materials_discovery;not_DFT_evidence;not_materials_primary_headline
materials_discovery,ALIGNN-FF WBM,materials_alignn_exact_stable_alpha010_K300,300,0.1,15,chgnet_mace_support_targeted,0.005,112798,564,132,0.23404255319148937,0,0.0,False,False,0.24,0.0,0.0,0.0,0.41,0.48836544702226303,165.00064551324527,10.0,-6.797466484037507,,0.9989148128052089,insufficient_high_e_mass_for_uniform_scs,materials_t0_active_audit_emulation;existing_public_WBM_labels_only;t1_current_MP_used_only_as_utility_audit;not_prospective_materials_discovery;not_DFT_evidence;not_materials_primary_headline
materials_discovery,ALIGNN-FF WBM,materials_alignn_exact_stable_alpha010_K500,500,0.1,15,chgnet_mace_support_targeted,0.005,112798,564,132,0.23404255319148937,0,0.0,False,False,0.328,0.0,0.0,0.0,0.51,0.29301926821335783,165.00064551324527,10.0,-7.793161454673961,,0.9989148128052089,insufficient_high_e_mass_for_uniform_scs,materials_t0_active_audit_emulation;existing_public_WBM_labels_only;t1_current_MP_used_only_as_utility_audit;not_prospective_materials_discovery;not_DFT_evidence;not_materials_primary_headline
materials_discovery,ALIGNN-FF WBM,materials_alignn_exact_stable_alpha010_K300,300,0.1,15,chgnet_mace_support_targeted,0.01,112798,1128,261,0.23138297872340424,0,0.0,False,False,0.24,0.0,0.0,0.0,0.41,0.48813798843606954,164.9219537499643,10.0,-6.766953935817298,,0.9983722192078134,insufficient_high_e_mass_for_uniform_scs,materials_t0_active_audit_emulation;existing_public_WBM_labels_only;t1_current_MP_used_only_as_utility_audit;not_prospective_materials_discovery;not_DFT_evidence;not_materials_primary_headline
materials_discovery,ALIGNN-FF WBM,materials_alignn_exact_stable_alpha010_K500,500,0.1,15,chgnet_mace_support_targeted,0.01,112798,1128,261,0.23138297872340424,0,0.0,False,False,0.328,0.0,0.0,0.0,0.51,0.2928827930616417,164.9219537499643,10.0,-7.779783290509986,,0.9983722192078134,insufficient_high_e_mass_for_uniform_scs,materials_t0_active_audit_emulation;existing_public_WBM_labels_only;t1_current_MP_used_only_as_utility_audit;not_prospective_materials_discovery;not_DFT_evidence;not_materials_primary_headline
materials_discovery,ALIGNN-FF WBM,materials_alignn_exact_stable_alpha010_K300,300,0.1,15,chgnet_mace_support_targeted,0.02,112798,2256,414,0.18351063829787234,0,0.0,False,False,0.24,0.0,0.0,0.0,0.41,0.4876830270521148,164.76455676497005,10.0,-6.769806209219937,,0.9972870320130223,insufficient_high_e_mass_for_uniform_scs,materials_t0_active_audit_emulation;existing_public_WBM_labels_only;t1_current_MP_used_only_as_utility_audit;not_prospective_materials_discovery;not_DFT_evidence;not_materials_primary_headline
materials_discovery,ALIGNN-FF WBM,materials_alignn_exact_stable_alpha010_K500,500,0.1,15,chgnet_mace_support_targeted,0.02,112798,2256,414,0.18351063829787234,0,0.0,False,False,0.328,0.0,0.0,0.0,0.51,0.2926098162312689,164.76455676497005,10.0,-7.781726709994821,,0.9972870320130223,insufficient_high_e_mass_for_uniform_scs,materials_t0_active_audit_emulation;existing_public_WBM_labels_only;t1_current_MP_used_only_as_utility_audit;not_prospective_materials_discovery;not_DFT_evidence;not_materials_primary_headline
materials_discovery,ALIGNN-FF WBM,materials_alignn_exact_stable_alpha010_K300,300,0.1,15,chgnet_mace_support_targeted,0.05,112798,5640,1935,0.34308510638297873,176,0.13636363636363635,False,True,0.24,1.0,0.32386363636363635,0.32386363636363635,0.41,4.869332072104393,164.13478894733908,10.0,0.21344584150985213,17.045454545454543,0.9929462832338578,,materials_t0_active_audit_emulation;existing_public_WBM_labels_only;t1_current_MP_used_only_as_utility_audit;not_prospective_materials_discovery;not_DFT_evidence;not_materials_primary_headline
materials_discovery,ALIGNN-FF WBM,materials_alignn_exact_stable_alpha010_K500,500,0.1,15,chgnet_mace_support_targeted,0.05,112798,5640,1935,0.34308510638297873,151,0.11258278145695365,False,True,0.328,1.0,0.31788079470198677,0.31788079470198677,0.51,2.921599243262636,164.13478894733908,10.0,0.9190176997934927,33.11258278145695,0.9929462832338578,,materials_t0_active_audit_emulation;existing_public_WBM_labels_only;t1_current_MP_used_only_as_utility_audit;not_prospective_materials_discovery;not_DFT_evidence;not_materials_primary_headline
materials_discovery,ALIGNN-FF WBM,materials_alignn_exact_stable_alpha010_K300,300,0.1,15,chgnet_mace_support_targeted,0.1,112798,11280,3986,0.35336879432624113,176,0.13636363636363635,False,True,0.24,1.0,0.32386363636363635,0.32386363636363635,0.41,4.856482462997977,163.70165605611155,10.0,0.1698756656775977,17.045454545454543,0.9899620184481823,,materials_t0_active_audit_emulation;existing_public_WBM_labels_only;t1_current_MP_used_only_as_utility_audit;not_prospective_materials_discovery;not_DFT_evidence;not_materials_primary_headline
materials_discovery,ALIGNN-FF WBM,materials_alignn_exact_stable_alpha010_K500,500,0.1,15,chgnet_mace_support_targeted,0.1,112798,11280,3986,0.35336879432624113,151,0.11258278145695365,False,True,0.328,1.0,0.31788079470198677,0.31788079470198677,0.51,2.9138894777987856,163.70165605611155,10.0,0.8319313266135353,33.11258278145695,0.9899620184481823,,materials_t0_active_audit_emulation;existing_public_WBM_labels_only;t1_current_MP_used_only_as_utility_audit;not_prospective_materials_discovery;not_DFT_evidence;not_materials_primary_headline
materials_discovery,ALIGNN-FF WBM,materials_alignn_exact_stable_alpha010_K300,300,0.1,15,chgnet_mace_support_targeted,0.2,112798,22560,8168,0.3620567375886525,176,0.13636363636363635,False,True,0.24,1.0,0.32386363636363635,0.32386363636363635,0.41,4.83544705207582,162.9925972609827,10.0,0.09854179550116626,17.045454545454543,0.9850786760716224,,materials_t0_active_audit_emulation;existing_public_WBM_labels_only;t1_current_MP_used_only_as_utility_audit;not_prospective_materials_discovery;not_DFT_evidence;not_materials_primary_headline
materials_discovery,ALIGNN-FF WBM,materials_alignn_exact_stable_alpha010_K500,500,0.1,15,chgnet_mace_support_targeted,0.2,112798,22560,8168,0.3620567375886525,151,0.11258278145695365,False,True,0.328,1.0,0.31788079470198677,0.31788079470198677,0.51,2.901268231245492,162.9925972609827,10.0,0.6893563895258765,33.11258278145695,0.9850786760716224,,materials_t0_active_audit_emulation;existing_public_WBM_labels_only;t1_current_MP_used_only_as_utility_audit;not_prospective_materials_discovery;not_DFT_evidence;not_materials_primary_headline
materials_discovery,ALIGNN-FF WBM,materials_alignn_exact_stable_alpha010_K300,300,0.1,15,mass_gain,0.0,112798,0,0,0.0,0,0.0,False,False,0.24,0.0,0.0,0.0,0.41,0.48882032003220277,165.15801559604097,10.0,-7.0008453448911805,,1.0,insufficient_high_e_mass_for_uniform_scs,materials_t0_active_audit_emulation;existing_public_WBM_labels_only;t1_current_MP_used_only_as_utility_audit;not_prospective_materials_discovery;not_DFT_evidence;not_materials_primary_headline
materials_discovery,ALIGNN-FF WBM,materials_alignn_exact_stable_alpha010_K500,500,0.1,15,mass_gain,0.0,112798,0,0,0.0,0,0.0,False,False,0.328,0.0,0.0,0.0,0.51,0.29329219201932166,165.15801559604097,10.0,-7.873409774995077,,1.0,insufficient_high_e_mass_for_uniform_scs,materials_t0_active_audit_emulation;existing_public_WBM_labels_only;t1_current_MP_used_only_as_utility_audit;not_prospective_materials_discovery;not_DFT_evidence;not_materials_primary_headline
materials_discovery,ALIGNN-FF WBM,materials_alignn_exact_stable_alpha010_K300,300,0.1,15,mass_gain,0.005,112798,564,377,0.6684397163120568,20,0.0,True,False,0.24,1.0,0.25,0.25,0.41,1.0984303784331337,164.76455676497005,10.0,14.764556764970052,150.0,0.9972870320130223,,materials_t0_active_audit_emulation;existing_public_WBM_labels_only;t1_current_MP_used_only_as_utility_audit;not_prospective_materials_discovery;not_DFT_evidence;not_materials_primary_headline
materials_discovery,ALIGNN-FF WBM,materials_alignn_exact_stable_alpha010_K500,500,0.1,15,mass_gain,0.005,112798,564,377,0.6684397163120568,0,0.0,False,False,0.328,0.0,0.0,0.0,0.51,0.6590582270598803,164.76455676497005,10.0,-6.922828849849021,,0.9972870320130223,insufficient_high_e_mass_for_uniform_scs,materials_t0_active_audit_emulation;existing_public_WBM_labels_only;t1_current_MP_used_only_as_utility_audit;not_prospective_materials_discovery;not_DFT_evidence;not_materials_primary_headline
materials_discovery,ALIGNN-FF WBM,materials_alignn_exact_stable_alpha010_K300,300,0.1,15,mass_gain,0.01,112798,1128,614,0.5443262411347518,20,0.0,True,False,0.24,1.0,0.25,0.25,0.41,1.0968561839819608,164.52842759729413,10.0,14.528427597294126,150.0,0.9956592512208355,,materials_t0_active_audit_emulation;existing_public_WBM_labels_only;t1_current_MP_used_only_as_utility_audit;not_prospective_materials_discovery;not_DFT_evidence;not_materials_primary_headline
materials_discovery,ALIGNN-FF WBM,materials_alignn_exact_stable_alpha010_K500,500,0.1,15,mass_gain,0.01,112798,1128,614,0.5443262411347518,0,0.0,False,False,0.328,0.0,0.0,0.0,0.51,0.6581137103891765,164.52842759729413,10.0,-6.926901296670707,,0.9956592512208355,insufficient_high_e_mass_for_uniform_scs,materials_t0_active_audit_emulation;existing_public_WBM_labels_only;t1_current_MP_used_only_as_utility_audit;not_prospective_materials_discovery;not_DFT_evidence;not_materials_primary_headline
materials_discovery,ALIGNN-FF WBM,materials_alignn_exact_stable_alpha010_K300,300,0.1,15,mass_gain,0.02,112798,2256,1058,0.46897163120567376,20,0.0,True,False,0.24,1.0,0.25,0.25,0.41,1.092131978537494,163.8197967806241,10.0,13.819796780624102,150.0,0.9907759088442757,,materials_t0_active_audit_emulation;existing_public_WBM_labels_only;t1_current_MP_used_only_as_utility_audit;not_prospective_materials_discovery;not_DFT_evidence;not_materials_primary_headline
materials_discovery,ALIGNN-FF WBM,materials_alignn_exact_stable_alpha010_K500,500,0.1,15,mass_gain,0.02,112798,2256,1058,0.46897163120567376,0,0.0,False,False,0.328,0.0,0.0,0.0,0.51,0.6552791871224964,163.8197967806241,10.0,-6.939124660118935,,0.9907759088442757,insufficient_high_e_mass_for_uniform_scs,materials_t0_active_audit_emulation;existing_public_WBM_labels_only;t1_current_MP_used_only_as_utility_audit;not_prospective_materials_discovery;not_DFT_evidence;not_materials_primary_headline
materials_discovery,ALIGNN-FF WBM,materials_alignn_exact_stable_alpha010_K300,300,0.1,15,mass_gain,0.05,112798,5640,2087,0.3700354609929078,157,0.11464968152866242,False,True,0.24,1.0,0.3184713375796178,0.3184713375796178,0.41,1.7808478271720825,162.9925972609827,10.0,0.7440930780640862,19.108280254777068,0.9850786760716224,,materials_t0_active_audit_emulation;existing_public_WBM_labels_only;t1_current_MP_used_only_as_utility_audit;not_prospective_materials_discovery;not_DFT_evidence;not_materials_primary_headline
materials_discovery,ALIGNN-FF WBM,materials_alignn_exact_stable_alpha010_K500,500,0.1,15,mass_gain,0.05,112798,5640,2087,0.3700354609929078,86,0.0,True,False,0.328,1.0,0.2558139534883721,0.2558139534883721,0.51,1.0685086963032495,162.9925972609827,10.0,3.9830637385610217,58.139534883720934,0.9850786760716224,,materials_t0_active_audit_emulation;existing_public_WBM_labels_only;t1_current_MP_used_only_as_utility_audit;not_prospective_materials_discovery;not_DFT_evidence;not_materials_primary_headline
materials_discovery,ALIGNN-FF WBM,materials_alignn_exact_stable_alpha010_K300,300,0.1,15,mass_gain,0.1,112798,11280,3560,0.31560283687943264,158,0.11392405063291139,False,True,0.24,1.0,0.31645569620253167,0.31645569620253167,0.41,2.8115415645676496,162.20432103274902,10.0,2.497515842089058,18.987341772151897,0.9796527400976669,,materials_t0_active_audit_emulation;existing_public_WBM_labels_only;t1_current_MP_used_only_as_utility_audit;not_prospective_materials_discovery;not_DFT_evidence;not_materials_primary_headline
materials_discovery,ALIGNN-FF WBM,materials_alignn_exact_stable_alpha010_K500,500,0.1,15,mass_gain,0.1,112798,11280,3560,0.31560283687943264,91,0.0,True,False,0.328,1.0,0.25274725274725274,0.25274725274725274,0.51,1.6869249387405898,162.20432103274902,10.0,6.8826869244743705,54.94505494505495,0.9796527400976669,,materials_t0_active_audit_emulation;existing_public_WBM_labels_only;t1_current_MP_used_only_as_utility_audit;not_prospective_materials_discovery;not_DFT_evidence;not_materials_primary_headline
materials_discovery,ALIGNN-FF WBM,materials_alignn_exact_stable_alpha010_K300,300,0.1,15,mass_gain,0.2,112798,22560,5982,0.2651595744680851,158,0.11392405063291139,False,True,0.24,1.0,0.31645569620253167,0.31645569620253167,0.41,4.478925741758437,161.88888223223265,10.0,2.457366076555992,18.987341772151897,0.9774823657080847,,materials_t0_active_audit_emulation;existing_public_WBM_labels_only;t1_current_MP_used_only_as_utility_audit;not_prospective_materials_discovery;not_DFT_evidence;not_materials_primary_headline
materials_discovery,ALIGNN-FF WBM,materials_alignn_exact_stable_alpha010_K500,500,0.1,15,mass_gain,0.2,112798,22560,5982,0.2651595744680851,94,0.0,True,False,0.328,1.0,0.24468085106382978,0.24468085106382978,0.51,2.6873554450550623,161.88888223223265,10.0,8.518256601603916,53.191489361702125,0.9774823657080847,,materials_t0_active_audit_emulation;existing_public_WBM_labels_only;t1_current_MP_used_only_as_utility_audit;not_prospective_materials_discovery;not_DFT_evidence;not_materials_primary_headline
materials_discovery,ALIGNN-FF WBM,materials_alignn_exact_stable_alpha010_K300,300,0.1,16,random,0.0,106246,0,0,0.0,0,0.0,False,False,0.33,0.0,0.0,0.0,0.39,0.23217912595015108,40.18273060293523,10.0,-7.701948573507467,,1.0,insufficient_high_e_mass_for_uniform_scs,materials_t0_active_audit_emulation;existing_public_WBM_labels_only;t1_current_MP_used_only_as_utility_audit;not_prospective_materials_discovery;not_DFT_evidence;not_materials_primary_headline
materials_discovery,ALIGNN-FF WBM,materials_alignn_exact_stable_alpha010_K500,500,0.1,16,random,0.0,106246,0,0,0.0,0,0.0,False,False,0.376,0.0,0.0,0.0,0.432,0.16328018134929553,40.18273060293523,10.0,-8.404788901340098,,1.0,insufficient_high_e_mass_for_uniform_scs,materials_t0_active_audit_emulation;existing_public_WBM_labels_only;t1_current_MP_used_only_as_utility_audit;not_prospective_materials_discovery;not_DFT_evidence;not_materials_primary_headline
materials_discovery,ALIGNN-FF WBM,materials_alignn_exact_stable_alpha010_K300,300,0.1,16,random,0.005,106246,531,77,0.14500941619585686,0,0.0,False,False,0.33,0.0,0.0,0.0,0.39,0.23212835050846703,40.17341907552627,10.0,-7.702450992970741,,0.9997287032013022,insufficient_high_e_mass_for_uniform_scs,materials_t0_active_audit_emulation;existing_public_WBM_labels_only;t1_current_MP_used_only_as_utility_audit;not_prospective_materials_discovery;not_DFT_evidence;not_materials_primary_headline
materials_discovery,ALIGNN-FF WBM,materials_alignn_exact_stable_alpha010_K500,500,0.1,16,random,0.005,106246,531,77,0.14500941619585686,0,0.0,False,False,0.376,0.0,0.0,0.0,0.432,0.1632447117465759,40.17341907552627,10.0,-8.405134993570904,,0.9997287032013022,insufficient_high_e_mass_for_uniform_scs,materials_t0_active_audit_emulation;existing_public_WBM_labels_only;t1_current_MP_used_only_as_utility_audit;not_prospective_materials_discovery;not_DFT_evidence;not_materials_primary_headline
materials_discovery,ALIGNN-FF WBM,materials_alignn_exact_stable_alpha010_K300,300,0.1,16,random,0.01,106246,1062,159,0.1497175141242938,0,0.0,False,False,0.33,0.0,0.0,0.0,0.39,0.23212835050846703,40.17341907552627,10.0,-7.702450992970741,,0.9997287032013022,insufficient_high_e_mass_for_uniform_scs,materials_t0_active_audit_emulation;existing_public_WBM_labels_only;t1_current_MP_used_only_as_utility_audit;not_prospective_materials_discovery;not_DFT_evidence;not_materials_primary_headline
materials_discovery,ALIGNN-FF WBM,materials_alignn_exact_stable_alpha010_K500,500,0.1,16,random,0.01,106246,1062,159,0.1497175141242938,0,0.0,False,False,0.376,0.0,0.0,0.0,0.432,0.1632447117465759,40.17341907552627,10.0,-8.405134993570904,,0.9997287032013022,insufficient_high_e_mass_for_uniform_scs,materials_t0_active_audit_emulation;existing_public_WBM_labels_only;t1_current_MP_used_only_as_utility_audit;not_prospective_materials_discovery;not_DFT_evidence;not_materials_primary_headline
materials_discovery,ALIGNN-FF WBM,materials_alignn_exact_stable_alpha010_K300,300,0.1,16,random,0.02,106246,2125,326,0.15341176470588236,0,0.0,False,False,0.33,0.0,0.0,0.0,0.39,0.23212835050846703,40.17341907552627,10.0,-7.702450992970741,,0.9997287032013022,insufficient_high_e_mass_for_uniform_scs,materials_t0_active_audit_emulation;existing_public_WBM_labels_only;t1_current_MP_used_only_as_utility_audit;not_prospective_materials_discovery;not_DFT_evidence;not_materials_primary_headline
materials_discovery,ALIGNN-FF WBM,materials_alignn_exact_stable_alpha010_K500,500,0.1,16,random,0.02,106246,2125,326,0.15341176470588236,0,0.0,False,False,0.376,0.0,0.0,0.0,0.432,0.1632447117465759,40.17341907552627,10.0,-8.405134993570904,,0.9997287032013022,insufficient_high_e_mass_for_uniform_scs,materials_t0_active_audit_emulation;existing_public_WBM_labels_only;t1_current_MP_used_only_as_utility_audit;not_prospective_materials_discovery;not_DFT_evidence;not_materials_primary_headline
materials_discovery,ALIGNN-FF WBM,materials_alignn_exact_stable_alpha010_K300,300,0.1,16,random,0.05,106246,5312,809,0.15229668674698796,0,0.0,False,False,0.33,0.0,0.0,0.0,0.39,0.23525815143513534,40.15479509998327,10.0,-7.6719719738099315,,0.9991861096039066,insufficient_high_e_mass_for_uniform_scs,materials_t0_active_audit_emulation;existing_public_WBM_labels_only;t1_current_MP_used_only_as_utility_audit;not_prospective_materials_discovery;not_DFT_evidence;not_materials_primary_headline
materials_discovery,ALIGNN-FF WBM,materials_alignn_exact_stable_alpha010_K500,500,0.1,16,random,0.05,106246,5312,809,0.15229668674698796,0,0.0,False,False,0.376,0.0,0.0,0.0,0.432,0.16474747700965153,40.15479509998327,10.0,-8.384197391516715,,0.9991861096039066,insufficient_high_e_mass_for_uniform_scs,materials_t0_active_audit_emulation;existing_public_WBM_labels_only;t1_current_MP_used_only_as_utility_audit;not_prospective_materials_discovery;not_DFT_evidence;not_materials_primary_headline
materials_discovery,ALIGNN-FF WBM,materials_alignn_exact_stable_alpha010_K300,300,0.1,16,random,0.1,106246,10625,1551,0.1459764705882353,0,0.0,False,False,0.33,0.0,0.0,0.0,0.39,0.23675459621714698,40.126856833317,10.0,-7.657420419581792,,0.9983722192078134,insufficient_high_e_mass_for_uniform_scs,materials_t0_active_audit_emulation;existing_public_WBM_labels_only;t1_current_MP_used_only_as_utility_audit;not_prospective_materials_discovery;not_DFT_evidence;not_materials_primary_headline
materials_discovery,ALIGNN-FF WBM,materials_alignn_exact_stable_alpha010_K500,500,0.1,16,random,0.1,106246,10625,1551,0.1459764705882353,0,0.0,False,False,0.376,0.0,0.0,0.0,0.432,0.16624546054062367,40.126856833317,10.0,-8.370487783215504,,0.9983722192078134,insufficient_high_e_mass_for_uniform_scs,materials_t0_active_audit_emulation;existing_public_WBM_labels_only;t1_current_MP_used_only_as_utility_audit;not_prospective_materials_discovery;not_DFT_evidence;not_materials_primary_headline
materials_discovery,ALIGNN-FF WBM,materials_alignn_exact_stable_alpha010_K300,300,0.1,16,random,0.2,106246,21249,3155,0.14847757541531367,0,0.0,False,False,0.33,0.0,0.0,0.0,0.39,0.24698949992669067,40.08960150718929,10.0,-7.555289298394407,,0.9972870320130223,insufficient_high_e_mass_for_uniform_scs,materials_t0_active_audit_emulation;existing_public_WBM_labels_only;t1_current_MP_used_only_as_utility_audit;not_prospective_materials_discovery;not_DFT_evidence;not_materials_primary_headline
materials_discovery,ALIGNN-FF WBM,materials_alignn_exact_stable_alpha010_K500,500,0.1,16,random,0.2,106246,21249,3155,0.14847757541531367,0,0.0,False,False,0.376,0.0,0.0,0.0,0.432,0.173753881449456,40.08960150718929,10.0,-8.293602901023768,,0.9972870320130223,insufficient_high_e_mass_for_uniform_scs,materials_t0_active_audit_emulation;existing_public_WBM_labels_only;t1_current_MP_used_only_as_utility_audit;not_prospective_materials_discovery;not_DFT_evidence;not_materials_primary_headline
materials_discovery,ALIGNN-FF WBM,materials_alignn_exact_stable_alpha010_K300,300,0.1,16,raw_score_targeted,0.0,106246,0,0,0.0,0,0.0,False,False,0.33,0.0,0.0,0.0,0.39,0.23217912595015108,40.18273060293523,10.0,-7.701948573507467,,1.0,insufficient_high_e_mass_for_uniform_scs,materials_t0_active_audit_emulation;existing_public_WBM_labels_only;t1_current_MP_used_only_as_utility_audit;not_prospective_materials_discovery;not_DFT_evidence;not_materials_primary_headline
materials_discovery,ALIGNN-FF WBM,materials_alignn_exact_stable_alpha010_K500,500,0.1,16,raw_score_targeted,0.0,106246,0,0,0.0,0,0.0,False,False,0.376,0.0,0.0,0.0,0.432,0.16328018134929553,40.18273060293523,10.0,-8.404788901340098,,1.0,insufficient_high_e_mass_for_uniform_scs,materials_t0_active_audit_emulation;existing_public_WBM_labels_only;t1_current_MP_used_only_as_utility_audit;not_prospective_materials_discovery;not_DFT_evidence;not_materials_primary_headline
materials_discovery,ALIGNN-FF WBM,materials_alignn_exact_stable_alpha010_K300,300,0.1,16,raw_score_targeted,0.005,106246,531,366,0.6892655367231638,43,0.0,True,False,0.33,1.0,0.18604651162790697,0.18604651162790697,0.39,2.200533196184875,165.03998971386562,10.0,20.02041774379856,69.76744186046511,0.9991861096039066,,materials_t0_active_audit_emulation;existing_public_WBM_labels_only;t1_current_MP_used_only_as_utility_audit;not_prospective_materials_discovery;not_DFT_evidence;not_materials_primary_headline
materials_discovery,ALIGNN-FF WBM,materials_alignn_exact_stable_alpha010_K500,500,0.1,16,raw_score_targeted,0.005,106246,531,366,0.6892655367231638,40,0.0,True,False,0.376,1.0,0.175,0.175,0.432,1.320319917710925,165.03998971386562,10.0,40.03998971386562,125.0,0.9991861096039066,,materials_t0_active_audit_emulation;existing_public_WBM_labels_only;t1_current_MP_used_only_as_utility_audit;not_prospective_materials_discovery;not_DFT_evidence;not_materials_primary_headline
materials_discovery,ALIGNN-FF WBM,materials_alignn_exact_stable_alpha010_K300,300,0.1,16,raw_score_targeted,0.01,106246,1062,643,0.6054613935969868,43,0.0,True,False,0.33,1.0,0.18604651162790697,0.18604651162790697,0.39,2.1994840025608933,164.961300192067,10.0,19.978108715219506,69.76744186046511,0.9986435160065111,,materials_t0_active_audit_emulation;existing_public_WBM_labels_only;t1_current_MP_used_only_as_utility_audit;not_prospective_materials_discovery;not_DFT_evidence;not_materials_primary_headline
materials_discovery,ALIGNN-FF WBM,materials_alignn_exact_stable_alpha010_K500,500,0.1,16,raw_score_targeted,0.01,106246,1062,643,0.6054613935969868,40,0.0,True,False,0.376,1.0,0.175,0.175,0.432,1.319690401536536,164.961300192067,10.0,39.961300192067,125.0,0.9986435160065111,,materials_t0_active_audit_emulation;existing_public_WBM_labels_only;t1_current_MP_used_only_as_utility_audit;not_prospective_materials_discovery;not_DFT_evidence;not_materials_primary_headline
materials_discovery,ALIGNN-FF WBM,materials_alignn_exact_stable_alpha010_K300,300,0.1,16,raw_score_targeted,0.02,106246,2125,1209,0.5689411764705883,43,0.0,True,False,0.33,1.0,0.18604651162790697,0.18604651162790697,0.39,2.1973854359258738,164.80390769444054,10.0,19.89348292799002,69.76744186046511,0.99755832881172,,materials_t0_active_audit_emulation;existing_public_WBM_labels_only;t1_current_MP_used_only_as_utility_audit;not_prospective_materials_discovery;not_DFT_evidence;not_materials_primary_headline
materials_discovery,ALIGNN-FF WBM,materials_alignn_exact_stable_alpha010_K500,500,0.1,16,raw_score_targeted,0.02,106246,2125,1209,0.5689411764705883,40,0.0,True,False,0.376,1.0,0.175,0.175,0.432,1.3184312615555243,164.80390769444054,10.0,39.80390769444054,125.0,0.99755832881172,,materials_t0_active_audit_emulation;existing_public_WBM_labels_only;t1_current_MP_used_only_as_utility_audit;not_prospective_materials_discovery;not_DFT_evidence;not_materials_primary_headline
materials_discovery,ALIGNN-FF WBM,materials_alignn_exact_stable_alpha010_K300,300,0.1,16,raw_score_targeted,0.05,106246,5312,2541,0.4783509036144578,43,0.0,True,False,0.33,1.0,0.18604651162790697,0.18604651162790697,0.39,2.1937123679639217,164.52842759729413,10.0,19.745362964118684,69.76744186046511,0.9956592512208355,,materials_t0_active_audit_emulation;existing_public_WBM_labels_only;t1_current_MP_used_only_as_utility_audit;not_prospective_materials_discovery;not_DFT_evidence;not_materials_primary_headline
materials_discovery,ALIGNN-FF WBM,materials_alignn_exact_stable_alpha010_K500,500,0.1,16,raw_score_targeted,0.05,106246,5312,2541,0.4783509036144578,40,0.0,True,False,0.376,1.0,0.175,0.175,0.432,1.316227420778353,164.52842759729413,10.0,39.528427597294126,125.0,0.9956592512208355,,materials_t0_active_audit_emulation;existing_public_WBM_labels_only;t1_current_MP_used_only_as_utility_audit;not_prospective_materials_discovery;not_DFT_evidence;not_materials_primary_headline
materials_discovery,ALIGNN-FF WBM,materials_alignn_exact_stable_alpha010_K300,300,0.1,16,raw_score_targeted,0.1,106246,10625,4205,0.39576470588235296,43,0.0,True,False,0.33,1.0,0.18604651162790697,0.18604651162790697,0.39,2.184263957074988,163.8197967806241,10.0,19.364337444317883,69.76744186046511,0.9907759088442757,,materials_t0_active_audit_emulation;existing_public_WBM_labels_only;t1_current_MP_used_only_as_utility_audit;not_prospective_materials_discovery;not_DFT_evidence;not_materials_primary_headline
materials_discovery,ALIGNN-FF WBM,materials_alignn_exact_stable_alpha010_K500,500,0.1,16,raw_score_targeted,0.1,106246,10625,4205,0.39576470588235296,40,0.0,True,False,0.376,1.0,0.175,0.175,0.432,1.3105583742449929,163.8197967806241,10.0,38.8197967806241,125.0,0.9907759088442757,,materials_t0_active_audit_emulation;existing_public_WBM_labels_only;t1_current_MP_used_only_as_utility_audit;not_prospective_materials_discovery;not_DFT_evidence;not_materials_primary_headline
materials_discovery,ALIGNN-FF WBM,materials_alignn_exact_stable_alpha010_K300,300,0.1,16,raw_score_targeted,0.2,106246,21249,8108,0.38157089745399786,43,0.0,True,False,0.33,1.0,0.18604651162790697,0.18604651162790697,0.39,2.1727092573384637,162.95319430038478,10.0,18.898353344712106,69.76744186046511,0.9848073792729246,,materials_t0_active_audit_emulation;existing_public_WBM_labels_only;t1_current_MP_used_only_as_utility_audit;not_prospective_materials_discovery;not_DFT_evidence;not_materials_primary_headline
materials_discovery,ALIGNN-FF WBM,materials_alignn_exact_stable_alpha010_K500,500,0.1,16,raw_score_targeted,0.2,106246,21249,8108,0.38157089745399786,40,0.0,True,False,0.376,1.0,0.175,0.175,0.432,1.3036255544030781,162.95319430038478,10.0,37.95319430038478,125.0,0.9848073792729246,,materials_t0_active_audit_emulation;existing_public_WBM_labels_only;t1_current_MP_used_only_as_utility_audit;not_prospective_materials_discovery;not_DFT_evidence;not_materials_primary_headline
materials_discovery,ALIGNN-FF WBM,materials_alignn_exact_stable_alpha010_K300,300,0.1,16,parc_m_evidence_targeted,0.0,106246,0,0,0.0,0,0.0,False,False,0.33,0.0,0.0,0.0,0.39,0.23217912595015108,40.18273060293523,10.0,-7.701948573507467,,1.0,insufficient_high_e_mass_for_uniform_scs,materials_t0_active_audit_emulation;existing_public_WBM_labels_only;t1_current_MP_used_only_as_utility_audit;not_prospective_materials_discovery;not_DFT_evidence;not_materials_primary_headline
materials_discovery,ALIGNN-FF WBM,materials_alignn_exact_stable_alpha010_K500,500,0.1,16,parc_m_evidence_targeted,0.0,106246,0,0,0.0,0,0.0,False,False,0.376,0.0,0.0,0.0,0.432,0.16328018134929553,40.18273060293523,10.0,-8.404788901340098,,1.0,insufficient_high_e_mass_for_uniform_scs,materials_t0_active_audit_emulation;existing_public_WBM_labels_only;t1_current_MP_used_only_as_utility_audit;not_prospective_materials_discovery;not_DFT_evidence;not_materials_primary_headline
materials_discovery,ALIGNN-FF WBM,materials_alignn_exact_stable_alpha010_K300,300,0.1,16,parc_m_evidence_targeted,0.005,106246,531,360,0.6779661016949152,40,0.0,True,False,0.33,1.0,0.175,0.175,0.39,1.4857139951486487,165.0793327942943,10.0,14.809013153038961,75.0,0.9994574064026045,,materials_t0_active_audit_emulation;existing_public_WBM_labels_only;t1_current_MP_used_only_as_utility_audit;not_prospective_materials_discovery;not_DFT_evidence;not_materials_primary_headline
materials_discovery,ALIGNN-FF WBM,materials_alignn_exact_stable_alpha010_K500,500,0.1,16,parc_m_evidence_targeted,0.005,106246,531,360,0.6779661016949152,0,0.0,False,False,0.376,0.0,0.0,0.0,0.432,0.8914283970891892,165.0793327942943,10.0,-7.907365709847123,,0.9994574064026045,insufficient_high_e_mass_for_uniform_scs,materials_t0_active_audit_emulation;existing_public_WBM_labels_only;t1_current_MP_used_only_as_utility_audit;not_prospective_materials_discovery;not_DFT_evidence;not_materials_primary_headline
materials_discovery,ALIGNN-FF WBM,materials_alignn_exact_stable_alpha010_K300,300,0.1,16,parc_m_evidence_targeted,0.01,106246,1062,636,0.5988700564971752,40,0.0,True,False,0.33,1.0,0.175,0.175,0.39,1.4850058096192076,165.00064551324527,10.0,14.76670541188308,75.0,0.9989148128052089,,materials_t0_active_audit_emulation;existing_public_WBM_labels_only;t1_current_MP_used_only_as_utility_audit;not_prospective_materials_discovery;not_DFT_evidence;not_materials_primary_headline
materials_discovery,ALIGNN-FF WBM,materials_alignn_exact_stable_alpha010_K500,500,0.1,16,parc_m_evidence_targeted,0.01,106246,1062,636,0.5988700564971752,0,0.0,False,False,0.376,0.0,0.0,0.0,0.432,0.8910034857715246,165.00064551324527,10.0,-7.15884993692123,,0.9989148128052089,insufficient_high_e_mass_for_uniform_scs,materials_t0_active_audit_emulation;existing_public_WBM_labels_only;t1_current_MP_used_only_as_utility_audit;not_prospective_materials_discovery;not_DFT_evidence;not_materials_primary_headline
materials_discovery,ALIGNN-FF WBM,materials_alignn_exact_stable_alpha010_K300,300,0.1,16,parc_m_evidence_targeted,0.02,106246,2125,1201,0.5651764705882353,40,0.0,True,False,0.33,1.0,0.175,0.175,0.39,1.4839434556791324,164.88260618657026,10.0,14.703238970982923,75.0,0.9981009224091155,,materials_t0_active_audit_emulation;existing_public_WBM_labels_only;t1_current_MP_used_only_as_utility_audit;not_prospective_materials_discovery;not_DFT_evidence;not_materials_primary_headline
materials_discovery,ALIGNN-FF WBM,materials_alignn_exact_stable_alpha010_K500,500,0.1,16,parc_m_evidence_targeted,0.02,106246,2125,1201,0.5651764705882353,0,0.0,False,False,0.376,0.0,0.0,0.0,0.432,0.8903660734074794,164.88260618657026,10.0,-7.136050729611019,,0.9981009224091155,insufficient_high_e_mass_for_uniform_scs,materials_t0_active_audit_emulation;existing_public_WBM_labels_only;t1_current_MP_used_only_as_utility_audit;not_prospective_materials_discovery;not_DFT_evidence;not_materials_primary_headline
materials_discovery,ALIGNN-FF WBM,materials_alignn_exact_stable_alpha010_K300,300,0.1,16,parc_m_evidence_targeted,0.05,106246,5312,2531,0.4764683734939759,40,0.0,True,False,0.33,1.0,0.175,0.175,0.39,1.4818184751467158,164.64649723852398,10.0,14.57628868309655,75.0,0.9964731416169289,,materials_t0_active_audit_emulation;existing_public_WBM_labels_only;t1_current_MP_used_only_as_utility_audit;not_prospective_materials_discovery;not_DFT_evidence;not_materials_primary_headline
materials_discovery,ALIGNN-FF WBM,materials_alignn_exact_stable_alpha010_K500,500,0.1,16,parc_m_evidence_targeted,0.05,106246,5312,2531,0.4764683734939759,0,0.0,False,False,0.376,0.0,0.0,0.0,0.432,0.8890910850880296,164.64649723852398,10.0,-7.1398323049267,,0.9964731416169289,insufficient_high_e_mass_for_uniform_scs,materials_t0_active_audit_emulation;existing_public_WBM_labels_only;t1_current_MP_used_only_as_utility_audit;not_prospective_materials_discovery;not_DFT_evidence;not_materials_primary_headline
materials_discovery,ALIGNN-FF WBM,materials_alignn_exact_stable_alpha010_K300,300,0.1,16,parc_m_evidence_targeted,0.1,106246,10625,4185,0.39388235294117646,43,0.0,True,False,0.33,1.0,0.18604651162790697,0.18604651162790697,0.39,2.1884638526311875,164.13478894733908,10.0,19.533708055203363,69.76744186046511,0.9929462832338578,,materials_t0_active_audit_emulation;existing_public_WBM_labels_only;t1_current_MP_used_only_as_utility_audit;not_prospective_materials_discovery;not_DFT_evidence;not_materials_primary_headline
materials_discovery,ALIGNN-FF WBM,materials_alignn_exact_stable_alpha010_K500,500,0.1,16,parc_m_evidence_targeted,0.1,106246,10625,4185,0.39388235294117646,40,0.0,True,False,0.376,1.0,0.175,0.175,0.432,1.3130783115787126,164.13478894733908,10.0,39.134788947339075,125.0,0.9929462832338578,,materials_t0_active_audit_emulation;existing_public_WBM_labels_only;t1_current_MP_used_only_as_utility_audit;not_prospective_materials_discovery;not_DFT_evidence;not_materials_primary_headline
materials_discovery,ALIGNN-FF WBM,materials_alignn_exact_stable_alpha010_K300,300,0.1,16,parc_m_evidence_targeted,0.2,106246,21249,8178,0.38486517012565297,43,0.0,True,False,0.33,1.0,0.18604651162790697,0.18604651162790697,0.39,2.1790127293481913,163.42595470111434,10.0,19.152565644518774,69.76744186046511,0.9880629408572978,,materials_t0_active_audit_emulation;existing_public_WBM_labels_only;t1_current_MP_used_only_as_utility_audit;not_prospective_materials_discovery;not_DFT_evidence;not_materials_primary_headline
materials_discovery,ALIGNN-FF WBM,materials_alignn_exact_stable_alpha010_K500,500,0.1,16,parc_m_evidence_targeted,0.2,106246,21249,8178,0.38486517012565297,40,0.0,True,False,0.376,1.0,0.175,0.175,0.432,1.3074076376089148,163.42595470111434,10.0,38.425954701114335,125.0,0.9880629408572978,,materials_t0_active_audit_emulation;existing_public_WBM_labels_only;t1_current_MP_used_only_as_utility_audit;not_prospective_materials_discovery;not_DFT_evidence;not_materials_primary_headline
materials_discovery,ALIGNN-FF WBM,materials_alignn_exact_stable_alpha010_K300,300,0.1,16,chgnet_mace_support_targeted,0.0,106246,0,0,0.0,0,0.0,False,False,0.33,0.0,0.0,0.0,0.39,0.23217912595015108,40.18273060293523,10.0,-7.701948573507467,,1.0,insufficient_high_e_mass_for_uniform_scs,materials_t0_active_audit_emulation;existing_public_WBM_labels_only;t1_current_MP_used_only_as_utility_audit;not_prospective_materials_discovery;not_DFT_evidence;not_materials_primary_headline
materials_discovery,ALIGNN-FF WBM,materials_alignn_exact_stable_alpha010_K500,500,0.1,16,chgnet_mace_support_targeted,0.0,106246,0,0,0.0,0,0.0,False,False,0.376,0.0,0.0,0.0,0.432,0.16328018134929553,40.18273060293523,10.0,-8.404788901340098,,1.0,insufficient_high_e_mass_for_uniform_scs,materials_t0_active_audit_emulation;existing_public_WBM_labels_only;t1_current_MP_used_only_as_utility_audit;not_prospective_materials_discovery;not_DFT_evidence;not_materials_primary_headline
materials_discovery,ALIGNN-FF WBM,materials_alignn_exact_stable_alpha010_K300,300,0.1,16,chgnet_mace_support_targeted,0.005,106246,531,121,0.2278719397363465,0,0.0,False,False,0.33,0.0,0.0,0.0,0.39,0.23869179453589212,40.17341907552627,10.0,-7.638516861034354,,0.9997287032013022,insufficient_high_e_mass_for_uniform_scs,materials_t0_active_audit_emulation;existing_public_WBM_labels_only;t1_current_MP_used_only_as_utility_audit;not_prospective_materials_discovery;not_DFT_evidence;not_materials_primary_headline
materials_discovery,ALIGNN-FF WBM,materials_alignn_exact_stable_alpha010_K500,500,0.1,16,chgnet_mace_support_targeted,0.005,106246,531,121,0.2278719397363465,0,0.0,False,False,0.376,0.0,0.0,0.0,0.432,0.16481911945517402,40.17341907552627,10.0,-8.390778181257975,,0.9997287032013022,insufficient_high_e_mass_for_uniform_scs,materials_t0_active_audit_emulation;existing_public_WBM_labels_only;t1_current_MP_used_only_as_utility_audit;not_prospective_materials_discovery;not_DFT_evidence;not_materials_primary_headline
materials_discovery,ALIGNN-FF WBM,materials_alignn_exact_stable_alpha010_K300,300,0.1,16,chgnet_mace_support_targeted,0.01,106246,1062,226,0.2128060263653484,0,0.0,False,False,0.33,0.0,0.0,0.0,0.39,0.24034261054740247,40.16410724124312,10.0,-7.621980496179907,,0.9994574064026045,insufficient_high_e_mass_for_uniform_scs,materials_t0_active_audit_emulation;existing_public_WBM_labels_only;t1_current_MP_used_only_as_utility_audit;not_prospective_materials_discovery;not_DFT_evidence;not_materials_primary_headline
materials_discovery,ALIGNN-FF WBM,materials_alignn_exact_stable_alpha010_K500,500,0.1,16,chgnet_mace_support_targeted,0.01,106246,1062,226,0.2128060263653484,0,0.0,False,False,0.376,0.0,0.0,0.0,0.432,0.16639018459498123,40.16410724124312,10.0,-8.376494642788353,,0.9994574064026045,insufficient_high_e_mass_for_uniform_scs,materials_t0_active_audit_emulation;existing_public_WBM_labels_only;t1_current_MP_used_only_as_utility_audit;not_prospective_materials_discovery;not_DFT_evidence;not_materials_primary_headline
materials_discovery,ALIGNN-FF WBM,materials_alignn_exact_stable_alpha010_K300,300,0.1,16,chgnet_mace_support_targeted,0.02,106246,2125,367,0.17270588235294118,0,0.0,False,False,0.33,0.0,0.0,0.0,0.39,0.2401320908579217,40.126856833317,10.0,-7.6240927338670055,,0.9983722192078134,insufficient_high_e_mass_for_uniform_scs,materials_t0_active_audit_emulation;existing_public_WBM_labels_only;t1_current_MP_used_only_as_utility_audit;not_prospective_materials_discovery;not_DFT_evidence;not_materials_primary_headline
materials_discovery,ALIGNN-FF WBM,materials_alignn_exact_stable_alpha010_K500,500,0.1,16,chgnet_mace_support_targeted,0.02,106246,2125,367,0.17270588235294118,0,0.0,False,False,0.376,0.0,0.0,0.0,0.432,0.16706081848106039,40.126856833317,10.0,-8.370487783215504,,0.9983722192078134,insufficient_high_e_mass_for_uniform_scs,materials_t0_active_audit_emulation;existing_public_WBM_labels_only;t1_current_MP_used_only_as_utility_audit;not_prospective_materials_discovery;not_DFT_evidence;not_materials_primary_headline
materials_discovery,ALIGNN-FF WBM,materials_alignn_exact_stable_alpha010_K300,300,0.1,16,chgnet_mace_support_targeted,0.05,106246,5312,1799,0.3386671686746988,43,0.0,True,False,0.33,1.0,0.18604651162790697,0.18604651162790697,0.39,2.192662785052005,164.44970887890037,10.0,19.703037160236732,69.76744186046511,0.99511665762344,,materials_t0_active_audit_emulation;existing_public_WBM_labels_only;t1_current_MP_used_only_as_utility_audit;not_prospective_materials_discovery;not_DFT_evidence;not_materials_primary_headline
materials_discovery,ALIGNN-FF WBM,materials_alignn_exact_stable_alpha010_K500,500,0.1,16,chgnet_mace_support_targeted,0.05,106246,5312,1799,0.3386671686746988,40,0.0,True,False,0.376,1.0,0.175,0.175,0.432,1.315597671031203,164.44970887890037,10.0,39.44970887890037,125.0,0.99511665762344,,materials_t0_active_audit_emulation;existing_public_WBM_labels_only;t1_current_MP_used_only_as_utility_audit;not_prospective_materials_discovery;not_DFT_evidence;not_materials_primary_headline
materials_discovery,ALIGNN-FF WBM,materials_alignn_exact_stable_alpha010_K300,300,0.1,16,chgnet_mace_support_targeted,0.1,106246,10625,3794,0.35708235294117646,43,0.0,True,False,0.33,1.0,0.18604651162790697,0.18604651162790697,0.39,2.1863640254035412,163.9773019052656,10.0,19.44902794489377,69.76744186046511,0.9918610960390667,,materials_t0_active_audit_emulation;existing_public_WBM_labels_only;t1_current_MP_used_only_as_utility_audit;not_prospective_materials_discovery;not_DFT_evidence;not_materials_primary_headline
materials_discovery,ALIGNN-FF WBM,materials_alignn_exact_stable_alpha010_K500,500,0.1,16,chgnet_mace_support_targeted,0.1,106246,10625,3794,0.35708235294117646,40,0.0,True,False,0.376,1.0,0.175,0.175,0.432,1.3118184152421248,163.9773019052656,10.0,38.97730190526559,125.0,0.9918610960390667,,materials_t0_active_audit_emulation;existing_public_WBM_labels_only;t1_current_MP_used_only_as_utility_audit;not_prospective_materials_discovery;not_DFT_evidence;not_materials_primary_headline
materials_discovery,ALIGNN-FF WBM,materials_alignn_exact_stable_alpha010_K300,300,0.1,16,chgnet_mace_support_targeted,0.2,106246,21249,7405,0.34848698762294694,43,0.0,True,False,0.33,1.0,0.18604651162790697,0.18604651162790697,0.39,2.17375998776058,163.0319990820435,10.0,18.94072860166324,69.76744186046511,0.9853499728703201,,materials_t0_active_audit_emulation;existing_public_WBM_labels_only;t1_current_MP_used_only_as_utility_audit;not_prospective_materials_discovery;not_DFT_evidence;not_materials_primary_headline
materials_discovery,ALIGNN-FF WBM,materials_alignn_exact_stable_alpha010_K500,500,0.1,16,chgnet_mace_support_targeted,0.2,106246,21249,7405,0.34848698762294694,40,0.0,True,False,0.376,1.0,0.175,0.175,0.432,1.3042559926563482,163.0319990820435,10.0,38.03199908204351,125.0,0.9853499728703201,,materials_t0_active_audit_emulation;existing_public_WBM_labels_only;t1_current_MP_used_only_as_utility_audit;not_prospective_materials_discovery;not_DFT_evidence;not_materials_primary_headline
materials_discovery,ALIGNN-FF WBM,materials_alignn_exact_stable_alpha010_K300,300,0.1,16,mass_gain,0.0,106246,0,0,0.0,0,0.0,False,False,0.33,0.0,0.0,0.0,0.39,0.23217912595015108,40.18273060293523,10.0,-7.701948573507467,,1.0,insufficient_high_e_mass_for_uniform_scs,materials_t0_active_audit_emulation;existing_public_WBM_labels_only;t1_current_MP_used_only_as_utility_audit;not_prospective_materials_discovery;not_DFT_evidence;not_materials_primary_headline
materials_discovery,ALIGNN-FF WBM,materials_alignn_exact_stable_alpha010_K500,500,0.1,16,mass_gain,0.0,106246,0,0,0.0,0,0.0,False,False,0.376,0.0,0.0,0.0,0.432,0.16328018134929553,40.18273060293523,10.0,-8.404788901340098,,1.0,insufficient_high_e_mass_for_uniform_scs,materials_t0_active_audit_emulation;existing_public_WBM_labels_only;t1_current_MP_used_only_as_utility_audit;not_prospective_materials_discovery;not_DFT_evidence;not_materials_primary_headline
materials_discovery,ALIGNN-FF WBM,materials_alignn_exact_stable_alpha010_K300,300,0.1,16,mass_gain,0.005,106246,531,349,0.6572504708097928,0,0.0,False,False,0.33,0.0,0.0,0.0,0.39,0.32122494291930853,165.00064551324527,10.0,-6.797466484037507,,0.9989148128052089,insufficient_high_e_mass_for_uniform_scs,materials_t0_active_audit_emulation;existing_public_WBM_labels_only;t1_current_MP_used_only_as_utility_audit;not_prospective_materials_discovery;not_DFT_evidence;not_materials_primary_headline
materials_discovery,ALIGNN-FF WBM,materials_alignn_exact_stable_alpha010_K500,500,0.1,16,mass_gain,0.005,106246,531,349,0.6572504708097928,0,0.0,False,False,0.376,0.0,0.0,0.0,0.432,0.22041773455624916,165.00064551324527,10.0,-7.848632784858312,,0.9989148128052089,insufficient_high_e_mass_for_uniform_scs,materials_t0_active_audit_emulation;existing_public_WBM_labels_only;t1_current_MP_used_only_as_utility_audit;not_prospective_materials_discovery;not_DFT_evidence;not_materials_primary_headline
materials_discovery,ALIGNN-FF WBM,materials_alignn_exact_stable_alpha010_K300,300,0.1,16,mass_gain,0.01,106246,1062,586,0.551789077212806,0,0.0,False,False,0.33,0.0,0.0,0.0,0.39,0.32065804878355164,164.6858515373797,10.0,-6.803113536699941,,0.9967444384156267,insufficient_high_e_mass_for_uniform_scs,materials_t0_active_audit_emulation;existing_public_WBM_labels_only;t1_current_MP_used_only_as_utility_audit;not_prospective_materials_discovery;not_DFT_evidence;not_materials_primary_headline
materials_discovery,ALIGNN-FF WBM,materials_alignn_exact_stable_alpha010_K500,500,0.1,16,mass_gain,0.01,106246,1062,586,0.551789077212806,0,0.0,False,False,0.376,0.0,0.0,0.0,0.432,0.220031537689713,164.6858515373797,10.0,-7.852394925179528,,0.9967444384156267,insufficient_high_e_mass_for_uniform_scs,materials_t0_active_audit_emulation;existing_public_WBM_labels_only;t1_current_MP_used_only_as_utility_audit;not_prospective_materials_discovery;not_DFT_evidence;not_materials_primary_headline
materials_discovery,ALIGNN-FF WBM,materials_alignn_exact_stable_alpha010_K300,300,0.1,16,mass_gain,0.02,106246,2125,1006,0.47341176470588237,0,0.0,False,False,0.33,0.0,0.0,0.0,0.39,0.3193109337807471,163.93792732027677,10.0,-6.816532694438431,,0.9915897992403689,insufficient_high_e_mass_for_uniform_scs,materials_t0_active_audit_emulation;existing_public_WBM_labels_only;t1_current_MP_used_only_as_utility_audit;not_prospective_materials_discovery;not_DFT_evidence;not_materials_primary_headline
materials_discovery,ALIGNN-FF WBM,materials_alignn_exact_stable_alpha010_K500,500,0.1,16,mass_gain,0.02,106246,2125,1006,0.47341176470588237,0,0.0,False,False,0.376,0.0,0.0,0.0,0.432,0.21911380220298002,163.93792732027677,10.0,-7.861335087135551,,0.9915897992403689,insufficient_high_e_mass_for_uniform_scs,materials_t0_active_audit_emulation;existing_public_WBM_labels_only;t1_current_MP_used_only_as_utility_audit;not_prospective_materials_discovery;not_DFT_evidence;not_materials_primary_headline
materials_discovery,ALIGNN-FF WBM,materials_alignn_exact_stable_alpha010_K300,300,0.1,16,mass_gain,0.05,106246,5312,1994,0.3753765060240964,0,0.0,False,False,0.33,0.0,0.0,0.0,0.39,0.5291839247594503,163.0713997639448,10.0,-6.308204475735447,,0.9856212696690179,insufficient_high_e_mass_for_uniform_scs,materials_t0_active_audit_emulation;existing_public_WBM_labels_only;t1_current_MP_used_only_as_utility_audit;not_prospective_materials_discovery;not_DFT_evidence;not_materials_primary_headline
materials_discovery,ALIGNN-FF WBM,materials_alignn_exact_stable_alpha010_K500,500,0.1,16,mass_gain,0.05,106246,5312,1994,0.3753765060240964,0,0.0,False,False,0.376,0.0,0.0,0.0,0.432,0.3175103548556702,163.0713997639448,10.0,-7.390588409474409,,0.9856212696690179,insufficient_high_e_mass_for_uniform_scs,materials_t0_active_audit_emulation;existing_public_WBM_labels_only;t1_current_MP_used_only_as_utility_audit;not_prospective_materials_discovery;not_DFT_evidence;not_materials_primary_headline
materials_discovery,ALIGNN-FF WBM,materials_alignn_exact_stable_alpha010_K300,300,0.1,16,mass_gain,0.1,106246,10625,3359,0.31614117647058826,0,0.0,False,False,0.33,0.0,0.0,0.0,0.39,0.7039103584170382,162.4408519423934,10.0,-5.697770914114725,,0.9812805208898535,insufficient_high_e_mass_for_uniform_scs,materials_t0_active_audit_emulation;existing_public_WBM_labels_only;t1_current_MP_used_only_as_utility_audit;not_prospective_materials_discovery;not_DFT_evidence;not_materials_primary_headline
materials_discovery,ALIGNN-FF WBM,materials_alignn_exact_stable_alpha010_K500,500,0.1,16,mass_gain,0.1,106246,10625,3359,0.31614117647058826,0,0.0,False,False,0.376,0.0,0.0,0.0,0.432,0.4223462150502229,162.4408519423934,10.0,-7.073154870588969,,0.9812805208898535,insufficient_high_e_mass_for_uniform_scs,materials_t0_active_audit_emulation;existing_public_WBM_labels_only;t1_current_MP_used_only_as_utility_audit;not_prospective_materials_discovery;not_DFT_evidence;not_materials_primary_headline
materials_discovery,ALIGNN-FF WBM,materials_alignn_exact_stable_alpha010_K300,300,0.1,16,mass_gain,0.2,106246,21249,5932,0.27916607840368957,0,0.0,False,False,0.33,0.0,0.0,0.0,0.39,0.7941770840972501,162.16489520170586,10.0,-5.578196005605311,,0.979381443298969,insufficient_high_e_mass_for_uniform_scs,materials_t0_active_audit_emulation;existing_public_WBM_labels_only;t1_current_MP_used_only_as_utility_audit;not_prospective_materials_discovery;not_DFT_evidence;not_materials_primary_headline
materials_discovery,ALIGNN-FF WBM,materials_alignn_exact_stable_alpha010_K500,500,0.1,16,mass_gain,0.2,106246,21249,5932,0.27916607840368957,0,0.0,False,False,0.376,0.0,0.0,0.0,0.432,0.47650625045835004,162.16489520170586,10.0,-6.9676812455192,,0.979381443298969,insufficient_high_e_mass_for_uniform_scs,materials_t0_active_audit_emulation;existing_public_WBM_labels_only;t1_current_MP_used_only_as_utility_audit;not_prospective_materials_discovery;not_DFT_evidence;not_materials_primary_headline
materials_discovery,ALIGNN-FF WBM,materials_alignn_exact_stable_alpha010_K300,300,0.1,17,random,0.0,107421,0,0,0.0,0,0.0,False,False,0.18333333333333332,0.0,0.0,0.0,0.33,0.39235989637213786,89.85131832062358,10.0,-6.661119655521144,,1.0,insufficient_high_e_mass_for_uniform_scs,materials_t0_active_audit_emulation;existing_public_WBM_labels_only;t1_current_MP_used_only_as_utility_audit;not_prospective_materials_discovery;not_DFT_evidence;not_materials_primary_headline
materials_discovery,ALIGNN-FF WBM,materials_alignn_exact_stable_alpha010_K500,500,0.1,17,random,0.0,107421,0,0,0.0,0,0.0,False,False,0.27,0.0,0.0,0.0,0.448,0.2354159378232827,89.85131832062358,10.0,-7.846752188197329,,1.0,insufficient_high_e_mass_for_uniform_scs,materials_t0_active_audit_emulation;existing_public_WBM_labels_only;t1_current_MP_used_only_as_utility_audit;not_prospective_materials_discovery;not_DFT_evidence;not_materials_primary_headline
materials_discovery,ALIGNN-FF WBM,materials_alignn_exact_stable_alpha010_K300,300,0.1,17,random,0.005,107421,537,78,0.1452513966480447,0,0.0,False,False,0.18333333333333332,0.0,0.0,0.0,0.33,0.39235989637213786,89.85131832062358,10.0,-6.661119655521144,,1.0,insufficient_high_e_mass_for_uniform_scs,materials_t0_active_audit_emulation;existing_public_WBM_labels_only;t1_current_MP_used_only_as_utility_audit;not_prospective_materials_discovery;not_DFT_evidence;not_materials_primary_headline
materials_discovery,ALIGNN-FF WBM,materials_alignn_exact_stable_alpha010_K500,500,0.1,17,random,0.005,107421,537,78,0.1452513966480447,0,0.0,False,False,0.27,0.0,0.0,0.0,0.448,0.2354159378232827,89.85131832062358,10.0,-7.846752188197329,,1.0,insufficient_high_e_mass_for_uniform_scs,materials_t0_active_audit_emulation;existing_public_WBM_labels_only;t1_current_MP_used_only_as_utility_audit;not_prospective_materials_discovery;not_DFT_evidence;not_materials_primary_headline
materials_discovery,ALIGNN-FF WBM,materials_alignn_exact_stable_alpha010_K300,300,0.1,17,random,0.01,107421,1074,152,0.14152700186219738,0,0.0,False,False,0.18333333333333332,0.0,0.0,0.0,0.33,0.39235989637213786,89.85131832062358,10.0,-6.661119655521144,,1.0,insufficient_high_e_mass_for_uniform_scs,materials_t0_active_audit_emulation;existing_public_WBM_labels_only;t1_current_MP_used_only_as_utility_audit;not_prospective_materials_discovery;not_DFT_evidence;not_materials_primary_headline
materials_discovery,ALIGNN-FF WBM,materials_alignn_exact_stable_alpha010_K500,500,0.1,17,random,0.01,107421,1074,152,0.14152700186219738,0,0.0,False,False,0.27,0.0,0.0,0.0,0.448,0.2354159378232827,89.85131832062358,10.0,-7.846752188197329,,1.0,insufficient_high_e_mass_for_uniform_scs,materials_t0_active_audit_emulation;existing_public_WBM_labels_only;t1_current_MP_used_only_as_utility_audit;not_prospective_materials_discovery;not_DFT_evidence;not_materials_primary_headline
materials_discovery,ALIGNN-FF WBM,materials_alignn_exact_stable_alpha010_K300,300,0.1,17,random,0.02,107421,2148,308,0.14338919925512103,0,0.0,False,False,0.18333333333333332,0.0,0.0,0.0,0.33,0.4187456801832731,89.85131832062358,10.0,-6.55167121976759,,1.0,insufficient_high_e_mass_for_uniform_scs,materials_t0_active_audit_emulation;existing_public_WBM_labels_only;t1_current_MP_used_only_as_utility_audit;not_prospective_materials_discovery;not_DFT_evidence;not_materials_primary_headline
materials_discovery,ALIGNN-FF WBM,materials_alignn_exact_stable_alpha010_K500,500,0.1,17,random,0.02,107421,2148,308,0.14338919925512103,0,0.0,False,False,0.27,0.0,0.0,0.0,0.448,0.2512474081099638,89.85131832062358,10.0,-7.819369595804626,,1.0,insufficient_high_e_mass_for_uniform_scs,materials_t0_active_audit_emulation;existing_public_WBM_labels_only;t1_current_MP_used_only_as_utility_audit;not_prospective_materials_discovery;not_DFT_evidence;not_materials_primary_headline
materials_discovery,ALIGNN-FF WBM,materials_alignn_exact_stable_alpha010_K300,300,0.1,17,random,0.05,107421,5371,799,0.1487618692980823,0,0.0,False,False,0.18333333333333332,0.0,0.0,0.0,0.33,0.4185571571872898,89.80901315303896,10.0,-6.5150303678707004,,0.9994574064026045,insufficient_high_e_mass_for_uniform_scs,materials_t0_active_audit_emulation;existing_public_WBM_labels_only;t1_current_MP_used_only_as_utility_audit;not_prospective_materials_discovery;not_DFT_evidence;not_materials_primary_headline
materials_discovery,ALIGNN-FF WBM,materials_alignn_exact_stable_alpha010_K500,500,0.1,17,random,0.05,107421,5371,799,0.1487618692980823,0,0.0,False,False,0.27,0.0,0.0,0.0,0.448,0.2511342943123739,89.80901315303896,10.0,-7.8063556088370225,,0.9994574064026045,insufficient_high_e_mass_for_uniform_scs,materials_t0_active_audit_emulation;existing_public_WBM_labels_only;t1_current_MP_used_only_as_utility_audit;not_prospective_materials_discovery;not_DFT_evidence;not_materials_primary_headline
materials_discovery,ALIGNN-FF WBM,materials_alignn_exact_stable_alpha010_K300,300,0.1,17,random,0.1,107421,10742,1625,0.15127536771550923,0,0.0,False,False,0.18333333333333332,0.0,0.0,0.0,0.33,0.4331277672322051,165.03998971386562,10.0,-6.42670890414578,,0.9991861096039066,insufficient_high_e_mass_for_uniform_scs,materials_t0_active_audit_emulation;existing_public_WBM_labels_only;t1_current_MP_used_only_as_utility_audit;not_prospective_materials_discovery;not_DFT_evidence;not_materials_primary_headline
materials_discovery,ALIGNN-FF WBM,materials_alignn_exact_stable_alpha010_K500,500,0.1,17,random,0.1,107421,10742,1625,0.15127536771550923,0,0.0,False,False,0.27,0.0,0.0,0.0,0.448,0.25987666033932305,165.03998971386562,10.0,-7.778325939508958,,0.9991861096039066,insufficient_high_e_mass_for_uniform_scs,materials_t0_active_audit_emulation;existing_public_WBM_labels_only;t1_current_MP_used_only_as_utility_audit;not_prospective_materials_discovery;not_DFT_evidence;not_materials_primary_headline
materials_discovery,ALIGNN-FF WBM,materials_alignn_exact_stable_alpha010_K300,300,0.1,17,random,0.2,107421,21484,3220,0.1498789797058276,0,0.0,False,False,0.18333333333333332,0.0,0.0,0.0,0.33,0.44853231502869934,164.88260618657026,10.0,-6.22461792093768,,0.9981009224091155,insufficient_high_e_mass_for_uniform_scs,materials_t0_active_audit_emulation;existing_public_WBM_labels_only;t1_current_MP_used_only_as_utility_audit;not_prospective_materials_discovery;not_DFT_evidence;not_materials_primary_headline
materials_discovery,ALIGNN-FF WBM,materials_alignn_exact_stable_alpha010_K500,500,0.1,17,random,0.2,107421,21484,3220,0.1498789797058276,0,0.0,False,False,0.27,0.0,0.0,0.0,0.448,0.2691193890172196,164.88260618657026,10.0,-7.6898525555698445,,0.9981009224091155,insufficient_high_e_mass_for_uniform_scs,materials_t0_active_audit_emulation;existing_public_WBM_labels_only;t1_current_MP_used_only_as_utility_audit;not_prospective_materials_discovery;not_DFT_evidence;not_materials_primary_headline
materials_discovery,ALIGNN-FF WBM,materials_alignn_exact_stable_alpha010_K300,300,0.1,17,raw_score_targeted,0.0,107421,0,0,0.0,0,0.0,False,False,0.18333333333333332,0.0,0.0,0.0,0.33,0.39235989637213786,89.85131832062358,10.0,-6.661119655521144,,1.0,insufficient_high_e_mass_for_uniform_scs,materials_t0_active_audit_emulation;existing_public_WBM_labels_only;t1_current_MP_used_only_as_utility_audit;not_prospective_materials_discovery;not_DFT_evidence;not_materials_primary_headline
materials_discovery,ALIGNN-FF WBM,materials_alignn_exact_stable_alpha010_K500,500,0.1,17,raw_score_targeted,0.0,107421,0,0,0.0,0,0.0,False,False,0.27,0.0,0.0,0.0,0.448,0.2354159378232827,89.85131832062358,10.0,-7.846752188197329,,1.0,insufficient_high_e_mass_for_uniform_scs,materials_t0_active_audit_emulation;existing_public_WBM_labels_only;t1_current_MP_used_only_as_utility_audit;not_prospective_materials_discovery;not_DFT_evidence;not_materials_primary_headline
materials_discovery,ALIGNN-FF WBM,materials_alignn_exact_stable_alpha010_K300,300,0.1,17,raw_score_targeted,0.005,107421,537,307,0.5716945996275605,191,0.1256544502617801,False,True,0.18333333333333332,1.0,0.3089005235602094,0.3089005235602094,0.33,4.83540222004453,164.84325750151808,10.0,0.5313935206008633,15.706806282722512,0.9978296256104178,,materials_t0_active_audit_emulation;existing_public_WBM_labels_only;t1_current_MP_used_only_as_utility_audit;not_prospective_materials_discovery;not_DFT_evidence;not_materials_primary_headline
materials_discovery,ALIGNN-FF WBM,materials_alignn_exact_stable_alpha010_K500,500,0.1,17,raw_score_targeted,0.005,107421,537,307,0.5716945996275605,143,0.07692307692307693,True,False,0.27,1.0,0.2937062937062937,0.2937062937062937,0.448,2.9012413320267183,164.84325750151808,10.0,5.143194820404808,34.96503496503497,0.9978296256104178,,materials_t0_active_audit_emulation;existing_public_WBM_labels_only;t1_current_MP_used_only_as_utility_audit;not_prospective_materials_discovery;not_DFT_evidence;not_materials_primary_headline
materials_discovery,ALIGNN-FF WBM,materials_alignn_exact_stable_alpha010_K300,300,0.1,17,raw_score_targeted,0.01,107421,1074,593,0.5521415270018621,191,0.1256544502617801,False,True,0.18333333333333332,1.0,0.3089005235602094,0.3089005235602094,0.33,4.834247959036922,164.80390769444054,10.0,0.527690075611611,15.706806282722512,0.99755832881172,,materials_t0_active_audit_emulation;existing_public_WBM_labels_only;t1_current_MP_used_only_as_utility_audit;not_prospective_materials_discovery;not_DFT_evidence;not_materials_primary_headline
materials_discovery,ALIGNN-FF WBM,materials_alignn_exact_stable_alpha010_K500,500,0.1,17,raw_score_targeted,0.01,107421,1074,593,0.5521415270018621,143,0.07692307692307693,True,False,0.27,1.0,0.2937062937062937,0.2937062937062937,0.448,2.9005487754221537,164.80390769444054,10.0,5.133880835127719,34.96503496503497,0.99755832881172,,materials_t0_active_audit_emulation;existing_public_WBM_labels_only;t1_current_MP_used_only_as_utility_audit;not_prospective_materials_discovery;not_DFT_evidence;not_materials_primary_headline
materials_discovery,ALIGNN-FF WBM,materials_alignn_exact_stable_alpha010_K300,300,0.1,17,raw_score_targeted,0.02,107421,2148,1178,0.5484171322160148,191,0.1256544502617801,False,True,0.18333333333333332,1.0,0.3089005235602094,0.3089005235602094,0.33,4.831939338240346,164.72520471273907,10.0,0.5202827871307232,15.706806282722512,0.9970157352143245,,materials_t0_active_audit_emulation;existing_public_WBM_labels_only;t1_current_MP_used_only_as_utility_audit;not_prospective_materials_discovery;not_DFT_evidence;not_materials_primary_headline
materials_discovery,ALIGNN-FF WBM,materials_alignn_exact_stable_alpha010_K500,500,0.1,17,raw_score_targeted,0.02,107421,2148,1178,0.5484171322160148,143,0.07692307692307693,True,False,0.27,1.0,0.2937062937062937,0.2937062937062937,0.448,2.899163602944208,164.72520471273907,10.0,5.115251941381615,34.96503496503497,0.9970157352143245,,materials_t0_active_audit_emulation;existing_public_WBM_labels_only;t1_current_MP_used_only_as_utility_audit;not_prospective_materials_discovery;not_DFT_evidence;not_materials_primary_headline
materials_discovery,ALIGNN-FF WBM,materials_alignn_exact_stable_alpha010_K300,300,0.1,17,raw_score_targeted,0.05,107421,5371,2541,0.4730962576801341,191,0.1256544502617801,False,True,0.18333333333333332,1.0,0.3089005235602094,0.3089005235602094,0.33,4.8203942558218404,164.3316223575627,10.0,0.48323836295512557,15.706806282722512,0.9943027672273467,,materials_t0_active_audit_emulation;existing_public_WBM_labels_only;t1_current_MP_used_only_as_utility_audit;not_prospective_materials_discovery;not_DFT_evidence;not_materials_primary_headline
materials_discovery,ALIGNN-FF WBM,materials_alignn_exact_stable_alpha010_K500,500,0.1,17,raw_score_targeted,0.05,107421,5371,2541,0.4730962576801341,143,0.07692307692307693,True,False,0.27,1.0,0.2937062937062937,0.2937062937062937,0.448,2.8922365534931043,164.3316223575627,10.0,5.022088981975983,34.96503496503497,0.9943027672273467,,materials_t0_active_audit_emulation;existing_public_WBM_labels_only;t1_current_MP_used_only_as_utility_audit;not_prospective_materials_discovery;not_DFT_evidence;not_materials_primary_headline
materials_discovery,ALIGNN-FF WBM,materials_alignn_exact_stable_alpha010_K300,300,0.1,17,raw_score_targeted,0.1,107421,10742,4229,0.39368832619623906,191,0.1256544502617801,False,True,0.18333333333333332,1.0,0.3089005235602094,0.3089005235602094,0.33,4.797294164066726,163.54411922954748,10.0,0.40910946072093957,15.706806282722512,0.9888768312533912,,materials_t0_active_audit_emulation;existing_public_WBM_labels_only;t1_current_MP_used_only_as_utility_audit;not_prospective_materials_discovery;not_DFT_evidence;not_materials_primary_headline
materials_discovery,ALIGNN-FF WBM,materials_alignn_exact_stable_alpha010_K500,500,0.1,17,raw_score_targeted,0.1,107421,10742,4229,0.39368832619623906,143,0.07692307692307693,True,False,0.27,1.0,0.2937062937062937,0.2937062937062937,0.448,2.8783764984400357,163.54411922954748,10.0,4.835670277808532,34.96503496503497,0.9888768312533912,,materials_t0_active_audit_emulation;existing_public_WBM_labels_only;t1_current_MP_used_only_as_utility_audit;not_prospective_materials_discovery;not_DFT_evidence;not_materials_primary_headline
materials_discovery,ALIGNN-FF WBM,materials_alignn_exact_stable_alpha010_K300,300,0.1,17,raw_score_targeted,0.2,107421,21484,8254,0.384192887730404,191,0.1256544502617801,False,True,0.18333333333333332,1.0,0.3089005235602094,0.3089005235602094,0.33,4.774180763472174,162.75616239109684,10.0,0.3349268487259156,15.706806282722512,0.9834508952794357,,materials_t0_active_audit_emulation;existing_public_WBM_labels_only;t1_current_MP_used_only_as_utility_audit;not_prospective_materials_discovery;not_DFT_evidence;not_materials_primary_headline
materials_discovery,ALIGNN-FF WBM,materials_alignn_exact_stable_alpha010_K500,500,0.1,17,raw_score_targeted,0.2,107421,21484,8254,0.384192887730404,143,0.07692307692307693,True,False,0.27,1.0,0.2937062937062937,0.2937062937062937,0.448,2.8645084580833045,162.75616239109684,10.0,4.649127162651361,34.96503496503497,0.9834508952794357,,materials_t0_active_audit_emulation;existing_public_WBM_labels_only;t1_current_MP_used_only_as_utility_audit;not_prospective_materials_discovery;not_DFT_evidence;not_materials_primary_headline
materials_discovery,ALIGNN-FF WBM,materials_alignn_exact_stable_alpha010_K300,300,0.1,17,parc_m_evidence_targeted,0.0,107421,0,0,0.0,0,0.0,False,False,0.18333333333333332,0.0,0.0,0.0,0.33,0.39235989637213786,89.85131832062358,10.0,-6.661119655521144,,1.0,insufficient_high_e_mass_for_uniform_scs,materials_t0_active_audit_emulation;existing_public_WBM_labels_only;t1_current_MP_used_only_as_utility_audit;not_prospective_materials_discovery;not_DFT_evidence;not_materials_primary_headline
materials_discovery,ALIGNN-FF WBM,materials_alignn_exact_stable_alpha010_K500,500,0.1,17,parc_m_evidence_targeted,0.0,107421,0,0,0.0,0,0.0,False,False,0.27,0.0,0.0,0.0,0.448,0.2354159378232827,89.85131832062358,10.0,-7.846752188197329,,1.0,insufficient_high_e_mass_for_uniform_scs,materials_t0_active_audit_emulation;existing_public_WBM_labels_only;t1_current_MP_used_only_as_utility_audit;not_prospective_materials_discovery;not_DFT_evidence;not_materials_primary_headline
materials_discovery,ALIGNN-FF WBM,materials_alignn_exact_stable_alpha010_K300,300,0.1,17,parc_m_evidence_targeted,0.005,107421,537,303,0.5642458100558659,143,0.07692307692307693,True,False,0.18333333333333332,1.0,0.2937062937062937,0.2937062937062937,0.33,1.9757982893668573,165.0793327942943,10.0,0.8716781633343196,20.979020979020977,0.9994574064026045,,materials_t0_active_audit_emulation;existing_public_WBM_labels_only;t1_current_MP_used_only_as_utility_audit;not_prospective_materials_discovery;not_DFT_evidence;not_materials_primary_headline
materials_discovery,ALIGNN-FF WBM,materials_alignn_exact_stable_alpha010_K500,500,0.1,17,parc_m_evidence_targeted,0.005,107421,537,303,0.5642458100558659,66,0.0,True,False,0.27,1.0,0.3181818181818182,0.3181818181818182,0.448,1.1854789736201143,165.0793327942943,10.0,14.05143739546321,75.75757575757575,0.9994574064026045,,materials_t0_active_audit_emulation;existing_public_WBM_labels_only;t1_current_MP_used_only_as_utility_audit;not_prospective_materials_discovery;not_DFT_evidence;not_materials_primary_headline
materials_discovery,ALIGNN-FF WBM,materials_alignn_exact_stable_alpha010_K300,300,0.1,17,parc_m_evidence_targeted,0.01,107421,1074,585,0.5446927374301676,143,0.07692307692307693,True,False,0.18333333333333332,1.0,0.2937062937062937,0.2937062937062937,0.33,1.975332911293801,165.03998971386562,10.0,0.8666729714335517,20.979020979020977,0.9991861096039066,,materials_t0_active_audit_emulation;existing_public_WBM_labels_only;t1_current_MP_used_only_as_utility_audit;not_prospective_materials_discovery;not_DFT_evidence;not_materials_primary_headline
materials_discovery,ALIGNN-FF WBM,materials_alignn_exact_stable_alpha010_K500,500,0.1,17,parc_m_evidence_targeted,0.01,107421,1074,585,0.5446927374301676,66,0.0,True,False,0.27,1.0,0.3181818181818182,0.3181818181818182,0.448,1.1851997467762805,165.03998971386562,10.0,14.030283846687922,75.75757575757575,0.9991861096039066,,materials_t0_active_audit_emulation;existing_public_WBM_labels_only;t1_current_MP_used_only_as_utility_audit;not_prospective_materials_discovery;not_DFT_evidence;not_materials_primary_headline
materials_discovery,ALIGNN-FF WBM,materials_alignn_exact_stable_alpha010_K300,300,0.1,17,parc_m_evidence_targeted,0.02,107421,2148,1169,0.5442271880819367,143,0.07692307692307693,True,False,0.18333333333333332,1.0,0.2937062937062937,0.2937062937062937,0.33,1.9748675190614278,165.00064551324527,10.0,0.8616676049440493,20.979020979020977,0.9989148128052089,,materials_t0_active_audit_emulation;existing_public_WBM_labels_only;t1_current_MP_used_only_as_utility_audit;not_prospective_materials_discovery;not_DFT_evidence;not_materials_primary_headline
materials_discovery,ALIGNN-FF WBM,materials_alignn_exact_stable_alpha010_K500,500,0.1,17,parc_m_evidence_targeted,0.02,107421,2148,1169,0.5442271880819367,66,0.0,True,False,0.27,1.0,0.3181818181818182,0.3181818181818182,0.448,1.1849205114368566,165.00064551324527,10.0,14.00912965430733,75.75757575757575,0.9989148128052089,,materials_t0_active_audit_emulation;existing_public_WBM_labels_only;t1_current_MP_used_only_as_utility_audit;not_prospective_materials_discovery;not_DFT_evidence;not_materials_primary_headline
materials_discovery,ALIGNN-FF WBM,materials_alignn_exact_stable_alpha010_K300,300,0.1,17,parc_m_evidence_targeted,0.05,107421,5371,2521,0.46937255632098307,155,0.09032258064516129,True,False,0.18333333333333332,1.0,0.3225806451612903,0.3225806451612903,0.33,3.951515933724575,164.64649723852398,10.0,2.440793709666675,19.35483870967742,0.9964731416169289,,materials_t0_active_audit_emulation;existing_public_WBM_labels_only;t1_current_MP_used_only_as_utility_audit;not_prospective_materials_discovery;not_DFT_evidence;not_materials_primary_headline
materials_discovery,ALIGNN-FF WBM,materials_alignn_exact_stable_alpha010_K500,500,0.1,17,parc_m_evidence_targeted,0.05,107421,5371,2521,0.46937255632098307,133,0.06015037593984962,True,False,0.27,1.0,0.2781954887218045,0.2781954887218045,0.448,2.370909560234745,164.64649723852398,10.0,2.467671818654644,37.59398496240601,0.9964731416169289,,materials_t0_active_audit_emulation;existing_public_WBM_labels_only;t1_current_MP_used_only_as_utility_audit;not_prospective_materials_discovery;not_DFT_evidence;not_materials_primary_headline
materials_discovery,ALIGNN-FF WBM,materials_alignn_exact_stable_alpha010_K300,300,0.1,17,parc_m_evidence_targeted,0.1,107421,10742,4199,0.39089555017687583,166,0.0963855421686747,True,False,0.18333333333333332,1.0,0.3132530120481928,0.3132530120481928,0.33,3.9364002086422603,164.01667536009418,10.0,0.4305889892068038,18.072289156626503,0.9921323928377646,,materials_t0_active_audit_emulation;existing_public_WBM_labels_only;t1_current_MP_used_only_as_utility_audit;not_prospective_materials_discovery;not_DFT_evidence;not_materials_primary_headline
materials_discovery,ALIGNN-FF WBM,materials_alignn_exact_stable_alpha010_K500,500,0.1,17,parc_m_evidence_targeted,0.1,107421,10742,4199,0.39089555017687583,133,0.06015037593984962,True,False,0.27,1.0,0.2781954887218045,0.2781954887218045,0.448,2.3618401251853562,164.01667536009418,10.0,2.318586378564987,37.59398496240601,0.9921323928377646,,materials_t0_active_audit_emulation;existing_public_WBM_labels_only;t1_current_MP_used_only_as_utility_audit;not_prospective_materials_discovery;not_DFT_evidence;not_materials_primary_headline
materials_discovery,ALIGNN-FF WBM,materials_alignn_exact_stable_alpha010_K300,300,0.1,17,parc_m_evidence_targeted,0.2,107421,21484,8348,0.38856823682740643,191,0.1256544502617801,False,True,0.18333333333333332,1.0,0.3089005235602094,0.3089005235602094,0.33,4.789205992245238,163.26838609926946,10.0,0.3831516748245516,15.706806282722512,0.9869777536625067,,materials_t0_active_audit_emulation;existing_public_WBM_labels_only;t1_current_MP_used_only_as_utility_audit;not_prospective_materials_discovery;not_DFT_evidence;not_materials_primary_headline
materials_discovery,ALIGNN-FF WBM,materials_alignn_exact_stable_alpha010_K500,500,0.1,17,parc_m_evidence_targeted,0.2,107421,21484,8348,0.38856823682740643,143,0.07692307692307693,True,False,0.27,1.0,0.2937062937062937,0.2937062937062937,0.448,2.8735235953471427,163.26838609926946,10.0,4.7703943823224435,34.96503496503497,0.9869777536625067,,materials_t0_active_audit_emulation;existing_public_WBM_labels_only;t1_current_MP_used_only_as_utility_audit;not_prospective_materials_discovery;not_DFT_evidence;not_materials_primary_headline
materials_discovery,ALIGNN-FF WBM,materials_alignn_exact_stable_alpha010_K300,300,0.1,17,chgnet_mace_support_targeted,0.0,107421,0,0,0.0,0,0.0,False,False,0.18333333333333332,0.0,0.0,0.0,0.33,0.39235989637213786,89.85131832062358,10.0,-6.661119655521144,,1.0,insufficient_high_e_mass_for_uniform_scs,materials_t0_active_audit_emulation;existing_public_WBM_labels_only;t1_current_MP_used_only_as_utility_audit;not_prospective_materials_discovery;not_DFT_evidence;not_materials_primary_headline
materials_discovery,ALIGNN-FF WBM,materials_alignn_exact_stable_alpha010_K500,500,0.1,17,chgnet_mace_support_targeted,0.0,107421,0,0,0.0,0,0.0,False,False,0.27,0.0,0.0,0.0,0.448,0.2354159378232827,89.85131832062358,10.0,-7.846752188197329,,1.0,insufficient_high_e_mass_for_uniform_scs,materials_t0_active_audit_emulation;existing_public_WBM_labels_only;t1_current_MP_used_only_as_utility_audit;not_prospective_materials_discovery;not_DFT_evidence;not_materials_primary_headline
materials_discovery,ALIGNN-FF WBM,materials_alignn_exact_stable_alpha010_K300,300,0.1,17,chgnet_mace_support_targeted,0.005,107421,537,128,0.2383612662942272,0,0.0,False,False,0.18333333333333332,0.0,0.0,0.0,0.33,0.4186280393675044,89.78785960426367,10.0,-6.476732159716949,,0.9991861096039066,insufficient_high_e_mass_for_uniform_scs,materials_t0_active_audit_emulation;existing_public_WBM_labels_only;t1_current_MP_used_only_as_utility_audit;not_prospective_materials_discovery;not_DFT_evidence;not_materials_primary_headline
materials_discovery,ALIGNN-FF WBM,materials_alignn_exact_stable_alpha010_K500,500,0.1,17,chgnet_mace_support_targeted,0.005,107421,537,128,0.2383612662942272,0,0.0,False,False,0.27,0.0,0.0,0.0,0.448,0.25117682362050264,89.78785960426367,10.0,-7.79267889514537,,0.9991861096039066,insufficient_high_e_mass_for_uniform_scs,materials_t0_active_audit_emulation;existing_public_WBM_labels_only;t1_current_MP_used_only_as_utility_audit;not_prospective_materials_discovery;not_DFT_evidence;not_materials_primary_headline
materials_discovery,ALIGNN-FF WBM,materials_alignn_exact_stable_alpha010_K300,300,0.1,17,chgnet_mace_support_targeted,0.01,107421,1074,235,0.21880819366852886,0,0.0,False,False,0.18333333333333332,0.0,0.0,0.0,0.33,0.41853385671212084,89.76670541188308,10.0,-6.4775174969555795,,0.9989148128052089,insufficient_high_e_mass_for_uniform_scs,materials_t0_active_audit_emulation;existing_public_WBM_labels_only;t1_current_MP_used_only_as_utility_audit;not_prospective_materials_discovery;not_DFT_evidence;not_materials_primary_headline
materials_discovery,ALIGNN-FF WBM,materials_alignn_exact_stable_alpha010_K500,500,0.1,17,chgnet_mace_support_targeted,0.01,107421,1074,235,0.21880819366852886,0,0.0,False,False,0.27,0.0,0.0,0.0,0.448,0.25112031402727253,89.76670541188308,10.0,-7.793161454673961,,0.9989148128052089,insufficient_high_e_mass_for_uniform_scs,materials_t0_active_audit_emulation;existing_public_WBM_labels_only;t1_current_MP_used_only_as_utility_audit;not_prospective_materials_discovery;not_DFT_evidence;not_materials_primary_headline
materials_discovery,ALIGNN-FF WBM,materials_alignn_exact_stable_alpha010_K300,300,0.1,17,chgnet_mace_support_targeted,0.02,107421,2148,374,0.17411545623836128,0,0.0,False,False,0.18333333333333332,0.0,0.0,0.0,0.33,0.41834548075300065,89.72439509545555,10.0,-6.479088266726424,,0.9983722192078134,insufficient_high_e_mass_for_uniform_scs,materials_t0_active_audit_emulation;existing_public_WBM_labels_only;t1_current_MP_used_only_as_utility_audit;not_prospective_materials_discovery;not_DFT_evidence;not_materials_primary_headline
materials_discovery,ALIGNN-FF WBM,materials_alignn_exact_stable_alpha010_K500,500,0.1,17,chgnet_mace_support_targeted,0.02,107421,2148,374,0.17411545623836128,0,0.0,False,False,0.27,0.0,0.0,0.0,0.448,0.2510072884518004,89.72439509545555,10.0,-7.779783290509986,,0.9983722192078134,insufficient_high_e_mass_for_uniform_scs,materials_t0_active_audit_emulation;existing_public_WBM_labels_only;t1_current_MP_used_only_as_utility_audit;not_prospective_materials_discovery;not_DFT_evidence;not_materials_primary_headline
materials_discovery,ALIGNN-FF WBM,materials_alignn_exact_stable_alpha010_K300,300,0.1,17,chgnet_mace_support_targeted,0.05,107421,5371,1775,0.3304784956246509,191,0.1256544502617801,False,True,0.18333333333333332,1.0,0.3089005235602094,0.3089005235602094,0.33,4.8203942558218404,164.3316223575627,10.0,0.48323836295512557,15.706806282722512,0.9943027672273467,,materials_t0_active_audit_emulation;existing_public_WBM_labels_only;t1_current_MP_used_only_as_utility_audit;not_prospective_materials_discovery;not_DFT_evidence;not_materials_primary_headline
materials_discovery,ALIGNN-FF WBM,materials_alignn_exact_stable_alpha010_K500,500,0.1,17,chgnet_mace_support_targeted,0.05,107421,5371,1775,0.3304784956246509,143,0.07692307692307693,True,False,0.27,1.0,0.2937062937062937,0.2937062937062937,0.448,2.8922365534931043,164.3316223575627,10.0,5.022088981975983,34.96503496503497,0.9943027672273467,,materials_t0_active_audit_emulation;existing_public_WBM_labels_only;t1_current_MP_used_only_as_utility_audit;not_prospective_materials_discovery;not_DFT_evidence;not_materials_primary_headline
materials_discovery,ALIGNN-FF WBM,materials_alignn_exact_stable_alpha010_K300,300,0.1,17,chgnet_mace_support_targeted,0.1,107421,10742,3824,0.35598584993483523,191,0.1256544502617801,False,True,0.18333333333333332,1.0,0.3089005235602094,0.3089005235602094,0.33,4.803070431276741,163.7410374298889,10.0,0.42764670723687637,15.706806282722512,0.9902333152468801,,materials_t0_active_audit_emulation;existing_public_WBM_labels_only;t1_current_MP_used_only_as_utility_audit;not_prospective_materials_discovery;not_DFT_evidence;not_materials_primary_headline
materials_discovery,ALIGNN-FF WBM,materials_alignn_exact_stable_alpha010_K500,500,0.1,17,chgnet_mace_support_targeted,0.1,107421,10742,3824,0.35598584993483523,143,0.07692307692307693,True,False,0.27,1.0,0.2937062937062937,0.2937062937062937,0.448,2.881842258766045,163.7410374298889,10.0,4.8822865845745085,34.96503496503497,0.9902333152468801,,materials_t0_active_audit_emulation;existing_public_WBM_labels_only;t1_current_MP_used_only_as_utility_audit;not_prospective_materials_discovery;not_DFT_evidence;not_materials_primary_headline
materials_discovery,ALIGNN-FF WBM,materials_alignn_exact_stable_alpha010_K300,300,0.1,17,chgnet_mace_support_targeted,0.2,107421,21484,7514,0.3497486501582573,191,0.1256544502617801,False,True,0.18333333333333332,1.0,0.3089005235602094,0.3089005235602094,0.33,4.776492704942523,162.834978577586,10.0,0.34234753735924706,15.706806282722512,0.9839934888768312,,materials_t0_active_audit_emulation;existing_public_WBM_labels_only;t1_current_MP_used_only_as_utility_audit;not_prospective_materials_discovery;not_DFT_evidence;not_materials_primary_headline
materials_discovery,ALIGNN-FF WBM,materials_alignn_exact_stable_alpha010_K500,500,0.1,17,chgnet_mace_support_targeted,0.2,107421,21484,7514,0.3497486501582573,143,0.07692307692307693,True,False,0.27,1.0,0.2937062937062937,0.2937062937062937,0.448,2.865895622965514,162.834978577586,10.0,4.667787096682169,34.96503496503497,0.9839934888768312,,materials_t0_active_audit_emulation;existing_public_WBM_labels_only;t1_current_MP_used_only_as_utility_audit;not_prospective_materials_discovery;not_DFT_evidence;not_materials_primary_headline
materials_discovery,ALIGNN-FF WBM,materials_alignn_exact_stable_alpha010_K300,300,0.1,17,mass_gain,0.0,107421,0,0,0.0,0,0.0,False,False,0.18333333333333332,0.0,0.0,0.0,0.33,0.39235989637213786,89.85131832062358,10.0,-6.661119655521144,,1.0,insufficient_high_e_mass_for_uniform_scs,materials_t0_active_audit_emulation;existing_public_WBM_labels_only;t1_current_MP_used_only_as_utility_audit;not_prospective_materials_discovery;not_DFT_evidence;not_materials_primary_headline
materials_discovery,ALIGNN-FF WBM,materials_alignn_exact_stable_alpha010_K500,500,0.1,17,mass_gain,0.0,107421,0,0,0.0,0,0.0,False,False,0.27,0.0,0.0,0.0,0.448,0.2354159378232827,89.85131832062358,10.0,-7.846752188197329,,1.0,insufficient_high_e_mass_for_uniform_scs,materials_t0_active_audit_emulation;existing_public_WBM_labels_only;t1_current_MP_used_only_as_utility_audit;not_prospective_materials_discovery;not_DFT_evidence;not_materials_primary_headline
materials_discovery,ALIGNN-FF WBM,materials_alignn_exact_stable_alpha010_K300,300,0.1,17,mass_gain,0.005,107421,537,341,0.6350093109869647,133,0.06015037593984962,True,False,0.18333333333333332,1.0,0.2781954887218045,0.2781954887218045,0.33,1.1773485721329007,164.9219537499643,10.0,4.000343732321067,22.55639097744361,0.9983722192078134,,materials_t0_active_audit_emulation;existing_public_WBM_labels_only;t1_current_MP_used_only_as_utility_audit;not_prospective_materials_discovery;not_DFT_evidence;not_materials_primary_headline
materials_discovery,ALIGNN-FF WBM,materials_alignn_exact_stable_alpha010_K500,500,0.1,17,mass_gain,0.005,107421,537,341,0.6350093109869647,0,0.0,False,False,0.27,0.0,0.0,0.0,0.448,0.7064091432797405,164.9219537499643,10.0,-6.948907519755081,,0.9983722192078134,insufficient_high_e_mass_for_uniform_scs,materials_t0_active_audit_emulation;existing_public_WBM_labels_only;t1_current_MP_used_only_as_utility_audit;not_prospective_materials_discovery;not_DFT_evidence;not_materials_primary_headline
materials_discovery,ALIGNN-FF WBM,materials_alignn_exact_stable_alpha010_K300,300,0.1,17,mass_gain,0.01,107421,1074,594,0.553072625698324,133,0.06015037593984962,True,False,0.18333333333333332,1.0,0.2781954887218045,0.2781954887218045,0.33,1.1749089594364444,164.56778526884978,10.0,3.9453148745062627,22.55639097744361,0.9959305480195334,,materials_t0_active_audit_emulation;existing_public_WBM_labels_only;t1_current_MP_used_only_as_utility_audit;not_prospective_materials_discovery;not_DFT_evidence;not_materials_primary_headline
materials_discovery,ALIGNN-FF WBM,materials_alignn_exact_stable_alpha010_K500,500,0.1,17,mass_gain,0.01,107421,1074,594,0.553072625698324,0,0.0,False,False,0.27,0.0,0.0,0.0,0.448,0.7049453756618665,164.56778526884978,10.0,-6.954957279091623,,0.9959305480195334,insufficient_high_e_mass_for_uniform_scs,materials_t0_active_audit_emulation;existing_public_WBM_labels_only;t1_current_MP_used_only_as_utility_audit;not_prospective_materials_discovery;not_DFT_evidence;not_materials_primary_headline
materials_discovery,ALIGNN-FF WBM,materials_alignn_exact_stable_alpha010_K300,300,0.1,17,mass_gain,0.02,107421,2148,1012,0.47113594040968343,133,0.06015037593984962,True,False,0.18333333333333332,1.0,0.2781954887218045,0.2781954887218045,0.33,1.169756182799511,163.8197967806241,10.0,3.8290868300641563,22.55639097744361,0.9907759088442757,,materials_t0_active_audit_emulation;existing_public_WBM_labels_only;t1_current_MP_used_only_as_utility_audit;not_prospective_materials_discovery;not_DFT_evidence;not_materials_primary_headline
materials_discovery,ALIGNN-FF WBM,materials_alignn_exact_stable_alpha010_K500,500,0.1,17,mass_gain,0.02,107421,2148,1012,0.47113594040968343,0,0.0,False,False,0.27,0.0,0.0,0.0,0.448,0.7018537096797066,163.8197967806241,10.0,-6.9677363404784165,,0.9907759088442757,insufficient_high_e_mass_for_uniform_scs,materials_t0_active_audit_emulation;existing_public_WBM_labels_only;t1_current_MP_used_only_as_utility_audit;not_prospective_materials_discovery;not_DFT_evidence;not_materials_primary_headline
materials_discovery,ALIGNN-FF WBM,materials_alignn_exact_stable_alpha010_K300,300,0.1,17,mass_gain,0.05,107421,5371,2020,0.3760938372742506,155,0.09032258064516129,True,False,0.18333333333333332,1.0,0.3225806451612903,0.3225806451612903,0.33,2.1269620158722127,162.87438495906486,10.0,0.4837214685969293,19.35483870967742,0.984264785675529,,materials_t0_active_audit_emulation;existing_public_WBM_labels_only;t1_current_MP_used_only_as_utility_audit;not_prospective_materials_discovery;not_DFT_evidence;not_materials_primary_headline
materials_discovery,ALIGNN-FF WBM,materials_alignn_exact_stable_alpha010_K500,500,0.1,17,mass_gain,0.05,107421,5371,2020,0.3760938372742506,133,0.06015037593984962,True,False,0.27,1.0,0.2781954887218045,0.2781954887218045,0.448,1.2761772095233275,162.87438495906486,10.0,2.0481665968829716,37.59398496240601,0.984264785675529,,materials_t0_active_audit_emulation;existing_public_WBM_labels_only;t1_current_MP_used_only_as_utility_audit;not_prospective_materials_discovery;not_DFT_evidence;not_materials_primary_headline
materials_discovery,ALIGNN-FF WBM,materials_alignn_exact_stable_alpha010_K300,300,0.1,17,mass_gain,0.1,107421,10742,3367,0.3134425619065351,166,0.0963855421686747,True,False,0.18333333333333332,1.0,0.3132530120481928,0.3132530120481928,0.33,2.5871851589956716,162.08604009666053,10.0,1.6741454054653424,18.072289156626503,0.9788388497015735,,materials_t0_active_audit_emulation;existing_public_WBM_labels_only;t1_current_MP_used_only_as_utility_audit;not_prospective_materials_discovery;not_DFT_evidence;not_materials_primary_headline
materials_discovery,ALIGNN-FF WBM,materials_alignn_exact_stable_alpha010_K500,500,0.1,17,mass_gain,0.1,107421,10742,3367,0.3134425619065351,137,0.06569343065693431,True,False,0.27,1.0,0.291970802919708,0.291970802919708,0.448,1.5523110953974029,162.08604009666053,10.0,2.959151665302514,36.4963503649635,0.9788388497015735,,materials_t0_active_audit_emulation;existing_public_WBM_labels_only;t1_current_MP_used_only_as_utility_audit;not_prospective_materials_discovery;not_DFT_evidence;not_materials_primary_headline
materials_discovery,ALIGNN-FF WBM,materials_alignn_exact_stable_alpha010_K300,300,0.1,17,mass_gain,0.2,107421,21484,6025,0.2804412586110594,166,0.0963855421686747,True,False,0.18333333333333332,1.0,0.3132530120481928,0.3132530120481928,0.33,2.5828310534498207,161.81001103767375,10.0,1.6418858063764965,18.072289156626503,0.976939772110689,,materials_t0_active_audit_emulation;existing_public_WBM_labels_only;t1_current_MP_used_only_as_utility_audit;not_prospective_materials_discovery;not_DFT_evidence;not_materials_primary_headline
materials_discovery,ALIGNN-FF WBM,materials_alignn_exact_stable_alpha010_K500,500,0.1,17,mass_gain,0.2,107421,21484,6025,0.2804412586110594,137,0.06569343065693431,True,False,0.27,1.0,0.291970802919708,0.291970802919708,0.448,1.5496986320698924,161.81001103767375,10.0,2.893794610530712,36.4963503649635,0.976939772110689,,materials_t0_active_audit_emulation;existing_public_WBM_labels_only;t1_current_MP_used_only_as_utility_audit;not_prospective_materials_discovery;not_DFT_evidence;not_materials_primary_headline
materials_discovery,ALIGNN-FF WBM,materials_alignn_exact_stable_alpha010_K300,300,0.1,18,random,0.0,105719,0,0,0.0,0,0.0,False,False,0.24,0.0,0.0,0.0,0.36,0.6028783947063835,165.15801559604097,10.0,-6.916043660488857,,1.0,insufficient_high_e_mass_for_uniform_scs,materials_t0_active_audit_emulation;existing_public_WBM_labels_only;t1_current_MP_used_only_as_utility_audit;not_prospective_materials_discovery;not_DFT_evidence;not_materials_primary_headline
materials_discovery,ALIGNN-FF WBM,materials_alignn_exact_stable_alpha010_K500,500,0.1,18,random,0.0,105719,0,0,0.0,0,0.0,False,False,0.336,0.0,0.0,0.0,0.454,0.36172703682383006,165.15801559604097,10.0,-7.899371363406164,,1.0,insufficient_high_e_mass_for_uniform_scs,materials_t0_active_audit_emulation;existing_public_WBM_labels_only;t1_current_MP_used_only_as_utility_audit;not_prospective_materials_discovery;not_DFT_evidence;not_materials_primary_headline
materials_discovery,ALIGNN-FF WBM,materials_alignn_exact_stable_alpha010_K300,300,0.1,18,random,0.005,105719,529,99,0.18714555765595464,0,0.0,False,False,0.24,0.0,0.0,0.0,0.36,0.6028783947063835,165.15801559604097,10.0,-6.916043660488857,,1.0,insufficient_high_e_mass_for_uniform_scs,materials_t0_active_audit_emulation;existing_public_WBM_labels_only;t1_current_MP_used_only_as_utility_audit;not_prospective_materials_discovery;not_DFT_evidence;not_materials_primary_headline
materials_discovery,ALIGNN-FF WBM,materials_alignn_exact_stable_alpha010_K500,500,0.1,18,random,0.005,105719,529,99,0.18714555765595464,0,0.0,False,False,0.336,0.0,0.0,0.0,0.454,0.36172703682383006,165.15801559604097,10.0,-7.899371363406164,,1.0,insufficient_high_e_mass_for_uniform_scs,materials_t0_active_audit_emulation;existing_public_WBM_labels_only;t1_current_MP_used_only_as_utility_audit;not_prospective_materials_discovery;not_DFT_evidence;not_materials_primary_headline
materials_discovery,ALIGNN-FF WBM,materials_alignn_exact_stable_alpha010_K300,300,0.1,18,random,0.01,105719,1057,186,0.1759697256385998,0,0.0,False,False,0.24,0.0,0.0,0.0,0.36,0.6028783947063835,165.15801559604097,10.0,-6.916043660488857,,1.0,insufficient_high_e_mass_for_uniform_scs,materials_t0_active_audit_emulation;existing_public_WBM_labels_only;t1_current_MP_used_only_as_utility_audit;not_prospective_materials_discovery;not_DFT_evidence;not_materials_primary_headline
materials_discovery,ALIGNN-FF WBM,materials_alignn_exact_stable_alpha010_K500,500,0.1,18,random,0.01,105719,1057,186,0.1759697256385998,0,0.0,False,False,0.336,0.0,0.0,0.0,0.454,0.36172703682383006,165.15801559604097,10.0,-7.886475817529944,,1.0,insufficient_high_e_mass_for_uniform_scs,materials_t0_active_audit_emulation;existing_public_WBM_labels_only;t1_current_MP_used_only_as_utility_audit;not_prospective_materials_discovery;not_DFT_evidence;not_materials_primary_headline
materials_discovery,ALIGNN-FF WBM,materials_alignn_exact_stable_alpha010_K300,300,0.1,18,random,0.02,105719,2114,341,0.16130558183538315,0,0.0,False,False,0.24,0.0,0.0,0.0,0.36,0.6028783947063835,165.15801559604097,10.0,-6.916043660488857,,1.0,insufficient_high_e_mass_for_uniform_scs,materials_t0_active_audit_emulation;existing_public_WBM_labels_only;t1_current_MP_used_only_as_utility_audit;not_prospective_materials_discovery;not_DFT_evidence;not_materials_primary_headline
materials_discovery,ALIGNN-FF WBM,materials_alignn_exact_stable_alpha010_K500,500,0.1,18,random,0.02,105719,2114,341,0.16130558183538315,0,0.0,False,False,0.336,0.0,0.0,0.0,0.454,0.36172703682383006,165.15801559604097,10.0,-7.886475817529944,,1.0,insufficient_high_e_mass_for_uniform_scs,materials_t0_active_audit_emulation;existing_public_WBM_labels_only;t1_current_MP_used_only_as_utility_audit;not_prospective_materials_discovery;not_DFT_evidence;not_materials_primary_headline
materials_discovery,ALIGNN-FF WBM,materials_alignn_exact_stable_alpha010_K300,300,0.1,18,random,0.05,105719,5286,810,0.1532349602724177,0,0.0,False,False,0.24,0.0,0.0,0.0,0.36,0.6025978987573897,165.0793327942943,10.0,-6.8879935325653605,,0.9994574064026045,insufficient_high_e_mass_for_uniform_scs,materials_t0_active_audit_emulation;existing_public_WBM_labels_only;t1_current_MP_used_only_as_utility_audit;not_prospective_materials_discovery;not_DFT_evidence;not_materials_primary_headline
materials_discovery,ALIGNN-FF WBM,materials_alignn_exact_stable_alpha010_K500,500,0.1,18,random,0.05,105719,5286,810,0.1532349602724177,0,0.0,False,False,0.336,0.0,0.0,0.0,0.454,0.3615587392544338,165.0793327942943,10.0,-7.861104034333692,,0.9994574064026045,insufficient_high_e_mass_for_uniform_scs,materials_t0_active_audit_emulation;existing_public_WBM_labels_only;t1_current_MP_used_only_as_utility_audit;not_prospective_materials_discovery;not_DFT_evidence;not_materials_primary_headline
materials_discovery,ALIGNN-FF WBM,materials_alignn_exact_stable_alpha010_K300,300,0.1,18,random,0.1,105719,10572,1617,0.15295119182746877,0,0.0,False,False,0.24,0.0,0.0,0.0,0.36,0.6024576439782973,165.03998971386562,10.0,-6.858671839371292,,0.9991861096039066,insufficient_high_e_mass_for_uniform_scs,materials_t0_active_audit_emulation;existing_public_WBM_labels_only;t1_current_MP_used_only_as_utility_audit;not_prospective_materials_discovery;not_DFT_evidence;not_materials_primary_headline
materials_discovery,ALIGNN-FF WBM,materials_alignn_exact_stable_alpha010_K500,500,0.1,18,random,0.1,105719,10572,1617,0.15295119182746877,0,0.0,False,False,0.336,0.0,0.0,0.0,0.454,0.3614745863869783,165.03998971386562,10.0,-7.806834988846092,,0.9991861096039066,insufficient_high_e_mass_for_uniform_scs,materials_t0_active_audit_emulation;existing_public_WBM_labels_only;t1_current_MP_used_only_as_utility_audit;not_prospective_materials_discovery;not_DFT_evidence;not_materials_primary_headline
materials_discovery,ALIGNN-FF WBM,materials_alignn_exact_stable_alpha010_K300,300,0.1,18,random,0.2,105719,21144,3225,0.1525255391600454,0,0.0,False,False,0.24,0.0,0.0,0.0,0.36,0.6344315297038818,164.88260618657026,10.0,-6.632877931781181,,0.9981009224091155,insufficient_high_e_mass_for_uniform_scs,materials_t0_active_audit_emulation;existing_public_WBM_labels_only;t1_current_MP_used_only_as_utility_audit;not_prospective_materials_discovery;not_DFT_evidence;not_materials_primary_headline
materials_discovery,ALIGNN-FF WBM,materials_alignn_exact_stable_alpha010_K500,500,0.1,18,random,0.2,105719,21144,3225,0.1525255391600454,0,0.0,False,False,0.336,0.0,0.0,0.0,0.454,0.3806589178223291,164.88260618657026,10.0,-7.720855383683609,,0.9981009224091155,insufficient_high_e_mass_for_uniform_scs,materials_t0_active_audit_emulation;existing_public_WBM_labels_only;t1_current_MP_used_only_as_utility_audit;not_prospective_materials_discovery;not_DFT_evidence;not_materials_primary_headline
materials_discovery,ALIGNN-FF WBM,materials_alignn_exact_stable_alpha010_K300,300,0.1,18,raw_score_targeted,0.0,105719,0,0,0.0,0,0.0,False,False,0.24,0.0,0.0,0.0,0.36,0.6028783947063835,165.15801559604097,10.0,-6.916043660488857,,1.0,insufficient_high_e_mass_for_uniform_scs,materials_t0_active_audit_emulation;existing_public_WBM_labels_only;t1_current_MP_used_only_as_utility_audit;not_prospective_materials_discovery;not_DFT_evidence;not_materials_primary_headline
materials_discovery,ALIGNN-FF WBM,materials_alignn_exact_stable_alpha010_K500,500,0.1,18,raw_score_targeted,0.0,105719,0,0,0.0,0,0.0,False,False,0.336,0.0,0.0,0.0,0.454,0.36172703682383006,165.15801559604097,10.0,-7.899371363406164,,1.0,insufficient_high_e_mass_for_uniform_scs,materials_t0_active_audit_emulation;existing_public_WBM_labels_only;t1_current_MP_used_only_as_utility_audit;not_prospective_materials_discovery;not_DFT_evidence;not_materials_primary_headline
materials_discovery,ALIGNN-FF WBM,materials_alignn_exact_stable_alpha010_K300,300,0.1,18,raw_score_targeted,0.005,105719,529,346,0.6540642722117203,211,0.17535545023696683,False,True,0.24,1.0,0.2938388625592417,0.2938388625592417,0.36,5.165088735047567,164.84325750151808,10.0,0.22338620646957175,14.218009478672984,0.9978296256104178,,materials_t0_active_audit_emulation;existing_public_WBM_labels_only;t1_current_MP_used_only_as_utility_audit;not_prospective_materials_discovery;not_DFT_evidence;not_materials_primary_headline
materials_discovery,ALIGNN-FF WBM,materials_alignn_exact_stable_alpha010_K500,500,0.1,18,raw_score_targeted,0.005,105719,529,346,0.6540642722117203,132,0.06060606060606061,True,False,0.336,1.0,0.2727272727272727,0.2727272727272727,0.454,3.09905324102854,164.84325750151808,10.0,2.2294419066519,37.878787878787875,0.9978296256104178,,materials_t0_active_audit_emulation;existing_public_WBM_labels_only;t1_current_MP_used_only_as_utility_audit;not_prospective_materials_discovery;not_DFT_evidence;not_materials_primary_headline
materials_discovery,ALIGNN-FF WBM,materials_alignn_exact_stable_alpha010_K300,300,0.1,18,raw_score_targeted,0.01,105719,1057,640,0.6054872280037843,211,0.17535545023696683,False,True,0.24,1.0,0.2938388625592417,0.2938388625592417,0.36,5.162622778635728,164.76455676497005,10.0,0.21681434171791203,14.218009478672984,0.9972870320130223,,materials_t0_active_audit_emulation;existing_public_WBM_labels_only;t1_current_MP_used_only_as_utility_audit;not_prospective_materials_discovery;not_DFT_evidence;not_materials_primary_headline
materials_discovery,ALIGNN-FF WBM,materials_alignn_exact_stable_alpha010_K500,500,0.1,18,raw_score_targeted,0.01,105719,1057,640,0.6054872280037843,132,0.06060606060606061,True,False,0.336,1.0,0.2727272727272727,0.2727272727272727,0.454,3.097573667181437,164.76455676497005,10.0,2.210813628401418,37.878787878787875,0.9972870320130223,,materials_t0_active_audit_emulation;existing_public_WBM_labels_only;t1_current_MP_used_only_as_utility_audit;not_prospective_materials_discovery;not_DFT_evidence;not_materials_primary_headline
materials_discovery,ALIGNN-FF WBM,materials_alignn_exact_stable_alpha010_K300,300,0.1,18,raw_score_targeted,0.02,105719,2114,1213,0.5737937559129612,211,0.17535545023696683,False,True,0.24,1.0,0.2938388625592417,0.2938388625592417,0.36,5.158923580140418,164.64649723852398,10.0,0.20695565141002525,14.218009478672984,0.9964731416169289,,materials_t0_active_audit_emulation;existing_public_WBM_labels_only;t1_current_MP_used_only_as_utility_audit;not_prospective_materials_discovery;not_DFT_evidence;not_materials_primary_headline
materials_discovery,ALIGNN-FF WBM,materials_alignn_exact_stable_alpha010_K500,500,0.1,18,raw_score_targeted,0.02,105719,2114,1213,0.5737937559129612,132,0.06060606060606061,True,False,0.336,1.0,0.2727272727272727,0.2727272727272727,0.454,3.095354148084251,164.64649723852398,10.0,2.18286890227278,37.878787878787875,0.9964731416169289,,materials_t0_active_audit_emulation;existing_public_WBM_labels_only;t1_current_MP_used_only_as_utility_audit;not_prospective_materials_discovery;not_DFT_evidence;not_materials_primary_headline
materials_discovery,ALIGNN-FF WBM,materials_alignn_exact_stable_alpha010_K300,300,0.1,18,raw_score_targeted,0.05,105719,5286,2564,0.4850548618993568,211,0.17535545023696683,False,True,0.24,1.0,0.2938388625592417,0.2938388625592417,0.36,5.15029088394026,164.37098565766786,10.0,0.18394786684897824,14.218009478672984,0.9945740640260445,,materials_t0_active_audit_emulation;existing_public_WBM_labels_only;t1_current_MP_used_only_as_utility_audit;not_prospective_materials_discovery;not_DFT_evidence;not_materials_primary_headline
materials_discovery,ALIGNN-FF WBM,materials_alignn_exact_stable_alpha010_K500,500,0.1,18,raw_score_targeted,0.05,105719,5286,2564,0.4850548618993568,132,0.06060606060606061,True,False,0.336,1.0,0.2727272727272727,0.2727272727272727,0.454,3.090174530364156,164.37098565766786,10.0,2.11765375267057,37.878787878787875,0.9945740640260445,,materials_t0_active_audit_emulation;existing_public_WBM_labels_only;t1_current_MP_used_only_as_utility_audit;not_prospective_materials_discovery;not_DFT_evidence;not_materials_primary_headline
materials_discovery,ALIGNN-FF WBM,materials_alignn_exact_stable_alpha010_K300,300,0.1,18,raw_score_targeted,0.1,105719,10572,4228,0.3999243284146803,211,0.17535545023696683,False,True,0.24,1.0,0.2938388625592417,0.2938388625592417,0.36,5.126850550509216,163.6228899098686,10.0,0.12146861337069836,14.218009478672984,0.9894194248507867,,materials_t0_active_audit_emulation;existing_public_WBM_labels_only;t1_current_MP_used_only_as_utility_audit;not_prospective_materials_discovery;not_DFT_evidence;not_materials_primary_headline
materials_discovery,ALIGNN-FF WBM,materials_alignn_exact_stable_alpha010_K500,500,0.1,18,raw_score_targeted,0.1,105719,10572,4228,0.3999243284146803,132,0.06060606060606061,True,False,0.336,1.0,0.2727272727272727,0.2727272727272727,0.454,3.0761103303055295,163.6228899098686,10.0,1.940564819103173,37.878787878787875,0.9894194248507867,,materials_t0_active_audit_emulation;existing_public_WBM_labels_only;t1_current_MP_used_only_as_utility_audit;not_prospective_materials_discovery;not_DFT_evidence;not_materials_primary_headline
materials_discovery,ALIGNN-FF WBM,materials_alignn_exact_stable_alpha010_K300,300,0.1,18,raw_score_targeted,0.2,105719,21144,8255,0.3904180855088914,211,0.17535545023696683,False,True,0.24,1.0,0.2938388625592417,0.2938388625592417,0.36,5.10586675474539,162.95319430038478,10.0,0.0655293320989827,14.218009478672984,0.9848073792729246,,materials_t0_active_audit_emulation;existing_public_WBM_labels_only;t1_current_MP_used_only_as_utility_audit;not_prospective_materials_discovery;not_DFT_evidence;not_materials_primary_headline
materials_discovery,ALIGNN-FF WBM,materials_alignn_exact_stable_alpha010_K500,500,0.1,18,raw_score_targeted,0.2,105719,21144,8255,0.3904180855088914,132,0.06060606060606061,True,False,0.336,1.0,0.2727272727272727,0.2727272727272727,0.454,3.063520052847234,162.95319430038478,10.0,1.7820217372887015,37.878787878787875,0.9848073792729246,,materials_t0_active_audit_emulation;existing_public_WBM_labels_only;t1_current_MP_used_only_as_utility_audit;not_prospective_materials_discovery;not_DFT_evidence;not_materials_primary_headline
materials_discovery,ALIGNN-FF WBM,materials_alignn_exact_stable_alpha010_K300,300,0.1,18,parc_m_evidence_targeted,0.0,105719,0,0,0.0,0,0.0,False,False,0.24,0.0,0.0,0.0,0.36,0.6028783947063835,165.15801559604097,10.0,-6.916043660488857,,1.0,insufficient_high_e_mass_for_uniform_scs,materials_t0_active_audit_emulation;existing_public_WBM_labels_only;t1_current_MP_used_only_as_utility_audit;not_prospective_materials_discovery;not_DFT_evidence;not_materials_primary_headline
materials_discovery,ALIGNN-FF WBM,materials_alignn_exact_stable_alpha010_K500,500,0.1,18,parc_m_evidence_targeted,0.0,105719,0,0,0.0,0,0.0,False,False,0.336,0.0,0.0,0.0,0.454,0.36172703682383006,165.15801559604097,10.0,-7.899371363406164,,1.0,insufficient_high_e_mass_for_uniform_scs,materials_t0_active_audit_emulation;existing_public_WBM_labels_only;t1_current_MP_used_only_as_utility_audit;not_prospective_materials_discovery;not_DFT_evidence;not_materials_primary_headline
materials_discovery,ALIGNN-FF WBM,materials_alignn_exact_stable_alpha010_K300,300,0.1,18,parc_m_evidence_targeted,0.005,105719,529,341,0.6446124763705104,128,0.046875,True,False,0.24,1.0,0.2578125,0.2578125,0.36,3.245786464372691,165.03998971386562,10.0,0.526049216385843,23.4375,0.9991861096039066,,materials_t0_active_audit_emulation;existing_public_WBM_labels_only;t1_current_MP_used_only_as_utility_audit;not_prospective_materials_discovery;not_DFT_evidence;not_materials_primary_headline
materials_discovery,ALIGNN-FF WBM,materials_alignn_exact_stable_alpha010_K500,500,0.1,18,parc_m_evidence_targeted,0.005,105719,529,341,0.6446124763705104,93,0.0,True,False,0.336,1.0,0.23655913978494625,0.23655913978494625,0.454,1.9474718786236145,165.03998971386562,10.0,9.124903975533584,53.76344086021505,0.9991861096039066,,materials_t0_active_audit_emulation;existing_public_WBM_labels_only;t1_current_MP_used_only_as_utility_audit;not_prospective_materials_discovery;not_DFT_evidence;not_materials_primary_headline
materials_discovery,ALIGNN-FF WBM,materials_alignn_exact_stable_alpha010_K300,300,0.1,18,parc_m_evidence_targeted,0.01,105719,1057,629,0.5950804162724692,128,0.046875,True,False,0.24,1.0,0.2578125,0.2578125,0.36,3.245012695093824,165.00064551324527,10.0,0.5205484362872532,23.4375,0.9989148128052089,,materials_t0_active_audit_emulation;existing_public_WBM_labels_only;t1_current_MP_used_only_as_utility_audit;not_prospective_materials_discovery;not_DFT_evidence;not_materials_primary_headline
materials_discovery,ALIGNN-FF WBM,materials_alignn_exact_stable_alpha010_K500,500,0.1,18,parc_m_evidence_targeted,0.01,105719,1057,629,0.5950804162724692,93,0.0,True,False,0.336,1.0,0.23655913978494625,0.23655913978494625,0.454,1.9470076170562942,165.00064551324527,10.0,9.110189997442554,53.76344086021505,0.9989148128052089,,materials_t0_active_audit_emulation;existing_public_WBM_labels_only;t1_current_MP_used_only_as_utility_audit;not_prospective_materials_discovery;not_DFT_evidence;not_materials_primary_headline
materials_discovery,ALIGNN-FF WBM,materials_alignn_exact_stable_alpha010_K300,300,0.1,18,parc_m_evidence_targeted,0.02,105719,2114,1199,0.5671712393566698,128,0.046875,True,False,0.24,1.0,0.2578125,0.2578125,0.36,3.244238903777318,164.961300192067,10.0,0.5150474658410396,23.4375,0.9986435160065111,,materials_t0_active_audit_emulation;existing_public_WBM_labels_only;t1_current_MP_used_only_as_utility_audit;not_prospective_materials_discovery;not_DFT_evidence;not_materials_primary_headline
materials_discovery,ALIGNN-FF WBM,materials_alignn_exact_stable_alpha010_K500,500,0.1,18,parc_m_evidence_targeted,0.02,105719,2114,1199,0.5671712393566698,93,0.0,True,False,0.336,1.0,0.23655913978494625,0.23655913978494625,0.454,1.9465433422663907,164.961300192067,10.0,9.095475554859568,53.76344086021505,0.9986435160065111,,materials_t0_active_audit_emulation;existing_public_WBM_labels_only;t1_current_MP_used_only_as_utility_audit;not_prospective_materials_discovery;not_DFT_evidence;not_materials_primary_headline
materials_discovery,ALIGNN-FF WBM,materials_alignn_exact_stable_alpha010_K300,300,0.1,18,parc_m_evidence_targeted,0.05,105719,5286,2542,0.4808929247067726,128,0.046875,True,False,0.24,1.0,0.2578125,0.2578125,0.36,3.2403696163777447,164.76455676497005,10.0,0.4875397561505075,23.4375,0.9972870320130223,,materials_t0_active_audit_emulation;existing_public_WBM_labels_only;t1_current_MP_used_only_as_utility_audit;not_prospective_materials_discovery;not_DFT_evidence;not_materials_primary_headline
materials_discovery,ALIGNN-FF WBM,materials_alignn_exact_stable_alpha010_K500,500,0.1,18,parc_m_evidence_targeted,0.05,105719,5286,2542,0.4808929247067726,93,0.0,True,False,0.336,1.0,0.23655913978494625,0.23655913978494625,0.454,1.9442217698266469,164.76455676497005,10.0,9.021896369160608,53.76344086021505,0.9972870320130223,,materials_t0_active_audit_emulation;existing_public_WBM_labels_only;t1_current_MP_used_only_as_utility_audit;not_prospective_materials_discovery;not_DFT_evidence;not_materials_primary_headline
materials_discovery,ALIGNN-FF WBM,materials_alignn_exact_stable_alpha010_K300,300,0.1,18,parc_m_evidence_targeted,0.1,105719,10572,4212,0.39841089670828606,151,0.07947019867549669,True,False,0.24,1.0,0.2847682119205298,0.2847682119205298,0.36,4.485274782740752,164.0954188807592,10.0,0.11367530325504305,19.86754966887417,0.9926749864351601,,materials_t0_active_audit_emulation;existing_public_WBM_labels_only;t1_current_MP_used_only_as_utility_audit;not_prospective_materials_discovery;not_DFT_evidence;not_materials_primary_headline
materials_discovery,ALIGNN-FF WBM,materials_alignn_exact_stable_alpha010_K500,500,0.1,18,parc_m_evidence_targeted,0.1,105719,10572,4212,0.39841089670828606,94,0.0,True,False,0.336,1.0,0.23404255319148937,0.23404255319148937,0.454,2.6911648696444512,164.0954188807592,10.0,9.343591486712782,53.191489361702125,0.9926749864351601,,materials_t0_active_audit_emulation;existing_public_WBM_labels_only;t1_current_MP_used_only_as_utility_audit;not_prospective_materials_discovery;not_DFT_evidence;not_materials_primary_headline
materials_discovery,ALIGNN-FF WBM,materials_alignn_exact_stable_alpha010_K300,300,0.1,18,parc_m_evidence_targeted,0.2,105719,21144,8329,0.39391789632992813,211,0.17535545023696683,False,True,0.24,1.0,0.2938388625592417,0.2938388625592417,0.36,5.118211410404436,163.347172672482,10.0,0.09843901231845109,14.218009478672984,0.9875203472599023,,materials_t0_active_audit_emulation;existing_public_WBM_labels_only;t1_current_MP_used_only_as_utility_audit;not_prospective_materials_discovery;not_DFT_evidence;not_materials_primary_headline
materials_discovery,ALIGNN-FF WBM,materials_alignn_exact_stable_alpha010_K500,500,0.1,18,parc_m_evidence_targeted,0.2,105719,21144,8329,0.39391789632992813,132,0.06060606060606061,True,False,0.336,1.0,0.2727272727272727,0.2727272727272727,0.454,3.0709268462426618,163.347172672482,10.0,1.8752932816534127,37.878787878787875,0.9875203472599023,,materials_t0_active_audit_emulation;existing_public_WBM_labels_only;t1_current_MP_used_only_as_utility_audit;not_prospective_materials_discovery;not_DFT_evidence;not_materials_primary_headline
materials_discovery,ALIGNN-FF WBM,materials_alignn_exact_stable_alpha010_K300,300,0.1,18,chgnet_mace_support_targeted,0.0,105719,0,0,0.0,0,0.0,False,False,0.24,0.0,0.0,0.0,0.36,0.6028783947063835,165.15801559604097,10.0,-6.916043660488857,,1.0,insufficient_high_e_mass_for_uniform_scs,materials_t0_active_audit_emulation;existing_public_WBM_labels_only;t1_current_MP_used_only_as_utility_audit;not_prospective_materials_discovery;not_DFT_evidence;not_materials_primary_headline
materials_discovery,ALIGNN-FF WBM,materials_alignn_exact_stable_alpha010_K500,500,0.1,18,chgnet_mace_support_targeted,0.0,105719,0,0,0.0,0,0.0,False,False,0.336,0.0,0.0,0.0,0.454,0.36172703682383006,165.15801559604097,10.0,-7.899371363406164,,1.0,insufficient_high_e_mass_for_uniform_scs,materials_t0_active_audit_emulation;existing_public_WBM_labels_only;t1_current_MP_used_only_as_utility_audit;not_prospective_materials_discovery;not_DFT_evidence;not_materials_primary_headline
materials_discovery,ALIGNN-FF WBM,materials_alignn_exact_stable_alpha010_K300,300,0.1,18,chgnet_mace_support_targeted,0.005,105719,529,109,0.2060491493383743,0,0.0,False,False,0.24,0.0,0.0,0.0,0.36,0.6028783947063835,165.15801559604097,10.0,-6.762676397173783,,1.0,insufficient_high_e_mass_for_uniform_scs,materials_t0_active_audit_emulation;existing_public_WBM_labels_only;t1_current_MP_used_only_as_utility_audit;not_prospective_materials_discovery;not_DFT_evidence;not_materials_primary_headline
materials_discovery,ALIGNN-FF WBM,materials_alignn_exact_stable_alpha010_K500,500,0.1,18,chgnet_mace_support_targeted,0.005,105719,529,109,0.2060491493383743,0,0.0,False,False,0.336,0.0,0.0,0.0,0.454,0.36172703682383006,165.15801559604097,10.0,-7.846752188197329,,1.0,insufficient_high_e_mass_for_uniform_scs,materials_t0_active_audit_emulation;existing_public_WBM_labels_only;t1_current_MP_used_only_as_utility_audit;not_prospective_materials_discovery;not_DFT_evidence;not_materials_primary_headline
materials_discovery,ALIGNN-FF WBM,materials_alignn_exact_stable_alpha010_K300,300,0.1,18,chgnet_mace_support_targeted,0.01,105719,1057,221,0.20908230842005676,0,0.0,False,False,0.24,0.0,0.0,0.0,0.36,0.6025978987573897,165.0793327942943,10.0,-6.731459900681704,,0.9994574064026045,insufficient_high_e_mass_for_uniform_scs,materials_t0_active_audit_emulation;existing_public_WBM_labels_only;t1_current_MP_used_only_as_utility_audit;not_prospective_materials_discovery;not_DFT_evidence;not_materials_primary_headline
materials_discovery,ALIGNN-FF WBM,materials_alignn_exact_stable_alpha010_K500,500,0.1,18,chgnet_mace_support_targeted,0.01,105719,1057,221,0.20908230842005676,0,0.0,False,False,0.336,0.0,0.0,0.0,0.454,0.3615587392544338,165.0793327942943,10.0,-7.834099715876488,,0.9994574064026045,insufficient_high_e_mass_for_uniform_scs,materials_t0_active_audit_emulation;existing_public_WBM_labels_only;t1_current_MP_used_only_as_utility_audit;not_prospective_materials_discovery;not_DFT_evidence;not_materials_primary_headline
materials_discovery,ALIGNN-FF WBM,materials_alignn_exact_stable_alpha010_K300,300,0.1,18,chgnet_mace_support_targeted,0.02,105719,2114,346,0.16367076631977295,0,0.0,False,False,0.24,0.0,0.0,0.0,0.36,0.602317384660791,165.00064551324527,10.0,-6.732900430745979,,0.9989148128052089,insufficient_high_e_mass_for_uniform_scs,materials_t0_active_audit_emulation;existing_public_WBM_labels_only;t1_current_MP_used_only_as_utility_audit;not_prospective_materials_discovery;not_DFT_evidence;not_materials_primary_headline
materials_discovery,ALIGNN-FF WBM,materials_alignn_exact_stable_alpha010_K500,500,0.1,18,chgnet_mace_support_targeted,0.02,105719,2114,346,0.16367076631977295,0,0.0,False,False,0.336,0.0,0.0,0.0,0.454,0.3613904307964746,165.00064551324527,10.0,-7.835046117193629,,0.9989148128052089,insufficient_high_e_mass_for_uniform_scs,materials_t0_active_audit_emulation;existing_public_WBM_labels_only;t1_current_MP_used_only_as_utility_audit;not_prospective_materials_discovery;not_DFT_evidence;not_materials_primary_headline
materials_discovery,ALIGNN-FF WBM,materials_alignn_exact_stable_alpha010_K300,300,0.1,18,chgnet_mace_support_targeted,0.05,105719,5286,1762,0.3333333333333333,211,0.17535545023696683,False,True,0.24,1.0,0.2938388625592417,0.2938388625592417,0.36,5.153990822424043,164.4890688007673,10.0,0.1938090620299988,14.218009478672984,0.9953879544221378,,materials_t0_active_audit_emulation;existing_public_WBM_labels_only;t1_current_MP_used_only_as_utility_audit;not_prospective_materials_discovery;not_DFT_evidence;not_materials_primary_headline
materials_discovery,ALIGNN-FF WBM,materials_alignn_exact_stable_alpha010_K500,500,0.1,18,chgnet_mace_support_targeted,0.05,105719,5286,1762,0.3333333333333333,132,0.06060606060606061,True,False,0.336,1.0,0.2727272727272727,0.2727272727272727,0.454,3.0923944934544254,164.4890688007673,10.0,2.14560495342797,37.878787878787875,0.9953879544221378,,materials_t0_active_audit_emulation;existing_public_WBM_labels_only;t1_current_MP_used_only_as_utility_audit;not_prospective_materials_discovery;not_DFT_evidence;not_materials_primary_headline
materials_discovery,ALIGNN-FF WBM,materials_alignn_exact_stable_alpha010_K300,300,0.1,18,chgnet_mace_support_targeted,0.1,105719,10572,3794,0.3588724933787363,211,0.17535545023696683,False,True,0.24,1.0,0.2938388625592417,0.2938388625592417,0.36,5.133020299126222,163.8197967806241,10.0,0.13791471978866987,14.218009478672984,0.9907759088442757,,materials_t0_active_audit_emulation;existing_public_WBM_labels_only;t1_current_MP_used_only_as_utility_audit;not_prospective_materials_discovery;not_DFT_evidence;not_materials_primary_headline
materials_discovery,ALIGNN-FF WBM,materials_alignn_exact_stable_alpha010_K500,500,0.1,18,chgnet_mace_support_targeted,0.1,105719,10572,3794,0.3588724933787363,132,0.06060606060606061,True,False,0.336,1.0,0.2727272727272727,0.2727272727272727,0.454,3.079812179475733,163.8197967806241,10.0,1.9871780192883435,37.878787878787875,0.9907759088442757,,materials_t0_active_audit_emulation;existing_public_WBM_labels_only;t1_current_MP_used_only_as_utility_audit;not_prospective_materials_discovery;not_DFT_evidence;not_materials_primary_headline
materials_discovery,ALIGNN-FF WBM,materials_alignn_exact_stable_alpha010_K300,300,0.1,18,chgnet_mace_support_targeted,0.2,105719,21144,7498,0.35461596670450246,211,0.17535545023696683,False,True,0.24,1.0,0.2938388625592417,0.2938388625592417,0.36,5.107101380844124,162.9925972609827,10.0,0.06882084376931275,14.218009478672984,0.9850786760716224,,materials_t0_active_audit_emulation;existing_public_WBM_labels_only;t1_current_MP_used_only_as_utility_audit;not_prospective_materials_discovery;not_DFT_evidence;not_materials_primary_headline
materials_discovery,ALIGNN-FF WBM,materials_alignn_exact_stable_alpha010_K500,500,0.1,18,chgnet_mace_support_targeted,0.2,105719,21144,7498,0.35461596670450246,132,0.06060606060606061,True,False,0.336,1.0,0.2727272727272727,0.2727272727272727,0.454,3.064260828506475,162.9925972609827,10.0,1.7913502967166437,37.878787878787875,0.9850786760716224,,materials_t0_active_audit_emulation;existing_public_WBM_labels_only;t1_current_MP_used_only_as_utility_audit;not_prospective_materials_discovery;not_DFT_evidence;not_materials_primary_headline
materials_discovery,ALIGNN-FF WBM,materials_alignn_exact_stable_alpha010_K300,300,0.1,18,mass_gain,0.0,105719,0,0,0.0,0,0.0,False,False,0.24,0.0,0.0,0.0,0.36,0.6028783947063835,165.15801559604097,10.0,-6.916043660488857,,1.0,insufficient_high_e_mass_for_uniform_scs,materials_t0_active_audit_emulation;existing_public_WBM_labels_only;t1_current_MP_used_only_as_utility_audit;not_prospective_materials_discovery;not_DFT_evidence;not_materials_primary_headline
materials_discovery,ALIGNN-FF WBM,materials_alignn_exact_stable_alpha010_K500,500,0.1,18,mass_gain,0.0,105719,0,0,0.0,0,0.0,False,False,0.336,0.0,0.0,0.0,0.454,0.36172703682383006,165.15801559604097,10.0,-7.899371363406164,,1.0,insufficient_high_e_mass_for_uniform_scs,materials_t0_active_audit_emulation;existing_public_WBM_labels_only;t1_current_MP_used_only_as_utility_audit;not_prospective_materials_discovery;not_DFT_evidence;not_materials_primary_headline
materials_discovery,ALIGNN-FF WBM,materials_alignn_exact_stable_alpha010_K300,300,0.1,18,mass_gain,0.005,105719,529,358,0.6767485822306238,94,0.0,True,False,0.24,1.0,0.23404255319148937,0.23404255319148937,0.36,1.5260339920020125,165.00064551324527,10.0,2.290782862721752,31.914893617021274,0.9989148128052089,,materials_t0_active_audit_emulation;existing_public_WBM_labels_only;t1_current_MP_used_only_as_utility_audit;not_prospective_materials_discovery;not_DFT_evidence;not_materials_primary_headline
materials_discovery,ALIGNN-FF WBM,materials_alignn_exact_stable_alpha010_K500,500,0.1,18,mass_gain,0.005,105719,529,358,0.6767485822306238,0,0.0,False,False,0.336,0.0,0.0,0.0,0.454,0.9156203952012075,165.00064551324527,10.0,-6.889363674795604,,0.9989148128052089,insufficient_high_e_mass_for_uniform_scs,materials_t0_active_audit_emulation;existing_public_WBM_labels_only;t1_current_MP_used_only_as_utility_audit;not_prospective_materials_discovery;not_DFT_evidence;not_materials_primary_headline
materials_discovery,ALIGNN-FF WBM,materials_alignn_exact_stable_alpha010_K300,300,0.1,18,mass_gain,0.01,105719,1057,592,0.5600756859035004,94,0.0,True,False,0.24,1.0,0.23404255319148937,0.23404255319148937,0.36,1.523516336448724,164.72520471273907,10.0,2.235408996709726,31.914893617021274,0.9970157352143245,,materials_t0_active_audit_emulation;existing_public_WBM_labels_only;t1_current_MP_used_only_as_utility_audit;not_prospective_materials_discovery;not_DFT_evidence;not_materials_primary_headline
materials_discovery,ALIGNN-FF WBM,materials_alignn_exact_stable_alpha010_K500,500,0.1,18,mass_gain,0.01,105719,1057,592,0.5600756859035004,0,0.0,False,False,0.336,0.0,0.0,0.0,0.454,0.9141098018692345,164.72520471273907,10.0,-6.894160054510873,,0.9970157352143245,insufficient_high_e_mass_for_uniform_scs,materials_t0_active_audit_emulation;existing_public_WBM_labels_only;t1_current_MP_used_only_as_utility_audit;not_prospective_materials_discovery;not_DFT_evidence;not_materials_primary_headline
materials_discovery,ALIGNN-FF WBM,materials_alignn_exact_stable_alpha010_K300,300,0.1,18,mass_gain,0.02,105719,2114,991,0.46877956480605487,94,0.0,True,False,0.24,1.0,0.23404255319148937,0.23404255319148937,0.36,1.519558934041898,164.29225793063839,10.0,2.1483666244470534,31.914893617021274,0.9940314704286489,,materials_t0_active_audit_emulation;existing_public_WBM_labels_only;t1_current_MP_used_only_as_utility_audit;not_prospective_materials_discovery;not_DFT_evidence;not_materials_primary_headline
materials_discovery,ALIGNN-FF WBM,materials_alignn_exact_stable_alpha010_K500,500,0.1,18,mass_gain,0.02,105719,2114,991,0.46877956480605487,0,0.0,False,False,0.336,0.0,0.0,0.0,0.454,0.9117353604251388,164.29225793063839,10.0,-6.901700000737453,,0.9940314704286489,insufficient_high_e_mass_for_uniform_scs,materials_t0_active_audit_emulation;existing_public_WBM_labels_only;t1_current_MP_used_only_as_utility_audit;not_prospective_materials_discovery;not_DFT_evidence;not_materials_primary_headline
materials_discovery,ALIGNN-FF WBM,materials_alignn_exact_stable_alpha010_K300,300,0.1,18,mass_gain,0.05,105719,5286,1962,0.3711691259931896,151,0.07947019867549669,True,False,0.24,1.0,0.2847682119205298,0.2847682119205298,0.36,2.8293025125300946,163.22899110750544,10.0,0.012445536461363815,19.86754966887417,0.986706456863809,,materials_t0_active_audit_emulation;existing_public_WBM_labels_only;t1_current_MP_used_only_as_utility_audit;not_prospective_materials_discovery;not_DFT_evidence;not_materials_primary_headline
materials_discovery,ALIGNN-FF WBM,materials_alignn_exact_stable_alpha010_K500,500,0.1,18,mass_gain,0.05,105719,5286,1962,0.3711691259931896,90,0.0,True,False,0.336,1.0,0.23333333333333334,0.23333333333333334,0.454,1.6975815075180567,163.22899110750544,10.0,6.655463180619769,55.55555555555556,0.986706456863809,,materials_t0_active_audit_emulation;existing_public_WBM_labels_only;t1_current_MP_used_only_as_utility_audit;not_prospective_materials_discovery;not_DFT_evidence;not_materials_primary_headline
materials_discovery,ALIGNN-FF WBM,materials_alignn_exact_stable_alpha010_K300,300,0.1,18,mass_gain,0.1,105719,10572,3268,0.30911842603102535,151,0.07947019867549669,True,False,0.24,1.0,0.2847682119205298,0.2847682119205298,0.36,2.869091982796356,162.40143298847298,10.0,1.6423957319089695,19.86754966887417,0.9810092240911558,,materials_t0_active_audit_emulation;existing_public_WBM_labels_only;t1_current_MP_used_only_as_utility_audit;not_prospective_materials_discovery;not_DFT_evidence;not_materials_primary_headline
materials_discovery,ALIGNN-FF WBM,materials_alignn_exact_stable_alpha010_K500,500,0.1,18,mass_gain,0.1,105719,10572,3268,0.30911842603102535,94,0.0,True,False,0.336,1.0,0.23404255319148937,0.23404255319148937,0.454,1.7214551896778136,162.40143298847298,10.0,35.177605580167395,53.191489361702125,0.9810092240911558,,materials_t0_active_audit_emulation;existing_public_WBM_labels_only;t1_current_MP_used_only_as_utility_audit;not_prospective_materials_discovery;not_DFT_evidence;not_materials_primary_headline
materials_discovery,ALIGNN-FF WBM,materials_alignn_exact_stable_alpha010_K300,300,0.1,18,mass_gain,0.2,105719,21144,5826,0.27553916004540296,151,0.07947019867549669,True,False,0.24,1.0,0.2847682119205298,0.2847682119205298,0.36,4.593554932988889,162.12546822313723,10.0,1.6072715787376204,19.86754966887417,0.9791101465002713,,materials_t0_active_audit_emulation;existing_public_WBM_labels_only;t1_current_MP_used_only_as_utility_audit;not_prospective_materials_discovery;not_DFT_evidence;not_materials_primary_headline
materials_discovery,ALIGNN-FF WBM,materials_alignn_exact_stable_alpha010_K500,500,0.1,18,mass_gain,0.2,105719,21144,5826,0.27553916004540296,97,0.0,True,False,0.336,1.0,0.2268041237113402,0.2268041237113402,0.454,2.7561329597933333,162.12546822313723,10.0,10.251853997750878,51.546391752577314,0.9791101465002713,,materials_t0_active_audit_emulation;existing_public_WBM_labels_only;t1_current_MP_used_only_as_utility_audit;not_prospective_materials_discovery;not_DFT_evidence;not_materials_primary_headline
materials_discovery,ALIGNN-FF WBM,materials_alignn_exact_stable_alpha010_K300,300,0.1,19,random,0.0,106697,0,0,0.0,0,0.0,False,False,0.24333333333333335,0.0,0.0,0.0,0.3933333333333333,0.2861575258568724,89.85131832062358,10.0,-7.60457488820275,,1.0,insufficient_high_e_mass_for_uniform_scs,materials_t0_active_audit_emulation;existing_public_WBM_labels_only;t1_current_MP_used_only_as_utility_audit;not_prospective_materials_discovery;not_DFT_evidence;not_materials_primary_headline
materials_discovery,ALIGNN-FF WBM,materials_alignn_exact_stable_alpha010_K500,500,0.1,19,random,0.0,106697,0,0,0.0,0,0.0,False,False,0.33,0.0,0.0,0.0,0.478,0.1735259154471008,89.85131832062358,10.0,-8.264740845528992,,1.0,insufficient_high_e_mass_for_uniform_scs,materials_t0_active_audit_emulation;existing_public_WBM_labels_only;t1_current_MP_used_only_as_utility_audit;not_prospective_materials_discovery;not_DFT_evidence;not_materials_primary_headline
materials_discovery,ALIGNN-FF WBM,materials_alignn_exact_stable_alpha010_K300,300,0.1,19,random,0.005,106697,533,76,0.1425891181988743,0,0.0,False,False,0.24333333333333335,0.0,0.0,0.0,0.3933333333333333,0.2934702536606409,89.83016605842151,10.0,-7.588007675607798,,0.9997287032013022,insufficient_high_e_mass_for_uniform_scs,materials_t0_active_audit_emulation;existing_public_WBM_labels_only;t1_current_MP_used_only_as_utility_audit;not_prospective_materials_discovery;not_DFT_evidence;not_materials_primary_headline
materials_discovery,ALIGNN-FF WBM,materials_alignn_exact_stable_alpha010_K500,500,0.1,19,random,0.005,106697,533,76,0.1425891181988743,0,0.0,False,False,0.33,0.0,0.0,0.0,0.478,0.17608215219638454,89.83016605842151,10.0,-8.256561205476245,,0.9997287032013022,insufficient_high_e_mass_for_uniform_scs,materials_t0_active_audit_emulation;existing_public_WBM_labels_only;t1_current_MP_used_only_as_utility_audit;not_prospective_materials_discovery;not_DFT_evidence;not_materials_primary_headline
materials_discovery,ALIGNN-FF WBM,materials_alignn_exact_stable_alpha010_K300,300,0.1,19,random,0.01,106697,1067,152,0.14245548266166824,0,0.0,False,False,0.24333333333333335,0.0,0.0,0.0,0.3933333333333333,0.2934702536606409,89.83016605842151,10.0,-7.588007675607798,,0.9997287032013022,insufficient_high_e_mass_for_uniform_scs,materials_t0_active_audit_emulation;existing_public_WBM_labels_only;t1_current_MP_used_only_as_utility_audit;not_prospective_materials_discovery;not_DFT_evidence;not_materials_primary_headline
materials_discovery,ALIGNN-FF WBM,materials_alignn_exact_stable_alpha010_K500,500,0.1,19,random,0.01,106697,1067,152,0.14245548266166824,0,0.0,False,False,0.33,0.0,0.0,0.0,0.478,0.17608215219638454,89.83016605842151,10.0,-8.256561205476245,,0.9997287032013022,insufficient_high_e_mass_for_uniform_scs,materials_t0_active_audit_emulation;existing_public_WBM_labels_only;t1_current_MP_used_only_as_utility_audit;not_prospective_materials_discovery;not_DFT_evidence;not_materials_primary_headline
materials_discovery,ALIGNN-FF WBM,materials_alignn_exact_stable_alpha010_K300,300,0.1,19,random,0.02,106697,2134,288,0.13495782567947517,0,0.0,False,False,0.24333333333333335,0.0,0.0,0.0,0.3933333333333333,0.2934702536606409,89.83016605842151,10.0,-7.588007675607798,,0.9997287032013022,insufficient_high_e_mass_for_uniform_scs,materials_t0_active_audit_emulation;existing_public_WBM_labels_only;t1_current_MP_used_only_as_utility_audit;not_prospective_materials_discovery;not_DFT_evidence;not_materials_primary_headline
materials_discovery,ALIGNN-FF WBM,materials_alignn_exact_stable_alpha010_K500,500,0.1,19,random,0.02,106697,2134,288,0.13495782567947517,0,0.0,False,False,0.33,0.0,0.0,0.0,0.478,0.17608215219638454,89.83016605842151,10.0,-8.256561205476245,,0.9997287032013022,insufficient_high_e_mass_for_uniform_scs,materials_t0_active_audit_emulation;existing_public_WBM_labels_only;t1_current_MP_used_only_as_utility_audit;not_prospective_materials_discovery;not_DFT_evidence;not_materials_primary_headline
materials_discovery,ALIGNN-FF WBM,materials_alignn_exact_stable_alpha010_K300,300,0.1,19,random,0.05,106697,5335,824,0.15445173383317712,0,0.0,False,False,0.24333333333333335,0.0,0.0,0.0,0.3933333333333333,0.3181275554977854,89.78785960426367,10.0,-7.571717091651139,,0.9991861096039066,insufficient_high_e_mass_for_uniform_scs,materials_t0_active_audit_emulation;existing_public_WBM_labels_only;t1_current_MP_used_only_as_utility_audit;not_prospective_materials_discovery;not_DFT_evidence;not_materials_primary_headline
materials_discovery,ALIGNN-FF WBM,materials_alignn_exact_stable_alpha010_K500,500,0.1,19,random,0.05,106697,5335,824,0.15445173383317712,0,0.0,False,False,0.33,0.0,0.0,0.0,0.478,0.19087653329867124,89.78785960426367,10.0,-8.23111004919577,,0.9991861096039066,insufficient_high_e_mass_for_uniform_scs,materials_t0_active_audit_emulation;existing_public_WBM_labels_only;t1_current_MP_used_only_as_utility_audit;not_prospective_materials_discovery;not_DFT_evidence;not_materials_primary_headline
materials_discovery,ALIGNN-FF WBM,materials_alignn_exact_stable_alpha010_K300,300,0.1,19,random,0.1,106697,10670,1597,0.14967197750702904,0,0.0,False,False,0.24333333333333335,0.0,0.0,0.0,0.3933333333333333,0.3274217869505133,89.78785960426367,10.0,-7.55410134864748,,0.9991861096039066,insufficient_high_e_mass_for_uniform_scs,materials_t0_active_audit_emulation;existing_public_WBM_labels_only;t1_current_MP_used_only_as_utility_audit;not_prospective_materials_discovery;not_DFT_evidence;not_materials_primary_headline
materials_discovery,ALIGNN-FF WBM,materials_alignn_exact_stable_alpha010_K500,500,0.1,19,random,0.1,106697,10670,1597,0.14967197750702904,0,0.0,False,False,0.33,0.0,0.0,0.0,0.478,0.196453072170308,89.78785960426367,10.0,-8.222185118181862,,0.9991861096039066,insufficient_high_e_mass_for_uniform_scs,materials_t0_active_audit_emulation;existing_public_WBM_labels_only;t1_current_MP_used_only_as_utility_audit;not_prospective_materials_discovery;not_DFT_evidence;not_materials_primary_headline
materials_discovery,ALIGNN-FF WBM,materials_alignn_exact_stable_alpha010_K300,300,0.1,19,random,0.2,106697,21339,3279,0.15366230844931816,0,0.0,False,False,0.24333333333333335,0.0,0.0,0.0,0.3933333333333333,0.34763920231587375,89.72439509545555,10.0,-7.444061362864936,,0.9983722192078134,insufficient_high_e_mass_for_uniform_scs,materials_t0_active_audit_emulation;existing_public_WBM_labels_only;t1_current_MP_used_only_as_utility_audit;not_prospective_materials_discovery;not_DFT_evidence;not_materials_primary_headline
materials_discovery,ALIGNN-FF WBM,materials_alignn_exact_stable_alpha010_K500,500,0.1,19,random,0.2,106697,21339,3279,0.15366230844931816,0,0.0,False,False,0.33,0.0,0.0,0.0,0.478,0.20858352138952427,89.72439509545555,10.0,-8.148368550631986,,0.9983722192078134,insufficient_high_e_mass_for_uniform_scs,materials_t0_active_audit_emulation;existing_public_WBM_labels_only;t1_current_MP_used_only_as_utility_audit;not_prospective_materials_discovery;not_DFT_evidence;not_materials_primary_headline
materials_discovery,ALIGNN-FF WBM,materials_alignn_exact_stable_alpha010_K300,300,0.1,19,raw_score_targeted,0.0,106697,0,0,0.0,0,0.0,False,False,0.24333333333333335,0.0,0.0,0.0,0.3933333333333333,0.2861575258568724,89.85131832062358,10.0,-7.60457488820275,,1.0,insufficient_high_e_mass_for_uniform_scs,materials_t0_active_audit_emulation;existing_public_WBM_labels_only;t1_current_MP_used_only_as_utility_audit;not_prospective_materials_discovery;not_DFT_evidence;not_materials_primary_headline
materials_discovery,ALIGNN-FF WBM,materials_alignn_exact_stable_alpha010_K500,500,0.1,19,raw_score_targeted,0.0,106697,0,0,0.0,0,0.0,False,False,0.33,0.0,0.0,0.0,0.478,0.1735259154471008,89.85131832062358,10.0,-8.264740845528992,,1.0,insufficient_high_e_mass_for_uniform_scs,materials_t0_active_audit_emulation;existing_public_WBM_labels_only;t1_current_MP_used_only_as_utility_audit;not_prospective_materials_discovery;not_DFT_evidence;not_materials_primary_headline
materials_discovery,ALIGNN-FF WBM,materials_alignn_exact_stable_alpha010_K300,300,0.1,19,raw_score_targeted,0.005,106697,533,337,0.6322701688555347,131,0.11450381679389313,False,True,0.24333333333333335,1.0,0.33587786259541985,0.33587786259541985,0.3933333333333333,4.783877705569944,164.961300192067,10.0,1.0517841070624172,22.900763358778622,0.9986435160065111,,materials_t0_active_audit_emulation;existing_public_WBM_labels_only;t1_current_MP_used_only_as_utility_audit;not_prospective_materials_discovery;not_DFT_evidence;not_materials_primary_headline
materials_discovery,ALIGNN-FF WBM,materials_alignn_exact_stable_alpha010_K500,500,0.1,19,raw_score_targeted,0.005,106697,533,337,0.6322701688555347,118,0.11016949152542373,False,True,0.33,1.0,0.3220338983050847,0.3220338983050847,0.478,2.8703266233419664,164.961300192067,10.0,6.452290601096877,42.3728813559322,0.9986435160065111,,materials_t0_active_audit_emulation;existing_public_WBM_labels_only;t1_current_MP_used_only_as_utility_audit;not_prospective_materials_discovery;not_DFT_evidence;not_materials_primary_headline
materials_discovery,ALIGNN-FF WBM,materials_alignn_exact_stable_alpha010_K300,300,0.1,19,raw_score_targeted,0.01,106697,1067,648,0.6073102155576382,131,0.11450381679389313,False,True,0.24333333333333335,1.0,0.33587786259541985,0.33587786259541985,0.3933333333333333,4.7804544675440255,164.84325750151808,10.0,1.035280052996768,22.900763358778622,0.9978296256104178,,materials_t0_active_audit_emulation;existing_public_WBM_labels_only;t1_current_MP_used_only_as_utility_audit;not_prospective_materials_discovery;not_DFT_evidence;not_materials_primary_headline
materials_discovery,ALIGNN-FF WBM,materials_alignn_exact_stable_alpha010_K500,500,0.1,19,raw_score_targeted,0.01,106697,1067,648,0.6073102155576382,118,0.11016949152542373,False,True,0.33,1.0,0.3220338983050847,0.3220338983050847,0.478,2.868272680526415,164.84325750151808,10.0,6.418170155664335,42.3728813559322,0.9978296256104178,,materials_t0_active_audit_emulation;existing_public_WBM_labels_only;t1_current_MP_used_only_as_utility_audit;not_prospective_materials_discovery;not_DFT_evidence;not_materials_primary_headline
materials_discovery,ALIGNN-FF WBM,materials_alignn_exact_stable_alpha010_K300,300,0.1,19,raw_score_targeted,0.02,106697,2134,1193,0.5590440487347704,131,0.11450381679389313,False,True,0.24333333333333335,1.0,0.33587786259541985,0.33587786259541985,0.3933333333333333,4.7770309366694335,164.72520471273907,10.0,1.01877428349232,22.900763358778622,0.9970157352143245,,materials_t0_active_audit_emulation;existing_public_WBM_labels_only;t1_current_MP_used_only_as_utility_audit;not_prospective_materials_discovery;not_DFT_evidence;not_materials_primary_headline
materials_discovery,ALIGNN-FF WBM,materials_alignn_exact_stable_alpha010_K500,500,0.1,19,raw_score_targeted,0.02,106697,2134,1193,0.5590440487347704,118,0.11016949152542373,False,True,0.33,1.0,0.3220338983050847,0.3220338983050847,0.478,2.8662185620016603,164.72520471273907,10.0,6.384046392888543,42.3728813559322,0.9970157352143245,,materials_t0_active_audit_emulation;existing_public_WBM_labels_only;t1_current_MP_used_only_as_utility_audit;not_prospective_materials_discovery;not_DFT_evidence;not_materials_primary_headline
materials_discovery,ALIGNN-FF WBM,materials_alignn_exact_stable_alpha010_K300,300,0.1,19,raw_score_targeted,0.05,106697,5335,2519,0.47216494845360824,131,0.11450381679389313,False,True,0.24333333333333335,1.0,0.33587786259541985,0.33587786259541985,0.3933333333333333,4.767900087108388,164.4103478313237,10.0,0.9747504983438553,22.900763358778622,0.9948453608247423,,materials_t0_active_audit_emulation;existing_public_WBM_labels_only;t1_current_MP_used_only_as_utility_audit;not_prospective_materials_discovery;not_DFT_evidence;not_materials_primary_headline
materials_discovery,ALIGNN-FF WBM,materials_alignn_exact_stable_alpha010_K500,500,0.1,19,raw_score_targeted,0.05,106697,5335,2519,0.47216494845360824,118,0.11016949152542373,False,True,0.33,1.0,0.3220338983050847,0.3220338983050847,0.478,2.8607400522650326,164.4103478313237,10.0,6.293033448726888,42.3728813559322,0.9948453608247423,,materials_t0_active_audit_emulation;existing_public_WBM_labels_only;t1_current_MP_used_only_as_utility_audit;not_prospective_materials_discovery;not_DFT_evidence;not_materials_primary_headline
materials_discovery,ALIGNN-FF WBM,materials_alignn_exact_stable_alpha010_K300,300,0.1,19,raw_score_targeted,0.1,106697,10670,4143,0.38828491096532336,131,0.11450381679389313,False,True,0.24333333333333335,1.0,0.33587786259541985,0.33587786259541985,0.3933333333333333,4.749632112466789,163.78041767126857,10.0,0.8866661626459589,22.900763358778622,0.9905046120455778,,materials_t0_active_audit_emulation;existing_public_WBM_labels_only;t1_current_MP_used_only_as_utility_audit;not_prospective_materials_discovery;not_DFT_evidence;not_materials_primary_headline
materials_discovery,ALIGNN-FF WBM,materials_alignn_exact_stable_alpha010_K500,500,0.1,19,raw_score_targeted,0.1,106697,10670,4143,0.38828491096532336,118,0.11016949152542373,False,True,0.33,1.0,0.3220338983050847,0.3220338983050847,0.478,2.8497792674800735,163.78041767126857,10.0,6.110936466074037,42.3728813559322,0.9905046120455778,,materials_t0_active_audit_emulation;existing_public_WBM_labels_only;t1_current_MP_used_only_as_utility_audit;not_prospective_materials_discovery;not_DFT_evidence;not_materials_primary_headline
materials_discovery,ALIGNN-FF WBM,materials_alignn_exact_stable_alpha010_K300,300,0.1,19,raw_score_targeted,0.2,106697,21339,8359,0.39172407329303155,131,0.11450381679389313,False,True,0.24333333333333335,1.0,0.33587786259541985,0.33587786259541985,0.3933333333333333,4.730213179904873,163.11079930706455,10.0,0.793022594492669,22.900763358778622,0.9858925664677157,,materials_t0_active_audit_emulation;existing_public_WBM_labels_only;t1_current_MP_used_only_as_utility_audit;not_prospective_materials_discovery;not_DFT_evidence;not_materials_primary_headline
materials_discovery,ALIGNN-FF WBM,materials_alignn_exact_stable_alpha010_K500,500,0.1,19,raw_score_targeted,0.2,106697,21339,8359,0.39172407329303155,118,0.11016949152542373,False,True,0.33,1.0,0.3220338983050847,0.3220338983050847,0.478,2.8381279079429236,163.11079930706455,10.0,5.917354079836457,42.3728813559322,0.9858925664677157,,materials_t0_active_audit_emulation;existing_public_WBM_labels_only;t1_current_MP_used_only_as_utility_audit;not_prospective_materials_discovery;not_DFT_evidence;not_materials_primary_headline
materials_discovery,ALIGNN-FF WBM,materials_alignn_exact_stable_alpha010_K300,300,0.1,19,parc_m_evidence_targeted,0.0,106697,0,0,0.0,0,0.0,False,False,0.24333333333333335,0.0,0.0,0.0,0.3933333333333333,0.2861575258568724,89.85131832062358,10.0,-7.60457488820275,,1.0,insufficient_high_e_mass_for_uniform_scs,materials_t0_active_audit_emulation;existing_public_WBM_labels_only;t1_current_MP_used_only_as_utility_audit;not_prospective_materials_discovery;not_DFT_evidence;not_materials_primary_headline
materials_discovery,ALIGNN-FF WBM,materials_alignn_exact_stable_alpha010_K500,500,0.1,19,parc_m_evidence_targeted,0.0,106697,0,0,0.0,0,0.0,False,False,0.33,0.0,0.0,0.0,0.478,0.1735259154471008,89.85131832062358,10.0,-8.264740845528992,,1.0,insufficient_high_e_mass_for_uniform_scs,materials_t0_active_audit_emulation;existing_public_WBM_labels_only;t1_current_MP_used_only_as_utility_audit;not_prospective_materials_discovery;not_DFT_evidence;not_materials_primary_headline
materials_discovery,ALIGNN-FF WBM,materials_alignn_exact_stable_alpha010_K300,300,0.1,19,parc_m_evidence_targeted,0.005,106697,533,330,0.6191369606003753,109,0.09174311926605505,True,False,0.24333333333333335,1.0,0.3119266055045872,0.3119266055045872,0.3933333333333333,1.4172491611611784,165.1186747548975,10.0,2.3724778860307687,27.522935779816514,0.9997287032013022,,materials_t0_active_audit_emulation;existing_public_WBM_labels_only;t1_current_MP_used_only_as_utility_audit;not_prospective_materials_discovery;not_DFT_evidence;not_materials_primary_headline
materials_discovery,ALIGNN-FF WBM,materials_alignn_exact_stable_alpha010_K500,500,0.1,19,parc_m_evidence_targeted,0.005,106697,533,330,0.6191369606003753,0,0.0,False,False,0.33,0.0,0.0,0.0,0.478,0.8503494966967071,165.1186747548975,10.0,-6.8572882630217205,,0.9997287032013022,insufficient_high_e_mass_for_uniform_scs,materials_t0_active_audit_emulation;existing_public_WBM_labels_only;t1_current_MP_used_only_as_utility_audit;not_prospective_materials_discovery;not_DFT_evidence;not_materials_primary_headline
materials_discovery,ALIGNN-FF WBM,materials_alignn_exact_stable_alpha010_K300,300,0.1,19,parc_m_evidence_targeted,0.01,106697,1067,642,0.6016869728209935,109,0.09174311926605505,True,False,0.24333333333333335,1.0,0.3119266055045872,0.3119266055045872,0.3933333333333333,1.4165895953003205,165.03998971386562,10.0,2.3586996039068246,27.522935779816514,0.9991861096039066,,materials_t0_active_audit_emulation;existing_public_WBM_labels_only;t1_current_MP_used_only_as_utility_audit;not_prospective_materials_discovery;not_DFT_evidence;not_materials_primary_headline
materials_discovery,ALIGNN-FF WBM,materials_alignn_exact_stable_alpha010_K500,500,0.1,19,parc_m_evidence_targeted,0.01,106697,1067,642,0.6016869728209935,0,0.0,False,False,0.33,0.0,0.0,0.0,0.478,0.8499537571801923,165.03998971386562,10.0,-6.8280392948677076,,0.9991861096039066,insufficient_high_e_mass_for_uniform_scs,materials_t0_active_audit_emulation;existing_public_WBM_labels_only;t1_current_MP_used_only_as_utility_audit;not_prospective_materials_discovery;not_DFT_evidence;not_materials_primary_headline
materials_discovery,ALIGNN-FF WBM,materials_alignn_exact_stable_alpha010_K300,300,0.1,19,parc_m_evidence_targeted,0.02,106697,2134,1187,0.556232427366448,118,0.11016949152542373,False,True,0.24333333333333335,1.0,0.3220338983050847,0.3220338983050847,0.3933333333333333,1.4156001664646019,164.9219537499643,10.0,1.1330058962053542,25.423728813559322,0.9983722192078134,,materials_t0_active_audit_emulation;existing_public_WBM_labels_only;t1_current_MP_used_only_as_utility_audit;not_prospective_materials_discovery;not_DFT_evidence;not_materials_primary_headline
materials_discovery,ALIGNN-FF WBM,materials_alignn_exact_stable_alpha010_K500,500,0.1,19,parc_m_evidence_targeted,0.02,106697,2134,1187,0.556232427366448,0,0.0,False,False,0.33,0.0,0.0,0.0,0.478,0.849360099878761,164.9219537499643,10.0,-6.798878074422756,,0.9983722192078134,insufficient_high_e_mass_for_uniform_scs,materials_t0_active_audit_emulation;existing_public_WBM_labels_only;t1_current_MP_used_only_as_utility_audit;not_prospective_materials_discovery;not_DFT_evidence;not_materials_primary_headline
materials_discovery,ALIGNN-FF WBM,materials_alignn_exact_stable_alpha010_K300,300,0.1,19,parc_m_evidence_targeted,0.05,106697,5335,2495,0.4676663542642924,120,0.10833333333333334,False,True,0.24333333333333335,1.0,0.325,0.325,0.3933333333333333,2.5977123718098003,164.64649723852398,10.0,1.513935957520797,25.0,0.9964731416169289,,materials_t0_active_audit_emulation;existing_public_WBM_labels_only;t1_current_MP_used_only_as_utility_audit;not_prospective_materials_discovery;not_DFT_evidence;not_materials_primary_headline
materials_discovery,ALIGNN-FF WBM,materials_alignn_exact_stable_alpha010_K500,500,0.1,19,parc_m_evidence_targeted,0.05,106697,5335,2495,0.4676663542642924,109,0.09174311926605505,True,False,0.33,1.0,0.3119266055045872,0.3119266055045872,0.478,1.55862742308588,164.64649723852398,10.0,2.8626170959992763,45.87155963302752,0.9964731416169289,,materials_t0_active_audit_emulation;existing_public_WBM_labels_only;t1_current_MP_used_only_as_utility_audit;not_prospective_materials_discovery;not_DFT_evidence;not_materials_primary_headline
materials_discovery,ALIGNN-FF WBM,materials_alignn_exact_stable_alpha010_K300,300,0.1,19,parc_m_evidence_targeted,0.1,106697,10670,4122,0.38631677600749764,131,0.11450381679389313,False,True,0.24333333333333335,1.0,0.33587786259541985,0.33587786259541985,0.3933333333333333,4.75762538286891,164.0560476851348,10.0,0.9252091029128664,22.900763358778622,0.9924036896364623,,materials_t0_active_audit_emulation;existing_public_WBM_labels_only;t1_current_MP_used_only_as_utility_audit;not_prospective_materials_discovery;not_DFT_evidence;not_materials_primary_headline
materials_discovery,ALIGNN-FF WBM,materials_alignn_exact_stable_alpha010_K500,500,0.1,19,parc_m_evidence_targeted,0.1,106697,10670,4122,0.38631677600749764,118,0.11016949152542373,False,True,0.33,1.0,0.3220338983050847,0.3220338983050847,0.478,2.854575229721346,164.0560476851348,10.0,6.190615582063927,42.3728813559322,0.9924036896364623,,materials_t0_active_audit_emulation;existing_public_WBM_labels_only;t1_current_MP_used_only_as_utility_audit;not_prospective_materials_discovery;not_DFT_evidence;not_materials_primary_headline
materials_discovery,ALIGNN-FF WBM,materials_alignn_exact_stable_alpha010_K300,300,0.1,19,parc_m_evidence_targeted,0.2,106697,21339,8438,0.3954262149116641,131,0.11450381679389313,False,True,0.24333333333333335,1.0,0.33587786259541985,0.33587786259541985,0.3933333333333333,4.742779457656877,163.54411922954748,10.0,0.8536218557665727,22.900763358778622,0.9888768312533912,,materials_t0_active_audit_emulation;existing_public_WBM_labels_only;t1_current_MP_used_only_as_utility_audit;not_prospective_materials_discovery;not_DFT_evidence;not_materials_primary_headline
materials_discovery,ALIGNN-FF WBM,materials_alignn_exact_stable_alpha010_K500,500,0.1,19,parc_m_evidence_targeted,0.2,106697,21339,8438,0.3954262149116641,118,0.11016949152542373,False,True,0.33,1.0,0.3220338983050847,0.3220338983050847,0.478,2.8456676745941265,163.54411922954748,10.0,6.042625576782044,42.3728813559322,0.9888768312533912,,materials_t0_active_audit_emulation;existing_public_WBM_labels_only;t1_current_MP_used_only_as_utility_audit;not_prospective_materials_discovery;not_DFT_evidence;not_materials_primary_headline
materials_discovery,ALIGNN-FF WBM,materials_alignn_exact_stable_alpha010_K300,300,0.1,19,chgnet_mace_support_targeted,0.0,106697,0,0,0.0,0,0.0,False,False,0.24333333333333335,0.0,0.0,0.0,0.3933333333333333,0.2861575258568724,89.85131832062358,10.0,-7.60457488820275,,1.0,insufficient_high_e_mass_for_uniform_scs,materials_t0_active_audit_emulation;existing_public_WBM_labels_only;t1_current_MP_used_only_as_utility_audit;not_prospective_materials_discovery;not_DFT_evidence;not_materials_primary_headline
materials_discovery,ALIGNN-FF WBM,materials_alignn_exact_stable_alpha010_K500,500,0.1,19,chgnet_mace_support_targeted,0.0,106697,0,0,0.0,0,0.0,False,False,0.33,0.0,0.0,0.0,0.478,0.1735259154471008,89.85131832062358,10.0,-8.264740845528992,,1.0,insufficient_high_e_mass_for_uniform_scs,materials_t0_active_audit_emulation;existing_public_WBM_labels_only;t1_current_MP_used_only_as_utility_audit;not_prospective_materials_discovery;not_DFT_evidence;not_materials_primary_headline
materials_discovery,ALIGNN-FF WBM,materials_alignn_exact_stable_alpha010_K300,300,0.1,19,chgnet_mace_support_targeted,0.005,106697,533,109,0.2045028142589118,0,0.0,False,False,0.24333333333333335,0.0,0.0,0.0,0.3933333333333333,0.3093799002245183,89.78785960426367,10.0,-7.518036460982607,,0.9991861096039066,insufficient_high_e_mass_for_uniform_scs,materials_t0_active_audit_emulation;existing_public_WBM_labels_only;t1_current_MP_used_only_as_utility_audit;not_prospective_materials_discovery;not_DFT_evidence;not_materials_primary_headline
materials_discovery,ALIGNN-FF WBM,materials_alignn_exact_stable_alpha010_K500,500,0.1,19,chgnet_mace_support_targeted,0.005,106697,533,109,0.2045028142589118,0,0.0,False,False,0.33,0.0,0.0,0.0,0.478,0.18562794013471096,89.78785960426367,10.0,-8.239939702761095,,0.9991861096039066,insufficient_high_e_mass_for_uniform_scs,materials_t0_active_audit_emulation;existing_public_WBM_labels_only;t1_current_MP_used_only_as_utility_audit;not_prospective_materials_discovery;not_DFT_evidence;not_materials_primary_headline
materials_discovery,ALIGNN-FF WBM,materials_alignn_exact_stable_alpha010_K300,300,0.1,19,chgnet_mace_support_targeted,0.01,106697,1067,216,0.20243673851921273,0,0.0,False,False,0.24333333333333335,0.0,0.0,0.0,0.3933333333333333,0.30924102199338854,89.74555057568462,10.0,-7.500669929022777,,0.9986435160065111,insufficient_high_e_mass_for_uniform_scs,materials_t0_active_audit_emulation;existing_public_WBM_labels_only;t1_current_MP_used_only_as_utility_audit;not_prospective_materials_discovery;not_DFT_evidence;not_materials_primary_headline
materials_discovery,ALIGNN-FF WBM,materials_alignn_exact_stable_alpha010_K500,500,0.1,19,chgnet_mace_support_targeted,0.01,106697,1067,216,0.20243673851921273,0,0.0,False,False,0.33,0.0,0.0,0.0,0.478,0.18554461319603313,89.74555057568462,10.0,-8.222958931825037,,0.9986435160065111,insufficient_high_e_mass_for_uniform_scs,materials_t0_active_audit_emulation;existing_public_WBM_labels_only;t1_current_MP_used_only_as_utility_audit;not_prospective_materials_discovery;not_DFT_evidence;not_materials_primary_headline
materials_discovery,ALIGNN-FF WBM,materials_alignn_exact_stable_alpha010_K300,300,0.1,19,chgnet_mace_support_targeted,0.02,106697,2134,364,0.17057169634489222,0,0.0,False,False,0.24333333333333335,0.0,0.0,0.0,0.3933333333333333,0.30896323381542007,89.66092478845513,10.0,-7.502862513142029,,0.99755832881172,insufficient_high_e_mass_for_uniform_scs,materials_t0_active_audit_emulation;existing_public_WBM_labels_only;t1_current_MP_used_only_as_utility_audit;not_prospective_materials_discovery;not_DFT_evidence;not_materials_primary_headline
materials_discovery,ALIGNN-FF WBM,materials_alignn_exact_stable_alpha010_K500,500,0.1,19,chgnet_mace_support_targeted,0.02,106697,2134,364,0.17057169634489222,0,0.0,False,False,0.33,0.0,0.0,0.0,0.478,0.18537794028925206,89.66092478845513,10.0,-8.215496993700992,,0.99755832881172,insufficient_high_e_mass_for_uniform_scs,materials_t0_active_audit_emulation;existing_public_WBM_labels_only;t1_current_MP_used_only_as_utility_audit;not_prospective_materials_discovery;not_DFT_evidence;not_materials_primary_headline
materials_discovery,ALIGNN-FF WBM,materials_alignn_exact_stable_alpha010_K300,300,0.1,19,chgnet_mace_support_targeted,0.05,106697,5335,1786,0.33477038425492034,131,0.11450381679389313,False,True,0.24333333333333335,1.0,0.33587786259541985,0.33587786259541985,0.3933333333333333,4.764475479988514,164.29225793063839,10.0,0.9582384240189263,22.900763358778622,0.9940314704286489,,materials_t0_active_audit_emulation;existing_public_WBM_labels_only;t1_current_MP_used_only_as_utility_audit;not_prospective_materials_discovery;not_DFT_evidence;not_materials_primary_headline
materials_discovery,ALIGNN-FF WBM,materials_alignn_exact_stable_alpha010_K500,500,0.1,19,chgnet_mace_support_targeted,0.05,106697,5335,1786,0.33477038425492034,118,0.11016949152542373,False,True,0.33,1.0,0.3220338983050847,0.3220338983050847,0.478,2.8586852879931084,164.29225793063839,10.0,6.258897493867892,42.3728813559322,0.9940314704286489,,materials_t0_active_audit_emulation;existing_public_WBM_labels_only;t1_current_MP_used_only_as_utility_audit;not_prospective_materials_discovery;not_DFT_evidence;not_materials_primary_headline
materials_discovery,ALIGNN-FF WBM,materials_alignn_exact_stable_alpha010_K300,300,0.1,19,chgnet_mace_support_targeted,0.1,106697,10670,3745,0.35098406747891286,131,0.11450381679389313,False,True,0.24333333333333335,1.0,0.33587786259541985,0.33587786259541985,0.3933333333333333,4.748490085466779,163.7410374298889,10.0,0.8811592594307882,22.900763358778622,0.9902333152468801,,materials_t0_active_audit_emulation;existing_public_WBM_labels_only;t1_current_MP_used_only_as_utility_audit;not_prospective_materials_discovery;not_DFT_evidence;not_materials_primary_headline
materials_discovery,ALIGNN-FF WBM,materials_alignn_exact_stable_alpha010_K500,500,0.1,19,chgnet_mace_support_targeted,0.1,106697,10670,3745,0.35098406747891286,118,0.11016949152542373,False,True,0.33,1.0,0.3220338983050847,0.3220338983050847,0.478,2.8490940512800673,163.7410374298889,10.0,6.099552248446265,42.3728813559322,0.9902333152468801,,materials_t0_active_audit_emulation;existing_public_WBM_labels_only;t1_current_MP_used_only_as_utility_audit;not_prospective_materials_discovery;not_DFT_evidence;not_materials_primary_headline
materials_discovery,ALIGNN-FF WBM,materials_alignn_exact_stable_alpha010_K300,300,0.1,19,chgnet_mace_support_targeted,0.2,106697,21339,7632,0.35765499789118516,131,0.11450381679389313,False,True,0.24333333333333335,1.0,0.33587786259541985,0.33587786259541985,0.3933333333333333,4.731355733641614,163.15019771177978,10.0,0.7985325842750761,22.900763358778622,0.9861638632664135,,materials_t0_active_audit_emulation;existing_public_WBM_labels_only;t1_current_MP_used_only_as_utility_audit;not_prospective_materials_discovery;not_DFT_evidence;not_materials_primary_headline
materials_discovery,ALIGNN-FF WBM,materials_alignn_exact_stable_alpha010_K500,500,0.1,19,chgnet_mace_support_targeted,0.2,106697,21339,7632,0.35765499789118516,118,0.11016949152542373,False,True,0.33,1.0,0.3220338983050847,0.3220338983050847,0.478,2.8388134401849685,163.15019771177978,10.0,5.928744265618882,42.3728813559322,0.9861638632664135,,materials_t0_active_audit_emulation;existing_public_WBM_labels_only;t1_current_MP_used_only_as_utility_audit;not_prospective_materials_discovery;not_DFT_evidence;not_materials_primary_headline
materials_discovery,ALIGNN-FF WBM,materials_alignn_exact_stable_alpha010_K300,300,0.1,19,mass_gain,0.0,106697,0,0,0.0,0,0.0,False,False,0.24333333333333335,0.0,0.0,0.0,0.3933333333333333,0.2861575258568724,89.85131832062358,10.0,-7.60457488820275,,1.0,insufficient_high_e_mass_for_uniform_scs,materials_t0_active_audit_emulation;existing_public_WBM_labels_only;t1_current_MP_used_only_as_utility_audit;not_prospective_materials_discovery;not_DFT_evidence;not_materials_primary_headline
materials_discovery,ALIGNN-FF WBM,materials_alignn_exact_stable_alpha010_K500,500,0.1,19,mass_gain,0.0,106697,0,0,0.0,0,0.0,False,False,0.33,0.0,0.0,0.0,0.478,0.1735259154471008,89.85131832062358,10.0,-8.264740845528992,,1.0,insufficient_high_e_mass_for_uniform_scs,materials_t0_active_audit_emulation;existing_public_WBM_labels_only;t1_current_MP_used_only_as_utility_audit;not_prospective_materials_discovery;not_DFT_evidence;not_materials_primary_headline
materials_discovery,ALIGNN-FF WBM,materials_alignn_exact_stable_alpha010_K300,300,0.1,19,mass_gain,0.005,106697,533,349,0.6547842401500938,0,0.0,False,False,0.24333333333333335,0.0,0.0,0.0,0.3933333333333333,0.6947834046523305,165.00064551324527,10.0,-6.321092949470023,,0.9989148128052089,insufficient_high_e_mass_for_uniform_scs,materials_t0_active_audit_emulation;existing_public_WBM_labels_only;t1_current_MP_used_only_as_utility_audit;not_prospective_materials_discovery;not_DFT_evidence;not_materials_primary_headline
materials_discovery,ALIGNN-FF WBM,materials_alignn_exact_stable_alpha010_K500,500,0.1,19,mass_gain,0.005,106697,533,349,0.6547842401500938,0,0.0,False,False,0.33,0.0,0.0,0.0,0.478,0.4168700427913982,165.00064551324527,10.0,-7.53674989519746,,0.9989148128052089,insufficient_high_e_mass_for_uniform_scs,materials_t0_active_audit_emulation;existing_public_WBM_labels_only;t1_current_MP_used_only_as_utility_audit;not_prospective_materials_discovery;not_DFT_evidence;not_materials_primary_headline
materials_discovery,ALIGNN-FF WBM,materials_alignn_exact_stable_alpha010_K300,300,0.1,19,mass_gain,0.01,106697,1067,580,0.5435801312089972,0,0.0,False,False,0.24333333333333335,0.0,0.0,0.0,0.3933333333333333,0.6933474524196194,164.64649723852398,10.0,-6.328412067882405,,0.9964731416169289,insufficient_high_e_mass_for_uniform_scs,materials_t0_active_audit_emulation;existing_public_WBM_labels_only;t1_current_MP_used_only_as_utility_audit;not_prospective_materials_discovery;not_DFT_evidence;not_materials_primary_headline
materials_discovery,ALIGNN-FF WBM,materials_alignn_exact_stable_alpha010_K500,500,0.1,19,mass_gain,0.01,106697,1067,580,0.5435801312089972,0,0.0,False,False,0.33,0.0,0.0,0.0,0.478,0.41600847145177167,164.64649723852398,10.0,-7.541609730270969,,0.9964731416169289,insufficient_high_e_mass_for_uniform_scs,materials_t0_active_audit_emulation;existing_public_WBM_labels_only;t1_current_MP_used_only_as_utility_audit;not_prospective_materials_discovery;not_DFT_evidence;not_materials_primary_headline
materials_discovery,ALIGNN-FF WBM,materials_alignn_exact_stable_alpha010_K300,300,0.1,19,mass_gain,0.02,106697,2134,1017,0.4765698219306467,0,0.0,False,False,0.24333333333333335,0.0,0.0,0.0,0.3933333333333333,0.6909532013890533,164.0560476851348,10.0,-6.340616524922828,,0.9924036896364623,insufficient_high_e_mass_for_uniform_scs,materials_t0_active_audit_emulation;existing_public_WBM_labels_only;t1_current_MP_used_only_as_utility_audit;not_prospective_materials_discovery;not_DFT_evidence;not_materials_primary_headline
materials_discovery,ALIGNN-FF WBM,materials_alignn_exact_stable_alpha010_K500,500,0.1,19,mass_gain,0.02,106697,2134,1017,0.4765698219306467,0,0.0,False,False,0.33,0.0,0.0,0.0,0.478,0.4145719208334319,164.0560476851348,10.0,-7.549713507443487,,0.9924036896364623,insufficient_high_e_mass_for_uniform_scs,materials_t0_active_audit_emulation;existing_public_WBM_labels_only;t1_current_MP_used_only_as_utility_audit;not_prospective_materials_discovery;not_DFT_evidence;not_materials_primary_headline
materials_discovery,ALIGNN-FF WBM,materials_alignn_exact_stable_alpha010_K300,300,0.1,19,mass_gain,0.05,106697,5335,1997,0.37432052483598877,116,0.11206896551724138,False,True,0.24333333333333335,1.0,0.3275862068965517,0.3275862068965517,0.3933333333333333,1.1512455373967103,163.11079930706455,10.0,0.41322757884546135,25.86206896551724,0.9858925664677157,,materials_t0_active_audit_emulation;existing_public_WBM_labels_only;t1_current_MP_used_only_as_utility_audit;not_prospective_materials_discovery;not_DFT_evidence;not_materials_primary_headline
materials_discovery,ALIGNN-FF WBM,materials_alignn_exact_stable_alpha010_K500,500,0.1,19,mass_gain,0.05,106697,5335,1997,0.37432052483598877,0,0.0,False,False,0.33,0.0,0.0,0.0,0.478,0.6907473224380263,163.11079930706455,10.0,-7.03516789056474,,0.9858925664677157,insufficient_high_e_mass_for_uniform_scs,materials_t0_active_audit_emulation;existing_public_WBM_labels_only;t1_current_MP_used_only_as_utility_audit;not_prospective_materials_discovery;not_DFT_evidence;not_materials_primary_headline
materials_discovery,ALIGNN-FF WBM,materials_alignn_exact_stable_alpha010_K300,300,0.1,19,mass_gain,0.1,106697,10670,3378,0.31658856607310215,119,0.1092436974789916,False,True,0.24333333333333335,1.0,0.31932773109243695,0.31932773109243695,0.3933333333333333,1.486696975960679,162.51968641606186,10.0,0.9733420951377774,25.210084033613445,0.981823114487249,,materials_t0_active_audit_emulation;existing_public_WBM_labels_only;t1_current_MP_used_only_as_utility_audit;not_prospective_materials_discovery;not_DFT_evidence;not_materials_primary_headline
materials_discovery,ALIGNN-FF WBM,materials_alignn_exact_stable_alpha010_K500,500,0.1,19,mass_gain,0.1,106697,10670,3378,0.31658856607310215,0,0.0,False,False,0.33,0.0,0.0,0.0,0.478,0.8920181855764074,162.51968641606186,10.0,-6.606495572162096,,0.981823114487249,insufficient_high_e_mass_for_uniform_scs,materials_t0_active_audit_emulation;existing_public_WBM_labels_only;t1_current_MP_used_only_as_utility_audit;not_prospective_materials_discovery;not_DFT_evidence;not_materials_primary_headline
materials_discovery,ALIGNN-FF WBM,materials_alignn_exact_stable_alpha010_K300,300,0.1,19,mass_gain,0.2,106697,21339,5947,0.27869159754440226,119,0.1092436974789916,False,True,0.24333333333333335,1.0,0.31932773109243695,0.31932773109243695,0.3933333333333333,1.8544154905936063,162.28316925379025,10.0,0.9365804556794544,25.210084033613445,0.9801953336950624,,materials_t0_active_audit_emulation;existing_public_WBM_labels_only;t1_current_MP_used_only_as_utility_audit;not_prospective_materials_discovery;not_DFT_evidence;not_materials_primary_headline
materials_discovery,ALIGNN-FF WBM,materials_alignn_exact_stable_alpha010_K500,500,0.1,19,mass_gain,0.2,106697,21339,5947,0.27869159754440226,87,0.06896551724137931,True,False,0.33,1.0,0.3218390804597701,0.3218390804597701,0.478,1.1126492943561639,162.28316925379025,10.0,4.385971718162743,57.47126436781608,0.9801953336950624,,materials_t0_active_audit_emulation;existing_public_WBM_labels_only;t1_current_MP_used_only_as_utility_audit;not_prospective_materials_discovery;not_DFT_evidence;not_materials_primary_headline
