audit_item_id,intended_arm,source_audit_id,human_label,ai_label,ai_matches_existing_publication_label,diagnostic_scope
CTC-PHASE81-0001,raw_topK_reference_overlap,CTC-AUDIT-00056,same_cell_link,same_cell_supported,True,retrospective_internal_sanity_against_existing_phase78_publication_labels;not_used_for_AI_generation;not_a_new_human_review_result
CTC-PHASE81-0002,parc_release_core,CTC-AUDIT-01004,same_cell_link,same_cell_supported,True,retrospective_internal_sanity_against_existing_phase78_publication_labels;not_used_for_AI_generation;not_a_new_human_review_result
CTC-PHASE81-0003,calibration_one_sided_support_pool,CTC-AUDIT-01943,same_cell_link,same_cell_supported,True,retrospective_internal_sanity_against_existing_phase78_publication_labels;not_used_for_AI_generation;not_a_new_human_review_result
CTC-PHASE81-0004,parc_release_core,CTC-AUDIT-00629,same_cell_link,same_cell_supported,True,retrospective_internal_sanity_against_existing_phase78_publication_labels;not_used_for_AI_generation;not_a_new_human_review_result
CTC-PHASE81-0005,parc_release_core,CTC-AUDIT-00558,same_cell_link,same_cell_supported,True,retrospective_internal_sanity_against_existing_phase78_publication_labels;not_used_for_AI_generation;not_a_new_human_review_result
CTC-PHASE81-0006,calibration_one_sided_support_pool,CTC-AUDIT-01299,same_cell_link,same_cell_supported,True,retrospective_internal_sanity_against_existing_phase78_publication_labels;not_used_for_AI_generation;not_a_new_human_review_result
CTC-PHASE81-0007,parc_release_core,CTC-AUDIT-00511,same_cell_link,same_cell_supported,True,retrospective_internal_sanity_against_existing_phase78_publication_labels;not_used_for_AI_generation;not_a_new_human_review_result
CTC-PHASE81-0008,parc_release_core,CTC-AUDIT-00937,same_cell_link,same_cell_supported,True,retrospective_internal_sanity_against_existing_phase78_publication_labels;not_used_for_AI_generation;not_a_new_human_review_result
CTC-PHASE81-0009,parc_release_core,CTC-AUDIT-01035,same_cell_link,same_cell_supported,True,retrospective_internal_sanity_against_existing_phase78_publication_labels;not_used_for_AI_generation;not_a_new_human_review_result
CTC-PHASE81-0010,raw_topK_reference_overlap,CTC-AUDIT-00175,same_cell_link,same_cell_supported,True,retrospective_internal_sanity_against_existing_phase78_publication_labels;not_used_for_AI_generation;not_a_new_human_review_result
CTC-PHASE81-0011,calibration_one_sided_support_pool,CTC-AUDIT-01904,same_cell_link,same_cell_supported,True,retrospective_internal_sanity_against_existing_phase78_publication_labels;not_used_for_AI_generation;not_a_new_human_review_result
CTC-PHASE81-0012,calibration_one_sided_support_pool,CTC-AUDIT-02042,same_cell_link,same_cell_supported,True,retrospective_internal_sanity_against_existing_phase78_publication_labels;not_used_for_AI_generation;not_a_new_human_review_result
CTC-PHASE81-0013,random_blind_control_from_available_reviewed_rows,CTC-AUDIT-01699,same_cell_link,same_cell_supported,True,retrospective_internal_sanity_against_existing_phase78_publication_labels;not_used_for_AI_generation;not_a_new_human_review_result
CTC-PHASE81-0014,calibration_one_sided_support_pool,CTC-AUDIT-01116,same_cell_link,same_cell_supported,True,retrospective_internal_sanity_against_existing_phase78_publication_labels;not_used_for_AI_generation;not_a_new_human_review_result
CTC-PHASE81-0015,parc_release_core,CTC-AUDIT-00660,same_cell_link,same_cell_supported,True,retrospective_internal_sanity_against_existing_phase78_publication_labels;not_used_for_AI_generation;not_a_new_human_review_result
CTC-PHASE81-0016,raw_topK_reference_overlap,CTC-AUDIT-00016,same_cell_link,same_cell_supported,True,retrospective_internal_sanity_against_existing_phase78_publication_labels;not_used_for_AI_generation;not_a_new_human_review_result
CTC-PHASE81-0017,parc_release_core,CTC-AUDIT-00958,same_cell_link,same_cell_supported,True,retrospective_internal_sanity_against_existing_phase78_publication_labels;not_used_for_AI_generation;not_a_new_human_review_result
CTC-PHASE81-0018,random_blind_control_from_available_reviewed_rows,CTC-AUDIT-00656,same_cell_link,same_cell_supported,True,retrospective_internal_sanity_against_existing_phase78_publication_labels;not_used_for_AI_generation;not_a_new_human_review_result
CTC-PHASE81-0019,raw_topK_reference_overlap,CTC-AUDIT-00073,same_cell_link,same_cell_supported,True,retrospective_internal_sanity_against_existing_phase78_publication_labels;not_used_for_AI_generation;not_a_new_human_review_result
CTC-PHASE81-0020,calibration_one_sided_support_pool,CTC-AUDIT-02488,same_cell_link,same_cell_supported,True,retrospective_internal_sanity_against_existing_phase78_publication_labels;not_used_for_AI_generation;not_a_new_human_review_result
CTC-PHASE81-0021,hard_negative_or_uncertain_control,CTC-AUDIT-02537,not_same_cell_link,unsupported,True,retrospective_internal_sanity_against_existing_phase78_publication_labels;not_used_for_AI_generation;not_a_new_human_review_result
CTC-PHASE81-0022,parc_release_core,CTC-AUDIT-00982,same_cell_link,same_cell_supported,True,retrospective_internal_sanity_against_existing_phase78_publication_labels;not_used_for_AI_generation;not_a_new_human_review_result
CTC-PHASE81-0023,parc_release_core,CTC-AUDIT-00984,same_cell_link,same_cell_supported,True,retrospective_internal_sanity_against_existing_phase78_publication_labels;not_used_for_AI_generation;not_a_new_human_review_result
CTC-PHASE81-0024,raw_topK_reference_overlap,CTC-AUDIT-00242,same_cell_link,same_cell_supported,True,retrospective_internal_sanity_against_existing_phase78_publication_labels;not_used_for_AI_generation;not_a_new_human_review_result
CTC-PHASE81-0025,calibration_one_sided_support_pool,CTC-AUDIT-02326,same_cell_link,same_cell_supported,True,retrospective_internal_sanity_against_existing_phase78_publication_labels;not_used_for_AI_generation;not_a_new_human_review_result
CTC-PHASE81-0026,raw_topK_reference_overlap,CTC-AUDIT-00123,same_cell_link,same_cell_supported,True,retrospective_internal_sanity_against_existing_phase78_publication_labels;not_used_for_AI_generation;not_a_new_human_review_result
CTC-PHASE81-0027,parc_release_core,CTC-AUDIT-00757,same_cell_link,same_cell_supported,True,retrospective_internal_sanity_against_existing_phase78_publication_labels;not_used_for_AI_generation;not_a_new_human_review_result
CTC-PHASE81-0028,calibration_one_sided_support_pool,CTC-AUDIT-02363,same_cell_link,same_cell_supported,True,retrospective_internal_sanity_against_existing_phase78_publication_labels;not_used_for_AI_generation;not_a_new_human_review_result
CTC-PHASE81-0029,raw_topK_reference_overlap,CTC-AUDIT-00210,same_cell_link,same_cell_supported,True,retrospective_internal_sanity_against_existing_phase78_publication_labels;not_used_for_AI_generation;not_a_new_human_review_result
CTC-PHASE81-0030,parc_release_core,CTC-AUDIT-01021,same_cell_link,same_cell_supported,True,retrospective_internal_sanity_against_existing_phase78_publication_labels;not_used_for_AI_generation;not_a_new_human_review_result
CTC-PHASE81-0031,parc_release_core,CTC-AUDIT-00691,same_cell_link,same_cell_supported,True,retrospective_internal_sanity_against_existing_phase78_publication_labels;not_used_for_AI_generation;not_a_new_human_review_result
CTC-PHASE81-0032,raw_topK_reference_overlap,CTC-AUDIT-00147,same_cell_link,same_cell_supported,True,retrospective_internal_sanity_against_existing_phase78_publication_labels;not_used_for_AI_generation;not_a_new_human_review_result
CTC-PHASE81-0033,raw_topK_reference_overlap,CTC-AUDIT-00164,same_cell_link,same_cell_supported,True,retrospective_internal_sanity_against_existing_phase78_publication_labels;not_used_for_AI_generation;not_a_new_human_review_result
CTC-PHASE81-0034,calibration_one_sided_support_pool,CTC-AUDIT-02309,same_cell_link,same_cell_supported,True,retrospective_internal_sanity_against_existing_phase78_publication_labels;not_used_for_AI_generation;not_a_new_human_review_result
CTC-PHASE81-0035,random_blind_control_from_available_reviewed_rows,CTC-AUDIT-01593,same_cell_link,same_cell_supported,True,retrospective_internal_sanity_against_existing_phase78_publication_labels;not_used_for_AI_generation;not_a_new_human_review_result
CTC-PHASE81-0036,parc_release_core,CTC-AUDIT-00681,same_cell_link,same_cell_supported,True,retrospective_internal_sanity_against_existing_phase78_publication_labels;not_used_for_AI_generation;not_a_new_human_review_result
CTC-PHASE81-0037,parc_release_core,CTC-AUDIT-00755,same_cell_link,same_cell_supported,True,retrospective_internal_sanity_against_existing_phase78_publication_labels;not_used_for_AI_generation;not_a_new_human_review_result
CTC-PHASE81-0038,hard_negative_or_uncertain_control,CTC-AUDIT-02503,not_same_cell_link,unsupported,True,retrospective_internal_sanity_against_existing_phase78_publication_labels;not_used_for_AI_generation;not_a_new_human_review_result
CTC-PHASE81-0039,parc_release_core,CTC-AUDIT-00791,same_cell_link,same_cell_supported,True,retrospective_internal_sanity_against_existing_phase78_publication_labels;not_used_for_AI_generation;not_a_new_human_review_result
CTC-PHASE81-0040,calibration_one_sided_support_pool,CTC-AUDIT-01185,same_cell_link,same_cell_supported,True,retrospective_internal_sanity_against_existing_phase78_publication_labels;not_used_for_AI_generation;not_a_new_human_review_result
CTC-PHASE81-0041,parc_release_core,CTC-AUDIT-00718,same_cell_link,same_cell_supported,True,retrospective_internal_sanity_against_existing_phase78_publication_labels;not_used_for_AI_generation;not_a_new_human_review_result
CTC-PHASE81-0042,random_blind_control_from_available_reviewed_rows,CTC-AUDIT-01227,same_cell_link,same_cell_supported,True,retrospective_internal_sanity_against_existing_phase78_publication_labels;not_used_for_AI_generation;not_a_new_human_review_result
CTC-PHASE81-0043,calibration_one_sided_support_pool,CTC-AUDIT-01764,same_cell_link,same_cell_supported,True,retrospective_internal_sanity_against_existing_phase78_publication_labels;not_used_for_AI_generation;not_a_new_human_review_result
CTC-PHASE81-0044,parc_release_core,CTC-AUDIT-00898,same_cell_link,same_cell_supported,True,retrospective_internal_sanity_against_existing_phase78_publication_labels;not_used_for_AI_generation;not_a_new_human_review_result
CTC-PHASE81-0045,calibration_one_sided_support_pool,CTC-AUDIT-02350,same_cell_link,same_cell_supported,True,retrospective_internal_sanity_against_existing_phase78_publication_labels;not_used_for_AI_generation;not_a_new_human_review_result
CTC-PHASE81-0046,raw_topK_reference_overlap,CTC-AUDIT-00101,same_cell_link,same_cell_supported,True,retrospective_internal_sanity_against_existing_phase78_publication_labels;not_used_for_AI_generation;not_a_new_human_review_result
CTC-PHASE81-0047,random_blind_control_from_available_reviewed_rows,CTC-AUDIT-02423,same_cell_link,same_cell_supported,True,retrospective_internal_sanity_against_existing_phase78_publication_labels;not_used_for_AI_generation;not_a_new_human_review_result
CTC-PHASE81-0048,parc_release_core,CTC-AUDIT-00947,same_cell_link,same_cell_supported,True,retrospective_internal_sanity_against_existing_phase78_publication_labels;not_used_for_AI_generation;not_a_new_human_review_result
CTC-PHASE81-0049,hard_negative_or_uncertain_control,CTC-AUDIT-02505,not_same_cell_link,uncertain,False,retrospective_internal_sanity_against_existing_phase78_publication_labels;not_used_for_AI_generation;not_a_new_human_review_result
CTC-PHASE81-0050,raw_topK_reference_overlap,CTC-AUDIT-00226,same_cell_link,same_cell_supported,True,retrospective_internal_sanity_against_existing_phase78_publication_labels;not_used_for_AI_generation;not_a_new_human_review_result
CTC-PHASE81-0051,parc_release_core,CTC-AUDIT-00928,same_cell_link,same_cell_supported,True,retrospective_internal_sanity_against_existing_phase78_publication_labels;not_used_for_AI_generation;not_a_new_human_review_result
CTC-PHASE81-0052,parc_release_core,CTC-AUDIT-00590,same_cell_link,same_cell_supported,True,retrospective_internal_sanity_against_existing_phase78_publication_labels;not_used_for_AI_generation;not_a_new_human_review_result
CTC-PHASE81-0053,parc_release_core,CTC-AUDIT-00531,same_cell_link,same_cell_supported,True,retrospective_internal_sanity_against_existing_phase78_publication_labels;not_used_for_AI_generation;not_a_new_human_review_result
CTC-PHASE81-0054,random_blind_control_from_available_reviewed_rows,CTC-AUDIT-01101,same_cell_link,same_cell_supported,True,retrospective_internal_sanity_against_existing_phase78_publication_labels;not_used_for_AI_generation;not_a_new_human_review_result
CTC-PHASE81-0055,parc_release_core,CTC-AUDIT-00840,same_cell_link,same_cell_supported,True,retrospective_internal_sanity_against_existing_phase78_publication_labels;not_used_for_AI_generation;not_a_new_human_review_result
CTC-PHASE81-0056,parc_release_core,CTC-AUDIT-00800,same_cell_link,same_cell_supported,True,retrospective_internal_sanity_against_existing_phase78_publication_labels;not_used_for_AI_generation;not_a_new_human_review_result
CTC-PHASE81-0057,calibration_one_sided_support_pool,CTC-AUDIT-01572,same_cell_link,same_cell_supported,True,retrospective_internal_sanity_against_existing_phase78_publication_labels;not_used_for_AI_generation;not_a_new_human_review_result
CTC-PHASE81-0058,raw_topK_reference_overlap,CTC-AUDIT-00228,same_cell_link,same_cell_supported,True,retrospective_internal_sanity_against_existing_phase78_publication_labels;not_used_for_AI_generation;not_a_new_human_review_result
CTC-PHASE81-0059,calibration_one_sided_support_pool,CTC-AUDIT-01162,same_cell_link,same_cell_supported,True,retrospective_internal_sanity_against_existing_phase78_publication_labels;not_used_for_AI_generation;not_a_new_human_review_result
CTC-PHASE81-0060,random_blind_control_from_available_reviewed_rows,CTC-AUDIT-01698,same_cell_link,same_cell_supported,True,retrospective_internal_sanity_against_existing_phase78_publication_labels;not_used_for_AI_generation;not_a_new_human_review_result
CTC-PHASE81-0061,parc_release_core,CTC-AUDIT-01012,same_cell_link,same_cell_supported,True,retrospective_internal_sanity_against_existing_phase78_publication_labels;not_used_for_AI_generation;not_a_new_human_review_result
CTC-PHASE81-0062,parc_release_core,CTC-AUDIT-00593,same_cell_link,same_cell_supported,True,retrospective_internal_sanity_against_existing_phase78_publication_labels;not_used_for_AI_generation;not_a_new_human_review_result
CTC-PHASE81-0063,calibration_one_sided_support_pool,CTC-AUDIT-01426,same_cell_link,same_cell_supported,True,retrospective_internal_sanity_against_existing_phase78_publication_labels;not_used_for_AI_generation;not_a_new_human_review_result
CTC-PHASE81-0064,parc_release_core,CTC-AUDIT-00985,same_cell_link,same_cell_supported,True,retrospective_internal_sanity_against_existing_phase78_publication_labels;not_used_for_AI_generation;not_a_new_human_review_result
CTC-PHASE81-0065,parc_release_core,CTC-AUDIT-00633,same_cell_link,same_cell_supported,True,retrospective_internal_sanity_against_existing_phase78_publication_labels;not_used_for_AI_generation;not_a_new_human_review_result
CTC-PHASE81-0066,parc_release_core,CTC-AUDIT-00312,same_cell_link,same_cell_supported,True,retrospective_internal_sanity_against_existing_phase78_publication_labels;not_used_for_AI_generation;not_a_new_human_review_result
CTC-PHASE81-0067,calibration_one_sided_support_pool,CTC-AUDIT-01736,same_cell_link,uncertain,False,retrospective_internal_sanity_against_existing_phase78_publication_labels;not_used_for_AI_generation;not_a_new_human_review_result
CTC-PHASE81-0068,calibration_one_sided_support_pool,CTC-AUDIT-01789,same_cell_link,same_cell_supported,True,retrospective_internal_sanity_against_existing_phase78_publication_labels;not_used_for_AI_generation;not_a_new_human_review_result
CTC-PHASE81-0069,parc_release_core,CTC-AUDIT-00407,same_cell_link,same_cell_supported,True,retrospective_internal_sanity_against_existing_phase78_publication_labels;not_used_for_AI_generation;not_a_new_human_review_result
CTC-PHASE81-0070,parc_release_core,CTC-AUDIT-00694,same_cell_link,same_cell_supported,True,retrospective_internal_sanity_against_existing_phase78_publication_labels;not_used_for_AI_generation;not_a_new_human_review_result
CTC-PHASE81-0071,calibration_one_sided_support_pool,CTC-AUDIT-01826,same_cell_link,same_cell_supported,True,retrospective_internal_sanity_against_existing_phase78_publication_labels;not_used_for_AI_generation;not_a_new_human_review_result
CTC-PHASE81-0072,raw_topK_reference_overlap,CTC-AUDIT-00267,same_cell_link,same_cell_supported,True,retrospective_internal_sanity_against_existing_phase78_publication_labels;not_used_for_AI_generation;not_a_new_human_review_result
CTC-PHASE81-0073,parc_release_core,CTC-AUDIT-00373,same_cell_link,same_cell_supported,True,retrospective_internal_sanity_against_existing_phase78_publication_labels;not_used_for_AI_generation;not_a_new_human_review_result
CTC-PHASE81-0074,calibration_one_sided_support_pool,CTC-AUDIT-01489,same_cell_link,same_cell_supported,True,retrospective_internal_sanity_against_existing_phase78_publication_labels;not_used_for_AI_generation;not_a_new_human_review_result
CTC-PHASE81-0075,parc_release_core,CTC-AUDIT-00822,same_cell_link,same_cell_supported,True,retrospective_internal_sanity_against_existing_phase78_publication_labels;not_used_for_AI_generation;not_a_new_human_review_result
CTC-PHASE81-0076,raw_topK_reference_overlap,CTC-AUDIT-00232,same_cell_link,same_cell_supported,True,retrospective_internal_sanity_against_existing_phase78_publication_labels;not_used_for_AI_generation;not_a_new_human_review_result
CTC-PHASE81-0077,raw_topK_reference_overlap,CTC-AUDIT-00066,same_cell_link,same_cell_supported,True,retrospective_internal_sanity_against_existing_phase78_publication_labels;not_used_for_AI_generation;not_a_new_human_review_result
CTC-PHASE81-0078,parc_release_core,CTC-AUDIT-00975,same_cell_link,same_cell_supported,True,retrospective_internal_sanity_against_existing_phase78_publication_labels;not_used_for_AI_generation;not_a_new_human_review_result
CTC-PHASE81-0079,raw_topK_reference_overlap,CTC-AUDIT-00003,same_cell_link,same_cell_supported,True,retrospective_internal_sanity_against_existing_phase78_publication_labels;not_used_for_AI_generation;not_a_new_human_review_result
CTC-PHASE81-0080,raw_topK_reference_overlap,CTC-AUDIT-00113,same_cell_link,same_cell_supported,True,retrospective_internal_sanity_against_existing_phase78_publication_labels;not_used_for_AI_generation;not_a_new_human_review_result
CTC-PHASE81-0081,parc_release_core,CTC-AUDIT-00524,same_cell_link,same_cell_supported,True,retrospective_internal_sanity_against_existing_phase78_publication_labels;not_used_for_AI_generation;not_a_new_human_review_result
CTC-PHASE81-0082,hard_negative_or_uncertain_control,CTC-AUDIT-02525,not_same_cell_link,unsupported,True,retrospective_internal_sanity_against_existing_phase78_publication_labels;not_used_for_AI_generation;not_a_new_human_review_result
CTC-PHASE81-0083,parc_release_core,CTC-AUDIT-00945,same_cell_link,same_cell_supported,True,retrospective_internal_sanity_against_existing_phase78_publication_labels;not_used_for_AI_generation;not_a_new_human_review_result
CTC-PHASE81-0084,parc_release_core,CTC-AUDIT-00434,same_cell_link,same_cell_supported,True,retrospective_internal_sanity_against_existing_phase78_publication_labels;not_used_for_AI_generation;not_a_new_human_review_result
CTC-PHASE81-0085,calibration_one_sided_support_pool,CTC-AUDIT-02461,same_cell_link,same_cell_supported,True,retrospective_internal_sanity_against_existing_phase78_publication_labels;not_used_for_AI_generation;not_a_new_human_review_result
CTC-PHASE81-0086,calibration_one_sided_support_pool,CTC-AUDIT-02107,same_cell_link,same_cell_supported,True,retrospective_internal_sanity_against_existing_phase78_publication_labels;not_used_for_AI_generation;not_a_new_human_review_result
CTC-PHASE81-0087,raw_topK_reference_overlap,CTC-AUDIT-00201,same_cell_link,same_cell_supported,True,retrospective_internal_sanity_against_existing_phase78_publication_labels;not_used_for_AI_generation;not_a_new_human_review_result
CTC-PHASE81-0088,parc_release_core,CTC-AUDIT-00867,same_cell_link,same_cell_supported,True,retrospective_internal_sanity_against_existing_phase78_publication_labels;not_used_for_AI_generation;not_a_new_human_review_result
CTC-PHASE81-0089,calibration_one_sided_support_pool,CTC-AUDIT-01578,same_cell_link,same_cell_supported,True,retrospective_internal_sanity_against_existing_phase78_publication_labels;not_used_for_AI_generation;not_a_new_human_review_result
CTC-PHASE81-0090,parc_release_core,CTC-AUDIT-00502,same_cell_link,same_cell_supported,True,retrospective_internal_sanity_against_existing_phase78_publication_labels;not_used_for_AI_generation;not_a_new_human_review_result
CTC-PHASE81-0091,parc_release_core,CTC-AUDIT-00508,same_cell_link,same_cell_supported,True,retrospective_internal_sanity_against_existing_phase78_publication_labels;not_used_for_AI_generation;not_a_new_human_review_result
CTC-PHASE81-0092,calibration_one_sided_support_pool,CTC-AUDIT-02170,same_cell_link,same_cell_supported,True,retrospective_internal_sanity_against_existing_phase78_publication_labels;not_used_for_AI_generation;not_a_new_human_review_result
CTC-PHASE81-0093,parc_release_core,CTC-AUDIT-01005,same_cell_link,same_cell_supported,True,retrospective_internal_sanity_against_existing_phase78_publication_labels;not_used_for_AI_generation;not_a_new_human_review_result
CTC-PHASE81-0094,calibration_one_sided_support_pool,CTC-AUDIT-01651,same_cell_link,same_cell_supported,True,retrospective_internal_sanity_against_existing_phase78_publication_labels;not_used_for_AI_generation;not_a_new_human_review_result
CTC-PHASE81-0095,parc_release_core,CTC-AUDIT-00514,same_cell_link,same_cell_supported,True,retrospective_internal_sanity_against_existing_phase78_publication_labels;not_used_for_AI_generation;not_a_new_human_review_result
CTC-PHASE81-0096,hard_negative_or_uncertain_control,CTC-AUDIT-02553,not_same_cell_link,unsupported,True,retrospective_internal_sanity_against_existing_phase78_publication_labels;not_used_for_AI_generation;not_a_new_human_review_result
CTC-PHASE81-0097,calibration_one_sided_support_pool,CTC-AUDIT-01960,same_cell_link,same_cell_supported,True,retrospective_internal_sanity_against_existing_phase78_publication_labels;not_used_for_AI_generation;not_a_new_human_review_result
CTC-PHASE81-0098,random_blind_control_from_available_reviewed_rows,CTC-AUDIT-00233,same_cell_link,same_cell_supported,True,retrospective_internal_sanity_against_existing_phase78_publication_labels;not_used_for_AI_generation;not_a_new_human_review_result
CTC-PHASE81-0099,parc_release_core,CTC-AUDIT-00699,same_cell_link,same_cell_supported,True,retrospective_internal_sanity_against_existing_phase78_publication_labels;not_used_for_AI_generation;not_a_new_human_review_result
CTC-PHASE81-0100,calibration_one_sided_support_pool,CTC-AUDIT-02290,same_cell_link,same_cell_supported,True,retrospective_internal_sanity_against_existing_phase78_publication_labels;not_used_for_AI_generation;not_a_new_human_review_result
CTC-PHASE81-0101,parc_release_core,CTC-AUDIT-00561,same_cell_link,same_cell_supported,True,retrospective_internal_sanity_against_existing_phase78_publication_labels;not_used_for_AI_generation;not_a_new_human_review_result
CTC-PHASE81-0102,parc_release_core,CTC-AUDIT-00820,same_cell_link,same_cell_supported,True,retrospective_internal_sanity_against_existing_phase78_publication_labels;not_used_for_AI_generation;not_a_new_human_review_result
CTC-PHASE81-0103,parc_release_core,CTC-AUDIT-00454,same_cell_link,same_cell_supported,True,retrospective_internal_sanity_against_existing_phase78_publication_labels;not_used_for_AI_generation;not_a_new_human_review_result
CTC-PHASE81-0104,raw_topK_reference_overlap,CTC-AUDIT-00160,same_cell_link,same_cell_supported,True,retrospective_internal_sanity_against_existing_phase78_publication_labels;not_used_for_AI_generation;not_a_new_human_review_result
CTC-PHASE81-0105,raw_topK_reference_overlap,CTC-AUDIT-00122,same_cell_link,same_cell_supported,True,retrospective_internal_sanity_against_existing_phase78_publication_labels;not_used_for_AI_generation;not_a_new_human_review_result
CTC-PHASE81-0106,calibration_one_sided_support_pool,CTC-AUDIT-01850,same_cell_link,same_cell_supported,True,retrospective_internal_sanity_against_existing_phase78_publication_labels;not_used_for_AI_generation;not_a_new_human_review_result
CTC-PHASE81-0107,random_blind_control_from_available_reviewed_rows,CTC-AUDIT-02307,same_cell_link,same_cell_supported,True,retrospective_internal_sanity_against_existing_phase78_publication_labels;not_used_for_AI_generation;not_a_new_human_review_result
CTC-PHASE81-0108,parc_release_core,CTC-AUDIT-00695,same_cell_link,same_cell_supported,True,retrospective_internal_sanity_against_existing_phase78_publication_labels;not_used_for_AI_generation;not_a_new_human_review_result
CTC-PHASE81-0109,parc_release_core,CTC-AUDIT-00463,same_cell_link,same_cell_supported,True,retrospective_internal_sanity_against_existing_phase78_publication_labels;not_used_for_AI_generation;not_a_new_human_review_result
CTC-PHASE81-0110,parc_release_core,CTC-AUDIT-00413,same_cell_link,same_cell_supported,True,retrospective_internal_sanity_against_existing_phase78_publication_labels;not_used_for_AI_generation;not_a_new_human_review_result
CTC-PHASE81-0111,raw_topK_reference_overlap,CTC-AUDIT-00012,same_cell_link,same_cell_supported,True,retrospective_internal_sanity_against_existing_phase78_publication_labels;not_used_for_AI_generation;not_a_new_human_review_result
CTC-PHASE81-0112,calibration_one_sided_support_pool,CTC-AUDIT-02216,same_cell_link,same_cell_supported,True,retrospective_internal_sanity_against_existing_phase78_publication_labels;not_used_for_AI_generation;not_a_new_human_review_result
CTC-PHASE81-0113,parc_release_core,CTC-AUDIT-00864,same_cell_link,same_cell_supported,True,retrospective_internal_sanity_against_existing_phase78_publication_labels;not_used_for_AI_generation;not_a_new_human_review_result
CTC-PHASE81-0114,hard_negative_or_uncertain_control,CTC-AUDIT-02534,not_same_cell_link,unsupported,True,retrospective_internal_sanity_against_existing_phase78_publication_labels;not_used_for_AI_generation;not_a_new_human_review_result
CTC-PHASE81-0115,parc_release_core,CTC-AUDIT-00408,same_cell_link,same_cell_supported,True,retrospective_internal_sanity_against_existing_phase78_publication_labels;not_used_for_AI_generation;not_a_new_human_review_result
CTC-PHASE81-0116,calibration_one_sided_support_pool,CTC-AUDIT-01675,same_cell_link,same_cell_supported,True,retrospective_internal_sanity_against_existing_phase78_publication_labels;not_used_for_AI_generation;not_a_new_human_review_result
CTC-PHASE81-0117,parc_release_core,CTC-AUDIT-00624,same_cell_link,same_cell_supported,True,retrospective_internal_sanity_against_existing_phase78_publication_labels;not_used_for_AI_generation;not_a_new_human_review_result
CTC-PHASE81-0118,calibration_one_sided_support_pool,CTC-AUDIT-02083,same_cell_link,same_cell_supported,True,retrospective_internal_sanity_against_existing_phase78_publication_labels;not_used_for_AI_generation;not_a_new_human_review_result
CTC-PHASE81-0119,raw_topK_reference_overlap,CTC-AUDIT-00032,same_cell_link,same_cell_supported,True,retrospective_internal_sanity_against_existing_phase78_publication_labels;not_used_for_AI_generation;not_a_new_human_review_result
CTC-PHASE81-0120,raw_topK_reference_overlap,CTC-AUDIT-00281,same_cell_link,same_cell_supported,True,retrospective_internal_sanity_against_existing_phase78_publication_labels;not_used_for_AI_generation;not_a_new_human_review_result
CTC-PHASE81-0121,parc_release_core,CTC-AUDIT-00405,same_cell_link,same_cell_supported,True,retrospective_internal_sanity_against_existing_phase78_publication_labels;not_used_for_AI_generation;not_a_new_human_review_result
CTC-PHASE81-0122,random_blind_control_from_available_reviewed_rows,CTC-AUDIT-01308,same_cell_link,same_cell_supported,True,retrospective_internal_sanity_against_existing_phase78_publication_labels;not_used_for_AI_generation;not_a_new_human_review_result
CTC-PHASE81-0123,raw_topK_reference_overlap,CTC-AUDIT-00007,same_cell_link,same_cell_supported,True,retrospective_internal_sanity_against_existing_phase78_publication_labels;not_used_for_AI_generation;not_a_new_human_review_result
CTC-PHASE81-0124,parc_release_core,CTC-AUDIT-00929,same_cell_link,same_cell_supported,True,retrospective_internal_sanity_against_existing_phase78_publication_labels;not_used_for_AI_generation;not_a_new_human_review_result
CTC-PHASE81-0125,raw_topK_reference_overlap,CTC-AUDIT-00083,same_cell_link,same_cell_supported,True,retrospective_internal_sanity_against_existing_phase78_publication_labels;not_used_for_AI_generation;not_a_new_human_review_result
CTC-PHASE81-0126,parc_release_core,CTC-AUDIT-00934,same_cell_link,same_cell_supported,True,retrospective_internal_sanity_against_existing_phase78_publication_labels;not_used_for_AI_generation;not_a_new_human_review_result
CTC-PHASE81-0127,parc_release_core,CTC-AUDIT-00976,same_cell_link,same_cell_supported,True,retrospective_internal_sanity_against_existing_phase78_publication_labels;not_used_for_AI_generation;not_a_new_human_review_result
CTC-PHASE81-0128,raw_topK_reference_overlap,CTC-AUDIT-00262,same_cell_link,same_cell_supported,True,retrospective_internal_sanity_against_existing_phase78_publication_labels;not_used_for_AI_generation;not_a_new_human_review_result
CTC-PHASE81-0129,hard_negative_or_uncertain_control,CTC-AUDIT-02532,not_same_cell_link,unsupported,True,retrospective_internal_sanity_against_existing_phase78_publication_labels;not_used_for_AI_generation;not_a_new_human_review_result
CTC-PHASE81-0130,parc_release_core,CTC-AUDIT-00345,same_cell_link,same_cell_supported,True,retrospective_internal_sanity_against_existing_phase78_publication_labels;not_used_for_AI_generation;not_a_new_human_review_result
CTC-PHASE81-0131,parc_release_core,CTC-AUDIT-00565,same_cell_link,same_cell_supported,True,retrospective_internal_sanity_against_existing_phase78_publication_labels;not_used_for_AI_generation;not_a_new_human_review_result
CTC-PHASE81-0132,parc_release_core,CTC-AUDIT-00956,same_cell_link,same_cell_supported,True,retrospective_internal_sanity_against_existing_phase78_publication_labels;not_used_for_AI_generation;not_a_new_human_review_result
CTC-PHASE81-0133,parc_release_core,CTC-AUDIT-00542,same_cell_link,same_cell_supported,True,retrospective_internal_sanity_against_existing_phase78_publication_labels;not_used_for_AI_generation;not_a_new_human_review_result
CTC-PHASE81-0134,parc_release_core,CTC-AUDIT-00969,same_cell_link,same_cell_supported,True,retrospective_internal_sanity_against_existing_phase78_publication_labels;not_used_for_AI_generation;not_a_new_human_review_result
CTC-PHASE81-0135,parc_release_core,CTC-AUDIT-00548,same_cell_link,same_cell_supported,True,retrospective_internal_sanity_against_existing_phase78_publication_labels;not_used_for_AI_generation;not_a_new_human_review_result
CTC-PHASE81-0136,calibration_one_sided_support_pool,CTC-AUDIT-01693,same_cell_link,same_cell_supported,True,retrospective_internal_sanity_against_existing_phase78_publication_labels;not_used_for_AI_generation;not_a_new_human_review_result
CTC-PHASE81-0137,raw_topK_reference_overlap,CTC-AUDIT-00132,same_cell_link,same_cell_supported,True,retrospective_internal_sanity_against_existing_phase78_publication_labels;not_used_for_AI_generation;not_a_new_human_review_result
CTC-PHASE81-0138,calibration_one_sided_support_pool,CTC-AUDIT-01939,same_cell_link,same_cell_supported,True,retrospective_internal_sanity_against_existing_phase78_publication_labels;not_used_for_AI_generation;not_a_new_human_review_result
CTC-PHASE81-0139,random_blind_control_from_available_reviewed_rows,CTC-AUDIT-00909,same_cell_link,same_cell_supported,True,retrospective_internal_sanity_against_existing_phase78_publication_labels;not_used_for_AI_generation;not_a_new_human_review_result
CTC-PHASE81-0140,hard_negative_or_uncertain_control,CTC-AUDIT-02546,not_same_cell_link,unsupported,True,retrospective_internal_sanity_against_existing_phase78_publication_labels;not_used_for_AI_generation;not_a_new_human_review_result
CTC-PHASE81-0141,calibration_one_sided_support_pool,CTC-AUDIT-01995,same_cell_link,same_cell_supported,True,retrospective_internal_sanity_against_existing_phase78_publication_labels;not_used_for_AI_generation;not_a_new_human_review_result
CTC-PHASE81-0142,hard_negative_or_uncertain_control,CTC-AUDIT-02561,not_same_cell_link,unsupported,True,retrospective_internal_sanity_against_existing_phase78_publication_labels;not_used_for_AI_generation;not_a_new_human_review_result
CTC-PHASE81-0143,parc_release_core,CTC-AUDIT-00305,same_cell_link,same_cell_supported,True,retrospective_internal_sanity_against_existing_phase78_publication_labels;not_used_for_AI_generation;not_a_new_human_review_result
CTC-PHASE81-0144,hard_negative_or_uncertain_control,CTC-AUDIT-02523,not_same_cell_link,unsupported,True,retrospective_internal_sanity_against_existing_phase78_publication_labels;not_used_for_AI_generation;not_a_new_human_review_result
CTC-PHASE81-0145,parc_release_core,CTC-AUDIT-00716,same_cell_link,same_cell_supported,True,retrospective_internal_sanity_against_existing_phase78_publication_labels;not_used_for_AI_generation;not_a_new_human_review_result
CTC-PHASE81-0146,raw_topK_reference_overlap,CTC-AUDIT-00137,same_cell_link,same_cell_supported,True,retrospective_internal_sanity_against_existing_phase78_publication_labels;not_used_for_AI_generation;not_a_new_human_review_result
CTC-PHASE81-0147,parc_release_core,CTC-AUDIT-00651,same_cell_link,same_cell_supported,True,retrospective_internal_sanity_against_existing_phase78_publication_labels;not_used_for_AI_generation;not_a_new_human_review_result
CTC-PHASE81-0148,hard_negative_or_uncertain_control,CTC-AUDIT-02552,not_same_cell_link,unsupported,True,retrospective_internal_sanity_against_existing_phase78_publication_labels;not_used_for_AI_generation;not_a_new_human_review_result
CTC-PHASE81-0149,hard_negative_or_uncertain_control,CTC-AUDIT-02524,not_same_cell_link,unsupported,True,retrospective_internal_sanity_against_existing_phase78_publication_labels;not_used_for_AI_generation;not_a_new_human_review_result
CTC-PHASE81-0150,raw_topK_reference_overlap,CTC-AUDIT-00124,same_cell_link,same_cell_supported,True,retrospective_internal_sanity_against_existing_phase78_publication_labels;not_used_for_AI_generation;not_a_new_human_review_result
CTC-PHASE81-0151,calibration_one_sided_support_pool,CTC-AUDIT-01661,same_cell_link,same_cell_supported,True,retrospective_internal_sanity_against_existing_phase78_publication_labels;not_used_for_AI_generation;not_a_new_human_review_result
CTC-PHASE81-0152,parc_release_core,CTC-AUDIT-00923,same_cell_link,same_cell_supported,True,retrospective_internal_sanity_against_existing_phase78_publication_labels;not_used_for_AI_generation;not_a_new_human_review_result
CTC-PHASE81-0153,raw_topK_reference_overlap,CTC-AUDIT-00091,same_cell_link,same_cell_supported,True,retrospective_internal_sanity_against_existing_phase78_publication_labels;not_used_for_AI_generation;not_a_new_human_review_result
CTC-PHASE81-0154,calibration_one_sided_support_pool,CTC-AUDIT-02374,same_cell_link,same_cell_supported,True,retrospective_internal_sanity_against_existing_phase78_publication_labels;not_used_for_AI_generation;not_a_new_human_review_result
CTC-PHASE81-0155,raw_topK_reference_overlap,CTC-AUDIT-00064,same_cell_link,same_cell_supported,True,retrospective_internal_sanity_against_existing_phase78_publication_labels;not_used_for_AI_generation;not_a_new_human_review_result
CTC-PHASE81-0156,parc_release_core,CTC-AUDIT-00559,same_cell_link,same_cell_supported,True,retrospective_internal_sanity_against_existing_phase78_publication_labels;not_used_for_AI_generation;not_a_new_human_review_result
CTC-PHASE81-0157,parc_release_core,CTC-AUDIT-01030,same_cell_link,same_cell_supported,True,retrospective_internal_sanity_against_existing_phase78_publication_labels;not_used_for_AI_generation;not_a_new_human_review_result
CTC-PHASE81-0158,parc_release_core,CTC-AUDIT-00688,same_cell_link,same_cell_supported,True,retrospective_internal_sanity_against_existing_phase78_publication_labels;not_used_for_AI_generation;not_a_new_human_review_result
CTC-PHASE81-0159,calibration_one_sided_support_pool,CTC-AUDIT-01798,same_cell_link,same_cell_supported,True,retrospective_internal_sanity_against_existing_phase78_publication_labels;not_used_for_AI_generation;not_a_new_human_review_result
CTC-PHASE81-0160,random_blind_control_from_available_reviewed_rows,CTC-AUDIT-02370,same_cell_link,same_cell_supported,True,retrospective_internal_sanity_against_existing_phase78_publication_labels;not_used_for_AI_generation;not_a_new_human_review_result
CTC-PHASE81-0161,random_blind_control_from_available_reviewed_rows,CTC-AUDIT-01456,same_cell_link,same_cell_supported,True,retrospective_internal_sanity_against_existing_phase78_publication_labels;not_used_for_AI_generation;not_a_new_human_review_result
CTC-PHASE81-0162,calibration_one_sided_support_pool,CTC-AUDIT-01396,same_cell_link,same_cell_supported,True,retrospective_internal_sanity_against_existing_phase78_publication_labels;not_used_for_AI_generation;not_a_new_human_review_result
CTC-PHASE81-0163,parc_release_core,CTC-AUDIT-00948,same_cell_link,same_cell_supported,True,retrospective_internal_sanity_against_existing_phase78_publication_labels;not_used_for_AI_generation;not_a_new_human_review_result
CTC-PHASE81-0164,hard_negative_or_uncertain_control,CTC-AUDIT-02533,not_same_cell_link,unsupported,True,retrospective_internal_sanity_against_existing_phase78_publication_labels;not_used_for_AI_generation;not_a_new_human_review_result
CTC-PHASE81-0165,raw_topK_reference_overlap,CTC-AUDIT-00103,same_cell_link,same_cell_supported,True,retrospective_internal_sanity_against_existing_phase78_publication_labels;not_used_for_AI_generation;not_a_new_human_review_result
CTC-PHASE81-0166,parc_release_core,CTC-AUDIT-00850,same_cell_link,same_cell_supported,True,retrospective_internal_sanity_against_existing_phase78_publication_labels;not_used_for_AI_generation;not_a_new_human_review_result
CTC-PHASE81-0167,random_blind_control_from_available_reviewed_rows,CTC-AUDIT-01733,same_cell_link,same_cell_supported,True,retrospective_internal_sanity_against_existing_phase78_publication_labels;not_used_for_AI_generation;not_a_new_human_review_result
CTC-PHASE81-0168,calibration_one_sided_support_pool,CTC-AUDIT-01439,same_cell_link,same_cell_supported,True,retrospective_internal_sanity_against_existing_phase78_publication_labels;not_used_for_AI_generation;not_a_new_human_review_result
CTC-PHASE81-0169,parc_release_core,CTC-AUDIT-00749,same_cell_link,same_cell_supported,True,retrospective_internal_sanity_against_existing_phase78_publication_labels;not_used_for_AI_generation;not_a_new_human_review_result
CTC-PHASE81-0170,calibration_one_sided_support_pool,CTC-AUDIT-02337,same_cell_link,same_cell_supported,True,retrospective_internal_sanity_against_existing_phase78_publication_labels;not_used_for_AI_generation;not_a_new_human_review_result
CTC-PHASE81-0171,parc_release_core,CTC-AUDIT-00703,same_cell_link,same_cell_supported,True,retrospective_internal_sanity_against_existing_phase78_publication_labels;not_used_for_AI_generation;not_a_new_human_review_result
CTC-PHASE81-0172,calibration_one_sided_support_pool,CTC-AUDIT-02048,same_cell_link,same_cell_supported,True,retrospective_internal_sanity_against_existing_phase78_publication_labels;not_used_for_AI_generation;not_a_new_human_review_result
CTC-PHASE81-0173,calibration_one_sided_support_pool,CTC-AUDIT-02491,same_cell_link,same_cell_supported,True,retrospective_internal_sanity_against_existing_phase78_publication_labels;not_used_for_AI_generation;not_a_new_human_review_result
CTC-PHASE81-0174,parc_release_core,CTC-AUDIT-01015,same_cell_link,same_cell_supported,True,retrospective_internal_sanity_against_existing_phase78_publication_labels;not_used_for_AI_generation;not_a_new_human_review_result
CTC-PHASE81-0175,calibration_one_sided_support_pool,CTC-AUDIT-01475,same_cell_link,same_cell_supported,True,retrospective_internal_sanity_against_existing_phase78_publication_labels;not_used_for_AI_generation;not_a_new_human_review_result
CTC-PHASE81-0176,parc_release_core,CTC-AUDIT-00892,same_cell_link,same_cell_supported,True,retrospective_internal_sanity_against_existing_phase78_publication_labels;not_used_for_AI_generation;not_a_new_human_review_result
CTC-PHASE81-0177,parc_release_core,CTC-AUDIT-00908,same_cell_link,same_cell_supported,True,retrospective_internal_sanity_against_existing_phase78_publication_labels;not_used_for_AI_generation;not_a_new_human_review_result
CTC-PHASE81-0178,random_blind_control_from_available_reviewed_rows,CTC-AUDIT-00775,same_cell_link,same_cell_supported,True,retrospective_internal_sanity_against_existing_phase78_publication_labels;not_used_for_AI_generation;not_a_new_human_review_result
CTC-PHASE81-0179,raw_topK_reference_overlap,CTC-AUDIT-00120,same_cell_link,same_cell_supported,True,retrospective_internal_sanity_against_existing_phase78_publication_labels;not_used_for_AI_generation;not_a_new_human_review_result
CTC-PHASE81-0180,random_blind_control_from_available_reviewed_rows,CTC-AUDIT-00333,same_cell_link,same_cell_supported,True,retrospective_internal_sanity_against_existing_phase78_publication_labels;not_used_for_AI_generation;not_a_new_human_review_result
CTC-PHASE81-0181,parc_release_core,CTC-AUDIT-01039,same_cell_link,same_cell_supported,True,retrospective_internal_sanity_against_existing_phase78_publication_labels;not_used_for_AI_generation;not_a_new_human_review_result
CTC-PHASE81-0182,calibration_one_sided_support_pool,CTC-AUDIT-02100,same_cell_link,same_cell_supported,True,retrospective_internal_sanity_against_existing_phase78_publication_labels;not_used_for_AI_generation;not_a_new_human_review_result
CTC-PHASE81-0183,parc_release_core,CTC-AUDIT-00812,same_cell_link,same_cell_supported,True,retrospective_internal_sanity_against_existing_phase78_publication_labels;not_used_for_AI_generation;not_a_new_human_review_result
CTC-PHASE81-0184,parc_release_core,CTC-AUDIT-00798,same_cell_link,same_cell_supported,True,retrospective_internal_sanity_against_existing_phase78_publication_labels;not_used_for_AI_generation;not_a_new_human_review_result
CTC-PHASE81-0185,parc_release_core,CTC-AUDIT-00663,same_cell_link,same_cell_supported,True,retrospective_internal_sanity_against_existing_phase78_publication_labels;not_used_for_AI_generation;not_a_new_human_review_result
CTC-PHASE81-0186,hard_negative_or_uncertain_control,CTC-AUDIT-02550,not_same_cell_link,unsupported,True,retrospective_internal_sanity_against_existing_phase78_publication_labels;not_used_for_AI_generation;not_a_new_human_review_result
CTC-PHASE81-0187,calibration_one_sided_support_pool,CTC-AUDIT-01696,same_cell_link,same_cell_supported,True,retrospective_internal_sanity_against_existing_phase78_publication_labels;not_used_for_AI_generation;not_a_new_human_review_result
CTC-PHASE81-0188,calibration_one_sided_support_pool,CTC-AUDIT-02015,same_cell_link,same_cell_supported,True,retrospective_internal_sanity_against_existing_phase78_publication_labels;not_used_for_AI_generation;not_a_new_human_review_result
CTC-PHASE81-0189,raw_topK_reference_overlap,CTC-AUDIT-00142,same_cell_link,same_cell_supported,True,retrospective_internal_sanity_against_existing_phase78_publication_labels;not_used_for_AI_generation;not_a_new_human_review_result
CTC-PHASE81-0190,random_blind_control_from_available_reviewed_rows,CTC-AUDIT-02139,same_cell_link,same_cell_supported,True,retrospective_internal_sanity_against_existing_phase78_publication_labels;not_used_for_AI_generation;not_a_new_human_review_result
CTC-PHASE81-0191,parc_release_core,CTC-AUDIT-01023,same_cell_link,same_cell_supported,True,retrospective_internal_sanity_against_existing_phase78_publication_labels;not_used_for_AI_generation;not_a_new_human_review_result
CTC-PHASE81-0192,parc_release_core,CTC-AUDIT-00628,same_cell_link,same_cell_supported,True,retrospective_internal_sanity_against_existing_phase78_publication_labels;not_used_for_AI_generation;not_a_new_human_review_result
CTC-PHASE81-0193,calibration_one_sided_support_pool,CTC-AUDIT-01874,same_cell_link,same_cell_supported,True,retrospective_internal_sanity_against_existing_phase78_publication_labels;not_used_for_AI_generation;not_a_new_human_review_result
CTC-PHASE81-0194,calibration_one_sided_support_pool,CTC-AUDIT-01828,same_cell_link,same_cell_supported,True,retrospective_internal_sanity_against_existing_phase78_publication_labels;not_used_for_AI_generation;not_a_new_human_review_result
CTC-PHASE81-0195,calibration_one_sided_support_pool,CTC-AUDIT-01348,same_cell_link,same_cell_supported,True,retrospective_internal_sanity_against_existing_phase78_publication_labels;not_used_for_AI_generation;not_a_new_human_review_result
CTC-PHASE81-0196,calibration_one_sided_support_pool,CTC-AUDIT-02339,same_cell_link,same_cell_supported,True,retrospective_internal_sanity_against_existing_phase78_publication_labels;not_used_for_AI_generation;not_a_new_human_review_result
CTC-PHASE81-0197,parc_release_core,CTC-AUDIT-00671,same_cell_link,same_cell_supported,True,retrospective_internal_sanity_against_existing_phase78_publication_labels;not_used_for_AI_generation;not_a_new_human_review_result
CTC-PHASE81-0198,parc_release_core,CTC-AUDIT-00589,same_cell_link,same_cell_supported,True,retrospective_internal_sanity_against_existing_phase78_publication_labels;not_used_for_AI_generation;not_a_new_human_review_result
CTC-PHASE81-0199,raw_topK_reference_overlap,CTC-AUDIT-00220,same_cell_link,same_cell_supported,True,retrospective_internal_sanity_against_existing_phase78_publication_labels;not_used_for_AI_generation;not_a_new_human_review_result
CTC-PHASE81-0200,parc_release_core,CTC-AUDIT-00417,same_cell_link,same_cell_supported,True,retrospective_internal_sanity_against_existing_phase78_publication_labels;not_used_for_AI_generation;not_a_new_human_review_result
CTC-PHASE81-0201,parc_release_core,CTC-AUDIT-00397,same_cell_link,same_cell_supported,True,retrospective_internal_sanity_against_existing_phase78_publication_labels;not_used_for_AI_generation;not_a_new_human_review_result
CTC-PHASE81-0202,hard_negative_or_uncertain_control,CTC-AUDIT-02540,not_same_cell_link,unsupported,True,retrospective_internal_sanity_against_existing_phase78_publication_labels;not_used_for_AI_generation;not_a_new_human_review_result
CTC-PHASE81-0203,hard_negative_or_uncertain_control,CTC-AUDIT-02542,not_same_cell_link,unsupported,True,retrospective_internal_sanity_against_existing_phase78_publication_labels;not_used_for_AI_generation;not_a_new_human_review_result
CTC-PHASE81-0204,parc_release_core,CTC-AUDIT-00308,same_cell_link,same_cell_supported,True,retrospective_internal_sanity_against_existing_phase78_publication_labels;not_used_for_AI_generation;not_a_new_human_review_result
CTC-PHASE81-0205,parc_release_core,CTC-AUDIT-00962,same_cell_link,same_cell_supported,True,retrospective_internal_sanity_against_existing_phase78_publication_labels;not_used_for_AI_generation;not_a_new_human_review_result
CTC-PHASE81-0206,hard_negative_or_uncertain_control,CTC-AUDIT-02556,not_same_cell_link,unsupported,True,retrospective_internal_sanity_against_existing_phase78_publication_labels;not_used_for_AI_generation;not_a_new_human_review_result
CTC-PHASE81-0207,calibration_one_sided_support_pool,CTC-AUDIT-01446,same_cell_link,same_cell_supported,True,retrospective_internal_sanity_against_existing_phase78_publication_labels;not_used_for_AI_generation;not_a_new_human_review_result
CTC-PHASE81-0208,parc_release_core,CTC-AUDIT-00595,same_cell_link,same_cell_supported,True,retrospective_internal_sanity_against_existing_phase78_publication_labels;not_used_for_AI_generation;not_a_new_human_review_result
CTC-PHASE81-0209,parc_release_core,CTC-AUDIT-00863,same_cell_link,same_cell_supported,True,retrospective_internal_sanity_against_existing_phase78_publication_labels;not_used_for_AI_generation;not_a_new_human_review_result
CTC-PHASE81-0210,parc_release_core,CTC-AUDIT-00412,same_cell_link,same_cell_supported,True,retrospective_internal_sanity_against_existing_phase78_publication_labels;not_used_for_AI_generation;not_a_new_human_review_result
CTC-PHASE81-0211,parc_release_core,CTC-AUDIT-00877,same_cell_link,same_cell_supported,True,retrospective_internal_sanity_against_existing_phase78_publication_labels;not_used_for_AI_generation;not_a_new_human_review_result
CTC-PHASE81-0212,raw_topK_reference_overlap,CTC-AUDIT-00076,same_cell_link,same_cell_supported,True,retrospective_internal_sanity_against_existing_phase78_publication_labels;not_used_for_AI_generation;not_a_new_human_review_result
CTC-PHASE81-0213,parc_release_core,CTC-AUDIT-00880,same_cell_link,same_cell_supported,True,retrospective_internal_sanity_against_existing_phase78_publication_labels;not_used_for_AI_generation;not_a_new_human_review_result
CTC-PHASE81-0214,parc_release_core,CTC-AUDIT-00353,same_cell_link,same_cell_supported,True,retrospective_internal_sanity_against_existing_phase78_publication_labels;not_used_for_AI_generation;not_a_new_human_review_result
CTC-PHASE81-0215,parc_release_core,CTC-AUDIT-00570,same_cell_link,same_cell_supported,True,retrospective_internal_sanity_against_existing_phase78_publication_labels;not_used_for_AI_generation;not_a_new_human_review_result
CTC-PHASE81-0216,parc_release_core,CTC-AUDIT-00550,same_cell_link,same_cell_supported,True,retrospective_internal_sanity_against_existing_phase78_publication_labels;not_used_for_AI_generation;not_a_new_human_review_result
CTC-PHASE81-0217,calibration_one_sided_support_pool,CTC-AUDIT-01163,same_cell_link,same_cell_supported,True,retrospective_internal_sanity_against_existing_phase78_publication_labels;not_used_for_AI_generation;not_a_new_human_review_result
CTC-PHASE81-0218,calibration_one_sided_support_pool,CTC-AUDIT-02310,same_cell_link,same_cell_supported,True,retrospective_internal_sanity_against_existing_phase78_publication_labels;not_used_for_AI_generation;not_a_new_human_review_result
CTC-PHASE81-0219,parc_release_core,CTC-AUDIT-00492,same_cell_link,same_cell_supported,True,retrospective_internal_sanity_against_existing_phase78_publication_labels;not_used_for_AI_generation;not_a_new_human_review_result
CTC-PHASE81-0220,calibration_one_sided_support_pool,CTC-AUDIT-01356,same_cell_link,same_cell_supported,True,retrospective_internal_sanity_against_existing_phase78_publication_labels;not_used_for_AI_generation;not_a_new_human_review_result
CTC-PHASE81-0221,calibration_one_sided_support_pool,CTC-AUDIT-01134,same_cell_link,same_cell_supported,True,retrospective_internal_sanity_against_existing_phase78_publication_labels;not_used_for_AI_generation;not_a_new_human_review_result
CTC-PHASE81-0222,calibration_one_sided_support_pool,CTC-AUDIT-01347,same_cell_link,same_cell_supported,True,retrospective_internal_sanity_against_existing_phase78_publication_labels;not_used_for_AI_generation;not_a_new_human_review_result
CTC-PHASE81-0223,random_blind_control_from_available_reviewed_rows,CTC-AUDIT-01741,same_cell_link,same_cell_supported,True,retrospective_internal_sanity_against_existing_phase78_publication_labels;not_used_for_AI_generation;not_a_new_human_review_result
CTC-PHASE81-0224,parc_release_core,CTC-AUDIT-00835,same_cell_link,same_cell_supported,True,retrospective_internal_sanity_against_existing_phase78_publication_labels;not_used_for_AI_generation;not_a_new_human_review_result
CTC-PHASE81-0225,parc_release_core,CTC-AUDIT-00991,same_cell_link,same_cell_supported,True,retrospective_internal_sanity_against_existing_phase78_publication_labels;not_used_for_AI_generation;not_a_new_human_review_result
CTC-PHASE81-0226,random_blind_control_from_available_reviewed_rows,CTC-AUDIT-00917,same_cell_link,same_cell_supported,True,retrospective_internal_sanity_against_existing_phase78_publication_labels;not_used_for_AI_generation;not_a_new_human_review_result
CTC-PHASE81-0227,raw_topK_reference_overlap,CTC-AUDIT-00121,same_cell_link,same_cell_supported,True,retrospective_internal_sanity_against_existing_phase78_publication_labels;not_used_for_AI_generation;not_a_new_human_review_result
CTC-PHASE81-0228,calibration_one_sided_support_pool,CTC-AUDIT-02221,same_cell_link,same_cell_supported,True,retrospective_internal_sanity_against_existing_phase78_publication_labels;not_used_for_AI_generation;not_a_new_human_review_result
CTC-PHASE81-0229,calibration_one_sided_support_pool,CTC-AUDIT-01900,same_cell_link,same_cell_supported,True,retrospective_internal_sanity_against_existing_phase78_publication_labels;not_used_for_AI_generation;not_a_new_human_review_result
CTC-PHASE81-0230,raw_topK_reference_overlap,CTC-AUDIT-00247,same_cell_link,same_cell_supported,True,retrospective_internal_sanity_against_existing_phase78_publication_labels;not_used_for_AI_generation;not_a_new_human_review_result
CTC-PHASE81-0231,parc_release_core,CTC-AUDIT-00544,same_cell_link,same_cell_supported,True,retrospective_internal_sanity_against_existing_phase78_publication_labels;not_used_for_AI_generation;not_a_new_human_review_result
CTC-PHASE81-0232,parc_release_core,CTC-AUDIT-00858,same_cell_link,same_cell_supported,True,retrospective_internal_sanity_against_existing_phase78_publication_labels;not_used_for_AI_generation;not_a_new_human_review_result
CTC-PHASE81-0233,raw_topK_reference_overlap,CTC-AUDIT-00179,same_cell_link,same_cell_supported,True,retrospective_internal_sanity_against_existing_phase78_publication_labels;not_used_for_AI_generation;not_a_new_human_review_result
CTC-PHASE81-0234,raw_topK_reference_overlap,CTC-AUDIT-00097,same_cell_link,same_cell_supported,True,retrospective_internal_sanity_against_existing_phase78_publication_labels;not_used_for_AI_generation;not_a_new_human_review_result
CTC-PHASE81-0235,parc_release_core,CTC-AUDIT-00396,same_cell_link,same_cell_supported,True,retrospective_internal_sanity_against_existing_phase78_publication_labels;not_used_for_AI_generation;not_a_new_human_review_result
CTC-PHASE81-0236,parc_release_core,CTC-AUDIT-00710,same_cell_link,same_cell_supported,True,retrospective_internal_sanity_against_existing_phase78_publication_labels;not_used_for_AI_generation;not_a_new_human_review_result
CTC-PHASE81-0237,parc_release_core,CTC-AUDIT-00523,same_cell_link,same_cell_supported,True,retrospective_internal_sanity_against_existing_phase78_publication_labels;not_used_for_AI_generation;not_a_new_human_review_result
CTC-PHASE81-0238,raw_topK_reference_overlap,CTC-AUDIT-00119,same_cell_link,same_cell_supported,True,retrospective_internal_sanity_against_existing_phase78_publication_labels;not_used_for_AI_generation;not_a_new_human_review_result
CTC-PHASE81-0239,calibration_one_sided_support_pool,CTC-AUDIT-01954,same_cell_link,same_cell_supported,True,retrospective_internal_sanity_against_existing_phase78_publication_labels;not_used_for_AI_generation;not_a_new_human_review_result
CTC-PHASE81-0240,hard_negative_or_uncertain_control,CTC-AUDIT-02544,not_same_cell_link,unsupported,True,retrospective_internal_sanity_against_existing_phase78_publication_labels;not_used_for_AI_generation;not_a_new_human_review_result
CTC-PHASE81-0241,hard_negative_or_uncertain_control,CTC-AUDIT-02535,not_same_cell_link,unsupported,True,retrospective_internal_sanity_against_existing_phase78_publication_labels;not_used_for_AI_generation;not_a_new_human_review_result
CTC-PHASE81-0242,random_blind_control_from_available_reviewed_rows,CTC-AUDIT-01492,same_cell_link,same_cell_supported,True,retrospective_internal_sanity_against_existing_phase78_publication_labels;not_used_for_AI_generation;not_a_new_human_review_result
CTC-PHASE81-0243,parc_release_core,CTC-AUDIT-00995,same_cell_link,same_cell_supported,True,retrospective_internal_sanity_against_existing_phase78_publication_labels;not_used_for_AI_generation;not_a_new_human_review_result
CTC-PHASE81-0244,parc_release_core,CTC-AUDIT-00939,same_cell_link,same_cell_supported,True,retrospective_internal_sanity_against_existing_phase78_publication_labels;not_used_for_AI_generation;not_a_new_human_review_result
CTC-PHASE81-0245,hard_negative_or_uncertain_control,CTC-AUDIT-02536,not_same_cell_link,unsupported,True,retrospective_internal_sanity_against_existing_phase78_publication_labels;not_used_for_AI_generation;not_a_new_human_review_result
CTC-PHASE81-0246,parc_release_core,CTC-AUDIT-00673,same_cell_link,same_cell_supported,True,retrospective_internal_sanity_against_existing_phase78_publication_labels;not_used_for_AI_generation;not_a_new_human_review_result
CTC-PHASE81-0247,parc_release_core,CTC-AUDIT-00870,same_cell_link,same_cell_supported,True,retrospective_internal_sanity_against_existing_phase78_publication_labels;not_used_for_AI_generation;not_a_new_human_review_result
CTC-PHASE81-0248,random_blind_control_from_available_reviewed_rows,CTC-AUDIT-01768,same_cell_link,same_cell_supported,True,retrospective_internal_sanity_against_existing_phase78_publication_labels;not_used_for_AI_generation;not_a_new_human_review_result
CTC-PHASE81-0249,calibration_one_sided_support_pool,CTC-AUDIT-01281,same_cell_link,same_cell_supported,True,retrospective_internal_sanity_against_existing_phase78_publication_labels;not_used_for_AI_generation;not_a_new_human_review_result
CTC-PHASE81-0250,raw_topK_reference_overlap,CTC-AUDIT-00156,same_cell_link,same_cell_supported,True,retrospective_internal_sanity_against_existing_phase78_publication_labels;not_used_for_AI_generation;not_a_new_human_review_result
CTC-PHASE81-0251,random_blind_control_from_available_reviewed_rows,CTC-AUDIT-01209,same_cell_link,same_cell_supported,True,retrospective_internal_sanity_against_existing_phase78_publication_labels;not_used_for_AI_generation;not_a_new_human_review_result
CTC-PHASE81-0252,parc_release_core,CTC-AUDIT-00385,same_cell_link,same_cell_supported,True,retrospective_internal_sanity_against_existing_phase78_publication_labels;not_used_for_AI_generation;not_a_new_human_review_result
CTC-PHASE81-0253,raw_topK_reference_overlap,CTC-AUDIT-00170,same_cell_link,same_cell_supported,True,retrospective_internal_sanity_against_existing_phase78_publication_labels;not_used_for_AI_generation;not_a_new_human_review_result
CTC-PHASE81-0254,calibration_one_sided_support_pool,CTC-AUDIT-01481,same_cell_link,same_cell_supported,True,retrospective_internal_sanity_against_existing_phase78_publication_labels;not_used_for_AI_generation;not_a_new_human_review_result
CTC-PHASE81-0255,parc_release_core,CTC-AUDIT-00303,same_cell_link,same_cell_supported,True,retrospective_internal_sanity_against_existing_phase78_publication_labels;not_used_for_AI_generation;not_a_new_human_review_result
CTC-PHASE81-0256,calibration_one_sided_support_pool,CTC-AUDIT-02311,same_cell_link,uncertain,False,retrospective_internal_sanity_against_existing_phase78_publication_labels;not_used_for_AI_generation;not_a_new_human_review_result
CTC-PHASE81-0257,hard_negative_or_uncertain_control,CTC-AUDIT-02541,not_same_cell_link,unsupported,True,retrospective_internal_sanity_against_existing_phase78_publication_labels;not_used_for_AI_generation;not_a_new_human_review_result
CTC-PHASE81-0258,parc_release_core,CTC-AUDIT-00608,same_cell_link,same_cell_supported,True,retrospective_internal_sanity_against_existing_phase78_publication_labels;not_used_for_AI_generation;not_a_new_human_review_result
CTC-PHASE81-0259,parc_release_core,CTC-AUDIT-00669,same_cell_link,same_cell_supported,True,retrospective_internal_sanity_against_existing_phase78_publication_labels;not_used_for_AI_generation;not_a_new_human_review_result
CTC-PHASE81-0260,raw_topK_reference_overlap,CTC-AUDIT-00298,same_cell_link,same_cell_supported,True,retrospective_internal_sanity_against_existing_phase78_publication_labels;not_used_for_AI_generation;not_a_new_human_review_result
CTC-PHASE81-0261,raw_topK_reference_overlap,CTC-AUDIT-00118,same_cell_link,same_cell_supported,True,retrospective_internal_sanity_against_existing_phase78_publication_labels;not_used_for_AI_generation;not_a_new_human_review_result
CTC-PHASE81-0262,random_blind_control_from_available_reviewed_rows,CTC-AUDIT-01266,same_cell_link,same_cell_supported,True,retrospective_internal_sanity_against_existing_phase78_publication_labels;not_used_for_AI_generation;not_a_new_human_review_result
CTC-PHASE81-0263,calibration_one_sided_support_pool,CTC-AUDIT-01158,same_cell_link,same_cell_supported,True,retrospective_internal_sanity_against_existing_phase78_publication_labels;not_used_for_AI_generation;not_a_new_human_review_result
CTC-PHASE81-0264,hard_negative_or_uncertain_control,CTC-AUDIT-02548,not_same_cell_link,unsupported,True,retrospective_internal_sanity_against_existing_phase78_publication_labels;not_used_for_AI_generation;not_a_new_human_review_result
CTC-PHASE81-0265,parc_release_core,CTC-AUDIT-00423,same_cell_link,same_cell_supported,True,retrospective_internal_sanity_against_existing_phase78_publication_labels;not_used_for_AI_generation;not_a_new_human_review_result
CTC-PHASE81-0266,parc_release_core,CTC-AUDIT-00752,same_cell_link,same_cell_supported,True,retrospective_internal_sanity_against_existing_phase78_publication_labels;not_used_for_AI_generation;not_a_new_human_review_result
CTC-PHASE81-0267,random_blind_control_from_available_reviewed_rows,CTC-AUDIT-01953,same_cell_link,same_cell_supported,True,retrospective_internal_sanity_against_existing_phase78_publication_labels;not_used_for_AI_generation;not_a_new_human_review_result
CTC-PHASE81-0268,calibration_one_sided_support_pool,CTC-AUDIT-01395,same_cell_link,same_cell_supported,True,retrospective_internal_sanity_against_existing_phase78_publication_labels;not_used_for_AI_generation;not_a_new_human_review_result
CTC-PHASE81-0269,calibration_one_sided_support_pool,CTC-AUDIT-02439,same_cell_link,same_cell_supported,True,retrospective_internal_sanity_against_existing_phase78_publication_labels;not_used_for_AI_generation;not_a_new_human_review_result
CTC-PHASE81-0270,calibration_one_sided_support_pool,CTC-AUDIT-01810,same_cell_link,same_cell_supported,True,retrospective_internal_sanity_against_existing_phase78_publication_labels;not_used_for_AI_generation;not_a_new_human_review_result
CTC-PHASE81-0271,raw_topK_reference_overlap,CTC-AUDIT-00028,same_cell_link,same_cell_supported,True,retrospective_internal_sanity_against_existing_phase78_publication_labels;not_used_for_AI_generation;not_a_new_human_review_result
CTC-PHASE81-0272,calibration_one_sided_support_pool,CTC-AUDIT-01982,same_cell_link,same_cell_supported,True,retrospective_internal_sanity_against_existing_phase78_publication_labels;not_used_for_AI_generation;not_a_new_human_review_result
CTC-PHASE81-0273,parc_release_core,CTC-AUDIT-01009,same_cell_link,same_cell_supported,True,retrospective_internal_sanity_against_existing_phase78_publication_labels;not_used_for_AI_generation;not_a_new_human_review_result
CTC-PHASE81-0274,parc_release_core,CTC-AUDIT-00973,same_cell_link,same_cell_supported,True,retrospective_internal_sanity_against_existing_phase78_publication_labels;not_used_for_AI_generation;not_a_new_human_review_result
CTC-PHASE81-0275,raw_topK_reference_overlap,CTC-AUDIT-00163,same_cell_link,same_cell_supported,True,retrospective_internal_sanity_against_existing_phase78_publication_labels;not_used_for_AI_generation;not_a_new_human_review_result
CTC-PHASE81-0276,parc_release_core,CTC-AUDIT-00738,same_cell_link,same_cell_supported,True,retrospective_internal_sanity_against_existing_phase78_publication_labels;not_used_for_AI_generation;not_a_new_human_review_result
CTC-PHASE81-0277,calibration_one_sided_support_pool,CTC-AUDIT-01443,same_cell_link,same_cell_supported,True,retrospective_internal_sanity_against_existing_phase78_publication_labels;not_used_for_AI_generation;not_a_new_human_review_result
CTC-PHASE81-0278,raw_topK_reference_overlap,CTC-AUDIT-00211,same_cell_link,same_cell_supported,True,retrospective_internal_sanity_against_existing_phase78_publication_labels;not_used_for_AI_generation;not_a_new_human_review_result
CTC-PHASE81-0279,parc_release_core,CTC-AUDIT-00852,same_cell_link,same_cell_supported,True,retrospective_internal_sanity_against_existing_phase78_publication_labels;not_used_for_AI_generation;not_a_new_human_review_result
CTC-PHASE81-0280,raw_topK_reference_overlap,CTC-AUDIT-00284,same_cell_link,same_cell_supported,True,retrospective_internal_sanity_against_existing_phase78_publication_labels;not_used_for_AI_generation;not_a_new_human_review_result
CTC-PHASE81-0281,parc_release_core,CTC-AUDIT-00895,same_cell_link,same_cell_supported,True,retrospective_internal_sanity_against_existing_phase78_publication_labels;not_used_for_AI_generation;not_a_new_human_review_result
CTC-PHASE81-0282,calibration_one_sided_support_pool,CTC-AUDIT-01268,same_cell_link,same_cell_supported,True,retrospective_internal_sanity_against_existing_phase78_publication_labels;not_used_for_AI_generation;not_a_new_human_review_result
CTC-PHASE81-0283,calibration_one_sided_support_pool,CTC-AUDIT-01245,same_cell_link,same_cell_supported,True,retrospective_internal_sanity_against_existing_phase78_publication_labels;not_used_for_AI_generation;not_a_new_human_review_result
CTC-PHASE81-0284,calibration_one_sided_support_pool,CTC-AUDIT-02405,same_cell_link,same_cell_supported,True,retrospective_internal_sanity_against_existing_phase78_publication_labels;not_used_for_AI_generation;not_a_new_human_review_result
CTC-PHASE81-0285,calibration_one_sided_support_pool,CTC-AUDIT-02432,same_cell_link,uncertain,False,retrospective_internal_sanity_against_existing_phase78_publication_labels;not_used_for_AI_generation;not_a_new_human_review_result
CTC-PHASE81-0286,calibration_one_sided_support_pool,CTC-AUDIT-01559,same_cell_link,same_cell_supported,True,retrospective_internal_sanity_against_existing_phase78_publication_labels;not_used_for_AI_generation;not_a_new_human_review_result
CTC-PHASE81-0287,parc_release_core,CTC-AUDIT-00614,same_cell_link,same_cell_supported,True,retrospective_internal_sanity_against_existing_phase78_publication_labels;not_used_for_AI_generation;not_a_new_human_review_result
CTC-PHASE81-0288,calibration_one_sided_support_pool,CTC-AUDIT-01230,same_cell_link,same_cell_supported,True,retrospective_internal_sanity_against_existing_phase78_publication_labels;not_used_for_AI_generation;not_a_new_human_review_result
CTC-PHASE81-0289,parc_release_core,CTC-AUDIT-00403,same_cell_link,same_cell_supported,True,retrospective_internal_sanity_against_existing_phase78_publication_labels;not_used_for_AI_generation;not_a_new_human_review_result
CTC-PHASE81-0290,hard_negative_or_uncertain_control,CTC-AUDIT-02562,not_same_cell_link,unsupported,True,retrospective_internal_sanity_against_existing_phase78_publication_labels;not_used_for_AI_generation;not_a_new_human_review_result
CTC-PHASE81-0291,parc_release_core,CTC-AUDIT-00367,same_cell_link,same_cell_supported,True,retrospective_internal_sanity_against_existing_phase78_publication_labels;not_used_for_AI_generation;not_a_new_human_review_result
CTC-PHASE81-0292,raw_topK_reference_overlap,CTC-AUDIT-00297,same_cell_link,same_cell_supported,True,retrospective_internal_sanity_against_existing_phase78_publication_labels;not_used_for_AI_generation;not_a_new_human_review_result
CTC-PHASE81-0293,calibration_one_sided_support_pool,CTC-AUDIT-02266,same_cell_link,same_cell_supported,True,retrospective_internal_sanity_against_existing_phase78_publication_labels;not_used_for_AI_generation;not_a_new_human_review_result
CTC-PHASE81-0294,calibration_one_sided_support_pool,CTC-AUDIT-02026,same_cell_link,same_cell_supported,True,retrospective_internal_sanity_against_existing_phase78_publication_labels;not_used_for_AI_generation;not_a_new_human_review_result
CTC-PHASE81-0295,raw_topK_reference_overlap,CTC-AUDIT-00272,same_cell_link,same_cell_supported,True,retrospective_internal_sanity_against_existing_phase78_publication_labels;not_used_for_AI_generation;not_a_new_human_review_result
CTC-PHASE81-0296,parc_release_core,CTC-AUDIT-00747,same_cell_link,same_cell_supported,True,retrospective_internal_sanity_against_existing_phase78_publication_labels;not_used_for_AI_generation;not_a_new_human_review_result
CTC-PHASE81-0297,raw_topK_reference_overlap,CTC-AUDIT-00208,same_cell_link,same_cell_supported,True,retrospective_internal_sanity_against_existing_phase78_publication_labels;not_used_for_AI_generation;not_a_new_human_review_result
CTC-PHASE81-0298,parc_release_core,CTC-AUDIT-00334,same_cell_link,same_cell_supported,True,retrospective_internal_sanity_against_existing_phase78_publication_labels;not_used_for_AI_generation;not_a_new_human_review_result
CTC-PHASE81-0299,random_blind_control_from_available_reviewed_rows,CTC-AUDIT-00723,same_cell_link,same_cell_supported,True,retrospective_internal_sanity_against_existing_phase78_publication_labels;not_used_for_AI_generation;not_a_new_human_review_result
CTC-PHASE81-0300,raw_topK_reference_overlap,CTC-AUDIT-00288,same_cell_link,same_cell_supported,True,retrospective_internal_sanity_against_existing_phase78_publication_labels;not_used_for_AI_generation;not_a_new_human_review_result
CTC-PHASE81-0301,calibration_one_sided_support_pool,CTC-AUDIT-01403,same_cell_link,same_cell_supported,True,retrospective_internal_sanity_against_existing_phase78_publication_labels;not_used_for_AI_generation;not_a_new_human_review_result
CTC-PHASE81-0302,parc_release_core,CTC-AUDIT-00631,same_cell_link,same_cell_supported,True,retrospective_internal_sanity_against_existing_phase78_publication_labels;not_used_for_AI_generation;not_a_new_human_review_result
CTC-PHASE81-0303,parc_release_core,CTC-AUDIT-00444,same_cell_link,same_cell_supported,True,retrospective_internal_sanity_against_existing_phase78_publication_labels;not_used_for_AI_generation;not_a_new_human_review_result
CTC-PHASE81-0304,random_blind_control_from_available_reviewed_rows,CTC-AUDIT-02458,same_cell_link,same_cell_supported,True,retrospective_internal_sanity_against_existing_phase78_publication_labels;not_used_for_AI_generation;not_a_new_human_review_result
CTC-PHASE81-0305,calibration_one_sided_support_pool,CTC-AUDIT-01618,same_cell_link,same_cell_supported,True,retrospective_internal_sanity_against_existing_phase78_publication_labels;not_used_for_AI_generation;not_a_new_human_review_result
CTC-PHASE81-0306,raw_topK_reference_overlap,CTC-AUDIT-00005,same_cell_link,same_cell_supported,True,retrospective_internal_sanity_against_existing_phase78_publication_labels;not_used_for_AI_generation;not_a_new_human_review_result
CTC-PHASE81-0307,raw_topK_reference_overlap,CTC-AUDIT-00077,same_cell_link,uncertain,False,retrospective_internal_sanity_against_existing_phase78_publication_labels;not_used_for_AI_generation;not_a_new_human_review_result
CTC-PHASE81-0308,parc_release_core,CTC-AUDIT-00936,same_cell_link,same_cell_supported,True,retrospective_internal_sanity_against_existing_phase78_publication_labels;not_used_for_AI_generation;not_a_new_human_review_result
CTC-PHASE81-0309,calibration_one_sided_support_pool,CTC-AUDIT-02464,same_cell_link,same_cell_supported,True,retrospective_internal_sanity_against_existing_phase78_publication_labels;not_used_for_AI_generation;not_a_new_human_review_result
CTC-PHASE81-0310,parc_release_core,CTC-AUDIT-00915,same_cell_link,same_cell_supported,True,retrospective_internal_sanity_against_existing_phase78_publication_labels;not_used_for_AI_generation;not_a_new_human_review_result
CTC-PHASE81-0311,random_blind_control_from_available_reviewed_rows,CTC-AUDIT-02259,same_cell_link,same_cell_supported,True,retrospective_internal_sanity_against_existing_phase78_publication_labels;not_used_for_AI_generation;not_a_new_human_review_result
CTC-PHASE81-0312,parc_release_core,CTC-AUDIT-00735,same_cell_link,same_cell_supported,True,retrospective_internal_sanity_against_existing_phase78_publication_labels;not_used_for_AI_generation;not_a_new_human_review_result
CTC-PHASE81-0313,parc_release_core,CTC-AUDIT-00726,same_cell_link,same_cell_supported,True,retrospective_internal_sanity_against_existing_phase78_publication_labels;not_used_for_AI_generation;not_a_new_human_review_result
CTC-PHASE81-0314,parc_release_core,CTC-AUDIT-00989,same_cell_link,same_cell_supported,True,retrospective_internal_sanity_against_existing_phase78_publication_labels;not_used_for_AI_generation;not_a_new_human_review_result
CTC-PHASE81-0315,calibration_one_sided_support_pool,CTC-AUDIT-01633,same_cell_link,same_cell_supported,True,retrospective_internal_sanity_against_existing_phase78_publication_labels;not_used_for_AI_generation;not_a_new_human_review_result
CTC-PHASE81-0316,calibration_one_sided_support_pool,CTC-AUDIT-01891,same_cell_link,same_cell_supported,True,retrospective_internal_sanity_against_existing_phase78_publication_labels;not_used_for_AI_generation;not_a_new_human_review_result
CTC-PHASE81-0317,calibration_one_sided_support_pool,CTC-AUDIT-01404,same_cell_link,same_cell_supported,True,retrospective_internal_sanity_against_existing_phase78_publication_labels;not_used_for_AI_generation;not_a_new_human_review_result
CTC-PHASE81-0318,calibration_one_sided_support_pool,CTC-AUDIT-01545,same_cell_link,same_cell_supported,True,retrospective_internal_sanity_against_existing_phase78_publication_labels;not_used_for_AI_generation;not_a_new_human_review_result
CTC-PHASE81-0319,random_blind_control_from_available_reviewed_rows,CTC-AUDIT-01711,same_cell_link,same_cell_supported,True,retrospective_internal_sanity_against_existing_phase78_publication_labels;not_used_for_AI_generation;not_a_new_human_review_result
CTC-PHASE81-0320,parc_release_core,CTC-AUDIT-00521,same_cell_link,same_cell_supported,True,retrospective_internal_sanity_against_existing_phase78_publication_labels;not_used_for_AI_generation;not_a_new_human_review_result
CTC-PHASE81-0321,calibration_one_sided_support_pool,CTC-AUDIT-02507,same_cell_link,uncertain,False,retrospective_internal_sanity_against_existing_phase78_publication_labels;not_used_for_AI_generation;not_a_new_human_review_result
CTC-PHASE81-0322,parc_release_core,CTC-AUDIT-00473,same_cell_link,same_cell_supported,True,retrospective_internal_sanity_against_existing_phase78_publication_labels;not_used_for_AI_generation;not_a_new_human_review_result
CTC-PHASE81-0323,raw_topK_reference_overlap,CTC-AUDIT-00150,same_cell_link,same_cell_supported,True,retrospective_internal_sanity_against_existing_phase78_publication_labels;not_used_for_AI_generation;not_a_new_human_review_result
CTC-PHASE81-0324,parc_release_core,CTC-AUDIT-00456,same_cell_link,same_cell_supported,True,retrospective_internal_sanity_against_existing_phase78_publication_labels;not_used_for_AI_generation;not_a_new_human_review_result
CTC-PHASE81-0325,calibration_one_sided_support_pool,CTC-AUDIT-02145,same_cell_link,same_cell_supported,True,retrospective_internal_sanity_against_existing_phase78_publication_labels;not_used_for_AI_generation;not_a_new_human_review_result
CTC-PHASE81-0326,parc_release_core,CTC-AUDIT-00972,same_cell_link,same_cell_supported,True,retrospective_internal_sanity_against_existing_phase78_publication_labels;not_used_for_AI_generation;not_a_new_human_review_result
CTC-PHASE81-0327,random_blind_control_from_available_reviewed_rows,CTC-AUDIT-01471,same_cell_link,unsupported,False,retrospective_internal_sanity_against_existing_phase78_publication_labels;not_used_for_AI_generation;not_a_new_human_review_result
CTC-PHASE81-0328,random_blind_control_from_available_reviewed_rows,CTC-AUDIT-01243,same_cell_link,same_cell_supported,True,retrospective_internal_sanity_against_existing_phase78_publication_labels;not_used_for_AI_generation;not_a_new_human_review_result
CTC-PHASE81-0329,random_blind_control_from_available_reviewed_rows,CTC-AUDIT-01062,same_cell_link,same_cell_supported,True,retrospective_internal_sanity_against_existing_phase78_publication_labels;not_used_for_AI_generation;not_a_new_human_review_result
CTC-PHASE81-0330,parc_release_core,CTC-AUDIT-00597,same_cell_link,same_cell_supported,True,retrospective_internal_sanity_against_existing_phase78_publication_labels;not_used_for_AI_generation;not_a_new_human_review_result
CTC-PHASE81-0331,parc_release_core,CTC-AUDIT-00670,same_cell_link,same_cell_supported,True,retrospective_internal_sanity_against_existing_phase78_publication_labels;not_used_for_AI_generation;not_a_new_human_review_result
CTC-PHASE81-0332,calibration_one_sided_support_pool,CTC-AUDIT-01531,same_cell_link,same_cell_supported,True,retrospective_internal_sanity_against_existing_phase78_publication_labels;not_used_for_AI_generation;not_a_new_human_review_result
CTC-PHASE81-0333,calibration_one_sided_support_pool,CTC-AUDIT-02393,same_cell_link,unsupported,False,retrospective_internal_sanity_against_existing_phase78_publication_labels;not_used_for_AI_generation;not_a_new_human_review_result
CTC-PHASE81-0334,hard_negative_or_uncertain_control,CTC-AUDIT-02549,not_same_cell_link,unsupported,True,retrospective_internal_sanity_against_existing_phase78_publication_labels;not_used_for_AI_generation;not_a_new_human_review_result
CTC-PHASE81-0335,parc_release_core,CTC-AUDIT-00577,same_cell_link,same_cell_supported,True,retrospective_internal_sanity_against_existing_phase78_publication_labels;not_used_for_AI_generation;not_a_new_human_review_result
CTC-PHASE81-0336,parc_release_core,CTC-AUDIT-00980,same_cell_link,same_cell_supported,True,retrospective_internal_sanity_against_existing_phase78_publication_labels;not_used_for_AI_generation;not_a_new_human_review_result
CTC-PHASE81-0337,random_blind_control_from_available_reviewed_rows,CTC-AUDIT-01109,same_cell_link,same_cell_supported,True,retrospective_internal_sanity_against_existing_phase78_publication_labels;not_used_for_AI_generation;not_a_new_human_review_result
CTC-PHASE81-0338,parc_release_core,CTC-AUDIT-00499,same_cell_link,same_cell_supported,True,retrospective_internal_sanity_against_existing_phase78_publication_labels;not_used_for_AI_generation;not_a_new_human_review_result
CTC-PHASE81-0339,raw_topK_reference_overlap,CTC-AUDIT-00037,same_cell_link,same_cell_supported,True,retrospective_internal_sanity_against_existing_phase78_publication_labels;not_used_for_AI_generation;not_a_new_human_review_result
CTC-PHASE81-0340,raw_topK_reference_overlap,CTC-AUDIT-00171,same_cell_link,same_cell_supported,True,retrospective_internal_sanity_against_existing_phase78_publication_labels;not_used_for_AI_generation;not_a_new_human_review_result
CTC-PHASE81-0341,calibration_one_sided_support_pool,CTC-AUDIT-02132,same_cell_link,same_cell_supported,True,retrospective_internal_sanity_against_existing_phase78_publication_labels;not_used_for_AI_generation;not_a_new_human_review_result
CTC-PHASE81-0342,parc_release_core,CTC-AUDIT-00338,same_cell_link,same_cell_supported,True,retrospective_internal_sanity_against_existing_phase78_publication_labels;not_used_for_AI_generation;not_a_new_human_review_result
CTC-PHASE81-0343,calibration_one_sided_support_pool,CTC-AUDIT-02138,same_cell_link,same_cell_supported,True,retrospective_internal_sanity_against_existing_phase78_publication_labels;not_used_for_AI_generation;not_a_new_human_review_result
CTC-PHASE81-0344,parc_release_core,CTC-AUDIT-00384,same_cell_link,same_cell_supported,True,retrospective_internal_sanity_against_existing_phase78_publication_labels;not_used_for_AI_generation;not_a_new_human_review_result
CTC-PHASE81-0345,parc_release_core,CTC-AUDIT-00647,same_cell_link,same_cell_supported,True,retrospective_internal_sanity_against_existing_phase78_publication_labels;not_used_for_AI_generation;not_a_new_human_review_result
CTC-PHASE81-0346,parc_release_core,CTC-AUDIT-00471,same_cell_link,same_cell_supported,True,retrospective_internal_sanity_against_existing_phase78_publication_labels;not_used_for_AI_generation;not_a_new_human_review_result
CTC-PHASE81-0347,parc_release_core,CTC-AUDIT-00799,same_cell_link,same_cell_supported,True,retrospective_internal_sanity_against_existing_phase78_publication_labels;not_used_for_AI_generation;not_a_new_human_review_result
CTC-PHASE81-0348,hard_negative_or_uncertain_control,CTC-AUDIT-02539,not_same_cell_link,unsupported,True,retrospective_internal_sanity_against_existing_phase78_publication_labels;not_used_for_AI_generation;not_a_new_human_review_result
CTC-PHASE81-0349,parc_release_core,CTC-AUDIT-00773,same_cell_link,same_cell_supported,True,retrospective_internal_sanity_against_existing_phase78_publication_labels;not_used_for_AI_generation;not_a_new_human_review_result
CTC-PHASE81-0350,calibration_one_sided_support_pool,CTC-AUDIT-01285,same_cell_link,same_cell_supported,True,retrospective_internal_sanity_against_existing_phase78_publication_labels;not_used_for_AI_generation;not_a_new_human_review_result
CTC-PHASE81-0351,calibration_one_sided_support_pool,CTC-AUDIT-01771,same_cell_link,same_cell_supported,True,retrospective_internal_sanity_against_existing_phase78_publication_labels;not_used_for_AI_generation;not_a_new_human_review_result
CTC-PHASE81-0352,raw_topK_reference_overlap,CTC-AUDIT-00219,same_cell_link,same_cell_supported,True,retrospective_internal_sanity_against_existing_phase78_publication_labels;not_used_for_AI_generation;not_a_new_human_review_result
CTC-PHASE81-0353,calibration_one_sided_support_pool,CTC-AUDIT-01330,same_cell_link,same_cell_supported,True,retrospective_internal_sanity_against_existing_phase78_publication_labels;not_used_for_AI_generation;not_a_new_human_review_result
CTC-PHASE81-0354,hard_negative_or_uncertain_control,CTC-AUDIT-02551,not_same_cell_link,unsupported,True,retrospective_internal_sanity_against_existing_phase78_publication_labels;not_used_for_AI_generation;not_a_new_human_review_result
CTC-PHASE81-0355,parc_release_core,CTC-AUDIT-01055,same_cell_link,same_cell_supported,True,retrospective_internal_sanity_against_existing_phase78_publication_labels;not_used_for_AI_generation;not_a_new_human_review_result
CTC-PHASE81-0356,parc_release_core,CTC-AUDIT-00827,same_cell_link,same_cell_supported,True,retrospective_internal_sanity_against_existing_phase78_publication_labels;not_used_for_AI_generation;not_a_new_human_review_result
CTC-PHASE81-0357,random_blind_control_from_available_reviewed_rows,CTC-AUDIT-02297,same_cell_link,same_cell_supported,True,retrospective_internal_sanity_against_existing_phase78_publication_labels;not_used_for_AI_generation;not_a_new_human_review_result
CTC-PHASE81-0358,parc_release_core,CTC-AUDIT-01044,same_cell_link,same_cell_supported,True,retrospective_internal_sanity_against_existing_phase78_publication_labels;not_used_for_AI_generation;not_a_new_human_review_result
CTC-PHASE81-0359,parc_release_core,CTC-AUDIT-00369,same_cell_link,same_cell_supported,True,retrospective_internal_sanity_against_existing_phase78_publication_labels;not_used_for_AI_generation;not_a_new_human_review_result
CTC-PHASE81-0360,calibration_one_sided_support_pool,CTC-AUDIT-02365,same_cell_link,same_cell_supported,True,retrospective_internal_sanity_against_existing_phase78_publication_labels;not_used_for_AI_generation;not_a_new_human_review_result
CTC-PHASE81-0361,raw_topK_reference_overlap,CTC-AUDIT-00152,same_cell_link,same_cell_supported,True,retrospective_internal_sanity_against_existing_phase78_publication_labels;not_used_for_AI_generation;not_a_new_human_review_result
CTC-PHASE81-0362,parc_release_core,CTC-AUDIT-00316,same_cell_link,same_cell_supported,True,retrospective_internal_sanity_against_existing_phase78_publication_labels;not_used_for_AI_generation;not_a_new_human_review_result
CTC-PHASE81-0363,calibration_one_sided_support_pool,CTC-AUDIT-01903,same_cell_link,same_cell_supported,True,retrospective_internal_sanity_against_existing_phase78_publication_labels;not_used_for_AI_generation;not_a_new_human_review_result
CTC-PHASE81-0364,parc_release_core,CTC-AUDIT-00921,same_cell_link,same_cell_supported,True,retrospective_internal_sanity_against_existing_phase78_publication_labels;not_used_for_AI_generation;not_a_new_human_review_result
CTC-PHASE81-0365,calibration_one_sided_support_pool,CTC-AUDIT-01942,same_cell_link,same_cell_supported,True,retrospective_internal_sanity_against_existing_phase78_publication_labels;not_used_for_AI_generation;not_a_new_human_review_result
CTC-PHASE81-0366,parc_release_core,CTC-AUDIT-00311,same_cell_link,same_cell_supported,True,retrospective_internal_sanity_against_existing_phase78_publication_labels;not_used_for_AI_generation;not_a_new_human_review_result
CTC-PHASE81-0367,parc_release_core,CTC-AUDIT-00494,same_cell_link,same_cell_supported,True,retrospective_internal_sanity_against_existing_phase78_publication_labels;not_used_for_AI_generation;not_a_new_human_review_result
CTC-PHASE81-0368,parc_release_core,CTC-AUDIT-00896,same_cell_link,same_cell_supported,True,retrospective_internal_sanity_against_existing_phase78_publication_labels;not_used_for_AI_generation;not_a_new_human_review_result
CTC-PHASE81-0369,raw_topK_reference_overlap,CTC-AUDIT-00052,same_cell_link,same_cell_supported,True,retrospective_internal_sanity_against_existing_phase78_publication_labels;not_used_for_AI_generation;not_a_new_human_review_result
CTC-PHASE81-0370,parc_release_core,CTC-AUDIT-00785,same_cell_link,same_cell_supported,True,retrospective_internal_sanity_against_existing_phase78_publication_labels;not_used_for_AI_generation;not_a_new_human_review_result
CTC-PHASE81-0371,raw_topK_reference_overlap,CTC-AUDIT-00055,same_cell_link,same_cell_supported,True,retrospective_internal_sanity_against_existing_phase78_publication_labels;not_used_for_AI_generation;not_a_new_human_review_result
CTC-PHASE81-0372,random_blind_control_from_available_reviewed_rows,CTC-AUDIT-01645,same_cell_link,same_cell_supported,True,retrospective_internal_sanity_against_existing_phase78_publication_labels;not_used_for_AI_generation;not_a_new_human_review_result
CTC-PHASE81-0373,raw_topK_reference_overlap,CTC-AUDIT-00167,same_cell_link,same_cell_supported,True,retrospective_internal_sanity_against_existing_phase78_publication_labels;not_used_for_AI_generation;not_a_new_human_review_result
CTC-PHASE81-0374,parc_release_core,CTC-AUDIT-00475,same_cell_link,same_cell_supported,True,retrospective_internal_sanity_against_existing_phase78_publication_labels;not_used_for_AI_generation;not_a_new_human_review_result
CTC-PHASE81-0375,calibration_one_sided_support_pool,CTC-AUDIT-01448,same_cell_link,same_cell_supported,True,retrospective_internal_sanity_against_existing_phase78_publication_labels;not_used_for_AI_generation;not_a_new_human_review_result
CTC-PHASE81-0376,parc_release_core,CTC-AUDIT-00743,same_cell_link,same_cell_supported,True,retrospective_internal_sanity_against_existing_phase78_publication_labels;not_used_for_AI_generation;not_a_new_human_review_result
CTC-PHASE81-0377,raw_topK_reference_overlap,CTC-AUDIT-00283,same_cell_link,same_cell_supported,True,retrospective_internal_sanity_against_existing_phase78_publication_labels;not_used_for_AI_generation;not_a_new_human_review_result
CTC-PHASE81-0378,hard_negative_or_uncertain_control,CTC-AUDIT-02543,not_same_cell_link,unsupported,True,retrospective_internal_sanity_against_existing_phase78_publication_labels;not_used_for_AI_generation;not_a_new_human_review_result
CTC-PHASE81-0379,raw_topK_reference_overlap,CTC-AUDIT-00125,same_cell_link,same_cell_supported,True,retrospective_internal_sanity_against_existing_phase78_publication_labels;not_used_for_AI_generation;not_a_new_human_review_result
CTC-PHASE81-0380,hard_negative_or_uncertain_control,CTC-AUDIT-02564,not_same_cell_link,unsupported,True,retrospective_internal_sanity_against_existing_phase78_publication_labels;not_used_for_AI_generation;not_a_new_human_review_result
CTC-PHASE81-0381,calibration_one_sided_support_pool,CTC-AUDIT-01254,same_cell_link,same_cell_supported,True,retrospective_internal_sanity_against_existing_phase78_publication_labels;not_used_for_AI_generation;not_a_new_human_review_result
CTC-PHASE81-0382,calibration_one_sided_support_pool,CTC-AUDIT-02292,same_cell_link,unsupported,False,retrospective_internal_sanity_against_existing_phase78_publication_labels;not_used_for_AI_generation;not_a_new_human_review_result
CTC-PHASE81-0383,calibration_one_sided_support_pool,CTC-AUDIT-01653,same_cell_link,same_cell_supported,True,retrospective_internal_sanity_against_existing_phase78_publication_labels;not_used_for_AI_generation;not_a_new_human_review_result
CTC-PHASE81-0384,parc_release_core,CTC-AUDIT-00350,same_cell_link,same_cell_supported,True,retrospective_internal_sanity_against_existing_phase78_publication_labels;not_used_for_AI_generation;not_a_new_human_review_result
CTC-PHASE81-0385,parc_release_core,CTC-AUDIT-00520,same_cell_link,same_cell_supported,True,retrospective_internal_sanity_against_existing_phase78_publication_labels;not_used_for_AI_generation;not_a_new_human_review_result
CTC-PHASE81-0386,parc_release_core,CTC-AUDIT-00931,same_cell_link,same_cell_supported,True,retrospective_internal_sanity_against_existing_phase78_publication_labels;not_used_for_AI_generation;not_a_new_human_review_result
CTC-PHASE81-0387,calibration_one_sided_support_pool,CTC-AUDIT-01544,same_cell_link,same_cell_supported,True,retrospective_internal_sanity_against_existing_phase78_publication_labels;not_used_for_AI_generation;not_a_new_human_review_result
CTC-PHASE81-0388,raw_topK_reference_overlap,CTC-AUDIT-00234,same_cell_link,same_cell_supported,True,retrospective_internal_sanity_against_existing_phase78_publication_labels;not_used_for_AI_generation;not_a_new_human_review_result
CTC-PHASE81-0389,raw_topK_reference_overlap,CTC-AUDIT-00280,same_cell_link,same_cell_supported,True,retrospective_internal_sanity_against_existing_phase78_publication_labels;not_used_for_AI_generation;not_a_new_human_review_result
CTC-PHASE81-0390,parc_release_core,CTC-AUDIT-00440,same_cell_link,same_cell_supported,True,retrospective_internal_sanity_against_existing_phase78_publication_labels;not_used_for_AI_generation;not_a_new_human_review_result
CTC-PHASE81-0391,random_blind_control_from_available_reviewed_rows,CTC-AUDIT-01343,same_cell_link,same_cell_supported,True,retrospective_internal_sanity_against_existing_phase78_publication_labels;not_used_for_AI_generation;not_a_new_human_review_result
CTC-PHASE81-0392,calibration_one_sided_support_pool,CTC-AUDIT-01687,same_cell_link,same_cell_supported,True,retrospective_internal_sanity_against_existing_phase78_publication_labels;not_used_for_AI_generation;not_a_new_human_review_result
CTC-PHASE81-0393,parc_release_core,CTC-AUDIT-00916,same_cell_link,same_cell_supported,True,retrospective_internal_sanity_against_existing_phase78_publication_labels;not_used_for_AI_generation;not_a_new_human_review_result
CTC-PHASE81-0394,calibration_one_sided_support_pool,CTC-AUDIT-02394,same_cell_link,same_cell_supported,True,retrospective_internal_sanity_against_existing_phase78_publication_labels;not_used_for_AI_generation;not_a_new_human_review_result
CTC-PHASE81-0395,raw_topK_reference_overlap,CTC-AUDIT-00241,same_cell_link,same_cell_supported,True,retrospective_internal_sanity_against_existing_phase78_publication_labels;not_used_for_AI_generation;not_a_new_human_review_result
CTC-PHASE81-0396,calibration_one_sided_support_pool,CTC-AUDIT-02504,same_cell_link,unsupported,False,retrospective_internal_sanity_against_existing_phase78_publication_labels;not_used_for_AI_generation;not_a_new_human_review_result
CTC-PHASE81-0397,hard_negative_or_uncertain_control,CTC-AUDIT-02563,not_same_cell_link,unsupported,True,retrospective_internal_sanity_against_existing_phase78_publication_labels;not_used_for_AI_generation;not_a_new_human_review_result
CTC-PHASE81-0398,parc_release_core,CTC-AUDIT-00401,same_cell_link,same_cell_supported,True,retrospective_internal_sanity_against_existing_phase78_publication_labels;not_used_for_AI_generation;not_a_new_human_review_result
CTC-PHASE81-0399,random_blind_control_from_available_reviewed_rows,CTC-AUDIT-00483,same_cell_link,same_cell_supported,True,retrospective_internal_sanity_against_existing_phase78_publication_labels;not_used_for_AI_generation;not_a_new_human_review_result
CTC-PHASE81-0400,parc_release_core,CTC-AUDIT-01058,same_cell_link,same_cell_supported,True,retrospective_internal_sanity_against_existing_phase78_publication_labels;not_used_for_AI_generation;not_a_new_human_review_result
CTC-PHASE81-0401,raw_topK_reference_overlap,CTC-AUDIT-00214,same_cell_link,same_cell_supported,True,retrospective_internal_sanity_against_existing_phase78_publication_labels;not_used_for_AI_generation;not_a_new_human_review_result
CTC-PHASE81-0402,hard_negative_or_uncertain_control,CTC-AUDIT-02554,not_same_cell_link,unsupported,True,retrospective_internal_sanity_against_existing_phase78_publication_labels;not_used_for_AI_generation;not_a_new_human_review_result
CTC-PHASE81-0403,parc_release_core,CTC-AUDIT-00883,same_cell_link,same_cell_supported,True,retrospective_internal_sanity_against_existing_phase78_publication_labels;not_used_for_AI_generation;not_a_new_human_review_result
CTC-PHASE81-0404,calibration_one_sided_support_pool,CTC-AUDIT-02484,same_cell_link,same_cell_supported,True,retrospective_internal_sanity_against_existing_phase78_publication_labels;not_used_for_AI_generation;not_a_new_human_review_result
CTC-PHASE81-0405,parc_release_core,CTC-AUDIT-00351,same_cell_link,same_cell_supported,True,retrospective_internal_sanity_against_existing_phase78_publication_labels;not_used_for_AI_generation;not_a_new_human_review_result
CTC-PHASE81-0406,calibration_one_sided_support_pool,CTC-AUDIT-02164,same_cell_link,same_cell_supported,True,retrospective_internal_sanity_against_existing_phase78_publication_labels;not_used_for_AI_generation;not_a_new_human_review_result
CTC-PHASE81-0407,parc_release_core,CTC-AUDIT-00598,same_cell_link,same_cell_supported,True,retrospective_internal_sanity_against_existing_phase78_publication_labels;not_used_for_AI_generation;not_a_new_human_review_result
CTC-PHASE81-0408,hard_negative_or_uncertain_control,CTC-AUDIT-02528,not_same_cell_link,unsupported,True,retrospective_internal_sanity_against_existing_phase78_publication_labels;not_used_for_AI_generation;not_a_new_human_review_result
CTC-PHASE81-0409,parc_release_core,CTC-AUDIT-00871,same_cell_link,same_cell_supported,True,retrospective_internal_sanity_against_existing_phase78_publication_labels;not_used_for_AI_generation;not_a_new_human_review_result
CTC-PHASE81-0410,raw_topK_reference_overlap,CTC-AUDIT-00001,same_cell_link,same_cell_supported,True,retrospective_internal_sanity_against_existing_phase78_publication_labels;not_used_for_AI_generation;not_a_new_human_review_result
CTC-PHASE81-0411,random_blind_control_from_available_reviewed_rows,CTC-AUDIT-01407,same_cell_link,same_cell_supported,True,retrospective_internal_sanity_against_existing_phase78_publication_labels;not_used_for_AI_generation;not_a_new_human_review_result
CTC-PHASE81-0412,calibration_one_sided_support_pool,CTC-AUDIT-02334,same_cell_link,same_cell_supported,True,retrospective_internal_sanity_against_existing_phase78_publication_labels;not_used_for_AI_generation;not_a_new_human_review_result
CTC-PHASE81-0413,parc_release_core,CTC-AUDIT-00566,same_cell_link,same_cell_supported,True,retrospective_internal_sanity_against_existing_phase78_publication_labels;not_used_for_AI_generation;not_a_new_human_review_result
CTC-PHASE81-0414,random_blind_control_from_available_reviewed_rows,CTC-AUDIT-02182,same_cell_link,same_cell_supported,True,retrospective_internal_sanity_against_existing_phase78_publication_labels;not_used_for_AI_generation;not_a_new_human_review_result
CTC-PHASE81-0415,parc_release_core,CTC-AUDIT-00697,same_cell_link,same_cell_supported,True,retrospective_internal_sanity_against_existing_phase78_publication_labels;not_used_for_AI_generation;not_a_new_human_review_result
CTC-PHASE81-0416,parc_release_core,CTC-AUDIT-00330,same_cell_link,same_cell_supported,True,retrospective_internal_sanity_against_existing_phase78_publication_labels;not_used_for_AI_generation;not_a_new_human_review_result
CTC-PHASE81-0417,parc_release_core,CTC-AUDIT-00465,same_cell_link,same_cell_supported,True,retrospective_internal_sanity_against_existing_phase78_publication_labels;not_used_for_AI_generation;not_a_new_human_review_result
CTC-PHASE81-0418,raw_topK_reference_overlap,CTC-AUDIT-00273,same_cell_link,same_cell_supported,True,retrospective_internal_sanity_against_existing_phase78_publication_labels;not_used_for_AI_generation;not_a_new_human_review_result
CTC-PHASE81-0419,hard_negative_or_uncertain_control,CTC-AUDIT-02560,not_same_cell_link,unsupported,True,retrospective_internal_sanity_against_existing_phase78_publication_labels;not_used_for_AI_generation;not_a_new_human_review_result
CTC-PHASE81-0420,hard_negative_or_uncertain_control,CTC-AUDIT-02530,not_same_cell_link,unsupported,True,retrospective_internal_sanity_against_existing_phase78_publication_labels;not_used_for_AI_generation;not_a_new_human_review_result
CTC-PHASE81-0421,parc_release_core,CTC-AUDIT-01053,same_cell_link,same_cell_supported,True,retrospective_internal_sanity_against_existing_phase78_publication_labels;not_used_for_AI_generation;not_a_new_human_review_result
CTC-PHASE81-0422,parc_release_core,CTC-AUDIT-00414,same_cell_link,same_cell_supported,True,retrospective_internal_sanity_against_existing_phase78_publication_labels;not_used_for_AI_generation;not_a_new_human_review_result
CTC-PHASE81-0423,hard_negative_or_uncertain_control,CTC-AUDIT-02558,not_same_cell_link,unsupported,True,retrospective_internal_sanity_against_existing_phase78_publication_labels;not_used_for_AI_generation;not_a_new_human_review_result
CTC-PHASE81-0424,parc_release_core,CTC-AUDIT-00379,same_cell_link,same_cell_supported,True,retrospective_internal_sanity_against_existing_phase78_publication_labels;not_used_for_AI_generation;not_a_new_human_review_result
CTC-PHASE81-0425,raw_topK_reference_overlap,CTC-AUDIT-00212,same_cell_link,same_cell_supported,True,retrospective_internal_sanity_against_existing_phase78_publication_labels;not_used_for_AI_generation;not_a_new_human_review_result
CTC-PHASE81-0426,calibration_one_sided_support_pool,CTC-AUDIT-01754,same_cell_link,same_cell_supported,True,retrospective_internal_sanity_against_existing_phase78_publication_labels;not_used_for_AI_generation;not_a_new_human_review_result
CTC-PHASE81-0427,parc_release_core,CTC-AUDIT-00740,same_cell_link,same_cell_supported,True,retrospective_internal_sanity_against_existing_phase78_publication_labels;not_used_for_AI_generation;not_a_new_human_review_result
CTC-PHASE81-0428,parc_release_core,CTC-AUDIT-00693,same_cell_link,same_cell_supported,True,retrospective_internal_sanity_against_existing_phase78_publication_labels;not_used_for_AI_generation;not_a_new_human_review_result
CTC-PHASE81-0429,calibration_one_sided_support_pool,CTC-AUDIT-02281,same_cell_link,same_cell_supported,True,retrospective_internal_sanity_against_existing_phase78_publication_labels;not_used_for_AI_generation;not_a_new_human_review_result
CTC-PHASE81-0430,parc_release_core,CTC-AUDIT-00393,same_cell_link,same_cell_supported,True,retrospective_internal_sanity_against_existing_phase78_publication_labels;not_used_for_AI_generation;not_a_new_human_review_result
CTC-PHASE81-0431,parc_release_core,CTC-AUDIT-00965,same_cell_link,same_cell_supported,True,retrospective_internal_sanity_against_existing_phase78_publication_labels;not_used_for_AI_generation;not_a_new_human_review_result
CTC-PHASE81-0432,calibration_one_sided_support_pool,CTC-AUDIT-01502,same_cell_link,same_cell_supported,True,retrospective_internal_sanity_against_existing_phase78_publication_labels;not_used_for_AI_generation;not_a_new_human_review_result
CTC-PHASE81-0433,hard_negative_or_uncertain_control,CTC-AUDIT-02526,not_same_cell_link,unsupported,True,retrospective_internal_sanity_against_existing_phase78_publication_labels;not_used_for_AI_generation;not_a_new_human_review_result
CTC-PHASE81-0434,parc_release_core,CTC-AUDIT-00419,same_cell_link,same_cell_supported,True,retrospective_internal_sanity_against_existing_phase78_publication_labels;not_used_for_AI_generation;not_a_new_human_review_result
CTC-PHASE81-0435,calibration_one_sided_support_pool,CTC-AUDIT-01665,same_cell_link,same_cell_supported,True,retrospective_internal_sanity_against_existing_phase78_publication_labels;not_used_for_AI_generation;not_a_new_human_review_result
CTC-PHASE81-0436,calibration_one_sided_support_pool,CTC-AUDIT-01612,same_cell_link,same_cell_supported,True,retrospective_internal_sanity_against_existing_phase78_publication_labels;not_used_for_AI_generation;not_a_new_human_review_result
CTC-PHASE81-0437,parc_release_core,CTC-AUDIT-00443,same_cell_link,same_cell_supported,True,retrospective_internal_sanity_against_existing_phase78_publication_labels;not_used_for_AI_generation;not_a_new_human_review_result
CTC-PHASE81-0438,calibration_one_sided_support_pool,CTC-AUDIT-01638,same_cell_link,same_cell_supported,True,retrospective_internal_sanity_against_existing_phase78_publication_labels;not_used_for_AI_generation;not_a_new_human_review_result
CTC-PHASE81-0439,raw_topK_reference_overlap,CTC-AUDIT-00042,same_cell_link,same_cell_supported,True,retrospective_internal_sanity_against_existing_phase78_publication_labels;not_used_for_AI_generation;not_a_new_human_review_result
CTC-PHASE81-0440,parc_release_core,CTC-AUDIT-00971,same_cell_link,same_cell_supported,True,retrospective_internal_sanity_against_existing_phase78_publication_labels;not_used_for_AI_generation;not_a_new_human_review_result
CTC-PHASE81-0441,calibration_one_sided_support_pool,CTC-AUDIT-02046,same_cell_link,same_cell_supported,True,retrospective_internal_sanity_against_existing_phase78_publication_labels;not_used_for_AI_generation;not_a_new_human_review_result
CTC-PHASE81-0442,parc_release_core,CTC-AUDIT-00342,same_cell_link,same_cell_supported,True,retrospective_internal_sanity_against_existing_phase78_publication_labels;not_used_for_AI_generation;not_a_new_human_review_result
CTC-PHASE81-0443,hard_negative_or_uncertain_control,CTC-AUDIT-02557,not_same_cell_link,unsupported,True,retrospective_internal_sanity_against_existing_phase78_publication_labels;not_used_for_AI_generation;not_a_new_human_review_result
CTC-PHASE81-0444,random_blind_control_from_available_reviewed_rows,CTC-AUDIT-02303,same_cell_link,same_cell_supported,True,retrospective_internal_sanity_against_existing_phase78_publication_labels;not_used_for_AI_generation;not_a_new_human_review_result
CTC-PHASE81-0445,random_blind_control_from_available_reviewed_rows,CTC-AUDIT-01990,same_cell_link,same_cell_supported,True,retrospective_internal_sanity_against_existing_phase78_publication_labels;not_used_for_AI_generation;not_a_new_human_review_result
CTC-PHASE81-0446,parc_release_core,CTC-AUDIT-00652,same_cell_link,same_cell_supported,True,retrospective_internal_sanity_against_existing_phase78_publication_labels;not_used_for_AI_generation;not_a_new_human_review_result
CTC-PHASE81-0447,raw_topK_reference_overlap,CTC-AUDIT-00136,same_cell_link,same_cell_supported,True,retrospective_internal_sanity_against_existing_phase78_publication_labels;not_used_for_AI_generation;not_a_new_human_review_result
CTC-PHASE81-0448,raw_topK_reference_overlap,CTC-AUDIT-00246,same_cell_link,same_cell_supported,True,retrospective_internal_sanity_against_existing_phase78_publication_labels;not_used_for_AI_generation;not_a_new_human_review_result
CTC-PHASE81-0449,parc_release_core,CTC-AUDIT-00533,same_cell_link,same_cell_supported,True,retrospective_internal_sanity_against_existing_phase78_publication_labels;not_used_for_AI_generation;not_a_new_human_review_result
CTC-PHASE81-0450,parc_release_core,CTC-AUDIT-00925,same_cell_link,same_cell_supported,True,retrospective_internal_sanity_against_existing_phase78_publication_labels;not_used_for_AI_generation;not_a_new_human_review_result
CTC-PHASE81-0451,parc_release_core,CTC-AUDIT-00491,same_cell_link,same_cell_supported,True,retrospective_internal_sanity_against_existing_phase78_publication_labels;not_used_for_AI_generation;not_a_new_human_review_result
CTC-PHASE81-0452,parc_release_core,CTC-AUDIT-00881,same_cell_link,same_cell_supported,True,retrospective_internal_sanity_against_existing_phase78_publication_labels;not_used_for_AI_generation;not_a_new_human_review_result
CTC-PHASE81-0453,parc_release_core,CTC-AUDIT-00777,same_cell_link,same_cell_supported,True,retrospective_internal_sanity_against_existing_phase78_publication_labels;not_used_for_AI_generation;not_a_new_human_review_result
CTC-PHASE81-0454,parc_release_core,CTC-AUDIT-01050,same_cell_link,same_cell_supported,True,retrospective_internal_sanity_against_existing_phase78_publication_labels;not_used_for_AI_generation;not_a_new_human_review_result
CTC-PHASE81-0455,parc_release_core,CTC-AUDIT-00551,same_cell_link,same_cell_supported,True,retrospective_internal_sanity_against_existing_phase78_publication_labels;not_used_for_AI_generation;not_a_new_human_review_result
CTC-PHASE81-0456,parc_release_core,CTC-AUDIT-00836,same_cell_link,same_cell_supported,True,retrospective_internal_sanity_against_existing_phase78_publication_labels;not_used_for_AI_generation;not_a_new_human_review_result
CTC-PHASE81-0457,raw_topK_reference_overlap,CTC-AUDIT-00165,same_cell_link,same_cell_supported,True,retrospective_internal_sanity_against_existing_phase78_publication_labels;not_used_for_AI_generation;not_a_new_human_review_result
CTC-PHASE81-0458,calibration_one_sided_support_pool,CTC-AUDIT-01087,same_cell_link,same_cell_supported,True,retrospective_internal_sanity_against_existing_phase78_publication_labels;not_used_for_AI_generation;not_a_new_human_review_result
CTC-PHASE81-0459,raw_topK_reference_overlap,CTC-AUDIT-00235,same_cell_link,same_cell_supported,True,retrospective_internal_sanity_against_existing_phase78_publication_labels;not_used_for_AI_generation;not_a_new_human_review_result
CTC-PHASE81-0460,raw_topK_reference_overlap,CTC-AUDIT-00195,same_cell_link,same_cell_supported,True,retrospective_internal_sanity_against_existing_phase78_publication_labels;not_used_for_AI_generation;not_a_new_human_review_result
CTC-PHASE81-0461,hard_negative_or_uncertain_control,CTC-AUDIT-02509,not_same_cell_link,uncertain,False,retrospective_internal_sanity_against_existing_phase78_publication_labels;not_used_for_AI_generation;not_a_new_human_review_result
CTC-PHASE81-0462,parc_release_core,CTC-AUDIT-00516,same_cell_link,same_cell_supported,True,retrospective_internal_sanity_against_existing_phase78_publication_labels;not_used_for_AI_generation;not_a_new_human_review_result
CTC-PHASE81-0463,random_blind_control_from_available_reviewed_rows,CTC-AUDIT-01622,same_cell_link,same_cell_supported,True,retrospective_internal_sanity_against_existing_phase78_publication_labels;not_used_for_AI_generation;not_a_new_human_review_result
CTC-PHASE81-0464,calibration_one_sided_support_pool,CTC-AUDIT-02487,same_cell_link,uncertain,False,retrospective_internal_sanity_against_existing_phase78_publication_labels;not_used_for_AI_generation;not_a_new_human_review_result
CTC-PHASE81-0465,hard_negative_or_uncertain_control,CTC-AUDIT-02531,not_same_cell_link,unsupported,True,retrospective_internal_sanity_against_existing_phase78_publication_labels;not_used_for_AI_generation;not_a_new_human_review_result
CTC-PHASE81-0466,hard_negative_or_uncertain_control,CTC-AUDIT-02529,not_same_cell_link,unsupported,True,retrospective_internal_sanity_against_existing_phase78_publication_labels;not_used_for_AI_generation;not_a_new_human_review_result
CTC-PHASE81-0467,calibration_one_sided_support_pool,CTC-AUDIT-01206,same_cell_link,same_cell_supported,True,retrospective_internal_sanity_against_existing_phase78_publication_labels;not_used_for_AI_generation;not_a_new_human_review_result
CTC-PHASE81-0468,calibration_one_sided_support_pool,CTC-AUDIT-01947,same_cell_link,same_cell_supported,True,retrospective_internal_sanity_against_existing_phase78_publication_labels;not_used_for_AI_generation;not_a_new_human_review_result
CTC-PHASE81-0469,calibration_one_sided_support_pool,CTC-AUDIT-01130,same_cell_link,same_cell_supported,True,retrospective_internal_sanity_against_existing_phase78_publication_labels;not_used_for_AI_generation;not_a_new_human_review_result
CTC-PHASE81-0470,random_blind_control_from_available_reviewed_rows,CTC-AUDIT-00944,same_cell_link,same_cell_supported,True,retrospective_internal_sanity_against_existing_phase78_publication_labels;not_used_for_AI_generation;not_a_new_human_review_result
CTC-PHASE81-0471,parc_release_core,CTC-AUDIT-00386,same_cell_link,same_cell_supported,True,retrospective_internal_sanity_against_existing_phase78_publication_labels;not_used_for_AI_generation;not_a_new_human_review_result
CTC-PHASE81-0472,parc_release_core,CTC-AUDIT-00666,same_cell_link,same_cell_supported,True,retrospective_internal_sanity_against_existing_phase78_publication_labels;not_used_for_AI_generation;not_a_new_human_review_result
CTC-PHASE81-0473,calibration_one_sided_support_pool,CTC-AUDIT-02129,same_cell_link,same_cell_supported,True,retrospective_internal_sanity_against_existing_phase78_publication_labels;not_used_for_AI_generation;not_a_new_human_review_result
CTC-PHASE81-0474,parc_release_core,CTC-AUDIT-00487,same_cell_link,same_cell_supported,True,retrospective_internal_sanity_against_existing_phase78_publication_labels;not_used_for_AI_generation;not_a_new_human_review_result
CTC-PHASE81-0475,parc_release_core,CTC-AUDIT-00501,same_cell_link,same_cell_supported,True,retrospective_internal_sanity_against_existing_phase78_publication_labels;not_used_for_AI_generation;not_a_new_human_review_result
CTC-PHASE81-0476,random_blind_control_from_available_reviewed_rows,CTC-AUDIT-02295,same_cell_link,same_cell_supported,True,retrospective_internal_sanity_against_existing_phase78_publication_labels;not_used_for_AI_generation;not_a_new_human_review_result
CTC-PHASE81-0477,parc_release_core,CTC-AUDIT-00957,same_cell_link,same_cell_supported,True,retrospective_internal_sanity_against_existing_phase78_publication_labels;not_used_for_AI_generation;not_a_new_human_review_result
CTC-PHASE81-0478,random_blind_control_from_available_reviewed_rows,CTC-AUDIT-01755,same_cell_link,same_cell_supported,True,retrospective_internal_sanity_against_existing_phase78_publication_labels;not_used_for_AI_generation;not_a_new_human_review_result
CTC-PHASE81-0479,calibration_one_sided_support_pool,CTC-AUDIT-02115,same_cell_link,same_cell_supported,True,retrospective_internal_sanity_against_existing_phase78_publication_labels;not_used_for_AI_generation;not_a_new_human_review_result
CTC-PHASE81-0480,parc_release_core,CTC-AUDIT-01001,same_cell_link,same_cell_supported,True,retrospective_internal_sanity_against_existing_phase78_publication_labels;not_used_for_AI_generation;not_a_new_human_review_result
CTC-PHASE81-0481,raw_topK_reference_overlap,CTC-AUDIT-00271,same_cell_link,same_cell_supported,True,retrospective_internal_sanity_against_existing_phase78_publication_labels;not_used_for_AI_generation;not_a_new_human_review_result
CTC-PHASE81-0482,calibration_one_sided_support_pool,CTC-AUDIT-02248,same_cell_link,same_cell_supported,True,retrospective_internal_sanity_against_existing_phase78_publication_labels;not_used_for_AI_generation;not_a_new_human_review_result
CTC-PHASE81-0483,parc_release_core,CTC-AUDIT-00746,same_cell_link,same_cell_supported,True,retrospective_internal_sanity_against_existing_phase78_publication_labels;not_used_for_AI_generation;not_a_new_human_review_result
CTC-PHASE81-0484,raw_topK_reference_overlap,CTC-AUDIT-00059,same_cell_link,same_cell_supported,True,retrospective_internal_sanity_against_existing_phase78_publication_labels;not_used_for_AI_generation;not_a_new_human_review_result
CTC-PHASE81-0485,calibration_one_sided_support_pool,CTC-AUDIT-02011,same_cell_link,same_cell_supported,True,retrospective_internal_sanity_against_existing_phase78_publication_labels;not_used_for_AI_generation;not_a_new_human_review_result
CTC-PHASE81-0486,parc_release_core,CTC-AUDIT-01003,same_cell_link,same_cell_supported,True,retrospective_internal_sanity_against_existing_phase78_publication_labels;not_used_for_AI_generation;not_a_new_human_review_result
CTC-PHASE81-0487,random_blind_control_from_available_reviewed_rows,CTC-AUDIT-00733,same_cell_link,same_cell_supported,True,retrospective_internal_sanity_against_existing_phase78_publication_labels;not_used_for_AI_generation;not_a_new_human_review_result
CTC-PHASE81-0488,parc_release_core,CTC-AUDIT-00734,same_cell_link,same_cell_supported,True,retrospective_internal_sanity_against_existing_phase78_publication_labels;not_used_for_AI_generation;not_a_new_human_review_result
CTC-PHASE81-0489,hard_negative_or_uncertain_control,CTC-AUDIT-02527,not_same_cell_link,unsupported,True,retrospective_internal_sanity_against_existing_phase78_publication_labels;not_used_for_AI_generation;not_a_new_human_review_result
CTC-PHASE81-0490,parc_release_core,CTC-AUDIT-00324,same_cell_link,same_cell_supported,True,retrospective_internal_sanity_against_existing_phase78_publication_labels;not_used_for_AI_generation;not_a_new_human_review_result
CTC-PHASE81-0491,parc_release_core,CTC-AUDIT-00313,same_cell_link,same_cell_supported,True,retrospective_internal_sanity_against_existing_phase78_publication_labels;not_used_for_AI_generation;not_a_new_human_review_result
CTC-PHASE81-0492,calibration_one_sided_support_pool,CTC-AUDIT-01804,same_cell_link,same_cell_supported,True,retrospective_internal_sanity_against_existing_phase78_publication_labels;not_used_for_AI_generation;not_a_new_human_review_result
CTC-PHASE81-0493,raw_topK_reference_overlap,CTC-AUDIT-00289,same_cell_link,same_cell_supported,True,retrospective_internal_sanity_against_existing_phase78_publication_labels;not_used_for_AI_generation;not_a_new_human_review_result
CTC-PHASE81-0494,raw_topK_reference_overlap,CTC-AUDIT-00248,same_cell_link,same_cell_supported,True,retrospective_internal_sanity_against_existing_phase78_publication_labels;not_used_for_AI_generation;not_a_new_human_review_result
CTC-PHASE81-0495,raw_topK_reference_overlap,CTC-AUDIT-00279,same_cell_link,same_cell_supported,True,retrospective_internal_sanity_against_existing_phase78_publication_labels;not_used_for_AI_generation;not_a_new_human_review_result
CTC-PHASE81-0496,parc_release_core,CTC-AUDIT-00513,same_cell_link,same_cell_supported,True,retrospective_internal_sanity_against_existing_phase78_publication_labels;not_used_for_AI_generation;not_a_new_human_review_result
CTC-PHASE81-0497,parc_release_core,CTC-AUDIT-00869,same_cell_link,same_cell_supported,True,retrospective_internal_sanity_against_existing_phase78_publication_labels;not_used_for_AI_generation;not_a_new_human_review_result
CTC-PHASE81-0498,parc_release_core,CTC-AUDIT-00761,same_cell_link,same_cell_supported,True,retrospective_internal_sanity_against_existing_phase78_publication_labels;not_used_for_AI_generation;not_a_new_human_review_result
CTC-PHASE81-0499,raw_topK_reference_overlap,CTC-AUDIT-00089,same_cell_link,same_cell_supported,True,retrospective_internal_sanity_against_existing_phase78_publication_labels;not_used_for_AI_generation;not_a_new_human_review_result
CTC-PHASE81-0500,parc_release_core,CTC-AUDIT-01020,same_cell_link,same_cell_supported,True,retrospective_internal_sanity_against_existing_phase78_publication_labels;not_used_for_AI_generation;not_a_new_human_review_result
CTC-PHASE81-0501,calibration_one_sided_support_pool,CTC-AUDIT-01655,same_cell_link,same_cell_supported,True,retrospective_internal_sanity_against_existing_phase78_publication_labels;not_used_for_AI_generation;not_a_new_human_review_result
CTC-PHASE81-0502,parc_release_core,CTC-AUDIT-00612,same_cell_link,same_cell_supported,True,retrospective_internal_sanity_against_existing_phase78_publication_labels;not_used_for_AI_generation;not_a_new_human_review_result
CTC-PHASE81-0503,parc_release_core,CTC-AUDIT-00411,same_cell_link,same_cell_supported,True,retrospective_internal_sanity_against_existing_phase78_publication_labels;not_used_for_AI_generation;not_a_new_human_review_result
CTC-PHASE81-0504,parc_release_core,CTC-AUDIT-00302,same_cell_link,same_cell_supported,True,retrospective_internal_sanity_against_existing_phase78_publication_labels;not_used_for_AI_generation;not_a_new_human_review_result
CTC-PHASE81-0505,calibration_one_sided_support_pool,CTC-AUDIT-02354,same_cell_link,same_cell_supported,True,retrospective_internal_sanity_against_existing_phase78_publication_labels;not_used_for_AI_generation;not_a_new_human_review_result
CTC-PHASE81-0506,calibration_one_sided_support_pool,CTC-AUDIT-01686,same_cell_link,same_cell_supported,True,retrospective_internal_sanity_against_existing_phase78_publication_labels;not_used_for_AI_generation;not_a_new_human_review_result
CTC-PHASE81-0507,random_blind_control_from_available_reviewed_rows,CTC-AUDIT-00387,same_cell_link,same_cell_supported,True,retrospective_internal_sanity_against_existing_phase78_publication_labels;not_used_for_AI_generation;not_a_new_human_review_result
CTC-PHASE81-0508,raw_topK_reference_overlap,CTC-AUDIT-00269,same_cell_link,same_cell_supported,True,retrospective_internal_sanity_against_existing_phase78_publication_labels;not_used_for_AI_generation;not_a_new_human_review_result
CTC-PHASE81-0509,parc_release_core,CTC-AUDIT-00986,same_cell_link,same_cell_supported,True,retrospective_internal_sanity_against_existing_phase78_publication_labels;not_used_for_AI_generation;not_a_new_human_review_result
CTC-PHASE81-0510,parc_release_core,CTC-AUDIT-00474,same_cell_link,same_cell_supported,True,retrospective_internal_sanity_against_existing_phase78_publication_labels;not_used_for_AI_generation;not_a_new_human_review_result
CTC-PHASE81-0511,calibration_one_sided_support_pool,CTC-AUDIT-02315,same_cell_link,same_cell_supported,True,retrospective_internal_sanity_against_existing_phase78_publication_labels;not_used_for_AI_generation;not_a_new_human_review_result
CTC-PHASE81-0512,calibration_one_sided_support_pool,CTC-AUDIT-02456,same_cell_link,same_cell_supported,True,retrospective_internal_sanity_against_existing_phase78_publication_labels;not_used_for_AI_generation;not_a_new_human_review_result
CTC-PHASE81-0513,random_blind_control_from_available_reviewed_rows,CTC-AUDIT-00495,same_cell_link,same_cell_supported,True,retrospective_internal_sanity_against_existing_phase78_publication_labels;not_used_for_AI_generation;not_a_new_human_review_result
CTC-PHASE81-0514,raw_topK_reference_overlap,CTC-AUDIT-00085,same_cell_link,same_cell_supported,True,retrospective_internal_sanity_against_existing_phase78_publication_labels;not_used_for_AI_generation;not_a_new_human_review_result
CTC-PHASE81-0515,parc_release_core,CTC-AUDIT-00529,same_cell_link,same_cell_supported,True,retrospective_internal_sanity_against_existing_phase78_publication_labels;not_used_for_AI_generation;not_a_new_human_review_result
CTC-PHASE81-0516,random_blind_control_from_available_reviewed_rows,CTC-AUDIT-00604,same_cell_link,same_cell_supported,True,retrospective_internal_sanity_against_existing_phase78_publication_labels;not_used_for_AI_generation;not_a_new_human_review_result
CTC-PHASE81-0517,calibration_one_sided_support_pool,CTC-AUDIT-01166,same_cell_link,same_cell_supported,True,retrospective_internal_sanity_against_existing_phase78_publication_labels;not_used_for_AI_generation;not_a_new_human_review_result
CTC-PHASE81-0518,random_blind_control_from_available_reviewed_rows,CTC-AUDIT-00031,same_cell_link,same_cell_supported,True,retrospective_internal_sanity_against_existing_phase78_publication_labels;not_used_for_AI_generation;not_a_new_human_review_result
CTC-PHASE81-0519,raw_topK_reference_overlap,CTC-AUDIT-00045,same_cell_link,same_cell_supported,True,retrospective_internal_sanity_against_existing_phase78_publication_labels;not_used_for_AI_generation;not_a_new_human_review_result
CTC-PHASE81-0520,parc_release_core,CTC-AUDIT-00933,same_cell_link,same_cell_supported,True,retrospective_internal_sanity_against_existing_phase78_publication_labels;not_used_for_AI_generation;not_a_new_human_review_result
CTC-PHASE81-0521,parc_release_core,CTC-AUDIT-00927,same_cell_link,same_cell_supported,True,retrospective_internal_sanity_against_existing_phase78_publication_labels;not_used_for_AI_generation;not_a_new_human_review_result
CTC-PHASE81-0522,parc_release_core,CTC-AUDIT-00594,same_cell_link,same_cell_supported,True,retrospective_internal_sanity_against_existing_phase78_publication_labels;not_used_for_AI_generation;not_a_new_human_review_result
CTC-PHASE81-0523,raw_topK_reference_overlap,CTC-AUDIT-00082,same_cell_link,same_cell_supported,True,retrospective_internal_sanity_against_existing_phase78_publication_labels;not_used_for_AI_generation;not_a_new_human_review_result
CTC-PHASE81-0524,calibration_one_sided_support_pool,CTC-AUDIT-02151,same_cell_link,same_cell_supported,True,retrospective_internal_sanity_against_existing_phase78_publication_labels;not_used_for_AI_generation;not_a_new_human_review_result
CTC-PHASE81-0525,calibration_one_sided_support_pool,CTC-AUDIT-01845,same_cell_link,same_cell_supported,True,retrospective_internal_sanity_against_existing_phase78_publication_labels;not_used_for_AI_generation;not_a_new_human_review_result
CTC-PHASE81-0526,calibration_one_sided_support_pool,CTC-AUDIT-01738,same_cell_link,same_cell_supported,True,retrospective_internal_sanity_against_existing_phase78_publication_labels;not_used_for_AI_generation;not_a_new_human_review_result
CTC-PHASE81-0527,random_blind_control_from_available_reviewed_rows,CTC-AUDIT-00610,same_cell_link,same_cell_supported,True,retrospective_internal_sanity_against_existing_phase78_publication_labels;not_used_for_AI_generation;not_a_new_human_review_result
CTC-PHASE81-0528,parc_release_core,CTC-AUDIT-00741,same_cell_link,same_cell_supported,True,retrospective_internal_sanity_against_existing_phase78_publication_labels;not_used_for_AI_generation;not_a_new_human_review_result
CTC-PHASE81-0529,hard_negative_or_uncertain_control,CTC-AUDIT-02555,not_same_cell_link,unsupported,True,retrospective_internal_sanity_against_existing_phase78_publication_labels;not_used_for_AI_generation;not_a_new_human_review_result
CTC-PHASE81-0530,parc_release_core,CTC-AUDIT-00438,same_cell_link,same_cell_supported,True,retrospective_internal_sanity_against_existing_phase78_publication_labels;not_used_for_AI_generation;not_a_new_human_review_result
CTC-PHASE81-0531,parc_release_core,CTC-AUDIT-00515,same_cell_link,same_cell_supported,True,retrospective_internal_sanity_against_existing_phase78_publication_labels;not_used_for_AI_generation;not_a_new_human_review_result
CTC-PHASE81-0532,parc_release_core,CTC-AUDIT-00720,same_cell_link,same_cell_supported,True,retrospective_internal_sanity_against_existing_phase78_publication_labels;not_used_for_AI_generation;not_a_new_human_review_result
CTC-PHASE81-0533,parc_release_core,CTC-AUDIT-01010,same_cell_link,same_cell_supported,True,retrospective_internal_sanity_against_existing_phase78_publication_labels;not_used_for_AI_generation;not_a_new_human_review_result
CTC-PHASE81-0534,parc_release_core,CTC-AUDIT-00555,same_cell_link,same_cell_supported,True,retrospective_internal_sanity_against_existing_phase78_publication_labels;not_used_for_AI_generation;not_a_new_human_review_result
CTC-PHASE81-0535,parc_release_core,CTC-AUDIT-00352,same_cell_link,same_cell_supported,True,retrospective_internal_sanity_against_existing_phase78_publication_labels;not_used_for_AI_generation;not_a_new_human_review_result
CTC-PHASE81-0536,parc_release_core,CTC-AUDIT-00960,same_cell_link,same_cell_supported,True,retrospective_internal_sanity_against_existing_phase78_publication_labels;not_used_for_AI_generation;not_a_new_human_review_result
CTC-PHASE81-0537,hard_negative_or_uncertain_control,CTC-AUDIT-02545,not_same_cell_link,unsupported,True,retrospective_internal_sanity_against_existing_phase78_publication_labels;not_used_for_AI_generation;not_a_new_human_review_result
CTC-PHASE81-0538,calibration_one_sided_support_pool,CTC-AUDIT-01127,same_cell_link,same_cell_supported,True,retrospective_internal_sanity_against_existing_phase78_publication_labels;not_used_for_AI_generation;not_a_new_human_review_result
CTC-PHASE81-0539,calibration_one_sided_support_pool,CTC-AUDIT-02280,same_cell_link,same_cell_supported,True,retrospective_internal_sanity_against_existing_phase78_publication_labels;not_used_for_AI_generation;not_a_new_human_review_result
CTC-PHASE81-0540,random_blind_control_from_available_reviewed_rows,CTC-AUDIT-02451,same_cell_link,same_cell_supported,True,retrospective_internal_sanity_against_existing_phase78_publication_labels;not_used_for_AI_generation;not_a_new_human_review_result
CTC-PHASE81-0541,parc_release_core,CTC-AUDIT-00528,same_cell_link,same_cell_supported,True,retrospective_internal_sanity_against_existing_phase78_publication_labels;not_used_for_AI_generation;not_a_new_human_review_result
CTC-PHASE81-0542,random_blind_control_from_available_reviewed_rows,CTC-AUDIT-00919,same_cell_link,same_cell_supported,True,retrospective_internal_sanity_against_existing_phase78_publication_labels;not_used_for_AI_generation;not_a_new_human_review_result
CTC-PHASE81-0543,calibration_one_sided_support_pool,CTC-AUDIT-01398,same_cell_link,same_cell_supported,True,retrospective_internal_sanity_against_existing_phase78_publication_labels;not_used_for_AI_generation;not_a_new_human_review_result
CTC-PHASE81-0544,random_blind_control_from_available_reviewed_rows,CTC-AUDIT-00683,same_cell_link,same_cell_supported,True,retrospective_internal_sanity_against_existing_phase78_publication_labels;not_used_for_AI_generation;not_a_new_human_review_result
CTC-PHASE81-0545,parc_release_core,CTC-AUDIT-00539,same_cell_link,same_cell_supported,True,retrospective_internal_sanity_against_existing_phase78_publication_labels;not_used_for_AI_generation;not_a_new_human_review_result
CTC-PHASE81-0546,hard_negative_or_uncertain_control,CTC-AUDIT-02538,not_same_cell_link,unsupported,True,retrospective_internal_sanity_against_existing_phase78_publication_labels;not_used_for_AI_generation;not_a_new_human_review_result
CTC-PHASE81-0547,raw_topK_reference_overlap,CTC-AUDIT-00265,same_cell_link,same_cell_supported,True,retrospective_internal_sanity_against_existing_phase78_publication_labels;not_used_for_AI_generation;not_a_new_human_review_result
CTC-PHASE81-0548,parc_release_core,CTC-AUDIT-00788,same_cell_link,same_cell_supported,True,retrospective_internal_sanity_against_existing_phase78_publication_labels;not_used_for_AI_generation;not_a_new_human_review_result
CTC-PHASE81-0549,parc_release_core,CTC-AUDIT-00615,same_cell_link,same_cell_supported,True,retrospective_internal_sanity_against_existing_phase78_publication_labels;not_used_for_AI_generation;not_a_new_human_review_result
CTC-PHASE81-0550,random_blind_control_from_available_reviewed_rows,CTC-AUDIT-02177,same_cell_link,same_cell_supported,True,retrospective_internal_sanity_against_existing_phase78_publication_labels;not_used_for_AI_generation;not_a_new_human_review_result
CTC-PHASE81-0551,parc_release_core,CTC-AUDIT-00560,same_cell_link,same_cell_supported,True,retrospective_internal_sanity_against_existing_phase78_publication_labels;not_used_for_AI_generation;not_a_new_human_review_result
CTC-PHASE81-0552,calibration_one_sided_support_pool,CTC-AUDIT-01648,same_cell_link,same_cell_supported,True,retrospective_internal_sanity_against_existing_phase78_publication_labels;not_used_for_AI_generation;not_a_new_human_review_result
CTC-PHASE81-0553,calibration_one_sided_support_pool,CTC-AUDIT-01586,same_cell_link,same_cell_supported,True,retrospective_internal_sanity_against_existing_phase78_publication_labels;not_used_for_AI_generation;not_a_new_human_review_result
CTC-PHASE81-0554,raw_topK_reference_overlap,CTC-AUDIT-00293,same_cell_link,same_cell_supported,True,retrospective_internal_sanity_against_existing_phase78_publication_labels;not_used_for_AI_generation;not_a_new_human_review_result
CTC-PHASE81-0555,parc_release_core,CTC-AUDIT-00709,same_cell_link,same_cell_supported,True,retrospective_internal_sanity_against_existing_phase78_publication_labels;not_used_for_AI_generation;not_a_new_human_review_result
CTC-PHASE81-0556,parc_release_core,CTC-AUDIT-00748,same_cell_link,same_cell_supported,True,retrospective_internal_sanity_against_existing_phase78_publication_labels;not_used_for_AI_generation;not_a_new_human_review_result
CTC-PHASE81-0557,calibration_one_sided_support_pool,CTC-AUDIT-02518,same_cell_link,same_cell_supported,True,retrospective_internal_sanity_against_existing_phase78_publication_labels;not_used_for_AI_generation;not_a_new_human_review_result
CTC-PHASE81-0558,parc_release_core,CTC-AUDIT-00876,same_cell_link,same_cell_supported,True,retrospective_internal_sanity_against_existing_phase78_publication_labels;not_used_for_AI_generation;not_a_new_human_review_result
CTC-PHASE81-0559,parc_release_core,CTC-AUDIT-00745,same_cell_link,same_cell_supported,True,retrospective_internal_sanity_against_existing_phase78_publication_labels;not_used_for_AI_generation;not_a_new_human_review_result
CTC-PHASE81-0560,raw_topK_reference_overlap,CTC-AUDIT-00008,same_cell_link,same_cell_supported,True,retrospective_internal_sanity_against_existing_phase78_publication_labels;not_used_for_AI_generation;not_a_new_human_review_result
CTC-PHASE81-0561,parc_release_core,CTC-AUDIT-00700,same_cell_link,same_cell_supported,True,retrospective_internal_sanity_against_existing_phase78_publication_labels;not_used_for_AI_generation;not_a_new_human_review_result
CTC-PHASE81-0562,raw_topK_reference_overlap,CTC-AUDIT-00187,same_cell_link,same_cell_supported,True,retrospective_internal_sanity_against_existing_phase78_publication_labels;not_used_for_AI_generation;not_a_new_human_review_result
CTC-PHASE81-0563,parc_release_core,CTC-AUDIT-00886,same_cell_link,same_cell_supported,True,retrospective_internal_sanity_against_existing_phase78_publication_labels;not_used_for_AI_generation;not_a_new_human_review_result
CTC-PHASE81-0564,calibration_one_sided_support_pool,CTC-AUDIT-01795,same_cell_link,same_cell_supported,True,retrospective_internal_sanity_against_existing_phase78_publication_labels;not_used_for_AI_generation;not_a_new_human_review_result
CTC-PHASE81-0565,parc_release_core,CTC-AUDIT-00950,same_cell_link,same_cell_supported,True,retrospective_internal_sanity_against_existing_phase78_publication_labels;not_used_for_AI_generation;not_a_new_human_review_result
CTC-PHASE81-0566,parc_release_core,CTC-AUDIT-00547,same_cell_link,same_cell_supported,True,retrospective_internal_sanity_against_existing_phase78_publication_labels;not_used_for_AI_generation;not_a_new_human_review_result
CTC-PHASE81-0567,raw_topK_reference_overlap,CTC-AUDIT-00084,same_cell_link,same_cell_supported,True,retrospective_internal_sanity_against_existing_phase78_publication_labels;not_used_for_AI_generation;not_a_new_human_review_result
CTC-PHASE81-0568,raw_topK_reference_overlap,CTC-AUDIT-00249,same_cell_link,same_cell_supported,True,retrospective_internal_sanity_against_existing_phase78_publication_labels;not_used_for_AI_generation;not_a_new_human_review_result
CTC-PHASE81-0569,raw_topK_reference_overlap,CTC-AUDIT-00072,same_cell_link,same_cell_supported,True,retrospective_internal_sanity_against_existing_phase78_publication_labels;not_used_for_AI_generation;not_a_new_human_review_result
CTC-PHASE81-0570,parc_release_core,CTC-AUDIT-00585,same_cell_link,same_cell_supported,True,retrospective_internal_sanity_against_existing_phase78_publication_labels;not_used_for_AI_generation;not_a_new_human_review_result
CTC-PHASE81-0571,parc_release_core,CTC-AUDIT-00750,same_cell_link,same_cell_supported,True,retrospective_internal_sanity_against_existing_phase78_publication_labels;not_used_for_AI_generation;not_a_new_human_review_result
CTC-PHASE81-0572,random_blind_control_from_available_reviewed_rows,CTC-AUDIT-00806,same_cell_link,same_cell_supported,True,retrospective_internal_sanity_against_existing_phase78_publication_labels;not_used_for_AI_generation;not_a_new_human_review_result
CTC-PHASE81-0573,parc_release_core,CTC-AUDIT-00518,same_cell_link,same_cell_supported,True,retrospective_internal_sanity_against_existing_phase78_publication_labels;not_used_for_AI_generation;not_a_new_human_review_result
CTC-PHASE81-0574,calibration_one_sided_support_pool,CTC-AUDIT-01808,same_cell_link,same_cell_supported,True,retrospective_internal_sanity_against_existing_phase78_publication_labels;not_used_for_AI_generation;not_a_new_human_review_result
CTC-PHASE81-0575,calibration_one_sided_support_pool,CTC-AUDIT-01684,same_cell_link,same_cell_supported,True,retrospective_internal_sanity_against_existing_phase78_publication_labels;not_used_for_AI_generation;not_a_new_human_review_result
CTC-PHASE81-0576,parc_release_core,CTC-AUDIT-00568,same_cell_link,same_cell_supported,True,retrospective_internal_sanity_against_existing_phase78_publication_labels;not_used_for_AI_generation;not_a_new_human_review_result
CTC-PHASE81-0577,raw_topK_reference_overlap,CTC-AUDIT-00071,same_cell_link,same_cell_supported,True,retrospective_internal_sanity_against_existing_phase78_publication_labels;not_used_for_AI_generation;not_a_new_human_review_result
CTC-PHASE81-0578,hard_negative_or_uncertain_control,CTC-AUDIT-02547,not_same_cell_link,unsupported,True,retrospective_internal_sanity_against_existing_phase78_publication_labels;not_used_for_AI_generation;not_a_new_human_review_result
CTC-PHASE81-0579,raw_topK_reference_overlap,CTC-AUDIT-00117,same_cell_link,same_cell_supported,True,retrospective_internal_sanity_against_existing_phase78_publication_labels;not_used_for_AI_generation;not_a_new_human_review_result
CTC-PHASE81-0580,parc_release_core,CTC-AUDIT-00678,same_cell_link,same_cell_supported,True,retrospective_internal_sanity_against_existing_phase78_publication_labels;not_used_for_AI_generation;not_a_new_human_review_result
CTC-PHASE81-0581,calibration_one_sided_support_pool,CTC-AUDIT-02301,same_cell_link,same_cell_supported,True,retrospective_internal_sanity_against_existing_phase78_publication_labels;not_used_for_AI_generation;not_a_new_human_review_result
CTC-PHASE81-0582,calibration_one_sided_support_pool,CTC-AUDIT-02465,same_cell_link,same_cell_supported,True,retrospective_internal_sanity_against_existing_phase78_publication_labels;not_used_for_AI_generation;not_a_new_human_review_result
CTC-PHASE81-0583,calibration_one_sided_support_pool,CTC-AUDIT-01313,same_cell_link,same_cell_supported,True,retrospective_internal_sanity_against_existing_phase78_publication_labels;not_used_for_AI_generation;not_a_new_human_review_result
CTC-PHASE81-0584,parc_release_core,CTC-AUDIT-00879,same_cell_link,same_cell_supported,True,retrospective_internal_sanity_against_existing_phase78_publication_labels;not_used_for_AI_generation;not_a_new_human_review_result
CTC-PHASE81-0585,calibration_one_sided_support_pool,CTC-AUDIT-02444,same_cell_link,same_cell_supported,True,retrospective_internal_sanity_against_existing_phase78_publication_labels;not_used_for_AI_generation;not_a_new_human_review_result
CTC-PHASE81-0586,parc_release_core,CTC-AUDIT-00659,same_cell_link,same_cell_supported,True,retrospective_internal_sanity_against_existing_phase78_publication_labels;not_used_for_AI_generation;not_a_new_human_review_result
CTC-PHASE81-0587,hard_negative_or_uncertain_control,CTC-AUDIT-02559,not_same_cell_link,unsupported,True,retrospective_internal_sanity_against_existing_phase78_publication_labels;not_used_for_AI_generation;not_a_new_human_review_result
CTC-PHASE81-0588,calibration_one_sided_support_pool,CTC-AUDIT-02340,same_cell_link,same_cell_supported,True,retrospective_internal_sanity_against_existing_phase78_publication_labels;not_used_for_AI_generation;not_a_new_human_review_result
CTC-PHASE81-0589,calibration_one_sided_support_pool,CTC-AUDIT-01791,same_cell_link,same_cell_supported,True,retrospective_internal_sanity_against_existing_phase78_publication_labels;not_used_for_AI_generation;not_a_new_human_review_result
CTC-PHASE81-0590,raw_topK_reference_overlap,CTC-AUDIT-00070,same_cell_link,same_cell_supported,True,retrospective_internal_sanity_against_existing_phase78_publication_labels;not_used_for_AI_generation;not_a_new_human_review_result
CTC-PHASE81-0591,raw_topK_reference_overlap,CTC-AUDIT-00020,same_cell_link,same_cell_supported,True,retrospective_internal_sanity_against_existing_phase78_publication_labels;not_used_for_AI_generation;not_a_new_human_review_result
CTC-PHASE81-0592,calibration_one_sided_support_pool,CTC-AUDIT-01991,same_cell_link,same_cell_supported,True,retrospective_internal_sanity_against_existing_phase78_publication_labels;not_used_for_AI_generation;not_a_new_human_review_result
CTC-PHASE81-0593,calibration_one_sided_support_pool,CTC-AUDIT-01381,same_cell_link,same_cell_supported,True,retrospective_internal_sanity_against_existing_phase78_publication_labels;not_used_for_AI_generation;not_a_new_human_review_result
CTC-PHASE81-0594,calibration_one_sided_support_pool,CTC-AUDIT-01198,same_cell_link,same_cell_supported,True,retrospective_internal_sanity_against_existing_phase78_publication_labels;not_used_for_AI_generation;not_a_new_human_review_result
CTC-PHASE81-0595,calibration_one_sided_support_pool,CTC-AUDIT-02059,same_cell_link,same_cell_supported,True,retrospective_internal_sanity_against_existing_phase78_publication_labels;not_used_for_AI_generation;not_a_new_human_review_result
CTC-PHASE81-0596,parc_release_core,CTC-AUDIT-00468,same_cell_link,same_cell_supported,True,retrospective_internal_sanity_against_existing_phase78_publication_labels;not_used_for_AI_generation;not_a_new_human_review_result
CTC-PHASE81-0597,raw_topK_reference_overlap,CTC-AUDIT-00130,same_cell_link,same_cell_supported,True,retrospective_internal_sanity_against_existing_phase78_publication_labels;not_used_for_AI_generation;not_a_new_human_review_result
CTC-PHASE81-0598,parc_release_core,CTC-AUDIT-00996,same_cell_link,same_cell_supported,True,retrospective_internal_sanity_against_existing_phase78_publication_labels;not_used_for_AI_generation;not_a_new_human_review_result
CTC-PHASE81-0599,parc_release_core,CTC-AUDIT-00778,same_cell_link,same_cell_supported,True,retrospective_internal_sanity_against_existing_phase78_publication_labels;not_used_for_AI_generation;not_a_new_human_review_result
CTC-PHASE81-0600,parc_release_core,CTC-AUDIT-00453,same_cell_link,same_cell_supported,True,retrospective_internal_sanity_against_existing_phase78_publication_labels;not_used_for_AI_generation;not_a_new_human_review_result
