domain,dataset,unit,proposal_source,model_family,trial_type,label_reveal_timing,verification_mode,block_definition,rho,alpha,K,seed,decision,max_observed_e,required_e,best_mass_ratio,self_consistency_margin,release_threshold_tau,calibration_blocks,followup_blocks,nonempty_calibration_null_blocks,block_coverage,observed_positives,p_min_effective,gamma,emax_effective,raw_topK_size,PARC_release_size,raw_only_tail_size,raw_topR_matched_size,raw_topK_unstable,PARC_unstable,raw_only_tail_unstable,raw_topR_matched_unstable,raw_topK_FTR,PARC_FTR,raw_only_tail_FTR,raw_topR_matched_FTR,raw_DFT_efficiency_per100,PARC_DFT_efficiency_per100,raw_tail_DFT_efficiency_per100,unstable_followups_prevented,stable_hits_released,evidence_status
materials_discovery,Matbench Discovery WBM unique prototypes,stable_inorganic_crystal_candidate,alignn_ff_modern_learned_materials_model,ALIGNN-FF,quasi_prospective_public_DFT_label_followup,followup_partition_DFT_labels_used_only_after_PARC_decision,pre_release_top_score_DFT_stable_positives_in_calibration_blocks,composition_family_pair,0.1,0.1,100,0,boundary_release,164.6858515373797,10.0,8.893035983018505,1.860652557222453,10.0,3686,3686,3674,0.9967444384156267,1710,0.00027210884353741496,0.12181294085397648,164.6858515373797,100,100,0,100,14,14,0,14,0.14,0.14,0.0,0.14,86.0,86.0,0.0,0,86,completed_quasi_prospective_public_DFT_label_trial
materials_discovery,Matbench Discovery WBM unique prototypes,stable_inorganic_crystal_candidate,alignn_ff_modern_learned_materials_model,ALIGNN-FF,quasi_prospective_public_DFT_label_followup,followup_partition_DFT_labels_used_only_after_PARC_decision,pre_release_top_score_DFT_stable_positives_in_calibration_blocks,composition_family_pair,0.1,0.1,300,0,certified_release,164.6858515373797,10.0,2.964345327672835,10.124323350875102,52.63157894736842,3686,3686,3674,0.9967444384156267,1710,0.00027210884353741496,0.12181294085397648,164.6858515373797,300,57,243,57,86,4,82,4,0.2866666666666667,0.07017543859649122,0.3374485596707819,0.07017543859649122,71.33333333333334,92.98245614035088,66.2551440329218,82,53,completed_quasi_prospective_public_DFT_label_trial
materials_discovery,Matbench Discovery WBM unique prototypes,stable_inorganic_crystal_candidate,alignn_ff_modern_learned_materials_model,ALIGNN-FF,quasi_prospective_public_DFT_label_followup,followup_partition_DFT_labels_used_only_after_PARC_decision,pre_release_top_score_DFT_stable_positives_in_calibration_blocks,composition_family_pair,0.1,0.1,500,0,certified_release,164.6858515373797,10.0,1.778607196603701,0.31173439179346474,89.28571428571428,3686,3686,3674,0.9967444384156267,1710,0.00027210884353741496,0.12181294085397648,164.6858515373797,500,56,444,56,177,3,174,3,0.354,0.05357142857142857,0.3918918918918919,0.05357142857142857,64.60000000000001,94.64285714285714,60.810810810810814,174,53,completed_quasi_prospective_public_DFT_label_trial
materials_discovery,Matbench Discovery WBM unique prototypes,stable_inorganic_crystal_candidate,alignn_ff_modern_learned_materials_model,ALIGNN-FF,quasi_prospective_public_DFT_label_followup,followup_partition_DFT_labels_used_only_after_PARC_decision,pre_release_top_score_DFT_stable_positives_in_calibration_blocks,composition_family_pair,0.1,0.1,1000,0,certified_refusal,164.6858515373797,10.0,0.8893035983018505,-7.660499798075319,10.0,3686,3686,3674,0.9967444384156267,1710,0.00027210884353741496,0.12181294085397648,164.6858515373797,1000,0,1000,0,386,0,386,0,0.386,0.0,0.386,0.0,61.4,0.0,61.4,386,0,completed_quasi_prospective_public_DFT_label_trial
materials_discovery,Matbench Discovery WBM unique prototypes,stable_inorganic_crystal_candidate,alignn_ff_modern_learned_materials_model,ALIGNN-FF,quasi_prospective_public_DFT_label_followup,followup_partition_DFT_labels_used_only_after_PARC_decision,pre_release_top_score_DFT_stable_positives_in_calibration_blocks,composition_family_pair,0.1,0.1,5000,0,certified_refusal,164.6858515373797,10.0,0.1778607196603701,-9.445307431897266,10.0,3686,3686,3674,0.9967444384156267,1710,0.00027210884353741496,0.12181294085397648,164.6858515373797,5000,0,5000,0,2587,0,2587,0,0.5174,0.0,0.5174,0.0,48.26,0.0,48.26,2587,0,completed_quasi_prospective_public_DFT_label_trial
materials_discovery,Matbench Discovery WBM unique prototypes,stable_inorganic_crystal_candidate,alignn_ff_modern_learned_materials_model,ALIGNN-FF,quasi_prospective_public_DFT_label_followup,followup_partition_DFT_labels_used_only_after_PARC_decision,pre_release_top_score_DFT_stable_positives_in_calibration_blocks,composition_family_pair,0.1,0.2,100,0,certified_release,164.6858515373797,5.0,17.78607196603701,6.860652557222453,5.0,3686,3686,3674,0.9967444384156267,1710,0.00027210884353741496,0.12181294085397648,164.6858515373797,100,100,0,100,14,14,0,14,0.14,0.14,0.0,0.14,86.0,86.0,0.0,0,86,completed_quasi_prospective_public_DFT_label_trial
materials_discovery,Matbench Discovery WBM unique prototypes,stable_inorganic_crystal_candidate,alignn_ff_modern_learned_materials_model,ALIGNN-FF,quasi_prospective_public_DFT_label_followup,followup_partition_DFT_labels_used_only_after_PARC_decision,pre_release_top_score_DFT_stable_positives_in_calibration_blocks,composition_family_pair,0.1,0.2,300,0,boundary_release,164.6858515373797,5.0,5.92869065534567,0.7074731811830892,5.0,3686,3686,3674,0.9967444384156267,1710,0.00027210884353741496,0.12181294085397648,164.6858515373797,300,300,0,300,86,86,0,86,0.2866666666666667,0.2866666666666667,0.0,0.2866666666666667,71.33333333333334,71.33333333333334,0.0,0,214,completed_quasi_prospective_public_DFT_label_trial
materials_discovery,Matbench Discovery WBM unique prototypes,stable_inorganic_crystal_candidate,alignn_ff_modern_learned_materials_model,ALIGNN-FF,quasi_prospective_public_DFT_label_followup,followup_partition_DFT_labels_used_only_after_PARC_decision,pre_release_top_score_DFT_stable_positives_in_calibration_blocks,composition_family_pair,0.1,0.2,500,0,certified_release,164.6858515373797,5.0,3.557214393207402,0.38843231520174726,39.68253968253968,3686,3686,3674,0.9967444384156267,1710,0.00027210884353741496,0.12181294085397648,164.6858515373797,500,63,437,63,177,5,172,5,0.354,0.07936507936507936,0.39359267734553777,0.07936507936507936,64.60000000000001,92.06349206349206,60.64073226544623,172,58,completed_quasi_prospective_public_DFT_label_trial
materials_discovery,Matbench Discovery WBM unique prototypes,stable_inorganic_crystal_candidate,alignn_ff_modern_learned_materials_model,ALIGNN-FF,quasi_prospective_public_DFT_label_followup,followup_partition_DFT_labels_used_only_after_PARC_decision,pre_release_top_score_DFT_stable_positives_in_calibration_blocks,composition_family_pair,0.1,0.2,1000,0,certified_release,164.6858515373797,5.0,1.778607196603701,0.31173439179346474,89.28571428571428,3686,3686,3674,0.9967444384156267,1710,0.00027210884353741496,0.12181294085397648,164.6858515373797,1000,56,944,56,386,3,383,3,0.386,0.05357142857142857,0.4057203389830508,0.05357142857142857,61.4,94.64285714285714,59.42796610169492,383,53,completed_quasi_prospective_public_DFT_label_trial
materials_discovery,Matbench Discovery WBM unique prototypes,stable_inorganic_crystal_candidate,alignn_ff_modern_learned_materials_model,ALIGNN-FF,quasi_prospective_public_DFT_label_followup,followup_partition_DFT_labels_used_only_after_PARC_decision,pre_release_top_score_DFT_stable_positives_in_calibration_blocks,composition_family_pair,0.1,0.2,5000,0,certified_refusal,164.6858515373797,5.0,0.3557214393207402,-4.445307431897267,5.0,3686,3686,3674,0.9967444384156267,1710,0.00027210884353741496,0.12181294085397648,164.6858515373797,5000,0,5000,0,2587,0,2587,0,0.5174,0.0,0.5174,0.0,48.26,0.0,48.26,2587,0,completed_quasi_prospective_public_DFT_label_trial
materials_discovery,Matbench Discovery WBM unique prototypes,stable_inorganic_crystal_candidate,cgcnn_ensemble_learned_materials_model,CGCNN 10-member ensemble,quasi_prospective_public_DFT_label_followup,followup_partition_DFT_labels_used_only_after_PARC_decision,pre_release_top_score_DFT_stable_positives_in_calibration_blocks,composition_family_pair,0.1,0.1,100,0,certified_release,164.60714181580366,10.0,8.888785658053399,19.80583811480544,10.0,3686,3686,3672,0.9962018448182312,1710,0.0002722570106180234,0.12182101890347945,164.60714181580366,100,100,0,100,6,6,0,6,0.06,0.06,0.0,0.06,94.0,94.0,0.0,0,94,completed_quasi_prospective_public_DFT_label_trial
materials_discovery,Matbench Discovery WBM unique prototypes,stable_inorganic_crystal_candidate,cgcnn_ensemble_learned_materials_model,CGCNN 10-member ensemble,quasi_prospective_public_DFT_label_followup,followup_partition_DFT_labels_used_only_after_PARC_decision,pre_release_top_score_DFT_stable_positives_in_calibration_blocks,composition_family_pair,0.1,0.1,300,0,certified_release,164.60714181580366,10.0,2.962928552684466,0.39407340892308795,29.41176470588235,3686,3686,3672,0.9962018448182312,1710,0.0002722570106180234,0.12182101890347945,164.60714181580366,300,102,198,102,87,7,80,7,0.29,0.06862745098039216,0.40404040404040403,0.06862745098039216,71.0,93.13725490196079,59.59595959595959,80,95,completed_quasi_prospective_public_DFT_label_trial
materials_discovery,Matbench Discovery WBM unique prototypes,stable_inorganic_crystal_candidate,cgcnn_ensemble_learned_materials_model,CGCNN 10-member ensemble,quasi_prospective_public_DFT_label_followup,followup_partition_DFT_labels_used_only_after_PARC_decision,pre_release_top_score_DFT_stable_positives_in_calibration_blocks,composition_family_pair,0.1,0.1,500,0,certified_release,164.60714181580366,10.0,1.7777571316106795,7.587914928194081,81.96721311475409,3686,3686,3672,0.9962018448182312,1710,0.0002722570106180234,0.12182101890347945,164.60714181580366,500,61,439,61,181,1,180,1,0.362,0.01639344262295082,0.41002277904328016,0.01639344262295082,63.800000000000004,98.36065573770492,58.997722095671975,180,60,completed_quasi_prospective_public_DFT_label_trial
materials_discovery,Matbench Discovery WBM unique prototypes,stable_inorganic_crystal_candidate,cgcnn_ensemble_learned_materials_model,CGCNN 10-member ensemble,quasi_prospective_public_DFT_label_followup,followup_partition_DFT_labels_used_only_after_PARC_decision,pre_release_top_score_DFT_stable_positives_in_calibration_blocks,composition_family_pair,0.1,0.1,1000,0,certified_refusal,164.60714181580366,10.0,0.8888785658053397,-8.058864935633773,10.0,3686,3686,3672,0.9962018448182312,1710,0.0002722570106180234,0.12182101890347945,164.60714181580366,1000,0,1000,0,415,0,415,0,0.415,0.0,0.415,0.0,58.5,0.0,58.5,415,0,completed_quasi_prospective_public_DFT_label_trial
materials_discovery,Matbench Discovery WBM unique prototypes,stable_inorganic_crystal_candidate,cgcnn_ensemble_learned_materials_model,CGCNN 10-member ensemble,quasi_prospective_public_DFT_label_followup,followup_partition_DFT_labels_used_only_after_PARC_decision,pre_release_top_score_DFT_stable_positives_in_calibration_blocks,composition_family_pair,0.1,0.1,5000,0,certified_refusal,164.60714181580366,10.0,0.17777571316106797,-9.640751217559039,10.0,3686,3686,3672,0.9962018448182312,1710,0.0002722570106180234,0.12182101890347945,164.60714181580366,5000,0,5000,0,2003,0,2003,0,0.4006,0.0,0.4006,0.0,59.940000000000005,0.0,59.940000000000005,2003,0,completed_quasi_prospective_public_DFT_label_trial
materials_discovery,Matbench Discovery WBM unique prototypes,stable_inorganic_crystal_candidate,cgcnn_ensemble_learned_materials_model,CGCNN 10-member ensemble,quasi_prospective_public_DFT_label_followup,followup_partition_DFT_labels_used_only_after_PARC_decision,pre_release_top_score_DFT_stable_positives_in_calibration_blocks,composition_family_pair,0.1,0.2,100,0,certified_release,164.60714181580366,5.0,17.777571316106798,24.80583811480544,5.0,3686,3686,3672,0.9962018448182312,1710,0.0002722570106180234,0.12182101890347945,164.60714181580366,100,100,0,100,6,6,0,6,0.06,0.06,0.0,0.06,94.0,94.0,0.0,0,94,completed_quasi_prospective_public_DFT_label_trial
materials_discovery,Matbench Discovery WBM unique prototypes,stable_inorganic_crystal_candidate,cgcnn_ensemble_learned_materials_model,CGCNN 10-member ensemble,quasi_prospective_public_DFT_label_followup,followup_partition_DFT_labels_used_only_after_PARC_decision,pre_release_top_score_DFT_stable_positives_in_calibration_blocks,composition_family_pair,0.1,0.2,300,0,certified_release,164.60714181580366,5.0,5.925857105368932,0.10127447585055016,10.0,3686,3686,3672,0.9962018448182312,1710,0.0002722570106180234,0.12182101890347945,164.60714181580366,300,150,150,150,87,25,62,25,0.29,0.16666666666666666,0.41333333333333333,0.16666666666666666,71.0,83.33333333333334,58.666666666666664,62,125,completed_quasi_prospective_public_DFT_label_trial
materials_discovery,Matbench Discovery WBM unique prototypes,stable_inorganic_crystal_candidate,cgcnn_ensemble_learned_materials_model,CGCNN 10-member ensemble,quasi_prospective_public_DFT_label_followup,followup_partition_DFT_labels_used_only_after_PARC_decision,pre_release_top_score_DFT_stable_positives_in_calibration_blocks,composition_family_pair,0.1,0.2,500,0,certified_release,164.60714181580366,5.0,3.555514263221359,1.1294682789310713,20.661157024793386,3686,3686,3672,0.9962018448182312,1710,0.0002722570106180234,0.12182101890347945,164.60714181580366,500,121,379,121,181,19,162,19,0.362,0.15702479338842976,0.42744063324538256,0.15702479338842976,63.800000000000004,84.29752066115702,57.25593667546174,162,102,completed_quasi_prospective_public_DFT_label_trial
materials_discovery,Matbench Discovery WBM unique prototypes,stable_inorganic_crystal_candidate,cgcnn_ensemble_learned_materials_model,CGCNN 10-member ensemble,quasi_prospective_public_DFT_label_followup,followup_partition_DFT_labels_used_only_after_PARC_decision,pre_release_top_score_DFT_stable_positives_in_calibration_blocks,composition_family_pair,0.1,0.2,1000,0,certified_release,164.60714181580366,5.0,1.7777571316106795,7.587914928194081,81.96721311475409,3686,3686,3672,0.9962018448182312,1710,0.0002722570106180234,0.12182101890347945,164.60714181580366,1000,61,939,61,415,1,414,1,0.415,0.01639344262295082,0.44089456869009586,0.01639344262295082,58.5,98.36065573770492,55.91054313099042,414,60,completed_quasi_prospective_public_DFT_label_trial
materials_discovery,Matbench Discovery WBM unique prototypes,stable_inorganic_crystal_candidate,cgcnn_ensemble_learned_materials_model,CGCNN 10-member ensemble,quasi_prospective_public_DFT_label_followup,followup_partition_DFT_labels_used_only_after_PARC_decision,pre_release_top_score_DFT_stable_positives_in_calibration_blocks,composition_family_pair,0.1,0.2,5000,0,certified_refusal,164.60714181580366,5.0,0.35555142632213593,-4.64075121755904,5.0,3686,3686,3672,0.9962018448182312,1710,0.0002722570106180234,0.12182101890347945,164.60714181580366,5000,0,5000,0,2003,0,2003,0,0.4006,0.0,0.4006,0.0,59.940000000000005,0.0,59.940000000000005,2003,0,completed_quasi_prospective_public_DFT_label_trial
materials_discovery,Matbench Discovery WBM unique prototypes,stable_inorganic_crystal_candidate,megnet_weak_learned_materials_model,MEGNet,quasi_prospective_public_DFT_label_followup,followup_partition_DFT_labels_used_only_after_PARC_decision,pre_release_top_score_DFT_stable_positives_in_calibration_blocks,composition_family_pair,0.1,0.1,100,0,certified_release,164.84325750151808,10.0,8.73669264758046,19.847185589531666,10.0,3686,3686,3678,0.9978296256104178,1710,0.0002718129926610492,0.12179680114443378,164.84325750151808,100,100,0,100,9,9,0,9,0.09,0.09,0.0,0.09,91.0,91.0,0.0,0,91,completed_quasi_prospective_public_DFT_label_trial
materials_discovery,Matbench Discovery WBM unique prototypes,stable_inorganic_crystal_candidate,megnet_weak_learned_materials_model,MEGNet,quasi_prospective_public_DFT_label_followup,followup_partition_DFT_labels_used_only_after_PARC_decision,pre_release_top_score_DFT_stable_positives_in_calibration_blocks,composition_family_pair,0.1,0.1,300,0,boundary_release,164.84325750151808,10.0,2.91223088252682,0.23793155799249988,21.58273381294964,3686,3686,3678,0.9978296256104178,1710,0.0002718129926610492,0.12179680114443378,164.84325750151808,300,139,161,139,70,17,53,17,0.23333333333333334,0.1223021582733813,0.32919254658385094,0.1223021582733813,76.66666666666667,87.76978417266187,67.08074534161491,53,122,completed_quasi_prospective_public_DFT_label_trial
materials_discovery,Matbench Discovery WBM unique prototypes,stable_inorganic_crystal_candidate,megnet_weak_learned_materials_model,MEGNet,quasi_prospective_public_DFT_label_followup,followup_partition_DFT_labels_used_only_after_PARC_decision,pre_release_top_score_DFT_stable_positives_in_calibration_blocks,composition_family_pair,0.1,0.1,500,0,certified_release,164.84325750151808,10.0,1.747338529516092,4.936319490189433,84.7457627118644,3686,3686,3678,0.9978296256104178,1710,0.0002718129926610492,0.12179680114443378,164.84325750151808,500,59,441,59,121,2,119,2,0.242,0.03389830508474576,0.2698412698412698,0.03389830508474576,75.8,96.61016949152543,73.01587301587301,119,57,completed_quasi_prospective_public_DFT_label_trial
materials_discovery,Matbench Discovery WBM unique prototypes,stable_inorganic_crystal_candidate,megnet_weak_learned_materials_model,MEGNet,quasi_prospective_public_DFT_label_followup,followup_partition_DFT_labels_used_only_after_PARC_decision,pre_release_top_score_DFT_stable_positives_in_calibration_blocks,composition_family_pair,0.1,0.1,1000,0,certified_refusal,164.84325750151808,10.0,0.873669264758046,-7.300322161682466,10.0,3686,3686,3678,0.9978296256104178,1710,0.0002718129926610492,0.12179680114443378,164.84325750151808,1000,0,1000,0,313,0,313,0,0.313,0.0,0.313,0.0,68.7,0.0,68.7,313,0,completed_quasi_prospective_public_DFT_label_trial
materials_discovery,Matbench Discovery WBM unique prototypes,stable_inorganic_crystal_candidate,megnet_weak_learned_materials_model,MEGNet,quasi_prospective_public_DFT_label_followup,followup_partition_DFT_labels_used_only_after_PARC_decision,pre_release_top_score_DFT_stable_positives_in_calibration_blocks,composition_family_pair,0.1,0.1,5000,0,certified_refusal,164.84325750151808,10.0,0.1747338529516092,-9.324423850501157,10.0,3686,3686,3678,0.9978296256104178,1710,0.0002718129926610492,0.12179680114443378,164.84325750151808,5000,0,5000,0,2688,0,2688,0,0.5376,0.0,0.5376,0.0,46.239999999999995,0.0,46.239999999999995,2688,0,completed_quasi_prospective_public_DFT_label_trial
materials_discovery,Matbench Discovery WBM unique prototypes,stable_inorganic_crystal_candidate,megnet_weak_learned_materials_model,MEGNet,quasi_prospective_public_DFT_label_followup,followup_partition_DFT_labels_used_only_after_PARC_decision,pre_release_top_score_DFT_stable_positives_in_calibration_blocks,composition_family_pair,0.1,0.2,100,0,certified_release,164.84325750151808,5.0,17.47338529516092,24.847185589531666,5.0,3686,3686,3678,0.9978296256104178,1710,0.0002718129926610492,0.12179680114443378,164.84325750151808,100,100,0,100,9,9,0,9,0.09,0.09,0.0,0.09,91.0,91.0,0.0,0,91,completed_quasi_prospective_public_DFT_label_trial
materials_discovery,Matbench Discovery WBM unique prototypes,stable_inorganic_crystal_candidate,megnet_weak_learned_materials_model,MEGNet,quasi_prospective_public_DFT_label_followup,followup_partition_DFT_labels_used_only_after_PARC_decision,pre_release_top_score_DFT_stable_positives_in_calibration_blocks,composition_family_pair,0.1,0.2,300,0,boundary_release,164.84325750151808,5.0,5.82446176505364,2.647286985877577,5.0,3686,3686,3678,0.9978296256104178,1710,0.0002718129926610492,0.12179680114443378,164.84325750151808,300,300,0,300,70,70,0,70,0.23333333333333334,0.23333333333333334,0.0,0.23333333333333334,76.66666666666667,76.66666666666667,0.0,0,230,completed_quasi_prospective_public_DFT_label_trial
materials_discovery,Matbench Discovery WBM unique prototypes,stable_inorganic_crystal_candidate,megnet_weak_learned_materials_model,MEGNet,quasi_prospective_public_DFT_label_followup,followup_partition_DFT_labels_used_only_after_PARC_decision,pre_release_top_score_DFT_stable_positives_in_calibration_blocks,composition_family_pair,0.1,0.2,500,0,boundary_release,164.84325750151808,5.0,3.494677059032184,0.009859497155646935,11.363636363636363,3686,3686,3678,0.9978296256104178,1710,0.0002718129926610492,0.12179680114443378,164.84325750151808,500,220,280,220,121,47,74,47,0.242,0.21363636363636362,0.2642857142857143,0.21363636363636362,75.8,78.63636363636364,73.57142857142858,74,173,completed_quasi_prospective_public_DFT_label_trial
materials_discovery,Matbench Discovery WBM unique prototypes,stable_inorganic_crystal_candidate,megnet_weak_learned_materials_model,MEGNet,quasi_prospective_public_DFT_label_followup,followup_partition_DFT_labels_used_only_after_PARC_decision,pre_release_top_score_DFT_stable_positives_in_calibration_blocks,composition_family_pair,0.1,0.2,1000,0,certified_release,164.84325750151808,5.0,1.747338529516092,4.936319490189433,84.7457627118644,3686,3686,3678,0.9978296256104178,1710,0.0002718129926610492,0.12179680114443378,164.84325750151808,1000,59,941,59,313,2,311,2,0.313,0.03389830508474576,0.33049946865037194,0.03389830508474576,68.7,96.61016949152543,66.9500531349628,311,57,completed_quasi_prospective_public_DFT_label_trial
materials_discovery,Matbench Discovery WBM unique prototypes,stable_inorganic_crystal_candidate,megnet_weak_learned_materials_model,MEGNet,quasi_prospective_public_DFT_label_followup,followup_partition_DFT_labels_used_only_after_PARC_decision,pre_release_top_score_DFT_stable_positives_in_calibration_blocks,composition_family_pair,0.1,0.2,5000,0,certified_refusal,164.84325750151808,5.0,0.3494677059032184,-4.324423850501158,5.0,3686,3686,3678,0.9978296256104178,1710,0.0002718129926610492,0.12179680114443378,164.84325750151808,5000,0,5000,0,2688,0,2688,0,0.5376,0.0,0.5376,0.0,46.239999999999995,0.0,46.239999999999995,2688,0,completed_quasi_prospective_public_DFT_label_trial
materials_discovery,Matbench Discovery WBM unique prototypes,stable_inorganic_crystal_candidate,alignn_ff_modern_learned_materials_model,ALIGNN-FF,quasi_prospective_public_DFT_label_followup,followup_partition_DFT_labels_used_only_after_PARC_decision,pre_release_top_score_DFT_stable_positives_in_calibration_blocks,composition_family_pair,0.1,0.1,100,1,certified_release,164.76455676497005,10.0,15.817397449437129,79.63976672997349,10.0,3686,3686,3676,0.9972870320130223,1661,0.0002719608376393799,0.12180486826987404,164.76455676497005,100,100,0,100,0,0,0,0,0.0,0.0,0.0,0.0,100.0,100.0,0.0,0,100,completed_quasi_prospective_public_DFT_label_trial
materials_discovery,Matbench Discovery WBM unique prototypes,stable_inorganic_crystal_candidate,alignn_ff_modern_learned_materials_model,ALIGNN-FF,quasi_prospective_public_DFT_label_followup,followup_partition_DFT_labels_used_only_after_PARC_decision,pre_release_top_score_DFT_stable_positives_in_calibration_blocks,composition_family_pair,0.1,0.1,300,1,boundary_release,164.76455676497005,10.0,5.272465816479043,0.5114062179721799,18.072289156626503,3686,3686,3676,0.9972870320130223,1661,0.0002719608376393799,0.12180486826987404,164.76455676497005,300,166,134,166,63,17,46,17,0.21,0.10240963855421686,0.34328358208955223,0.10240963855421686,79.0,89.7590361445783,65.67164179104478,46,149,completed_quasi_prospective_public_DFT_label_trial
materials_discovery,Matbench Discovery WBM unique prototypes,stable_inorganic_crystal_candidate,alignn_ff_modern_learned_materials_model,ALIGNN-FF,quasi_prospective_public_DFT_label_followup,followup_partition_DFT_labels_used_only_after_PARC_decision,pre_release_top_score_DFT_stable_positives_in_calibration_blocks,composition_family_pair,0.1,0.1,500,1,certified_release,164.76455676497005,10.0,3.1634794898874254,3.3248956248363584,36.764705882352935,3686,3686,3676,0.9972870320130223,1661,0.0002719608376393799,0.12180486826987404,164.76455676497005,500,136,364,136,152,8,144,8,0.304,0.058823529411764705,0.3956043956043956,0.058823529411764705,69.6,94.11764705882352,60.43956043956044,144,128,completed_quasi_prospective_public_DFT_label_trial
materials_discovery,Matbench Discovery WBM unique prototypes,stable_inorganic_crystal_candidate,alignn_ff_modern_learned_materials_model,ALIGNN-FF,quasi_prospective_public_DFT_label_followup,followup_partition_DFT_labels_used_only_after_PARC_decision,pre_release_top_score_DFT_stable_positives_in_calibration_blocks,composition_family_pair,0.1,0.1,1000,1,certified_release,164.76455676497005,10.0,1.5817397449437127,60.597890098303395,104.16666666666666,3686,3686,3676,0.9972870320130223,1661,0.0002719608376393799,0.12180486826987404,164.76455676497005,1000,96,904,96,401,0,401,0,0.401,0.0,0.4435840707964602,0.0,59.9,100.0,55.64159292035398,401,96,completed_quasi_prospective_public_DFT_label_trial
materials_discovery,Matbench Discovery WBM unique prototypes,stable_inorganic_crystal_candidate,alignn_ff_modern_learned_materials_model,ALIGNN-FF,quasi_prospective_public_DFT_label_followup,followup_partition_DFT_labels_used_only_after_PARC_decision,pre_release_top_score_DFT_stable_positives_in_calibration_blocks,composition_family_pair,0.1,0.1,5000,1,certified_refusal,164.76455676497005,10.0,0.3163479489887426,-9.441318626170547,10.0,3686,3686,3676,0.9972870320130223,1661,0.0002719608376393799,0.12180486826987404,164.76455676497005,5000,0,5000,0,2587,0,2587,0,0.5174,0.0,0.5174,0.0,48.26,0.0,48.26,2587,0,completed_quasi_prospective_public_DFT_label_trial
materials_discovery,Matbench Discovery WBM unique prototypes,stable_inorganic_crystal_candidate,alignn_ff_modern_learned_materials_model,ALIGNN-FF,quasi_prospective_public_DFT_label_followup,followup_partition_DFT_labels_used_only_after_PARC_decision,pre_release_top_score_DFT_stable_positives_in_calibration_blocks,composition_family_pair,0.1,0.2,100,1,certified_release,164.76455676497005,5.0,31.634794898874258,84.63976672997349,5.0,3686,3686,3676,0.9972870320130223,1661,0.0002719608376393799,0.12180486826987404,164.76455676497005,100,100,0,100,0,0,0,0,0.0,0.0,0.0,0.0,100.0,100.0,0.0,0,100,completed_quasi_prospective_public_DFT_label_trial
materials_discovery,Matbench Discovery WBM unique prototypes,stable_inorganic_crystal_candidate,alignn_ff_modern_learned_materials_model,ALIGNN-FF,quasi_prospective_public_DFT_label_followup,followup_partition_DFT_labels_used_only_after_PARC_decision,pre_release_top_score_DFT_stable_positives_in_calibration_blocks,composition_family_pair,0.1,0.2,300,1,boundary_release,164.76455676497005,5.0,10.544931632958086,2.643851564559836,5.0,3686,3686,3676,0.9972870320130223,1661,0.0002719608376393799,0.12180486826987404,164.76455676497005,300,300,0,300,63,63,0,63,0.21,0.21,0.0,0.21,79.0,79.0,0.0,0,237,completed_quasi_prospective_public_DFT_label_trial
materials_discovery,Matbench Discovery WBM unique prototypes,stable_inorganic_crystal_candidate,alignn_ff_modern_learned_materials_model,ALIGNN-FF,quasi_prospective_public_DFT_label_followup,followup_partition_DFT_labels_used_only_after_PARC_decision,pre_release_top_score_DFT_stable_positives_in_calibration_blocks,composition_family_pair,0.1,0.2,500,1,certified_release,164.76455676497005,5.0,6.326958979774851,0.27496789005325084,10.638297872340425,3686,3686,3676,0.9972870320130223,1661,0.0002719608376393799,0.12180486826987404,164.76455676497005,500,235,265,235,152,41,111,41,0.304,0.17446808510638298,0.4188679245283019,0.17446808510638298,69.6,82.5531914893617,58.11320754716981,111,194,completed_quasi_prospective_public_DFT_label_trial
materials_discovery,Matbench Discovery WBM unique prototypes,stable_inorganic_crystal_candidate,alignn_ff_modern_learned_materials_model,ALIGNN-FF,quasi_prospective_public_DFT_label_followup,followup_partition_DFT_labels_used_only_after_PARC_decision,pre_release_top_score_DFT_stable_positives_in_calibration_blocks,composition_family_pair,0.1,0.2,1000,1,certified_release,164.76455676497005,5.0,3.1634794898874254,3.3248956248363584,36.764705882352935,3686,3686,3676,0.9972870320130223,1661,0.0002719608376393799,0.12180486826987404,164.76455676497005,1000,136,864,136,401,8,393,8,0.401,0.058823529411764705,0.4548611111111111,0.058823529411764705,59.9,94.11764705882352,54.513888888888886,393,128,completed_quasi_prospective_public_DFT_label_trial
materials_discovery,Matbench Discovery WBM unique prototypes,stable_inorganic_crystal_candidate,alignn_ff_modern_learned_materials_model,ALIGNN-FF,quasi_prospective_public_DFT_label_followup,followup_partition_DFT_labels_used_only_after_PARC_decision,pre_release_top_score_DFT_stable_positives_in_calibration_blocks,composition_family_pair,0.1,0.2,5000,1,certified_refusal,164.76455676497005,5.0,0.6326958979774852,-4.441318626170547,5.0,3686,3686,3676,0.9972870320130223,1661,0.0002719608376393799,0.12180486826987404,164.76455676497005,5000,0,5000,0,2587,0,2587,0,0.5174,0.0,0.5174,0.0,48.26,0.0,48.26,2587,0,completed_quasi_prospective_public_DFT_label_trial
materials_discovery,Matbench Discovery WBM unique prototypes,stable_inorganic_crystal_candidate,cgcnn_ensemble_learned_materials_model,CGCNN 10-member ensemble,quasi_prospective_public_DFT_label_followup,followup_partition_DFT_labels_used_only_after_PARC_decision,pre_release_top_score_DFT_stable_positives_in_calibration_blocks,composition_family_pair,0.1,0.1,100,1,certified_release,164.60714181580366,10.0,16.460714181580364,154.60714181580366,10.0,3686,3686,3672,0.9962018448182312,1661,0.0002722570106180234,0.12182101890347945,164.60714181580366,100,100,0,100,0,0,0,0,0.0,0.0,0.0,0.0,100.0,100.0,0.0,0,100,completed_quasi_prospective_public_DFT_label_trial
materials_discovery,Matbench Discovery WBM unique prototypes,stable_inorganic_crystal_candidate,cgcnn_ensemble_learned_materials_model,CGCNN 10-member ensemble,quasi_prospective_public_DFT_label_followup,followup_partition_DFT_labels_used_only_after_PARC_decision,pre_release_top_score_DFT_stable_positives_in_calibration_blocks,composition_family_pair,0.1,0.1,300,1,boundary_release,164.60714181580366,10.0,6.035595199912801,1.0446442218877916,14.218009478672984,3686,3686,3672,0.9962018448182312,1661,0.0002722570106180234,0.12182101890347945,164.60714181580366,300,211,89,211,65,22,43,22,0.21666666666666667,0.10426540284360189,0.48314606741573035,0.10426540284360189,78.33333333333333,89.57345971563981,51.68539325842697,43,189,completed_quasi_prospective_public_DFT_label_trial
materials_discovery,Matbench Discovery WBM unique prototypes,stable_inorganic_crystal_candidate,cgcnn_ensemble_learned_materials_model,CGCNN 10-member ensemble,quasi_prospective_public_DFT_label_followup,followup_partition_DFT_labels_used_only_after_PARC_decision,pre_release_top_score_DFT_stable_positives_in_calibration_blocks,composition_family_pair,0.1,0.1,500,1,certified_release,164.60714181580366,10.0,3.6213571199476804,1.396747205714533,28.409090909090907,3686,3686,3672,0.9962018448182312,1661,0.0002722570106180234,0.12182101890347945,164.60714181580366,500,176,324,176,169,7,162,7,0.338,0.03977272727272727,0.5,0.03977272727272727,66.2,96.02272727272727,50.0,162,169,completed_quasi_prospective_public_DFT_label_trial
materials_discovery,Matbench Discovery WBM unique prototypes,stable_inorganic_crystal_candidate,cgcnn_ensemble_learned_materials_model,CGCNN 10-member ensemble,quasi_prospective_public_DFT_label_followup,followup_partition_DFT_labels_used_only_after_PARC_decision,pre_release_top_score_DFT_stable_positives_in_calibration_blocks,composition_family_pair,0.1,0.1,1000,1,certified_release,164.60714181580366,10.0,1.8106785599738402,6.910499943774624,82.64462809917354,3686,3686,3672,0.9962018448182312,1661,0.0002722570106180234,0.12182101890347945,164.60714181580366,1000,121,879,121,435,1,434,1,0.435,0.008264462809917356,0.4937428896473265,0.008264462809917356,56.49999999999999,99.17355371900827,50.62571103526735,434,120,completed_quasi_prospective_public_DFT_label_trial
materials_discovery,Matbench Discovery WBM unique prototypes,stable_inorganic_crystal_candidate,cgcnn_ensemble_learned_materials_model,CGCNN 10-member ensemble,quasi_prospective_public_DFT_label_followup,followup_partition_DFT_labels_used_only_after_PARC_decision,pre_release_top_score_DFT_stable_positives_in_calibration_blocks,composition_family_pair,0.1,0.1,5000,1,certified_refusal,164.60714181580366,10.0,0.3621357119947681,-9.59643245483601,10.0,3686,3686,3672,0.9962018448182312,1661,0.0002722570106180234,0.12182101890347945,164.60714181580366,5000,0,5000,0,2124,0,2124,0,0.4248,0.0,0.4248,0.0,57.52,0.0,57.52,2124,0,completed_quasi_prospective_public_DFT_label_trial
materials_discovery,Matbench Discovery WBM unique prototypes,stable_inorganic_crystal_candidate,cgcnn_ensemble_learned_materials_model,CGCNN 10-member ensemble,quasi_prospective_public_DFT_label_followup,followup_partition_DFT_labels_used_only_after_PARC_decision,pre_release_top_score_DFT_stable_positives_in_calibration_blocks,composition_family_pair,0.1,0.2,100,1,certified_release,164.60714181580366,5.0,32.92142836316073,159.60714181580366,5.0,3686,3686,3672,0.9962018448182312,1661,0.0002722570106180234,0.12182101890347945,164.60714181580366,100,100,0,100,0,0,0,0,0.0,0.0,0.0,0.0,100.0,100.0,0.0,0,100,completed_quasi_prospective_public_DFT_label_trial
materials_discovery,Matbench Discovery WBM unique prototypes,stable_inorganic_crystal_candidate,cgcnn_ensemble_learned_materials_model,CGCNN 10-member ensemble,quasi_prospective_public_DFT_label_followup,followup_partition_DFT_labels_used_only_after_PARC_decision,pre_release_top_score_DFT_stable_positives_in_calibration_blocks,composition_family_pair,0.1,0.2,300,1,boundary_release,164.60714181580366,5.0,12.071190399825602,2.846167941986419,5.0,3686,3686,3672,0.9962018448182312,1661,0.0002722570106180234,0.12182101890347945,164.60714181580366,300,300,0,300,65,65,0,65,0.21666666666666667,0.21666666666666667,0.0,0.21666666666666667,78.33333333333333,78.33333333333333,0.0,0,235,completed_quasi_prospective_public_DFT_label_trial
materials_discovery,Matbench Discovery WBM unique prototypes,stable_inorganic_crystal_candidate,cgcnn_ensemble_learned_materials_model,CGCNN 10-member ensemble,quasi_prospective_public_DFT_label_followup,followup_partition_DFT_labels_used_only_after_PARC_decision,pre_release_top_score_DFT_stable_positives_in_calibration_blocks,composition_family_pair,0.1,0.2,500,1,certified_release,164.60714181580366,5.0,7.242714239895361,0.05043288165220616,8.771929824561404,3686,3686,3672,0.9962018448182312,1661,0.0002722570106180234,0.12182101890347945,164.60714181580366,500,285,215,285,169,57,112,57,0.338,0.2,0.5209302325581395,0.2,66.2,80.0,47.906976744186046,112,228,completed_quasi_prospective_public_DFT_label_trial
materials_discovery,Matbench Discovery WBM unique prototypes,stable_inorganic_crystal_candidate,cgcnn_ensemble_learned_materials_model,CGCNN 10-member ensemble,quasi_prospective_public_DFT_label_followup,followup_partition_DFT_labels_used_only_after_PARC_decision,pre_release_top_score_DFT_stable_positives_in_calibration_blocks,composition_family_pair,0.1,0.2,1000,1,certified_release,164.60714181580366,5.0,3.6213571199476804,1.396747205714533,28.409090909090907,3686,3686,3672,0.9962018448182312,1661,0.0002722570106180234,0.12182101890347945,164.60714181580366,1000,176,824,176,435,7,428,7,0.435,0.03977272727272727,0.5194174757281553,0.03977272727272727,56.49999999999999,96.02272727272727,48.05825242718447,428,169,completed_quasi_prospective_public_DFT_label_trial
materials_discovery,Matbench Discovery WBM unique prototypes,stable_inorganic_crystal_candidate,cgcnn_ensemble_learned_materials_model,CGCNN 10-member ensemble,quasi_prospective_public_DFT_label_followup,followup_partition_DFT_labels_used_only_after_PARC_decision,pre_release_top_score_DFT_stable_positives_in_calibration_blocks,composition_family_pair,0.1,0.2,5000,1,certified_refusal,164.60714181580366,5.0,0.7242714239895361,-4.59643245483601,5.0,3686,3686,3672,0.9962018448182312,1661,0.0002722570106180234,0.12182101890347945,164.60714181580366,5000,0,5000,0,2124,0,2124,0,0.4248,0.0,0.4248,0.0,57.52,0.0,57.52,2124,0,completed_quasi_prospective_public_DFT_label_trial
materials_discovery,Matbench Discovery WBM unique prototypes,stable_inorganic_crystal_candidate,megnet_weak_learned_materials_model,MEGNet,quasi_prospective_public_DFT_label_followup,followup_partition_DFT_labels_used_only_after_PARC_decision,pre_release_top_score_DFT_stable_positives_in_calibration_blocks,composition_family_pair,0.1,0.1,100,1,certified_release,164.76455676497005,10.0,15.982162006202097,52.785337229375656,10.0,3686,3686,3676,0.9972870320130223,1661,0.0002719608376393799,0.12180486826987404,164.76455676497005,100,100,0,100,0,0,0,0,0.0,0.0,0.0,0.0,100.0,100.0,0.0,0,100,completed_quasi_prospective_public_DFT_label_trial
materials_discovery,Matbench Discovery WBM unique prototypes,stable_inorganic_crystal_candidate,megnet_weak_learned_materials_model,MEGNet,quasi_prospective_public_DFT_label_followup,followup_partition_DFT_labels_used_only_after_PARC_decision,pre_release_top_score_DFT_stable_positives_in_calibration_blocks,composition_family_pair,0.1,0.1,300,1,boundary_release,164.76455676497005,10.0,5.327387335400699,0.042487700529006744,10.452961672473867,3686,3686,3676,0.9972870320130223,1661,0.0002719608376393799,0.12180486826987404,164.76455676497005,300,287,13,287,49,41,8,41,0.16333333333333333,0.14285714285714285,0.6153846153846154,0.14285714285714285,83.66666666666667,85.71428571428571,38.46153846153847,8,246,completed_quasi_prospective_public_DFT_label_trial
materials_discovery,Matbench Discovery WBM unique prototypes,stable_inorganic_crystal_candidate,megnet_weak_learned_materials_model,MEGNet,quasi_prospective_public_DFT_label_followup,followup_partition_DFT_labels_used_only_after_PARC_decision,pre_release_top_score_DFT_stable_positives_in_calibration_blocks,composition_family_pair,0.1,0.1,500,1,certified_release,164.76455676497005,10.0,3.1964324012404193,2.4956165447832817,37.59398496240601,3686,3686,3676,0.9972870320130223,1661,0.0002719608376393799,0.12180486826987404,164.76455676497005,500,133,367,133,107,4,103,4,0.214,0.03007518796992481,0.28065395095367845,0.03007518796992481,78.60000000000001,96.99248120300751,71.93460490463215,103,129,completed_quasi_prospective_public_DFT_label_trial
materials_discovery,Matbench Discovery WBM unique prototypes,stable_inorganic_crystal_candidate,megnet_weak_learned_materials_model,MEGNet,quasi_prospective_public_DFT_label_followup,followup_partition_DFT_labels_used_only_after_PARC_decision,pre_release_top_score_DFT_stable_positives_in_calibration_blocks,composition_family_pair,0.1,0.1,1000,1,certified_release,164.76455676497005,10.0,1.5982162006202096,61.671773259815424,103.09278350515463,3686,3686,3676,0.9972870320130223,1661,0.0002719608376393799,0.12180486826987404,164.76455676497005,1000,97,903,97,281,0,281,0,0.281,0.0,0.31118493909191586,0.0,71.89999999999999,100.0,68.88150609080841,281,97,completed_quasi_prospective_public_DFT_label_trial
materials_discovery,Matbench Discovery WBM unique prototypes,stable_inorganic_crystal_candidate,megnet_weak_learned_materials_model,MEGNet,quasi_prospective_public_DFT_label_followup,followup_partition_DFT_labels_used_only_after_PARC_decision,pre_release_top_score_DFT_stable_positives_in_calibration_blocks,composition_family_pair,0.1,0.1,5000,1,certified_refusal,164.76455676497005,10.0,0.31964324012404194,-9.299966316015418,10.0,3686,3686,3676,0.9972870320130223,1661,0.0002719608376393799,0.12180486826987404,164.76455676497005,5000,0,5000,0,2676,0,2676,0,0.5352,0.0,0.5352,0.0,46.48,0.0,46.48,2676,0,completed_quasi_prospective_public_DFT_label_trial
materials_discovery,Matbench Discovery WBM unique prototypes,stable_inorganic_crystal_candidate,megnet_weak_learned_materials_model,MEGNet,quasi_prospective_public_DFT_label_followup,followup_partition_DFT_labels_used_only_after_PARC_decision,pre_release_top_score_DFT_stable_positives_in_calibration_blocks,composition_family_pair,0.1,0.2,100,1,certified_release,164.76455676497005,5.0,31.964324012404195,57.785337229375656,5.0,3686,3686,3676,0.9972870320130223,1661,0.0002719608376393799,0.12180486826987404,164.76455676497005,100,100,0,100,0,0,0,0,0.0,0.0,0.0,0.0,100.0,100.0,0.0,0,100,completed_quasi_prospective_public_DFT_label_trial
materials_discovery,Matbench Discovery WBM unique prototypes,stable_inorganic_crystal_candidate,megnet_weak_learned_materials_model,MEGNet,quasi_prospective_public_DFT_label_followup,followup_partition_DFT_labels_used_only_after_PARC_decision,pre_release_top_score_DFT_stable_positives_in_calibration_blocks,composition_family_pair,0.1,0.2,300,1,certified_release,164.76455676497005,5.0,10.654774670801398,4.42412610211257,5.0,3686,3686,3676,0.9972870320130223,1661,0.0002719608376393799,0.12180486826987404,164.76455676497005,300,300,0,300,49,49,0,49,0.16333333333333333,0.16333333333333333,0.0,0.16333333333333333,83.66666666666667,83.66666666666667,0.0,0,251,completed_quasi_prospective_public_DFT_label_trial
materials_discovery,Matbench Discovery WBM unique prototypes,stable_inorganic_crystal_candidate,megnet_weak_learned_materials_model,MEGNet,quasi_prospective_public_DFT_label_followup,followup_partition_DFT_labels_used_only_after_PARC_decision,pre_release_top_score_DFT_stable_positives_in_calibration_blocks,composition_family_pair,0.1,0.2,500,1,boundary_release,164.76455676497005,5.0,6.3928648024808385,0.5005475643809758,5.0,3686,3686,3676,0.9972870320130223,1661,0.0002719608376393799,0.12180486826987404,164.76455676497005,500,500,0,500,107,107,0,107,0.214,0.214,0.0,0.214,78.60000000000001,78.60000000000001,0.0,0,393,completed_quasi_prospective_public_DFT_label_trial
materials_discovery,Matbench Discovery WBM unique prototypes,stable_inorganic_crystal_candidate,megnet_weak_learned_materials_model,MEGNet,quasi_prospective_public_DFT_label_followup,followup_partition_DFT_labels_used_only_after_PARC_decision,pre_release_top_score_DFT_stable_positives_in_calibration_blocks,composition_family_pair,0.1,0.2,1000,1,certified_release,164.76455676497005,5.0,3.1964324012404193,2.4956165447832817,37.59398496240601,3686,3686,3676,0.9972870320130223,1661,0.0002719608376393799,0.12180486826987404,164.76455676497005,1000,133,867,133,281,4,277,4,0.281,0.03007518796992481,0.31949250288350634,0.03007518796992481,71.89999999999999,96.99248120300751,68.05074971164936,277,129,completed_quasi_prospective_public_DFT_label_trial
materials_discovery,Matbench Discovery WBM unique prototypes,stable_inorganic_crystal_candidate,megnet_weak_learned_materials_model,MEGNet,quasi_prospective_public_DFT_label_followup,followup_partition_DFT_labels_used_only_after_PARC_decision,pre_release_top_score_DFT_stable_positives_in_calibration_blocks,composition_family_pair,0.1,0.2,5000,1,certified_refusal,164.76455676497005,5.0,0.6392864802480839,-4.299966316015417,5.0,3686,3686,3676,0.9972870320130223,1661,0.0002719608376393799,0.12180486826987404,164.76455676497005,5000,0,5000,0,2676,0,2676,0,0.5352,0.0,0.5352,0.0,46.48,0.0,46.48,2676,0,completed_quasi_prospective_public_DFT_label_trial
materials_discovery,Matbench Discovery WBM unique prototypes,stable_inorganic_crystal_candidate,alignn_ff_modern_learned_materials_model,ALIGNN-FF,quasi_prospective_public_DFT_label_followup,followup_partition_DFT_labels_used_only_after_PARC_decision,pre_release_top_score_DFT_stable_positives_in_calibration_blocks,composition_family_pair,0.1,0.1,100,2,certified_release,164.60714181580366,10.0,16.460714181580364,154.60714181580366,10.0,3686,3686,3672,0.9962018448182312,1659,0.0002722570106180234,0.12182101890347945,164.60714181580366,100,100,0,100,0,0,0,0,0.0,0.0,0.0,0.0,100.0,100.0,0.0,0,100,completed_quasi_prospective_public_DFT_label_trial
materials_discovery,Matbench Discovery WBM unique prototypes,stable_inorganic_crystal_candidate,alignn_ff_modern_learned_materials_model,ALIGNN-FF,quasi_prospective_public_DFT_label_followup,followup_partition_DFT_labels_used_only_after_PARC_decision,pre_release_top_score_DFT_stable_positives_in_calibration_blocks,composition_family_pair,0.1,0.1,300,2,certified_release,164.60714181580366,10.0,5.651511869009259,0.16177778003658005,18.404907975460123,3686,3686,3672,0.9962018448182312,1659,0.0002722570106180234,0.12182101890347945,164.60714181580366,300,163,137,163,57,15,42,15,0.19,0.09202453987730061,0.30656934306569344,0.09202453987730061,81.0,90.79754601226993,69.34306569343066,42,148,completed_quasi_prospective_public_DFT_label_trial
materials_discovery,Matbench Discovery WBM unique prototypes,stable_inorganic_crystal_candidate,alignn_ff_modern_learned_materials_model,ALIGNN-FF,quasi_prospective_public_DFT_label_followup,followup_partition_DFT_labels_used_only_after_PARC_decision,pre_release_top_score_DFT_stable_positives_in_calibration_blocks,composition_family_pair,0.1,0.1,500,2,certified_release,164.60714181580366,10.0,3.3909071214055557,5.244539795811761,43.47826086956522,3686,3686,3672,0.9962018448182312,1659,0.0002722570106180234,0.12182101890347945,164.60714181580366,500,115,385,115,140,2,138,2,0.28,0.017391304347826087,0.35844155844155845,0.017391304347826087,72.0,98.26086956521739,64.15584415584415,138,113,completed_quasi_prospective_public_DFT_label_trial
materials_discovery,Matbench Discovery WBM unique prototypes,stable_inorganic_crystal_candidate,alignn_ff_modern_learned_materials_model,ALIGNN-FF,quasi_prospective_public_DFT_label_followup,followup_partition_DFT_labels_used_only_after_PARC_decision,pre_release_top_score_DFT_stable_positives_in_calibration_blocks,composition_family_pair,0.1,0.1,1000,2,certified_release,164.60714181580366,10.0,1.6954535607027779,67.51976317502697,97.08737864077669,3686,3686,3672,0.9962018448182312,1659,0.0002722570106180234,0.12182101890347945,164.60714181580366,1000,103,897,103,368,0,368,0,0.368,0.0,0.41025641025641024,0.0,63.2,100.0,58.97435897435898,368,103,completed_quasi_prospective_public_DFT_label_trial
materials_discovery,Matbench Discovery WBM unique prototypes,stable_inorganic_crystal_candidate,alignn_ff_modern_learned_materials_model,ALIGNN-FF,quasi_prospective_public_DFT_label_followup,followup_partition_DFT_labels_used_only_after_PARC_decision,pre_release_top_score_DFT_stable_positives_in_calibration_blocks,composition_family_pair,0.1,0.1,5000,2,certified_refusal,164.60714181580366,10.0,0.3390907121405556,-9.457898796516787,10.0,3686,3686,3672,0.9962018448182312,1659,0.0002722570106180234,0.12182101890347945,164.60714181580366,5000,0,5000,0,2551,0,2551,0,0.5102,0.0,0.5102,0.0,48.980000000000004,0.0,48.980000000000004,2551,0,completed_quasi_prospective_public_DFT_label_trial
materials_discovery,Matbench Discovery WBM unique prototypes,stable_inorganic_crystal_candidate,alignn_ff_modern_learned_materials_model,ALIGNN-FF,quasi_prospective_public_DFT_label_followup,followup_partition_DFT_labels_used_only_after_PARC_decision,pre_release_top_score_DFT_stable_positives_in_calibration_blocks,composition_family_pair,0.1,0.2,100,2,certified_release,164.60714181580366,5.0,32.92142836316073,159.60714181580366,5.0,3686,3686,3672,0.9962018448182312,1659,0.0002722570106180234,0.12182101890347945,164.60714181580366,100,100,0,100,0,0,0,0,0.0,0.0,0.0,0.0,100.0,100.0,0.0,0,100,completed_quasi_prospective_public_DFT_label_trial
materials_discovery,Matbench Discovery WBM unique prototypes,stable_inorganic_crystal_candidate,alignn_ff_modern_learned_materials_model,ALIGNN-FF,quasi_prospective_public_DFT_label_followup,followup_partition_DFT_labels_used_only_after_PARC_decision,pre_release_top_score_DFT_stable_positives_in_calibration_blocks,composition_family_pair,0.1,0.2,300,2,certified_release,164.60714181580366,5.0,11.303023738018519,0.4956359675695987,5.0,3686,3686,3672,0.9962018448182312,1659,0.0002722570106180234,0.12182101890347945,164.60714181580366,300,300,0,300,57,57,0,57,0.19,0.19,0.0,0.19,81.0,81.0,0.0,0,243,completed_quasi_prospective_public_DFT_label_trial
materials_discovery,Matbench Discovery WBM unique prototypes,stable_inorganic_crystal_candidate,alignn_ff_modern_learned_materials_model,ALIGNN-FF,quasi_prospective_public_DFT_label_followup,followup_partition_DFT_labels_used_only_after_PARC_decision,pre_release_top_score_DFT_stable_positives_in_calibration_blocks,composition_family_pair,0.1,0.2,500,2,certified_release,164.60714181580366,5.0,6.7818142428111114,0.05386256968315628,14.36781609195402,3686,3686,3672,0.9962018448182312,1659,0.0002722570106180234,0.12182101890347945,164.60714181580366,500,174,326,174,140,18,122,18,0.28,0.10344827586206896,0.37423312883435583,0.10344827586206896,72.0,89.65517241379311,62.57668711656442,122,156,completed_quasi_prospective_public_DFT_label_trial
materials_discovery,Matbench Discovery WBM unique prototypes,stable_inorganic_crystal_candidate,alignn_ff_modern_learned_materials_model,ALIGNN-FF,quasi_prospective_public_DFT_label_followup,followup_partition_DFT_labels_used_only_after_PARC_decision,pre_release_top_score_DFT_stable_positives_in_calibration_blocks,composition_family_pair,0.1,0.2,1000,2,certified_release,164.60714181580366,5.0,3.3909071214055557,5.244539795811761,43.47826086956522,3686,3686,3672,0.9962018448182312,1659,0.0002722570106180234,0.12182101890347945,164.60714181580366,1000,115,885,115,368,2,366,2,0.368,0.017391304347826087,0.4135593220338983,0.017391304347826087,63.2,98.26086956521739,58.644067796610166,366,113,completed_quasi_prospective_public_DFT_label_trial
materials_discovery,Matbench Discovery WBM unique prototypes,stable_inorganic_crystal_candidate,alignn_ff_modern_learned_materials_model,ALIGNN-FF,quasi_prospective_public_DFT_label_followup,followup_partition_DFT_labels_used_only_after_PARC_decision,pre_release_top_score_DFT_stable_positives_in_calibration_blocks,composition_family_pair,0.1,0.2,5000,2,certified_refusal,164.60714181580366,5.0,0.6781814242811112,-4.457898796516786,5.0,3686,3686,3672,0.9962018448182312,1659,0.0002722570106180234,0.12182101890347945,164.60714181580366,5000,0,5000,0,2551,0,2551,0,0.5102,0.0,0.5102,0.0,48.980000000000004,0.0,48.980000000000004,2551,0,completed_quasi_prospective_public_DFT_label_trial
materials_discovery,Matbench Discovery WBM unique prototypes,stable_inorganic_crystal_candidate,cgcnn_ensemble_learned_materials_model,CGCNN 10-member ensemble,quasi_prospective_public_DFT_label_followup,followup_partition_DFT_labels_used_only_after_PARC_decision,pre_release_top_score_DFT_stable_positives_in_calibration_blocks,composition_family_pair,0.1,0.1,100,2,certified_release,164.60714181580366,10.0,16.460714181580364,154.60714181580366,10.0,3686,3686,3672,0.9962018448182312,1659,0.0002722570106180234,0.12182101890347945,164.60714181580366,100,100,0,100,0,0,0,0,0.0,0.0,0.0,0.0,100.0,100.0,0.0,0,100,completed_quasi_prospective_public_DFT_label_trial
materials_discovery,Matbench Discovery WBM unique prototypes,stable_inorganic_crystal_candidate,cgcnn_ensemble_learned_materials_model,CGCNN 10-member ensemble,quasi_prospective_public_DFT_label_followup,followup_partition_DFT_labels_used_only_after_PARC_decision,pre_release_top_score_DFT_stable_positives_in_calibration_blocks,composition_family_pair,0.1,0.1,300,2,boundary_release,164.60714181580366,10.0,7.187845192623427,0.06761167599124462,14.354066985645932,3686,3686,3672,0.9962018448182312,1659,0.0002722570106180234,0.12182101890347945,164.60714181580366,300,209,91,209,61,24,37,24,0.20333333333333334,0.11483253588516747,0.4065934065934066,0.11483253588516747,79.66666666666666,88.51674641148325,59.34065934065934,37,185,completed_quasi_prospective_public_DFT_label_trial
materials_discovery,Matbench Discovery WBM unique prototypes,stable_inorganic_crystal_candidate,cgcnn_ensemble_learned_materials_model,CGCNN 10-member ensemble,quasi_prospective_public_DFT_label_followup,followup_partition_DFT_labels_used_only_after_PARC_decision,pre_release_top_score_DFT_stable_positives_in_calibration_blocks,composition_family_pair,0.1,0.1,500,2,certified_release,164.60714181580366,10.0,4.312707115574056,4.540768159460775,29.585798816568044,3686,3686,3672,0.9962018448182312,1659,0.0002722570106180234,0.12182101890347945,164.60714181580366,500,169,331,169,167,6,161,6,0.334,0.03550295857988166,0.486404833836858,0.03550295857988166,66.60000000000001,96.44970414201184,51.3595166163142,161,163,completed_quasi_prospective_public_DFT_label_trial
materials_discovery,Matbench Discovery WBM unique prototypes,stable_inorganic_crystal_candidate,cgcnn_ensemble_learned_materials_model,CGCNN 10-member ensemble,quasi_prospective_public_DFT_label_followup,followup_partition_DFT_labels_used_only_after_PARC_decision,pre_release_top_score_DFT_stable_positives_in_calibration_blocks,composition_family_pair,0.1,0.1,1000,2,certified_release,164.60714181580366,10.0,2.156353557787028,16.562427313021175,72.992700729927,3686,3686,3672,0.9962018448182312,1659,0.0002722570106180234,0.12182101890347945,164.60714181580366,1000,137,863,137,403,4,399,4,0.403,0.029197080291970802,0.4623406720741599,0.029197080291970802,59.699999999999996,97.08029197080292,53.76593279258402,399,133,completed_quasi_prospective_public_DFT_label_trial
materials_discovery,Matbench Discovery WBM unique prototypes,stable_inorganic_crystal_candidate,cgcnn_ensemble_learned_materials_model,CGCNN 10-member ensemble,quasi_prospective_public_DFT_label_followup,followup_partition_DFT_labels_used_only_after_PARC_decision,pre_release_top_score_DFT_stable_positives_in_calibration_blocks,composition_family_pair,0.1,0.1,5000,2,certified_refusal,164.60714181580366,10.0,0.4312707115574056,-9.63168392360655,10.0,3686,3686,3672,0.9962018448182312,1659,0.0002722570106180234,0.12182101890347945,164.60714181580366,5000,0,5000,0,1951,0,1951,0,0.3902,0.0,0.3902,0.0,60.980000000000004,0.0,60.980000000000004,1951,0,completed_quasi_prospective_public_DFT_label_trial
materials_discovery,Matbench Discovery WBM unique prototypes,stable_inorganic_crystal_candidate,cgcnn_ensemble_learned_materials_model,CGCNN 10-member ensemble,quasi_prospective_public_DFT_label_followup,followup_partition_DFT_labels_used_only_after_PARC_decision,pre_release_top_score_DFT_stable_positives_in_calibration_blocks,composition_family_pair,0.1,0.2,100,2,certified_release,164.60714181580366,5.0,32.92142836316073,159.60714181580366,5.0,3686,3686,3672,0.9962018448182312,1659,0.0002722570106180234,0.12182101890347945,164.60714181580366,100,100,0,100,0,0,0,0,0.0,0.0,0.0,0.0,100.0,100.0,0.0,0,100,completed_quasi_prospective_public_DFT_label_trial
materials_discovery,Matbench Discovery WBM unique prototypes,stable_inorganic_crystal_candidate,cgcnn_ensemble_learned_materials_model,CGCNN 10-member ensemble,quasi_prospective_public_DFT_label_followup,followup_partition_DFT_labels_used_only_after_PARC_decision,pre_release_top_score_DFT_stable_positives_in_calibration_blocks,composition_family_pair,0.1,0.2,300,2,boundary_release,164.60714181580366,5.0,14.375690385246854,2.0751643016352253,5.0,3686,3686,3672,0.9962018448182312,1659,0.0002722570106180234,0.12182101890347945,164.60714181580366,300,300,0,300,61,61,0,61,0.20333333333333334,0.20333333333333334,0.0,0.20333333333333334,79.66666666666666,79.66666666666666,0.0,0,239,completed_quasi_prospective_public_DFT_label_trial
materials_discovery,Matbench Discovery WBM unique prototypes,stable_inorganic_crystal_candidate,cgcnn_ensemble_learned_materials_model,CGCNN 10-member ensemble,quasi_prospective_public_DFT_label_followup,followup_partition_DFT_labels_used_only_after_PARC_decision,pre_release_top_score_DFT_stable_positives_in_calibration_blocks,composition_family_pair,0.1,0.2,500,2,certified_release,164.60714181580366,5.0,8.625414231148111,0.0692864221158338,10.416666666666666,3686,3686,3672,0.9962018448182312,1659,0.0002722570106180234,0.12182101890347945,164.60714181580366,500,240,260,240,167,39,128,39,0.334,0.1625,0.49230769230769234,0.1625,66.60000000000001,83.75,50.76923076923077,128,201,completed_quasi_prospective_public_DFT_label_trial
materials_discovery,Matbench Discovery WBM unique prototypes,stable_inorganic_crystal_candidate,cgcnn_ensemble_learned_materials_model,CGCNN 10-member ensemble,quasi_prospective_public_DFT_label_followup,followup_partition_DFT_labels_used_only_after_PARC_decision,pre_release_top_score_DFT_stable_positives_in_calibration_blocks,composition_family_pair,0.1,0.2,1000,2,certified_release,164.60714181580366,5.0,4.312707115574056,4.540768159460775,29.585798816568044,3686,3686,3672,0.9962018448182312,1659,0.0002722570106180234,0.12182101890347945,164.60714181580366,1000,169,831,169,403,6,397,6,0.403,0.03550295857988166,0.4777376654632972,0.03550295857988166,59.699999999999996,96.44970414201184,52.226233453670275,397,163,completed_quasi_prospective_public_DFT_label_trial
materials_discovery,Matbench Discovery WBM unique prototypes,stable_inorganic_crystal_candidate,cgcnn_ensemble_learned_materials_model,CGCNN 10-member ensemble,quasi_prospective_public_DFT_label_followup,followup_partition_DFT_labels_used_only_after_PARC_decision,pre_release_top_score_DFT_stable_positives_in_calibration_blocks,composition_family_pair,0.1,0.2,5000,2,certified_refusal,164.60714181580366,5.0,0.8625414231148112,-4.631683923606549,5.0,3686,3686,3672,0.9962018448182312,1659,0.0002722570106180234,0.12182101890347945,164.60714181580366,5000,0,5000,0,1951,0,1951,0,0.3902,0.0,0.3902,0.0,60.980000000000004,0.0,60.980000000000004,1951,0,completed_quasi_prospective_public_DFT_label_trial
materials_discovery,Matbench Discovery WBM unique prototypes,stable_inorganic_crystal_candidate,megnet_weak_learned_materials_model,MEGNet,quasi_prospective_public_DFT_label_followup,followup_partition_DFT_labels_used_only_after_PARC_decision,pre_release_top_score_DFT_stable_positives_in_calibration_blocks,composition_family_pair,0.1,0.1,100,2,certified_release,164.76455676497005,10.0,16.476455676497004,154.76455676497005,10.0,3686,3686,3676,0.9972870320130223,1659,0.0002719608376393799,0.12180486826987404,164.76455676497005,100,100,0,100,0,0,0,0,0.0,0.0,0.0,0.0,100.0,100.0,0.0,0,100,completed_quasi_prospective_public_DFT_label_trial
materials_discovery,Matbench Discovery WBM unique prototypes,stable_inorganic_crystal_candidate,megnet_weak_learned_materials_model,MEGNet,quasi_prospective_public_DFT_label_followup,followup_partition_DFT_labels_used_only_after_PARC_decision,pre_release_top_score_DFT_stable_positives_in_calibration_blocks,composition_family_pair,0.1,0.1,300,2,boundary_release,164.76455676497005,10.0,5.711837967852295,0.2381269568935167,11.627906976744185,3686,3686,3676,0.9972870320130223,1659,0.0002719608376393799,0.12180486826987404,164.76455676497005,300,258,42,258,46,33,13,33,0.15333333333333332,0.12790697674418605,0.30952380952380953,0.12790697674418605,84.66666666666667,87.20930232558139,69.04761904761905,13,225,completed_quasi_prospective_public_DFT_label_trial
materials_discovery,Matbench Discovery WBM unique prototypes,stable_inorganic_crystal_candidate,megnet_weak_learned_materials_model,MEGNet,quasi_prospective_public_DFT_label_followup,followup_partition_DFT_labels_used_only_after_PARC_decision,pre_release_top_score_DFT_stable_positives_in_calibration_blocks,composition_family_pair,0.1,0.1,500,2,certified_release,164.76455676497005,10.0,3.4271027807113774,15.211255725345708,33.557046979865774,3686,3686,3676,0.9972870320130223,1659,0.0002719608376393799,0.12180486826987404,164.76455676497005,500,149,351,149,100,9,91,9,0.2,0.06040268456375839,0.25925925925925924,0.06040268456375839,80.0,93.95973154362416,74.07407407407408,91,140,completed_quasi_prospective_public_DFT_label_trial
materials_discovery,Matbench Discovery WBM unique prototypes,stable_inorganic_crystal_candidate,megnet_weak_learned_materials_model,MEGNet,quasi_prospective_public_DFT_label_followup,followup_partition_DFT_labels_used_only_after_PARC_decision,pre_release_top_score_DFT_stable_positives_in_calibration_blocks,composition_family_pair,0.1,0.1,1000,2,certified_release,164.76455676497005,10.0,1.7135513903556887,68.6107106111239,96.15384615384615,3686,3686,3676,0.9972870320130223,1659,0.0002719608376393799,0.12180486826987404,164.76455676497005,1000,104,896,104,283,0,283,0,0.283,0.0,0.3158482142857143,0.0,71.7,100.0,68.41517857142857,283,104,completed_quasi_prospective_public_DFT_label_trial
materials_discovery,Matbench Discovery WBM unique prototypes,stable_inorganic_crystal_candidate,megnet_weak_learned_materials_model,MEGNet,quasi_prospective_public_DFT_label_followup,followup_partition_DFT_labels_used_only_after_PARC_decision,pre_release_top_score_DFT_stable_positives_in_calibration_blocks,composition_family_pair,0.1,0.1,5000,2,certified_refusal,164.76455676497005,10.0,0.34271027807113774,-9.350802776632808,10.0,3686,3686,3676,0.9972870320130223,1659,0.0002719608376393799,0.12180486826987404,164.76455676497005,5000,0,5000,0,2767,0,2767,0,0.5534,0.0,0.5534,0.0,44.66,0.0,44.66,2767,0,completed_quasi_prospective_public_DFT_label_trial
materials_discovery,Matbench Discovery WBM unique prototypes,stable_inorganic_crystal_candidate,megnet_weak_learned_materials_model,MEGNet,quasi_prospective_public_DFT_label_followup,followup_partition_DFT_labels_used_only_after_PARC_decision,pre_release_top_score_DFT_stable_positives_in_calibration_blocks,composition_family_pair,0.1,0.2,100,2,certified_release,164.76455676497005,5.0,32.95291135299401,159.76455676497005,5.0,3686,3686,3676,0.9972870320130223,1659,0.0002719608376393799,0.12180486826987404,164.76455676497005,100,100,0,100,0,0,0,0,0.0,0.0,0.0,0.0,100.0,100.0,0.0,0,100,completed_quasi_prospective_public_DFT_label_trial
materials_discovery,Matbench Discovery WBM unique prototypes,stable_inorganic_crystal_candidate,megnet_weak_learned_materials_model,MEGNet,quasi_prospective_public_DFT_label_followup,followup_partition_DFT_labels_used_only_after_PARC_decision,pre_release_top_score_DFT_stable_positives_in_calibration_blocks,composition_family_pair,0.1,0.2,300,2,certified_release,164.76455676497005,5.0,11.42367593570459,4.42412610211257,5.0,3686,3686,3676,0.9972870320130223,1659,0.0002719608376393799,0.12180486826987404,164.76455676497005,300,300,0,300,46,46,0,46,0.15333333333333332,0.15333333333333332,0.0,0.15333333333333332,84.66666666666667,84.66666666666667,0.0,0,254,completed_quasi_prospective_public_DFT_label_trial
materials_discovery,Matbench Discovery WBM unique prototypes,stable_inorganic_crystal_candidate,megnet_weak_learned_materials_model,MEGNet,quasi_prospective_public_DFT_label_followup,followup_partition_DFT_labels_used_only_after_PARC_decision,pre_release_top_score_DFT_stable_positives_in_calibration_blocks,composition_family_pair,0.1,0.2,500,2,certified_release,164.76455676497005,5.0,6.854205561422755,0.30684749887079743,5.0,3686,3686,3676,0.9972870320130223,1659,0.0002719608376393799,0.12180486826987404,164.76455676497005,500,500,0,500,100,100,0,100,0.2,0.2,0.0,0.2,80.0,80.0,0.0,0,400,completed_quasi_prospective_public_DFT_label_trial
materials_discovery,Matbench Discovery WBM unique prototypes,stable_inorganic_crystal_candidate,megnet_weak_learned_materials_model,MEGNet,quasi_prospective_public_DFT_label_followup,followup_partition_DFT_labels_used_only_after_PARC_decision,pre_release_top_score_DFT_stable_positives_in_calibration_blocks,composition_family_pair,0.1,0.2,1000,2,certified_release,164.76455676497005,5.0,3.4271027807113774,15.211255725345708,33.557046979865774,3686,3686,3676,0.9972870320130223,1659,0.0002719608376393799,0.12180486826987404,164.76455676497005,1000,149,851,149,283,9,274,9,0.283,0.06040268456375839,0.3219741480611046,0.06040268456375839,71.7,93.95973154362416,67.80258519388954,274,140,completed_quasi_prospective_public_DFT_label_trial
materials_discovery,Matbench Discovery WBM unique prototypes,stable_inorganic_crystal_candidate,megnet_weak_learned_materials_model,MEGNet,quasi_prospective_public_DFT_label_followup,followup_partition_DFT_labels_used_only_after_PARC_decision,pre_release_top_score_DFT_stable_positives_in_calibration_blocks,composition_family_pair,0.1,0.2,5000,2,certified_refusal,164.76455676497005,5.0,0.6854205561422755,-4.350802776632808,5.0,3686,3686,3676,0.9972870320130223,1659,0.0002719608376393799,0.12180486826987404,164.76455676497005,5000,0,5000,0,2767,0,2767,0,0.5534,0.0,0.5534,0.0,44.66,0.0,44.66,2767,0,completed_quasi_prospective_public_DFT_label_trial
materials_discovery,Matbench Discovery WBM unique prototypes,stable_inorganic_crystal_candidate,alignn_ff_modern_learned_materials_model,ALIGNN-FF,quasi_prospective_public_DFT_label_followup,followup_partition_DFT_labels_used_only_after_PARC_decision,pre_release_top_score_DFT_stable_positives_in_calibration_blocks,composition_family_pair,0.1,0.1,100,3,boundary_release,164.52842759729413,10.0,6.087551821099883,3.6677338564625384,10.0,3686,3686,3670,0.9956592512208355,1658,0.00027240533914464724,0.12182910242513326,164.52842759729413,100,100,0,100,21,21,0,21,0.21,0.21,0.0,0.21,79.0,79.0,0.0,0,79,completed_quasi_prospective_public_DFT_label_trial
materials_discovery,Matbench Discovery WBM unique prototypes,stable_inorganic_crystal_candidate,alignn_ff_modern_learned_materials_model,ALIGNN-FF,quasi_prospective_public_DFT_label_followup,followup_partition_DFT_labels_used_only_after_PARC_decision,pre_release_top_score_DFT_stable_positives_in_calibration_blocks,composition_family_pair,0.1,0.1,300,3,certified_release,164.52842759729413,10.0,2.0291839403666274,16.342073117266736,73.17073170731706,3686,3686,3670,0.9956592512208355,1658,0.00027240533914464724,0.12182910242513326,164.52842759729413,300,41,259,41,75,0,75,0,0.25,0.0,0.28957528957528955,0.0,75.0,100.0,71.04247104247105,75,41,completed_quasi_prospective_public_DFT_label_trial
materials_discovery,Matbench Discovery WBM unique prototypes,stable_inorganic_crystal_candidate,alignn_ff_modern_learned_materials_model,ALIGNN-FF,quasi_prospective_public_DFT_label_followup,followup_partition_DFT_labels_used_only_after_PARC_decision,pre_release_top_score_DFT_stable_positives_in_calibration_blocks,composition_family_pair,0.1,0.1,500,3,certified_release,164.52842759729413,10.0,1.2175103642199765,29.393292462158996,135.13513513513513,3686,3686,3670,0.9956592512208355,1658,0.00027240533914464724,0.12182910242513326,164.52842759729413,500,37,463,37,148,0,148,0,0.296,0.0,0.31965442764578833,0.0,70.39999999999999,100.0,68.03455723542116,148,37,completed_quasi_prospective_public_DFT_label_trial
materials_discovery,Matbench Discovery WBM unique prototypes,stable_inorganic_crystal_candidate,alignn_ff_modern_learned_materials_model,ALIGNN-FF,quasi_prospective_public_DFT_label_followup,followup_partition_DFT_labels_used_only_after_PARC_decision,pre_release_top_score_DFT_stable_positives_in_calibration_blocks,composition_family_pair,0.1,0.1,1000,3,certified_refusal,164.52842759729413,10.0,0.6087551821099882,-7.93191084530598,10.0,3686,3686,3670,0.9956592512208355,1658,0.00027240533914464724,0.12182910242513326,164.52842759729413,1000,0,1000,0,345,0,345,0,0.345,0.0,0.345,0.0,65.5,0.0,65.5,345,0,completed_quasi_prospective_public_DFT_label_trial
materials_discovery,Matbench Discovery WBM unique prototypes,stable_inorganic_crystal_candidate,alignn_ff_modern_learned_materials_model,ALIGNN-FF,quasi_prospective_public_DFT_label_followup,followup_partition_DFT_labels_used_only_after_PARC_decision,pre_release_top_score_DFT_stable_positives_in_calibration_blocks,composition_family_pair,0.1,0.1,5000,3,certified_refusal,164.52842759729413,10.0,0.12175103642199765,-9.458837698808408,10.0,3686,3686,3670,0.9956592512208355,1658,0.00027240533914464724,0.12182910242513326,164.52842759729413,5000,0,5000,0,2497,0,2497,0,0.4994,0.0,0.4994,0.0,50.06,0.0,50.06,2497,0,completed_quasi_prospective_public_DFT_label_trial
materials_discovery,Matbench Discovery WBM unique prototypes,stable_inorganic_crystal_candidate,alignn_ff_modern_learned_materials_model,ALIGNN-FF,quasi_prospective_public_DFT_label_followup,followup_partition_DFT_labels_used_only_after_PARC_decision,pre_release_top_score_DFT_stable_positives_in_calibration_blocks,composition_family_pair,0.1,0.2,100,3,boundary_release,164.52842759729413,5.0,12.175103642199765,8.667733856462538,5.0,3686,3686,3670,0.9956592512208355,1658,0.00027240533914464724,0.12182910242513326,164.52842759729413,100,100,0,100,21,21,0,21,0.21,0.21,0.0,0.21,79.0,79.0,0.0,0,79,completed_quasi_prospective_public_DFT_label_trial
materials_discovery,Matbench Discovery WBM unique prototypes,stable_inorganic_crystal_candidate,alignn_ff_modern_learned_materials_model,ALIGNN-FF,quasi_prospective_public_DFT_label_followup,followup_partition_DFT_labels_used_only_after_PARC_decision,pre_release_top_score_DFT_stable_positives_in_calibration_blocks,composition_family_pair,0.1,0.2,300,3,certified_release,164.52842759729413,5.0,4.058367880733255,0.1798010100187355,26.31578947368421,3686,3686,3670,0.9956592512208355,1658,0.00027240533914464724,0.12182910242513326,164.52842759729413,300,57,243,57,75,6,69,6,0.25,0.10526315789473684,0.2839506172839506,0.10526315789473684,75.0,89.47368421052632,71.60493827160494,69,51,completed_quasi_prospective_public_DFT_label_trial
materials_discovery,Matbench Discovery WBM unique prototypes,stable_inorganic_crystal_candidate,alignn_ff_modern_learned_materials_model,ALIGNN-FF,quasi_prospective_public_DFT_label_followup,followup_partition_DFT_labels_used_only_after_PARC_decision,pre_release_top_score_DFT_stable_positives_in_calibration_blocks,composition_family_pair,0.1,0.2,500,3,certified_release,164.52842759729413,5.0,2.435020728439953,28.53719506848624,60.975609756097555,3686,3686,3670,0.9956592512208355,1658,0.00027240533914464724,0.12182910242513326,164.52842759729413,500,41,459,41,148,0,148,0,0.296,0.0,0.3224400871459695,0.0,70.39999999999999,100.0,67.75599128540306,148,41,completed_quasi_prospective_public_DFT_label_trial
materials_discovery,Matbench Discovery WBM unique prototypes,stable_inorganic_crystal_candidate,alignn_ff_modern_learned_materials_model,ALIGNN-FF,quasi_prospective_public_DFT_label_followup,followup_partition_DFT_labels_used_only_after_PARC_decision,pre_release_top_score_DFT_stable_positives_in_calibration_blocks,composition_family_pair,0.1,0.2,1000,3,certified_release,164.52842759729413,5.0,1.2175103642199765,29.393292462158996,135.13513513513513,3686,3686,3670,0.9956592512208355,1658,0.00027240533914464724,0.12182910242513326,164.52842759729413,1000,37,963,37,345,0,345,0,0.345,0.0,0.3582554517133956,0.0,65.5,100.0,64.17445482866043,345,37,completed_quasi_prospective_public_DFT_label_trial
materials_discovery,Matbench Discovery WBM unique prototypes,stable_inorganic_crystal_candidate,alignn_ff_modern_learned_materials_model,ALIGNN-FF,quasi_prospective_public_DFT_label_followup,followup_partition_DFT_labels_used_only_after_PARC_decision,pre_release_top_score_DFT_stable_positives_in_calibration_blocks,composition_family_pair,0.1,0.2,5000,3,certified_refusal,164.52842759729413,5.0,0.2435020728439953,-4.458837698808407,5.0,3686,3686,3670,0.9956592512208355,1658,0.00027240533914464724,0.12182910242513326,164.52842759729413,5000,0,5000,0,2497,0,2497,0,0.4994,0.0,0.4994,0.0,50.06,0.0,50.06,2497,0,completed_quasi_prospective_public_DFT_label_trial
materials_discovery,Matbench Discovery WBM unique prototypes,stable_inorganic_crystal_candidate,cgcnn_ensemble_learned_materials_model,CGCNN 10-member ensemble,quasi_prospective_public_DFT_label_followup,followup_partition_DFT_labels_used_only_after_PARC_decision,pre_release_top_score_DFT_stable_positives_in_calibration_blocks,composition_family_pair,0.1,0.1,100,3,certified_release,164.52842759729413,10.0,9.707177228240354,30.033709281952042,10.0,3686,3686,3670,0.9956592512208355,1658,0.00027240533914464724,0.12182910242513326,164.52842759729413,100,100,0,100,7,7,0,7,0.07,0.07,0.0,0.07,93.0,93.0,0.0,0,93,completed_quasi_prospective_public_DFT_label_trial
materials_discovery,Matbench Discovery WBM unique prototypes,stable_inorganic_crystal_candidate,cgcnn_ensemble_learned_materials_model,CGCNN 10-member ensemble,quasi_prospective_public_DFT_label_followup,followup_partition_DFT_labels_used_only_after_PARC_decision,pre_release_top_score_DFT_stable_positives_in_calibration_blocks,composition_family_pair,0.1,0.1,300,3,boundary_release,164.52842759729413,10.0,3.2357257427467845,0.6362102561386358,23.25581395348837,3686,3686,3670,0.9956592512208355,1658,0.00027240533914464724,0.12182910242513326,164.52842759729413,300,129,171,129,84,19,65,19,0.28,0.14728682170542637,0.38011695906432746,0.14728682170542637,72.0,85.27131782945736,61.98830409356725,65,110,completed_quasi_prospective_public_DFT_label_trial
materials_discovery,Matbench Discovery WBM unique prototypes,stable_inorganic_crystal_candidate,cgcnn_ensemble_learned_materials_model,CGCNN 10-member ensemble,quasi_prospective_public_DFT_label_followup,followup_partition_DFT_labels_used_only_after_PARC_decision,pre_release_top_score_DFT_stable_positives_in_calibration_blocks,composition_family_pair,0.1,0.1,500,3,certified_release,164.52842759729413,10.0,1.9414354456480707,0.19702684598700415,62.5,3686,3686,3670,0.9956592512208355,1658,0.00027240533914464724,0.12182910242513326,164.52842759729413,500,80,420,80,190,5,185,5,0.38,0.0625,0.44047619047619047,0.0625,62.0,93.75,55.952380952380956,185,75,completed_quasi_prospective_public_DFT_label_trial
materials_discovery,Matbench Discovery WBM unique prototypes,stable_inorganic_crystal_candidate,cgcnn_ensemble_learned_materials_model,CGCNN 10-member ensemble,quasi_prospective_public_DFT_label_followup,followup_partition_DFT_labels_used_only_after_PARC_decision,pre_release_top_score_DFT_stable_positives_in_calibration_blocks,composition_family_pair,0.1,0.1,1000,3,certified_refusal,164.52842759729413,10.0,0.9707177228240353,-4.963097826434677,169.4915254237288,3686,3686,3670,0.9956592512208355,1658,0.00027240533914464724,0.12182910242513326,164.52842759729413,1000,0,1000,0,434,0,434,0,0.434,0.0,0.434,0.0,56.599999999999994,0.0,56.599999999999994,434,0,completed_quasi_prospective_public_DFT_label_trial
materials_discovery,Matbench Discovery WBM unique prototypes,stable_inorganic_crystal_candidate,cgcnn_ensemble_learned_materials_model,CGCNN 10-member ensemble,quasi_prospective_public_DFT_label_followup,followup_partition_DFT_labels_used_only_after_PARC_decision,pre_release_top_score_DFT_stable_positives_in_calibration_blocks,composition_family_pair,0.1,0.1,5000,3,certified_refusal,164.52842759729413,10.0,0.19414354456480706,-9.619630436391317,10.0,3686,3686,3670,0.9956592512208355,1658,0.00027240533914464724,0.12182910242513326,164.52842759729413,5000,0,5000,0,2021,0,2021,0,0.4042,0.0,0.4042,0.0,59.58,0.0,59.58,2021,0,completed_quasi_prospective_public_DFT_label_trial
materials_discovery,Matbench Discovery WBM unique prototypes,stable_inorganic_crystal_candidate,cgcnn_ensemble_learned_materials_model,CGCNN 10-member ensemble,quasi_prospective_public_DFT_label_followup,followup_partition_DFT_labels_used_only_after_PARC_decision,pre_release_top_score_DFT_stable_positives_in_calibration_blocks,composition_family_pair,0.1,0.2,100,3,certified_release,164.52842759729413,5.0,19.41435445648071,35.03370928195204,5.0,3686,3686,3670,0.9956592512208355,1658,0.00027240533914464724,0.12182910242513326,164.52842759729413,100,100,0,100,7,7,0,7,0.07,0.07,0.0,0.07,93.0,93.0,0.0,0,93,completed_quasi_prospective_public_DFT_label_trial
materials_discovery,Matbench Discovery WBM unique prototypes,stable_inorganic_crystal_candidate,cgcnn_ensemble_learned_materials_model,CGCNN 10-member ensemble,quasi_prospective_public_DFT_label_followup,followup_partition_DFT_labels_used_only_after_PARC_decision,pre_release_top_score_DFT_stable_positives_in_calibration_blocks,composition_family_pair,0.1,0.2,300,3,boundary_release,164.52842759729413,5.0,6.471451485493569,1.308717785823939,5.0,3686,3686,3670,0.9956592512208355,1658,0.00027240533914464724,0.12182910242513326,164.52842759729413,300,300,0,300,84,84,0,84,0.28,0.28,0.0,0.28,72.0,72.0,0.0,0,216,completed_quasi_prospective_public_DFT_label_trial
materials_discovery,Matbench Discovery WBM unique prototypes,stable_inorganic_crystal_candidate,cgcnn_ensemble_learned_materials_model,CGCNN 10-member ensemble,quasi_prospective_public_DFT_label_followup,followup_partition_DFT_labels_used_only_after_PARC_decision,pre_release_top_score_DFT_stable_positives_in_calibration_blocks,composition_family_pair,0.1,0.2,500,3,certified_release,164.52842759729413,5.0,3.8828708912961414,4.512179248386698,19.37984496124031,3686,3686,3670,0.9956592512208355,1658,0.00027240533914464724,0.12182910242513326,164.52842759729413,500,129,371,129,190,19,171,19,0.38,0.14728682170542637,0.4609164420485175,0.14728682170542637,62.0,85.27131782945736,53.908355795148246,171,110,completed_quasi_prospective_public_DFT_label_trial
materials_discovery,Matbench Discovery WBM unique prototypes,stable_inorganic_crystal_candidate,cgcnn_ensemble_learned_materials_model,CGCNN 10-member ensemble,quasi_prospective_public_DFT_label_followup,followup_partition_DFT_labels_used_only_after_PARC_decision,pre_release_top_score_DFT_stable_positives_in_calibration_blocks,composition_family_pair,0.1,0.2,1000,3,certified_release,164.52842759729413,5.0,1.9414354456480707,0.19702684598700415,62.5,3686,3686,3670,0.9956592512208355,1658,0.00027240533914464724,0.12182910242513326,164.52842759729413,1000,80,920,80,434,5,429,5,0.434,0.0625,0.46630434782608693,0.0625,56.599999999999994,93.75,53.369565217391305,429,75,completed_quasi_prospective_public_DFT_label_trial
materials_discovery,Matbench Discovery WBM unique prototypes,stable_inorganic_crystal_candidate,cgcnn_ensemble_learned_materials_model,CGCNN 10-member ensemble,quasi_prospective_public_DFT_label_followup,followup_partition_DFT_labels_used_only_after_PARC_decision,pre_release_top_score_DFT_stable_positives_in_calibration_blocks,composition_family_pair,0.1,0.2,5000,3,certified_refusal,164.52842759729413,5.0,0.3882870891296141,-4.619630436391317,5.0,3686,3686,3670,0.9956592512208355,1658,0.00027240533914464724,0.12182910242513326,164.52842759729413,5000,0,5000,0,2021,0,2021,0,0.4042,0.0,0.4042,0.0,59.58,0.0,59.58,2021,0,completed_quasi_prospective_public_DFT_label_trial
materials_discovery,Matbench Discovery WBM unique prototypes,stable_inorganic_crystal_candidate,megnet_weak_learned_materials_model,MEGNet,quasi_prospective_public_DFT_label_followup,followup_partition_DFT_labels_used_only_after_PARC_decision,pre_release_top_score_DFT_stable_positives_in_calibration_blocks,composition_family_pair,0.1,0.1,100,3,boundary_release,164.72520471273907,10.0,7.24790900736052,24.150302613731,10.0,3686,3686,3675,0.9970157352143245,1658,0.0002720348204570185,0.12180890387917165,164.72520471273907,100,100,0,100,12,12,0,12,0.12,0.12,0.0,0.12,88.0,88.0,0.0,0,88,completed_quasi_prospective_public_DFT_label_trial
materials_discovery,Matbench Discovery WBM unique prototypes,stable_inorganic_crystal_candidate,megnet_weak_learned_materials_model,MEGNet,quasi_prospective_public_DFT_label_followup,followup_partition_DFT_labels_used_only_after_PARC_decision,pre_release_top_score_DFT_stable_positives_in_calibration_blocks,composition_family_pair,0.1,0.1,300,3,boundary_release,164.72520471273907,10.0,2.415969669120173,1.6973154200487208,22.22222222222222,3686,3686,3675,0.9970157352143245,1658,0.0002720348204570185,0.12180890387917165,164.72520471273907,300,135,165,135,55,16,39,16,0.18333333333333332,0.11851851851851852,0.23636363636363636,0.11851851851851852,81.66666666666667,88.14814814814815,76.36363636363637,39,119,completed_quasi_prospective_public_DFT_label_trial
materials_discovery,Matbench Discovery WBM unique prototypes,stable_inorganic_crystal_candidate,megnet_weak_learned_materials_model,MEGNet,quasi_prospective_public_DFT_label_followup,followup_partition_DFT_labels_used_only_after_PARC_decision,pre_release_top_score_DFT_stable_positives_in_calibration_blocks,composition_family_pair,0.1,0.1,500,3,certified_release,164.72520471273907,10.0,1.449581801472104,1.0422249348683224,61.7283950617284,3686,3686,3675,0.9970157352143245,1658,0.0002720348204570185,0.12180890387917165,164.72520471273907,500,81,419,81,102,8,94,8,0.204,0.09876543209876543,0.2243436754176611,0.09876543209876543,79.60000000000001,90.12345679012346,77.56563245823389,94,73,completed_quasi_prospective_public_DFT_label_trial
materials_discovery,Matbench Discovery WBM unique prototypes,stable_inorganic_crystal_candidate,megnet_weak_learned_materials_model,MEGNet,quasi_prospective_public_DFT_label_followup,followup_partition_DFT_labels_used_only_after_PARC_decision,pre_release_top_score_DFT_stable_positives_in_calibration_blocks,composition_family_pair,0.1,0.1,1000,3,certified_refusal,164.72520471273907,10.0,0.724790900736052,-7.302102664397738,10.0,3686,3686,3675,0.9970157352143245,1658,0.0002720348204570185,0.12180890387917165,164.72520471273907,1000,0,1000,0,283,0,283,0,0.283,0.0,0.283,0.0,71.7,0.0,71.7,283,0,completed_quasi_prospective_public_DFT_label_trial
materials_discovery,Matbench Discovery WBM unique prototypes,stable_inorganic_crystal_candidate,megnet_weak_learned_materials_model,MEGNet,quasi_prospective_public_DFT_label_followup,followup_partition_DFT_labels_used_only_after_PARC_decision,pre_release_top_score_DFT_stable_positives_in_calibration_blocks,composition_family_pair,0.1,0.1,5000,3,certified_refusal,164.72520471273907,10.0,0.1449581801472104,-9.381614040815565,10.0,3686,3686,3675,0.9970157352143245,1658,0.0002720348204570185,0.12180890387917165,164.72520471273907,5000,0,5000,0,2585,0,2585,0,0.517,0.0,0.517,0.0,48.3,0.0,48.3,2585,0,completed_quasi_prospective_public_DFT_label_trial
materials_discovery,Matbench Discovery WBM unique prototypes,stable_inorganic_crystal_candidate,megnet_weak_learned_materials_model,MEGNet,quasi_prospective_public_DFT_label_followup,followup_partition_DFT_labels_used_only_after_PARC_decision,pre_release_top_score_DFT_stable_positives_in_calibration_blocks,composition_family_pair,0.1,0.2,100,3,certified_release,164.72520471273907,5.0,14.49581801472104,29.150302613731,5.0,3686,3686,3675,0.9970157352143245,1658,0.0002720348204570185,0.12180890387917165,164.72520471273907,100,100,0,100,12,12,0,12,0.12,0.12,0.0,0.12,88.0,88.0,0.0,0,88,completed_quasi_prospective_public_DFT_label_trial
materials_discovery,Matbench Discovery WBM unique prototypes,stable_inorganic_crystal_candidate,megnet_weak_learned_materials_model,MEGNet,quasi_prospective_public_DFT_label_followup,followup_partition_DFT_labels_used_only_after_PARC_decision,pre_release_top_score_DFT_stable_positives_in_calibration_blocks,composition_family_pair,0.1,0.2,300,3,certified_release,164.72520471273907,5.0,4.831939338240346,1.5993518643091926,5.0,3686,3686,3675,0.9970157352143245,1658,0.0002720348204570185,0.12180890387917165,164.72520471273907,300,300,0,300,55,55,0,55,0.18333333333333332,0.18333333333333332,0.0,0.18333333333333332,81.66666666666667,81.66666666666667,0.0,0,245,completed_quasi_prospective_public_DFT_label_trial
materials_discovery,Matbench Discovery WBM unique prototypes,stable_inorganic_crystal_candidate,megnet_weak_learned_materials_model,MEGNet,quasi_prospective_public_DFT_label_followup,followup_partition_DFT_labels_used_only_after_PARC_decision,pre_release_top_score_DFT_stable_positives_in_calibration_blocks,composition_family_pair,0.1,0.2,500,3,certified_release,164.72520471273907,5.0,2.899163602944208,1.3947197155862323,15.92356687898089,3686,3686,3675,0.9970157352143245,1658,0.0002720348204570185,0.12180890387917165,164.72520471273907,500,157,343,157,102,22,80,22,0.204,0.14012738853503184,0.23323615160349853,0.14012738853503184,79.60000000000001,85.98726114649682,76.67638483965014,80,135,completed_quasi_prospective_public_DFT_label_trial
materials_discovery,Matbench Discovery WBM unique prototypes,stable_inorganic_crystal_candidate,megnet_weak_learned_materials_model,MEGNet,quasi_prospective_public_DFT_label_followup,followup_partition_DFT_labels_used_only_after_PARC_decision,pre_release_top_score_DFT_stable_positives_in_calibration_blocks,composition_family_pair,0.1,0.2,1000,3,certified_release,164.72520471273907,5.0,1.449581801472104,1.0422249348683224,61.7283950617284,3686,3686,3675,0.9970157352143245,1658,0.0002720348204570185,0.12180890387917165,164.72520471273907,1000,81,919,81,283,8,275,8,0.283,0.09876543209876543,0.2992383025027203,0.09876543209876543,71.7,90.12345679012346,70.07616974972797,275,73,completed_quasi_prospective_public_DFT_label_trial
materials_discovery,Matbench Discovery WBM unique prototypes,stable_inorganic_crystal_candidate,megnet_weak_learned_materials_model,MEGNet,quasi_prospective_public_DFT_label_followup,followup_partition_DFT_labels_used_only_after_PARC_decision,pre_release_top_score_DFT_stable_positives_in_calibration_blocks,composition_family_pair,0.1,0.2,5000,3,certified_refusal,164.72520471273907,5.0,0.2899163602944208,-4.381614040815565,5.0,3686,3686,3675,0.9970157352143245,1658,0.0002720348204570185,0.12180890387917165,164.72520471273907,5000,0,5000,0,2585,0,2585,0,0.517,0.0,0.517,0.0,48.3,0.0,48.3,2585,0,completed_quasi_prospective_public_DFT_label_trial
materials_discovery,Matbench Discovery WBM unique prototypes,stable_inorganic_crystal_candidate,alignn_ff_modern_learned_materials_model,ALIGNN-FF,quasi_prospective_public_DFT_label_followup,followup_partition_DFT_labels_used_only_after_PARC_decision,pre_release_top_score_DFT_stable_positives_in_calibration_blocks,composition_family_pair,0.1,0.1,100,4,certified_release,164.56778526884978,10.0,11.026041613012936,38.71142423239396,10.0,3686,3686,3671,0.9959305480195334,1693,0.0002723311546840959,0.12182505997986512,164.56778526884978,100,100,0,100,8,8,0,8,0.08,0.08,0.0,0.08,92.0,92.0,0.0,0,92,completed_quasi_prospective_public_DFT_label_trial
materials_discovery,Matbench Discovery WBM unique prototypes,stable_inorganic_crystal_candidate,alignn_ff_modern_learned_materials_model,ALIGNN-FF,quasi_prospective_public_DFT_label_followup,followup_partition_DFT_labels_used_only_after_PARC_decision,pre_release_top_score_DFT_stable_positives_in_calibration_blocks,composition_family_pair,0.1,0.1,300,4,certified_release,164.56778526884978,10.0,3.675347204337645,10.916811831036284,29.126213592233007,3686,3686,3671,0.9959305480195334,1693,0.0002723311546840959,0.12182505997986512,164.56778526884978,300,103,197,103,80,8,72,8,0.26666666666666666,0.07766990291262135,0.36548223350253806,0.07766990291262135,73.33333333333333,92.23300970873787,63.45177664974619,72,95,completed_quasi_prospective_public_DFT_label_trial
materials_discovery,Matbench Discovery WBM unique prototypes,stable_inorganic_crystal_candidate,alignn_ff_modern_learned_materials_model,ALIGNN-FF,quasi_prospective_public_DFT_label_followup,followup_partition_DFT_labels_used_only_after_PARC_decision,pre_release_top_score_DFT_stable_positives_in_calibration_blocks,composition_family_pair,0.1,0.1,500,4,certified_release,164.56778526884978,10.0,2.205208322602587,5.8935645900062426,56.81818181818181,3686,3686,3671,0.9959305480195334,1693,0.0002723311546840959,0.12182505997986512,164.56778526884978,500,88,412,88,171,7,164,7,0.342,0.07954545454545454,0.39805825242718446,0.07954545454545454,65.8,92.04545454545455,60.19417475728155,164,81,completed_quasi_prospective_public_DFT_label_trial
materials_discovery,Matbench Discovery WBM unique prototypes,stable_inorganic_crystal_candidate,alignn_ff_modern_learned_materials_model,ALIGNN-FF,quasi_prospective_public_DFT_label_followup,followup_partition_DFT_labels_used_only_after_PARC_decision,pre_release_top_score_DFT_stable_positives_in_calibration_blocks,composition_family_pair,0.1,0.1,1000,4,certified_release,164.56778526884978,10.0,1.1026041613012936,15.314053925566185,149.2537313432836,3686,3686,3671,0.9959305480195334,1693,0.0002723311546840959,0.12182505997986512,164.56778526884978,1000,67,933,67,391,0,391,0,0.391,0.0,0.4190782422293676,0.0,60.9,100.0,58.09217577706324,391,67,completed_quasi_prospective_public_DFT_label_trial
materials_discovery,Matbench Discovery WBM unique prototypes,stable_inorganic_crystal_candidate,alignn_ff_modern_learned_materials_model,ALIGNN-FF,quasi_prospective_public_DFT_label_followup,followup_partition_DFT_labels_used_only_after_PARC_decision,pre_release_top_score_DFT_stable_positives_in_calibration_blocks,composition_family_pair,0.1,0.1,5000,4,certified_refusal,164.56778526884978,10.0,0.2205208322602587,-9.443418830986682,10.0,3686,3686,3671,0.9959305480195334,1693,0.0002723311546840959,0.12182505997986512,164.56778526884978,5000,0,5000,0,2576,0,2576,0,0.5152,0.0,0.5152,0.0,48.480000000000004,0.0,48.480000000000004,2576,0,completed_quasi_prospective_public_DFT_label_trial
materials_discovery,Matbench Discovery WBM unique prototypes,stable_inorganic_crystal_candidate,alignn_ff_modern_learned_materials_model,ALIGNN-FF,quasi_prospective_public_DFT_label_followup,followup_partition_DFT_labels_used_only_after_PARC_decision,pre_release_top_score_DFT_stable_positives_in_calibration_blocks,composition_family_pair,0.1,0.2,100,4,certified_release,164.56778526884978,5.0,22.05208322602587,43.71142423239396,5.0,3686,3686,3671,0.9959305480195334,1693,0.0002723311546840959,0.12182505997986512,164.56778526884978,100,100,0,100,8,8,0,8,0.08,0.08,0.0,0.08,92.0,92.0,0.0,0,92,completed_quasi_prospective_public_DFT_label_trial
materials_discovery,Matbench Discovery WBM unique prototypes,stable_inorganic_crystal_candidate,alignn_ff_modern_learned_materials_model,ALIGNN-FF,quasi_prospective_public_DFT_label_followup,followup_partition_DFT_labels_used_only_after_PARC_decision,pre_release_top_score_DFT_stable_positives_in_calibration_blocks,composition_family_pair,0.1,0.2,300,4,boundary_release,164.56778526884978,5.0,7.35069440867529,0.8148032483295067,5.0,3686,3686,3671,0.9959305480195334,1693,0.0002723311546840959,0.12182505997986512,164.56778526884978,300,300,0,300,80,80,0,80,0.26666666666666666,0.26666666666666666,0.0,0.26666666666666666,73.33333333333333,73.33333333333333,0.0,0,220,completed_quasi_prospective_public_DFT_label_trial
materials_discovery,Matbench Discovery WBM unique prototypes,stable_inorganic_crystal_candidate,alignn_ff_modern_learned_materials_model,ALIGNN-FF,quasi_prospective_public_DFT_label_followup,followup_partition_DFT_labels_used_only_after_PARC_decision,pre_release_top_score_DFT_stable_positives_in_calibration_blocks,composition_family_pair,0.1,0.2,500,4,certified_release,164.56778526884978,5.0,4.410416645205174,0.952284679533367,20.833333333333332,3686,3686,3671,0.9959305480195334,1693,0.0002723311546840959,0.12182505997986512,164.56778526884978,500,120,380,120,171,13,158,13,0.342,0.10833333333333334,0.41578947368421054,0.10833333333333334,65.8,89.16666666666667,58.42105263157895,158,107,completed_quasi_prospective_public_DFT_label_trial
materials_discovery,Matbench Discovery WBM unique prototypes,stable_inorganic_crystal_candidate,alignn_ff_modern_learned_materials_model,ALIGNN-FF,quasi_prospective_public_DFT_label_followup,followup_partition_DFT_labels_used_only_after_PARC_decision,pre_release_top_score_DFT_stable_positives_in_calibration_blocks,composition_family_pair,0.1,0.2,1000,4,certified_release,164.56778526884978,5.0,2.205208322602587,5.8935645900062426,56.81818181818181,3686,3686,3671,0.9959305480195334,1693,0.0002723311546840959,0.12182505997986512,164.56778526884978,1000,88,912,88,391,7,384,7,0.391,0.07954545454545454,0.42105263157894735,0.07954545454545454,60.9,92.04545454545455,57.89473684210527,384,81,completed_quasi_prospective_public_DFT_label_trial
materials_discovery,Matbench Discovery WBM unique prototypes,stable_inorganic_crystal_candidate,alignn_ff_modern_learned_materials_model,ALIGNN-FF,quasi_prospective_public_DFT_label_followup,followup_partition_DFT_labels_used_only_after_PARC_decision,pre_release_top_score_DFT_stable_positives_in_calibration_blocks,composition_family_pair,0.1,0.2,5000,4,certified_refusal,164.56778526884978,5.0,0.4410416645205174,-4.443418830986682,5.0,3686,3686,3671,0.9959305480195334,1693,0.0002723311546840959,0.12182505997986512,164.56778526884978,5000,0,5000,0,2576,0,2576,0,0.5152,0.0,0.5152,0.0,48.480000000000004,0.0,48.480000000000004,2576,0,completed_quasi_prospective_public_DFT_label_trial
materials_discovery,Matbench Discovery WBM unique prototypes,stable_inorganic_crystal_candidate,cgcnn_ensemble_learned_materials_model,CGCNN 10-member ensemble,quasi_prospective_public_DFT_label_followup,followup_partition_DFT_labels_used_only_after_PARC_decision,pre_release_top_score_DFT_stable_positives_in_calibration_blocks,composition_family_pair,0.1,0.1,100,4,certified_release,164.52842759729413,10.0,15.959257476937532,52.697026845987004,10.0,3686,3686,3670,0.9956592512208355,1693,0.00027240533914464724,0.12182910242513326,164.52842759729413,100,100,0,100,3,3,0,3,0.03,0.03,0.0,0.03,97.0,97.0,0.0,0,97,completed_quasi_prospective_public_DFT_label_trial
materials_discovery,Matbench Discovery WBM unique prototypes,stable_inorganic_crystal_candidate,cgcnn_ensemble_learned_materials_model,CGCNN 10-member ensemble,quasi_prospective_public_DFT_label_followup,followup_partition_DFT_labels_used_only_after_PARC_decision,pre_release_top_score_DFT_stable_positives_in_calibration_blocks,composition_family_pair,0.1,0.1,300,4,certified_release,164.52842759729413,10.0,5.319752492312511,0.423967130458891,19.6078431372549,3686,3686,3670,0.9956592512208355,1693,0.00027240533914464724,0.12182910242513326,164.52842759729413,300,153,147,153,66,10,56,10,0.22,0.06535947712418301,0.38095238095238093,0.06535947712418301,78.0,93.4640522875817,61.904761904761905,56,143,completed_quasi_prospective_public_DFT_label_trial
materials_discovery,Matbench Discovery WBM unique prototypes,stable_inorganic_crystal_candidate,cgcnn_ensemble_learned_materials_model,CGCNN 10-member ensemble,quasi_prospective_public_DFT_label_followup,followup_partition_DFT_labels_used_only_after_PARC_decision,pre_release_top_score_DFT_stable_positives_in_calibration_blocks,composition_family_pair,0.1,0.1,500,4,certified_release,164.52842759729413,10.0,3.1918514953875063,1.5721708204135822,38.46153846153846,3686,3686,3670,0.9956592512208355,1693,0.00027240533914464724,0.12182910242513326,164.52842759729413,500,130,370,130,160,4,156,4,0.32,0.03076923076923077,0.42162162162162165,0.03076923076923077,68.0,96.92307692307692,57.83783783783784,156,126,completed_quasi_prospective_public_DFT_label_trial
materials_discovery,Matbench Discovery WBM unique prototypes,stable_inorganic_crystal_candidate,cgcnn_ensemble_learned_materials_model,CGCNN 10-member ensemble,quasi_prospective_public_DFT_label_followup,followup_partition_DFT_labels_used_only_after_PARC_decision,pre_release_top_score_DFT_stable_positives_in_calibration_blocks,composition_family_pair,0.1,0.1,1000,4,certified_release,164.52842759729413,10.0,1.5959257476937532,61.4356440921395,103.09278350515463,3686,3686,3670,0.9956592512208355,1693,0.00027240533914464724,0.12182910242513326,164.52842759729413,1000,97,903,97,372,3,369,3,0.372,0.030927835051546393,0.40863787375415284,0.030927835051546393,62.8,96.90721649484536,59.136212624584715,369,94,completed_quasi_prospective_public_DFT_label_trial
materials_discovery,Matbench Discovery WBM unique prototypes,stable_inorganic_crystal_candidate,cgcnn_ensemble_learned_materials_model,CGCNN 10-member ensemble,quasi_prospective_public_DFT_label_followup,followup_partition_DFT_labels_used_only_after_PARC_decision,pre_release_top_score_DFT_stable_positives_in_calibration_blocks,composition_family_pair,0.1,0.1,5000,4,certified_refusal,164.52842759729413,10.0,0.31918514953875066,-9.623252859851785,10.0,3686,3686,3670,0.9956592512208355,1693,0.00027240533914464724,0.12182910242513326,164.52842759729413,5000,0,5000,0,2010,0,2010,0,0.402,0.0,0.402,0.0,59.8,0.0,59.8,2010,0,completed_quasi_prospective_public_DFT_label_trial
materials_discovery,Matbench Discovery WBM unique prototypes,stable_inorganic_crystal_candidate,cgcnn_ensemble_learned_materials_model,CGCNN 10-member ensemble,quasi_prospective_public_DFT_label_followup,followup_partition_DFT_labels_used_only_after_PARC_decision,pre_release_top_score_DFT_stable_positives_in_calibration_blocks,composition_family_pair,0.1,0.2,100,4,certified_release,164.52842759729413,5.0,31.918514953875064,57.697026845987004,5.0,3686,3686,3670,0.9956592512208355,1693,0.00027240533914464724,0.12182910242513326,164.52842759729413,100,100,0,100,3,3,0,3,0.03,0.03,0.0,0.03,97.0,97.0,0.0,0,97,completed_quasi_prospective_public_DFT_label_trial
materials_discovery,Matbench Discovery WBM unique prototypes,stable_inorganic_crystal_candidate,cgcnn_ensemble_learned_materials_model,CGCNN 10-member ensemble,quasi_prospective_public_DFT_label_followup,followup_partition_DFT_labels_used_only_after_PARC_decision,pre_release_top_score_DFT_stable_positives_in_calibration_blocks,composition_family_pair,0.1,0.2,300,4,boundary_release,164.52842759729413,5.0,10.639504984625022,1.4470121192336958,5.0,3686,3686,3670,0.9956592512208355,1693,0.00027240533914464724,0.12182910242513326,164.52842759729413,300,300,0,300,66,66,0,66,0.22,0.22,0.0,0.22,78.0,78.0,0.0,0,234,completed_quasi_prospective_public_DFT_label_trial
materials_discovery,Matbench Discovery WBM unique prototypes,stable_inorganic_crystal_candidate,cgcnn_ensemble_learned_materials_model,CGCNN 10-member ensemble,quasi_prospective_public_DFT_label_followup,followup_partition_DFT_labels_used_only_after_PARC_decision,pre_release_top_score_DFT_stable_positives_in_calibration_blocks,composition_family_pair,0.1,0.2,500,4,certified_release,164.52842759729413,5.0,6.383702990775013,1.4757099207225934,15.822784810126581,3686,3686,3670,0.9956592512208355,1693,0.00027240533914464724,0.12182910242513326,164.52842759729413,500,158,342,158,160,11,149,11,0.32,0.06962025316455696,0.43567251461988304,0.06962025316455696,68.0,93.0379746835443,56.4327485380117,149,147,completed_quasi_prospective_public_DFT_label_trial
materials_discovery,Matbench Discovery WBM unique prototypes,stable_inorganic_crystal_candidate,cgcnn_ensemble_learned_materials_model,CGCNN 10-member ensemble,quasi_prospective_public_DFT_label_followup,followup_partition_DFT_labels_used_only_after_PARC_decision,pre_release_top_score_DFT_stable_positives_in_calibration_blocks,composition_family_pair,0.1,0.2,1000,4,certified_release,164.52842759729413,5.0,3.1918514953875063,1.5721708204135822,38.46153846153846,3686,3686,3670,0.9956592512208355,1693,0.00027240533914464724,0.12182910242513326,164.52842759729413,1000,130,870,130,372,4,368,4,0.372,0.03076923076923077,0.42298850574712643,0.03076923076923077,62.8,96.92307692307692,57.701149425287355,368,126,completed_quasi_prospective_public_DFT_label_trial
materials_discovery,Matbench Discovery WBM unique prototypes,stable_inorganic_crystal_candidate,cgcnn_ensemble_learned_materials_model,CGCNN 10-member ensemble,quasi_prospective_public_DFT_label_followup,followup_partition_DFT_labels_used_only_after_PARC_decision,pre_release_top_score_DFT_stable_positives_in_calibration_blocks,composition_family_pair,0.1,0.2,5000,4,certified_refusal,164.52842759729413,5.0,0.6383702990775013,-4.623252859851785,5.0,3686,3686,3670,0.9956592512208355,1693,0.00027240533914464724,0.12182910242513326,164.52842759729413,5000,0,5000,0,2010,0,2010,0,0.402,0.0,0.402,0.0,59.8,0.0,59.8,2010,0,completed_quasi_prospective_public_DFT_label_trial
materials_discovery,Matbench Discovery WBM unique prototypes,stable_inorganic_crystal_candidate,megnet_weak_learned_materials_model,MEGNet,quasi_prospective_public_DFT_label_followup,followup_partition_DFT_labels_used_only_after_PARC_decision,pre_release_top_score_DFT_stable_positives_in_calibration_blocks,composition_family_pair,0.1,0.1,100,4,certified_release,164.56778526884978,10.0,16.456778526884978,154.56778526884978,10.0,3686,3686,3671,0.9959305480195334,1693,0.0002723311546840959,0.12182505997986512,164.56778526884978,100,100,0,100,8,8,0,8,0.08,0.08,0.0,0.08,92.0,92.0,0.0,0,92,completed_quasi_prospective_public_DFT_label_trial
materials_discovery,Matbench Discovery WBM unique prototypes,stable_inorganic_crystal_candidate,megnet_weak_learned_materials_model,MEGNet,quasi_prospective_public_DFT_label_followup,followup_partition_DFT_labels_used_only_after_PARC_decision,pre_release_top_score_DFT_stable_positives_in_calibration_blocks,composition_family_pair,0.1,0.1,300,4,boundary_release,164.56778526884978,10.0,5.814728412832693,0.10359821353502063,12.295081967213113,3686,3686,3671,0.9959305480195334,1693,0.0002723311546840959,0.12182505997986512,164.56778526884978,300,244,56,244,62,46,16,46,0.20666666666666667,0.1885245901639344,0.2857142857142857,0.1885245901639344,79.33333333333333,81.14754098360656,71.42857142857143,16,198,completed_quasi_prospective_public_DFT_label_trial
materials_discovery,Matbench Discovery WBM unique prototypes,stable_inorganic_crystal_candidate,megnet_weak_learned_materials_model,MEGNet,quasi_prospective_public_DFT_label_followup,followup_partition_DFT_labels_used_only_after_PARC_decision,pre_release_top_score_DFT_stable_positives_in_calibration_blocks,composition_family_pair,0.1,0.1,500,4,certified_release,164.56778526884978,10.0,3.4888370476996156,4.0685670895368204,44.64285714285714,3686,3686,3671,0.9959305480195334,1693,0.0002723311546840959,0.12182505997986512,164.56778526884978,500,112,388,112,110,8,102,8,0.22,0.07142857142857142,0.26288659793814434,0.07142857142857142,78.0,92.85714285714286,73.71134020618557,102,104,completed_quasi_prospective_public_DFT_label_trial
materials_discovery,Matbench Discovery WBM unique prototypes,stable_inorganic_crystal_candidate,megnet_weak_learned_materials_model,MEGNet,quasi_prospective_public_DFT_label_followup,followup_partition_DFT_labels_used_only_after_PARC_decision,pre_release_top_score_DFT_stable_positives_in_calibration_blocks,composition_family_pair,0.1,0.1,1000,4,certified_release,164.56778526884978,10.0,1.7444185238498078,70.22816262734035,94.33962264150942,3686,3686,3671,0.9959305480195334,1693,0.0002723311546840959,0.12182505997986512,164.56778526884978,1000,106,894,106,278,8,270,8,0.278,0.07547169811320754,0.30201342281879195,0.07547169811320754,72.2,92.45283018867924,69.79865771812081,270,98,completed_quasi_prospective_public_DFT_label_trial
materials_discovery,Matbench Discovery WBM unique prototypes,stable_inorganic_crystal_candidate,megnet_weak_learned_materials_model,MEGNet,quasi_prospective_public_DFT_label_followup,followup_partition_DFT_labels_used_only_after_PARC_decision,pre_release_top_score_DFT_stable_positives_in_calibration_blocks,composition_family_pair,0.1,0.1,5000,4,certified_refusal,164.56778526884978,10.0,0.34888370476996156,-9.37453273009054,10.0,3686,3686,3671,0.9959305480195334,1693,0.0002723311546840959,0.12182505997986512,164.56778526884978,5000,0,5000,0,2635,0,2635,0,0.527,0.0,0.527,0.0,47.3,0.0,47.3,2635,0,completed_quasi_prospective_public_DFT_label_trial
materials_discovery,Matbench Discovery WBM unique prototypes,stable_inorganic_crystal_candidate,megnet_weak_learned_materials_model,MEGNet,quasi_prospective_public_DFT_label_followup,followup_partition_DFT_labels_used_only_after_PARC_decision,pre_release_top_score_DFT_stable_positives_in_calibration_blocks,composition_family_pair,0.1,0.2,100,4,certified_release,164.56778526884978,5.0,32.913557053769956,159.56778526884978,5.0,3686,3686,3671,0.9959305480195334,1693,0.0002723311546840959,0.12182505997986512,164.56778526884978,100,100,0,100,8,8,0,8,0.08,0.08,0.0,0.08,92.0,92.0,0.0,0,92,completed_quasi_prospective_public_DFT_label_trial
materials_discovery,Matbench Discovery WBM unique prototypes,stable_inorganic_crystal_candidate,megnet_weak_learned_materials_model,MEGNet,quasi_prospective_public_DFT_label_followup,followup_partition_DFT_labels_used_only_after_PARC_decision,pre_release_top_score_DFT_stable_positives_in_calibration_blocks,composition_family_pair,0.1,0.2,300,4,boundary_release,164.56778526884978,5.0,11.629456825665386,3.552706138552006,5.0,3686,3686,3671,0.9959305480195334,1693,0.0002723311546840959,0.12182505997986512,164.56778526884978,300,300,0,300,62,62,0,62,0.20666666666666667,0.20666666666666667,0.0,0.20666666666666667,79.33333333333333,79.33333333333333,0.0,0,238,completed_quasi_prospective_public_DFT_label_trial
materials_discovery,Matbench Discovery WBM unique prototypes,stable_inorganic_crystal_candidate,megnet_weak_learned_materials_model,MEGNet,quasi_prospective_public_DFT_label_followup,followup_partition_DFT_labels_used_only_after_PARC_decision,pre_release_top_score_DFT_stable_positives_in_calibration_blocks,composition_family_pair,0.1,0.2,500,4,boundary_release,164.56778526884978,5.0,6.977674095399231,0.06532375241932353,5.330490405117271,3686,3686,3671,0.9959305480195334,1693,0.0002723311546840959,0.12182505997986512,164.56778526884978,500,469,31,469,110,99,11,99,0.22,0.21108742004264391,0.3548387096774194,0.21108742004264391,78.0,78.89125799573561,64.51612903225806,11,370,completed_quasi_prospective_public_DFT_label_trial
materials_discovery,Matbench Discovery WBM unique prototypes,stable_inorganic_crystal_candidate,megnet_weak_learned_materials_model,MEGNet,quasi_prospective_public_DFT_label_followup,followup_partition_DFT_labels_used_only_after_PARC_decision,pre_release_top_score_DFT_stable_positives_in_calibration_blocks,composition_family_pair,0.1,0.2,1000,4,certified_release,164.56778526884978,5.0,3.4888370476996156,4.0685670895368204,44.64285714285714,3686,3686,3671,0.9959305480195334,1693,0.0002723311546840959,0.12182505997986512,164.56778526884978,1000,112,888,112,278,8,270,8,0.278,0.07142857142857142,0.30405405405405406,0.07142857142857142,72.2,92.85714285714286,69.5945945945946,270,104,completed_quasi_prospective_public_DFT_label_trial
materials_discovery,Matbench Discovery WBM unique prototypes,stable_inorganic_crystal_candidate,megnet_weak_learned_materials_model,MEGNet,quasi_prospective_public_DFT_label_followup,followup_partition_DFT_labels_used_only_after_PARC_decision,pre_release_top_score_DFT_stable_positives_in_calibration_blocks,composition_family_pair,0.1,0.2,5000,4,certified_refusal,164.56778526884978,5.0,0.6977674095399231,-4.37453273009054,5.0,3686,3686,3671,0.9959305480195334,1693,0.0002723311546840959,0.12182505997986512,164.56778526884978,5000,0,5000,0,2635,0,2635,0,0.527,0.0,0.527,0.0,47.3,0.0,47.3,2635,0,completed_quasi_prospective_public_DFT_label_trial
materials_discovery,Matbench Discovery WBM unique prototypes,stable_inorganic_crystal_candidate,alignn_ff_modern_learned_materials_model,ALIGNN-FF,quasi_prospective_public_DFT_label_followup,followup_partition_DFT_labels_used_only_after_PARC_decision,pre_release_top_score_DFT_stable_positives_in_calibration_blocks,composition_family_pair,0.1,0.1,100,5,certified_release,164.60714181580366,10.0,14.979249905238133,52.72646550419436,10.0,3686,3686,3672,0.9962018448182312,1617,0.0002722570106180234,0.12182101890347945,164.60714181580366,100,100,0,100,0,0,0,0,0.0,0.0,0.0,0.0,100.0,100.0,0.0,0,100,completed_quasi_prospective_public_DFT_label_trial
materials_discovery,Matbench Discovery WBM unique prototypes,stable_inorganic_crystal_candidate,alignn_ff_modern_learned_materials_model,ALIGNN-FF,quasi_prospective_public_DFT_label_followup,followup_partition_DFT_labels_used_only_after_PARC_decision,pre_release_top_score_DFT_stable_positives_in_calibration_blocks,composition_family_pair,0.1,0.1,300,5,certified_release,164.60714181580366,10.0,4.993083301746044,0.17345581445576386,19.86754966887417,3686,3686,3672,0.9962018448182312,1617,0.0002722570106180234,0.12182101890347945,164.60714181580366,300,151,149,151,63,13,50,13,0.21,0.08609271523178808,0.33557046979865773,0.08609271523178808,79.0,91.3907284768212,66.44295302013423,50,138,completed_quasi_prospective_public_DFT_label_trial
materials_discovery,Matbench Discovery WBM unique prototypes,stable_inorganic_crystal_candidate,alignn_ff_modern_learned_materials_model,ALIGNN-FF,quasi_prospective_public_DFT_label_followup,followup_partition_DFT_labels_used_only_after_PARC_decision,pre_release_top_score_DFT_stable_positives_in_calibration_blocks,composition_family_pair,0.1,0.1,500,5,certified_release,164.60714181580366,10.0,2.9958499810476265,12.726465504194358,50.0,3686,3686,3672,0.9962018448182312,1617,0.0002722570106180234,0.12182101890347945,164.60714181580366,500,100,400,100,145,0,145,0,0.29,0.0,0.3625,0.0,71.0,100.0,63.74999999999999,145,100,completed_quasi_prospective_public_DFT_label_trial
materials_discovery,Matbench Discovery WBM unique prototypes,stable_inorganic_crystal_candidate,alignn_ff_modern_learned_materials_model,ALIGNN-FF,quasi_prospective_public_DFT_label_followup,followup_partition_DFT_labels_used_only_after_PARC_decision,pre_release_top_score_DFT_stable_positives_in_calibration_blocks,composition_family_pair,0.1,0.1,1000,5,certified_release,164.60714181580366,10.0,1.4979249905238132,54.71703192569376,109.8901098901099,3686,3686,3672,0.9962018448182312,1617,0.0002722570106180234,0.12182101890347945,164.60714181580366,1000,91,909,91,357,0,357,0,0.357,0.0,0.3927392739273927,0.0,64.3,100.0,60.726072607260726,357,91,completed_quasi_prospective_public_DFT_label_trial
materials_discovery,Matbench Discovery WBM unique prototypes,stable_inorganic_crystal_candidate,alignn_ff_modern_learned_materials_model,ALIGNN-FF,quasi_prospective_public_DFT_label_followup,followup_partition_DFT_labels_used_only_after_PARC_decision,pre_release_top_score_DFT_stable_positives_in_calibration_blocks,composition_family_pair,0.1,0.1,5000,5,certified_refusal,164.60714181580366,10.0,0.29958499810476263,-9.432569906847283,10.0,3686,3686,3672,0.9962018448182312,1617,0.0002722570106180234,0.12182101890347945,164.60714181580366,5000,0,5000,0,2510,0,2510,0,0.502,0.0,0.502,0.0,49.8,0.0,49.8,2510,0,completed_quasi_prospective_public_DFT_label_trial
materials_discovery,Matbench Discovery WBM unique prototypes,stable_inorganic_crystal_candidate,alignn_ff_modern_learned_materials_model,ALIGNN-FF,quasi_prospective_public_DFT_label_followup,followup_partition_DFT_labels_used_only_after_PARC_decision,pre_release_top_score_DFT_stable_positives_in_calibration_blocks,composition_family_pair,0.1,0.2,100,5,certified_release,164.60714181580366,5.0,29.958499810476265,57.72646550419436,5.0,3686,3686,3672,0.9962018448182312,1617,0.0002722570106180234,0.12182101890347945,164.60714181580366,100,100,0,100,0,0,0,0,0.0,0.0,0.0,0.0,100.0,100.0,0.0,0,100,completed_quasi_prospective_public_DFT_label_trial
materials_discovery,Matbench Discovery WBM unique prototypes,stable_inorganic_crystal_candidate,alignn_ff_modern_learned_materials_model,ALIGNN-FF,quasi_prospective_public_DFT_label_followup,followup_partition_DFT_labels_used_only_after_PARC_decision,pre_release_top_score_DFT_stable_positives_in_calibration_blocks,composition_family_pair,0.1,0.2,300,5,boundary_release,164.60714181580366,5.0,9.986166603492087,1.3115465553194658,5.0,3686,3686,3672,0.9962018448182312,1617,0.0002722570106180234,0.12182101890347945,164.60714181580366,300,300,0,300,63,63,0,63,0.21,0.21,0.0,0.21,79.0,79.0,0.0,0,237,completed_quasi_prospective_public_DFT_label_trial
materials_discovery,Matbench Discovery WBM unique prototypes,stable_inorganic_crystal_candidate,alignn_ff_modern_learned_materials_model,ALIGNN-FF,quasi_prospective_public_DFT_label_followup,followup_partition_DFT_labels_used_only_after_PARC_decision,pre_release_top_score_DFT_stable_positives_in_calibration_blocks,composition_family_pair,0.1,0.2,500,5,certified_release,164.60714181580366,5.0,5.991699962095253,3.4847140926014575,16.556291390728475,3686,3686,3672,0.9962018448182312,1617,0.0002722570106180234,0.12182101890347945,164.60714181580366,500,151,349,151,145,13,132,13,0.29,0.08609271523178808,0.37822349570200575,0.08609271523178808,71.0,91.3907284768212,62.17765042979943,132,138,completed_quasi_prospective_public_DFT_label_trial
materials_discovery,Matbench Discovery WBM unique prototypes,stable_inorganic_crystal_candidate,alignn_ff_modern_learned_materials_model,ALIGNN-FF,quasi_prospective_public_DFT_label_followup,followup_partition_DFT_labels_used_only_after_PARC_decision,pre_release_top_score_DFT_stable_positives_in_calibration_blocks,composition_family_pair,0.1,0.2,1000,5,certified_release,164.60714181580366,5.0,2.9958499810476265,12.726465504194358,50.0,3686,3686,3672,0.9962018448182312,1617,0.0002722570106180234,0.12182101890347945,164.60714181580366,1000,100,900,100,357,0,357,0,0.357,0.0,0.39666666666666667,0.0,64.3,100.0,60.333333333333336,357,100,completed_quasi_prospective_public_DFT_label_trial
materials_discovery,Matbench Discovery WBM unique prototypes,stable_inorganic_crystal_candidate,alignn_ff_modern_learned_materials_model,ALIGNN-FF,quasi_prospective_public_DFT_label_followup,followup_partition_DFT_labels_used_only_after_PARC_decision,pre_release_top_score_DFT_stable_positives_in_calibration_blocks,composition_family_pair,0.1,0.2,5000,5,certified_refusal,164.60714181580366,5.0,0.5991699962095253,-4.431423068400787,5.002000800320128,3686,3686,3672,0.9962018448182312,1617,0.0002722570106180234,0.12182101890347945,164.60714181580366,5000,0,5000,0,2510,0,2510,0,0.502,0.0,0.502,0.0,49.8,0.0,49.8,2510,0,completed_quasi_prospective_public_DFT_label_trial
materials_discovery,Matbench Discovery WBM unique prototypes,stable_inorganic_crystal_candidate,cgcnn_ensemble_learned_materials_model,CGCNN 10-member ensemble,quasi_prospective_public_DFT_label_followup,followup_partition_DFT_labels_used_only_after_PARC_decision,pre_release_top_score_DFT_stable_positives_in_calibration_blocks,composition_family_pair,0.1,0.1,100,5,certified_release,164.44970887890037,10.0,16.444970887890037,154.44970887890037,10.0,3686,3686,3668,0.99511665762344,1617,0.0002725538293813028,0.12183719142570042,164.44970887890037,100,100,0,100,0,0,0,0,0.0,0.0,0.0,0.0,100.0,100.0,0.0,0,100,completed_quasi_prospective_public_DFT_label_trial
materials_discovery,Matbench Discovery WBM unique prototypes,stable_inorganic_crystal_candidate,cgcnn_ensemble_learned_materials_model,CGCNN 10-member ensemble,quasi_prospective_public_DFT_label_followup,followup_partition_DFT_labels_used_only_after_PARC_decision,pre_release_top_score_DFT_stable_positives_in_calibration_blocks,composition_family_pair,0.1,0.1,300,5,boundary_release,164.44970887890037,10.0,5.810556380387814,0.893499989264571,10.0,3686,3686,3668,0.99511665762344,1617,0.0002725538293813028,0.12183719142570042,164.44970887890037,300,300,0,300,63,63,0,63,0.21,0.21,0.0,0.21,79.0,79.0,0.0,0,237,completed_quasi_prospective_public_DFT_label_trial
materials_discovery,Matbench Discovery WBM unique prototypes,stable_inorganic_crystal_candidate,cgcnn_ensemble_learned_materials_model,CGCNN 10-member ensemble,quasi_prospective_public_DFT_label_followup,followup_partition_DFT_labels_used_only_after_PARC_decision,pre_release_top_score_DFT_stable_positives_in_calibration_blocks,composition_family_pair,0.1,0.1,500,5,certified_release,164.44970887890037,10.0,3.4863338282326883,0.876534339916482,28.90173410404624,3686,3686,3668,0.99511665762344,1617,0.0002725538293813028,0.12183719142570042,164.44970887890037,500,173,327,173,142,4,138,4,0.284,0.023121387283236993,0.42201834862385323,0.023121387283236993,71.6,97.6878612716763,57.798165137614674,138,169,completed_quasi_prospective_public_DFT_label_trial
materials_discovery,Matbench Discovery WBM unique prototypes,stable_inorganic_crystal_candidate,cgcnn_ensemble_learned_materials_model,CGCNN 10-member ensemble,quasi_prospective_public_DFT_label_followup,followup_partition_DFT_labels_used_only_after_PARC_decision,pre_release_top_score_DFT_stable_positives_in_calibration_blocks,composition_family_pair,0.1,0.1,1000,5,certified_release,164.44970887890037,10.0,1.7431669141163442,6.137145687368516,83.33333333333333,3686,3686,3668,0.99511665762344,1617,0.0002725538293813028,0.12183719142570042,164.44970887890037,1000,120,880,120,383,1,382,1,0.383,0.008333333333333333,0.4340909090909091,0.008333333333333333,61.7,99.16666666666667,56.59090909090909,382,119,completed_quasi_prospective_public_DFT_label_trial
materials_discovery,Matbench Discovery WBM unique prototypes,stable_inorganic_crystal_candidate,cgcnn_ensemble_learned_materials_model,CGCNN 10-member ensemble,quasi_prospective_public_DFT_label_followup,followup_partition_DFT_labels_used_only_after_PARC_decision,pre_release_top_score_DFT_stable_positives_in_calibration_blocks,composition_family_pair,0.1,0.1,5000,5,certified_refusal,164.44970887890037,10.0,0.34863338282326883,-9.617110666888845,10.0,3686,3686,3668,0.99511665762344,1617,0.0002725538293813028,0.12183719142570042,164.44970887890037,5000,0,5000,0,1956,0,1956,0,0.3912,0.0,0.3912,0.0,60.88,0.0,60.88,1956,0,completed_quasi_prospective_public_DFT_label_trial
materials_discovery,Matbench Discovery WBM unique prototypes,stable_inorganic_crystal_candidate,cgcnn_ensemble_learned_materials_model,CGCNN 10-member ensemble,quasi_prospective_public_DFT_label_followup,followup_partition_DFT_labels_used_only_after_PARC_decision,pre_release_top_score_DFT_stable_positives_in_calibration_blocks,composition_family_pair,0.1,0.2,100,5,certified_release,164.44970887890037,5.0,32.88994177578007,159.44970887890037,5.0,3686,3686,3668,0.99511665762344,1617,0.0002725538293813028,0.12183719142570042,164.44970887890037,100,100,0,100,0,0,0,0,0.0,0.0,0.0,0.0,100.0,100.0,0.0,0,100,completed_quasi_prospective_public_DFT_label_trial
materials_discovery,Matbench Discovery WBM unique prototypes,stable_inorganic_crystal_candidate,cgcnn_ensemble_learned_materials_model,CGCNN 10-member ensemble,quasi_prospective_public_DFT_label_followup,followup_partition_DFT_labels_used_only_after_PARC_decision,pre_release_top_score_DFT_stable_positives_in_calibration_blocks,composition_family_pair,0.1,0.2,300,5,boundary_release,164.44970887890037,5.0,11.621112760775627,5.893499989264571,5.0,3686,3686,3668,0.99511665762344,1617,0.0002725538293813028,0.12183719142570042,164.44970887890037,300,300,0,300,63,63,0,63,0.21,0.21,0.0,0.21,79.0,79.0,0.0,0,237,completed_quasi_prospective_public_DFT_label_trial
materials_discovery,Matbench Discovery WBM unique prototypes,stable_inorganic_crystal_candidate,cgcnn_ensemble_learned_materials_model,CGCNN 10-member ensemble,quasi_prospective_public_DFT_label_followup,followup_partition_DFT_labels_used_only_after_PARC_decision,pre_release_top_score_DFT_stable_positives_in_calibration_blocks,composition_family_pair,0.1,0.2,500,5,boundary_release,164.44970887890037,5.0,6.972667656465377,0.016550159291557343,5.910165484633569,3686,3686,3668,0.99511665762344,1617,0.0002725538293813028,0.12183719142570042,164.44970887890037,500,423,77,423,142,107,35,107,0.284,0.25295508274231676,0.45454545454545453,0.25295508274231676,71.6,74.70449172576832,54.54545454545454,35,316,completed_quasi_prospective_public_DFT_label_trial
materials_discovery,Matbench Discovery WBM unique prototypes,stable_inorganic_crystal_candidate,cgcnn_ensemble_learned_materials_model,CGCNN 10-member ensemble,quasi_prospective_public_DFT_label_followup,followup_partition_DFT_labels_used_only_after_PARC_decision,pre_release_top_score_DFT_stable_positives_in_calibration_blocks,composition_family_pair,0.1,0.2,1000,5,certified_release,164.44970887890037,5.0,3.4863338282326883,0.876534339916482,28.90173410404624,3686,3686,3668,0.99511665762344,1617,0.0002725538293813028,0.12183719142570042,164.44970887890037,1000,173,827,173,383,4,379,4,0.383,0.023121387283236993,0.45828295042321643,0.023121387283236993,61.7,97.6878612716763,54.17170495767836,379,169,completed_quasi_prospective_public_DFT_label_trial
materials_discovery,Matbench Discovery WBM unique prototypes,stable_inorganic_crystal_candidate,cgcnn_ensemble_learned_materials_model,CGCNN 10-member ensemble,quasi_prospective_public_DFT_label_followup,followup_partition_DFT_labels_used_only_after_PARC_decision,pre_release_top_score_DFT_stable_positives_in_calibration_blocks,composition_family_pair,0.1,0.2,5000,5,certified_refusal,164.44970887890037,5.0,0.6972667656465377,-4.617110666888844,5.0,3686,3686,3668,0.99511665762344,1617,0.0002725538293813028,0.12183719142570042,164.44970887890037,5000,0,5000,0,1956,0,1956,0,0.3912,0.0,0.3912,0.0,60.88,0.0,60.88,1956,0,completed_quasi_prospective_public_DFT_label_trial
materials_discovery,Matbench Discovery WBM unique prototypes,stable_inorganic_crystal_candidate,megnet_weak_learned_materials_model,MEGNet,quasi_prospective_public_DFT_label_followup,followup_partition_DFT_labels_used_only_after_PARC_decision,pre_release_top_score_DFT_stable_positives_in_calibration_blocks,composition_family_pair,0.1,0.1,100,5,certified_release,164.76455676497005,10.0,15.652632892672154,79.63976672997349,10.0,3686,3686,3676,0.9972870320130223,1617,0.0002719608376393799,0.12180486826987404,164.76455676497005,100,100,0,100,1,1,0,1,0.01,0.01,0.0,0.01,99.0,99.0,0.0,0,99,completed_quasi_prospective_public_DFT_label_trial
materials_discovery,Matbench Discovery WBM unique prototypes,stable_inorganic_crystal_candidate,megnet_weak_learned_materials_model,MEGNet,quasi_prospective_public_DFT_label_followup,followup_partition_DFT_labels_used_only_after_PARC_decision,pre_release_top_score_DFT_stable_positives_in_calibration_blocks,composition_family_pair,0.1,0.1,300,5,boundary_release,164.76455676497005,10.0,5.217544297557385,0.2830223506261209,11.583011583011581,3686,3686,3676,0.9972870320130223,1617,0.0002719608376393799,0.12180486826987404,164.76455676497005,300,259,41,259,50,37,13,37,0.16666666666666666,0.14285714285714285,0.3170731707317073,0.14285714285714285,83.33333333333334,85.71428571428571,68.29268292682927,13,222,completed_quasi_prospective_public_DFT_label_trial
materials_discovery,Matbench Discovery WBM unique prototypes,stable_inorganic_crystal_candidate,megnet_weak_learned_materials_model,MEGNet,quasi_prospective_public_DFT_label_followup,followup_partition_DFT_labels_used_only_after_PARC_decision,pre_release_top_score_DFT_stable_positives_in_calibration_blocks,composition_family_pair,0.1,0.1,500,5,certified_release,164.76455676497005,10.0,3.1305265785344307,3.8577174492182777,36.231884057971016,3686,3686,3676,0.9972870320130223,1617,0.0002719608376393799,0.12180486826987404,164.76455676497005,500,138,362,138,111,6,105,6,0.222,0.043478260869565216,0.2900552486187845,0.043478260869565216,77.8,95.65217391304348,70.99447513812154,105,132,completed_quasi_prospective_public_DFT_label_trial
materials_discovery,Matbench Discovery WBM unique prototypes,stable_inorganic_crystal_candidate,megnet_weak_learned_materials_model,MEGNet,quasi_prospective_public_DFT_label_followup,followup_partition_DFT_labels_used_only_after_PARC_decision,pre_release_top_score_DFT_stable_positives_in_calibration_blocks,composition_family_pair,0.1,0.1,1000,5,certified_release,164.76455676497005,10.0,1.5652632892672154,59.50139887023322,105.26315789473684,3686,3686,3676,0.9972870320130223,1617,0.0002719608376393799,0.12180486826987404,164.76455676497005,1000,95,905,95,274,0,274,0,0.274,0.0,0.3027624309392265,0.0,72.6,100.0,69.72375690607736,274,95,completed_quasi_prospective_public_DFT_label_trial
materials_discovery,Matbench Discovery WBM unique prototypes,stable_inorganic_crystal_candidate,megnet_weak_learned_materials_model,MEGNet,quasi_prospective_public_DFT_label_followup,followup_partition_DFT_labels_used_only_after_PARC_decision,pre_release_top_score_DFT_stable_positives_in_calibration_blocks,composition_family_pair,0.1,0.1,5000,5,certified_refusal,164.76455676497005,10.0,0.3130526578534431,-9.334755229276803,10.0,3686,3686,3676,0.9972870320130223,1617,0.0002719608376393799,0.12180486826987404,164.76455676497005,5000,0,5000,0,2666,0,2666,0,0.5332,0.0,0.5332,0.0,46.68,0.0,46.68,2666,0,completed_quasi_prospective_public_DFT_label_trial
materials_discovery,Matbench Discovery WBM unique prototypes,stable_inorganic_crystal_candidate,megnet_weak_learned_materials_model,MEGNet,quasi_prospective_public_DFT_label_followup,followup_partition_DFT_labels_used_only_after_PARC_decision,pre_release_top_score_DFT_stable_positives_in_calibration_blocks,composition_family_pair,0.1,0.2,100,5,certified_release,164.76455676497005,5.0,31.305265785344307,84.63976672997349,5.0,3686,3686,3676,0.9972870320130223,1617,0.0002719608376393799,0.12180486826987404,164.76455676497005,100,100,0,100,1,1,0,1,0.01,0.01,0.0,0.01,99.0,99.0,0.0,0,99,completed_quasi_prospective_public_DFT_label_trial
materials_discovery,Matbench Discovery WBM unique prototypes,stable_inorganic_crystal_candidate,megnet_weak_learned_materials_model,MEGNet,quasi_prospective_public_DFT_label_followup,followup_partition_DFT_labels_used_only_after_PARC_decision,pre_release_top_score_DFT_stable_positives_in_calibration_blocks,composition_family_pair,0.1,0.2,300,5,certified_release,164.76455676497005,5.0,10.43508859511477,3.8303243564952894,5.0,3686,3686,3676,0.9972870320130223,1617,0.0002719608376393799,0.12180486826987404,164.76455676497005,300,300,0,300,50,50,0,50,0.16666666666666666,0.16666666666666666,0.0,0.16666666666666666,83.33333333333334,83.33333333333334,0.0,0,250,completed_quasi_prospective_public_DFT_label_trial
materials_discovery,Matbench Discovery WBM unique prototypes,stable_inorganic_crystal_candidate,megnet_weak_learned_materials_model,MEGNet,quasi_prospective_public_DFT_label_followup,followup_partition_DFT_labels_used_only_after_PARC_decision,pre_release_top_score_DFT_stable_positives_in_calibration_blocks,composition_family_pair,0.1,0.2,500,5,boundary_release,164.76455676497005,5.0,6.2610531570688615,1.317203435601951,5.0,3686,3686,3676,0.9972870320130223,1617,0.0002719608376393799,0.12180486826987404,164.76455676497005,500,500,0,500,111,111,0,111,0.222,0.222,0.0,0.222,77.8,77.8,0.0,0,389,completed_quasi_prospective_public_DFT_label_trial
materials_discovery,Matbench Discovery WBM unique prototypes,stable_inorganic_crystal_candidate,megnet_weak_learned_materials_model,MEGNet,quasi_prospective_public_DFT_label_followup,followup_partition_DFT_labels_used_only_after_PARC_decision,pre_release_top_score_DFT_stable_positives_in_calibration_blocks,composition_family_pair,0.1,0.2,1000,5,certified_release,164.76455676497005,5.0,3.1305265785344307,3.8577174492182777,36.231884057971016,3686,3686,3676,0.9972870320130223,1617,0.0002719608376393799,0.12180486826987404,164.76455676497005,1000,138,862,138,274,6,268,6,0.274,0.043478260869565216,0.3109048723897912,0.043478260869565216,72.6,95.65217391304348,68.90951276102089,268,132,completed_quasi_prospective_public_DFT_label_trial
materials_discovery,Matbench Discovery WBM unique prototypes,stable_inorganic_crystal_candidate,megnet_weak_learned_materials_model,MEGNet,quasi_prospective_public_DFT_label_followup,followup_partition_DFT_labels_used_only_after_PARC_decision,pre_release_top_score_DFT_stable_positives_in_calibration_blocks,composition_family_pair,0.1,0.2,5000,5,certified_refusal,164.76455676497005,5.0,0.6261053157068862,-4.334755229276803,5.0,3686,3686,3676,0.9972870320130223,1617,0.0002719608376393799,0.12180486826987404,164.76455676497005,5000,0,5000,0,2666,0,2666,0,0.5332,0.0,0.5332,0.0,46.68,0.0,46.68,2666,0,completed_quasi_prospective_public_DFT_label_trial
materials_discovery,Matbench Discovery WBM unique prototypes,stable_inorganic_crystal_candidate,alignn_ff_modern_learned_materials_model,ALIGNN-FF,quasi_prospective_public_DFT_label_followup,followup_partition_DFT_labels_used_only_after_PARC_decision,pre_release_top_score_DFT_stable_positives_in_calibration_blocks,composition_family_pair,0.1,0.1,100,6,boundary_release,164.6858515373797,10.0,6.258062358420429,3.0104470653076945,10.0,3686,3686,3674,0.9967444384156267,1655,0.00027210884353741496,0.12181294085397648,164.6858515373797,100,100,0,100,22,22,0,22,0.22,0.22,0.0,0.22,78.0,78.0,0.0,0,78,completed_quasi_prospective_public_DFT_label_trial
materials_discovery,Matbench Discovery WBM unique prototypes,stable_inorganic_crystal_candidate,alignn_ff_modern_learned_materials_model,ALIGNN-FF,quasi_prospective_public_DFT_label_followup,followup_partition_DFT_labels_used_only_after_PARC_decision,pre_release_top_score_DFT_stable_positives_in_calibration_blocks,composition_family_pair,0.1,0.1,300,6,certified_release,164.6858515373797,10.0,2.086020786140143,12.674371754430823,76.92307692307692,3686,3686,3674,0.9967444384156267,1655,0.00027210884353741496,0.12181294085397648,164.6858515373797,300,39,261,39,105,2,103,2,0.35,0.05128205128205128,0.3946360153256705,0.05128205128205128,65.0,94.87179487179486,60.53639846743295,103,37,completed_quasi_prospective_public_DFT_label_trial
materials_discovery,Matbench Discovery WBM unique prototypes,stable_inorganic_crystal_candidate,alignn_ff_modern_learned_materials_model,ALIGNN-FF,quasi_prospective_public_DFT_label_followup,followup_partition_DFT_labels_used_only_after_PARC_decision,pre_release_top_score_DFT_stable_positives_in_calibration_blocks,composition_family_pair,0.1,0.1,500,6,certified_release,164.6858515373797,10.0,1.251612471684086,33.106904168958664,131.57894736842104,3686,3686,3674,0.9967444384156267,1655,0.00027210884353741496,0.12181294085397648,164.6858515373797,500,38,462,38,205,1,204,1,0.41,0.02631578947368421,0.44155844155844154,0.02631578947368421,59.0,97.36842105263158,55.84415584415584,204,37,completed_quasi_prospective_public_DFT_label_trial
materials_discovery,Matbench Discovery WBM unique prototypes,stable_inorganic_crystal_candidate,alignn_ff_modern_learned_materials_model,ALIGNN-FF,quasi_prospective_public_DFT_label_followup,followup_partition_DFT_labels_used_only_after_PARC_decision,pre_release_top_score_DFT_stable_positives_in_calibration_blocks,composition_family_pair,0.1,0.1,1000,6,certified_refusal,164.6858515373797,10.0,0.625806235842043,-7.541069658716896,10.0,3686,3686,3674,0.9967444384156267,1655,0.00027210884353741496,0.12181294085397648,164.6858515373797,1000,0,1000,0,425,0,425,0,0.425,0.0,0.425,0.0,57.49999999999999,0.0,57.49999999999999,425,0,completed_quasi_prospective_public_DFT_label_trial
materials_discovery,Matbench Discovery WBM unique prototypes,stable_inorganic_crystal_candidate,alignn_ff_modern_learned_materials_model,ALIGNN-FF,quasi_prospective_public_DFT_label_followup,followup_partition_DFT_labels_used_only_after_PARC_decision,pre_release_top_score_DFT_stable_positives_in_calibration_blocks,composition_family_pair,0.1,0.1,5000,6,certified_refusal,164.6858515373797,10.0,0.1251612471684086,-9.45695731265358,10.0,3686,3686,3674,0.9967444384156267,1655,0.00027210884353741496,0.12181294085397648,164.6858515373797,5000,0,5000,0,2680,0,2680,0,0.536,0.0,0.536,0.0,46.400000000000006,0.0,46.400000000000006,2680,0,completed_quasi_prospective_public_DFT_label_trial
materials_discovery,Matbench Discovery WBM unique prototypes,stable_inorganic_crystal_candidate,alignn_ff_modern_learned_materials_model,ALIGNN-FF,quasi_prospective_public_DFT_label_followup,followup_partition_DFT_labels_used_only_after_PARC_decision,pre_release_top_score_DFT_stable_positives_in_calibration_blocks,composition_family_pair,0.1,0.2,100,6,boundary_release,164.6858515373797,5.0,12.516124716840858,8.010447065307694,5.0,3686,3686,3674,0.9967444384156267,1655,0.00027210884353741496,0.12181294085397648,164.6858515373797,100,100,0,100,22,22,0,22,0.22,0.22,0.0,0.22,78.0,78.0,0.0,0,78,completed_quasi_prospective_public_DFT_label_trial
materials_discovery,Matbench Discovery WBM unique prototypes,stable_inorganic_crystal_candidate,alignn_ff_modern_learned_materials_model,ALIGNN-FF,quasi_prospective_public_DFT_label_followup,followup_partition_DFT_labels_used_only_after_PARC_decision,pre_release_top_score_DFT_stable_positives_in_calibration_blocks,composition_family_pair,0.1,0.2,300,6,boundary_release,164.6858515373797,5.0,4.172041572280286,0.8187065338046553,5.0,3686,3686,3674,0.9967444384156267,1655,0.00027210884353741496,0.12181294085397648,164.6858515373797,300,300,0,300,105,105,0,105,0.35,0.35,0.0,0.35,65.0,65.0,0.0,0,195,completed_quasi_prospective_public_DFT_label_trial
materials_discovery,Matbench Discovery WBM unique prototypes,stable_inorganic_crystal_candidate,alignn_ff_modern_learned_materials_model,ALIGNN-FF,quasi_prospective_public_DFT_label_followup,followup_partition_DFT_labels_used_only_after_PARC_decision,pre_release_top_score_DFT_stable_positives_in_calibration_blocks,composition_family_pair,0.1,0.2,500,6,certified_release,164.6858515373797,5.0,2.503224943368172,25.49488457494364,64.1025641025641,3686,3686,3674,0.9967444384156267,1655,0.00027210884353741496,0.12181294085397648,164.6858515373797,500,39,461,39,205,2,203,2,0.41,0.05128205128205128,0.4403470715835141,0.05128205128205128,59.0,94.87179487179486,55.9652928416486,203,37,completed_quasi_prospective_public_DFT_label_trial
materials_discovery,Matbench Discovery WBM unique prototypes,stable_inorganic_crystal_candidate,alignn_ff_modern_learned_materials_model,ALIGNN-FF,quasi_prospective_public_DFT_label_followup,followup_partition_DFT_labels_used_only_after_PARC_decision,pre_release_top_score_DFT_stable_positives_in_calibration_blocks,composition_family_pair,0.1,0.2,1000,6,certified_release,164.6858515373797,5.0,1.251612471684086,33.106904168958664,131.57894736842104,3686,3686,3674,0.9967444384156267,1655,0.00027210884353741496,0.12181294085397648,164.6858515373797,1000,38,962,38,425,1,424,1,0.425,0.02631578947368421,0.4407484407484408,0.02631578947368421,57.49999999999999,97.36842105263158,55.92515592515592,424,37,completed_quasi_prospective_public_DFT_label_trial
materials_discovery,Matbench Discovery WBM unique prototypes,stable_inorganic_crystal_candidate,alignn_ff_modern_learned_materials_model,ALIGNN-FF,quasi_prospective_public_DFT_label_followup,followup_partition_DFT_labels_used_only_after_PARC_decision,pre_release_top_score_DFT_stable_positives_in_calibration_blocks,composition_family_pair,0.1,0.2,5000,6,certified_refusal,164.6858515373797,5.0,0.2503224943368172,-4.45695731265358,5.0,3686,3686,3674,0.9967444384156267,1655,0.00027210884353741496,0.12181294085397648,164.6858515373797,5000,0,5000,0,2680,0,2680,0,0.536,0.0,0.536,0.0,46.400000000000006,0.0,46.400000000000006,2680,0,completed_quasi_prospective_public_DFT_label_trial
materials_discovery,Matbench Discovery WBM unique prototypes,stable_inorganic_crystal_candidate,cgcnn_ensemble_learned_materials_model,CGCNN 10-member ensemble,quasi_prospective_public_DFT_label_followup,followup_partition_DFT_labels_used_only_after_PARC_decision,pre_release_top_score_DFT_stable_positives_in_calibration_blocks,composition_family_pair,0.1,0.1,100,6,certified_release,164.52842759729413,10.0,6.581137103891765,4.415105366987698,10.0,3686,3686,3670,0.9956592512208355,1655,0.00027240533914464724,0.12182910242513326,164.52842759729413,100,100,0,100,10,10,0,10,0.1,0.1,0.0,0.1,90.0,90.0,0.0,0,90,completed_quasi_prospective_public_DFT_label_trial
materials_discovery,Matbench Discovery WBM unique prototypes,stable_inorganic_crystal_candidate,cgcnn_ensemble_learned_materials_model,CGCNN 10-member ensemble,quasi_prospective_public_DFT_label_followup,followup_partition_DFT_labels_used_only_after_PARC_decision,pre_release_top_score_DFT_stable_positives_in_calibration_blocks,composition_family_pair,0.1,0.1,300,6,certified_release,164.52842759729413,10.0,2.1937123679639217,19.745362964118684,69.76744186046511,3686,3686,3670,0.9956592512208355,1655,0.00027240533914464724,0.12182910242513326,164.52842759729413,300,43,257,43,105,0,105,0,0.35,0.0,0.4085603112840467,0.0,65.0,100.0,59.143968871595334,105,43,completed_quasi_prospective_public_DFT_label_trial
materials_discovery,Matbench Discovery WBM unique prototypes,stable_inorganic_crystal_candidate,cgcnn_ensemble_learned_materials_model,CGCNN 10-member ensemble,quasi_prospective_public_DFT_label_followup,followup_partition_DFT_labels_used_only_after_PARC_decision,pre_release_top_score_DFT_stable_positives_in_calibration_blocks,composition_family_pair,0.1,0.1,500,6,certified_release,164.52842759729413,10.0,1.316227420778353,39.528427597294126,125.0,3686,3686,3670,0.9956592512208355,1655,0.00027240533914464724,0.12182910242513326,164.52842759729413,500,40,460,40,207,0,207,0,0.414,0.0,0.45,0.0,58.599999999999994,100.0,55.00000000000001,207,40,completed_quasi_prospective_public_DFT_label_trial
materials_discovery,Matbench Discovery WBM unique prototypes,stable_inorganic_crystal_candidate,cgcnn_ensemble_learned_materials_model,CGCNN 10-member ensemble,quasi_prospective_public_DFT_label_followup,followup_partition_DFT_labels_used_only_after_PARC_decision,pre_release_top_score_DFT_stable_positives_in_calibration_blocks,composition_family_pair,0.1,0.1,1000,6,certified_refusal,164.52842759729413,10.0,0.6581137103891765,-7.826991579893634,10.0,3686,3686,3670,0.9956592512208355,1655,0.00027240533914464724,0.12182910242513326,164.52842759729413,1000,0,1000,0,455,0,455,0,0.455,0.0,0.455,0.0,54.50000000000001,0.0,54.50000000000001,455,0,completed_quasi_prospective_public_DFT_label_trial
materials_discovery,Matbench Discovery WBM unique prototypes,stable_inorganic_crystal_candidate,cgcnn_ensemble_learned_materials_model,CGCNN 10-member ensemble,quasi_prospective_public_DFT_label_followup,followup_partition_DFT_labels_used_only_after_PARC_decision,pre_release_top_score_DFT_stable_positives_in_calibration_blocks,composition_family_pair,0.1,0.1,5000,6,certified_refusal,164.52842759729413,10.0,0.1316227420778353,-9.617959125915535,10.0,3686,3686,3670,0.9956592512208355,1655,0.00027240533914464724,0.12182910242513326,164.52842759729413,5000,0,5000,0,2113,0,2113,0,0.4226,0.0,0.4226,0.0,57.74,0.0,57.74,2113,0,completed_quasi_prospective_public_DFT_label_trial
materials_discovery,Matbench Discovery WBM unique prototypes,stable_inorganic_crystal_candidate,cgcnn_ensemble_learned_materials_model,CGCNN 10-member ensemble,quasi_prospective_public_DFT_label_followup,followup_partition_DFT_labels_used_only_after_PARC_decision,pre_release_top_score_DFT_stable_positives_in_calibration_blocks,composition_family_pair,0.1,0.2,100,6,certified_release,164.52842759729413,5.0,13.16227420778353,9.415105366987698,5.0,3686,3686,3670,0.9956592512208355,1655,0.00027240533914464724,0.12182910242513326,164.52842759729413,100,100,0,100,10,10,0,10,0.1,0.1,0.0,0.1,90.0,90.0,0.0,0,90,completed_quasi_prospective_public_DFT_label_trial
materials_discovery,Matbench Discovery WBM unique prototypes,stable_inorganic_crystal_candidate,cgcnn_ensemble_learned_materials_model,CGCNN 10-member ensemble,quasi_prospective_public_DFT_label_followup,followup_partition_DFT_labels_used_only_after_PARC_decision,pre_release_top_score_DFT_stable_positives_in_calibration_blocks,composition_family_pair,0.1,0.2,300,6,boundary_release,164.52842759729413,5.0,4.387424735927843,0.8135020514916675,5.0,3686,3686,3670,0.9956592512208355,1655,0.00027240533914464724,0.12182910242513326,164.52842759729413,300,300,0,300,105,105,0,105,0.35,0.35,0.0,0.35,65.0,65.0,0.0,0,195,completed_quasi_prospective_public_DFT_label_trial
materials_discovery,Matbench Discovery WBM unique prototypes,stable_inorganic_crystal_candidate,cgcnn_ensemble_learned_materials_model,CGCNN 10-member ensemble,quasi_prospective_public_DFT_label_followup,followup_partition_DFT_labels_used_only_after_PARC_decision,pre_release_top_score_DFT_stable_positives_in_calibration_blocks,composition_family_pair,0.1,0.2,500,6,certified_release,164.52842759729413,5.0,2.632454841556706,8.349200759030488,54.347826086956516,3686,3686,3670,0.9956592512208355,1655,0.00027240533914464724,0.12182910242513326,164.52842759729413,500,46,454,46,207,0,207,0,0.414,0.0,0.45594713656387664,0.0,58.599999999999994,100.0,54.40528634361234,207,46,completed_quasi_prospective_public_DFT_label_trial
materials_discovery,Matbench Discovery WBM unique prototypes,stable_inorganic_crystal_candidate,cgcnn_ensemble_learned_materials_model,CGCNN 10-member ensemble,quasi_prospective_public_DFT_label_followup,followup_partition_DFT_labels_used_only_after_PARC_decision,pre_release_top_score_DFT_stable_positives_in_calibration_blocks,composition_family_pair,0.1,0.2,1000,6,certified_release,164.52842759729413,5.0,1.316227420778353,39.528427597294126,125.0,3686,3686,3670,0.9956592512208355,1655,0.00027240533914464724,0.12182910242513326,164.52842759729413,1000,40,960,40,455,0,455,0,0.455,0.0,0.4739583333333333,0.0,54.50000000000001,100.0,52.604166666666664,455,40,completed_quasi_prospective_public_DFT_label_trial
materials_discovery,Matbench Discovery WBM unique prototypes,stable_inorganic_crystal_candidate,cgcnn_ensemble_learned_materials_model,CGCNN 10-member ensemble,quasi_prospective_public_DFT_label_followup,followup_partition_DFT_labels_used_only_after_PARC_decision,pre_release_top_score_DFT_stable_positives_in_calibration_blocks,composition_family_pair,0.1,0.2,5000,6,certified_refusal,164.52842759729413,5.0,0.2632454841556706,-4.617959125915536,5.0,3686,3686,3670,0.9956592512208355,1655,0.00027240533914464724,0.12182910242513326,164.52842759729413,5000,0,5000,0,2113,0,2113,0,0.4226,0.0,0.4226,0.0,57.74,0.0,57.74,2113,0,completed_quasi_prospective_public_DFT_label_trial
materials_discovery,Matbench Discovery WBM unique prototypes,stable_inorganic_crystal_candidate,megnet_weak_learned_materials_model,MEGNet,quasi_prospective_public_DFT_label_followup,followup_partition_DFT_labels_used_only_after_PARC_decision,pre_release_top_score_DFT_stable_positives_in_calibration_blocks,composition_family_pair,0.1,0.1,100,6,boundary_release,164.76455676497005,10.0,6.425817713833833,19.83340403465363,10.0,3686,3686,3676,0.9972870320130223,1655,0.0002719608376393799,0.12180486826987404,164.76455676497005,100,100,0,100,11,11,0,11,0.11,0.11,0.0,0.11,89.0,89.0,0.0,0,89,completed_quasi_prospective_public_DFT_label_trial
materials_discovery,Matbench Discovery WBM unique prototypes,stable_inorganic_crystal_candidate,megnet_weak_learned_materials_model,MEGNet,quasi_prospective_public_DFT_label_followup,followup_partition_DFT_labels_used_only_after_PARC_decision,pre_release_top_score_DFT_stable_positives_in_calibration_blocks,composition_family_pair,0.1,0.1,300,6,boundary_release,164.76455676497005,10.0,2.141939237944611,0.9872501884997824,28.846153846153847,3686,3686,3676,0.9972870320130223,1655,0.0002719608376393799,0.12180486826987404,164.76455676497005,300,104,196,104,65,11,54,11,0.21666666666666667,0.10576923076923077,0.2755102040816326,0.10576923076923077,78.33333333333333,89.42307692307693,72.44897959183673,54,93,completed_quasi_prospective_public_DFT_label_trial
materials_discovery,Matbench Discovery WBM unique prototypes,stable_inorganic_crystal_candidate,megnet_weak_learned_materials_model,MEGNet,quasi_prospective_public_DFT_label_followup,followup_partition_DFT_labels_used_only_after_PARC_decision,pre_release_top_score_DFT_stable_positives_in_calibration_blocks,composition_family_pair,0.1,0.1,500,6,certified_release,164.76455676497005,10.0,1.2851635427667665,36.55942855984185,128.2051282051282,3686,3686,3676,0.9972870320130223,1655,0.0002719608376393799,0.12180486826987404,164.76455676497005,500,39,461,39,116,0,116,0,0.232,0.0,0.25162689804772237,0.0,76.8,100.0,74.83731019522777,116,39,completed_quasi_prospective_public_DFT_label_trial
materials_discovery,Matbench Discovery WBM unique prototypes,stable_inorganic_crystal_candidate,megnet_weak_learned_materials_model,MEGNet,quasi_prospective_public_DFT_label_followup,followup_partition_DFT_labels_used_only_after_PARC_decision,pre_release_top_score_DFT_stable_positives_in_calibration_blocks,composition_family_pair,0.1,0.1,1000,6,certified_refusal,164.76455676497005,10.0,0.6425817713833832,-7.007440130090747,10.0,3686,3686,3676,0.9972870320130223,1655,0.0002719608376393799,0.12180486826987404,164.76455676497005,1000,0,1000,0,310,0,310,0,0.31,0.0,0.31,0.0,69.0,0.0,69.0,310,0,completed_quasi_prospective_public_DFT_label_trial
materials_discovery,Matbench Discovery WBM unique prototypes,stable_inorganic_crystal_candidate,megnet_weak_learned_materials_model,MEGNet,quasi_prospective_public_DFT_label_followup,followup_partition_DFT_labels_used_only_after_PARC_decision,pre_release_top_score_DFT_stable_positives_in_calibration_blocks,composition_family_pair,0.1,0.1,5000,6,certified_refusal,164.76455676497005,10.0,0.12851635427667665,-9.334755229276803,10.0,3686,3686,3676,0.9972870320130223,1655,0.0002719608376393799,0.12180486826987404,164.76455676497005,5000,0,5000,0,2730,0,2730,0,0.546,0.0,0.546,0.0,45.4,0.0,45.4,2730,0,completed_quasi_prospective_public_DFT_label_trial
materials_discovery,Matbench Discovery WBM unique prototypes,stable_inorganic_crystal_candidate,megnet_weak_learned_materials_model,MEGNet,quasi_prospective_public_DFT_label_followup,followup_partition_DFT_labels_used_only_after_PARC_decision,pre_release_top_score_DFT_stable_positives_in_calibration_blocks,composition_family_pair,0.1,0.2,100,6,certified_release,164.76455676497005,5.0,12.851635427667667,24.83340403465363,5.0,3686,3686,3676,0.9972870320130223,1655,0.0002719608376393799,0.12180486826987404,164.76455676497005,100,100,0,100,11,11,0,11,0.11,0.11,0.0,0.11,89.0,89.0,0.0,0,89,completed_quasi_prospective_public_DFT_label_trial
materials_discovery,Matbench Discovery WBM unique prototypes,stable_inorganic_crystal_candidate,megnet_weak_learned_materials_model,MEGNet,quasi_prospective_public_DFT_label_followup,followup_partition_DFT_labels_used_only_after_PARC_decision,pre_release_top_score_DFT_stable_positives_in_calibration_blocks,composition_family_pair,0.1,0.2,300,6,boundary_release,164.76455676497005,5.0,4.283878475889222,1.4556876473045914,5.0,3686,3686,3676,0.9972870320130223,1655,0.0002719608376393799,0.12180486826987404,164.76455676497005,300,300,0,300,65,65,0,65,0.21666666666666667,0.21666666666666667,0.0,0.21666666666666667,78.33333333333333,78.33333333333333,0.0,0,235,completed_quasi_prospective_public_DFT_label_trial
materials_discovery,Matbench Discovery WBM unique prototypes,stable_inorganic_crystal_candidate,megnet_weak_learned_materials_model,MEGNet,quasi_prospective_public_DFT_label_followup,followup_partition_DFT_labels_used_only_after_PARC_decision,pre_release_top_score_DFT_stable_positives_in_calibration_blocks,composition_family_pair,0.1,0.2,500,6,boundary_release,164.76455676497005,5.0,2.570327085533533,0.04763641466997459,5.773672055427252,3686,3686,3676,0.9972870320130223,1655,0.0002719608376393799,0.12180486826987404,164.76455676497005,500,433,67,433,116,101,15,101,0.232,0.23325635103926096,0.22388059701492538,0.23325635103926096,76.8,76.6743648960739,77.61194029850746,15,332,completed_quasi_prospective_public_DFT_label_trial
materials_discovery,Matbench Discovery WBM unique prototypes,stable_inorganic_crystal_candidate,megnet_weak_learned_materials_model,MEGNet,quasi_prospective_public_DFT_label_followup,followup_partition_DFT_labels_used_only_after_PARC_decision,pre_release_top_score_DFT_stable_positives_in_calibration_blocks,composition_family_pair,0.1,0.2,1000,6,certified_release,164.76455676497005,5.0,1.2851635427667665,36.55942855984185,128.2051282051282,3686,3686,3676,0.9972870320130223,1655,0.0002719608376393799,0.12180486826987404,164.76455676497005,1000,39,961,39,310,0,310,0,0.31,0.0,0.3225806451612903,0.0,69.0,100.0,67.74193548387096,310,39,completed_quasi_prospective_public_DFT_label_trial
materials_discovery,Matbench Discovery WBM unique prototypes,stable_inorganic_crystal_candidate,megnet_weak_learned_materials_model,MEGNet,quasi_prospective_public_DFT_label_followup,followup_partition_DFT_labels_used_only_after_PARC_decision,pre_release_top_score_DFT_stable_positives_in_calibration_blocks,composition_family_pair,0.1,0.2,5000,6,certified_refusal,164.76455676497005,5.0,0.2570327085533533,-4.334755229276803,5.0,3686,3686,3676,0.9972870320130223,1655,0.0002719608376393799,0.12180486826987404,164.76455676497005,5000,0,5000,0,2730,0,2730,0,0.546,0.0,0.546,0.0,45.4,0.0,45.4,2730,0,completed_quasi_prospective_public_DFT_label_trial
materials_discovery,Matbench Discovery WBM unique prototypes,stable_inorganic_crystal_candidate,alignn_ff_modern_learned_materials_model,ALIGNN-FF,quasi_prospective_public_DFT_label_followup,followup_partition_DFT_labels_used_only_after_PARC_decision,pre_release_top_score_DFT_stable_positives_in_calibration_blocks,composition_family_pair,0.1,0.1,100,7,boundary_release,164.84325750151808,10.0,10.549968480097156,19.847185589531666,10.0,3686,3686,3678,0.9978296256104178,1667,0.0002718129926610492,0.12179680114443378,164.84325750151808,100,100,0,100,14,14,0,14,0.14,0.14,0.0,0.14,86.0,86.0,0.0,0,86,completed_quasi_prospective_public_DFT_label_trial
materials_discovery,Matbench Discovery WBM unique prototypes,stable_inorganic_crystal_candidate,alignn_ff_modern_learned_materials_model,ALIGNN-FF,quasi_prospective_public_DFT_label_followup,followup_partition_DFT_labels_used_only_after_PARC_decision,pre_release_top_score_DFT_stable_positives_in_calibration_blocks,composition_family_pair,0.1,0.1,300,7,boundary_release,164.84325750151808,10.0,3.516656160032386,0.1442152925019684,29.702970297029697,3686,3686,3678,0.9978296256104178,1667,0.0002718129926610492,0.12179680114443378,164.84325750151808,300,101,199,101,98,15,83,15,0.32666666666666666,0.1485148514851485,0.41708542713567837,0.1485148514851485,67.33333333333333,85.14851485148515,58.291457286432156,83,86,completed_quasi_prospective_public_DFT_label_trial
materials_discovery,Matbench Discovery WBM unique prototypes,stable_inorganic_crystal_candidate,alignn_ff_modern_learned_materials_model,ALIGNN-FF,quasi_prospective_public_DFT_label_followup,followup_partition_DFT_labels_used_only_after_PARC_decision,pre_release_top_score_DFT_stable_positives_in_calibration_blocks,composition_family_pair,0.1,0.1,500,7,certified_release,164.84325750151808,10.0,2.109993696019431,13.924506444478084,75.75757575757575,3686,3686,3678,0.9978296256104178,1667,0.0002718129926610492,0.12179680114443378,164.84325750151808,500,66,434,66,182,1,181,1,0.364,0.015151515151515152,0.41705069124423966,0.015151515151515152,63.6,98.48484848484848,58.294930875576036,181,65,completed_quasi_prospective_public_DFT_label_trial
materials_discovery,Matbench Discovery WBM unique prototypes,stable_inorganic_crystal_candidate,alignn_ff_modern_learned_materials_model,ALIGNN-FF,quasi_prospective_public_DFT_label_followup,followup_partition_DFT_labels_used_only_after_PARC_decision,pre_release_top_score_DFT_stable_positives_in_calibration_blocks,composition_family_pair,0.1,0.1,1000,7,certified_release,164.84325750151808,10.0,1.0549968480097156,8.593257501518082,156.25,3686,3686,3678,0.9978296256104178,1667,0.0002718129926610492,0.12179680114443378,164.84325750151808,1000,64,936,64,400,0,400,0,0.4,0.0,0.42735042735042733,0.0,60.0,100.0,57.26495726495726,400,64,completed_quasi_prospective_public_DFT_label_trial
materials_discovery,Matbench Discovery WBM unique prototypes,stable_inorganic_crystal_candidate,alignn_ff_modern_learned_materials_model,ALIGNN-FF,quasi_prospective_public_DFT_label_followup,followup_partition_DFT_labels_used_only_after_PARC_decision,pre_release_top_score_DFT_stable_positives_in_calibration_blocks,composition_family_pair,0.1,0.1,5000,7,certified_refusal,164.84325750151808,10.0,0.21099936960194313,-9.413196351237186,10.0,3686,3686,3678,0.9978296256104178,1667,0.0002718129926610492,0.12179680114443378,164.84325750151808,5000,0,5000,0,2544,0,2544,0,0.5088,0.0,0.5088,0.0,49.120000000000005,0.0,49.120000000000005,2544,0,completed_quasi_prospective_public_DFT_label_trial
materials_discovery,Matbench Discovery WBM unique prototypes,stable_inorganic_crystal_candidate,alignn_ff_modern_learned_materials_model,ALIGNN-FF,quasi_prospective_public_DFT_label_followup,followup_partition_DFT_labels_used_only_after_PARC_decision,pre_release_top_score_DFT_stable_positives_in_calibration_blocks,composition_family_pair,0.1,0.2,100,7,certified_release,164.84325750151808,5.0,21.099936960194313,24.847185589531666,5.0,3686,3686,3678,0.9978296256104178,1667,0.0002718129926610492,0.12179680114443378,164.84325750151808,100,100,0,100,14,14,0,14,0.14,0.14,0.0,0.14,86.0,86.0,0.0,0,86,completed_quasi_prospective_public_DFT_label_trial
materials_discovery,Matbench Discovery WBM unique prototypes,stable_inorganic_crystal_candidate,alignn_ff_modern_learned_materials_model,ALIGNN-FF,quasi_prospective_public_DFT_label_followup,followup_partition_DFT_labels_used_only_after_PARC_decision,pre_release_top_score_DFT_stable_positives_in_calibration_blocks,composition_family_pair,0.1,0.2,300,7,boundary_release,164.84325750151808,5.0,7.033312320064772,2.084698184134033,5.0,3686,3686,3678,0.9978296256104178,1667,0.0002718129926610492,0.12179680114443378,164.84325750151808,300,300,0,300,98,98,0,98,0.32666666666666666,0.32666666666666666,0.0,0.32666666666666666,67.33333333333333,67.33333333333333,0.0,0,202,completed_quasi_prospective_public_DFT_label_trial
materials_discovery,Matbench Discovery WBM unique prototypes,stable_inorganic_crystal_candidate,alignn_ff_modern_learned_materials_model,ALIGNN-FF,quasi_prospective_public_DFT_label_followup,followup_partition_DFT_labels_used_only_after_PARC_decision,pre_release_top_score_DFT_stable_positives_in_calibration_blocks,composition_family_pair,0.1,0.2,500,7,boundary_release,164.84325750151808,5.0,4.219987392038862,0.8122620095976032,21.008403361344538,3686,3686,3678,0.9978296256104178,1667,0.0002718129926610492,0.12179680114443378,164.84325750151808,500,119,381,119,182,25,157,25,0.364,0.21008403361344538,0.4120734908136483,0.21008403361344538,63.6,78.99159663865547,58.79265091863517,157,94,completed_quasi_prospective_public_DFT_label_trial
materials_discovery,Matbench Discovery WBM unique prototypes,stable_inorganic_crystal_candidate,alignn_ff_modern_learned_materials_model,ALIGNN-FF,quasi_prospective_public_DFT_label_followup,followup_partition_DFT_labels_used_only_after_PARC_decision,pre_release_top_score_DFT_stable_positives_in_calibration_blocks,composition_family_pair,0.1,0.2,1000,7,certified_release,164.84325750151808,5.0,2.109993696019431,13.924506444478084,75.75757575757575,3686,3686,3678,0.9978296256104178,1667,0.0002718129926610492,0.12179680114443378,164.84325750151808,1000,66,934,66,400,1,399,1,0.4,0.015151515151515152,0.4271948608137045,0.015151515151515152,60.0,98.48484848484848,57.28051391862955,399,65,completed_quasi_prospective_public_DFT_label_trial
materials_discovery,Matbench Discovery WBM unique prototypes,stable_inorganic_crystal_candidate,alignn_ff_modern_learned_materials_model,ALIGNN-FF,quasi_prospective_public_DFT_label_followup,followup_partition_DFT_labels_used_only_after_PARC_decision,pre_release_top_score_DFT_stable_positives_in_calibration_blocks,composition_family_pair,0.1,0.2,5000,7,certified_refusal,164.84325750151808,5.0,0.42199873920388625,-4.413196351237185,5.0,3686,3686,3678,0.9978296256104178,1667,0.0002718129926610492,0.12179680114443378,164.84325750151808,5000,0,5000,0,2544,0,2544,0,0.5088,0.0,0.5088,0.0,49.120000000000005,0.0,49.120000000000005,2544,0,completed_quasi_prospective_public_DFT_label_trial
materials_discovery,Matbench Discovery WBM unique prototypes,stable_inorganic_crystal_candidate,cgcnn_ensemble_learned_materials_model,CGCNN 10-member ensemble,quasi_prospective_public_DFT_label_followup,followup_partition_DFT_labels_used_only_after_PARC_decision,pre_release_top_score_DFT_stable_positives_in_calibration_blocks,composition_family_pair,0.1,0.1,100,7,certified_release,164.76455676497005,10.0,11.368754416782933,24.158213961830135,10.0,3686,3686,3676,0.9972870320130223,1667,0.0002719608376393799,0.12180486826987404,164.76455676497005,100,100,0,100,3,3,0,3,0.03,0.03,0.0,0.03,97.0,97.0,0.0,0,97,completed_quasi_prospective_public_DFT_label_trial
materials_discovery,Matbench Discovery WBM unique prototypes,stable_inorganic_crystal_candidate,cgcnn_ensemble_learned_materials_model,CGCNN 10-member ensemble,quasi_prospective_public_DFT_label_followup,followup_partition_DFT_labels_used_only_after_PARC_decision,pre_release_top_score_DFT_stable_positives_in_calibration_blocks,composition_family_pair,0.1,0.1,300,7,certified_release,164.76455676497005,10.0,3.789584805594311,2.310468254837115,27.522935779816514,3686,3686,3676,0.9972870320130223,1667,0.0002719608376393799,0.12180486826987404,164.76455676497005,300,109,191,109,72,3,69,3,0.24,0.027522935779816515,0.3612565445026178,0.027522935779816515,76.0,97.24770642201835,63.87434554973822,69,106,completed_quasi_prospective_public_DFT_label_trial
materials_discovery,Matbench Discovery WBM unique prototypes,stable_inorganic_crystal_candidate,cgcnn_ensemble_learned_materials_model,CGCNN 10-member ensemble,quasi_prospective_public_DFT_label_followup,followup_partition_DFT_labels_used_only_after_PARC_decision,pre_release_top_score_DFT_stable_positives_in_calibration_blocks,composition_family_pair,0.1,0.1,500,7,certified_release,164.76455676497005,10.0,2.2737508833565867,22.973100063306816,66.66666666666667,3686,3686,3676,0.9972870320130223,1667,0.0002719608376393799,0.12180486826987404,164.76455676497005,500,75,425,75,164,1,163,1,0.328,0.013333333333333334,0.3835294117647059,0.013333333333333334,67.2,98.66666666666667,61.64705882352941,163,74,completed_quasi_prospective_public_DFT_label_trial
materials_discovery,Matbench Discovery WBM unique prototypes,stable_inorganic_crystal_candidate,cgcnn_ensemble_learned_materials_model,CGCNN 10-member ensemble,quasi_prospective_public_DFT_label_followup,followup_partition_DFT_labels_used_only_after_PARC_decision,pre_release_top_score_DFT_stable_positives_in_calibration_blocks,composition_family_pair,0.1,0.1,1000,7,certified_release,164.76455676497005,10.0,1.1368754416782934,19.83702053308599,144.92753623188406,3686,3686,3676,0.9972870320130223,1667,0.0002719608376393799,0.12180486826987404,164.76455676497005,1000,69,931,69,409,0,409,0,0.409,0.0,0.439312567132116,0.0,59.099999999999994,100.0,56.068743286788404,409,69,completed_quasi_prospective_public_DFT_label_trial
materials_discovery,Matbench Discovery WBM unique prototypes,stable_inorganic_crystal_candidate,cgcnn_ensemble_learned_materials_model,CGCNN 10-member ensemble,quasi_prospective_public_DFT_label_followup,followup_partition_DFT_labels_used_only_after_PARC_decision,pre_release_top_score_DFT_stable_positives_in_calibration_blocks,composition_family_pair,0.1,0.1,5000,7,certified_refusal,164.76455676497005,10.0,0.22737508833565867,-9.596091174223186,10.0,3686,3686,3676,0.9972870320130223,1667,0.0002719608376393799,0.12180486826987404,164.76455676497005,5000,0,5000,0,2009,0,2009,0,0.4018,0.0,0.4018,0.0,59.81999999999999,0.0,59.81999999999999,2009,0,completed_quasi_prospective_public_DFT_label_trial
materials_discovery,Matbench Discovery WBM unique prototypes,stable_inorganic_crystal_candidate,cgcnn_ensemble_learned_materials_model,CGCNN 10-member ensemble,quasi_prospective_public_DFT_label_followup,followup_partition_DFT_labels_used_only_after_PARC_decision,pre_release_top_score_DFT_stable_positives_in_calibration_blocks,composition_family_pair,0.1,0.2,100,7,certified_release,164.76455676497005,5.0,22.737508833565865,29.158213961830135,5.0,3686,3686,3676,0.9972870320130223,1667,0.0002719608376393799,0.12180486826987404,164.76455676497005,100,100,0,100,3,3,0,3,0.03,0.03,0.0,0.03,97.0,97.0,0.0,0,97,completed_quasi_prospective_public_DFT_label_trial
materials_discovery,Matbench Discovery WBM unique prototypes,stable_inorganic_crystal_candidate,cgcnn_ensemble_learned_materials_model,CGCNN 10-member ensemble,quasi_prospective_public_DFT_label_followup,followup_partition_DFT_labels_used_only_after_PARC_decision,pre_release_top_score_DFT_stable_positives_in_calibration_blocks,composition_family_pair,0.1,0.2,300,7,boundary_release,164.76455676497005,5.0,7.579169611188622,0.7100243644283921,5.0,3686,3686,3676,0.9972870320130223,1667,0.0002719608376393799,0.12180486826987404,164.76455676497005,300,300,0,300,72,72,0,72,0.24,0.24,0.0,0.24,76.0,76.0,0.0,0,228,completed_quasi_prospective_public_DFT_label_trial
materials_discovery,Matbench Discovery WBM unique prototypes,stable_inorganic_crystal_candidate,cgcnn_ensemble_learned_materials_model,CGCNN 10-member ensemble,quasi_prospective_public_DFT_label_followup,followup_partition_DFT_labels_used_only_after_PARC_decision,pre_release_top_score_DFT_stable_positives_in_calibration_blocks,composition_family_pair,0.1,0.2,500,7,certified_release,164.76455676497005,5.0,4.547501766713173,0.624212037400337,21.1864406779661,3686,3686,3676,0.9972870320130223,1667,0.0002719608376393799,0.12180486826987404,164.76455676497005,500,118,382,118,164,5,159,5,0.328,0.0423728813559322,0.4162303664921466,0.0423728813559322,67.2,95.76271186440678,58.37696335078534,159,113,completed_quasi_prospective_public_DFT_label_trial
materials_discovery,Matbench Discovery WBM unique prototypes,stable_inorganic_crystal_candidate,cgcnn_ensemble_learned_materials_model,CGCNN 10-member ensemble,quasi_prospective_public_DFT_label_followup,followup_partition_DFT_labels_used_only_after_PARC_decision,pre_release_top_score_DFT_stable_positives_in_calibration_blocks,composition_family_pair,0.1,0.2,1000,7,certified_release,164.76455676497005,5.0,2.2737508833565867,22.973100063306816,66.66666666666667,3686,3686,3676,0.9972870320130223,1667,0.0002719608376393799,0.12180486826987404,164.76455676497005,1000,75,925,75,409,1,408,1,0.409,0.013333333333333334,0.4410810810810811,0.013333333333333334,59.099999999999994,98.66666666666667,55.89189189189189,408,74,completed_quasi_prospective_public_DFT_label_trial
materials_discovery,Matbench Discovery WBM unique prototypes,stable_inorganic_crystal_candidate,cgcnn_ensemble_learned_materials_model,CGCNN 10-member ensemble,quasi_prospective_public_DFT_label_followup,followup_partition_DFT_labels_used_only_after_PARC_decision,pre_release_top_score_DFT_stable_positives_in_calibration_blocks,composition_family_pair,0.1,0.2,5000,7,certified_refusal,164.76455676497005,5.0,0.45475017667131734,-4.5960911742231865,5.0,3686,3686,3676,0.9972870320130223,1667,0.0002719608376393799,0.12180486826987404,164.76455676497005,5000,0,5000,0,2009,0,2009,0,0.4018,0.0,0.4018,0.0,59.81999999999999,0.0,59.81999999999999,2009,0,completed_quasi_prospective_public_DFT_label_trial
materials_discovery,Matbench Discovery WBM unique prototypes,stable_inorganic_crystal_candidate,megnet_weak_learned_materials_model,MEGNet,quasi_prospective_public_DFT_label_followup,followup_partition_DFT_labels_used_only_after_PARC_decision,pre_release_top_score_DFT_stable_positives_in_calibration_blocks,composition_family_pair,0.1,0.1,100,7,certified_release,164.88260618657026,10.0,11.541782433059918,30.117543463123575,10.0,3686,3686,3679,0.9981009224091155,1667,0.0002717391304347826,0.12179276962660952,164.88260618657026,100,100,0,100,8,8,0,8,0.08,0.08,0.0,0.08,92.0,92.0,0.0,0,92,completed_quasi_prospective_public_DFT_label_trial
materials_discovery,Matbench Discovery WBM unique prototypes,stable_inorganic_crystal_candidate,megnet_weak_learned_materials_model,MEGNet,quasi_prospective_public_DFT_label_followup,followup_partition_DFT_labels_used_only_after_PARC_decision,pre_release_top_score_DFT_stable_positives_in_calibration_blocks,composition_family_pair,0.1,0.1,300,7,certified_release,164.88260618657026,10.0,3.847260811019973,0.397100007804017,21.428571428571427,3686,3686,3679,0.9981009224091155,1667,0.0002717391304347826,0.12179276962660952,164.88260618657026,300,140,160,140,52,14,38,14,0.17333333333333334,0.1,0.2375,0.1,82.66666666666667,90.0,76.25,38,126,completed_quasi_prospective_public_DFT_label_trial
materials_discovery,Matbench Discovery WBM unique prototypes,stable_inorganic_crystal_candidate,megnet_weak_learned_materials_model,MEGNet,quasi_prospective_public_DFT_label_followup,followup_partition_DFT_labels_used_only_after_PARC_decision,pre_release_top_score_DFT_stable_positives_in_calibration_blocks,composition_family_pair,0.1,0.1,500,7,certified_release,164.88260618657026,10.0,2.3083564866119834,9.637996774113297,53.191489361702125,3686,3686,3679,0.9981009224091155,1667,0.0002717391304347826,0.12179276962660952,164.88260618657026,500,94,406,94,107,7,100,7,0.214,0.07446808510638298,0.24630541871921183,0.07446808510638298,78.60000000000001,92.5531914893617,75.36945812807882,100,87,completed_quasi_prospective_public_DFT_label_trial
materials_discovery,Matbench Discovery WBM unique prototypes,stable_inorganic_crystal_candidate,megnet_weak_learned_materials_model,MEGNet,quasi_prospective_public_DFT_label_followup,followup_partition_DFT_labels_used_only_after_PARC_decision,pre_release_top_score_DFT_stable_positives_in_calibration_blocks,composition_family_pair,0.1,0.1,1000,7,certified_release,164.88260618657026,10.0,1.1541782433059917,22.025463329427396,142.85714285714286,3686,3686,3679,0.9981009224091155,1667,0.0002717391304347826,0.12179276962660952,164.88260618657026,1000,70,930,70,265,2,263,2,0.265,0.02857142857142857,0.28279569892473116,0.02857142857142857,73.5,97.14285714285714,71.72043010752688,263,68,completed_quasi_prospective_public_DFT_label_trial
materials_discovery,Matbench Discovery WBM unique prototypes,stable_inorganic_crystal_candidate,megnet_weak_learned_materials_model,MEGNet,quasi_prospective_public_DFT_label_followup,followup_partition_DFT_labels_used_only_after_PARC_decision,pre_release_top_score_DFT_stable_positives_in_calibration_blocks,composition_family_pair,0.1,0.1,5000,7,certified_refusal,164.88260618657026,10.0,0.23083564866119838,-9.117702252522156,10.0,3686,3686,3679,0.9981009224091155,1667,0.0002717391304347826,0.12179276962660952,164.88260618657026,5000,0,5000,0,2648,0,2648,0,0.5296,0.0,0.5296,0.0,47.04,0.0,47.04,2648,0,completed_quasi_prospective_public_DFT_label_trial
materials_discovery,Matbench Discovery WBM unique prototypes,stable_inorganic_crystal_candidate,megnet_weak_learned_materials_model,MEGNet,quasi_prospective_public_DFT_label_followup,followup_partition_DFT_labels_used_only_after_PARC_decision,pre_release_top_score_DFT_stable_positives_in_calibration_blocks,composition_family_pair,0.1,0.2,100,7,certified_release,164.88260618657026,5.0,23.083564866119836,35.117543463123575,5.0,3686,3686,3679,0.9981009224091155,1667,0.0002717391304347826,0.12179276962660952,164.88260618657026,100,100,0,100,8,8,0,8,0.08,0.08,0.0,0.08,92.0,92.0,0.0,0,92,completed_quasi_prospective_public_DFT_label_trial
materials_discovery,Matbench Discovery WBM unique prototypes,stable_inorganic_crystal_candidate,megnet_weak_learned_materials_model,MEGNet,quasi_prospective_public_DFT_label_followup,followup_partition_DFT_labels_used_only_after_PARC_decision,pre_release_top_score_DFT_stable_positives_in_calibration_blocks,composition_family_pair,0.1,0.2,300,7,certified_release,164.88260618657026,5.0,7.694521622039946,2.6490045981844563,5.0,3686,3686,3679,0.9981009224091155,1667,0.0002717391304347826,0.12179276962660952,164.88260618657026,300,300,0,300,52,52,0,52,0.17333333333333334,0.17333333333333334,0.0,0.17333333333333334,82.66666666666667,82.66666666666667,0.0,0,248,completed_quasi_prospective_public_DFT_label_trial
materials_discovery,Matbench Discovery WBM unique prototypes,stable_inorganic_crystal_candidate,megnet_weak_learned_materials_model,MEGNet,quasi_prospective_public_DFT_label_followup,followup_partition_DFT_labels_used_only_after_PARC_decision,pre_release_top_score_DFT_stable_positives_in_calibration_blocks,composition_family_pair,0.1,0.2,500,7,boundary_release,164.88260618657026,5.0,4.616712973223967,0.31039836591304315,5.0,3686,3686,3679,0.9981009224091155,1667,0.0002717391304347826,0.12179276962660952,164.88260618657026,500,500,0,500,107,107,0,107,0.214,0.214,0.0,0.214,78.60000000000001,78.60000000000001,0.0,0,393,completed_quasi_prospective_public_DFT_label_trial
materials_discovery,Matbench Discovery WBM unique prototypes,stable_inorganic_crystal_candidate,megnet_weak_learned_materials_model,MEGNet,quasi_prospective_public_DFT_label_followup,followup_partition_DFT_labels_used_only_after_PARC_decision,pre_release_top_score_DFT_stable_positives_in_calibration_blocks,composition_family_pair,0.1,0.2,1000,7,certified_release,164.88260618657026,5.0,2.3083564866119834,9.637996774113297,53.191489361702125,3686,3686,3679,0.9981009224091155,1667,0.0002717391304347826,0.12179276962660952,164.88260618657026,1000,94,906,94,265,7,258,7,0.265,0.07446808510638298,0.2847682119205298,0.07446808510638298,73.5,92.5531914893617,71.52317880794702,258,87,completed_quasi_prospective_public_DFT_label_trial
materials_discovery,Matbench Discovery WBM unique prototypes,stable_inorganic_crystal_candidate,megnet_weak_learned_materials_model,MEGNet,quasi_prospective_public_DFT_label_followup,followup_partition_DFT_labels_used_only_after_PARC_decision,pre_release_top_score_DFT_stable_positives_in_calibration_blocks,composition_family_pair,0.1,0.2,5000,7,certified_refusal,164.88260618657026,5.0,0.46167129732239676,-4.117702252522156,5.0,3686,3686,3679,0.9981009224091155,1667,0.0002717391304347826,0.12179276962660952,164.88260618657026,5000,0,5000,0,2648,0,2648,0,0.5296,0.0,0.5296,0.0,47.04,0.0,47.04,2648,0,completed_quasi_prospective_public_DFT_label_trial
materials_discovery,Matbench Discovery WBM unique prototypes,stable_inorganic_crystal_candidate,alignn_ff_modern_learned_materials_model,ALIGNN-FF,quasi_prospective_public_DFT_label_followup,followup_partition_DFT_labels_used_only_after_PARC_decision,pre_release_top_score_DFT_stable_positives_in_calibration_blocks,composition_family_pair,0.1,0.1,100,8,boundary_release,164.56778526884978,10.0,9.380363760324437,6.212272897620569,10.0,3686,3686,3671,0.9959305480195334,1644,0.0002723311546840959,0.12182505997986512,164.56778526884978,100,100,0,100,12,12,0,12,0.12,0.12,0.0,0.12,88.0,88.0,0.0,0,88,completed_quasi_prospective_public_DFT_label_trial
materials_discovery,Matbench Discovery WBM unique prototypes,stable_inorganic_crystal_candidate,alignn_ff_modern_learned_materials_model,ALIGNN-FF,quasi_prospective_public_DFT_label_followup,followup_partition_DFT_labels_used_only_after_PARC_decision,pre_release_top_score_DFT_stable_positives_in_calibration_blocks,composition_family_pair,0.1,0.1,300,8,certified_release,164.56778526884978,10.0,3.126787920108146,1.8364242323939592,46.875,3686,3686,3671,0.9959305480195334,1644,0.0002723311546840959,0.12182505997986512,164.56778526884978,300,64,236,64,88,1,87,1,0.29333333333333333,0.015625,0.3686440677966102,0.015625,70.66666666666667,98.4375,63.13559322033898,87,63,completed_quasi_prospective_public_DFT_label_trial
materials_discovery,Matbench Discovery WBM unique prototypes,stable_inorganic_crystal_candidate,alignn_ff_modern_learned_materials_model,ALIGNN-FF,quasi_prospective_public_DFT_label_followup,followup_partition_DFT_labels_used_only_after_PARC_decision,pre_release_top_score_DFT_stable_positives_in_calibration_blocks,composition_family_pair,0.1,0.1,500,8,certified_release,164.56778526884978,10.0,1.8760727520648874,7.56675364209444,81.96721311475409,3686,3686,3671,0.9959305480195334,1644,0.0002723311546840959,0.12182505997986512,164.56778526884978,500,61,439,61,173,1,172,1,0.346,0.01639344262295082,0.3917995444191344,0.01639344262295082,65.4,98.36065573770492,60.820045558086555,172,60,completed_quasi_prospective_public_DFT_label_trial
materials_discovery,Matbench Discovery WBM unique prototypes,stable_inorganic_crystal_candidate,alignn_ff_modern_learned_materials_model,ALIGNN-FF,quasi_prospective_public_DFT_label_followup,followup_partition_DFT_labels_used_only_after_PARC_decision,pre_release_top_score_DFT_stable_positives_in_calibration_blocks,composition_family_pair,0.1,0.1,1000,8,certified_refusal,164.56778526884978,10.0,0.9380363760324437,-7.918935174437115,10.0,3686,3686,3671,0.9959305480195334,1644,0.0002723311546840959,0.12182505997986512,164.56778526884978,1000,0,1000,0,397,0,397,0,0.397,0.0,0.397,0.0,60.3,0.0,60.3,397,0,completed_quasi_prospective_public_DFT_label_trial
materials_discovery,Matbench Discovery WBM unique prototypes,stable_inorganic_crystal_candidate,alignn_ff_modern_learned_materials_model,ALIGNN-FF,quasi_prospective_public_DFT_label_followup,followup_partition_DFT_labels_used_only_after_PARC_decision,pre_release_top_score_DFT_stable_positives_in_calibration_blocks,composition_family_pair,0.1,0.1,5000,8,certified_refusal,164.56778526884978,10.0,0.18760727520648876,-9.502655372237637,10.0,3686,3686,3671,0.9959305480195334,1644,0.0002723311546840959,0.12182505997986512,164.56778526884978,5000,0,5000,0,2551,0,2551,0,0.5102,0.0,0.5102,0.0,48.980000000000004,0.0,48.980000000000004,2551,0,completed_quasi_prospective_public_DFT_label_trial
materials_discovery,Matbench Discovery WBM unique prototypes,stable_inorganic_crystal_candidate,alignn_ff_modern_learned_materials_model,ALIGNN-FF,quasi_prospective_public_DFT_label_followup,followup_partition_DFT_labels_used_only_after_PARC_decision,pre_release_top_score_DFT_stable_positives_in_calibration_blocks,composition_family_pair,0.1,0.2,100,8,certified_release,164.56778526884978,5.0,18.760727520648874,11.212272897620569,5.0,3686,3686,3671,0.9959305480195334,1644,0.0002723311546840959,0.12182505997986512,164.56778526884978,100,100,0,100,12,12,0,12,0.12,0.12,0.0,0.12,88.0,88.0,0.0,0,88,completed_quasi_prospective_public_DFT_label_trial
materials_discovery,Matbench Discovery WBM unique prototypes,stable_inorganic_crystal_candidate,alignn_ff_modern_learned_materials_model,ALIGNN-FF,quasi_prospective_public_DFT_label_followup,followup_partition_DFT_labels_used_only_after_PARC_decision,pre_release_top_score_DFT_stable_positives_in_calibration_blocks,composition_family_pair,0.1,0.2,300,8,boundary_release,164.56778526884978,5.0,6.253575840216292,0.5969366127810165,5.0,3686,3686,3671,0.9959305480195334,1644,0.0002723311546840959,0.12182505997986512,164.56778526884978,300,300,0,300,88,88,0,88,0.29333333333333333,0.29333333333333333,0.0,0.29333333333333333,70.66666666666667,70.66666666666667,0.0,0,212,completed_quasi_prospective_public_DFT_label_trial
materials_discovery,Matbench Discovery WBM unique prototypes,stable_inorganic_crystal_candidate,alignn_ff_modern_learned_materials_model,ALIGNN-FF,quasi_prospective_public_DFT_label_followup,followup_partition_DFT_labels_used_only_after_PARC_decision,pre_release_top_score_DFT_stable_positives_in_calibration_blocks,composition_family_pair,0.1,0.2,500,8,certified_release,164.56778526884978,5.0,3.752145504129775,1.223917723257152,32.89473684210526,3686,3686,3671,0.9959305480195334,1644,0.0002723311546840959,0.12182505997986512,164.56778526884978,500,76,424,76,173,7,166,7,0.346,0.09210526315789473,0.3915094339622642,0.09210526315789473,65.4,90.78947368421053,60.84905660377359,166,69,completed_quasi_prospective_public_DFT_label_trial
materials_discovery,Matbench Discovery WBM unique prototypes,stable_inorganic_crystal_candidate,alignn_ff_modern_learned_materials_model,ALIGNN-FF,quasi_prospective_public_DFT_label_followup,followup_partition_DFT_labels_used_only_after_PARC_decision,pre_release_top_score_DFT_stable_positives_in_calibration_blocks,composition_family_pair,0.1,0.2,1000,8,certified_release,164.56778526884978,5.0,1.8760727520648874,7.56675364209444,81.96721311475409,3686,3686,3671,0.9959305480195334,1644,0.0002723311546840959,0.12182505997986512,164.56778526884978,1000,61,939,61,397,1,396,1,0.397,0.01639344262295082,0.4217252396166134,0.01639344262295082,60.3,98.36065573770492,57.82747603833865,396,60,completed_quasi_prospective_public_DFT_label_trial
materials_discovery,Matbench Discovery WBM unique prototypes,stable_inorganic_crystal_candidate,alignn_ff_modern_learned_materials_model,ALIGNN-FF,quasi_prospective_public_DFT_label_followup,followup_partition_DFT_labels_used_only_after_PARC_decision,pre_release_top_score_DFT_stable_positives_in_calibration_blocks,composition_family_pair,0.1,0.2,5000,8,certified_refusal,164.56778526884978,5.0,0.3752145504129775,-4.502655372237638,5.0,3686,3686,3671,0.9959305480195334,1644,0.0002723311546840959,0.12182505997986512,164.56778526884978,5000,0,5000,0,2551,0,2551,0,0.5102,0.0,0.5102,0.0,48.980000000000004,0.0,48.980000000000004,2551,0,completed_quasi_prospective_public_DFT_label_trial
materials_discovery,Matbench Discovery WBM unique prototypes,stable_inorganic_crystal_candidate,cgcnn_ensemble_learned_materials_model,CGCNN 10-member ensemble,quasi_prospective_public_DFT_label_followup,followup_partition_DFT_labels_used_only_after_PARC_decision,pre_release_top_score_DFT_stable_positives_in_calibration_blocks,composition_family_pair,0.1,0.1,100,8,certified_release,164.4103478313237,10.0,10.357851913373393,30.00575900707262,10.0,3686,3686,3667,0.9948453608247423,1644,0.0002726281352235551,0.12184123798269308,164.4103478313237,100,100,0,100,8,8,0,8,0.08,0.08,0.0,0.08,92.0,92.0,0.0,0,92,completed_quasi_prospective_public_DFT_label_trial
materials_discovery,Matbench Discovery WBM unique prototypes,stable_inorganic_crystal_candidate,cgcnn_ensemble_learned_materials_model,CGCNN 10-member ensemble,quasi_prospective_public_DFT_label_followup,followup_partition_DFT_labels_used_only_after_PARC_decision,pre_release_top_score_DFT_stable_positives_in_calibration_blocks,composition_family_pair,0.1,0.1,300,8,boundary_release,164.4103478313237,10.0,3.4526173044577977,0.6151741507474036,25.86206896551724,3686,3686,3667,0.9948453608247423,1644,0.0002726281352235551,0.12184123798269308,164.4103478313237,300,116,184,116,97,14,83,14,0.3233333333333333,0.1206896551724138,0.45108695652173914,0.1206896551724138,67.66666666666666,87.93103448275862,54.891304347826086,83,102,completed_quasi_prospective_public_DFT_label_trial
materials_discovery,Matbench Discovery WBM unique prototypes,stable_inorganic_crystal_candidate,cgcnn_ensemble_learned_materials_model,CGCNN 10-member ensemble,quasi_prospective_public_DFT_label_followup,followup_partition_DFT_labels_used_only_after_PARC_decision,pre_release_top_score_DFT_stable_positives_in_calibration_blocks,composition_family_pair,0.1,0.1,500,8,certified_release,164.4103478313237,10.0,2.0715703826746785,14.822449477014118,74.6268656716418,3686,3686,3667,0.9948453608247423,1644,0.0002726281352235551,0.12184123798269308,164.4103478313237,500,67,433,67,198,0,198,0,0.396,0.0,0.45727482678983833,0.0,60.4,100.0,54.27251732101617,198,67,completed_quasi_prospective_public_DFT_label_trial
materials_discovery,Matbench Discovery WBM unique prototypes,stable_inorganic_crystal_candidate,cgcnn_ensemble_learned_materials_model,CGCNN 10-member ensemble,quasi_prospective_public_DFT_label_followup,followup_partition_DFT_labels_used_only_after_PARC_decision,pre_release_top_score_DFT_stable_positives_in_calibration_blocks,composition_family_pair,0.1,0.1,1000,8,certified_release,164.4103478313237,10.0,1.0357851913373393,5.680189101164984,158.7301587301587,3686,3686,3667,0.9948453608247423,1644,0.0002726281352235551,0.12184123798269308,164.4103478313237,1000,63,937,63,478,0,478,0,0.478,0.0,0.5101387406616862,0.0,52.2,100.0,48.986125933831374,478,63,completed_quasi_prospective_public_DFT_label_trial
materials_discovery,Matbench Discovery WBM unique prototypes,stable_inorganic_crystal_candidate,cgcnn_ensemble_learned_materials_model,CGCNN 10-member ensemble,quasi_prospective_public_DFT_label_followup,followup_partition_DFT_labels_used_only_after_PARC_decision,pre_release_top_score_DFT_stable_positives_in_calibration_blocks,composition_family_pair,0.1,0.1,5000,8,certified_refusal,164.4103478313237,10.0,0.20715703826746784,-9.61549604012462,10.0,3686,3686,3667,0.9948453608247423,1644,0.0002726281352235551,0.12184123798269308,164.4103478313237,5000,0,5000,0,2135,0,2135,0,0.427,0.0,0.427,0.0,57.3,0.0,57.3,2135,0,completed_quasi_prospective_public_DFT_label_trial
materials_discovery,Matbench Discovery WBM unique prototypes,stable_inorganic_crystal_candidate,cgcnn_ensemble_learned_materials_model,CGCNN 10-member ensemble,quasi_prospective_public_DFT_label_followup,followup_partition_DFT_labels_used_only_after_PARC_decision,pre_release_top_score_DFT_stable_positives_in_calibration_blocks,composition_family_pair,0.1,0.2,100,8,certified_release,164.4103478313237,5.0,20.715703826746786,35.00575900707262,5.0,3686,3686,3667,0.9948453608247423,1644,0.0002726281352235551,0.12184123798269308,164.4103478313237,100,100,0,100,8,8,0,8,0.08,0.08,0.0,0.08,92.0,92.0,0.0,0,92,completed_quasi_prospective_public_DFT_label_trial
materials_discovery,Matbench Discovery WBM unique prototypes,stable_inorganic_crystal_candidate,cgcnn_ensemble_learned_materials_model,CGCNN 10-member ensemble,quasi_prospective_public_DFT_label_followup,followup_partition_DFT_labels_used_only_after_PARC_decision,pre_release_top_score_DFT_stable_positives_in_calibration_blocks,composition_family_pair,0.1,0.2,300,8,boundary_release,164.4103478313237,5.0,6.905234608915595,2.2442305904389945,5.0,3686,3686,3667,0.9948453608247423,1644,0.0002726281352235551,0.12184123798269308,164.4103478313237,300,300,0,300,97,97,0,97,0.3233333333333333,0.3233333333333333,0.0,0.3233333333333333,67.66666666666666,67.66666666666666,0.0,0,203,completed_quasi_prospective_public_DFT_label_trial
materials_discovery,Matbench Discovery WBM unique prototypes,stable_inorganic_crystal_candidate,cgcnn_ensemble_learned_materials_model,CGCNN 10-member ensemble,quasi_prospective_public_DFT_label_followup,followup_partition_DFT_labels_used_only_after_PARC_decision,pre_release_top_score_DFT_stable_positives_in_calibration_blocks,composition_family_pair,0.1,0.2,500,8,certified_release,164.4103478313237,5.0,4.143140765349357,0.17181357031234867,16.025641025641026,3686,3686,3667,0.9948453608247423,1644,0.0002726281352235551,0.12184123798269308,164.4103478313237,500,156,344,156,198,31,167,31,0.396,0.1987179487179487,0.48546511627906974,0.1987179487179487,60.4,80.12820512820514,51.45348837209303,167,125,completed_quasi_prospective_public_DFT_label_trial
materials_discovery,Matbench Discovery WBM unique prototypes,stable_inorganic_crystal_candidate,cgcnn_ensemble_learned_materials_model,CGCNN 10-member ensemble,quasi_prospective_public_DFT_label_followup,followup_partition_DFT_labels_used_only_after_PARC_decision,pre_release_top_score_DFT_stable_positives_in_calibration_blocks,composition_family_pair,0.1,0.2,1000,8,certified_release,164.4103478313237,5.0,2.0715703826746785,14.822449477014118,74.6268656716418,3686,3686,3667,0.9948453608247423,1644,0.0002726281352235551,0.12184123798269308,164.4103478313237,1000,67,933,67,478,0,478,0,0.478,0.0,0.5123258306538049,0.0,52.2,100.0,48.767416934619504,478,67,completed_quasi_prospective_public_DFT_label_trial
materials_discovery,Matbench Discovery WBM unique prototypes,stable_inorganic_crystal_candidate,cgcnn_ensemble_learned_materials_model,CGCNN 10-member ensemble,quasi_prospective_public_DFT_label_followup,followup_partition_DFT_labels_used_only_after_PARC_decision,pre_release_top_score_DFT_stable_positives_in_calibration_blocks,composition_family_pair,0.1,0.2,5000,8,certified_refusal,164.4103478313237,5.0,0.4143140765349357,-4.615496040124621,5.0,3686,3686,3667,0.9948453608247423,1644,0.0002726281352235551,0.12184123798269308,164.4103478313237,5000,0,5000,0,2135,0,2135,0,0.427,0.0,0.427,0.0,57.3,0.0,57.3,2135,0,completed_quasi_prospective_public_DFT_label_trial
materials_discovery,Matbench Discovery WBM unique prototypes,stable_inorganic_crystal_candidate,megnet_weak_learned_materials_model,MEGNet,quasi_prospective_public_DFT_label_followup,followup_partition_DFT_labels_used_only_after_PARC_decision,pre_release_top_score_DFT_stable_positives_in_calibration_blocks,composition_family_pair,0.1,0.1,100,8,certified_release,164.80390769444054,10.0,10.053038369360873,16.538393646954884,10.0,3686,3686,3677,0.99755832881172,1644,0.0002718868950516585,0.1218008340252418,164.80390769444054,100,100,0,100,5,5,0,5,0.05,0.05,0.0,0.05,95.0,95.0,0.0,0,95,completed_quasi_prospective_public_DFT_label_trial
materials_discovery,Matbench Discovery WBM unique prototypes,stable_inorganic_crystal_candidate,megnet_weak_learned_materials_model,MEGNet,quasi_prospective_public_DFT_label_followup,followup_partition_DFT_labels_used_only_after_PARC_decision,pre_release_top_score_DFT_stable_positives_in_calibration_blocks,composition_family_pair,0.1,0.1,300,8,certified_release,164.80390769444054,10.0,3.351012789786958,0.30849443520274633,23.622047244094485,3686,3686,3677,0.99755832881172,1644,0.0002718868950516585,0.1218008340252418,164.80390769444054,300,127,173,127,60,11,49,11,0.2,0.08661417322834646,0.2832369942196532,0.08661417322834646,80.0,91.33858267716536,71.67630057803468,49,116,completed_quasi_prospective_public_DFT_label_trial
materials_discovery,Matbench Discovery WBM unique prototypes,stable_inorganic_crystal_candidate,megnet_weak_learned_materials_model,MEGNet,quasi_prospective_public_DFT_label_followup,followup_partition_DFT_labels_used_only_after_PARC_decision,pre_release_top_score_DFT_stable_positives_in_calibration_blocks,composition_family_pair,0.1,0.1,500,8,certified_release,164.80390769444054,10.0,2.0106076738721748,82.83669457968645,81.96721311475409,3686,3686,3677,0.99755832881172,1644,0.0002718868950516585,0.1218008340252418,164.80390769444054,500,61,439,61,124,0,124,0,0.248,0.0,0.2824601366742597,0.0,75.2,100.0,71.75398633257403,124,61,completed_quasi_prospective_public_DFT_label_trial
materials_discovery,Matbench Discovery WBM unique prototypes,stable_inorganic_crystal_candidate,megnet_weak_learned_materials_model,MEGNet,quasi_prospective_public_DFT_label_followup,followup_partition_DFT_labels_used_only_after_PARC_decision,pre_release_top_score_DFT_stable_positives_in_calibration_blocks,composition_family_pair,0.1,0.1,1000,8,certified_release,164.80390769444054,10.0,1.0053038369360874,0.8694814649323632,163.93442622950818,3686,3686,3677,0.99755832881172,1644,0.0002718868950516585,0.1218008340252418,164.80390769444054,1000,61,939,61,316,0,316,0,0.316,0.0,0.3365282215122471,0.0,68.4,100.0,66.3471778487753,316,61,completed_quasi_prospective_public_DFT_label_trial
materials_discovery,Matbench Discovery WBM unique prototypes,stable_inorganic_crystal_candidate,megnet_weak_learned_materials_model,MEGNet,quasi_prospective_public_DFT_label_followup,followup_partition_DFT_labels_used_only_after_PARC_decision,pre_release_top_score_DFT_stable_positives_in_calibration_blocks,composition_family_pair,0.1,0.1,5000,8,certified_refusal,164.80390769444054,10.0,0.20106076738721748,-9.425625907662068,10.0,3686,3686,3677,0.99755832881172,1644,0.0002718868950516585,0.1218008340252418,164.80390769444054,5000,0,5000,0,2545,0,2545,0,0.509,0.0,0.509,0.0,49.1,0.0,49.1,2545,0,completed_quasi_prospective_public_DFT_label_trial
materials_discovery,Matbench Discovery WBM unique prototypes,stable_inorganic_crystal_candidate,megnet_weak_learned_materials_model,MEGNet,quasi_prospective_public_DFT_label_followup,followup_partition_DFT_labels_used_only_after_PARC_decision,pre_release_top_score_DFT_stable_positives_in_calibration_blocks,composition_family_pair,0.1,0.2,100,8,certified_release,164.80390769444054,5.0,20.106076738721747,21.538393646954884,5.0,3686,3686,3677,0.99755832881172,1644,0.0002718868950516585,0.1218008340252418,164.80390769444054,100,100,0,100,5,5,0,5,0.05,0.05,0.0,0.05,95.0,95.0,0.0,0,95,completed_quasi_prospective_public_DFT_label_trial
materials_discovery,Matbench Discovery WBM unique prototypes,stable_inorganic_crystal_candidate,megnet_weak_learned_materials_model,MEGNet,quasi_prospective_public_DFT_label_followup,followup_partition_DFT_labels_used_only_after_PARC_decision,pre_release_top_score_DFT_stable_positives_in_calibration_blocks,composition_family_pair,0.1,0.2,300,8,certified_release,164.80390769444054,5.0,6.702025579573916,0.30803116771915917,5.0,3686,3686,3677,0.99755832881172,1644,0.0002718868950516585,0.1218008340252418,164.80390769444054,300,300,0,300,60,60,0,60,0.2,0.2,0.0,0.2,80.0,80.0,0.0,0,240,completed_quasi_prospective_public_DFT_label_trial
materials_discovery,Matbench Discovery WBM unique prototypes,stable_inorganic_crystal_candidate,megnet_weak_learned_materials_model,MEGNet,quasi_prospective_public_DFT_label_followup,followup_partition_DFT_labels_used_only_after_PARC_decision,pre_release_top_score_DFT_stable_positives_in_calibration_blocks,composition_family_pair,0.1,0.2,500,8,certified_release,164.80390769444054,5.0,4.0212153477443495,0.31092947935323245,15.92356687898089,3686,3686,3677,0.99755832881172,1644,0.0002718868950516585,0.1218008340252418,164.80390769444054,500,157,343,157,124,20,104,20,0.248,0.12738853503184713,0.3032069970845481,0.12738853503184713,75.2,87.26114649681529,69.67930029154519,104,137,completed_quasi_prospective_public_DFT_label_trial
materials_discovery,Matbench Discovery WBM unique prototypes,stable_inorganic_crystal_candidate,megnet_weak_learned_materials_model,MEGNet,quasi_prospective_public_DFT_label_followup,followup_partition_DFT_labels_used_only_after_PARC_decision,pre_release_top_score_DFT_stable_positives_in_calibration_blocks,composition_family_pair,0.1,0.2,1000,8,certified_release,164.80390769444054,5.0,2.0106076738721748,82.83669457968645,81.96721311475409,3686,3686,3677,0.99755832881172,1644,0.0002718868950516585,0.1218008340252418,164.80390769444054,1000,61,939,61,316,0,316,0,0.316,0.0,0.3365282215122471,0.0,68.4,100.0,66.3471778487753,316,61,completed_quasi_prospective_public_DFT_label_trial
materials_discovery,Matbench Discovery WBM unique prototypes,stable_inorganic_crystal_candidate,megnet_weak_learned_materials_model,MEGNet,quasi_prospective_public_DFT_label_followup,followup_partition_DFT_labels_used_only_after_PARC_decision,pre_release_top_score_DFT_stable_positives_in_calibration_blocks,composition_family_pair,0.1,0.2,5000,8,certified_refusal,164.80390769444054,5.0,0.40212153477443496,-4.425625907662067,5.0,3686,3686,3677,0.99755832881172,1644,0.0002718868950516585,0.1218008340252418,164.80390769444054,5000,0,5000,0,2545,0,2545,0,0.509,0.0,0.509,0.0,49.1,0.0,49.1,2545,0,completed_quasi_prospective_public_DFT_label_trial
materials_discovery,Matbench Discovery WBM unique prototypes,stable_inorganic_crystal_candidate,alignn_ff_modern_learned_materials_model,ALIGNN-FF,quasi_prospective_public_DFT_label_followup,followup_partition_DFT_labels_used_only_after_PARC_decision,pre_release_top_score_DFT_stable_positives_in_calibration_blocks,composition_family_pair,0.1,0.1,100,9,certified_release,164.56778526884978,10.0,11.355177183550635,30.04302542326929,10.0,3686,3686,3671,0.9959305480195334,1663,0.0002723311546840959,0.12182505997986512,164.56778526884978,100,100,0,100,5,5,0,5,0.05,0.05,0.0,0.05,95.0,95.0,0.0,0,95,completed_quasi_prospective_public_DFT_label_trial
materials_discovery,Matbench Discovery WBM unique prototypes,stable_inorganic_crystal_candidate,alignn_ff_modern_learned_materials_model,ALIGNN-FF,quasi_prospective_public_DFT_label_followup,followup_partition_DFT_labels_used_only_after_PARC_decision,pre_release_top_score_DFT_stable_positives_in_calibration_blocks,composition_family_pair,0.1,0.1,300,9,certified_release,164.56778526884978,10.0,3.7850590611835453,2.2760102691312873,27.522935779816514,3686,3686,3671,0.9959305480195334,1663,0.0002723311546840959,0.12182505997986512,164.56778526884978,300,109,191,109,65,7,58,7,0.21666666666666667,0.06422018348623854,0.3036649214659686,0.06422018348623854,78.33333333333333,93.57798165137615,69.63350785340315,58,102,completed_quasi_prospective_public_DFT_label_trial
materials_discovery,Matbench Discovery WBM unique prototypes,stable_inorganic_crystal_candidate,alignn_ff_modern_learned_materials_model,ALIGNN-FF,quasi_prospective_public_DFT_label_followup,followup_partition_DFT_labels_used_only_after_PARC_decision,pre_release_top_score_DFT_stable_positives_in_calibration_blocks,composition_family_pair,0.1,0.1,500,9,certified_release,164.56778526884978,10.0,2.271035436710127,3.187936884378537,59.52380952380952,3686,3686,3671,0.9959305480195334,1663,0.0002723311546840959,0.12182505997986512,164.56778526884978,500,84,416,84,155,4,151,4,0.31,0.047619047619047616,0.3629807692307692,0.047619047619047616,69.0,95.23809523809523,63.70192307692307,151,80,completed_quasi_prospective_public_DFT_label_trial
materials_discovery,Matbench Discovery WBM unique prototypes,stable_inorganic_crystal_candidate,alignn_ff_modern_learned_materials_model,ALIGNN-FF,quasi_prospective_public_DFT_label_followup,followup_partition_DFT_labels_used_only_after_PARC_decision,pre_release_top_score_DFT_stable_positives_in_calibration_blocks,composition_family_pair,0.1,0.1,1000,9,certified_release,164.56778526884978,10.0,1.1355177183550635,19.640249036965713,144.92753623188406,3686,3686,3671,0.9959305480195334,1663,0.0002723311546840959,0.12182505997986512,164.56778526884978,1000,69,931,69,395,0,395,0,0.395,0.0,0.4242749731471536,0.0,60.5,100.0,57.57250268528465,395,69,completed_quasi_prospective_public_DFT_label_trial
materials_discovery,Matbench Discovery WBM unique prototypes,stable_inorganic_crystal_candidate,alignn_ff_modern_learned_materials_model,ALIGNN-FF,quasi_prospective_public_DFT_label_followup,followup_partition_DFT_labels_used_only_after_PARC_decision,pre_release_top_score_DFT_stable_positives_in_calibration_blocks,composition_family_pair,0.1,0.1,5000,9,certified_refusal,164.56778526884978,10.0,0.2271035436710127,-9.429543819880188,10.0,3686,3686,3671,0.9959305480195334,1663,0.0002723311546840959,0.12182505997986512,164.56778526884978,5000,0,5000,0,2636,0,2636,0,0.5272,0.0,0.5272,0.0,47.28,0.0,47.28,2636,0,completed_quasi_prospective_public_DFT_label_trial
materials_discovery,Matbench Discovery WBM unique prototypes,stable_inorganic_crystal_candidate,alignn_ff_modern_learned_materials_model,ALIGNN-FF,quasi_prospective_public_DFT_label_followup,followup_partition_DFT_labels_used_only_after_PARC_decision,pre_release_top_score_DFT_stable_positives_in_calibration_blocks,composition_family_pair,0.1,0.2,100,9,certified_release,164.56778526884978,5.0,22.71035436710127,35.04302542326929,5.0,3686,3686,3671,0.9959305480195334,1663,0.0002723311546840959,0.12182505997986512,164.56778526884978,100,100,0,100,5,5,0,5,0.05,0.05,0.0,0.05,95.0,95.0,0.0,0,95,completed_quasi_prospective_public_DFT_label_trial
materials_discovery,Matbench Discovery WBM unique prototypes,stable_inorganic_crystal_candidate,alignn_ff_modern_learned_materials_model,ALIGNN-FF,quasi_prospective_public_DFT_label_followup,followup_partition_DFT_labels_used_only_after_PARC_decision,pre_release_top_score_DFT_stable_positives_in_calibration_blocks,composition_family_pair,0.1,0.2,300,9,boundary_release,164.56778526884978,5.0,7.570118122367091,1.0516494293118184,5.0,3686,3686,3671,0.9959305480195334,1663,0.0002723311546840959,0.12182505997986512,164.56778526884978,300,300,0,300,65,65,0,65,0.21666666666666667,0.21666666666666667,0.0,0.21666666666666667,78.33333333333333,78.33333333333333,0.0,0,235,completed_quasi_prospective_public_DFT_label_trial
materials_discovery,Matbench Discovery WBM unique prototypes,stable_inorganic_crystal_candidate,alignn_ff_modern_learned_materials_model,ALIGNN-FF,quasi_prospective_public_DFT_label_followup,followup_partition_DFT_labels_used_only_after_PARC_decision,pre_release_top_score_DFT_stable_positives_in_calibration_blocks,composition_family_pair,0.1,0.2,500,9,certified_release,164.56778526884978,5.0,4.542070873420254,0.036407956598566216,20.0,3686,3686,3671,0.9959305480195334,1663,0.0002723311546840959,0.12182505997986512,164.56778526884978,500,125,375,125,155,10,145,10,0.31,0.08,0.38666666666666666,0.08,69.0,92.0,61.33333333333333,145,115,completed_quasi_prospective_public_DFT_label_trial
materials_discovery,Matbench Discovery WBM unique prototypes,stable_inorganic_crystal_candidate,alignn_ff_modern_learned_materials_model,ALIGNN-FF,quasi_prospective_public_DFT_label_followup,followup_partition_DFT_labels_used_only_after_PARC_decision,pre_release_top_score_DFT_stable_positives_in_calibration_blocks,composition_family_pair,0.1,0.2,1000,9,certified_release,164.56778526884978,5.0,2.271035436710127,3.187936884378537,59.52380952380952,3686,3686,3671,0.9959305480195334,1663,0.0002723311546840959,0.12182505997986512,164.56778526884978,1000,84,916,84,395,4,391,4,0.395,0.047619047619047616,0.4268558951965066,0.047619047619047616,60.5,95.23809523809523,57.314410480349345,391,80,completed_quasi_prospective_public_DFT_label_trial
materials_discovery,Matbench Discovery WBM unique prototypes,stable_inorganic_crystal_candidate,alignn_ff_modern_learned_materials_model,ALIGNN-FF,quasi_prospective_public_DFT_label_followup,followup_partition_DFT_labels_used_only_after_PARC_decision,pre_release_top_score_DFT_stable_positives_in_calibration_blocks,composition_family_pair,0.1,0.2,5000,9,certified_refusal,164.56778526884978,5.0,0.4542070873420254,-4.4295438198801875,5.0,3686,3686,3671,0.9959305480195334,1663,0.0002723311546840959,0.12182505997986512,164.56778526884978,5000,0,5000,0,2636,0,2636,0,0.5272,0.0,0.5272,0.0,47.28,0.0,47.28,2636,0,completed_quasi_prospective_public_DFT_label_trial
materials_discovery,Matbench Discovery WBM unique prototypes,stable_inorganic_crystal_candidate,cgcnn_ensemble_learned_materials_model,CGCNN 10-member ensemble,quasi_prospective_public_DFT_label_followup,followup_partition_DFT_labels_used_only_after_PARC_decision,pre_release_top_score_DFT_stable_positives_in_calibration_blocks,composition_family_pair,0.1,0.1,100,9,certified_release,164.52842759729413,10.0,13.820387918172708,52.697026845987004,10.0,3686,3686,3670,0.9956592512208355,1663,0.00027240533914464724,0.12182910242513326,164.52842759729413,100,100,0,100,1,1,0,1,0.01,0.01,0.0,0.01,99.0,99.0,0.0,0,99,completed_quasi_prospective_public_DFT_label_trial
materials_discovery,Matbench Discovery WBM unique prototypes,stable_inorganic_crystal_candidate,cgcnn_ensemble_learned_materials_model,CGCNN 10-member ensemble,quasi_prospective_public_DFT_label_followup,followup_partition_DFT_labels_used_only_after_PARC_decision,pre_release_top_score_DFT_stable_positives_in_calibration_blocks,composition_family_pair,0.1,0.1,300,9,certified_release,164.52842759729413,10.0,4.606795972724236,0.6538499833313303,21.12676056338028,3686,3686,3670,0.9956592512208355,1663,0.00027240533914464724,0.12182910242513326,164.52842759729413,300,142,158,142,57,3,54,3,0.19,0.02112676056338028,0.34177215189873417,0.02112676056338028,81.0,97.88732394366197,65.82278481012658,54,139,completed_quasi_prospective_public_DFT_label_trial
materials_discovery,Matbench Discovery WBM unique prototypes,stable_inorganic_crystal_candidate,cgcnn_ensemble_learned_materials_model,CGCNN 10-member ensemble,quasi_prospective_public_DFT_label_followup,followup_partition_DFT_labels_used_only_after_PARC_decision,pre_release_top_score_DFT_stable_positives_in_calibration_blocks,composition_family_pair,0.1,0.1,500,9,certified_release,164.52842759729413,10.0,2.7640775836345415,12.697026845987004,50.0,3686,3686,3670,0.9956592512208355,1663,0.00027240533914464724,0.12182910242513326,164.52842759729413,500,100,400,100,148,1,147,1,0.296,0.01,0.3675,0.01,70.39999999999999,99.0,63.24999999999999,147,99,completed_quasi_prospective_public_DFT_label_trial
materials_discovery,Matbench Discovery WBM unique prototypes,stable_inorganic_crystal_candidate,cgcnn_ensemble_learned_materials_model,CGCNN 10-member ensemble,quasi_prospective_public_DFT_label_followup,followup_partition_DFT_labels_used_only_after_PARC_decision,pre_release_top_score_DFT_stable_positives_in_calibration_blocks,composition_family_pair,0.1,0.1,1000,9,certified_release,164.52842759729413,10.0,1.3820387918172707,45.48080854967509,119.04761904761904,3686,3686,3670,0.9956592512208355,1663,0.00027240533914464724,0.12182910242513326,164.52842759729413,1000,84,916,84,382,0,382,0,0.382,0.0,0.4170305676855895,0.0,61.8,100.0,58.29694323144105,382,84,completed_quasi_prospective_public_DFT_label_trial
materials_discovery,Matbench Discovery WBM unique prototypes,stable_inorganic_crystal_candidate,cgcnn_ensemble_learned_materials_model,CGCNN 10-member ensemble,quasi_prospective_public_DFT_label_followup,followup_partition_DFT_labels_used_only_after_PARC_decision,pre_release_top_score_DFT_stable_positives_in_calibration_blocks,composition_family_pair,0.1,0.1,5000,9,certified_refusal,164.52842759729413,10.0,0.27640775836345416,-9.641490063731288,10.0,3686,3686,3670,0.9956592512208355,1663,0.00027240533914464724,0.12182910242513326,164.52842759729413,5000,0,5000,0,2020,0,2020,0,0.404,0.0,0.404,0.0,59.599999999999994,0.0,59.599999999999994,2020,0,completed_quasi_prospective_public_DFT_label_trial
materials_discovery,Matbench Discovery WBM unique prototypes,stable_inorganic_crystal_candidate,cgcnn_ensemble_learned_materials_model,CGCNN 10-member ensemble,quasi_prospective_public_DFT_label_followup,followup_partition_DFT_labels_used_only_after_PARC_decision,pre_release_top_score_DFT_stable_positives_in_calibration_blocks,composition_family_pair,0.1,0.2,100,9,certified_release,164.52842759729413,5.0,27.640775836345416,57.697026845987004,5.0,3686,3686,3670,0.9956592512208355,1663,0.00027240533914464724,0.12182910242513326,164.52842759729413,100,100,0,100,1,1,0,1,0.01,0.01,0.0,0.01,99.0,99.0,0.0,0,99,completed_quasi_prospective_public_DFT_label_trial
materials_discovery,Matbench Discovery WBM unique prototypes,stable_inorganic_crystal_candidate,cgcnn_ensemble_learned_materials_model,CGCNN 10-member ensemble,quasi_prospective_public_DFT_label_followup,followup_partition_DFT_labels_used_only_after_PARC_decision,pre_release_top_score_DFT_stable_positives_in_calibration_blocks,composition_family_pair,0.1,0.2,300,9,certified_release,164.52842759729413,5.0,9.213591945448472,0.10626348693438903,7.142857142857143,3686,3686,3670,0.9956592512208355,1663,0.00027240533914464724,0.12182910242513326,164.52842759729413,300,210,90,210,57,26,31,26,0.19,0.12380952380952381,0.34444444444444444,0.12380952380952381,81.0,87.61904761904762,65.55555555555556,31,184,completed_quasi_prospective_public_DFT_label_trial
materials_discovery,Matbench Discovery WBM unique prototypes,stable_inorganic_crystal_candidate,cgcnn_ensemble_learned_materials_model,CGCNN 10-member ensemble,quasi_prospective_public_DFT_label_followup,followup_partition_DFT_labels_used_only_after_PARC_decision,pre_release_top_score_DFT_stable_positives_in_calibration_blocks,composition_family_pair,0.1,0.2,500,9,certified_release,164.52842759729413,5.0,5.528155167269083,0.18292749631017458,16.025641025641026,3686,3686,3670,0.9956592512208355,1663,0.00027240533914464724,0.12182910242513326,164.52842759729413,500,156,344,156,148,8,140,8,0.296,0.05128205128205128,0.4069767441860465,0.05128205128205128,70.39999999999999,94.87179487179486,59.30232558139535,140,148,completed_quasi_prospective_public_DFT_label_trial
materials_discovery,Matbench Discovery WBM unique prototypes,stable_inorganic_crystal_candidate,cgcnn_ensemble_learned_materials_model,CGCNN 10-member ensemble,quasi_prospective_public_DFT_label_followup,followup_partition_DFT_labels_used_only_after_PARC_decision,pre_release_top_score_DFT_stable_positives_in_calibration_blocks,composition_family_pair,0.1,0.2,1000,9,certified_release,164.52842759729413,5.0,2.7640775836345415,12.697026845987004,50.0,3686,3686,3670,0.9956592512208355,1663,0.00027240533914464724,0.12182910242513326,164.52842759729413,1000,100,900,100,382,1,381,1,0.382,0.01,0.42333333333333334,0.01,61.8,99.0,57.666666666666664,381,99,completed_quasi_prospective_public_DFT_label_trial
materials_discovery,Matbench Discovery WBM unique prototypes,stable_inorganic_crystal_candidate,cgcnn_ensemble_learned_materials_model,CGCNN 10-member ensemble,quasi_prospective_public_DFT_label_followup,followup_partition_DFT_labels_used_only_after_PARC_decision,pre_release_top_score_DFT_stable_positives_in_calibration_blocks,composition_family_pair,0.1,0.2,5000,9,certified_refusal,164.52842759729413,5.0,0.5528155167269083,-4.641490063731288,5.0,3686,3686,3670,0.9956592512208355,1663,0.00027240533914464724,0.12182910242513326,164.52842759729413,5000,0,5000,0,2020,0,2020,0,0.404,0.0,0.404,0.0,59.599999999999994,0.0,59.599999999999994,2020,0,completed_quasi_prospective_public_DFT_label_trial
materials_discovery,Matbench Discovery WBM unique prototypes,stable_inorganic_crystal_candidate,megnet_weak_learned_materials_model,MEGNet,quasi_prospective_public_DFT_label_followup,followup_partition_DFT_labels_used_only_after_PARC_decision,pre_release_top_score_DFT_stable_positives_in_calibration_blocks,composition_family_pair,0.1,0.1,100,9,certified_release,164.60714181580366,10.0,12.016321352553668,38.72280066537698,10.0,3686,3686,3672,0.9962018448182312,1663,0.0002722570106180234,0.12182101890347945,164.60714181580366,100,100,0,100,4,4,0,4,0.04,0.04,0.0,0.04,96.0,96.0,0.0,0,96,completed_quasi_prospective_public_DFT_label_trial
materials_discovery,Matbench Discovery WBM unique prototypes,stable_inorganic_crystal_candidate,megnet_weak_learned_materials_model,MEGNet,quasi_prospective_public_DFT_label_followup,followup_partition_DFT_labels_used_only_after_PARC_decision,pre_release_top_score_DFT_stable_positives_in_calibration_blocks,composition_family_pair,0.1,0.1,300,9,certified_release,164.60714181580366,10.0,4.005440450851223,0.6638647403441773,21.12676056338028,3686,3686,3672,0.9962018448182312,1663,0.0002722570106180234,0.12182101890347945,164.60714181580366,300,142,158,142,60,8,52,8,0.2,0.056338028169014086,0.3291139240506329,0.056338028169014086,80.0,94.36619718309859,67.08860759493672,52,134,completed_quasi_prospective_public_DFT_label_trial
materials_discovery,Matbench Discovery WBM unique prototypes,stable_inorganic_crystal_candidate,megnet_weak_learned_materials_model,MEGNet,quasi_prospective_public_DFT_label_followup,followup_partition_DFT_labels_used_only_after_PARC_decision,pre_release_top_score_DFT_stable_positives_in_calibration_blocks,composition_family_pair,0.1,0.1,500,9,certified_release,164.60714181580366,10.0,2.403264270510734,2.8512410323494564,45.87155963302752,3686,3686,3672,0.9962018448182312,1663,0.0002722570106180234,0.12182101890347945,164.60714181580366,500,109,391,109,114,6,108,6,0.228,0.05504587155963303,0.27621483375959077,0.05504587155963303,77.2,94.4954128440367,72.37851662404093,108,103,completed_quasi_prospective_public_DFT_label_trial
materials_discovery,Matbench Discovery WBM unique prototypes,stable_inorganic_crystal_candidate,megnet_weak_learned_materials_model,MEGNet,quasi_prospective_public_DFT_label_followup,followup_partition_DFT_labels_used_only_after_PARC_decision,pre_release_top_score_DFT_stable_positives_in_calibration_blocks,composition_family_pair,0.1,0.1,1000,9,certified_release,164.60714181580366,10.0,1.201632135255367,27.620840445940644,136.986301369863,3686,3686,3672,0.9962018448182312,1663,0.0002722570106180234,0.12182101890347945,164.60714181580366,1000,73,927,73,306,0,306,0,0.306,0.0,0.3300970873786408,0.0,69.39999999999999,100.0,66.99029126213593,306,73,completed_quasi_prospective_public_DFT_label_trial
materials_discovery,Matbench Discovery WBM unique prototypes,stable_inorganic_crystal_candidate,megnet_weak_learned_materials_model,MEGNet,quasi_prospective_public_DFT_label_followup,followup_partition_DFT_labels_used_only_after_PARC_decision,pre_release_top_score_DFT_stable_positives_in_calibration_blocks,composition_family_pair,0.1,0.1,5000,9,certified_refusal,164.60714181580366,10.0,0.24032642705107338,-9.340761386363921,10.0,3686,3686,3672,0.9962018448182312,1663,0.0002722570106180234,0.12182101890347945,164.60714181580366,5000,0,5000,0,2707,0,2707,0,0.5414,0.0,0.5414,0.0,45.86,0.0,45.86,2707,0,completed_quasi_prospective_public_DFT_label_trial
materials_discovery,Matbench Discovery WBM unique prototypes,stable_inorganic_crystal_candidate,megnet_weak_learned_materials_model,MEGNet,quasi_prospective_public_DFT_label_followup,followup_partition_DFT_labels_used_only_after_PARC_decision,pre_release_top_score_DFT_stable_positives_in_calibration_blocks,composition_family_pair,0.1,0.2,100,9,certified_release,164.60714181580366,5.0,24.032642705107335,43.72280066537698,5.0,3686,3686,3672,0.9962018448182312,1663,0.0002722570106180234,0.12182101890347945,164.60714181580366,100,100,0,100,4,4,0,4,0.04,0.04,0.0,0.04,96.0,96.0,0.0,0,96,completed_quasi_prospective_public_DFT_label_trial
materials_discovery,Matbench Discovery WBM unique prototypes,stable_inorganic_crystal_candidate,megnet_weak_learned_materials_model,MEGNet,quasi_prospective_public_DFT_label_followup,followup_partition_DFT_labels_used_only_after_PARC_decision,pre_release_top_score_DFT_stable_positives_in_calibration_blocks,composition_family_pair,0.1,0.2,300,9,certified_release,164.60714181580366,5.0,8.010880901702446,3.5546351186113796,5.0,3686,3686,3672,0.9962018448182312,1663,0.0002722570106180234,0.12182101890347945,164.60714181580366,300,300,0,300,60,60,0,60,0.2,0.2,0.0,0.2,80.0,80.0,0.0,0,240,completed_quasi_prospective_public_DFT_label_trial
materials_discovery,Matbench Discovery WBM unique prototypes,stable_inorganic_crystal_candidate,megnet_weak_learned_materials_model,MEGNet,quasi_prospective_public_DFT_label_followup,followup_partition_DFT_labels_used_only_after_PARC_decision,pre_release_top_score_DFT_stable_positives_in_calibration_blocks,composition_family_pair,0.1,0.2,500,9,boundary_release,164.60714181580366,5.0,4.806528541021468,0.2107044003240235,5.0,3686,3686,3672,0.9962018448182312,1663,0.0002722570106180234,0.12182101890347945,164.60714181580366,500,500,0,500,114,114,0,114,0.228,0.228,0.0,0.228,77.2,77.2,0.0,0,386,completed_quasi_prospective_public_DFT_label_trial
materials_discovery,Matbench Discovery WBM unique prototypes,stable_inorganic_crystal_candidate,megnet_weak_learned_materials_model,MEGNet,quasi_prospective_public_DFT_label_followup,followup_partition_DFT_labels_used_only_after_PARC_decision,pre_release_top_score_DFT_stable_positives_in_calibration_blocks,composition_family_pair,0.1,0.2,1000,9,certified_release,164.60714181580366,5.0,2.403264270510734,2.8512410323494564,45.87155963302752,3686,3686,3672,0.9962018448182312,1663,0.0002722570106180234,0.12182101890347945,164.60714181580366,1000,109,891,109,306,6,300,6,0.306,0.05504587155963303,0.3367003367003367,0.05504587155963303,69.39999999999999,94.4954128440367,66.32996632996633,300,103,completed_quasi_prospective_public_DFT_label_trial
materials_discovery,Matbench Discovery WBM unique prototypes,stable_inorganic_crystal_candidate,megnet_weak_learned_materials_model,MEGNet,quasi_prospective_public_DFT_label_followup,followup_partition_DFT_labels_used_only_after_PARC_decision,pre_release_top_score_DFT_stable_positives_in_calibration_blocks,composition_family_pair,0.1,0.2,5000,9,certified_refusal,164.60714181580366,5.0,0.48065285410214675,-4.340761386363921,5.0,3686,3686,3672,0.9962018448182312,1663,0.0002722570106180234,0.12182101890347945,164.60714181580366,5000,0,5000,0,2707,0,2707,0,0.5414,0.0,0.5414,0.0,45.86,0.0,45.86,2707,0,completed_quasi_prospective_public_DFT_label_trial
materials_discovery,Matbench Discovery WBM unique prototypes,stable_inorganic_crystal_candidate,alignn_ff_modern_learned_materials_model,ALIGNN-FF,quasi_prospective_public_DFT_label_followup,followup_partition_DFT_labels_used_only_after_PARC_decision,pre_release_top_score_DFT_stable_positives_in_calibration_blocks,composition_family_pair,0.1,0.1,100,10,certified_release,164.52842759729413,10.0,13.326802635380822,30.033709281952042,10.0,3686,3686,3670,0.9956592512208355,1577,0.00027240533914464724,0.12182910242513326,164.52842759729413,100,100,0,100,7,7,0,7,0.07,0.07,0.0,0.07,93.0,93.0,0.0,0,93,completed_quasi_prospective_public_DFT_label_trial
materials_discovery,Matbench Discovery WBM unique prototypes,stable_inorganic_crystal_candidate,alignn_ff_modern_learned_materials_model,ALIGNN-FF,quasi_prospective_public_DFT_label_followup,followup_partition_DFT_labels_used_only_after_PARC_decision,pre_release_top_score_DFT_stable_positives_in_calibration_blocks,composition_family_pair,0.1,0.1,300,10,boundary_release,164.52842759729413,10.0,4.442267545126941,0.08250040010319992,23.809523809523807,3686,3686,3670,0.9956592512208355,1577,0.00027240533914464724,0.12182910242513326,164.52842759729413,300,126,174,126,73,16,57,16,0.24333333333333335,0.12698412698412698,0.3275862068965517,0.12698412698412698,75.66666666666667,87.3015873015873,67.24137931034483,57,110,completed_quasi_prospective_public_DFT_label_trial
materials_discovery,Matbench Discovery WBM unique prototypes,stable_inorganic_crystal_candidate,alignn_ff_modern_learned_materials_model,ALIGNN-FF,quasi_prospective_public_DFT_label_followup,followup_partition_DFT_labels_used_only_after_PARC_decision,pre_release_top_score_DFT_stable_positives_in_calibration_blocks,composition_family_pair,0.1,0.1,500,10,certified_release,164.52842759729413,10.0,2.6653605270761647,7.751971900932055,54.94505494505495,3686,3686,3670,0.9956592512208355,1577,0.00027240533914464724,0.12182910242513326,164.52842759729413,500,91,409,91,153,3,150,3,0.306,0.03296703296703297,0.36674816625916873,0.03296703296703297,69.39999999999999,96.7032967032967,63.325183374083124,150,88,completed_quasi_prospective_public_DFT_label_trial
materials_discovery,Matbench Discovery WBM unique prototypes,stable_inorganic_crystal_candidate,alignn_ff_modern_learned_materials_model,ALIGNN-FF,quasi_prospective_public_DFT_label_followup,followup_partition_DFT_labels_used_only_after_PARC_decision,pre_release_top_score_DFT_stable_positives_in_calibration_blocks,composition_family_pair,0.1,0.1,1000,10,certified_release,164.52842759729413,10.0,1.3326802635380823,41.07163747383733,123.4567901234568,3686,3686,3670,0.9956592512208355,1577,0.00027240533914464724,0.12182910242513326,164.52842759729413,1000,81,919,81,382,0,382,0,0.382,0.0,0.41566920565832427,0.0,61.8,100.0,58.43307943416758,382,81,completed_quasi_prospective_public_DFT_label_trial
materials_discovery,Matbench Discovery WBM unique prototypes,stable_inorganic_crystal_candidate,alignn_ff_modern_learned_materials_model,ALIGNN-FF,quasi_prospective_public_DFT_label_followup,followup_partition_DFT_labels_used_only_after_PARC_decision,pre_release_top_score_DFT_stable_positives_in_calibration_blocks,composition_family_pair,0.1,0.1,5000,10,certified_refusal,164.52842759729413,10.0,0.26653605270761643,-9.324443305187385,10.0,3686,3686,3670,0.9956592512208355,1577,0.00027240533914464724,0.12182910242513326,164.52842759729413,5000,0,5000,0,2443,0,2443,0,0.4886,0.0,0.4886,0.0,51.13999999999999,0.0,51.13999999999999,2443,0,completed_quasi_prospective_public_DFT_label_trial
materials_discovery,Matbench Discovery WBM unique prototypes,stable_inorganic_crystal_candidate,alignn_ff_modern_learned_materials_model,ALIGNN-FF,quasi_prospective_public_DFT_label_followup,followup_partition_DFT_labels_used_only_after_PARC_decision,pre_release_top_score_DFT_stable_positives_in_calibration_blocks,composition_family_pair,0.1,0.2,100,10,certified_release,164.52842759729413,5.0,26.653605270761645,35.03370928195204,5.0,3686,3686,3670,0.9956592512208355,1577,0.00027240533914464724,0.12182910242513326,164.52842759729413,100,100,0,100,7,7,0,7,0.07,0.07,0.0,0.07,93.0,93.0,0.0,0,93,completed_quasi_prospective_public_DFT_label_trial
materials_discovery,Matbench Discovery WBM unique prototypes,stable_inorganic_crystal_candidate,alignn_ff_modern_learned_materials_model,ALIGNN-FF,quasi_prospective_public_DFT_label_followup,followup_partition_DFT_labels_used_only_after_PARC_decision,pre_release_top_score_DFT_stable_positives_in_calibration_blocks,composition_family_pair,0.1,0.2,300,10,boundary_release,164.52842759729413,5.0,8.884535090253882,1.903857704638976,5.0,3686,3686,3670,0.9956592512208355,1577,0.00027240533914464724,0.12182910242513326,164.52842759729413,300,300,0,300,73,73,0,73,0.24333333333333335,0.24333333333333335,0.0,0.24333333333333335,75.66666666666667,75.66666666666667,0.0,0,227,completed_quasi_prospective_public_DFT_label_trial
materials_discovery,Matbench Discovery WBM unique prototypes,stable_inorganic_crystal_candidate,alignn_ff_modern_learned_materials_model,ALIGNN-FF,quasi_prospective_public_DFT_label_followup,followup_partition_DFT_labels_used_only_after_PARC_decision,pre_release_top_score_DFT_stable_positives_in_calibration_blocks,composition_family_pair,0.1,0.2,500,10,certified_release,164.52842759729413,5.0,5.330721054152329,1.0924163283198531,18.939393939393938,3686,3686,3670,0.9956592512208355,1577,0.00027240533914464724,0.12182910242513326,164.52842759729413,500,132,368,132,153,18,135,18,0.306,0.13636363636363635,0.36684782608695654,0.13636363636363635,69.39999999999999,86.36363636363636,63.315217391304344,135,114,completed_quasi_prospective_public_DFT_label_trial
materials_discovery,Matbench Discovery WBM unique prototypes,stable_inorganic_crystal_candidate,alignn_ff_modern_learned_materials_model,ALIGNN-FF,quasi_prospective_public_DFT_label_followup,followup_partition_DFT_labels_used_only_after_PARC_decision,pre_release_top_score_DFT_stable_positives_in_calibration_blocks,composition_family_pair,0.1,0.2,1000,10,certified_release,164.52842759729413,5.0,2.6653605270761647,7.751971900932055,54.94505494505495,3686,3686,3670,0.9956592512208355,1577,0.00027240533914464724,0.12182910242513326,164.52842759729413,1000,91,909,91,382,3,379,3,0.382,0.03296703296703297,0.41694169416941695,0.03296703296703297,61.8,96.7032967032967,58.3058305830583,379,88,completed_quasi_prospective_public_DFT_label_trial
materials_discovery,Matbench Discovery WBM unique prototypes,stable_inorganic_crystal_candidate,alignn_ff_modern_learned_materials_model,ALIGNN-FF,quasi_prospective_public_DFT_label_followup,followup_partition_DFT_labels_used_only_after_PARC_decision,pre_release_top_score_DFT_stable_positives_in_calibration_blocks,composition_family_pair,0.1,0.2,5000,10,certified_refusal,164.52842759729413,5.0,0.5330721054152329,-4.324443305187385,5.0,3686,3686,3670,0.9956592512208355,1577,0.00027240533914464724,0.12182910242513326,164.52842759729413,5000,0,5000,0,2443,0,2443,0,0.4886,0.0,0.4886,0.0,51.13999999999999,0.0,51.13999999999999,2443,0,completed_quasi_prospective_public_DFT_label_trial
materials_discovery,Matbench Discovery WBM unique prototypes,stable_inorganic_crystal_candidate,cgcnn_ensemble_learned_materials_model,CGCNN 10-member ensemble,quasi_prospective_public_DFT_label_followup,followup_partition_DFT_labels_used_only_after_PARC_decision,pre_release_top_score_DFT_stable_positives_in_calibration_blocks,composition_family_pair,0.1,0.1,100,10,certified_release,164.56778526884978,10.0,15.469371815271879,79.53396675684853,10.0,3686,3686,3671,0.9959305480195334,1577,0.0002723311546840959,0.12182505997986512,164.56778526884978,100,100,0,100,1,1,0,1,0.01,0.01,0.0,0.01,99.0,99.0,0.0,0,99,completed_quasi_prospective_public_DFT_label_trial
materials_discovery,Matbench Discovery WBM unique prototypes,stable_inorganic_crystal_candidate,cgcnn_ensemble_learned_materials_model,CGCNN 10-member ensemble,quasi_prospective_public_DFT_label_followup,followup_partition_DFT_labels_used_only_after_PARC_decision,pre_release_top_score_DFT_stable_positives_in_calibration_blocks,composition_family_pair,0.1,0.1,300,10,certified_release,164.56778526884978,10.0,5.156457271757293,1.9641187999720628,18.072289156626503,3686,3686,3671,0.9959305480195334,1577,0.0002723311546840959,0.12182505997986512,164.56778526884978,300,166,134,166,51,11,40,11,0.17,0.06626506024096386,0.29850746268656714,0.06626506024096386,83.0,93.37349397590361,70.1492537313433,40,155,completed_quasi_prospective_public_DFT_label_trial
materials_discovery,Matbench Discovery WBM unique prototypes,stable_inorganic_crystal_candidate,cgcnn_ensemble_learned_materials_model,CGCNN 10-member ensemble,quasi_prospective_public_DFT_label_followup,followup_partition_DFT_labels_used_only_after_PARC_decision,pre_release_top_score_DFT_stable_positives_in_calibration_blocks,composition_family_pair,0.1,0.1,500,10,certified_release,164.56778526884978,10.0,3.093874363054376,5.077990458234325,34.96503496503497,3686,3686,3671,0.9959305480195334,1577,0.0002723311546840959,0.12182505997986512,164.56778526884978,500,143,357,143,125,5,120,5,0.25,0.03496503496503497,0.33613445378151263,0.03496503496503497,75.0,96.5034965034965,66.38655462184873,120,138,completed_quasi_prospective_public_DFT_label_trial
materials_discovery,Matbench Discovery WBM unique prototypes,stable_inorganic_crystal_candidate,cgcnn_ensemble_learned_materials_model,CGCNN 10-member ensemble,quasi_prospective_public_DFT_label_followup,followup_partition_DFT_labels_used_only_after_PARC_decision,pre_release_top_score_DFT_stable_positives_in_calibration_blocks,composition_family_pair,0.1,0.1,1000,10,certified_release,164.56778526884978,10.0,1.546937181527188,58.184806545445525,106.38297872340425,3686,3686,3671,0.9959305480195334,1577,0.0002723311546840959,0.12182505997986512,164.56778526884978,1000,94,906,94,353,0,353,0,0.353,0.0,0.38962472406181015,0.0,64.7,100.0,61.037527593818986,353,94,completed_quasi_prospective_public_DFT_label_trial
materials_discovery,Matbench Discovery WBM unique prototypes,stable_inorganic_crystal_candidate,cgcnn_ensemble_learned_materials_model,CGCNN 10-member ensemble,quasi_prospective_public_DFT_label_followup,followup_partition_DFT_labels_used_only_after_PARC_decision,pre_release_top_score_DFT_stable_positives_in_calibration_blocks,composition_family_pair,0.1,0.1,5000,10,certified_refusal,164.56778526884978,10.0,0.3093874363054376,-9.572002034540539,10.0,3686,3686,3671,0.9959305480195334,1577,0.0002723311546840959,0.12182505997986512,164.56778526884978,5000,0,5000,0,1867,0,1867,0,0.3734,0.0,0.3734,0.0,62.660000000000004,0.0,62.660000000000004,1867,0,completed_quasi_prospective_public_DFT_label_trial
materials_discovery,Matbench Discovery WBM unique prototypes,stable_inorganic_crystal_candidate,cgcnn_ensemble_learned_materials_model,CGCNN 10-member ensemble,quasi_prospective_public_DFT_label_followup,followup_partition_DFT_labels_used_only_after_PARC_decision,pre_release_top_score_DFT_stable_positives_in_calibration_blocks,composition_family_pair,0.1,0.2,100,10,certified_release,164.56778526884978,5.0,30.938743630543758,84.53396675684853,5.0,3686,3686,3671,0.9959305480195334,1577,0.0002723311546840959,0.12182505997986512,164.56778526884978,100,100,0,100,1,1,0,1,0.01,0.01,0.0,0.01,99.0,99.0,0.0,0,99,completed_quasi_prospective_public_DFT_label_trial
materials_discovery,Matbench Discovery WBM unique prototypes,stable_inorganic_crystal_candidate,cgcnn_ensemble_learned_materials_model,CGCNN 10-member ensemble,quasi_prospective_public_DFT_label_followup,followup_partition_DFT_labels_used_only_after_PARC_decision,pre_release_top_score_DFT_stable_positives_in_calibration_blocks,composition_family_pair,0.1,0.2,300,10,certified_release,164.56778526884978,5.0,10.312914543514585,1.1780010285425364,5.0,3686,3686,3671,0.9959305480195334,1577,0.0002723311546840959,0.12182505997986512,164.56778526884978,300,300,0,300,51,51,0,51,0.17,0.17,0.0,0.17,83.0,83.0,0.0,0,249,completed_quasi_prospective_public_DFT_label_trial
materials_discovery,Matbench Discovery WBM unique prototypes,stable_inorganic_crystal_candidate,cgcnn_ensemble_learned_materials_model,CGCNN 10-member ensemble,quasi_prospective_public_DFT_label_followup,followup_partition_DFT_labels_used_only_after_PARC_decision,pre_release_top_score_DFT_stable_positives_in_calibration_blocks,composition_family_pair,0.1,0.2,500,10,certified_release,164.56778526884978,5.0,6.187748726108752,0.7571898881598891,13.66120218579235,3686,3686,3671,0.9959305480195334,1577,0.0002723311546840959,0.12182505997986512,164.56778526884978,500,183,317,183,125,16,109,16,0.25,0.08743169398907104,0.3438485804416404,0.08743169398907104,75.0,91.2568306010929,65.61514195583597,109,167,completed_quasi_prospective_public_DFT_label_trial
materials_discovery,Matbench Discovery WBM unique prototypes,stable_inorganic_crystal_candidate,cgcnn_ensemble_learned_materials_model,CGCNN 10-member ensemble,quasi_prospective_public_DFT_label_followup,followup_partition_DFT_labels_used_only_after_PARC_decision,pre_release_top_score_DFT_stable_positives_in_calibration_blocks,composition_family_pair,0.1,0.2,1000,10,certified_release,164.56778526884978,5.0,3.093874363054376,5.077990458234325,34.96503496503497,3686,3686,3671,0.9959305480195334,1577,0.0002723311546840959,0.12182505997986512,164.56778526884978,1000,143,857,143,353,5,348,5,0.353,0.03496503496503497,0.40606767794632437,0.03496503496503497,64.7,96.5034965034965,59.39323220536756,348,138,completed_quasi_prospective_public_DFT_label_trial
materials_discovery,Matbench Discovery WBM unique prototypes,stable_inorganic_crystal_candidate,cgcnn_ensemble_learned_materials_model,CGCNN 10-member ensemble,quasi_prospective_public_DFT_label_followup,followup_partition_DFT_labels_used_only_after_PARC_decision,pre_release_top_score_DFT_stable_positives_in_calibration_blocks,composition_family_pair,0.1,0.2,5000,10,certified_refusal,164.56778526884978,5.0,0.6187748726108752,-4.572002034540538,5.0,3686,3686,3671,0.9959305480195334,1577,0.0002723311546840959,0.12182505997986512,164.56778526884978,5000,0,5000,0,1867,0,1867,0,0.3734,0.0,0.3734,0.0,62.660000000000004,0.0,62.660000000000004,1867,0,completed_quasi_prospective_public_DFT_label_trial
materials_discovery,Matbench Discovery WBM unique prototypes,stable_inorganic_crystal_candidate,megnet_weak_learned_materials_model,MEGNet,quasi_prospective_public_DFT_label_followup,followup_partition_DFT_labels_used_only_after_PARC_decision,pre_release_top_score_DFT_stable_positives_in_calibration_blocks,composition_family_pair,0.1,0.1,100,10,certified_release,164.52842759729413,10.0,14.478501628561885,52.697026845987004,10.0,3686,3686,3670,0.9956592512208355,1577,0.00027240533914464724,0.12182910242513326,164.52842759729413,100,100,0,100,4,4,0,4,0.04,0.04,0.0,0.04,96.0,96.0,0.0,0,96,completed_quasi_prospective_public_DFT_label_trial
materials_discovery,Matbench Discovery WBM unique prototypes,stable_inorganic_crystal_candidate,megnet_weak_learned_materials_model,MEGNet,quasi_prospective_public_DFT_label_followup,followup_partition_DFT_labels_used_only_after_PARC_decision,pre_release_top_score_DFT_stable_positives_in_calibration_blocks,composition_family_pair,0.1,0.1,300,10,boundary_release,164.52842759729413,10.0,4.826167209520628,1.3528903238734973,10.0,3686,3686,3670,0.9956592512208355,1577,0.00027240533914464724,0.12182910242513326,164.52842759729413,300,300,0,300,55,55,0,55,0.18333333333333332,0.18333333333333332,0.0,0.18333333333333332,81.66666666666667,81.66666666666667,0.0,0,245,completed_quasi_prospective_public_DFT_label_trial
materials_discovery,Matbench Discovery WBM unique prototypes,stable_inorganic_crystal_candidate,megnet_weak_learned_materials_model,MEGNet,quasi_prospective_public_DFT_label_followup,followup_partition_DFT_labels_used_only_after_PARC_decision,pre_release_top_score_DFT_stable_positives_in_calibration_blocks,composition_family_pair,0.1,0.1,500,10,certified_release,164.52842759729413,10.0,2.895700325712377,1.5721708204135822,38.46153846153846,3686,3686,3670,0.9956592512208355,1577,0.00027240533914464724,0.12182910242513326,164.52842759729413,500,130,370,130,102,6,96,6,0.204,0.046153846153846156,0.2594594594594595,0.046153846153846156,79.60000000000001,95.38461538461539,74.05405405405405,96,124,completed_quasi_prospective_public_DFT_label_trial
materials_discovery,Matbench Discovery WBM unique prototypes,stable_inorganic_crystal_candidate,megnet_weak_learned_materials_model,MEGNet,quasi_prospective_public_DFT_label_followup,followup_partition_DFT_labels_used_only_after_PARC_decision,pre_release_top_score_DFT_stable_positives_in_calibration_blocks,composition_family_pair,0.1,0.1,1000,10,certified_release,164.52842759729413,10.0,1.4478501628561884,50.8920639609305,113.63636363636363,3686,3686,3670,0.9956592512208355,1577,0.00027240533914464724,0.12182910242513326,164.52842759729413,1000,88,912,88,255,0,255,0,0.255,0.0,0.27960526315789475,0.0,74.5,100.0,72.03947368421053,255,88,completed_quasi_prospective_public_DFT_label_trial
materials_discovery,Matbench Discovery WBM unique prototypes,stable_inorganic_crystal_candidate,megnet_weak_learned_materials_model,MEGNet,quasi_prospective_public_DFT_label_followup,followup_partition_DFT_labels_used_only_after_PARC_decision,pre_release_top_score_DFT_stable_positives_in_calibration_blocks,composition_family_pair,0.1,0.1,5000,10,certified_refusal,164.52842759729413,10.0,0.2895700325712377,-9.039068042119538,10.006003602161297,3686,3686,3670,0.9956592512208355,1577,0.00027240533914464724,0.12182910242513326,164.52842759729413,5000,0,5000,0,2593,0,2593,0,0.5186,0.0,0.5186,0.0,48.14,0.0,48.14,2593,0,completed_quasi_prospective_public_DFT_label_trial
materials_discovery,Matbench Discovery WBM unique prototypes,stable_inorganic_crystal_candidate,megnet_weak_learned_materials_model,MEGNet,quasi_prospective_public_DFT_label_followup,followup_partition_DFT_labels_used_only_after_PARC_decision,pre_release_top_score_DFT_stable_positives_in_calibration_blocks,composition_family_pair,0.1,0.2,100,10,certified_release,164.52842759729413,5.0,28.95700325712377,57.697026845987004,5.0,3686,3686,3670,0.9956592512208355,1577,0.00027240533914464724,0.12182910242513326,164.52842759729413,100,100,0,100,4,4,0,4,0.04,0.04,0.0,0.04,96.0,96.0,0.0,0,96,completed_quasi_prospective_public_DFT_label_trial
materials_discovery,Matbench Discovery WBM unique prototypes,stable_inorganic_crystal_candidate,megnet_weak_learned_materials_model,MEGNet,quasi_prospective_public_DFT_label_followup,followup_partition_DFT_labels_used_only_after_PARC_decision,pre_release_top_score_DFT_stable_positives_in_calibration_blocks,composition_family_pair,0.1,0.2,300,10,certified_release,164.52842759729413,5.0,9.652334419041257,6.352890323873497,5.0,3686,3686,3670,0.9956592512208355,1577,0.00027240533914464724,0.12182910242513326,164.52842759729413,300,300,0,300,55,55,0,55,0.18333333333333332,0.18333333333333332,0.0,0.18333333333333332,81.66666666666667,81.66666666666667,0.0,0,245,completed_quasi_prospective_public_DFT_label_trial
materials_discovery,Matbench Discovery WBM unique prototypes,stable_inorganic_crystal_candidate,megnet_weak_learned_materials_model,MEGNet,quasi_prospective_public_DFT_label_followup,followup_partition_DFT_labels_used_only_after_PARC_decision,pre_release_top_score_DFT_stable_positives_in_calibration_blocks,composition_family_pair,0.1,0.2,500,10,boundary_release,164.52842759729413,5.0,5.791400651424754,1.308717785823939,5.0,3686,3686,3670,0.9956592512208355,1577,0.00027240533914464724,0.12182910242513326,164.52842759729413,500,500,0,500,102,102,0,102,0.204,0.204,0.0,0.204,79.60000000000001,79.60000000000001,0.0,0,398,completed_quasi_prospective_public_DFT_label_trial
materials_discovery,Matbench Discovery WBM unique prototypes,stable_inorganic_crystal_candidate,megnet_weak_learned_materials_model,MEGNet,quasi_prospective_public_DFT_label_followup,followup_partition_DFT_labels_used_only_after_PARC_decision,pre_release_top_score_DFT_stable_positives_in_calibration_blocks,composition_family_pair,0.1,0.2,1000,10,certified_release,164.52842759729413,5.0,2.895700325712377,1.5721708204135822,38.46153846153846,3686,3686,3670,0.9956592512208355,1577,0.00027240533914464724,0.12182910242513326,164.52842759729413,1000,130,870,130,255,6,249,6,0.255,0.046153846153846156,0.28620689655172415,0.046153846153846156,74.5,95.38461538461539,71.37931034482759,249,124,completed_quasi_prospective_public_DFT_label_trial
materials_discovery,Matbench Discovery WBM unique prototypes,stable_inorganic_crystal_candidate,megnet_weak_learned_materials_model,MEGNet,quasi_prospective_public_DFT_label_followup,followup_partition_DFT_labels_used_only_after_PARC_decision,pre_release_top_score_DFT_stable_positives_in_calibration_blocks,composition_family_pair,0.1,0.2,5000,10,certified_refusal,164.52842759729413,5.0,0.5791400651424754,-4.035153468401252,5.007009813739235,3686,3686,3670,0.9956592512208355,1577,0.00027240533914464724,0.12182910242513326,164.52842759729413,5000,0,5000,0,2593,0,2593,0,0.5186,0.0,0.5186,0.0,48.14,0.0,48.14,2593,0,completed_quasi_prospective_public_DFT_label_trial
materials_discovery,Matbench Discovery WBM unique prototypes,stable_inorganic_crystal_candidate,alignn_ff_modern_learned_materials_model,ALIGNN-FF,quasi_prospective_public_DFT_label_followup,followup_partition_DFT_labels_used_only_after_PARC_decision,pre_release_top_score_DFT_stable_positives_in_calibration_blocks,composition_family_pair,0.1,0.1,100,11,boundary_release,164.72520471273907,10.0,10.048237487477085,8.579443196078564,10.0,3686,3686,3675,0.9970157352143245,1675,0.0002720348204570185,0.12180890387917165,164.72520471273907,100,100,0,100,13,13,0,13,0.13,0.13,0.0,0.13,87.0,87.0,0.0,0,87,completed_quasi_prospective_public_DFT_label_trial
materials_discovery,Matbench Discovery WBM unique prototypes,stable_inorganic_crystal_candidate,alignn_ff_modern_learned_materials_model,ALIGNN-FF,quasi_prospective_public_DFT_label_followup,followup_partition_DFT_labels_used_only_after_PARC_decision,pre_release_top_score_DFT_stable_positives_in_calibration_blocks,composition_family_pair,0.1,0.1,300,11,boundary_release,164.72520471273907,10.0,3.349412495825695,12.171561895162213,36.58536585365853,3686,3686,3675,0.9970157352143245,1675,0.0002720348204570185,0.12180890387917165,164.72520471273907,300,82,218,82,91,9,82,9,0.30333333333333334,0.10975609756097561,0.3761467889908257,0.10975609756097561,69.66666666666667,89.02439024390245,62.38532110091744,82,73,completed_quasi_prospective_public_DFT_label_trial
materials_discovery,Matbench Discovery WBM unique prototypes,stable_inorganic_crystal_candidate,alignn_ff_modern_learned_materials_model,ALIGNN-FF,quasi_prospective_public_DFT_label_followup,followup_partition_DFT_labels_used_only_after_PARC_decision,pre_release_top_score_DFT_stable_positives_in_calibration_blocks,composition_family_pair,0.1,0.1,500,11,certified_release,164.72520471273907,10.0,2.009647497495417,11.493608026395535,78.125,3686,3686,3675,0.9970157352143245,1675,0.0002720348204570185,0.12180890387917165,164.72520471273907,500,64,436,64,193,3,190,3,0.386,0.046875,0.43577981651376146,0.046875,61.4,95.3125,56.42201834862385,190,61,completed_quasi_prospective_public_DFT_label_trial
materials_discovery,Matbench Discovery WBM unique prototypes,stable_inorganic_crystal_candidate,alignn_ff_modern_learned_materials_model,ALIGNN-FF,quasi_prospective_public_DFT_label_followup,followup_partition_DFT_labels_used_only_after_PARC_decision,pre_release_top_score_DFT_stable_positives_in_calibration_blocks,composition_family_pair,0.1,0.1,1000,11,certified_release,164.72520471273907,10.0,1.0048237487477085,0.7907784832308948,163.93442622950818,3686,3686,3675,0.9970157352143245,1675,0.0002720348204570185,0.12180890387917165,164.72520471273907,1000,61,939,61,432,1,431,1,0.432,0.01639344262295082,0.4589989350372737,0.01639344262295082,56.8,98.36065573770492,54.10010649627262,431,60,completed_quasi_prospective_public_DFT_label_trial
materials_discovery,Matbench Discovery WBM unique prototypes,stable_inorganic_crystal_candidate,alignn_ff_modern_learned_materials_model,ALIGNN-FF,quasi_prospective_public_DFT_label_followup,followup_partition_DFT_labels_used_only_after_PARC_decision,pre_release_top_score_DFT_stable_positives_in_calibration_blocks,composition_family_pair,0.1,0.1,5000,11,certified_refusal,164.72520471273907,10.0,0.2009647497495417,-9.46107781108413,10.0,3686,3686,3675,0.9970157352143245,1675,0.0002720348204570185,0.12180890387917165,164.72520471273907,5000,0,5000,0,2600,0,2600,0,0.52,0.0,0.52,0.0,48.0,0.0,48.0,2600,0,completed_quasi_prospective_public_DFT_label_trial
materials_discovery,Matbench Discovery WBM unique prototypes,stable_inorganic_crystal_candidate,alignn_ff_modern_learned_materials_model,ALIGNN-FF,quasi_prospective_public_DFT_label_followup,followup_partition_DFT_labels_used_only_after_PARC_decision,pre_release_top_score_DFT_stable_positives_in_calibration_blocks,composition_family_pair,0.1,0.2,100,11,certified_release,164.72520471273907,5.0,20.09647497495417,13.579443196078564,5.0,3686,3686,3675,0.9970157352143245,1675,0.0002720348204570185,0.12180890387917165,164.72520471273907,100,100,0,100,13,13,0,13,0.13,0.13,0.0,0.13,87.0,87.0,0.0,0,87,completed_quasi_prospective_public_DFT_label_trial
materials_discovery,Matbench Discovery WBM unique prototypes,stable_inorganic_crystal_candidate,alignn_ff_modern_learned_materials_model,ALIGNN-FF,quasi_prospective_public_DFT_label_followup,followup_partition_DFT_labels_used_only_after_PARC_decision,pre_release_top_score_DFT_stable_positives_in_calibration_blocks,composition_family_pair,0.1,0.2,300,11,boundary_release,164.72520471273907,5.0,6.69882499165139,0.8200075273417404,5.0,3686,3686,3675,0.9970157352143245,1675,0.0002720348204570185,0.12180890387917165,164.72520471273907,300,300,0,300,91,91,0,91,0.30333333333333334,0.30333333333333334,0.0,0.30333333333333334,69.66666666666667,69.66666666666667,0.0,0,209,completed_quasi_prospective_public_DFT_label_trial
materials_discovery,Matbench Discovery WBM unique prototypes,stable_inorganic_crystal_candidate,alignn_ff_modern_learned_materials_model,ALIGNN-FF,quasi_prospective_public_DFT_label_followup,followup_partition_DFT_labels_used_only_after_PARC_decision,pre_release_top_score_DFT_stable_positives_in_calibration_blocks,composition_family_pair,0.1,0.2,500,11,certified_release,164.72520471273907,5.0,4.019294994990834,18.269122870771966,30.487804878048777,3686,3686,3675,0.9970157352143245,1675,0.0002720348204570185,0.12180890387917165,164.72520471273907,500,82,418,82,193,9,184,9,0.386,0.10975609756097561,0.44019138755980863,0.10975609756097561,61.4,89.02439024390245,55.980861244019145,184,73,completed_quasi_prospective_public_DFT_label_trial
materials_discovery,Matbench Discovery WBM unique prototypes,stable_inorganic_crystal_candidate,alignn_ff_modern_learned_materials_model,ALIGNN-FF,quasi_prospective_public_DFT_label_followup,followup_partition_DFT_labels_used_only_after_PARC_decision,pre_release_top_score_DFT_stable_positives_in_calibration_blocks,composition_family_pair,0.1,0.2,1000,11,certified_release,164.72520471273907,5.0,2.009647497495417,11.493608026395535,78.125,3686,3686,3675,0.9970157352143245,1675,0.0002720348204570185,0.12180890387917165,164.72520471273907,1000,64,936,64,432,3,429,3,0.432,0.046875,0.4583333333333333,0.046875,56.8,95.3125,54.166666666666664,429,61,completed_quasi_prospective_public_DFT_label_trial
materials_discovery,Matbench Discovery WBM unique prototypes,stable_inorganic_crystal_candidate,alignn_ff_modern_learned_materials_model,ALIGNN-FF,quasi_prospective_public_DFT_label_followup,followup_partition_DFT_labels_used_only_after_PARC_decision,pre_release_top_score_DFT_stable_positives_in_calibration_blocks,composition_family_pair,0.1,0.2,5000,11,certified_refusal,164.72520471273907,5.0,0.4019294994990834,-4.461077811084129,5.0,3686,3686,3675,0.9970157352143245,1675,0.0002720348204570185,0.12180890387917165,164.72520471273907,5000,0,5000,0,2600,0,2600,0,0.52,0.0,0.52,0.0,48.0,0.0,48.0,2600,0,completed_quasi_prospective_public_DFT_label_trial
materials_discovery,Matbench Discovery WBM unique prototypes,stable_inorganic_crystal_candidate,cgcnn_ensemble_learned_materials_model,CGCNN 10-member ensemble,quasi_prospective_public_DFT_label_followup,followup_partition_DFT_labels_used_only_after_PARC_decision,pre_release_top_score_DFT_stable_positives_in_calibration_blocks,composition_family_pair,0.1,0.1,100,11,certified_release,164.52842759729413,10.0,11.187933076616002,30.033709281952042,10.0,3686,3686,3670,0.9956592512208355,1675,0.00027240533914464724,0.12182910242513326,164.52842759729413,100,100,0,100,4,4,0,4,0.04,0.04,0.0,0.04,96.0,96.0,0.0,0,96,completed_quasi_prospective_public_DFT_label_trial
materials_discovery,Matbench Discovery WBM unique prototypes,stable_inorganic_crystal_candidate,cgcnn_ensemble_learned_materials_model,CGCNN 10-member ensemble,quasi_prospective_public_DFT_label_followup,followup_partition_DFT_labels_used_only_after_PARC_decision,pre_release_top_score_DFT_stable_positives_in_calibration_blocks,composition_family_pair,0.1,0.1,300,11,certified_release,164.52842759729413,10.0,3.7293110255386677,0.04148011192900114,21.73913043478261,3686,3686,3670,0.9956592512208355,1675,0.00027240533914464724,0.12182910242513326,164.52842759729413,300,138,162,138,67,13,54,13,0.22333333333333333,0.09420289855072464,0.3333333333333333,0.09420289855072464,77.66666666666666,90.57971014492753,66.66666666666666,54,125,completed_quasi_prospective_public_DFT_label_trial
materials_discovery,Matbench Discovery WBM unique prototypes,stable_inorganic_crystal_candidate,cgcnn_ensemble_learned_materials_model,CGCNN 10-member ensemble,quasi_prospective_public_DFT_label_followup,followup_partition_DFT_labels_used_only_after_PARC_decision,pre_release_top_score_DFT_stable_positives_in_calibration_blocks,composition_family_pair,0.1,0.1,500,11,certified_release,164.52842759729413,10.0,2.2375866153232007,20.068360380139353,69.44444444444444,3686,3686,3670,0.9956592512208355,1675,0.00027240533914464724,0.12182910242513326,164.52842759729413,500,72,428,72,159,0,159,0,0.318,0.0,0.37149532710280375,0.0,68.2,100.0,62.850467289719624,159,72,completed_quasi_prospective_public_DFT_label_trial
materials_discovery,Matbench Discovery WBM unique prototypes,stable_inorganic_crystal_candidate,cgcnn_ensemble_learned_materials_model,CGCNN 10-member ensemble,quasi_prospective_public_DFT_label_followup,followup_partition_DFT_labels_used_only_after_PARC_decision,pre_release_top_score_DFT_stable_positives_in_calibration_blocks,composition_family_pair,0.1,0.1,1000,11,certified_release,164.52842759729413,10.0,1.1187933076616003,17.469604067882386,147.05882352941174,3686,3686,3670,0.9956592512208355,1675,0.00027240533914464724,0.12182910242513326,164.52842759729413,1000,68,932,68,409,0,409,0,0.409,0.0,0.4388412017167382,0.0,59.099999999999994,100.0,56.11587982832618,409,68,completed_quasi_prospective_public_DFT_label_trial
materials_discovery,Matbench Discovery WBM unique prototypes,stable_inorganic_crystal_candidate,cgcnn_ensemble_learned_materials_model,CGCNN 10-member ensemble,quasi_prospective_public_DFT_label_followup,followup_partition_DFT_labels_used_only_after_PARC_decision,pre_release_top_score_DFT_stable_positives_in_calibration_blocks,composition_family_pair,0.1,0.1,5000,11,certified_refusal,164.52842759729413,10.0,0.22375866153232005,-9.614910834842437,10.0,3686,3686,3670,0.9956592512208355,1675,0.00027240533914464724,0.12182910242513326,164.52842759729413,5000,0,5000,0,2067,0,2067,0,0.4134,0.0,0.4134,0.0,58.660000000000004,0.0,58.660000000000004,2067,0,completed_quasi_prospective_public_DFT_label_trial
materials_discovery,Matbench Discovery WBM unique prototypes,stable_inorganic_crystal_candidate,cgcnn_ensemble_learned_materials_model,CGCNN 10-member ensemble,quasi_prospective_public_DFT_label_followup,followup_partition_DFT_labels_used_only_after_PARC_decision,pre_release_top_score_DFT_stable_positives_in_calibration_blocks,composition_family_pair,0.1,0.2,100,11,certified_release,164.52842759729413,5.0,22.375866153232003,35.03370928195204,5.0,3686,3686,3670,0.9956592512208355,1675,0.00027240533914464724,0.12182910242513326,164.52842759729413,100,100,0,100,4,4,0,4,0.04,0.04,0.0,0.04,96.0,96.0,0.0,0,96,completed_quasi_prospective_public_DFT_label_trial
materials_discovery,Matbench Discovery WBM unique prototypes,stable_inorganic_crystal_candidate,cgcnn_ensemble_learned_materials_model,CGCNN 10-member ensemble,quasi_prospective_public_DFT_label_followup,followup_partition_DFT_labels_used_only_after_PARC_decision,pre_release_top_score_DFT_stable_positives_in_calibration_blocks,composition_family_pair,0.1,0.2,300,11,boundary_release,164.52842759729413,5.0,7.458622051077335,1.308717785823939,5.0,3686,3686,3670,0.9956592512208355,1675,0.00027240533914464724,0.12182910242513326,164.52842759729413,300,300,0,300,67,67,0,67,0.22333333333333333,0.22333333333333333,0.0,0.22333333333333333,77.66666666666666,77.66666666666666,0.0,0,233,completed_quasi_prospective_public_DFT_label_trial
materials_discovery,Matbench Discovery WBM unique prototypes,stable_inorganic_crystal_candidate,cgcnn_ensemble_learned_materials_model,CGCNN 10-member ensemble,quasi_prospective_public_DFT_label_followup,followup_partition_DFT_labels_used_only_after_PARC_decision,pre_release_top_score_DFT_stable_positives_in_calibration_blocks,composition_family_pair,0.1,0.2,500,11,certified_release,164.52842759729413,5.0,4.475173230646401,0.18292749631017458,16.025641025641026,3686,3686,3670,0.9956592512208355,1675,0.00027240533914464724,0.12182910242513326,164.52842759729413,500,156,344,156,159,18,141,18,0.318,0.11538461538461539,0.40988372093023256,0.11538461538461539,68.2,88.46153846153845,59.01162790697675,141,138,completed_quasi_prospective_public_DFT_label_trial
materials_discovery,Matbench Discovery WBM unique prototypes,stable_inorganic_crystal_candidate,cgcnn_ensemble_learned_materials_model,CGCNN 10-member ensemble,quasi_prospective_public_DFT_label_followup,followup_partition_DFT_labels_used_only_after_PARC_decision,pre_release_top_score_DFT_stable_positives_in_calibration_blocks,composition_family_pair,0.1,0.2,1000,11,certified_release,164.52842759729413,5.0,2.2375866153232007,20.068360380139353,69.44444444444444,3686,3686,3670,0.9956592512208355,1675,0.00027240533914464724,0.12182910242513326,164.52842759729413,1000,72,928,72,409,0,409,0,0.409,0.0,0.44073275862068967,0.0,59.099999999999994,100.0,55.92672413793104,409,72,completed_quasi_prospective_public_DFT_label_trial
materials_discovery,Matbench Discovery WBM unique prototypes,stable_inorganic_crystal_candidate,cgcnn_ensemble_learned_materials_model,CGCNN 10-member ensemble,quasi_prospective_public_DFT_label_followup,followup_partition_DFT_labels_used_only_after_PARC_decision,pre_release_top_score_DFT_stable_positives_in_calibration_blocks,composition_family_pair,0.1,0.2,5000,11,certified_refusal,164.52842759729413,5.0,0.4475173230646401,-4.614910834842437,5.0,3686,3686,3670,0.9956592512208355,1675,0.00027240533914464724,0.12182910242513326,164.52842759729413,5000,0,5000,0,2067,0,2067,0,0.4134,0.0,0.4134,0.0,58.660000000000004,0.0,58.660000000000004,2067,0,completed_quasi_prospective_public_DFT_label_trial
materials_discovery,Matbench Discovery WBM unique prototypes,stable_inorganic_crystal_candidate,megnet_weak_learned_materials_model,MEGNet,quasi_prospective_public_DFT_label_followup,followup_partition_DFT_labels_used_only_after_PARC_decision,pre_release_top_score_DFT_stable_positives_in_calibration_blocks,composition_family_pair,0.1,0.1,100,11,certified_release,164.88260618657026,10.0,10.717369402127067,24.18194641397028,10.0,3686,3686,3679,0.9981009224091155,1675,0.0002717391304347826,0.12179276962660952,164.88260618657026,100,100,0,100,5,5,0,5,0.05,0.05,0.0,0.05,95.0,95.0,0.0,0,95,completed_quasi_prospective_public_DFT_label_trial
materials_discovery,Matbench Discovery WBM unique prototypes,stable_inorganic_crystal_candidate,megnet_weak_learned_materials_model,MEGNet,quasi_prospective_public_DFT_label_followup,followup_partition_DFT_labels_used_only_after_PARC_decision,pre_release_top_score_DFT_stable_positives_in_calibration_blocks,composition_family_pair,0.1,0.1,300,11,certified_release,164.88260618657026,10.0,3.572456467375689,0.20563396588395833,19.86754966887417,3686,3686,3679,0.9981009224091155,1675,0.0002717391304347826,0.12179276962660952,164.88260618657026,300,151,149,151,68,15,53,15,0.22666666666666666,0.09933774834437085,0.35570469798657717,0.09933774834437085,77.33333333333333,90.06622516556291,64.42953020134227,53,136,completed_quasi_prospective_public_DFT_label_trial
materials_discovery,Matbench Discovery WBM unique prototypes,stable_inorganic_crystal_candidate,megnet_weak_learned_materials_model,MEGNet,quasi_prospective_public_DFT_label_followup,followup_partition_DFT_labels_used_only_after_PARC_decision,pre_release_top_score_DFT_stable_positives_in_calibration_blocks,composition_family_pair,0.1,0.1,500,11,certified_release,164.88260618657026,10.0,2.1434738804254136,6.011304317633609,56.81818181818181,3686,3686,3679,0.9981009224091155,1675,0.0002717391304347826,0.12179276962660952,164.88260618657026,500,88,412,88,124,4,120,4,0.248,0.045454545454545456,0.2912621359223301,0.045454545454545456,75.2,95.45454545454545,70.87378640776699,120,84,completed_quasi_prospective_public_DFT_label_trial
materials_discovery,Matbench Discovery WBM unique prototypes,stable_inorganic_crystal_candidate,megnet_weak_learned_materials_model,MEGNet,quasi_prospective_public_DFT_label_followup,followup_partition_DFT_labels_used_only_after_PARC_decision,pre_release_top_score_DFT_stable_positives_in_calibration_blocks,composition_family_pair,0.1,0.1,1000,11,certified_release,164.88260618657026,10.0,1.0717369402127068,11.036452340416417,153.84615384615384,3686,3686,3679,0.9981009224091155,1675,0.0002717391304347826,0.12179276962660952,164.88260618657026,1000,65,935,65,322,0,322,0,0.322,0.0,0.3443850267379679,0.0,67.80000000000001,100.0,65.56149732620321,322,65,completed_quasi_prospective_public_DFT_label_trial
materials_discovery,Matbench Discovery WBM unique prototypes,stable_inorganic_crystal_candidate,megnet_weak_learned_materials_model,MEGNet,quasi_prospective_public_DFT_label_followup,followup_partition_DFT_labels_used_only_after_PARC_decision,pre_release_top_score_DFT_stable_positives_in_calibration_blocks,composition_family_pair,0.1,0.1,5000,11,certified_refusal,164.88260618657026,10.0,0.21434738804254133,-9.400183337266947,10.0,3686,3686,3679,0.9981009224091155,1675,0.0002717391304347826,0.12179276962660952,164.88260618657026,5000,0,5000,0,2657,0,2657,0,0.5314,0.0,0.5314,0.0,46.86,0.0,46.86,2657,0,completed_quasi_prospective_public_DFT_label_trial
materials_discovery,Matbench Discovery WBM unique prototypes,stable_inorganic_crystal_candidate,megnet_weak_learned_materials_model,MEGNet,quasi_prospective_public_DFT_label_followup,followup_partition_DFT_labels_used_only_after_PARC_decision,pre_release_top_score_DFT_stable_positives_in_calibration_blocks,composition_family_pair,0.1,0.2,100,11,certified_release,164.88260618657026,5.0,21.434738804254135,29.18194641397028,5.0,3686,3686,3679,0.9981009224091155,1675,0.0002717391304347826,0.12179276962660952,164.88260618657026,100,100,0,100,5,5,0,5,0.05,0.05,0.0,0.05,95.0,95.0,0.0,0,95,completed_quasi_prospective_public_DFT_label_trial
materials_discovery,Matbench Discovery WBM unique prototypes,stable_inorganic_crystal_candidate,megnet_weak_learned_materials_model,MEGNet,quasi_prospective_public_DFT_label_followup,followup_partition_DFT_labels_used_only_after_PARC_decision,pre_release_top_score_DFT_stable_positives_in_calibration_blocks,composition_family_pair,0.1,0.2,300,11,boundary_release,164.88260618657026,5.0,7.144912934751378,2.2637873686169945,5.0,3686,3686,3679,0.9981009224091155,1675,0.0002717391304347826,0.12179276962660952,164.88260618657026,300,300,0,300,68,68,0,68,0.22666666666666666,0.22666666666666666,0.0,0.22666666666666666,77.33333333333333,77.33333333333333,0.0,0,232,completed_quasi_prospective_public_DFT_label_trial
materials_discovery,Matbench Discovery WBM unique prototypes,stable_inorganic_crystal_candidate,megnet_weak_learned_materials_model,MEGNet,quasi_prospective_public_DFT_label_followup,followup_partition_DFT_labels_used_only_after_PARC_decision,pre_release_top_score_DFT_stable_positives_in_calibration_blocks,composition_family_pair,0.1,0.2,500,11,certified_release,164.88260618657026,5.0,4.286947760850827,0.5728768025023445,11.848341232227487,3686,3686,3679,0.9981009224091155,1675,0.0002717391304347826,0.12179276962660952,164.88260618657026,500,211,289,211,124,38,86,38,0.248,0.18009478672985782,0.2975778546712803,0.18009478672985782,75.2,81.99052132701422,70.24221453287197,86,173,completed_quasi_prospective_public_DFT_label_trial
materials_discovery,Matbench Discovery WBM unique prototypes,stable_inorganic_crystal_candidate,megnet_weak_learned_materials_model,MEGNet,quasi_prospective_public_DFT_label_followup,followup_partition_DFT_labels_used_only_after_PARC_decision,pre_release_top_score_DFT_stable_positives_in_calibration_blocks,composition_family_pair,0.1,0.2,1000,11,certified_release,164.88260618657026,5.0,2.1434738804254136,6.011304317633609,56.81818181818181,3686,3686,3679,0.9981009224091155,1675,0.0002717391304347826,0.12179276962660952,164.88260618657026,1000,88,912,88,322,4,318,4,0.322,0.045454545454545456,0.34868421052631576,0.045454545454545456,67.80000000000001,95.45454545454545,65.13157894736842,318,84,completed_quasi_prospective_public_DFT_label_trial
materials_discovery,Matbench Discovery WBM unique prototypes,stable_inorganic_crystal_candidate,megnet_weak_learned_materials_model,MEGNet,quasi_prospective_public_DFT_label_followup,followup_partition_DFT_labels_used_only_after_PARC_decision,pre_release_top_score_DFT_stable_positives_in_calibration_blocks,composition_family_pair,0.1,0.2,5000,11,certified_refusal,164.88260618657026,5.0,0.42869477608508266,-4.400183337266947,5.0,3686,3686,3679,0.9981009224091155,1675,0.0002717391304347826,0.12179276962660952,164.88260618657026,5000,0,5000,0,2657,0,2657,0,0.5314,0.0,0.5314,0.0,46.86,0.0,46.86,2657,0,completed_quasi_prospective_public_DFT_label_trial
materials_discovery,Matbench Discovery WBM unique prototypes,stable_inorganic_crystal_candidate,alignn_ff_modern_learned_materials_model,ALIGNN-FF,quasi_prospective_public_DFT_label_followup,followup_partition_DFT_labels_used_only_after_PARC_decision,pre_release_top_score_DFT_stable_positives_in_calibration_blocks,composition_family_pair,0.1,0.1,100,12,boundary_release,164.6858515373797,10.0,10.375208646854924,11.800639359784864,10.0,3686,3686,3674,0.9967444384156267,1679,0.00027210884353741496,0.12181294085397648,164.6858515373797,100,100,0,100,13,13,0,13,0.13,0.13,0.0,0.13,87.0,87.0,0.0,0,87,completed_quasi_prospective_public_DFT_label_trial
materials_discovery,Matbench Discovery WBM unique prototypes,stable_inorganic_crystal_candidate,alignn_ff_modern_learned_materials_model,ALIGNN-FF,quasi_prospective_public_DFT_label_followup,followup_partition_DFT_labels_used_only_after_PARC_decision,pre_release_top_score_DFT_stable_positives_in_calibration_blocks,composition_family_pair,0.1,0.1,300,12,boundary_release,164.6858515373797,10.0,3.4584028822849744,1.884326483994812,32.25806451612903,3686,3686,3674,0.9967444384156267,1679,0.00027210884353741496,0.12181294085397648,164.6858515373797,300,93,207,93,77,11,66,11,0.25666666666666665,0.11827956989247312,0.3188405797101449,0.11827956989247312,74.33333333333333,88.17204301075269,68.11594202898551,66,82,completed_quasi_prospective_public_DFT_label_trial
materials_discovery,Matbench Discovery WBM unique prototypes,stable_inorganic_crystal_candidate,alignn_ff_modern_learned_materials_model,ALIGNN-FF,quasi_prospective_public_DFT_label_followup,followup_partition_DFT_labels_used_only_after_PARC_decision,pre_release_top_score_DFT_stable_positives_in_calibration_blocks,composition_family_pair,0.1,0.1,500,12,boundary_release,164.6858515373797,10.0,2.0750417293709846,7.200346742687962,55.55555555555556,3686,3686,3674,0.9967444384156267,1679,0.00027210884353741496,0.12181294085397648,164.6858515373797,500,90,410,90,166,11,155,11,0.332,0.12222222222222222,0.3780487804878049,0.12222222222222222,66.8,87.77777777777777,62.19512195121951,155,79,completed_quasi_prospective_public_DFT_label_trial
materials_discovery,Matbench Discovery WBM unique prototypes,stable_inorganic_crystal_candidate,alignn_ff_modern_learned_materials_model,ALIGNN-FF,quasi_prospective_public_DFT_label_followup,followup_partition_DFT_labels_used_only_after_PARC_decision,pre_release_top_score_DFT_stable_positives_in_calibration_blocks,composition_family_pair,0.1,0.1,1000,12,certified_release,164.6858515373797,10.0,1.0375208646854923,5.9556928072209985,158.7301587301587,3686,3686,3674,0.9967444384156267,1679,0.00027210884353741496,0.12181294085397648,164.6858515373797,1000,63,937,63,405,0,405,0,0.405,0.0,0.43223052294557096,0.0,59.5,100.0,56.77694770544291,405,63,completed_quasi_prospective_public_DFT_label_trial
materials_discovery,Matbench Discovery WBM unique prototypes,stable_inorganic_crystal_candidate,alignn_ff_modern_learned_materials_model,ALIGNN-FF,quasi_prospective_public_DFT_label_followup,followup_partition_DFT_labels_used_only_after_PARC_decision,pre_release_top_score_DFT_stable_positives_in_calibration_blocks,composition_family_pair,0.1,0.1,5000,12,certified_refusal,164.6858515373797,10.0,0.20750417293709847,-9.436982681573816,10.0,3686,3686,3674,0.9967444384156267,1679,0.00027210884353741496,0.12181294085397648,164.6858515373797,5000,0,5000,0,2670,0,2670,0,0.534,0.0,0.534,0.0,46.6,0.0,46.6,2670,0,completed_quasi_prospective_public_DFT_label_trial
materials_discovery,Matbench Discovery WBM unique prototypes,stable_inorganic_crystal_candidate,alignn_ff_modern_learned_materials_model,ALIGNN-FF,quasi_prospective_public_DFT_label_followup,followup_partition_DFT_labels_used_only_after_PARC_decision,pre_release_top_score_DFT_stable_positives_in_calibration_blocks,composition_family_pair,0.1,0.2,100,12,certified_release,164.6858515373797,5.0,20.750417293709848,16.800639359784864,5.0,3686,3686,3674,0.9967444384156267,1679,0.00027210884353741496,0.12181294085397648,164.6858515373797,100,100,0,100,13,13,0,13,0.13,0.13,0.0,0.13,87.0,87.0,0.0,0,87,completed_quasi_prospective_public_DFT_label_trial
materials_discovery,Matbench Discovery WBM unique prototypes,stable_inorganic_crystal_candidate,alignn_ff_modern_learned_materials_model,ALIGNN-FF,quasi_prospective_public_DFT_label_followup,followup_partition_DFT_labels_used_only_after_PARC_decision,pre_release_top_score_DFT_stable_positives_in_calibration_blocks,composition_family_pair,0.1,0.2,300,12,boundary_release,164.6858515373797,5.0,6.916805764569949,1.1821532858004922,5.0,3686,3686,3674,0.9967444384156267,1679,0.00027210884353741496,0.12181294085397648,164.6858515373797,300,300,0,300,77,77,0,77,0.25666666666666665,0.25666666666666665,0.0,0.25666666666666665,74.33333333333333,74.33333333333333,0.0,0,223,completed_quasi_prospective_public_DFT_label_trial
materials_discovery,Matbench Discovery WBM unique prototypes,stable_inorganic_crystal_candidate,alignn_ff_modern_learned_materials_model,ALIGNN-FF,quasi_prospective_public_DFT_label_followup,followup_partition_DFT_labels_used_only_after_PARC_decision,pre_release_top_score_DFT_stable_positives_in_calibration_blocks,composition_family_pair,0.1,0.2,500,12,certified_release,164.6858515373797,5.0,4.150083458741969,3.5038320696040515,26.31578947368421,3686,3686,3674,0.9967444384156267,1679,0.00027210884353741496,0.12181294085397648,164.6858515373797,500,95,405,95,166,12,154,12,0.332,0.12631578947368421,0.3802469135802469,0.12631578947368421,66.8,87.36842105263159,61.97530864197531,154,83,completed_quasi_prospective_public_DFT_label_trial
materials_discovery,Matbench Discovery WBM unique prototypes,stable_inorganic_crystal_candidate,alignn_ff_modern_learned_materials_model,ALIGNN-FF,quasi_prospective_public_DFT_label_followup,followup_partition_DFT_labels_used_only_after_PARC_decision,pre_release_top_score_DFT_stable_positives_in_calibration_blocks,composition_family_pair,0.1,0.2,1000,12,certified_release,164.6858515373797,5.0,2.0750417293709846,7.200346742687962,55.55555555555556,3686,3686,3674,0.9967444384156267,1679,0.00027210884353741496,0.12181294085397648,164.6858515373797,1000,90,910,90,405,11,394,11,0.405,0.12222222222222222,0.432967032967033,0.12222222222222222,59.5,87.77777777777777,56.7032967032967,394,79,completed_quasi_prospective_public_DFT_label_trial
materials_discovery,Matbench Discovery WBM unique prototypes,stable_inorganic_crystal_candidate,alignn_ff_modern_learned_materials_model,ALIGNN-FF,quasi_prospective_public_DFT_label_followup,followup_partition_DFT_labels_used_only_after_PARC_decision,pre_release_top_score_DFT_stable_positives_in_calibration_blocks,composition_family_pair,0.1,0.2,5000,12,certified_refusal,164.6858515373797,5.0,0.41500834587419694,-4.4369826815738165,5.0,3686,3686,3674,0.9967444384156267,1679,0.00027210884353741496,0.12181294085397648,164.6858515373797,5000,0,5000,0,2670,0,2670,0,0.534,0.0,0.534,0.0,46.6,0.0,46.6,2670,0,completed_quasi_prospective_public_DFT_label_trial
materials_discovery,Matbench Discovery WBM unique prototypes,stable_inorganic_crystal_candidate,cgcnn_ensemble_learned_materials_model,CGCNN 10-member ensemble,quasi_prospective_public_DFT_label_followup,followup_partition_DFT_labels_used_only_after_PARC_decision,pre_release_top_score_DFT_stable_positives_in_calibration_blocks,composition_family_pair,0.1,0.1,100,12,certified_release,164.44970887890037,10.0,14.14267496358543,79.47047902070184,10.0,3686,3686,3668,0.99511665762344,1679,0.0002725538293813028,0.12183719142570042,164.44970887890037,100,100,0,100,6,6,0,6,0.06,0.06,0.0,0.06,94.0,94.0,0.0,0,94,completed_quasi_prospective_public_DFT_label_trial
materials_discovery,Matbench Discovery WBM unique prototypes,stable_inorganic_crystal_candidate,cgcnn_ensemble_learned_materials_model,CGCNN 10-member ensemble,quasi_prospective_public_DFT_label_followup,followup_partition_DFT_labels_used_only_after_PARC_decision,pre_release_top_score_DFT_stable_positives_in_calibration_blocks,composition_family_pair,0.1,0.1,300,12,boundary_release,164.44970887890037,10.0,4.71422498786181,1.0809399158583872,20.689655172413794,3686,3686,3668,0.99511665762344,1679,0.0002725538293813028,0.12183719142570042,164.44970887890037,300,145,155,145,84,17,67,17,0.28,0.11724137931034483,0.432258064516129,0.11724137931034483,72.0,88.27586206896552,56.774193548387096,67,128,completed_quasi_prospective_public_DFT_label_trial
materials_discovery,Matbench Discovery WBM unique prototypes,stable_inorganic_crystal_candidate,cgcnn_ensemble_learned_materials_model,CGCNN 10-member ensemble,quasi_prospective_public_DFT_label_followup,followup_partition_DFT_labels_used_only_after_PARC_decision,pre_release_top_score_DFT_stable_positives_in_calibration_blocks,composition_family_pair,0.1,0.1,500,12,certified_release,164.44970887890037,10.0,2.8285349927170857,1.255386151476607,38.75968992248062,3686,3686,3668,0.99511665762344,1679,0.0002725538293813028,0.12183719142570042,164.44970887890037,500,129,371,129,187,12,175,12,0.374,0.09302325581395349,0.4716981132075472,0.09302325581395349,62.6,90.69767441860465,52.83018867924528,175,117,completed_quasi_prospective_public_DFT_label_trial
materials_discovery,Matbench Discovery WBM unique prototypes,stable_inorganic_crystal_candidate,cgcnn_ensemble_learned_materials_model,CGCNN 10-member ensemble,quasi_prospective_public_DFT_label_followup,followup_partition_DFT_labels_used_only_after_PARC_decision,pre_release_top_score_DFT_stable_positives_in_calibration_blocks,composition_family_pair,0.1,0.1,1000,12,certified_release,164.44970887890037,10.0,1.4142674963585429,5.436865575323694,84.03361344537815,3686,3686,3668,0.99511665762344,1679,0.0002725538293813028,0.12183719142570042,164.44970887890037,1000,119,881,119,443,9,434,9,0.443,0.07563025210084033,0.492622020431328,0.07563025210084033,55.7,92.43697478991596,50.73779795686719,434,110,completed_quasi_prospective_public_DFT_label_trial
materials_discovery,Matbench Discovery WBM unique prototypes,stable_inorganic_crystal_candidate,cgcnn_ensemble_learned_materials_model,CGCNN 10-member ensemble,quasi_prospective_public_DFT_label_followup,followup_partition_DFT_labels_used_only_after_PARC_decision,pre_release_top_score_DFT_stable_positives_in_calibration_blocks,composition_family_pair,0.1,0.1,5000,12,certified_refusal,164.44970887890037,10.0,0.2828534992717086,-9.617784575208415,10.0,3686,3686,3668,0.99511665762344,1679,0.0002725538293813028,0.12183719142570042,164.44970887890037,5000,0,5000,0,2123,0,2123,0,0.4246,0.0,0.4246,0.0,57.54,0.0,57.54,2123,0,completed_quasi_prospective_public_DFT_label_trial
materials_discovery,Matbench Discovery WBM unique prototypes,stable_inorganic_crystal_candidate,cgcnn_ensemble_learned_materials_model,CGCNN 10-member ensemble,quasi_prospective_public_DFT_label_followup,followup_partition_DFT_labels_used_only_after_PARC_decision,pre_release_top_score_DFT_stable_positives_in_calibration_blocks,composition_family_pair,0.1,0.2,100,12,certified_release,164.44970887890037,5.0,28.28534992717086,84.47047902070184,5.0,3686,3686,3668,0.99511665762344,1679,0.0002725538293813028,0.12183719142570042,164.44970887890037,100,100,0,100,6,6,0,6,0.06,0.06,0.0,0.06,94.0,94.0,0.0,0,94,completed_quasi_prospective_public_DFT_label_trial
materials_discovery,Matbench Discovery WBM unique prototypes,stable_inorganic_crystal_candidate,cgcnn_ensemble_learned_materials_model,CGCNN 10-member ensemble,quasi_prospective_public_DFT_label_followup,followup_partition_DFT_labels_used_only_after_PARC_decision,pre_release_top_score_DFT_stable_positives_in_calibration_blocks,composition_family_pair,0.1,0.2,300,12,boundary_release,164.44970887890037,5.0,9.42844997572362,1.1738482867282851,5.0,3686,3686,3668,0.99511665762344,1679,0.0002725538293813028,0.12183719142570042,164.44970887890037,300,300,0,300,84,84,0,84,0.28,0.28,0.0,0.28,72.0,72.0,0.0,0,216,completed_quasi_prospective_public_DFT_label_trial
materials_discovery,Matbench Discovery WBM unique prototypes,stable_inorganic_crystal_candidate,cgcnn_ensemble_learned_materials_model,CGCNN 10-member ensemble,quasi_prospective_public_DFT_label_followup,followup_partition_DFT_labels_used_only_after_PARC_decision,pre_release_top_score_DFT_stable_positives_in_calibration_blocks,composition_family_pair,0.1,0.2,500,12,boundary_release,164.44970887890037,5.0,5.6570699854341715,0.2376000425130531,12.755102040816325,3686,3686,3668,0.99511665762344,1679,0.0002725538293813028,0.12183719142570042,164.44970887890037,500,196,304,196,187,42,145,42,0.374,0.21428571428571427,0.4769736842105263,0.21428571428571427,62.6,78.57142857142857,52.30263157894737,145,154,completed_quasi_prospective_public_DFT_label_trial
materials_discovery,Matbench Discovery WBM unique prototypes,stable_inorganic_crystal_candidate,cgcnn_ensemble_learned_materials_model,CGCNN 10-member ensemble,quasi_prospective_public_DFT_label_followup,followup_partition_DFT_labels_used_only_after_PARC_decision,pre_release_top_score_DFT_stable_positives_in_calibration_blocks,composition_family_pair,0.1,0.2,1000,12,certified_release,164.44970887890037,5.0,2.8285349927170857,1.255386151476607,38.75968992248062,3686,3686,3668,0.99511665762344,1679,0.0002725538293813028,0.12183719142570042,164.44970887890037,1000,129,871,129,443,12,431,12,0.443,0.09302325581395349,0.49483352468427094,0.09302325581395349,55.7,90.69767441860465,50.5166475315729,431,117,completed_quasi_prospective_public_DFT_label_trial
materials_discovery,Matbench Discovery WBM unique prototypes,stable_inorganic_crystal_candidate,cgcnn_ensemble_learned_materials_model,CGCNN 10-member ensemble,quasi_prospective_public_DFT_label_followup,followup_partition_DFT_labels_used_only_after_PARC_decision,pre_release_top_score_DFT_stable_positives_in_calibration_blocks,composition_family_pair,0.1,0.2,5000,12,certified_refusal,164.44970887890037,5.0,0.5657069985434172,-4.617784575208415,5.0,3686,3686,3668,0.99511665762344,1679,0.0002725538293813028,0.12183719142570042,164.44970887890037,5000,0,5000,0,2123,0,2123,0,0.4246,0.0,0.4246,0.0,57.54,0.0,57.54,2123,0,completed_quasi_prospective_public_DFT_label_trial
materials_discovery,Matbench Discovery WBM unique prototypes,stable_inorganic_crystal_candidate,megnet_weak_learned_materials_model,MEGNet,quasi_prospective_public_DFT_label_followup,followup_partition_DFT_labels_used_only_after_PARC_decision,pre_release_top_score_DFT_stable_positives_in_calibration_blocks,composition_family_pair,0.1,0.1,100,12,certified_release,164.80390769444054,10.0,11.371469630916398,30.098915800162686,10.0,3686,3686,3677,0.99755832881172,1679,0.0002718868950516585,0.1218008340252418,164.80390769444054,100,100,0,100,5,5,0,5,0.05,0.05,0.0,0.05,95.0,95.0,0.0,0,95,completed_quasi_prospective_public_DFT_label_trial
materials_discovery,Matbench Discovery WBM unique prototypes,stable_inorganic_crystal_candidate,megnet_weak_learned_materials_model,MEGNet,quasi_prospective_public_DFT_label_followup,followup_partition_DFT_labels_used_only_after_PARC_decision,pre_release_top_score_DFT_stable_positives_in_calibration_blocks,composition_family_pair,0.1,0.1,300,12,boundary_release,164.80390769444054,10.0,3.7904898769721322,0.6595356844219502,16.666666666666668,3686,3686,3677,0.99755832881172,1679,0.0002718868950516585,0.1218008340252418,164.80390769444054,300,180,120,180,57,24,33,24,0.19,0.13333333333333333,0.275,0.13333333333333333,81.0,86.66666666666667,72.5,33,156,completed_quasi_prospective_public_DFT_label_trial
materials_discovery,Matbench Discovery WBM unique prototypes,stable_inorganic_crystal_candidate,megnet_weak_learned_materials_model,MEGNet,quasi_prospective_public_DFT_label_followup,followup_partition_DFT_labels_used_only_after_PARC_decision,pre_release_top_score_DFT_stable_positives_in_calibration_blocks,composition_family_pair,0.1,0.1,500,12,certified_release,164.80390769444054,10.0,2.2742939261832795,92.34013957849851,72.46376811594203,3686,3686,3677,0.99755832881172,1679,0.0002718868950516585,0.1218008340252418,164.80390769444054,500,69,431,69,116,0,116,0,0.232,0.0,0.2691415313225058,0.0,76.8,100.0,73.08584686774941,116,69,completed_quasi_prospective_public_DFT_label_trial
materials_discovery,Matbench Discovery WBM unique prototypes,stable_inorganic_crystal_candidate,megnet_weak_learned_materials_model,MEGNet,quasi_prospective_public_DFT_label_followup,followup_partition_DFT_labels_used_only_after_PARC_decision,pre_release_top_score_DFT_stable_positives_in_calibration_blocks,composition_family_pair,0.1,0.1,1000,12,certified_release,164.80390769444054,10.0,1.1371469630916398,19.876371462556477,144.92753623188406,3686,3686,3677,0.99755832881172,1679,0.0002718868950516585,0.1218008340252418,164.80390769444054,1000,69,931,69,283,0,283,0,0.283,0.0,0.3039742212674543,0.0,71.7,100.0,69.60257787325457,283,69,completed_quasi_prospective_public_DFT_label_trial
materials_discovery,Matbench Discovery WBM unique prototypes,stable_inorganic_crystal_candidate,megnet_weak_learned_materials_model,MEGNet,quasi_prospective_public_DFT_label_followup,followup_partition_DFT_labels_used_only_after_PARC_decision,pre_release_top_score_DFT_stable_positives_in_calibration_blocks,composition_family_pair,0.1,0.1,5000,12,certified_refusal,164.80390769444054,10.0,0.22742939261832792,-9.32114716824347,10.0,3686,3686,3677,0.99755832881172,1679,0.0002718868950516585,0.1218008340252418,164.80390769444054,5000,0,5000,0,2714,0,2714,0,0.5428,0.0,0.5428,0.0,45.72,0.0,45.72,2714,0,completed_quasi_prospective_public_DFT_label_trial
materials_discovery,Matbench Discovery WBM unique prototypes,stable_inorganic_crystal_candidate,megnet_weak_learned_materials_model,MEGNet,quasi_prospective_public_DFT_label_followup,followup_partition_DFT_labels_used_only_after_PARC_decision,pre_release_top_score_DFT_stable_positives_in_calibration_blocks,composition_family_pair,0.1,0.2,100,12,certified_release,164.80390769444054,5.0,22.742939261832795,35.098915800162686,5.0,3686,3686,3677,0.99755832881172,1679,0.0002718868950516585,0.1218008340252418,164.80390769444054,100,100,0,100,5,5,0,5,0.05,0.05,0.0,0.05,95.0,95.0,0.0,0,95,completed_quasi_prospective_public_DFT_label_trial
materials_discovery,Matbench Discovery WBM unique prototypes,stable_inorganic_crystal_candidate,megnet_weak_learned_materials_model,MEGNet,quasi_prospective_public_DFT_label_followup,followup_partition_DFT_labels_used_only_after_PARC_decision,pre_release_top_score_DFT_stable_positives_in_calibration_blocks,composition_family_pair,0.1,0.2,300,12,certified_release,164.80390769444054,5.0,7.5809797539442645,2.6455693080101756,5.0,3686,3686,3677,0.99755832881172,1679,0.0002718868950516585,0.1218008340252418,164.80390769444054,300,300,0,300,57,57,0,57,0.19,0.19,0.0,0.19,81.0,81.0,0.0,0,243,completed_quasi_prospective_public_DFT_label_trial
materials_discovery,Matbench Discovery WBM unique prototypes,stable_inorganic_crystal_candidate,megnet_weak_learned_materials_model,MEGNet,quasi_prospective_public_DFT_label_followup,followup_partition_DFT_labels_used_only_after_PARC_decision,pre_release_top_score_DFT_stable_positives_in_calibration_blocks,composition_family_pair,0.1,0.2,500,12,boundary_release,164.80390769444054,5.0,4.548587852366559,0.043242769206355725,5.0,3686,3686,3677,0.99755832881172,1679,0.0002718868950516585,0.1218008340252418,164.80390769444054,500,500,0,500,116,116,0,116,0.232,0.232,0.0,0.232,76.8,76.8,0.0,0,384,completed_quasi_prospective_public_DFT_label_trial
materials_discovery,Matbench Discovery WBM unique prototypes,stable_inorganic_crystal_candidate,megnet_weak_learned_materials_model,MEGNet,quasi_prospective_public_DFT_label_followup,followup_partition_DFT_labels_used_only_after_PARC_decision,pre_release_top_score_DFT_stable_positives_in_calibration_blocks,composition_family_pair,0.1,0.2,1000,12,certified_release,164.80390769444054,5.0,2.2742939261832795,92.34013957849851,72.46376811594203,3686,3686,3677,0.99755832881172,1679,0.0002718868950516585,0.1218008340252418,164.80390769444054,1000,69,931,69,283,0,283,0,0.283,0.0,0.3039742212674543,0.0,71.7,100.0,69.60257787325457,283,69,completed_quasi_prospective_public_DFT_label_trial
materials_discovery,Matbench Discovery WBM unique prototypes,stable_inorganic_crystal_candidate,megnet_weak_learned_materials_model,MEGNet,quasi_prospective_public_DFT_label_followup,followup_partition_DFT_labels_used_only_after_PARC_decision,pre_release_top_score_DFT_stable_positives_in_calibration_blocks,composition_family_pair,0.1,0.2,5000,12,certified_refusal,164.80390769444054,5.0,0.45485878523665585,-4.321147168243471,5.0,3686,3686,3677,0.99755832881172,1679,0.0002718868950516585,0.1218008340252418,164.80390769444054,5000,0,5000,0,2714,0,2714,0,0.5428,0.0,0.5428,0.0,45.72,0.0,45.72,2714,0,completed_quasi_prospective_public_DFT_label_trial
materials_discovery,Matbench Discovery WBM unique prototypes,stable_inorganic_crystal_candidate,alignn_ff_modern_learned_materials_model,ALIGNN-FF,quasi_prospective_public_DFT_label_followup,followup_partition_DFT_labels_used_only_after_PARC_decision,pre_release_top_score_DFT_stable_positives_in_calibration_blocks,composition_family_pair,0.1,0.1,100,13,certified_release,164.44970887890037,10.0,12.333728165917528,24.09491573781566,10.0,3686,3686,3668,0.99511665762344,1642,0.0002725538293813028,0.12183719142570042,164.44970887890037,100,100,0,100,3,3,0,3,0.03,0.03,0.0,0.03,97.0,97.0,0.0,0,97,completed_quasi_prospective_public_DFT_label_trial
materials_discovery,Matbench Discovery WBM unique prototypes,stable_inorganic_crystal_candidate,alignn_ff_modern_learned_materials_model,ALIGNN-FF,quasi_prospective_public_DFT_label_followup,followup_partition_DFT_labels_used_only_after_PARC_decision,pre_release_top_score_DFT_stable_positives_in_calibration_blocks,composition_family_pair,0.1,0.1,300,13,certified_release,164.44970887890037,10.0,4.111242721972509,0.07149368966067016,23.809523809523807,3686,3686,3668,0.99511665762344,1642,0.0002725538293813028,0.12183719142570042,164.44970887890037,300,126,174,126,58,6,52,6,0.19333333333333333,0.047619047619047616,0.2988505747126437,0.047619047619047616,80.66666666666666,95.23809523809523,70.11494252873564,52,120,completed_quasi_prospective_public_DFT_label_trial
materials_discovery,Matbench Discovery WBM unique prototypes,stable_inorganic_crystal_candidate,alignn_ff_modern_learned_materials_model,ALIGNN-FF,quasi_prospective_public_DFT_label_followup,followup_partition_DFT_labels_used_only_after_PARC_decision,pre_release_top_score_DFT_stable_positives_in_calibration_blocks,composition_family_pair,0.1,0.1,500,13,certified_release,164.44970887890037,10.0,2.4667456331835056,4.528051438657975,58.139534883720934,3686,3686,3668,0.99511665762344,1642,0.0002725538293813028,0.12183719142570042,164.44970887890037,500,86,414,86,141,1,140,1,0.282,0.011627906976744186,0.33816425120772947,0.011627906976744186,71.8,98.83720930232558,66.18357487922705,140,85,completed_quasi_prospective_public_DFT_label_trial
materials_discovery,Matbench Discovery WBM unique prototypes,stable_inorganic_crystal_candidate,alignn_ff_modern_learned_materials_model,ALIGNN-FF,quasi_prospective_public_DFT_label_followup,followup_partition_DFT_labels_used_only_after_PARC_decision,pre_release_top_score_DFT_stable_positives_in_calibration_blocks,composition_family_pair,0.1,0.1,1000,13,certified_release,164.44970887890037,10.0,1.2333728165917528,31.116375545567024,133.33333333333334,3686,3686,3668,0.99511665762344,1642,0.0002725538293813028,0.12183719142570042,164.44970887890037,1000,75,925,75,358,0,358,0,0.358,0.0,0.387027027027027,0.0,64.2,100.0,61.29729729729729,358,75,completed_quasi_prospective_public_DFT_label_trial
materials_discovery,Matbench Discovery WBM unique prototypes,stable_inorganic_crystal_candidate,alignn_ff_modern_learned_materials_model,ALIGNN-FF,quasi_prospective_public_DFT_label_followup,followup_partition_DFT_labels_used_only_after_PARC_decision,pre_release_top_score_DFT_stable_positives_in_calibration_blocks,composition_family_pair,0.1,0.1,5000,13,certified_refusal,164.44970887890037,10.0,0.24667456331835055,-9.399828050371426,10.0,3686,3686,3668,0.99511665762344,1642,0.0002725538293813028,0.12183719142570042,164.44970887890037,5000,0,5000,0,2543,0,2543,0,0.5086,0.0,0.5086,0.0,49.14,0.0,49.14,2543,0,completed_quasi_prospective_public_DFT_label_trial
materials_discovery,Matbench Discovery WBM unique prototypes,stable_inorganic_crystal_candidate,alignn_ff_modern_learned_materials_model,ALIGNN-FF,quasi_prospective_public_DFT_label_followup,followup_partition_DFT_labels_used_only_after_PARC_decision,pre_release_top_score_DFT_stable_positives_in_calibration_blocks,composition_family_pair,0.1,0.2,100,13,certified_release,164.44970887890037,5.0,24.667456331835055,29.09491573781566,5.0,3686,3686,3668,0.99511665762344,1642,0.0002725538293813028,0.12183719142570042,164.44970887890037,100,100,0,100,3,3,0,3,0.03,0.03,0.0,0.03,97.0,97.0,0.0,0,97,completed_quasi_prospective_public_DFT_label_trial
materials_discovery,Matbench Discovery WBM unique prototypes,stable_inorganic_crystal_candidate,alignn_ff_modern_learned_materials_model,ALIGNN-FF,quasi_prospective_public_DFT_label_followup,followup_partition_DFT_labels_used_only_after_PARC_decision,pre_release_top_score_DFT_stable_positives_in_calibration_blocks,composition_family_pair,0.1,0.2,300,13,certified_release,164.44970887890037,5.0,8.222485443945018,3.060736699489505,5.0,3686,3686,3668,0.99511665762344,1642,0.0002725538293813028,0.12183719142570042,164.44970887890037,300,300,0,300,58,58,0,58,0.19333333333333333,0.19333333333333333,0.0,0.19333333333333333,80.66666666666666,80.66666666666666,0.0,0,242,completed_quasi_prospective_public_DFT_label_trial
materials_discovery,Matbench Discovery WBM unique prototypes,stable_inorganic_crystal_candidate,alignn_ff_modern_learned_materials_model,ALIGNN-FF,quasi_prospective_public_DFT_label_followup,followup_partition_DFT_labels_used_only_after_PARC_decision,pre_release_top_score_DFT_stable_positives_in_calibration_blocks,composition_family_pair,0.1,0.2,500,13,certified_release,164.44970887890037,5.0,4.933491266367011,0.07351625220516045,7.987220447284344,3686,3686,3668,0.99511665762344,1642,0.0002725538293813028,0.12183719142570042,164.44970887890037,500,313,187,313,141,61,80,61,0.282,0.19488817891373802,0.42780748663101603,0.19488817891373802,71.8,80.5111821086262,57.21925133689839,80,252,completed_quasi_prospective_public_DFT_label_trial
materials_discovery,Matbench Discovery WBM unique prototypes,stable_inorganic_crystal_candidate,alignn_ff_modern_learned_materials_model,ALIGNN-FF,quasi_prospective_public_DFT_label_followup,followup_partition_DFT_labels_used_only_after_PARC_decision,pre_release_top_score_DFT_stable_positives_in_calibration_blocks,composition_family_pair,0.1,0.2,1000,13,certified_release,164.44970887890037,5.0,2.4667456331835056,4.528051438657975,58.139534883720934,3686,3686,3668,0.99511665762344,1642,0.0002725538293813028,0.12183719142570042,164.44970887890037,1000,86,914,86,358,1,357,1,0.358,0.011627906976744186,0.39059080962800874,0.011627906976744186,64.2,98.83720930232558,60.94091903719912,357,85,completed_quasi_prospective_public_DFT_label_trial
materials_discovery,Matbench Discovery WBM unique prototypes,stable_inorganic_crystal_candidate,alignn_ff_modern_learned_materials_model,ALIGNN-FF,quasi_prospective_public_DFT_label_followup,followup_partition_DFT_labels_used_only_after_PARC_decision,pre_release_top_score_DFT_stable_positives_in_calibration_blocks,composition_family_pair,0.1,0.2,5000,13,certified_refusal,164.44970887890037,5.0,0.4933491266367011,-4.399828050371426,5.0,3686,3686,3668,0.99511665762344,1642,0.0002725538293813028,0.12183719142570042,164.44970887890037,5000,0,5000,0,2543,0,2543,0,0.5086,0.0,0.5086,0.0,49.14,0.0,49.14,2543,0,completed_quasi_prospective_public_DFT_label_trial
materials_discovery,Matbench Discovery WBM unique prototypes,stable_inorganic_crystal_candidate,cgcnn_ensemble_learned_materials_model,CGCNN 10-member ensemble,quasi_prospective_public_DFT_label_followup,followup_partition_DFT_labels_used_only_after_PARC_decision,pre_release_top_score_DFT_stable_positives_in_calibration_blocks,composition_family_pair,0.1,0.1,100,13,certified_release,164.3316223575627,10.0,15.11850925689577,79.40698546328146,10.0,3686,3686,3665,0.9943027672273467,1642,0.00027277686852154935,0.12184933521433633,164.3316223575627,100,100,0,100,0,0,0,0,0.0,0.0,0.0,0.0,100.0,100.0,0.0,0,100,completed_quasi_prospective_public_DFT_label_trial
materials_discovery,Matbench Discovery WBM unique prototypes,stable_inorganic_crystal_candidate,cgcnn_ensemble_learned_materials_model,CGCNN 10-member ensemble,quasi_prospective_public_DFT_label_followup,followup_partition_DFT_labels_used_only_after_PARC_decision,pre_release_top_score_DFT_stable_positives_in_calibration_blocks,composition_family_pair,0.1,0.1,300,13,certified_release,164.3316223575627,10.0,5.039503085631924,1.190044645677638,15.0,3686,3686,3665,0.9943027672273467,1642,0.00027277686852154935,0.12184933521433633,164.3316223575627,300,200,100,200,53,19,34,19,0.17666666666666667,0.095,0.34,0.095,82.33333333333334,90.5,66.0,34,181,completed_quasi_prospective_public_DFT_label_trial
materials_discovery,Matbench Discovery WBM unique prototypes,stable_inorganic_crystal_candidate,cgcnn_ensemble_learned_materials_model,CGCNN 10-member ensemble,quasi_prospective_public_DFT_label_followup,followup_partition_DFT_labels_used_only_after_PARC_decision,pre_release_top_score_DFT_stable_positives_in_calibration_blocks,composition_family_pair,0.1,0.1,500,13,certified_release,164.3316223575627,10.0,3.0237018513791543,4.309269753163939,29.76190476190476,3686,3686,3665,0.9943027672273467,1642,0.00027277686852154935,0.12184933521433633,164.3316223575627,500,168,332,168,131,7,124,7,0.262,0.041666666666666664,0.37349397590361444,0.041666666666666664,73.8,95.83333333333334,62.65060240963856,124,161,completed_quasi_prospective_public_DFT_label_trial
materials_discovery,Matbench Discovery WBM unique prototypes,stable_inorganic_crystal_candidate,cgcnn_ensemble_learned_materials_model,CGCNN 10-member ensemble,quasi_prospective_public_DFT_label_followup,followup_partition_DFT_labels_used_only_after_PARC_decision,pre_release_top_score_DFT_stable_positives_in_calibration_blocks,composition_family_pair,0.1,0.1,1000,13,certified_release,164.3316223575627,10.0,1.5118509256895771,4.661222751417057,84.7457627118644,3686,3686,3665,0.9943027672273467,1642,0.00027277686852154935,0.12184933521433633,164.3316223575627,1000,118,882,118,367,3,364,3,0.367,0.025423728813559324,0.4126984126984127,0.025423728813559324,63.3,97.45762711864407,58.730158730158735,364,115,completed_quasi_prospective_public_DFT_label_trial
materials_discovery,Matbench Discovery WBM unique prototypes,stable_inorganic_crystal_candidate,cgcnn_ensemble_learned_materials_model,CGCNN 10-member ensemble,quasi_prospective_public_DFT_label_followup,followup_partition_DFT_labels_used_only_after_PARC_decision,pre_release_top_score_DFT_stable_positives_in_calibration_blocks,composition_family_pair,0.1,0.1,5000,13,certified_refusal,164.3316223575627,10.0,0.3023701851379154,-9.575094720245012,10.0,3686,3686,3665,0.9943027672273467,1642,0.00027277686852154935,0.12184933521433633,164.3316223575627,5000,0,5000,0,1988,0,1988,0,0.3976,0.0,0.3976,0.0,60.24,0.0,60.24,1988,0,completed_quasi_prospective_public_DFT_label_trial
materials_discovery,Matbench Discovery WBM unique prototypes,stable_inorganic_crystal_candidate,cgcnn_ensemble_learned_materials_model,CGCNN 10-member ensemble,quasi_prospective_public_DFT_label_followup,followup_partition_DFT_labels_used_only_after_PARC_decision,pre_release_top_score_DFT_stable_positives_in_calibration_blocks,composition_family_pair,0.1,0.2,100,13,certified_release,164.3316223575627,5.0,30.23701851379154,84.40698546328146,5.0,3686,3686,3665,0.9943027672273467,1642,0.00027277686852154935,0.12184933521433633,164.3316223575627,100,100,0,100,0,0,0,0,0.0,0.0,0.0,0.0,100.0,100.0,0.0,0,100,completed_quasi_prospective_public_DFT_label_trial
materials_discovery,Matbench Discovery WBM unique prototypes,stable_inorganic_crystal_candidate,cgcnn_ensemble_learned_materials_model,CGCNN 10-member ensemble,quasi_prospective_public_DFT_label_followup,followup_partition_DFT_labels_used_only_after_PARC_decision,pre_release_top_score_DFT_stable_positives_in_calibration_blocks,composition_family_pair,0.1,0.2,300,13,certified_release,164.3316223575627,5.0,10.079006171263847,1.439780970582607,5.0,3686,3686,3665,0.9943027672273467,1642,0.00027277686852154935,0.12184933521433633,164.3316223575627,300,300,0,300,53,53,0,53,0.17666666666666667,0.17666666666666667,0.0,0.17666666666666667,82.33333333333334,82.33333333333334,0.0,0,247,completed_quasi_prospective_public_DFT_label_trial
materials_discovery,Matbench Discovery WBM unique prototypes,stable_inorganic_crystal_candidate,cgcnn_ensemble_learned_materials_model,CGCNN 10-member ensemble,quasi_prospective_public_DFT_label_followup,followup_partition_DFT_labels_used_only_after_PARC_decision,pre_release_top_score_DFT_stable_positives_in_calibration_blocks,composition_family_pair,0.1,0.2,500,13,certified_release,164.3316223575627,5.0,6.0474037027583085,0.09588720044430765,10.373443983402488,3686,3686,3665,0.9943027672273467,1642,0.00027277686852154935,0.12184933521433633,164.3316223575627,500,241,259,241,131,31,100,31,0.262,0.12863070539419086,0.3861003861003861,0.12863070539419086,73.8,87.13692946058092,61.38996138996139,100,210,completed_quasi_prospective_public_DFT_label_trial
materials_discovery,Matbench Discovery WBM unique prototypes,stable_inorganic_crystal_candidate,cgcnn_ensemble_learned_materials_model,CGCNN 10-member ensemble,quasi_prospective_public_DFT_label_followup,followup_partition_DFT_labels_used_only_after_PARC_decision,pre_release_top_score_DFT_stable_positives_in_calibration_blocks,composition_family_pair,0.1,0.2,1000,13,certified_release,164.3316223575627,5.0,3.0237018513791543,4.309269753163939,29.76190476190476,3686,3686,3665,0.9943027672273467,1642,0.00027277686852154935,0.12184933521433633,164.3316223575627,1000,168,832,168,367,7,360,7,0.367,0.041666666666666664,0.4326923076923077,0.041666666666666664,63.3,95.83333333333334,56.730769230769226,360,161,completed_quasi_prospective_public_DFT_label_trial
materials_discovery,Matbench Discovery WBM unique prototypes,stable_inorganic_crystal_candidate,cgcnn_ensemble_learned_materials_model,CGCNN 10-member ensemble,quasi_prospective_public_DFT_label_followup,followup_partition_DFT_labels_used_only_after_PARC_decision,pre_release_top_score_DFT_stable_positives_in_calibration_blocks,composition_family_pair,0.1,0.2,5000,13,certified_refusal,164.3316223575627,5.0,0.6047403702758308,-4.575094720245012,5.0,3686,3686,3665,0.9943027672273467,1642,0.00027277686852154935,0.12184933521433633,164.3316223575627,5000,0,5000,0,1988,0,1988,0,0.3976,0.0,0.3976,0.0,60.24,0.0,60.24,1988,0,completed_quasi_prospective_public_DFT_label_trial
materials_discovery,Matbench Discovery WBM unique prototypes,stable_inorganic_crystal_candidate,megnet_weak_learned_materials_model,MEGNet,quasi_prospective_public_DFT_label_followup,followup_partition_DFT_labels_used_only_after_PARC_decision,pre_release_top_score_DFT_stable_positives_in_calibration_blocks,composition_family_pair,0.1,0.1,100,13,certified_release,164.56778526884978,10.0,13.659126177314533,38.71142423239396,10.0,3686,3686,3671,0.9959305480195334,1642,0.0002723311546840959,0.12182505997986512,164.56778526884978,100,100,0,100,3,3,0,3,0.03,0.03,0.0,0.03,97.0,97.0,0.0,0,97,completed_quasi_prospective_public_DFT_label_trial
materials_discovery,Matbench Discovery WBM unique prototypes,stable_inorganic_crystal_candidate,megnet_weak_learned_materials_model,MEGNet,quasi_prospective_public_DFT_label_followup,followup_partition_DFT_labels_used_only_after_PARC_decision,pre_release_top_score_DFT_stable_positives_in_calibration_blocks,composition_family_pair,0.1,0.1,300,13,certified_release,164.56778526884978,10.0,4.553042059104844,0.3504874096637973,12.048192771084336,3686,3686,3671,0.9959305480195334,1642,0.0002723311546840959,0.12182505997986512,164.56778526884978,300,249,51,249,41,23,18,23,0.13666666666666666,0.09236947791164658,0.35294117647058826,0.09236947791164658,86.33333333333333,90.76305220883533,64.70588235294117,18,226,completed_quasi_prospective_public_DFT_label_trial
materials_discovery,Matbench Discovery WBM unique prototypes,stable_inorganic_crystal_candidate,megnet_weak_learned_materials_model,MEGNet,quasi_prospective_public_DFT_label_followup,followup_partition_DFT_labels_used_only_after_PARC_decision,pre_release_top_score_DFT_stable_positives_in_calibration_blocks,composition_family_pair,0.1,0.1,500,13,certified_release,164.56778526884978,10.0,2.7318252354629067,33.354191475949655,56.17977528089887,3686,3686,3671,0.9959305480195334,1642,0.0002723311546840959,0.12182505997986512,164.56778526884978,500,89,411,89,96,1,95,1,0.192,0.011235955056179775,0.23114355231143552,0.011235955056179775,80.80000000000001,98.87640449438202,76.88564476885644,95,88,completed_quasi_prospective_public_DFT_label_trial
materials_discovery,Matbench Discovery WBM unique prototypes,stable_inorganic_crystal_candidate,megnet_weak_learned_materials_model,MEGNet,quasi_prospective_public_DFT_label_followup,followup_partition_DFT_labels_used_only_after_PARC_decision,pre_release_top_score_DFT_stable_positives_in_calibration_blocks,composition_family_pair,0.1,0.1,1000,13,certified_release,164.56778526884978,10.0,1.3659126177314533,44.08585755800641,120.48192771084337,3686,3686,3671,0.9959305480195334,1642,0.0002723311546840959,0.12182505997986512,164.56778526884978,1000,83,917,83,274,1,273,1,0.274,0.012048192771084338,0.29770992366412213,0.012048192771084338,72.6,98.79518072289156,70.22900763358778,273,82,completed_quasi_prospective_public_DFT_label_trial
materials_discovery,Matbench Discovery WBM unique prototypes,stable_inorganic_crystal_candidate,megnet_weak_learned_materials_model,MEGNet,quasi_prospective_public_DFT_label_followup,followup_partition_DFT_labels_used_only_after_PARC_decision,pre_release_top_score_DFT_stable_positives_in_calibration_blocks,composition_family_pair,0.1,0.1,5000,13,certified_refusal,164.56778526884978,10.0,0.2731825235462907,-9.268630057991478,10.0,3686,3686,3671,0.9959305480195334,1642,0.0002723311546840959,0.12182505997986512,164.56778526884978,5000,0,5000,0,2632,0,2632,0,0.5264,0.0,0.5264,0.0,47.36,0.0,47.36,2632,0,completed_quasi_prospective_public_DFT_label_trial
materials_discovery,Matbench Discovery WBM unique prototypes,stable_inorganic_crystal_candidate,megnet_weak_learned_materials_model,MEGNet,quasi_prospective_public_DFT_label_followup,followup_partition_DFT_labels_used_only_after_PARC_decision,pre_release_top_score_DFT_stable_positives_in_calibration_blocks,composition_family_pair,0.1,0.2,100,13,certified_release,164.56778526884978,5.0,27.318252354629067,43.71142423239396,5.0,3686,3686,3671,0.9959305480195334,1642,0.0002723311546840959,0.12182505997986512,164.56778526884978,100,100,0,100,3,3,0,3,0.03,0.03,0.0,0.03,97.0,97.0,0.0,0,97,completed_quasi_prospective_public_DFT_label_trial
materials_discovery,Matbench Discovery WBM unique prototypes,stable_inorganic_crystal_candidate,megnet_weak_learned_materials_model,MEGNet,quasi_prospective_public_DFT_label_followup,followup_partition_DFT_labels_used_only_after_PARC_decision,pre_release_top_score_DFT_stable_positives_in_calibration_blocks,composition_family_pair,0.1,0.2,300,13,certified_release,164.56778526884978,5.0,9.106084118209688,3.8203721056169098,5.0,3686,3686,3671,0.9959305480195334,1642,0.0002723311546840959,0.12182505997986512,164.56778526884978,300,300,0,300,41,41,0,41,0.13666666666666666,0.13666666666666666,0.0,0.13666666666666666,86.33333333333333,86.33333333333333,0.0,0,259,completed_quasi_prospective_public_DFT_label_trial
materials_discovery,Matbench Discovery WBM unique prototypes,stable_inorganic_crystal_candidate,megnet_weak_learned_materials_model,MEGNet,quasi_prospective_public_DFT_label_followup,followup_partition_DFT_labels_used_only_after_PARC_decision,pre_release_top_score_DFT_stable_positives_in_calibration_blocks,composition_family_pair,0.1,0.2,500,13,certified_release,164.56778526884978,5.0,5.463650470925813,0.006320396153690844,5.030181086519114,3686,3686,3671,0.9959305480195334,1642,0.0002723311546840959,0.12182505997986512,164.56778526884978,500,497,3,497,96,95,1,95,0.192,0.19114688128772636,0.3333333333333333,0.19114688128772636,80.80000000000001,80.88531187122736,66.66666666666666,1,402,completed_quasi_prospective_public_DFT_label_trial
materials_discovery,Matbench Discovery WBM unique prototypes,stable_inorganic_crystal_candidate,megnet_weak_learned_materials_model,MEGNet,quasi_prospective_public_DFT_label_followup,followup_partition_DFT_labels_used_only_after_PARC_decision,pre_release_top_score_DFT_stable_positives_in_calibration_blocks,composition_family_pair,0.1,0.2,1000,13,certified_release,164.56778526884978,5.0,2.7318252354629067,33.354191475949655,56.17977528089887,3686,3686,3671,0.9959305480195334,1642,0.0002723311546840959,0.12182505997986512,164.56778526884978,1000,89,911,89,274,1,273,1,0.274,0.011235955056179775,0.2996706915477497,0.011235955056179775,72.6,98.87640449438202,70.03293084522502,273,88,completed_quasi_prospective_public_DFT_label_trial
materials_discovery,Matbench Discovery WBM unique prototypes,stable_inorganic_crystal_candidate,megnet_weak_learned_materials_model,MEGNet,quasi_prospective_public_DFT_label_followup,followup_partition_DFT_labels_used_only_after_PARC_decision,pre_release_top_score_DFT_stable_positives_in_calibration_blocks,composition_family_pair,0.1,0.2,5000,13,certified_refusal,164.56778526884978,5.0,0.5463650470925814,-4.267927252887989,5.002000800320128,3686,3686,3671,0.9959305480195334,1642,0.0002723311546840959,0.12182505997986512,164.56778526884978,5000,0,5000,0,2632,0,2632,0,0.5264,0.0,0.5264,0.0,47.36,0.0,47.36,2632,0,completed_quasi_prospective_public_DFT_label_trial
materials_discovery,Matbench Discovery WBM unique prototypes,stable_inorganic_crystal_candidate,alignn_ff_modern_learned_materials_model,ALIGNN-FF,quasi_prospective_public_DFT_label_followup,followup_partition_DFT_labels_used_only_after_PARC_decision,pre_release_top_score_DFT_stable_positives_in_calibration_blocks,composition_family_pair,0.1,0.1,100,14,certified_release,164.72520471273907,10.0,14.49581801472104,38.75692774882074,10.0,3686,3686,3675,0.9970157352143245,1681,0.0002720348204570185,0.12180890387917165,164.72520471273907,100,100,0,100,6,6,0,6,0.06,0.06,0.0,0.06,94.0,94.0,0.0,0,94,completed_quasi_prospective_public_DFT_label_trial
materials_discovery,Matbench Discovery WBM unique prototypes,stable_inorganic_crystal_candidate,alignn_ff_modern_learned_materials_model,ALIGNN-FF,quasi_prospective_public_DFT_label_followup,followup_partition_DFT_labels_used_only_after_PARC_decision,pre_release_top_score_DFT_stable_positives_in_calibration_blocks,composition_family_pair,0.1,0.1,300,14,certified_release,164.72520471273907,10.0,4.831939338240346,0.6637236887825715,23.25581395348837,3686,3686,3675,0.9970157352143245,1681,0.0002720348204570185,0.12180890387917165,164.72520471273907,300,129,171,129,69,10,59,10,0.23,0.07751937984496124,0.34502923976608185,0.07751937984496124,77.0,92.24806201550388,65.49707602339181,59,119,completed_quasi_prospective_public_DFT_label_trial
materials_discovery,Matbench Discovery WBM unique prototypes,stable_inorganic_crystal_candidate,alignn_ff_modern_learned_materials_model,ALIGNN-FF,quasi_prospective_public_DFT_label_followup,followup_partition_DFT_labels_used_only_after_PARC_decision,pre_release_top_score_DFT_stable_positives_in_calibration_blocks,composition_family_pair,0.1,0.1,500,14,certified_release,164.72520471273907,10.0,2.899163602944208,6.740121026131668,42.016806722689076,3686,3686,3675,0.9970157352143245,1681,0.0002720348204570185,0.12180890387917165,164.72520471273907,500,119,381,119,148,9,139,9,0.296,0.07563025210084033,0.3648293963254593,0.07563025210084033,70.39999999999999,92.43697478991596,63.51706036745407,139,110,completed_quasi_prospective_public_DFT_label_trial
materials_discovery,Matbench Discovery WBM unique prototypes,stable_inorganic_crystal_candidate,alignn_ff_modern_learned_materials_model,ALIGNN-FF,quasi_prospective_public_DFT_label_followup,followup_partition_DFT_labels_used_only_after_PARC_decision,pre_release_top_score_DFT_stable_positives_in_calibration_blocks,composition_family_pair,0.1,0.1,1000,14,certified_release,164.72520471273907,10.0,1.449581801472104,51.088841076375445,113.63636363636363,3686,3686,3675,0.9970157352143245,1681,0.0002720348204570185,0.12180890387917165,164.72520471273907,1000,88,912,88,379,3,376,3,0.379,0.03409090909090909,0.41228070175438597,0.03409090909090909,62.1,96.5909090909091,58.77192982456141,376,85,completed_quasi_prospective_public_DFT_label_trial
materials_discovery,Matbench Discovery WBM unique prototypes,stable_inorganic_crystal_candidate,alignn_ff_modern_learned_materials_model,ALIGNN-FF,quasi_prospective_public_DFT_label_followup,followup_partition_DFT_labels_used_only_after_PARC_decision,pre_release_top_score_DFT_stable_positives_in_calibration_blocks,composition_family_pair,0.1,0.1,5000,14,certified_refusal,164.72520471273907,10.0,0.2899163602944208,-9.474701776628477,10.0,3686,3686,3675,0.9970157352143245,1681,0.0002720348204570185,0.12180890387917165,164.72520471273907,5000,0,5000,0,2526,0,2526,0,0.5052,0.0,0.5052,0.0,49.480000000000004,0.0,49.480000000000004,2526,0,completed_quasi_prospective_public_DFT_label_trial
materials_discovery,Matbench Discovery WBM unique prototypes,stable_inorganic_crystal_candidate,alignn_ff_modern_learned_materials_model,ALIGNN-FF,quasi_prospective_public_DFT_label_followup,followup_partition_DFT_labels_used_only_after_PARC_decision,pre_release_top_score_DFT_stable_positives_in_calibration_blocks,composition_family_pair,0.1,0.2,100,14,certified_release,164.72520471273907,5.0,28.99163602944208,43.75692774882074,5.0,3686,3686,3675,0.9970157352143245,1681,0.0002720348204570185,0.12180890387917165,164.72520471273907,100,100,0,100,6,6,0,6,0.06,0.06,0.0,0.06,94.0,94.0,0.0,0,94,completed_quasi_prospective_public_DFT_label_trial
materials_discovery,Matbench Discovery WBM unique prototypes,stable_inorganic_crystal_candidate,alignn_ff_modern_learned_materials_model,ALIGNN-FF,quasi_prospective_public_DFT_label_followup,followup_partition_DFT_labels_used_only_after_PARC_decision,pre_release_top_score_DFT_stable_positives_in_calibration_blocks,composition_family_pair,0.1,0.2,300,14,boundary_release,164.72520471273907,5.0,9.663878676480692,3.3093168958947636,5.0,3686,3686,3675,0.9970157352143245,1681,0.0002720348204570185,0.12180890387917165,164.72520471273907,300,300,0,300,69,69,0,69,0.23,0.23,0.0,0.23,77.0,77.0,0.0,0,231,completed_quasi_prospective_public_DFT_label_trial
materials_discovery,Matbench Discovery WBM unique prototypes,stable_inorganic_crystal_candidate,alignn_ff_modern_learned_materials_model,ALIGNN-FF,quasi_prospective_public_DFT_label_followup,followup_partition_DFT_labels_used_only_after_PARC_decision,pre_release_top_score_DFT_stable_positives_in_calibration_blocks,composition_family_pair,0.1,0.2,500,14,boundary_release,164.72520471273907,5.0,5.798327205888416,0.13694829750940762,7.936507936507937,3686,3686,3675,0.9970157352143245,1681,0.0002720348204570185,0.12180890387917165,164.72520471273907,500,315,185,315,148,79,69,79,0.296,0.2507936507936508,0.372972972972973,0.2507936507936508,70.39999999999999,74.92063492063492,62.70270270270271,69,236,completed_quasi_prospective_public_DFT_label_trial
materials_discovery,Matbench Discovery WBM unique prototypes,stable_inorganic_crystal_candidate,alignn_ff_modern_learned_materials_model,ALIGNN-FF,quasi_prospective_public_DFT_label_followup,followup_partition_DFT_labels_used_only_after_PARC_decision,pre_release_top_score_DFT_stable_positives_in_calibration_blocks,composition_family_pair,0.1,0.2,1000,14,certified_release,164.72520471273907,5.0,2.899163602944208,6.740121026131668,42.016806722689076,3686,3686,3675,0.9970157352143245,1681,0.0002720348204570185,0.12180890387917165,164.72520471273907,1000,119,881,119,379,9,370,9,0.379,0.07563025210084033,0.4199772985244041,0.07563025210084033,62.1,92.43697478991596,58.002270147559585,370,110,completed_quasi_prospective_public_DFT_label_trial
materials_discovery,Matbench Discovery WBM unique prototypes,stable_inorganic_crystal_candidate,alignn_ff_modern_learned_materials_model,ALIGNN-FF,quasi_prospective_public_DFT_label_followup,followup_partition_DFT_labels_used_only_after_PARC_decision,pre_release_top_score_DFT_stable_positives_in_calibration_blocks,composition_family_pair,0.1,0.2,5000,14,certified_refusal,164.72520471273907,5.0,0.5798327205888416,-4.474701776628476,5.0,3686,3686,3675,0.9970157352143245,1681,0.0002720348204570185,0.12180890387917165,164.72520471273907,5000,0,5000,0,2526,0,2526,0,0.5052,0.0,0.5052,0.0,49.480000000000004,0.0,49.480000000000004,2526,0,completed_quasi_prospective_public_DFT_label_trial
materials_discovery,Matbench Discovery WBM unique prototypes,stable_inorganic_crystal_candidate,cgcnn_ensemble_learned_materials_model,CGCNN 10-member ensemble,quasi_prospective_public_DFT_label_followup,followup_partition_DFT_labels_used_only_after_PARC_decision,pre_release_top_score_DFT_stable_positives_in_calibration_blocks,composition_family_pair,0.1,0.1,100,14,certified_release,164.72520471273907,10.0,15.978344857135692,52.77061999659672,10.0,3686,3686,3675,0.9970157352143245,1681,0.0002720348204570185,0.12180890387917165,164.72520471273907,100,100,0,100,1,1,0,1,0.01,0.01,0.0,0.01,99.0,99.0,0.0,0,99,completed_quasi_prospective_public_DFT_label_trial
materials_discovery,Matbench Discovery WBM unique prototypes,stable_inorganic_crystal_candidate,cgcnn_ensemble_learned_materials_model,CGCNN 10-member ensemble,quasi_prospective_public_DFT_label_followup,followup_partition_DFT_labels_used_only_after_PARC_decision,pre_release_top_score_DFT_stable_positives_in_calibration_blocks,composition_family_pair,0.1,0.1,300,14,certified_release,164.72520471273907,10.0,5.326114952378564,0.1745352206184414,18.404907975460123,3686,3686,3675,0.9970157352143245,1681,0.0002720348204570185,0.12180890387917165,164.72520471273907,300,163,137,163,53,2,51,2,0.17666666666666667,0.012269938650306749,0.3722627737226277,0.012269938650306749,82.33333333333334,98.77300613496932,62.77372262773723,51,161,completed_quasi_prospective_public_DFT_label_trial
materials_discovery,Matbench Discovery WBM unique prototypes,stable_inorganic_crystal_candidate,cgcnn_ensemble_learned_materials_model,CGCNN 10-member ensemble,quasi_prospective_public_DFT_label_followup,followup_partition_DFT_labels_used_only_after_PARC_decision,pre_release_top_score_DFT_stable_positives_in_calibration_blocks,composition_family_pair,0.1,0.1,500,14,certified_release,164.72520471273907,10.0,3.1956689714271382,2.460631452524453,46.29629629629629,3686,3686,3675,0.9970157352143245,1681,0.0002720348204570185,0.12180890387917165,164.72520471273907,500,108,392,108,139,1,138,1,0.278,0.009259259259259259,0.3520408163265306,0.009259259259259259,72.2,99.07407407407408,64.79591836734694,138,107,completed_quasi_prospective_public_DFT_label_trial
materials_discovery,Matbench Discovery WBM unique prototypes,stable_inorganic_crystal_candidate,cgcnn_ensemble_learned_materials_model,CGCNN 10-member ensemble,quasi_prospective_public_DFT_label_followup,followup_partition_DFT_labels_used_only_after_PARC_decision,pre_release_top_score_DFT_stable_positives_in_calibration_blocks,composition_family_pair,0.1,0.1,1000,14,certified_release,164.72520471273907,10.0,1.5978344857135691,61.63242120758444,103.09278350515463,3686,3686,3675,0.9970157352143245,1681,0.0002720348204570185,0.12180890387917165,164.72520471273907,1000,97,903,97,399,1,398,1,0.399,0.010309278350515464,0.4407530454042082,0.010309278350515464,60.099999999999994,98.96907216494846,55.924695459579176,398,96,completed_quasi_prospective_public_DFT_label_trial
materials_discovery,Matbench Discovery WBM unique prototypes,stable_inorganic_crystal_candidate,cgcnn_ensemble_learned_materials_model,CGCNN 10-member ensemble,quasi_prospective_public_DFT_label_followup,followup_partition_DFT_labels_used_only_after_PARC_decision,pre_release_top_score_DFT_stable_positives_in_calibration_blocks,composition_family_pair,0.1,0.1,5000,14,certified_refusal,164.72520471273907,10.0,0.31956689714271386,-9.629262697711658,10.0,3686,3686,3675,0.9970157352143245,1681,0.0002720348204570185,0.12180890387917165,164.72520471273907,5000,0,5000,0,2003,0,2003,0,0.4006,0.0,0.4006,0.0,59.940000000000005,0.0,59.940000000000005,2003,0,completed_quasi_prospective_public_DFT_label_trial
materials_discovery,Matbench Discovery WBM unique prototypes,stable_inorganic_crystal_candidate,cgcnn_ensemble_learned_materials_model,CGCNN 10-member ensemble,quasi_prospective_public_DFT_label_followup,followup_partition_DFT_labels_used_only_after_PARC_decision,pre_release_top_score_DFT_stable_positives_in_calibration_blocks,composition_family_pair,0.1,0.2,100,14,certified_release,164.72520471273907,5.0,31.956689714271384,57.77061999659672,5.0,3686,3686,3675,0.9970157352143245,1681,0.0002720348204570185,0.12180890387917165,164.72520471273907,100,100,0,100,1,1,0,1,0.01,0.01,0.0,0.01,99.0,99.0,0.0,0,99,completed_quasi_prospective_public_DFT_label_trial
materials_discovery,Matbench Discovery WBM unique prototypes,stable_inorganic_crystal_candidate,cgcnn_ensemble_learned_materials_model,CGCNN 10-member ensemble,quasi_prospective_public_DFT_label_followup,followup_partition_DFT_labels_used_only_after_PARC_decision,pre_release_top_score_DFT_stable_positives_in_calibration_blocks,composition_family_pair,0.1,0.2,300,14,certified_release,164.72520471273907,5.0,10.652229904757128,1.7516227453478006,5.0,3686,3686,3675,0.9970157352143245,1681,0.0002720348204570185,0.12180890387917165,164.72520471273907,300,300,0,300,53,53,0,53,0.17666666666666667,0.17666666666666667,0.0,0.17666666666666667,82.33333333333334,82.33333333333334,0.0,0,247,completed_quasi_prospective_public_DFT_label_trial
materials_discovery,Matbench Discovery WBM unique prototypes,stable_inorganic_crystal_candidate,cgcnn_ensemble_learned_materials_model,CGCNN 10-member ensemble,quasi_prospective_public_DFT_label_followup,followup_partition_DFT_labels_used_only_after_PARC_decision,pre_release_top_score_DFT_stable_positives_in_calibration_blocks,composition_family_pair,0.1,0.2,500,14,certified_release,164.72520471273907,5.0,6.3913379428542765,0.9873853176197098,14.285714285714286,3686,3686,3675,0.9970157352143245,1681,0.0002720348204570185,0.12180890387917165,164.72520471273907,500,175,325,175,139,8,131,8,0.278,0.045714285714285714,0.40307692307692305,0.045714285714285714,72.2,95.42857142857143,59.692307692307686,131,167,completed_quasi_prospective_public_DFT_label_trial
materials_discovery,Matbench Discovery WBM unique prototypes,stable_inorganic_crystal_candidate,cgcnn_ensemble_learned_materials_model,CGCNN 10-member ensemble,quasi_prospective_public_DFT_label_followup,followup_partition_DFT_labels_used_only_after_PARC_decision,pre_release_top_score_DFT_stable_positives_in_calibration_blocks,composition_family_pair,0.1,0.2,1000,14,certified_release,164.72520471273907,5.0,3.1956689714271382,2.460631452524453,46.29629629629629,3686,3686,3675,0.9970157352143245,1681,0.0002720348204570185,0.12180890387917165,164.72520471273907,1000,108,892,108,399,1,398,1,0.399,0.009259259259259259,0.4461883408071749,0.009259259259259259,60.099999999999994,99.07407407407408,55.381165919282516,398,107,completed_quasi_prospective_public_DFT_label_trial
materials_discovery,Matbench Discovery WBM unique prototypes,stable_inorganic_crystal_candidate,cgcnn_ensemble_learned_materials_model,CGCNN 10-member ensemble,quasi_prospective_public_DFT_label_followup,followup_partition_DFT_labels_used_only_after_PARC_decision,pre_release_top_score_DFT_stable_positives_in_calibration_blocks,composition_family_pair,0.1,0.2,5000,14,certified_refusal,164.72520471273907,5.0,0.6391337942854277,-4.629262697711659,5.0,3686,3686,3675,0.9970157352143245,1681,0.0002720348204570185,0.12180890387917165,164.72520471273907,5000,0,5000,0,2003,0,2003,0,0.4006,0.0,0.4006,0.0,59.940000000000005,0.0,59.940000000000005,2003,0,completed_quasi_prospective_public_DFT_label_trial
materials_discovery,Matbench Discovery WBM unique prototypes,stable_inorganic_crystal_candidate,megnet_weak_learned_materials_model,MEGNet,quasi_prospective_public_DFT_label_followup,followup_partition_DFT_labels_used_only_after_PARC_decision,pre_release_top_score_DFT_stable_positives_in_calibration_blocks,composition_family_pair,0.1,0.1,100,14,certified_release,164.84325750151808,10.0,12.528087570115375,30.108229785439775,10.0,3686,3686,3678,0.9978296256104178,1681,0.0002718129926610492,0.12179680114443378,164.84325750151808,100,100,0,100,2,2,0,2,0.02,0.02,0.0,0.02,98.0,98.0,0.0,0,98,completed_quasi_prospective_public_DFT_label_trial
materials_discovery,Matbench Discovery WBM unique prototypes,stable_inorganic_crystal_candidate,megnet_weak_learned_materials_model,MEGNet,quasi_prospective_public_DFT_label_followup,followup_partition_DFT_labels_used_only_after_PARC_decision,pre_release_top_score_DFT_stable_positives_in_calibration_blocks,composition_family_pair,0.1,0.1,300,14,certified_release,164.84325750151808,10.0,4.176029190038458,0.021706950000732306,12.396694214876032,3686,3686,3678,0.9978296256104178,1681,0.0002718129926610492,0.12179680114443378,164.84325750151808,300,242,58,242,41,24,17,24,0.13666666666666666,0.09917355371900827,0.29310344827586204,0.09917355371900827,86.33333333333333,90.08264462809917,70.6896551724138,17,218,completed_quasi_prospective_public_DFT_label_trial
materials_discovery,Matbench Discovery WBM unique prototypes,stable_inorganic_crystal_candidate,megnet_weak_learned_materials_model,MEGNet,quasi_prospective_public_DFT_label_followup,followup_partition_DFT_labels_used_only_after_PARC_decision,pre_release_top_score_DFT_stable_positives_in_calibration_blocks,composition_family_pair,0.1,0.1,500,14,certified_release,164.84325750151808,10.0,2.5056175140230748,4.675235415109306,58.139534883720934,3686,3686,3678,0.9978296256104178,1681,0.0002718129926610492,0.12179680114443378,164.84325750151808,500,86,414,86,97,2,95,2,0.194,0.023255813953488372,0.22946859903381642,0.023255813953488372,80.60000000000001,97.67441860465115,77.05314009661835,95,84,completed_quasi_prospective_public_DFT_label_trial
materials_discovery,Matbench Discovery WBM unique prototypes,stable_inorganic_crystal_candidate,megnet_weak_learned_materials_model,MEGNet,quasi_prospective_public_DFT_label_followup,followup_partition_DFT_labels_used_only_after_PARC_decision,pre_release_top_score_DFT_stable_positives_in_calibration_blocks,composition_family_pair,0.1,0.1,1000,14,certified_release,164.84325750151808,10.0,1.2528087570115374,33.26431013309704,131.57894736842104,3686,3686,3678,0.9978296256104178,1681,0.0002718129926610492,0.12179680114443378,164.84325750151808,1000,76,924,76,270,0,270,0,0.27,0.0,0.2922077922077922,0.0,73.0,100.0,70.77922077922078,270,76,completed_quasi_prospective_public_DFT_label_trial
materials_discovery,Matbench Discovery WBM unique prototypes,stable_inorganic_crystal_candidate,megnet_weak_learned_materials_model,MEGNet,quasi_prospective_public_DFT_label_followup,followup_partition_DFT_labels_used_only_after_PARC_decision,pre_release_top_score_DFT_stable_positives_in_calibration_blocks,composition_family_pair,0.1,0.1,5000,14,certified_refusal,164.84325750151808,10.0,0.25056175140230746,-9.38588144926071,10.0,3686,3686,3678,0.9978296256104178,1681,0.0002718129926610492,0.12179680114443378,164.84325750151808,5000,0,5000,0,2632,0,2632,0,0.5264,0.0,0.5264,0.0,47.36,0.0,47.36,2632,0,completed_quasi_prospective_public_DFT_label_trial
materials_discovery,Matbench Discovery WBM unique prototypes,stable_inorganic_crystal_candidate,megnet_weak_learned_materials_model,MEGNet,quasi_prospective_public_DFT_label_followup,followup_partition_DFT_labels_used_only_after_PARC_decision,pre_release_top_score_DFT_stable_positives_in_calibration_blocks,composition_family_pair,0.1,0.2,100,14,certified_release,164.84325750151808,5.0,25.05617514023075,35.108229785439775,5.0,3686,3686,3678,0.9978296256104178,1681,0.0002718129926610492,0.12179680114443378,164.84325750151808,100,100,0,100,2,2,0,2,0.02,0.02,0.0,0.02,98.0,98.0,0.0,0,98,completed_quasi_prospective_public_DFT_label_trial
materials_discovery,Matbench Discovery WBM unique prototypes,stable_inorganic_crystal_candidate,megnet_weak_learned_materials_model,MEGNet,quasi_prospective_public_DFT_label_followup,followup_partition_DFT_labels_used_only_after_PARC_decision,pre_release_top_score_DFT_stable_positives_in_calibration_blocks,composition_family_pair,0.1,0.2,300,14,certified_release,164.84325750151808,5.0,8.352058380076915,3.8343047307325264,5.0,3686,3686,3678,0.9978296256104178,1681,0.0002718129926610492,0.12179680114443378,164.84325750151808,300,300,0,300,41,41,0,41,0.13666666666666666,0.13666666666666666,0.0,0.13666666666666666,86.33333333333333,86.33333333333333,0.0,0,259,completed_quasi_prospective_public_DFT_label_trial
materials_discovery,Matbench Discovery WBM unique prototypes,stable_inorganic_crystal_candidate,megnet_weak_learned_materials_model,MEGNet,quasi_prospective_public_DFT_label_followup,followup_partition_DFT_labels_used_only_after_PARC_decision,pre_release_top_score_DFT_stable_positives_in_calibration_blocks,composition_family_pair,0.1,0.2,500,14,certified_release,164.84325750151808,5.0,5.0112350280461495,0.5030030739861706,5.0,3686,3686,3678,0.9978296256104178,1681,0.0002718129926610492,0.12179680114443378,164.84325750151808,500,500,0,500,97,97,0,97,0.194,0.194,0.0,0.194,80.60000000000001,80.60000000000001,0.0,0,403,completed_quasi_prospective_public_DFT_label_trial
materials_discovery,Matbench Discovery WBM unique prototypes,stable_inorganic_crystal_candidate,megnet_weak_learned_materials_model,MEGNet,quasi_prospective_public_DFT_label_followup,followup_partition_DFT_labels_used_only_after_PARC_decision,pre_release_top_score_DFT_stable_positives_in_calibration_blocks,composition_family_pair,0.1,0.2,1000,14,certified_release,164.84325750151808,5.0,2.5056175140230748,4.675235415109306,58.139534883720934,3686,3686,3678,0.9978296256104178,1681,0.0002718129926610492,0.12179680114443378,164.84325750151808,1000,86,914,86,270,2,268,2,0.27,0.023255813953488372,0.29321663019693656,0.023255813953488372,73.0,97.67441860465115,70.67833698030634,268,84,completed_quasi_prospective_public_DFT_label_trial
materials_discovery,Matbench Discovery WBM unique prototypes,stable_inorganic_crystal_candidate,megnet_weak_learned_materials_model,MEGNet,quasi_prospective_public_DFT_label_followup,followup_partition_DFT_labels_used_only_after_PARC_decision,pre_release_top_score_DFT_stable_positives_in_calibration_blocks,composition_family_pair,0.1,0.2,5000,14,certified_refusal,164.84325750151808,5.0,0.5011235028046149,-4.38588144926071,5.0,3686,3686,3678,0.9978296256104178,1681,0.0002718129926610492,0.12179680114443378,164.84325750151808,5000,0,5000,0,2632,0,2632,0,0.5264,0.0,0.5264,0.0,47.36,0.0,47.36,2632,0,completed_quasi_prospective_public_DFT_label_trial
materials_discovery,Matbench Discovery WBM unique prototypes,stable_inorganic_crystal_candidate,alignn_ff_modern_learned_materials_model,ALIGNN-FF,quasi_prospective_public_DFT_label_followup,followup_partition_DFT_labels_used_only_after_PARC_decision,pre_release_top_score_DFT_stable_positives_in_calibration_blocks,composition_family_pair,0.1,0.1,100,15,certified_release,164.52842759729413,10.0,14.643030056159178,38.70004742995433,10.0,3686,3686,3670,0.9956592512208355,1675,0.00027240533914464724,0.12182910242513326,164.52842759729413,100,100,0,100,2,2,0,2,0.02,0.02,0.0,0.02,98.0,98.0,0.0,0,98,completed_quasi_prospective_public_DFT_label_trial
materials_discovery,Matbench Discovery WBM unique prototypes,stable_inorganic_crystal_candidate,alignn_ff_modern_learned_materials_model,ALIGNN-FF,quasi_prospective_public_DFT_label_followup,followup_partition_DFT_labels_used_only_after_PARC_decision,pre_release_top_score_DFT_stable_positives_in_calibration_blocks,composition_family_pair,0.1,0.1,300,15,boundary_release,164.52842759729413,10.0,4.881010018719726,0.2530401853946316,17.045454545454543,3686,3686,3670,0.9956592512208355,1675,0.00027240533914464724,0.12182910242513326,164.52842759729413,300,176,124,176,72,24,48,24,0.24,0.13636363636363635,0.3870967741935484,0.13636363636363635,76.0,86.36363636363636,61.29032258064516,48,152,completed_quasi_prospective_public_DFT_label_trial
materials_discovery,Matbench Discovery WBM unique prototypes,stable_inorganic_crystal_candidate,alignn_ff_modern_learned_materials_model,ALIGNN-FF,quasi_prospective_public_DFT_label_followup,followup_partition_DFT_labels_used_only_after_PARC_decision,pre_release_top_score_DFT_stable_positives_in_calibration_blocks,composition_family_pair,0.1,0.1,500,15,boundary_release,164.52842759729413,10.0,2.9286060112318357,0.9981591073740859,33.11258278145695,3686,3686,3670,0.9956592512208355,1675,0.00027240533914464724,0.12182910242513326,164.52842759729413,500,151,349,151,164,17,147,17,0.328,0.11258278145695365,0.42120343839541546,0.11258278145695365,67.2,88.74172185430463,57.879656160458445,147,134,completed_quasi_prospective_public_DFT_label_trial
materials_discovery,Matbench Discovery WBM unique prototypes,stable_inorganic_crystal_candidate,alignn_ff_modern_learned_materials_model,ALIGNN-FF,quasi_prospective_public_DFT_label_followup,followup_partition_DFT_labels_used_only_after_PARC_decision,pre_release_top_score_DFT_stable_positives_in_calibration_blocks,composition_family_pair,0.1,0.1,1000,15,certified_release,164.52842759729413,10.0,1.4643030056159179,52.16887703549638,112.35955056179775,3686,3686,3670,0.9956592512208355,1675,0.00027240533914464724,0.12182910242513326,164.52842759729413,1000,89,911,89,417,0,417,0,0.417,0.0,0.45773874862788144,0.0,58.3,100.0,54.22612513721185,417,89,completed_quasi_prospective_public_DFT_label_trial
materials_discovery,Matbench Discovery WBM unique prototypes,stable_inorganic_crystal_candidate,alignn_ff_modern_learned_materials_model,ALIGNN-FF,quasi_prospective_public_DFT_label_followup,followup_partition_DFT_labels_used_only_after_PARC_decision,pre_release_top_score_DFT_stable_positives_in_calibration_blocks,composition_family_pair,0.1,0.1,5000,15,certified_refusal,164.52842759729413,10.0,0.2928606011231836,-9.37176165438588,10.0,3686,3686,3670,0.9956592512208355,1675,0.00027240533914464724,0.12182910242513326,164.52842759729413,5000,0,5000,0,2593,0,2593,0,0.5186,0.0,0.5186,0.0,48.14,0.0,48.14,2593,0,completed_quasi_prospective_public_DFT_label_trial
materials_discovery,Matbench Discovery WBM unique prototypes,stable_inorganic_crystal_candidate,alignn_ff_modern_learned_materials_model,ALIGNN-FF,quasi_prospective_public_DFT_label_followup,followup_partition_DFT_labels_used_only_after_PARC_decision,pre_release_top_score_DFT_stable_positives_in_calibration_blocks,composition_family_pair,0.1,0.2,100,15,certified_release,164.52842759729413,5.0,29.286060112318356,43.70004742995433,5.0,3686,3686,3670,0.9956592512208355,1675,0.00027240533914464724,0.12182910242513326,164.52842759729413,100,100,0,100,2,2,0,2,0.02,0.02,0.0,0.02,98.0,98.0,0.0,0,98,completed_quasi_prospective_public_DFT_label_trial
materials_discovery,Matbench Discovery WBM unique prototypes,stable_inorganic_crystal_candidate,alignn_ff_modern_learned_materials_model,ALIGNN-FF,quasi_prospective_public_DFT_label_followup,followup_partition_DFT_labels_used_only_after_PARC_decision,pre_release_top_score_DFT_stable_positives_in_calibration_blocks,composition_family_pair,0.1,0.2,300,15,boundary_release,164.52842759729413,5.0,9.762020037439452,2.633543725359382,5.0,3686,3686,3670,0.9956592512208355,1675,0.00027240533914464724,0.12182910242513326,164.52842759729413,300,300,0,300,72,72,0,72,0.24,0.24,0.0,0.24,76.0,76.0,0.0,0,228,completed_quasi_prospective_public_DFT_label_trial
materials_discovery,Matbench Discovery WBM unique prototypes,stable_inorganic_crystal_candidate,alignn_ff_modern_learned_materials_model,ALIGNN-FF,quasi_prospective_public_DFT_label_followup,followup_partition_DFT_labels_used_only_after_PARC_decision,pre_release_top_score_DFT_stable_positives_in_calibration_blocks,composition_family_pair,0.1,0.2,500,15,boundary_release,164.52842759729413,5.0,5.8572120224636715,0.11175389518589007,8.992805755395683,3686,3686,3670,0.9956592512208355,1675,0.00027240533914464724,0.12182910242513326,164.52842759729413,500,278,222,278,164,62,102,62,0.328,0.22302158273381295,0.4594594594594595,0.22302158273381295,67.2,77.6978417266187,54.054054054054056,102,216,completed_quasi_prospective_public_DFT_label_trial
materials_discovery,Matbench Discovery WBM unique prototypes,stable_inorganic_crystal_candidate,alignn_ff_modern_learned_materials_model,ALIGNN-FF,quasi_prospective_public_DFT_label_followup,followup_partition_DFT_labels_used_only_after_PARC_decision,pre_release_top_score_DFT_stable_positives_in_calibration_blocks,composition_family_pair,0.1,0.2,1000,15,certified_release,164.52842759729413,5.0,2.9286060112318357,0.9981591073740859,33.11258278145695,3686,3686,3670,0.9956592512208355,1675,0.00027240533914464724,0.12182910242513326,164.52842759729413,1000,151,849,151,417,17,400,17,0.417,0.11258278145695365,0.4711425206124853,0.11258278145695365,58.3,88.74172185430463,52.88574793875147,400,134,completed_quasi_prospective_public_DFT_label_trial
materials_discovery,Matbench Discovery WBM unique prototypes,stable_inorganic_crystal_candidate,alignn_ff_modern_learned_materials_model,ALIGNN-FF,quasi_prospective_public_DFT_label_followup,followup_partition_DFT_labels_used_only_after_PARC_decision,pre_release_top_score_DFT_stable_positives_in_calibration_blocks,composition_family_pair,0.1,0.2,5000,15,certified_refusal,164.52842759729413,5.0,0.5857212022463671,-4.37176165438588,5.0,3686,3686,3670,0.9956592512208355,1675,0.00027240533914464724,0.12182910242513326,164.52842759729413,5000,0,5000,0,2593,0,2593,0,0.5186,0.0,0.5186,0.0,48.14,0.0,48.14,2593,0,completed_quasi_prospective_public_DFT_label_trial
materials_discovery,Matbench Discovery WBM unique prototypes,stable_inorganic_crystal_candidate,cgcnn_ensemble_learned_materials_model,CGCNN 10-member ensemble,quasi_prospective_public_DFT_label_followup,followup_partition_DFT_labels_used_only_after_PARC_decision,pre_release_top_score_DFT_stable_positives_in_calibration_blocks,composition_family_pair,0.1,0.1,100,15,certified_release,164.56778526884978,10.0,16.456778526884978,154.56778526884978,10.0,3686,3686,3671,0.9959305480195334,1675,0.0002723311546840959,0.12182505997986512,164.56778526884978,100,100,0,100,1,1,0,1,0.01,0.01,0.0,0.01,99.0,99.0,0.0,0,99,completed_quasi_prospective_public_DFT_label_trial
materials_discovery,Matbench Discovery WBM unique prototypes,stable_inorganic_crystal_candidate,cgcnn_ensemble_learned_materials_model,CGCNN 10-member ensemble,quasi_prospective_public_DFT_label_followup,followup_partition_DFT_labels_used_only_after_PARC_decision,pre_release_top_score_DFT_stable_positives_in_calibration_blocks,composition_family_pair,0.1,0.1,300,15,boundary_release,164.56778526884978,10.0,5.924440269678592,0.4808463584241096,14.778325123152708,3686,3686,3671,0.9959305480195334,1675,0.0002723311546840959,0.12182505997986512,164.56778526884978,300,203,97,203,62,25,37,25,0.20666666666666667,0.12315270935960591,0.38144329896907214,0.12315270935960591,79.33333333333333,87.68472906403942,61.855670103092784,37,178,completed_quasi_prospective_public_DFT_label_trial
materials_discovery,Matbench Discovery WBM unique prototypes,stable_inorganic_crystal_candidate,cgcnn_ensemble_learned_materials_model,CGCNN 10-member ensemble,quasi_prospective_public_DFT_label_followup,followup_partition_DFT_labels_used_only_after_PARC_decision,pre_release_top_score_DFT_stable_positives_in_calibration_blocks,composition_family_pair,0.1,0.1,500,15,certified_release,164.56778526884978,10.0,3.5546641618071555,0.8972119449015601,28.90173410404624,3686,3686,3671,0.9959305480195334,1675,0.0002723311546840959,0.12182505997986512,164.56778526884978,500,173,327,173,149,13,136,13,0.298,0.07514450867052024,0.41590214067278286,0.07514450867052024,70.19999999999999,92.48554913294798,58.40978593272171,136,160,completed_quasi_prospective_public_DFT_label_trial
materials_discovery,Matbench Discovery WBM unique prototypes,stable_inorganic_crystal_candidate,cgcnn_ensemble_learned_materials_model,CGCNN 10-member ensemble,quasi_prospective_public_DFT_label_followup,followup_partition_DFT_labels_used_only_after_PARC_decision,pre_release_top_score_DFT_stable_positives_in_calibration_blocks,composition_family_pair,0.1,0.1,1000,15,certified_release,164.56778526884978,10.0,1.7773320809035777,4.063881286763063,85.47008547008546,3686,3686,3671,0.9959305480195334,1675,0.0002723311546840959,0.12182505997986512,164.56778526884978,1000,117,883,117,403,3,400,3,0.403,0.02564102564102564,0.45300113250283125,0.02564102564102564,59.699999999999996,97.43589743589743,54.699886749716875,400,114,completed_quasi_prospective_public_DFT_label_trial
materials_discovery,Matbench Discovery WBM unique prototypes,stable_inorganic_crystal_candidate,cgcnn_ensemble_learned_materials_model,CGCNN 10-member ensemble,quasi_prospective_public_DFT_label_followup,followup_partition_DFT_labels_used_only_after_PARC_decision,pre_release_top_score_DFT_stable_positives_in_calibration_blocks,composition_family_pair,0.1,0.1,5000,15,certified_refusal,164.56778526884978,10.0,0.3554664161807155,-9.623499009676742,10.0,3686,3686,3671,0.9959305480195334,1675,0.0002723311546840959,0.12182505997986512,164.56778526884978,5000,0,5000,0,2061,0,2061,0,0.4122,0.0,0.4122,0.0,58.78,0.0,58.78,2061,0,completed_quasi_prospective_public_DFT_label_trial
materials_discovery,Matbench Discovery WBM unique prototypes,stable_inorganic_crystal_candidate,cgcnn_ensemble_learned_materials_model,CGCNN 10-member ensemble,quasi_prospective_public_DFT_label_followup,followup_partition_DFT_labels_used_only_after_PARC_decision,pre_release_top_score_DFT_stable_positives_in_calibration_blocks,composition_family_pair,0.1,0.2,100,15,certified_release,164.56778526884978,5.0,32.913557053769956,159.56778526884978,5.0,3686,3686,3671,0.9959305480195334,1675,0.0002723311546840959,0.12182505997986512,164.56778526884978,100,100,0,100,1,1,0,1,0.01,0.01,0.0,0.01,99.0,99.0,0.0,0,99,completed_quasi_prospective_public_DFT_label_trial
materials_discovery,Matbench Discovery WBM unique prototypes,stable_inorganic_crystal_candidate,cgcnn_ensemble_learned_materials_model,CGCNN 10-member ensemble,quasi_prospective_public_DFT_label_followup,followup_partition_DFT_labels_used_only_after_PARC_decision,pre_release_top_score_DFT_stable_positives_in_calibration_blocks,composition_family_pair,0.1,0.2,300,15,boundary_release,164.56778526884978,5.0,11.848880539357184,2.25075051763797,5.0,3686,3686,3671,0.9959305480195334,1675,0.0002723311546840959,0.12182505997986512,164.56778526884978,300,300,0,300,62,62,0,62,0.20666666666666667,0.20666666666666667,0.0,0.20666666666666667,79.33333333333333,79.33333333333333,0.0,0,238,completed_quasi_prospective_public_DFT_label_trial
materials_discovery,Matbench Discovery WBM unique prototypes,stable_inorganic_crystal_candidate,cgcnn_ensemble_learned_materials_model,CGCNN 10-member ensemble,quasi_prospective_public_DFT_label_followup,followup_partition_DFT_labels_used_only_after_PARC_decision,pre_release_top_score_DFT_stable_positives_in_calibration_blocks,composition_family_pair,0.1,0.2,500,15,certified_release,164.56778526884978,5.0,7.109328323614311,0.02332775058379255,10.460251046025103,3686,3686,3671,0.9959305480195334,1675,0.0002723311546840959,0.12182505997986512,164.56778526884978,500,239,261,239,149,36,113,36,0.298,0.1506276150627615,0.4329501915708812,0.1506276150627615,70.19999999999999,84.93723849372385,56.70498084291188,113,203,completed_quasi_prospective_public_DFT_label_trial
materials_discovery,Matbench Discovery WBM unique prototypes,stable_inorganic_crystal_candidate,cgcnn_ensemble_learned_materials_model,CGCNN 10-member ensemble,quasi_prospective_public_DFT_label_followup,followup_partition_DFT_labels_used_only_after_PARC_decision,pre_release_top_score_DFT_stable_positives_in_calibration_blocks,composition_family_pair,0.1,0.2,1000,15,certified_release,164.56778526884978,5.0,3.5546641618071555,0.8972119449015601,28.90173410404624,3686,3686,3671,0.9959305480195334,1675,0.0002723311546840959,0.12182505997986512,164.56778526884978,1000,173,827,173,403,13,390,13,0.403,0.07514450867052024,0.47158403869407495,0.07514450867052024,59.699999999999996,92.48554913294798,52.84159613059251,390,160,completed_quasi_prospective_public_DFT_label_trial
materials_discovery,Matbench Discovery WBM unique prototypes,stable_inorganic_crystal_candidate,cgcnn_ensemble_learned_materials_model,CGCNN 10-member ensemble,quasi_prospective_public_DFT_label_followup,followup_partition_DFT_labels_used_only_after_PARC_decision,pre_release_top_score_DFT_stable_positives_in_calibration_blocks,composition_family_pair,0.1,0.2,5000,15,certified_refusal,164.56778526884978,5.0,0.710932832361431,-4.623499009676742,5.0,3686,3686,3671,0.9959305480195334,1675,0.0002723311546840959,0.12182505997986512,164.56778526884978,5000,0,5000,0,2061,0,2061,0,0.4122,0.0,0.4122,0.0,58.78,0.0,58.78,2061,0,completed_quasi_prospective_public_DFT_label_trial
materials_discovery,Matbench Discovery WBM unique prototypes,stable_inorganic_crystal_candidate,megnet_weak_learned_materials_model,MEGNet,quasi_prospective_public_DFT_label_followup,followup_partition_DFT_labels_used_only_after_PARC_decision,pre_release_top_score_DFT_stable_positives_in_calibration_blocks,composition_family_pair,0.1,0.1,100,15,certified_release,164.76455676497005,10.0,15.323103779142215,52.785337229375656,10.0,3686,3686,3676,0.9972870320130223,1675,0.0002719608376393799,0.12180486826987404,164.76455676497005,100,100,0,100,1,1,0,1,0.01,0.01,0.0,0.01,99.0,99.0,0.0,0,99,completed_quasi_prospective_public_DFT_label_trial
materials_discovery,Matbench Discovery WBM unique prototypes,stable_inorganic_crystal_candidate,megnet_weak_learned_materials_model,MEGNet,quasi_prospective_public_DFT_label_followup,followup_partition_DFT_labels_used_only_after_PARC_decision,pre_release_top_score_DFT_stable_positives_in_calibration_blocks,composition_family_pair,0.1,0.1,300,15,boundary_release,164.76455676497005,10.0,5.107701259714072,0.26701812729675467,12.14574898785425,3686,3686,3676,0.9972870320130223,1675,0.0002719608376393799,0.12180486826987404,164.76455676497005,300,247,53,247,48,26,22,26,0.16,0.10526315789473684,0.41509433962264153,0.10526315789473684,84.0,89.47368421052632,58.490566037735846,22,221,completed_quasi_prospective_public_DFT_label_trial
materials_discovery,Matbench Discovery WBM unique prototypes,stable_inorganic_crystal_candidate,megnet_weak_learned_materials_model,MEGNet,quasi_prospective_public_DFT_label_followup,followup_partition_DFT_labels_used_only_after_PARC_decision,pre_release_top_score_DFT_stable_positives_in_calibration_blocks,composition_family_pair,0.1,0.1,500,15,certified_release,164.76455676497005,10.0,3.064620755828443,1.6280630456508334,38.46153846153846,3686,3686,3676,0.9972870320130223,1675,0.0002719608376393799,0.12180486826987404,164.76455676497005,500,130,370,130,103,4,99,4,0.206,0.03076923076923077,0.26756756756756755,0.03076923076923077,79.4,96.92307692307692,73.24324324324324,99,126,completed_quasi_prospective_public_DFT_label_trial
materials_discovery,Matbench Discovery WBM unique prototypes,stable_inorganic_crystal_candidate,megnet_weak_learned_materials_model,MEGNet,quasi_prospective_public_DFT_label_followup,followup_partition_DFT_labels_used_only_after_PARC_decision,pre_release_top_score_DFT_stable_positives_in_calibration_blocks,composition_family_pair,0.1,0.1,1000,15,certified_release,164.76455676497005,10.0,1.5323103779142215,57.237675044539955,107.5268817204301,3686,3686,3676,0.9972870320130223,1675,0.0002719608376393799,0.12180486826987404,164.76455676497005,1000,93,907,93,295,0,295,0,0.295,0.0,0.32524807056229327,0.0,70.5,100.0,67.47519294377067,295,93,completed_quasi_prospective_public_DFT_label_trial
materials_discovery,Matbench Discovery WBM unique prototypes,stable_inorganic_crystal_candidate,megnet_weak_learned_materials_model,MEGNet,quasi_prospective_public_DFT_label_followup,followup_partition_DFT_labels_used_only_after_PARC_decision,pre_release_top_score_DFT_stable_positives_in_calibration_blocks,composition_family_pair,0.1,0.1,5000,15,certified_refusal,164.76455676497005,10.0,0.30646207558284433,-9.26649613965105,10.0,3686,3686,3676,0.9972870320130223,1675,0.0002719608376393799,0.12180486826987404,164.76455676497005,5000,0,5000,0,2789,0,2789,0,0.5578,0.0,0.5578,0.0,44.22,0.0,44.22,2789,0,completed_quasi_prospective_public_DFT_label_trial
materials_discovery,Matbench Discovery WBM unique prototypes,stable_inorganic_crystal_candidate,megnet_weak_learned_materials_model,MEGNet,quasi_prospective_public_DFT_label_followup,followup_partition_DFT_labels_used_only_after_PARC_decision,pre_release_top_score_DFT_stable_positives_in_calibration_blocks,composition_family_pair,0.1,0.2,100,15,certified_release,164.76455676497005,5.0,30.64620755828443,57.785337229375656,5.0,3686,3686,3676,0.9972870320130223,1675,0.0002719608376393799,0.12180486826987404,164.76455676497005,100,100,0,100,1,1,0,1,0.01,0.01,0.0,0.01,99.0,99.0,0.0,0,99,completed_quasi_prospective_public_DFT_label_trial
materials_discovery,Matbench Discovery WBM unique prototypes,stable_inorganic_crystal_candidate,megnet_weak_learned_materials_model,MEGNet,quasi_prospective_public_DFT_label_followup,followup_partition_DFT_labels_used_only_after_PARC_decision,pre_release_top_score_DFT_stable_positives_in_calibration_blocks,composition_family_pair,0.1,0.2,300,15,certified_release,164.76455676497005,5.0,10.215402519428144,4.754380314316059,5.0,3686,3686,3676,0.9972870320130223,1675,0.0002719608376393799,0.12180486826987404,164.76455676497005,300,300,0,300,48,48,0,48,0.16,0.16,0.0,0.16,84.0,84.0,0.0,0,252,completed_quasi_prospective_public_DFT_label_trial
materials_discovery,Matbench Discovery WBM unique prototypes,stable_inorganic_crystal_candidate,megnet_weak_learned_materials_model,MEGNet,quasi_prospective_public_DFT_label_followup,followup_partition_DFT_labels_used_only_after_PARC_decision,pre_release_top_score_DFT_stable_positives_in_calibration_blocks,composition_family_pair,0.1,0.2,500,15,boundary_release,164.76455676497005,5.0,6.129241511656886,0.025132660868958823,5.1020408163265305,3686,3686,3676,0.9972870320130223,1675,0.0002719608376393799,0.12180486826987404,164.76455676497005,500,490,10,490,103,99,4,99,0.206,0.20204081632653062,0.4,0.20204081632653062,79.4,79.79591836734694,60.0,4,391,completed_quasi_prospective_public_DFT_label_trial
materials_discovery,Matbench Discovery WBM unique prototypes,stable_inorganic_crystal_candidate,megnet_weak_learned_materials_model,MEGNet,quasi_prospective_public_DFT_label_followup,followup_partition_DFT_labels_used_only_after_PARC_decision,pre_release_top_score_DFT_stable_positives_in_calibration_blocks,composition_family_pair,0.1,0.2,1000,15,certified_release,164.76455676497005,5.0,3.064620755828443,1.6280630456508334,38.46153846153846,3686,3686,3676,0.9972870320130223,1675,0.0002719608376393799,0.12180486826987404,164.76455676497005,1000,130,870,130,295,4,291,4,0.295,0.03076923076923077,0.33448275862068966,0.03076923076923077,70.5,96.92307692307692,66.55172413793103,291,126,completed_quasi_prospective_public_DFT_label_trial
materials_discovery,Matbench Discovery WBM unique prototypes,stable_inorganic_crystal_candidate,megnet_weak_learned_materials_model,MEGNet,quasi_prospective_public_DFT_label_followup,followup_partition_DFT_labels_used_only_after_PARC_decision,pre_release_top_score_DFT_stable_positives_in_calibration_blocks,composition_family_pair,0.1,0.2,5000,15,certified_refusal,164.76455676497005,5.0,0.6129241511656887,-4.26649613965105,5.0,3686,3686,3676,0.9972870320130223,1675,0.0002719608376393799,0.12180486826987404,164.76455676497005,5000,0,5000,0,2789,0,2789,0,0.5578,0.0,0.5578,0.0,44.22,0.0,44.22,2789,0,completed_quasi_prospective_public_DFT_label_trial
materials_discovery,Matbench Discovery WBM unique prototypes,stable_inorganic_crystal_candidate,alignn_ff_modern_learned_materials_model,ALIGNN-FF,quasi_prospective_public_DFT_label_followup,followup_partition_DFT_labels_used_only_after_PARC_decision,pre_release_top_score_DFT_stable_positives_in_calibration_blocks,composition_family_pair,0.1,0.1,100,16,boundary_release,164.6858515373797,10.0,6.5874340614951885,3.0104470653076945,10.0,3686,3686,3674,0.9967444384156267,1602,0.00027210884353741496,0.12181294085397648,164.6858515373797,100,100,0,100,19,19,0,19,0.19,0.19,0.0,0.19,81.0,81.0,0.0,0,81,completed_quasi_prospective_public_DFT_label_trial
materials_discovery,Matbench Discovery WBM unique prototypes,stable_inorganic_crystal_candidate,alignn_ff_modern_learned_materials_model,ALIGNN-FF,quasi_prospective_public_DFT_label_followup,followup_partition_DFT_labels_used_only_after_PARC_decision,pre_release_top_score_DFT_stable_positives_in_calibration_blocks,composition_family_pair,0.1,0.1,300,16,certified_release,164.6858515373797,10.0,2.195811353831729,19.83000681704263,69.76744186046511,3686,3686,3674,0.9967444384156267,1602,0.00027210884353741496,0.12181294085397648,164.6858515373797,300,43,257,43,99,0,99,0,0.33,0.0,0.3852140077821012,0.0,67.0,100.0,61.478599221789885,99,43,completed_quasi_prospective_public_DFT_label_trial
materials_discovery,Matbench Discovery WBM unique prototypes,stable_inorganic_crystal_candidate,alignn_ff_modern_learned_materials_model,ALIGNN-FF,quasi_prospective_public_DFT_label_followup,followup_partition_DFT_labels_used_only_after_PARC_decision,pre_release_top_score_DFT_stable_positives_in_calibration_blocks,composition_family_pair,0.1,0.1,500,16,certified_release,164.6858515373797,10.0,1.3174868122990377,39.685851537379705,125.0,3686,3686,3674,0.9967444384156267,1602,0.00027210884353741496,0.12181294085397648,164.6858515373797,500,40,460,40,188,0,188,0,0.376,0.0,0.40869565217391307,0.0,62.4,100.0,59.130434782608695,188,40,completed_quasi_prospective_public_DFT_label_trial
materials_discovery,Matbench Discovery WBM unique prototypes,stable_inorganic_crystal_candidate,alignn_ff_modern_learned_materials_model,ALIGNN-FF,quasi_prospective_public_DFT_label_followup,followup_partition_DFT_labels_used_only_after_PARC_decision,pre_release_top_score_DFT_stable_positives_in_calibration_blocks,composition_family_pair,0.1,0.1,1000,16,certified_refusal,164.6858515373797,10.0,0.6587434061495189,-7.7681737445292605,10.0,3686,3686,3674,0.9967444384156267,1602,0.00027210884353741496,0.12181294085397648,164.6858515373797,1000,0,1000,0,408,0,408,0,0.408,0.0,0.408,0.0,59.199999999999996,0.0,59.199999999999996,408,0,completed_quasi_prospective_public_DFT_label_trial
materials_discovery,Matbench Discovery WBM unique prototypes,stable_inorganic_crystal_candidate,alignn_ff_modern_learned_materials_model,ALIGNN-FF,quasi_prospective_public_DFT_label_followup,followup_partition_DFT_labels_used_only_after_PARC_decision,pre_release_top_score_DFT_stable_positives_in_calibration_blocks,composition_family_pair,0.1,0.1,5000,16,certified_refusal,164.6858515373797,10.0,0.13174868122990377,-9.448269769921882,10.0,3686,3686,3674,0.9967444384156267,1602,0.00027210884353741496,0.12181294085397648,164.6858515373797,5000,0,5000,0,2623,0,2623,0,0.5246,0.0,0.5246,0.0,47.54,0.0,47.54,2623,0,completed_quasi_prospective_public_DFT_label_trial
materials_discovery,Matbench Discovery WBM unique prototypes,stable_inorganic_crystal_candidate,alignn_ff_modern_learned_materials_model,ALIGNN-FF,quasi_prospective_public_DFT_label_followup,followup_partition_DFT_labels_used_only_after_PARC_decision,pre_release_top_score_DFT_stable_positives_in_calibration_blocks,composition_family_pair,0.1,0.2,100,16,certified_release,164.6858515373797,5.0,13.174868122990377,8.010447065307694,5.0,3686,3686,3674,0.9967444384156267,1602,0.00027210884353741496,0.12181294085397648,164.6858515373797,100,100,0,100,19,19,0,19,0.19,0.19,0.0,0.19,81.0,81.0,0.0,0,81,completed_quasi_prospective_public_DFT_label_trial
materials_discovery,Matbench Discovery WBM unique prototypes,stable_inorganic_crystal_candidate,alignn_ff_modern_learned_materials_model,ALIGNN-FF,quasi_prospective_public_DFT_label_followup,followup_partition_DFT_labels_used_only_after_PARC_decision,pre_release_top_score_DFT_stable_positives_in_calibration_blocks,composition_family_pair,0.1,0.2,300,16,certified_release,164.6858515373797,5.0,4.391622707663458,0.6579817294693342,25.86206896551724,3686,3686,3674,0.9967444384156267,1602,0.00027210884353741496,0.12181294085397648,164.6858515373797,300,58,242,58,99,3,96,3,0.33,0.05172413793103448,0.39669421487603307,0.05172413793103448,67.0,94.82758620689656,60.33057851239669,96,55,completed_quasi_prospective_public_DFT_label_trial
materials_discovery,Matbench Discovery WBM unique prototypes,stable_inorganic_crystal_candidate,alignn_ff_modern_learned_materials_model,ALIGNN-FF,quasi_prospective_public_DFT_label_followup,followup_partition_DFT_labels_used_only_after_PARC_decision,pre_release_top_score_DFT_stable_positives_in_calibration_blocks,composition_family_pair,0.1,0.2,500,16,certified_release,164.6858515373797,5.0,2.6349736245980755,31.45791379378681,58.139534883720934,3686,3686,3674,0.9967444384156267,1602,0.00027210884353741496,0.12181294085397648,164.6858515373797,500,43,457,43,188,0,188,0,0.376,0.0,0.4113785557986871,0.0,62.4,100.0,58.86214442013129,188,43,completed_quasi_prospective_public_DFT_label_trial
materials_discovery,Matbench Discovery WBM unique prototypes,stable_inorganic_crystal_candidate,alignn_ff_modern_learned_materials_model,ALIGNN-FF,quasi_prospective_public_DFT_label_followup,followup_partition_DFT_labels_used_only_after_PARC_decision,pre_release_top_score_DFT_stable_positives_in_calibration_blocks,composition_family_pair,0.1,0.2,1000,16,certified_release,164.6858515373797,5.0,1.3174868122990377,39.685851537379705,125.0,3686,3686,3674,0.9967444384156267,1602,0.00027210884353741496,0.12181294085397648,164.6858515373797,1000,40,960,40,408,0,408,0,0.408,0.0,0.425,0.0,59.199999999999996,100.0,57.49999999999999,408,40,completed_quasi_prospective_public_DFT_label_trial
materials_discovery,Matbench Discovery WBM unique prototypes,stable_inorganic_crystal_candidate,alignn_ff_modern_learned_materials_model,ALIGNN-FF,quasi_prospective_public_DFT_label_followup,followup_partition_DFT_labels_used_only_after_PARC_decision,pre_release_top_score_DFT_stable_positives_in_calibration_blocks,composition_family_pair,0.1,0.2,5000,16,certified_refusal,164.6858515373797,5.0,0.26349736245980754,-4.4482697699218825,5.0,3686,3686,3674,0.9967444384156267,1602,0.00027210884353741496,0.12181294085397648,164.6858515373797,5000,0,5000,0,2623,0,2623,0,0.5246,0.0,0.5246,0.0,47.54,0.0,47.54,2623,0,completed_quasi_prospective_public_DFT_label_trial
materials_discovery,Matbench Discovery WBM unique prototypes,stable_inorganic_crystal_candidate,cgcnn_ensemble_learned_materials_model,CGCNN 10-member ensemble,quasi_prospective_public_DFT_label_followup,followup_partition_DFT_labels_used_only_after_PARC_decision,pre_release_top_score_DFT_stable_positives_in_calibration_blocks,composition_family_pair,0.1,0.1,100,16,certified_release,164.60714181580366,10.0,8.065749948974378,8.566685755496703,10.0,3686,3686,3672,0.9962018448182312,1602,0.0002722570106180234,0.12182101890347945,164.60714181580366,100,100,0,100,8,8,0,8,0.08,0.08,0.0,0.08,92.0,92.0,0.0,0,92,completed_quasi_prospective_public_DFT_label_trial
materials_discovery,Matbench Discovery WBM unique prototypes,stable_inorganic_crystal_candidate,cgcnn_ensemble_learned_materials_model,CGCNN 10-member ensemble,quasi_prospective_public_DFT_label_followup,followup_partition_DFT_labels_used_only_after_PARC_decision,pre_release_top_score_DFT_stable_positives_in_calibration_blocks,composition_family_pair,0.1,0.1,300,16,certified_release,164.60714181580366,10.0,2.688583316324793,5.244539795811761,43.47826086956522,3686,3686,3672,0.9962018448182312,1602,0.0002722570106180234,0.12182101890347945,164.60714181580366,300,69,231,69,89,3,86,3,0.2966666666666667,0.043478260869565216,0.3722943722943723,0.043478260869565216,70.33333333333334,95.65217391304348,62.77056277056276,86,66,completed_quasi_prospective_public_DFT_label_trial
materials_discovery,Matbench Discovery WBM unique prototypes,stable_inorganic_crystal_candidate,cgcnn_ensemble_learned_materials_model,CGCNN 10-member ensemble,quasi_prospective_public_DFT_label_followup,followup_partition_DFT_labels_used_only_after_PARC_decision,pre_release_top_score_DFT_stable_positives_in_calibration_blocks,composition_family_pair,0.1,0.1,500,16,certified_release,164.60714181580366,10.0,1.6131499897948758,62.566325489273055,102.0408163265306,3686,3686,3672,0.9962018448182312,1602,0.0002722570106180234,0.12182101890347945,164.60714181580366,500,49,451,49,184,0,184,0,0.368,0.0,0.4079822616407982,0.0,63.2,100.0,59.20177383592018,184,49,completed_quasi_prospective_public_DFT_label_trial
materials_discovery,Matbench Discovery WBM unique prototypes,stable_inorganic_crystal_candidate,cgcnn_ensemble_learned_materials_model,CGCNN 10-member ensemble,quasi_prospective_public_DFT_label_followup,followup_partition_DFT_labels_used_only_after_PARC_decision,pre_release_top_score_DFT_stable_positives_in_calibration_blocks,composition_family_pair,0.1,0.1,1000,16,certified_refusal,164.60714181580366,10.0,0.8065749948974379,-7.953380110699361,10.01001001001001,3686,3686,3672,0.9962018448182312,1602,0.0002722570106180234,0.12182101890347945,164.60714181580366,1000,0,1000,0,446,0,446,0,0.446,0.0,0.446,0.0,55.400000000000006,0.0,55.400000000000006,446,0,completed_quasi_prospective_public_DFT_label_trial
materials_discovery,Matbench Discovery WBM unique prototypes,stable_inorganic_crystal_candidate,cgcnn_ensemble_learned_materials_model,CGCNN 10-member ensemble,quasi_prospective_public_DFT_label_followup,followup_partition_DFT_labels_used_only_after_PARC_decision,pre_release_top_score_DFT_stable_positives_in_calibration_blocks,composition_family_pair,0.1,0.1,5000,16,certified_refusal,164.60714181580366,10.0,0.1613149989794876,-9.602010221591927,10.0,3686,3686,3672,0.9962018448182312,1602,0.0002722570106180234,0.12182101890347945,164.60714181580366,5000,0,5000,0,2037,0,2037,0,0.4074,0.0,0.4074,0.0,59.260000000000005,0.0,59.260000000000005,2037,0,completed_quasi_prospective_public_DFT_label_trial
materials_discovery,Matbench Discovery WBM unique prototypes,stable_inorganic_crystal_candidate,cgcnn_ensemble_learned_materials_model,CGCNN 10-member ensemble,quasi_prospective_public_DFT_label_followup,followup_partition_DFT_labels_used_only_after_PARC_decision,pre_release_top_score_DFT_stable_positives_in_calibration_blocks,composition_family_pair,0.1,0.2,100,16,certified_release,164.60714181580366,5.0,16.131499897948757,13.566685755496703,5.0,3686,3686,3672,0.9962018448182312,1602,0.0002722570106180234,0.12182101890347945,164.60714181580366,100,100,0,100,8,8,0,8,0.08,0.08,0.0,0.08,92.0,92.0,0.0,0,92,completed_quasi_prospective_public_DFT_label_trial
materials_discovery,Matbench Discovery WBM unique prototypes,stable_inorganic_crystal_candidate,cgcnn_ensemble_learned_materials_model,CGCNN 10-member ensemble,quasi_prospective_public_DFT_label_followup,followup_partition_DFT_labels_used_only_after_PARC_decision,pre_release_top_score_DFT_stable_positives_in_calibration_blocks,composition_family_pair,0.1,0.2,300,16,boundary_release,164.60714181580366,5.0,5.377166632649586,1.0530046850822679,5.0,3686,3686,3672,0.9962018448182312,1602,0.0002722570106180234,0.12182101890347945,164.60714181580366,300,300,0,300,89,89,0,89,0.2966666666666667,0.2966666666666667,0.0,0.2966666666666667,70.33333333333334,70.33333333333334,0.0,0,211,completed_quasi_prospective_public_DFT_label_trial
materials_discovery,Matbench Discovery WBM unique prototypes,stable_inorganic_crystal_candidate,cgcnn_ensemble_learned_materials_model,CGCNN 10-member ensemble,quasi_prospective_public_DFT_label_followup,followup_partition_DFT_labels_used_only_after_PARC_decision,pre_release_top_score_DFT_stable_positives_in_calibration_blocks,composition_family_pair,0.1,0.2,500,16,certified_release,164.60714181580366,5.0,3.2262999795897516,0.4661543431988733,26.041666666666664,3686,3686,3672,0.9962018448182312,1602,0.0002722570106180234,0.12182101890347945,164.60714181580366,500,96,404,96,184,8,176,8,0.368,0.08333333333333333,0.43564356435643564,0.08333333333333333,63.2,91.66666666666666,56.43564356435643,176,88,completed_quasi_prospective_public_DFT_label_trial
materials_discovery,Matbench Discovery WBM unique prototypes,stable_inorganic_crystal_candidate,cgcnn_ensemble_learned_materials_model,CGCNN 10-member ensemble,quasi_prospective_public_DFT_label_followup,followup_partition_DFT_labels_used_only_after_PARC_decision,pre_release_top_score_DFT_stable_positives_in_calibration_blocks,composition_family_pair,0.1,0.2,1000,16,certified_release,164.60714181580366,5.0,1.6131499897948758,62.566325489273055,102.0408163265306,3686,3686,3672,0.9962018448182312,1602,0.0002722570106180234,0.12182101890347945,164.60714181580366,1000,49,951,49,446,0,446,0,0.446,0.0,0.46898002103049424,0.0,55.400000000000006,100.0,53.10199789695058,446,49,completed_quasi_prospective_public_DFT_label_trial
materials_discovery,Matbench Discovery WBM unique prototypes,stable_inorganic_crystal_candidate,cgcnn_ensemble_learned_materials_model,CGCNN 10-member ensemble,quasi_prospective_public_DFT_label_followup,followup_partition_DFT_labels_used_only_after_PARC_decision,pre_release_top_score_DFT_stable_positives_in_calibration_blocks,composition_family_pair,0.1,0.2,5000,16,certified_refusal,164.60714181580366,5.0,0.3226299979589752,-4.602010221591928,5.0,3686,3686,3672,0.9962018448182312,1602,0.0002722570106180234,0.12182101890347945,164.60714181580366,5000,0,5000,0,2037,0,2037,0,0.4074,0.0,0.4074,0.0,59.260000000000005,0.0,59.260000000000005,2037,0,completed_quasi_prospective_public_DFT_label_trial
materials_discovery,Matbench Discovery WBM unique prototypes,stable_inorganic_crystal_candidate,megnet_weak_learned_materials_model,MEGNet,quasi_prospective_public_DFT_label_followup,followup_partition_DFT_labels_used_only_after_PARC_decision,pre_release_top_score_DFT_stable_positives_in_calibration_blocks,composition_family_pair,0.1,0.1,100,16,certified_release,164.76455676497005,10.0,6.9201113841287425,13.925039756150507,10.0,3686,3686,3676,0.9972870320130223,1602,0.0002719608376393799,0.12180486826987404,164.76455676497005,100,100,0,100,9,9,0,9,0.09,0.09,0.0,0.09,91.0,91.0,0.0,0,91,completed_quasi_prospective_public_DFT_label_trial
materials_discovery,Matbench Discovery WBM unique prototypes,stable_inorganic_crystal_candidate,megnet_weak_learned_materials_model,MEGNet,quasi_prospective_public_DFT_label_followup,followup_partition_DFT_labels_used_only_after_PARC_decision,pre_release_top_score_DFT_stable_positives_in_calibration_blocks,composition_family_pair,0.1,0.1,300,16,certified_release,164.76455676497005,10.0,2.306703794709581,1.149255086163869,47.61904761904761,3686,3686,3676,0.9972870320130223,1602,0.0002719608376393799,0.12180486826987404,164.76455676497005,300,63,237,63,75,3,72,3,0.25,0.047619047619047616,0.3037974683544304,0.047619047619047616,75.0,95.23809523809523,69.62025316455697,72,60,completed_quasi_prospective_public_DFT_label_trial
materials_discovery,Matbench Discovery WBM unique prototypes,stable_inorganic_crystal_candidate,megnet_weak_learned_materials_model,MEGNet,quasi_prospective_public_DFT_label_followup,followup_partition_DFT_labels_used_only_after_PARC_decision,pre_release_top_score_DFT_stable_positives_in_calibration_blocks,composition_family_pair,0.1,0.1,500,16,certified_release,164.76455676497005,10.0,1.3840222768257486,45.716937717351016,119.04761904761904,3686,3686,3676,0.9972870320130223,1602,0.0002719608376393799,0.12180486826987404,164.76455676497005,500,42,458,42,132,1,131,1,0.264,0.023809523809523808,0.28602620087336245,0.023809523809523808,73.6,97.61904761904762,71.39737991266377,131,41,completed_quasi_prospective_public_DFT_label_trial
materials_discovery,Matbench Discovery WBM unique prototypes,stable_inorganic_crystal_candidate,megnet_weak_learned_materials_model,MEGNet,quasi_prospective_public_DFT_label_followup,followup_partition_DFT_labels_used_only_after_PARC_decision,pre_release_top_score_DFT_stable_positives_in_calibration_blocks,composition_family_pair,0.1,0.1,1000,16,certified_refusal,164.76455676497005,10.0,0.6920111384128743,-7.2568469235834,10.0,3686,3686,3676,0.9972870320130223,1602,0.0002719608376393799,0.12180486826987404,164.76455676497005,1000,0,1000,0,336,0,336,0,0.336,0.0,0.336,0.0,66.4,0.0,66.4,336,0,completed_quasi_prospective_public_DFT_label_trial
materials_discovery,Matbench Discovery WBM unique prototypes,stable_inorganic_crystal_candidate,megnet_weak_learned_materials_model,MEGNet,quasi_prospective_public_DFT_label_followup,followup_partition_DFT_labels_used_only_after_PARC_decision,pre_release_top_score_DFT_stable_positives_in_calibration_blocks,composition_family_pair,0.1,0.1,5000,16,certified_refusal,164.76455676497005,10.0,0.13840222768257485,-9.37289882476547,10.0,3686,3686,3676,0.9972870320130223,1602,0.0002719608376393799,0.12180486826987404,164.76455676497005,5000,0,5000,0,2745,0,2745,0,0.549,0.0,0.549,0.0,45.1,0.0,45.1,2745,0,completed_quasi_prospective_public_DFT_label_trial
materials_discovery,Matbench Discovery WBM unique prototypes,stable_inorganic_crystal_candidate,megnet_weak_learned_materials_model,MEGNet,quasi_prospective_public_DFT_label_followup,followup_partition_DFT_labels_used_only_after_PARC_decision,pre_release_top_score_DFT_stable_positives_in_calibration_blocks,composition_family_pair,0.1,0.2,100,16,certified_release,164.76455676497005,5.0,13.840222768257485,18.925039756150507,5.0,3686,3686,3676,0.9972870320130223,1602,0.0002719608376393799,0.12180486826987404,164.76455676497005,100,100,0,100,9,9,0,9,0.09,0.09,0.0,0.09,91.0,91.0,0.0,0,91,completed_quasi_prospective_public_DFT_label_trial
materials_discovery,Matbench Discovery WBM unique prototypes,stable_inorganic_crystal_candidate,megnet_weak_learned_materials_model,MEGNet,quasi_prospective_public_DFT_label_followup,followup_partition_DFT_labels_used_only_after_PARC_decision,pre_release_top_score_DFT_stable_positives_in_calibration_blocks,composition_family_pair,0.1,0.2,300,16,boundary_release,164.76455676497005,5.0,4.613407589419162,2.643851564559836,5.0,3686,3686,3676,0.9972870320130223,1602,0.0002719608376393799,0.12180486826987404,164.76455676497005,300,300,0,300,75,75,0,75,0.25,0.25,0.0,0.25,75.0,75.0,0.0,0,225,completed_quasi_prospective_public_DFT_label_trial
materials_discovery,Matbench Discovery WBM unique prototypes,stable_inorganic_crystal_candidate,megnet_weak_learned_materials_model,MEGNet,quasi_prospective_public_DFT_label_followup,followup_partition_DFT_labels_used_only_after_PARC_decision,pre_release_top_score_DFT_stable_positives_in_calibration_blocks,composition_family_pair,0.1,0.2,500,16,boundary_release,164.76455676497005,5.0,2.7680445536514973,0.32600586359257555,12.690355329949236,3686,3686,3676,0.9972870320130223,1602,0.0002719608376393799,0.12180486826987404,164.76455676497005,500,197,303,197,132,46,86,46,0.264,0.233502538071066,0.2838283828382838,0.233502538071066,73.6,76.6497461928934,71.61716171617162,86,151,completed_quasi_prospective_public_DFT_label_trial
materials_discovery,Matbench Discovery WBM unique prototypes,stable_inorganic_crystal_candidate,megnet_weak_learned_materials_model,MEGNet,quasi_prospective_public_DFT_label_followup,followup_partition_DFT_labels_used_only_after_PARC_decision,pre_release_top_score_DFT_stable_positives_in_calibration_blocks,composition_family_pair,0.1,0.2,1000,16,certified_release,164.76455676497005,5.0,1.3840222768257486,45.716937717351016,119.04761904761904,3686,3686,3676,0.9972870320130223,1602,0.0002719608376393799,0.12180486826987404,164.76455676497005,1000,42,958,42,336,1,335,1,0.336,0.023809523809523808,0.3496868475991649,0.023809523809523808,66.4,97.61904761904762,65.03131524008352,335,41,completed_quasi_prospective_public_DFT_label_trial
materials_discovery,Matbench Discovery WBM unique prototypes,stable_inorganic_crystal_candidate,megnet_weak_learned_materials_model,MEGNet,quasi_prospective_public_DFT_label_followup,followup_partition_DFT_labels_used_only_after_PARC_decision,pre_release_top_score_DFT_stable_positives_in_calibration_blocks,composition_family_pair,0.1,0.2,5000,16,certified_refusal,164.76455676497005,5.0,0.2768044553651497,-4.372898824765469,5.0,3686,3686,3676,0.9972870320130223,1602,0.0002719608376393799,0.12180486826987404,164.76455676497005,5000,0,5000,0,2745,0,2745,0,0.549,0.0,0.549,0.0,45.1,0.0,45.1,2745,0,completed_quasi_prospective_public_DFT_label_trial
materials_discovery,Matbench Discovery WBM unique prototypes,stable_inorganic_crystal_candidate,alignn_ff_modern_learned_materials_model,ALIGNN-FF,quasi_prospective_public_DFT_label_followup,followup_partition_DFT_labels_used_only_after_PARC_decision,pre_release_top_score_DFT_stable_positives_in_calibration_blocks,composition_family_pair,0.1,0.1,100,17,certified_release,164.60714181580366,10.0,14.485428479790723,52.72646550419436,10.0,3686,3686,3672,0.9962018448182312,1640,0.0002722570106180234,0.12182101890347945,164.60714181580366,100,100,0,100,2,2,0,2,0.02,0.02,0.0,0.02,98.0,98.0,0.0,0,98,completed_quasi_prospective_public_DFT_label_trial
materials_discovery,Matbench Discovery WBM unique prototypes,stable_inorganic_crystal_candidate,alignn_ff_modern_learned_materials_model,ALIGNN-FF,quasi_prospective_public_DFT_label_followup,followup_partition_DFT_labels_used_only_after_PARC_decision,pre_release_top_score_DFT_stable_positives_in_calibration_blocks,composition_family_pair,0.1,0.1,300,17,boundary_release,164.60714181580366,10.0,4.828476159930241,0.5091708574778178,15.706806282722512,3686,3686,3672,0.9962018448182312,1640,0.0002722570106180234,0.12182101890347945,164.60714181580366,300,191,109,191,55,24,31,24,0.18333333333333332,0.1256544502617801,0.28440366972477066,0.1256544502617801,81.66666666666667,87.43455497382199,71.55963302752293,31,167,completed_quasi_prospective_public_DFT_label_trial
materials_discovery,Matbench Discovery WBM unique prototypes,stable_inorganic_crystal_candidate,alignn_ff_modern_learned_materials_model,ALIGNN-FF,quasi_prospective_public_DFT_label_followup,followup_partition_DFT_labels_used_only_after_PARC_decision,pre_release_top_score_DFT_stable_positives_in_calibration_blocks,composition_family_pair,0.1,0.1,500,17,certified_release,164.60714181580366,10.0,2.8970856959581446,5.087306291236104,34.96503496503497,3686,3686,3672,0.9962018448182312,1640,0.0002722570106180234,0.12182101890347945,164.60714181580366,500,143,357,143,135,11,124,11,0.27,0.07692307692307693,0.3473389355742297,0.07692307692307693,73.0,92.3076923076923,65.26610644257703,124,132,completed_quasi_prospective_public_DFT_label_trial
materials_discovery,Matbench Discovery WBM unique prototypes,stable_inorganic_crystal_candidate,alignn_ff_modern_learned_materials_model,ALIGNN-FF,quasi_prospective_public_DFT_label_followup,followup_partition_DFT_labels_used_only_after_PARC_decision,pre_release_top_score_DFT_stable_positives_in_calibration_blocks,composition_family_pair,0.1,0.1,1000,17,certified_release,164.60714181580366,10.0,1.4485428479790723,50.97077817944003,113.63636363636363,3686,3686,3672,0.9962018448182312,1640,0.0002722570106180234,0.12182101890347945,164.60714181580366,1000,88,912,88,353,0,353,0,0.353,0.0,0.38706140350877194,0.0,64.7,100.0,61.29385964912281,353,88,completed_quasi_prospective_public_DFT_label_trial
materials_discovery,Matbench Discovery WBM unique prototypes,stable_inorganic_crystal_candidate,alignn_ff_modern_learned_materials_model,ALIGNN-FF,quasi_prospective_public_DFT_label_followup,followup_partition_DFT_labels_used_only_after_PARC_decision,pre_release_top_score_DFT_stable_positives_in_calibration_blocks,composition_family_pair,0.1,0.1,5000,17,certified_refusal,164.60714181580366,10.0,0.2897085695958145,-9.437222374002786,10.0,3686,3686,3672,0.9962018448182312,1640,0.0002722570106180234,0.12182101890347945,164.60714181580366,5000,0,5000,0,2589,0,2589,0,0.5178,0.0,0.5178,0.0,48.22,0.0,48.22,2589,0,completed_quasi_prospective_public_DFT_label_trial
materials_discovery,Matbench Discovery WBM unique prototypes,stable_inorganic_crystal_candidate,alignn_ff_modern_learned_materials_model,ALIGNN-FF,quasi_prospective_public_DFT_label_followup,followup_partition_DFT_labels_used_only_after_PARC_decision,pre_release_top_score_DFT_stable_positives_in_calibration_blocks,composition_family_pair,0.1,0.2,100,17,certified_release,164.60714181580366,5.0,28.970856959581447,57.72646550419436,5.0,3686,3686,3672,0.9962018448182312,1640,0.0002722570106180234,0.12182101890347945,164.60714181580366,100,100,0,100,2,2,0,2,0.02,0.02,0.0,0.02,98.0,98.0,0.0,0,98,completed_quasi_prospective_public_DFT_label_trial
materials_discovery,Matbench Discovery WBM unique prototypes,stable_inorganic_crystal_candidate,alignn_ff_modern_learned_materials_model,ALIGNN-FF,quasi_prospective_public_DFT_label_followup,followup_partition_DFT_labels_used_only_after_PARC_decision,pre_release_top_score_DFT_stable_positives_in_calibration_blocks,composition_family_pair,0.1,0.2,300,17,certified_release,164.60714181580366,5.0,9.656952319860482,2.0751643016352253,5.0,3686,3686,3672,0.9962018448182312,1640,0.0002722570106180234,0.12182101890347945,164.60714181580366,300,300,0,300,55,55,0,55,0.18333333333333332,0.18333333333333332,0.0,0.18333333333333332,81.66666666666667,81.66666666666667,0.0,0,245,completed_quasi_prospective_public_DFT_label_trial
materials_discovery,Matbench Discovery WBM unique prototypes,stable_inorganic_crystal_candidate,alignn_ff_modern_learned_materials_model,ALIGNN-FF,quasi_prospective_public_DFT_label_followup,followup_partition_DFT_labels_used_only_after_PARC_decision,pre_release_top_score_DFT_stable_positives_in_calibration_blocks,composition_family_pair,0.1,0.2,500,17,certified_release,164.60714181580366,5.0,5.794171391916289,0.020629314560228096,10.080645161290322,3686,3686,3672,0.9962018448182312,1640,0.0002722570106180234,0.12182101890347945,164.60714181580366,500,248,252,248,135,41,94,41,0.27,0.16532258064516128,0.373015873015873,0.16532258064516128,73.0,83.46774193548387,62.698412698412696,94,207,completed_quasi_prospective_public_DFT_label_trial
materials_discovery,Matbench Discovery WBM unique prototypes,stable_inorganic_crystal_candidate,alignn_ff_modern_learned_materials_model,ALIGNN-FF,quasi_prospective_public_DFT_label_followup,followup_partition_DFT_labels_used_only_after_PARC_decision,pre_release_top_score_DFT_stable_positives_in_calibration_blocks,composition_family_pair,0.1,0.2,1000,17,certified_release,164.60714181580366,5.0,2.8970856959581446,5.087306291236104,34.96503496503497,3686,3686,3672,0.9962018448182312,1640,0.0002722570106180234,0.12182101890347945,164.60714181580366,1000,143,857,143,353,11,342,11,0.353,0.07692307692307693,0.3990665110851809,0.07692307692307693,64.7,92.3076923076923,60.09334889148191,342,132,completed_quasi_prospective_public_DFT_label_trial
materials_discovery,Matbench Discovery WBM unique prototypes,stable_inorganic_crystal_candidate,alignn_ff_modern_learned_materials_model,ALIGNN-FF,quasi_prospective_public_DFT_label_followup,followup_partition_DFT_labels_used_only_after_PARC_decision,pre_release_top_score_DFT_stable_positives_in_calibration_blocks,composition_family_pair,0.1,0.2,5000,17,certified_refusal,164.60714181580366,5.0,0.579417139191629,-4.437222374002787,5.0,3686,3686,3672,0.9962018448182312,1640,0.0002722570106180234,0.12182101890347945,164.60714181580366,5000,0,5000,0,2589,0,2589,0,0.5178,0.0,0.5178,0.0,48.22,0.0,48.22,2589,0,completed_quasi_prospective_public_DFT_label_trial
materials_discovery,Matbench Discovery WBM unique prototypes,stable_inorganic_crystal_candidate,cgcnn_ensemble_learned_materials_model,CGCNN 10-member ensemble,quasi_prospective_public_DFT_label_followup,followup_partition_DFT_labels_used_only_after_PARC_decision,pre_release_top_score_DFT_stable_positives_in_calibration_blocks,composition_family_pair,0.1,0.1,100,17,certified_release,164.60714181580366,10.0,16.460714181580364,154.60714181580366,10.0,3686,3686,3672,0.9962018448182312,1640,0.0002722570106180234,0.12182101890347945,164.60714181580366,100,100,0,100,0,0,0,0,0.0,0.0,0.0,0.0,100.0,100.0,0.0,0,100,completed_quasi_prospective_public_DFT_label_trial
materials_discovery,Matbench Discovery WBM unique prototypes,stable_inorganic_crystal_candidate,cgcnn_ensemble_learned_materials_model,CGCNN 10-member ensemble,quasi_prospective_public_DFT_label_followup,followup_partition_DFT_labels_used_only_after_PARC_decision,pre_release_top_score_DFT_stable_positives_in_calibration_blocks,composition_family_pair,0.1,0.1,300,17,boundary_release,164.60714181580366,10.0,6.8037618617198845,0.27225920101459344,11.583011583011581,3686,3686,3672,0.9962018448182312,1640,0.0002722570106180234,0.12182101890347945,164.60714181580366,300,259,41,259,59,40,19,40,0.19666666666666666,0.15444015444015444,0.4634146341463415,0.15444015444015444,80.33333333333333,84.55598455598455,53.65853658536586,19,219,completed_quasi_prospective_public_DFT_label_trial
materials_discovery,Matbench Discovery WBM unique prototypes,stable_inorganic_crystal_candidate,cgcnn_ensemble_learned_materials_model,CGCNN 10-member ensemble,quasi_prospective_public_DFT_label_followup,followup_partition_DFT_labels_used_only_after_PARC_decision,pre_release_top_score_DFT_stable_positives_in_calibration_blocks,composition_family_pair,0.1,0.1,500,17,certified_release,164.60714181580366,10.0,4.082257117031931,2.028060337027661,27.77777777777778,3686,3686,3672,0.9962018448182312,1640,0.0002722570106180234,0.12182101890347945,164.60714181580366,500,180,320,180,136,9,127,9,0.272,0.05,0.396875,0.05,72.8,95.0,60.3125,127,171,completed_quasi_prospective_public_DFT_label_trial
materials_discovery,Matbench Discovery WBM unique prototypes,stable_inorganic_crystal_candidate,cgcnn_ensemble_learned_materials_model,CGCNN 10-member ensemble,quasi_prospective_public_DFT_label_followup,followup_partition_DFT_labels_used_only_after_PARC_decision,pre_release_top_score_DFT_stable_positives_in_calibration_blocks,composition_family_pair,0.1,0.1,1000,17,certified_release,164.60714181580366,10.0,2.0411285585159655,22.888461376281498,66.66666666666667,3686,3686,3672,0.9962018448182312,1640,0.0002722570106180234,0.12182101890347945,164.60714181580366,1000,150,850,150,378,5,373,5,0.378,0.03333333333333333,0.4388235294117647,0.03333333333333333,62.2,96.66666666666667,56.11764705882353,373,145,completed_quasi_prospective_public_DFT_label_trial
materials_discovery,Matbench Discovery WBM unique prototypes,stable_inorganic_crystal_candidate,cgcnn_ensemble_learned_materials_model,CGCNN 10-member ensemble,quasi_prospective_public_DFT_label_followup,followup_partition_DFT_labels_used_only_after_PARC_decision,pre_release_top_score_DFT_stable_positives_in_calibration_blocks,composition_family_pair,0.1,0.1,5000,17,certified_refusal,164.60714181580366,10.0,0.40822571170319305,-9.614406018634487,10.0,3686,3686,3672,0.9962018448182312,1640,0.0002722570106180234,0.12182101890347945,164.60714181580366,5000,0,5000,0,2056,0,2056,0,0.4112,0.0,0.4112,0.0,58.879999999999995,0.0,58.879999999999995,2056,0,completed_quasi_prospective_public_DFT_label_trial
materials_discovery,Matbench Discovery WBM unique prototypes,stable_inorganic_crystal_candidate,cgcnn_ensemble_learned_materials_model,CGCNN 10-member ensemble,quasi_prospective_public_DFT_label_followup,followup_partition_DFT_labels_used_only_after_PARC_decision,pre_release_top_score_DFT_stable_positives_in_calibration_blocks,composition_family_pair,0.1,0.2,100,17,certified_release,164.60714181580366,5.0,32.92142836316073,159.60714181580366,5.0,3686,3686,3672,0.9962018448182312,1640,0.0002722570106180234,0.12182101890347945,164.60714181580366,100,100,0,100,0,0,0,0,0.0,0.0,0.0,0.0,100.0,100.0,0.0,0,100,completed_quasi_prospective_public_DFT_label_trial
materials_discovery,Matbench Discovery WBM unique prototypes,stable_inorganic_crystal_candidate,cgcnn_ensemble_learned_materials_model,CGCNN 10-member ensemble,quasi_prospective_public_DFT_label_followup,followup_partition_DFT_labels_used_only_after_PARC_decision,pre_release_top_score_DFT_stable_positives_in_calibration_blocks,composition_family_pair,0.1,0.2,300,17,certified_release,164.60714181580366,5.0,13.607523723439769,2.4393686303553626,5.0,3686,3686,3672,0.9962018448182312,1640,0.0002722570106180234,0.12182101890347945,164.60714181580366,300,300,0,300,59,59,0,59,0.19666666666666666,0.19666666666666666,0.0,0.19666666666666666,80.33333333333333,80.33333333333333,0.0,0,241,completed_quasi_prospective_public_DFT_label_trial
materials_discovery,Matbench Discovery WBM unique prototypes,stable_inorganic_crystal_candidate,cgcnn_ensemble_learned_materials_model,CGCNN 10-member ensemble,quasi_prospective_public_DFT_label_followup,followup_partition_DFT_labels_used_only_after_PARC_decision,pre_release_top_score_DFT_stable_positives_in_calibration_blocks,composition_family_pair,0.1,0.2,500,17,certified_release,164.60714181580366,5.0,8.164514234063862,0.05043288165220616,8.771929824561404,3686,3686,3672,0.9962018448182312,1640,0.0002722570106180234,0.12182101890347945,164.60714181580366,500,285,215,285,136,53,83,53,0.272,0.18596491228070175,0.386046511627907,0.18596491228070175,72.8,81.40350877192982,61.395348837209305,83,232,completed_quasi_prospective_public_DFT_label_trial
materials_discovery,Matbench Discovery WBM unique prototypes,stable_inorganic_crystal_candidate,cgcnn_ensemble_learned_materials_model,CGCNN 10-member ensemble,quasi_prospective_public_DFT_label_followup,followup_partition_DFT_labels_used_only_after_PARC_decision,pre_release_top_score_DFT_stable_positives_in_calibration_blocks,composition_family_pair,0.1,0.2,1000,17,certified_release,164.60714181580366,5.0,4.082257117031931,2.028060337027661,27.77777777777778,3686,3686,3672,0.9962018448182312,1640,0.0002722570106180234,0.12182101890347945,164.60714181580366,1000,180,820,180,378,9,369,9,0.378,0.05,0.45,0.05,62.2,95.0,55.00000000000001,369,171,completed_quasi_prospective_public_DFT_label_trial
materials_discovery,Matbench Discovery WBM unique prototypes,stable_inorganic_crystal_candidate,cgcnn_ensemble_learned_materials_model,CGCNN 10-member ensemble,quasi_prospective_public_DFT_label_followup,followup_partition_DFT_labels_used_only_after_PARC_decision,pre_release_top_score_DFT_stable_positives_in_calibration_blocks,composition_family_pair,0.1,0.2,5000,17,certified_refusal,164.60714181580366,5.0,0.8164514234063861,-4.614406018634487,5.0,3686,3686,3672,0.9962018448182312,1640,0.0002722570106180234,0.12182101890347945,164.60714181580366,5000,0,5000,0,2056,0,2056,0,0.4112,0.0,0.4112,0.0,58.879999999999995,0.0,58.879999999999995,2056,0,completed_quasi_prospective_public_DFT_label_trial
materials_discovery,Matbench Discovery WBM unique prototypes,stable_inorganic_crystal_candidate,megnet_weak_learned_materials_model,MEGNet,quasi_prospective_public_DFT_label_followup,followup_partition_DFT_labels_used_only_after_PARC_decision,pre_release_top_score_DFT_stable_positives_in_calibration_blocks,composition_family_pair,0.1,0.1,100,17,certified_release,164.64649723852398,10.0,16.4646497238524,154.64649723852398,10.0,3686,3686,3673,0.9964731416169289,1640,0.00027218290691344586,0.12181697919513129,164.64649723852398,100,100,0,100,2,2,0,2,0.02,0.02,0.0,0.02,98.0,98.0,0.0,0,98,completed_quasi_prospective_public_DFT_label_trial
materials_discovery,Matbench Discovery WBM unique prototypes,stable_inorganic_crystal_candidate,megnet_weak_learned_materials_model,MEGNet,quasi_prospective_public_DFT_label_followup,followup_partition_DFT_labels_used_only_after_PARC_decision,pre_release_top_score_DFT_stable_positives_in_calibration_blocks,composition_family_pair,0.1,0.1,300,17,boundary_release,164.64649723852398,10.0,5.982156066333038,0.03986339801222982,11.320754716981131,3686,3686,3673,0.9964731416169289,1640,0.00027218290691344586,0.12181697919513129,164.64649723852398,300,265,35,265,40,27,13,27,0.13333333333333333,0.1018867924528302,0.37142857142857144,0.1018867924528302,86.66666666666667,89.81132075471699,62.857142857142854,13,238,completed_quasi_prospective_public_DFT_label_trial
materials_discovery,Matbench Discovery WBM unique prototypes,stable_inorganic_crystal_candidate,megnet_weak_learned_materials_model,MEGNet,quasi_prospective_public_DFT_label_followup,followup_partition_DFT_labels_used_only_after_PARC_decision,pre_release_top_score_DFT_stable_positives_in_calibration_blocks,composition_family_pair,0.1,0.1,500,17,certified_release,164.64649723852398,10.0,3.589293639799823,1.6669466533870576,32.467532467532465,3686,3686,3673,0.9964731416169289,1640,0.00027218290691344586,0.12181697919513129,164.64649723852398,500,154,346,154,103,8,95,8,0.206,0.05194805194805195,0.2745664739884393,0.05194805194805195,79.4,94.8051948051948,72.54335260115607,95,146,completed_quasi_prospective_public_DFT_label_trial
materials_discovery,Matbench Discovery WBM unique prototypes,stable_inorganic_crystal_candidate,megnet_weak_learned_materials_model,MEGNet,quasi_prospective_public_DFT_label_followup,followup_partition_DFT_labels_used_only_after_PARC_decision,pre_release_top_score_DFT_stable_positives_in_calibration_blocks,composition_family_pair,0.1,0.1,1000,17,certified_release,164.64649723852398,10.0,1.7946468198999115,6.242955349763221,83.33333333333333,3686,3686,3673,0.9964731416169289,1640,0.00027218290691344586,0.12181697919513129,164.64649723852398,1000,120,880,120,294,6,288,6,0.294,0.05,0.32727272727272727,0.05,70.6,95.0,67.27272727272727,288,114,completed_quasi_prospective_public_DFT_label_trial
materials_discovery,Matbench Discovery WBM unique prototypes,stable_inorganic_crystal_candidate,megnet_weak_learned_materials_model,MEGNet,quasi_prospective_public_DFT_label_followup,followup_partition_DFT_labels_used_only_after_PARC_decision,pre_release_top_score_DFT_stable_positives_in_calibration_blocks,composition_family_pair,0.1,0.1,5000,17,certified_refusal,164.64649723852398,10.0,0.35892936397998226,-9.310871749028117,10.002000400080016,3686,3686,3673,0.9964731416169289,1640,0.00027218290691344586,0.12181697919513129,164.64649723852398,5000,0,5000,0,2785,0,2785,0,0.557,0.0,0.557,0.0,44.3,0.0,44.3,2785,0,completed_quasi_prospective_public_DFT_label_trial
materials_discovery,Matbench Discovery WBM unique prototypes,stable_inorganic_crystal_candidate,megnet_weak_learned_materials_model,MEGNet,quasi_prospective_public_DFT_label_followup,followup_partition_DFT_labels_used_only_after_PARC_decision,pre_release_top_score_DFT_stable_positives_in_calibration_blocks,composition_family_pair,0.1,0.2,100,17,certified_release,164.64649723852398,5.0,32.9292994477048,159.64649723852398,5.0,3686,3686,3673,0.9964731416169289,1640,0.00027218290691344586,0.12181697919513129,164.64649723852398,100,100,0,100,2,2,0,2,0.02,0.02,0.0,0.02,98.0,98.0,0.0,0,98,completed_quasi_prospective_public_DFT_label_trial
materials_discovery,Matbench Discovery WBM unique prototypes,stable_inorganic_crystal_candidate,megnet_weak_learned_materials_model,MEGNet,quasi_prospective_public_DFT_label_followup,followup_partition_DFT_labels_used_only_after_PARC_decision,pre_release_top_score_DFT_stable_positives_in_calibration_blocks,composition_family_pair,0.1,0.2,300,17,certified_release,164.64649723852398,5.0,11.964312132666077,4.1107292689496795,5.0,3686,3686,3673,0.9964731416169289,1640,0.00027218290691344586,0.12181697919513129,164.64649723852398,300,300,0,300,40,40,0,40,0.13333333333333333,0.13333333333333333,0.0,0.13333333333333333,86.66666666666667,86.66666666666667,0.0,0,260,completed_quasi_prospective_public_DFT_label_trial
materials_discovery,Matbench Discovery WBM unique prototypes,stable_inorganic_crystal_candidate,megnet_weak_learned_materials_model,MEGNet,quasi_prospective_public_DFT_label_followup,followup_partition_DFT_labels_used_only_after_PARC_decision,pre_release_top_score_DFT_stable_positives_in_calibration_blocks,composition_family_pair,0.1,0.2,500,17,boundary_release,164.64649723852398,5.0,7.178587279599646,0.49686393901388115,5.0,3686,3686,3673,0.9964731416169289,1640,0.00027218290691344586,0.12181697919513129,164.64649723852398,500,500,0,500,103,103,0,103,0.206,0.206,0.0,0.206,79.4,79.4,0.0,0,397,completed_quasi_prospective_public_DFT_label_trial
materials_discovery,Matbench Discovery WBM unique prototypes,stable_inorganic_crystal_candidate,megnet_weak_learned_materials_model,MEGNet,quasi_prospective_public_DFT_label_followup,followup_partition_DFT_labels_used_only_after_PARC_decision,pre_release_top_score_DFT_stable_positives_in_calibration_blocks,composition_family_pair,0.1,0.2,1000,17,certified_release,164.64649723852398,5.0,3.589293639799823,1.6669466533870576,32.467532467532465,3686,3686,3673,0.9964731416169289,1640,0.00027218290691344586,0.12181697919513129,164.64649723852398,1000,154,846,154,294,8,286,8,0.294,0.05194805194805195,0.3380614657210402,0.05194805194805195,70.6,94.8051948051948,66.19385342789597,286,146,completed_quasi_prospective_public_DFT_label_trial
materials_discovery,Matbench Discovery WBM unique prototypes,stable_inorganic_crystal_candidate,megnet_weak_learned_materials_model,MEGNet,quasi_prospective_public_DFT_label_followup,followup_partition_DFT_labels_used_only_after_PARC_decision,pre_release_top_score_DFT_stable_positives_in_calibration_blocks,composition_family_pair,0.1,0.2,5000,17,certified_refusal,164.64649723852398,5.0,0.7178587279599645,-4.309871548988108,5.001000200040008,3686,3686,3673,0.9964731416169289,1640,0.00027218290691344586,0.12181697919513129,164.64649723852398,5000,0,5000,0,2785,0,2785,0,0.557,0.0,0.557,0.0,44.3,0.0,44.3,2785,0,completed_quasi_prospective_public_DFT_label_trial
materials_discovery,Matbench Discovery WBM unique prototypes,stable_inorganic_crystal_candidate,alignn_ff_modern_learned_materials_model,ALIGNN-FF,quasi_prospective_public_DFT_label_followup,followup_partition_DFT_labels_used_only_after_PARC_decision,pre_release_top_score_DFT_stable_positives_in_calibration_blocks,composition_family_pair,0.1,0.1,100,18,certified_release,164.60714181580366,10.0,15.473071330685546,38.72280066537698,10.0,3686,3686,3672,0.9962018448182312,1618,0.0002722570106180234,0.12182101890347945,164.60714181580366,100,100,0,100,1,1,0,1,0.01,0.01,0.0,0.01,99.0,99.0,0.0,0,99,completed_quasi_prospective_public_DFT_label_trial
materials_discovery,Matbench Discovery WBM unique prototypes,stable_inorganic_crystal_candidate,alignn_ff_modern_learned_materials_model,ALIGNN-FF,quasi_prospective_public_DFT_label_followup,followup_partition_DFT_labels_used_only_after_PARC_decision,pre_release_top_score_DFT_stable_positives_in_calibration_blocks,composition_family_pair,0.1,0.1,300,18,boundary_release,164.60714181580366,10.0,5.157690443561848,0.20366918296419279,14.218009478672984,3686,3686,3672,0.9962018448182312,1618,0.0002722570106180234,0.12182101890347945,164.60714181580366,300,211,89,211,72,37,35,37,0.24,0.17535545023696683,0.39325842696629215,0.17535545023696683,76.0,82.46445497630332,60.67415730337079,35,174,completed_quasi_prospective_public_DFT_label_trial
materials_discovery,Matbench Discovery WBM unique prototypes,stable_inorganic_crystal_candidate,alignn_ff_modern_learned_materials_model,ALIGNN-FF,quasi_prospective_public_DFT_label_followup,followup_partition_DFT_labels_used_only_after_PARC_decision,pre_release_top_score_DFT_stable_positives_in_calibration_blocks,composition_family_pair,0.1,0.1,500,18,certified_release,164.60714181580366,10.0,3.094614266137109,2.173553377483195,37.878787878787875,3686,3686,3672,0.9962018448182312,1618,0.0002722570106180234,0.12182101890347945,164.60714181580366,500,132,368,132,168,8,160,8,0.336,0.06060606060606061,0.43478260869565216,0.06060606060606061,66.4,93.93939393939394,56.52173913043478,160,124,completed_quasi_prospective_public_DFT_label_trial
materials_discovery,Matbench Discovery WBM unique prototypes,stable_inorganic_crystal_candidate,alignn_ff_modern_learned_materials_model,ALIGNN-FF,quasi_prospective_public_DFT_label_followup,followup_partition_DFT_labels_used_only_after_PARC_decision,pre_release_top_score_DFT_stable_positives_in_calibration_blocks,composition_family_pair,0.1,0.1,1000,18,certified_release,164.60714181580366,10.0,1.5473071330685546,58.22416309239941,106.38297872340425,3686,3686,3672,0.9962018448182312,1618,0.0002722570106180234,0.12182101890347945,164.60714181580366,1000,94,906,94,410,0,410,0,0.41,0.0,0.45253863134657835,0.0,59.0,100.0,54.746136865342166,410,94,completed_quasi_prospective_public_DFT_label_trial
materials_discovery,Matbench Discovery WBM unique prototypes,stable_inorganic_crystal_candidate,alignn_ff_modern_learned_materials_model,ALIGNN-FF,quasi_prospective_public_DFT_label_followup,followup_partition_DFT_labels_used_only_after_PARC_decision,pre_release_top_score_DFT_stable_positives_in_calibration_blocks,composition_family_pair,0.1,0.1,5000,18,certified_refusal,164.60714181580366,10.0,0.3094614266137109,-9.393963468357931,10.0,3686,3686,3672,0.9962018448182312,1618,0.0002722570106180234,0.12182101890347945,164.60714181580366,5000,0,5000,0,2647,0,2647,0,0.5294,0.0,0.5294,0.0,47.06,0.0,47.06,2647,0,completed_quasi_prospective_public_DFT_label_trial
materials_discovery,Matbench Discovery WBM unique prototypes,stable_inorganic_crystal_candidate,alignn_ff_modern_learned_materials_model,ALIGNN-FF,quasi_prospective_public_DFT_label_followup,followup_partition_DFT_labels_used_only_after_PARC_decision,pre_release_top_score_DFT_stable_positives_in_calibration_blocks,composition_family_pair,0.1,0.2,100,18,certified_release,164.60714181580366,5.0,30.94614266137109,43.72280066537698,5.0,3686,3686,3672,0.9962018448182312,1618,0.0002722570106180234,0.12182101890347945,164.60714181580366,100,100,0,100,1,1,0,1,0.01,0.01,0.0,0.01,99.0,99.0,0.0,0,99,completed_quasi_prospective_public_DFT_label_trial
materials_discovery,Matbench Discovery WBM unique prototypes,stable_inorganic_crystal_candidate,alignn_ff_modern_learned_materials_model,ALIGNN-FF,quasi_prospective_public_DFT_label_followup,followup_partition_DFT_labels_used_only_after_PARC_decision,pre_release_top_score_DFT_stable_positives_in_calibration_blocks,composition_family_pair,0.1,0.2,300,18,boundary_release,164.60714181580366,5.0,10.315380887123696,2.846167941986419,5.0,3686,3686,3672,0.9962018448182312,1618,0.0002722570106180234,0.12182101890347945,164.60714181580366,300,300,0,300,72,72,0,72,0.24,0.24,0.0,0.24,76.0,76.0,0.0,0,228,completed_quasi_prospective_public_DFT_label_trial
materials_discovery,Matbench Discovery WBM unique prototypes,stable_inorganic_crystal_candidate,alignn_ff_modern_learned_materials_model,ALIGNN-FF,quasi_prospective_public_DFT_label_followup,followup_partition_DFT_labels_used_only_after_PARC_decision,pre_release_top_score_DFT_stable_positives_in_calibration_blocks,composition_family_pair,0.1,0.2,500,18,boundary_release,164.60714181580366,5.0,6.189228532274218,0.02316896751554065,6.4267352185089965,3686,3686,3672,0.9962018448182312,1618,0.0002722570106180234,0.12182101890347945,164.60714181580366,500,389,111,389,168,115,53,115,0.336,0.29562982005141386,0.4774774774774775,0.29562982005141386,66.4,70.4370179948586,52.25225225225225,53,274,completed_quasi_prospective_public_DFT_label_trial
materials_discovery,Matbench Discovery WBM unique prototypes,stable_inorganic_crystal_candidate,alignn_ff_modern_learned_materials_model,ALIGNN-FF,quasi_prospective_public_DFT_label_followup,followup_partition_DFT_labels_used_only_after_PARC_decision,pre_release_top_score_DFT_stable_positives_in_calibration_blocks,composition_family_pair,0.1,0.2,1000,18,certified_release,164.60714181580366,5.0,3.094614266137109,2.173553377483195,37.878787878787875,3686,3686,3672,0.9962018448182312,1618,0.0002722570106180234,0.12182101890347945,164.60714181580366,1000,132,868,132,410,8,402,8,0.41,0.06060606060606061,0.4631336405529954,0.06060606060606061,59.0,93.93939393939394,53.686635944700456,402,124,completed_quasi_prospective_public_DFT_label_trial
materials_discovery,Matbench Discovery WBM unique prototypes,stable_inorganic_crystal_candidate,alignn_ff_modern_learned_materials_model,ALIGNN-FF,quasi_prospective_public_DFT_label_followup,followup_partition_DFT_labels_used_only_after_PARC_decision,pre_release_top_score_DFT_stable_positives_in_calibration_blocks,composition_family_pair,0.1,0.2,5000,18,certified_refusal,164.60714181580366,5.0,0.6189228532274218,-4.393963468357931,5.0,3686,3686,3672,0.9962018448182312,1618,0.0002722570106180234,0.12182101890347945,164.60714181580366,5000,0,5000,0,2647,0,2647,0,0.5294,0.0,0.5294,0.0,47.06,0.0,47.06,2647,0,completed_quasi_prospective_public_DFT_label_trial
materials_discovery,Matbench Discovery WBM unique prototypes,stable_inorganic_crystal_candidate,cgcnn_ensemble_learned_materials_model,CGCNN 10-member ensemble,quasi_prospective_public_DFT_label_followup,followup_partition_DFT_labels_used_only_after_PARC_decision,pre_release_top_score_DFT_stable_positives_in_calibration_blocks,composition_family_pair,0.1,0.1,100,18,certified_release,164.37098565766786,10.0,16.43709856576679,154.37098565766786,10.0,3686,3686,3666,0.9945740640260445,1618,0.0002727024815925825,0.12184528591195548,164.37098565766786,100,100,0,100,0,0,0,0,0.0,0.0,0.0,0.0,100.0,100.0,0.0,0,100,completed_quasi_prospective_public_DFT_label_trial
materials_discovery,Matbench Discovery WBM unique prototypes,stable_inorganic_crystal_candidate,cgcnn_ensemble_learned_materials_model,CGCNN 10-member ensemble,quasi_prospective_public_DFT_label_followup,followup_partition_DFT_labels_used_only_after_PARC_decision,pre_release_top_score_DFT_stable_positives_in_calibration_blocks,composition_family_pair,0.1,0.1,300,18,boundary_release,164.37098565766786,10.0,6.465258769201602,0.018992410208101163,10.869565217391305,3686,3686,3666,0.9945740640260445,1618,0.0002727024815925825,0.12184528591195548,164.37098565766786,300,276,24,276,76,60,16,60,0.25333333333333335,0.21739130434782608,0.6666666666666666,0.21739130434782608,74.66666666666667,78.26086956521739,33.33333333333333,16,216,completed_quasi_prospective_public_DFT_label_trial
materials_discovery,Matbench Discovery WBM unique prototypes,stable_inorganic_crystal_candidate,cgcnn_ensemble_learned_materials_model,CGCNN 10-member ensemble,quasi_prospective_public_DFT_label_followup,followup_partition_DFT_labels_used_only_after_PARC_decision,pre_release_top_score_DFT_stable_positives_in_calibration_blocks,composition_family_pair,0.1,0.1,500,18,certified_release,164.37098565766786,10.0,3.8791552615209617,2.5905691568603757,27.173913043478258,3686,3686,3666,0.9945740640260445,1618,0.0002727024815925825,0.12184528591195548,164.37098565766786,500,184,316,184,178,17,161,17,0.356,0.09239130434782608,0.509493670886076,0.09239130434782608,64.4,90.76086956521739,49.050632911392405,161,167,completed_quasi_prospective_public_DFT_label_trial
materials_discovery,Matbench Discovery WBM unique prototypes,stable_inorganic_crystal_candidate,cgcnn_ensemble_learned_materials_model,CGCNN 10-member ensemble,quasi_prospective_public_DFT_label_followup,followup_partition_DFT_labels_used_only_after_PARC_decision,pre_release_top_score_DFT_stable_positives_in_calibration_blocks,composition_family_pair,0.1,0.1,1000,18,certified_release,164.37098565766786,10.0,1.9395776307604808,9.428150629587407,80.0,3686,3686,3666,0.9945740640260445,1618,0.0002727024815925825,0.12184528591195548,164.37098565766786,1000,125,875,125,444,3,441,3,0.444,0.024,0.504,0.024,55.60000000000001,97.6,49.6,441,122,completed_quasi_prospective_public_DFT_label_trial
materials_discovery,Matbench Discovery WBM unique prototypes,stable_inorganic_crystal_candidate,cgcnn_ensemble_learned_materials_model,CGCNN 10-member ensemble,quasi_prospective_public_DFT_label_followup,followup_partition_DFT_labels_used_only_after_PARC_decision,pre_release_top_score_DFT_stable_positives_in_calibration_blocks,composition_family_pair,0.1,0.1,5000,18,certified_refusal,164.37098565766786,10.0,0.3879155261520962,-9.58767538202012,10.0,3686,3686,3666,0.9945740640260445,1618,0.0002727024815925825,0.12184528591195548,164.37098565766786,5000,0,5000,0,2108,0,2108,0,0.4216,0.0,0.4216,0.0,57.84,0.0,57.84,2108,0,completed_quasi_prospective_public_DFT_label_trial
materials_discovery,Matbench Discovery WBM unique prototypes,stable_inorganic_crystal_candidate,cgcnn_ensemble_learned_materials_model,CGCNN 10-member ensemble,quasi_prospective_public_DFT_label_followup,followup_partition_DFT_labels_used_only_after_PARC_decision,pre_release_top_score_DFT_stable_positives_in_calibration_blocks,composition_family_pair,0.1,0.2,100,18,certified_release,164.37098565766786,5.0,32.87419713153358,159.37098565766786,5.0,3686,3686,3666,0.9945740640260445,1618,0.0002727024815925825,0.12184528591195548,164.37098565766786,100,100,0,100,0,0,0,0,0.0,0.0,0.0,0.0,100.0,100.0,0.0,0,100,completed_quasi_prospective_public_DFT_label_trial
materials_discovery,Matbench Discovery WBM unique prototypes,stable_inorganic_crystal_candidate,cgcnn_ensemble_learned_materials_model,CGCNN 10-member ensemble,quasi_prospective_public_DFT_label_followup,followup_partition_DFT_labels_used_only_after_PARC_decision,pre_release_top_score_DFT_stable_positives_in_calibration_blocks,composition_family_pair,0.1,0.2,300,18,boundary_release,164.37098565766786,5.0,12.930517538403205,3.5430601410368556,5.0,3686,3686,3666,0.9945740640260445,1618,0.0002727024815925825,0.12184528591195548,164.37098565766786,300,300,0,300,76,76,0,76,0.25333333333333335,0.25333333333333335,0.0,0.25333333333333335,74.66666666666667,74.66666666666667,0.0,0,224,completed_quasi_prospective_public_DFT_label_trial
materials_discovery,Matbench Discovery WBM unique prototypes,stable_inorganic_crystal_candidate,cgcnn_ensemble_learned_materials_model,CGCNN 10-member ensemble,quasi_prospective_public_DFT_label_followup,followup_partition_DFT_labels_used_only_after_PARC_decision,pre_release_top_score_DFT_stable_positives_in_calibration_blocks,composition_family_pair,0.1,0.2,500,18,boundary_release,164.37098565766786,5.0,7.758310523041923,0.07351854713118922,6.097560975609756,3686,3686,3666,0.9945740640260445,1618,0.0002727024815925825,0.12184528591195548,164.37098565766786,500,410,90,410,178,135,43,135,0.356,0.32926829268292684,0.4777777777777778,0.32926829268292684,64.4,67.07317073170732,52.22222222222223,43,275,completed_quasi_prospective_public_DFT_label_trial
materials_discovery,Matbench Discovery WBM unique prototypes,stable_inorganic_crystal_candidate,cgcnn_ensemble_learned_materials_model,CGCNN 10-member ensemble,quasi_prospective_public_DFT_label_followup,followup_partition_DFT_labels_used_only_after_PARC_decision,pre_release_top_score_DFT_stable_positives_in_calibration_blocks,composition_family_pair,0.1,0.2,1000,18,certified_release,164.37098565766786,5.0,3.8791552615209617,2.5905691568603757,27.173913043478258,3686,3686,3666,0.9945740640260445,1618,0.0002727024815925825,0.12184528591195548,164.37098565766786,1000,184,816,184,444,17,427,17,0.444,0.09239130434782608,0.5232843137254902,0.09239130434782608,55.60000000000001,90.76086956521739,47.67156862745098,427,167,completed_quasi_prospective_public_DFT_label_trial
materials_discovery,Matbench Discovery WBM unique prototypes,stable_inorganic_crystal_candidate,cgcnn_ensemble_learned_materials_model,CGCNN 10-member ensemble,quasi_prospective_public_DFT_label_followup,followup_partition_DFT_labels_used_only_after_PARC_decision,pre_release_top_score_DFT_stable_positives_in_calibration_blocks,composition_family_pair,0.1,0.2,5000,18,certified_refusal,164.37098565766786,5.0,0.7758310523041924,-4.5876753820201195,5.0,3686,3686,3666,0.9945740640260445,1618,0.0002727024815925825,0.12184528591195548,164.37098565766786,5000,0,5000,0,2108,0,2108,0,0.4216,0.0,0.4216,0.0,57.84,0.0,57.84,2108,0,completed_quasi_prospective_public_DFT_label_trial
materials_discovery,Matbench Discovery WBM unique prototypes,stable_inorganic_crystal_candidate,megnet_weak_learned_materials_model,MEGNet,quasi_prospective_public_DFT_label_followup,followup_partition_DFT_labels_used_only_after_PARC_decision,pre_release_top_score_DFT_stable_positives_in_calibration_blocks,composition_family_pair,0.1,0.1,100,18,certified_release,164.60714181580366,10.0,16.296107039764564,79.55512804294817,10.0,3686,3686,3672,0.9962018448182312,1618,0.0002722570106180234,0.12182101890347945,164.60714181580366,100,100,0,100,1,1,0,1,0.01,0.01,0.0,0.01,99.0,99.0,0.0,0,99,completed_quasi_prospective_public_DFT_label_trial
materials_discovery,Matbench Discovery WBM unique prototypes,stable_inorganic_crystal_candidate,megnet_weak_learned_materials_model,MEGNet,quasi_prospective_public_DFT_label_followup,followup_partition_DFT_labels_used_only_after_PARC_decision,pre_release_top_score_DFT_stable_positives_in_calibration_blocks,composition_family_pair,0.1,0.1,300,18,boundary_release,164.60714181580366,10.0,5.432035679921521,2.401497774636745,10.0,3686,3686,3672,0.9962018448182312,1618,0.0002722570106180234,0.12182101890347945,164.60714181580366,300,300,0,300,56,56,0,56,0.18666666666666668,0.18666666666666668,0.0,0.18666666666666668,81.33333333333333,81.33333333333333,0.0,0,244,completed_quasi_prospective_public_DFT_label_trial
materials_discovery,Matbench Discovery WBM unique prototypes,stable_inorganic_crystal_candidate,megnet_weak_learned_materials_model,MEGNet,quasi_prospective_public_DFT_label_followup,followup_partition_DFT_labels_used_only_after_PARC_decision,pre_release_top_score_DFT_stable_positives_in_calibration_blocks,composition_family_pair,0.1,0.1,500,18,boundary_release,164.60714181580366,10.0,3.2592214079529125,0.20634769113655338,23.696682464454973,3686,3686,3672,0.9962018448182312,1618,0.0002722570106180234,0.12182101890347945,164.60714181580366,500,211,289,211,114,24,90,24,0.228,0.11374407582938388,0.31141868512110726,0.11374407582938388,77.2,88.62559241706161,68.85813148788927,90,187,completed_quasi_prospective_public_DFT_label_trial
materials_discovery,Matbench Discovery WBM unique prototypes,stable_inorganic_crystal_candidate,megnet_weak_learned_materials_model,MEGNet,quasi_prospective_public_DFT_label_followup,followup_partition_DFT_labels_used_only_after_PARC_decision,pre_release_top_score_DFT_stable_positives_in_calibration_blocks,composition_family_pair,0.1,0.1,1000,18,certified_release,164.60714181580366,10.0,1.6296107039764562,63.59704080570265,101.01010101010101,3686,3686,3672,0.9962018448182312,1618,0.0002722570106180234,0.12182101890347945,164.60714181580366,1000,99,901,99,299,1,298,1,0.299,0.010101010101010102,0.33074361820199777,0.010101010101010102,70.1,98.98989898989899,66.92563817980022,298,98,completed_quasi_prospective_public_DFT_label_trial
materials_discovery,Matbench Discovery WBM unique prototypes,stable_inorganic_crystal_candidate,megnet_weak_learned_materials_model,MEGNet,quasi_prospective_public_DFT_label_followup,followup_partition_DFT_labels_used_only_after_PARC_decision,pre_release_top_score_DFT_stable_positives_in_calibration_blocks,composition_family_pair,0.1,0.1,5000,18,certified_refusal,164.60714181580366,10.0,0.32592214079529125,-9.237501604803349,10.0,3686,3686,3672,0.9962018448182312,1618,0.0002722570106180234,0.12182101890347945,164.60714181580366,5000,0,5000,0,2754,0,2754,0,0.5508,0.0,0.5508,0.0,44.92,0.0,44.92,2754,0,completed_quasi_prospective_public_DFT_label_trial
materials_discovery,Matbench Discovery WBM unique prototypes,stable_inorganic_crystal_candidate,megnet_weak_learned_materials_model,MEGNet,quasi_prospective_public_DFT_label_followup,followup_partition_DFT_labels_used_only_after_PARC_decision,pre_release_top_score_DFT_stable_positives_in_calibration_blocks,composition_family_pair,0.1,0.2,100,18,certified_release,164.60714181580366,5.0,32.59221407952913,84.55512804294817,5.0,3686,3686,3672,0.9962018448182312,1618,0.0002722570106180234,0.12182101890347945,164.60714181580366,100,100,0,100,1,1,0,1,0.01,0.01,0.0,0.01,99.0,99.0,0.0,0,99,completed_quasi_prospective_public_DFT_label_trial
materials_discovery,Matbench Discovery WBM unique prototypes,stable_inorganic_crystal_candidate,megnet_weak_learned_materials_model,MEGNet,quasi_prospective_public_DFT_label_followup,followup_partition_DFT_labels_used_only_after_PARC_decision,pre_release_top_score_DFT_stable_positives_in_calibration_blocks,composition_family_pair,0.1,0.2,300,18,certified_release,164.60714181580366,5.0,10.864071359843042,7.401497774636745,5.0,3686,3686,3672,0.9962018448182312,1618,0.0002722570106180234,0.12182101890347945,164.60714181580366,300,300,0,300,56,56,0,56,0.18666666666666668,0.18666666666666668,0.0,0.18666666666666668,81.33333333333333,81.33333333333333,0.0,0,244,completed_quasi_prospective_public_DFT_label_trial
materials_discovery,Matbench Discovery WBM unique prototypes,stable_inorganic_crystal_candidate,megnet_weak_learned_materials_model,MEGNet,quasi_prospective_public_DFT_label_followup,followup_partition_DFT_labels_used_only_after_PARC_decision,pre_release_top_score_DFT_stable_positives_in_calibration_blocks,composition_family_pair,0.1,0.2,500,18,boundary_release,164.60714181580366,5.0,6.518442815905825,1.0530046850822679,5.0,3686,3686,3672,0.9962018448182312,1618,0.0002722570106180234,0.12182101890347945,164.60714181580366,500,500,0,500,114,114,0,114,0.228,0.228,0.0,0.228,77.2,77.2,0.0,0,386,completed_quasi_prospective_public_DFT_label_trial
materials_discovery,Matbench Discovery WBM unique prototypes,stable_inorganic_crystal_candidate,megnet_weak_learned_materials_model,MEGNet,quasi_prospective_public_DFT_label_followup,followup_partition_DFT_labels_used_only_after_PARC_decision,pre_release_top_score_DFT_stable_positives_in_calibration_blocks,composition_family_pair,0.1,0.2,1000,18,certified_release,164.60714181580366,5.0,3.2592214079529125,0.20634769113655338,23.696682464454973,3686,3686,3672,0.9962018448182312,1618,0.0002722570106180234,0.12182101890347945,164.60714181580366,1000,211,789,211,299,24,275,24,0.299,0.11374407582938388,0.3485424588086185,0.11374407582938388,70.1,88.62559241706161,65.14575411913816,275,187,completed_quasi_prospective_public_DFT_label_trial
materials_discovery,Matbench Discovery WBM unique prototypes,stable_inorganic_crystal_candidate,megnet_weak_learned_materials_model,MEGNet,quasi_prospective_public_DFT_label_followup,followup_partition_DFT_labels_used_only_after_PARC_decision,pre_release_top_score_DFT_stable_positives_in_calibration_blocks,composition_family_pair,0.1,0.2,5000,18,certified_refusal,164.60714181580366,5.0,0.6518442815905825,-4.23606088357542,5.003001801080648,3686,3686,3672,0.9962018448182312,1618,0.0002722570106180234,0.12182101890347945,164.60714181580366,5000,0,5000,0,2754,0,2754,0,0.5508,0.0,0.5508,0.0,44.92,0.0,44.92,2754,0,completed_quasi_prospective_public_DFT_label_trial
materials_discovery,Matbench Discovery WBM unique prototypes,stable_inorganic_crystal_candidate,alignn_ff_modern_learned_materials_model,ALIGNN-FF,quasi_prospective_public_DFT_label_followup,followup_partition_DFT_labels_used_only_after_PARC_decision,pre_release_top_score_DFT_stable_positives_in_calibration_blocks,composition_family_pair,0.1,0.1,100,19,certified_release,164.64649723852398,10.0,14.324245259751587,52.74118413416109,10.0,3686,3686,3673,0.9964731416169289,1626,0.00027218290691344586,0.12181697919513129,164.64649723852398,100,100,0,100,9,9,0,9,0.09,0.09,0.0,0.09,91.0,91.0,0.0,0,91,completed_quasi_prospective_public_DFT_label_trial
materials_discovery,Matbench Discovery WBM unique prototypes,stable_inorganic_crystal_candidate,alignn_ff_modern_learned_materials_model,ALIGNN-FF,quasi_prospective_public_DFT_label_followup,followup_partition_DFT_labels_used_only_after_PARC_decision,pre_release_top_score_DFT_stable_positives_in_calibration_blocks,composition_family_pair,0.1,0.1,300,19,boundary_release,164.64649723852398,10.0,4.774748419917196,1.0077694832772153,22.900763358778622,3686,3686,3673,0.9964731416169289,1626,0.00027218290691344586,0.12181697919513129,164.64649723852398,300,131,169,131,73,15,58,15,0.24333333333333335,0.11450381679389313,0.3431952662721893,0.11450381679389313,75.66666666666667,88.54961832061069,65.68047337278107,58,116,completed_quasi_prospective_public_DFT_label_trial
materials_discovery,Matbench Discovery WBM unique prototypes,stable_inorganic_crystal_candidate,alignn_ff_modern_learned_materials_model,ALIGNN-FF,quasi_prospective_public_DFT_label_followup,followup_partition_DFT_labels_used_only_after_PARC_decision,pre_release_top_score_DFT_stable_positives_in_calibration_blocks,composition_family_pair,0.1,0.1,500,19,boundary_release,164.64649723852398,10.0,2.8648490519503174,6.361295373094599,42.3728813559322,3686,3686,3673,0.9964731416169289,1626,0.00027218290691344586,0.12181697919513129,164.64649723852398,500,118,382,118,165,13,152,13,0.33,0.11016949152542373,0.39790575916230364,0.11016949152542373,67.0,88.98305084745762,60.20942408376963,152,105,completed_quasi_prospective_public_DFT_label_trial
materials_discovery,Matbench Discovery WBM unique prototypes,stable_inorganic_crystal_candidate,alignn_ff_modern_learned_materials_model,ALIGNN-FF,quasi_prospective_public_DFT_label_followup,followup_partition_DFT_labels_used_only_after_PARC_decision,pre_release_top_score_DFT_stable_positives_in_calibration_blocks,composition_family_pair,0.1,0.1,1000,19,certified_release,164.64649723852398,10.0,1.4324245259751587,49.70396850289181,114.94252873563217,3686,3686,3673,0.9964731416169289,1626,0.00027218290691344586,0.12181697919513129,164.64649723852398,1000,87,913,87,411,6,405,6,0.411,0.06896551724137931,0.44359255202628695,0.06896551724137931,58.9,93.10344827586206,55.6407447973713,405,81,completed_quasi_prospective_public_DFT_label_trial
materials_discovery,Matbench Discovery WBM unique prototypes,stable_inorganic_crystal_candidate,alignn_ff_modern_learned_materials_model,ALIGNN-FF,quasi_prospective_public_DFT_label_followup,followup_partition_DFT_labels_used_only_after_PARC_decision,pre_release_top_score_DFT_stable_positives_in_calibration_blocks,composition_family_pair,0.1,0.1,5000,19,certified_refusal,164.64649723852398,10.0,0.2864849051950317,-9.417154019616703,10.0,3686,3686,3673,0.9964731416169289,1626,0.00027218290691344586,0.12181697919513129,164.64649723852398,5000,0,5000,0,2595,0,2595,0,0.519,0.0,0.519,0.0,48.1,0.0,48.1,2595,0,completed_quasi_prospective_public_DFT_label_trial
materials_discovery,Matbench Discovery WBM unique prototypes,stable_inorganic_crystal_candidate,alignn_ff_modern_learned_materials_model,ALIGNN-FF,quasi_prospective_public_DFT_label_followup,followup_partition_DFT_labels_used_only_after_PARC_decision,pre_release_top_score_DFT_stable_positives_in_calibration_blocks,composition_family_pair,0.1,0.2,100,19,certified_release,164.64649723852398,5.0,28.648490519503174,57.74118413416109,5.0,3686,3686,3673,0.9964731416169289,1626,0.00027218290691344586,0.12181697919513129,164.64649723852398,100,100,0,100,9,9,0,9,0.09,0.09,0.0,0.09,91.0,91.0,0.0,0,91,completed_quasi_prospective_public_DFT_label_trial
materials_discovery,Matbench Discovery WBM unique prototypes,stable_inorganic_crystal_candidate,alignn_ff_modern_learned_materials_model,ALIGNN-FF,quasi_prospective_public_DFT_label_followup,followup_partition_DFT_labels_used_only_after_PARC_decision,pre_release_top_score_DFT_stable_positives_in_calibration_blocks,composition_family_pair,0.1,0.2,300,19,boundary_release,164.64649723852398,5.0,9.549496839834392,0.599439386619939,5.0,3686,3686,3673,0.9964731416169289,1626,0.00027218290691344586,0.12181697919513129,164.64649723852398,300,300,0,300,73,73,0,73,0.24333333333333335,0.24333333333333335,0.0,0.24333333333333335,75.66666666666667,75.66666666666667,0.0,0,227,completed_quasi_prospective_public_DFT_label_trial
materials_discovery,Matbench Discovery WBM unique prototypes,stable_inorganic_crystal_candidate,alignn_ff_modern_learned_materials_model,ALIGNN-FF,quasi_prospective_public_DFT_label_followup,followup_partition_DFT_labels_used_only_after_PARC_decision,pre_release_top_score_DFT_stable_positives_in_calibration_blocks,composition_family_pair,0.1,0.2,500,19,certified_release,164.64649723852398,5.0,5.729698103900635,1.6632499067862483,18.382352941176467,3686,3686,3673,0.9964731416169289,1626,0.00027218290691344586,0.12181697919513129,164.64649723852398,500,136,364,136,165,18,147,18,0.33,0.1323529411764706,0.40384615384615385,0.1323529411764706,67.0,86.76470588235294,59.61538461538461,147,118,completed_quasi_prospective_public_DFT_label_trial
materials_discovery,Matbench Discovery WBM unique prototypes,stable_inorganic_crystal_candidate,alignn_ff_modern_learned_materials_model,ALIGNN-FF,quasi_prospective_public_DFT_label_followup,followup_partition_DFT_labels_used_only_after_PARC_decision,pre_release_top_score_DFT_stable_positives_in_calibration_blocks,composition_family_pair,0.1,0.2,1000,19,certified_release,164.64649723852398,5.0,2.8648490519503174,6.361295373094599,42.3728813559322,3686,3686,3673,0.9964731416169289,1626,0.00027218290691344586,0.12181697919513129,164.64649723852398,1000,118,882,118,411,13,398,13,0.411,0.11016949152542373,0.4512471655328798,0.11016949152542373,58.9,88.98305084745762,54.87528344671202,398,105,completed_quasi_prospective_public_DFT_label_trial
materials_discovery,Matbench Discovery WBM unique prototypes,stable_inorganic_crystal_candidate,alignn_ff_modern_learned_materials_model,ALIGNN-FF,quasi_prospective_public_DFT_label_followup,followup_partition_DFT_labels_used_only_after_PARC_decision,pre_release_top_score_DFT_stable_positives_in_calibration_blocks,composition_family_pair,0.1,0.2,5000,19,certified_refusal,164.64649723852398,5.0,0.5729698103900634,-4.417154019616704,5.0,3686,3686,3673,0.9964731416169289,1626,0.00027218290691344586,0.12181697919513129,164.64649723852398,5000,0,5000,0,2595,0,2595,0,0.519,0.0,0.519,0.0,48.1,0.0,48.1,2595,0,completed_quasi_prospective_public_DFT_label_trial
materials_discovery,Matbench Discovery WBM unique prototypes,stable_inorganic_crystal_candidate,cgcnn_ensemble_learned_materials_model,CGCNN 10-member ensemble,quasi_prospective_public_DFT_label_followup,followup_partition_DFT_labels_used_only_after_PARC_decision,pre_release_top_score_DFT_stable_positives_in_calibration_blocks,composition_family_pair,0.1,0.1,100,19,certified_release,164.56778526884978,10.0,13.494558392045683,38.71142423239396,10.0,3686,3686,3671,0.9959305480195334,1626,0.0002723311546840959,0.12182505997986512,164.56778526884978,100,100,0,100,1,1,0,1,0.01,0.01,0.0,0.01,99.0,99.0,0.0,0,99,completed_quasi_prospective_public_DFT_label_trial
materials_discovery,Matbench Discovery WBM unique prototypes,stable_inorganic_crystal_candidate,cgcnn_ensemble_learned_materials_model,CGCNN 10-member ensemble,quasi_prospective_public_DFT_label_followup,followup_partition_DFT_labels_used_only_after_PARC_decision,pre_release_top_score_DFT_stable_positives_in_calibration_blocks,composition_family_pair,0.1,0.1,300,19,certified_release,164.56778526884978,10.0,4.498186130681894,0.8065970338457227,20.979020979020977,3686,3686,3671,0.9959305480195334,1626,0.0002723311546840959,0.12182505997986512,164.56778526884978,300,143,157,143,59,4,55,4,0.19666666666666666,0.027972027972027972,0.3503184713375796,0.027972027972027972,80.33333333333333,97.2027972027972,64.96815286624204,55,139,completed_quasi_prospective_public_DFT_label_trial
materials_discovery,Matbench Discovery WBM unique prototypes,stable_inorganic_crystal_candidate,cgcnn_ensemble_learned_materials_model,CGCNN 10-member ensemble,quasi_prospective_public_DFT_label_followup,followup_partition_DFT_labels_used_only_after_PARC_decision,pre_release_top_score_DFT_stable_positives_in_calibration_blocks,composition_family_pair,0.1,0.1,500,19,certified_release,164.56778526884978,10.0,2.6989116784091367,12.20669590313755,50.505050505050505,3686,3686,3671,0.9959305480195334,1626,0.0002723311546840959,0.12182505997986512,164.56778526884978,500,99,401,99,145,1,144,1,0.29,0.010101010101010102,0.35910224438902744,0.010101010101010102,71.0,98.98989898989899,64.08977556109726,144,98,completed_quasi_prospective_public_DFT_label_trial
materials_discovery,Matbench Discovery WBM unique prototypes,stable_inorganic_crystal_candidate,cgcnn_ensemble_learned_materials_model,CGCNN 10-member ensemble,quasi_prospective_public_DFT_label_followup,followup_partition_DFT_labels_used_only_after_PARC_decision,pre_release_top_score_DFT_stable_positives_in_calibration_blocks,composition_family_pair,0.1,0.1,1000,19,certified_release,164.56778526884978,10.0,1.3494558392045684,42.616565756654666,121.95121951219511,3686,3686,3671,0.9959305480195334,1626,0.0002723311546840959,0.12182505997986512,164.56778526884978,1000,82,918,82,384,0,384,0,0.384,0.0,0.41830065359477125,0.0,61.6,100.0,58.16993464052288,384,82,completed_quasi_prospective_public_DFT_label_trial
materials_discovery,Matbench Discovery WBM unique prototypes,stable_inorganic_crystal_candidate,cgcnn_ensemble_learned_materials_model,CGCNN 10-member ensemble,quasi_prospective_public_DFT_label_followup,followup_partition_DFT_labels_used_only_after_PARC_decision,pre_release_top_score_DFT_stable_positives_in_calibration_blocks,composition_family_pair,0.1,0.1,5000,19,certified_refusal,164.56778526884978,10.0,0.26989116784091366,-9.624148662586284,10.0,3686,3686,3671,0.9959305480195334,1626,0.0002723311546840959,0.12182505997986512,164.56778526884978,5000,0,5000,0,1999,0,1999,0,0.3998,0.0,0.3998,0.0,60.019999999999996,0.0,60.019999999999996,1999,0,completed_quasi_prospective_public_DFT_label_trial
materials_discovery,Matbench Discovery WBM unique prototypes,stable_inorganic_crystal_candidate,cgcnn_ensemble_learned_materials_model,CGCNN 10-member ensemble,quasi_prospective_public_DFT_label_followup,followup_partition_DFT_labels_used_only_after_PARC_decision,pre_release_top_score_DFT_stable_positives_in_calibration_blocks,composition_family_pair,0.1,0.2,100,19,certified_release,164.56778526884978,5.0,26.989116784091365,43.71142423239396,5.0,3686,3686,3671,0.9959305480195334,1626,0.0002723311546840959,0.12182505997986512,164.56778526884978,100,100,0,100,1,1,0,1,0.01,0.01,0.0,0.01,99.0,99.0,0.0,0,99,completed_quasi_prospective_public_DFT_label_trial
materials_discovery,Matbench Discovery WBM unique prototypes,stable_inorganic_crystal_candidate,cgcnn_ensemble_learned_materials_model,CGCNN 10-member ensemble,quasi_prospective_public_DFT_label_followup,followup_partition_DFT_labels_used_only_after_PARC_decision,pre_release_top_score_DFT_stable_positives_in_calibration_blocks,composition_family_pair,0.1,0.2,300,19,certified_release,164.56778526884978,5.0,8.996372261363788,0.002944435692939784,5.033557046979865,3686,3686,3671,0.9959305480195334,1626,0.0002723311546840959,0.12182505997986512,164.56778526884978,300,298,2,298,59,59,0,59,0.19666666666666666,0.19798657718120805,0.0,0.19798657718120805,80.33333333333333,80.20134228187919,100.0,0,239,completed_quasi_prospective_public_DFT_label_trial
materials_discovery,Matbench Discovery WBM unique prototypes,stable_inorganic_crystal_candidate,cgcnn_ensemble_learned_materials_model,CGCNN 10-member ensemble,quasi_prospective_public_DFT_label_followup,followup_partition_DFT_labels_used_only_after_PARC_decision,pre_release_top_score_DFT_stable_positives_in_calibration_blocks,composition_family_pair,0.1,0.2,500,19,certified_release,164.56778526884978,5.0,5.397823356818273,1.7745030757869404,15.527950310559005,3686,3686,3671,0.9959305480195334,1626,0.0002723311546840959,0.12182505997986512,164.56778526884978,500,161,339,161,145,11,134,11,0.29,0.06832298136645963,0.3952802359882006,0.06832298136645963,71.0,93.16770186335404,60.47197640117994,134,150,completed_quasi_prospective_public_DFT_label_trial
materials_discovery,Matbench Discovery WBM unique prototypes,stable_inorganic_crystal_candidate,cgcnn_ensemble_learned_materials_model,CGCNN 10-member ensemble,quasi_prospective_public_DFT_label_followup,followup_partition_DFT_labels_used_only_after_PARC_decision,pre_release_top_score_DFT_stable_positives_in_calibration_blocks,composition_family_pair,0.1,0.2,1000,19,certified_release,164.56778526884978,5.0,2.6989116784091367,12.20669590313755,50.505050505050505,3686,3686,3671,0.9959305480195334,1626,0.0002723311546840959,0.12182505997986512,164.56778526884978,1000,99,901,99,384,1,383,1,0.384,0.010101010101010102,0.42508324084350724,0.010101010101010102,61.6,98.98989898989899,57.491675915649274,383,98,completed_quasi_prospective_public_DFT_label_trial
materials_discovery,Matbench Discovery WBM unique prototypes,stable_inorganic_crystal_candidate,cgcnn_ensemble_learned_materials_model,CGCNN 10-member ensemble,quasi_prospective_public_DFT_label_followup,followup_partition_DFT_labels_used_only_after_PARC_decision,pre_release_top_score_DFT_stable_positives_in_calibration_blocks,composition_family_pair,0.1,0.2,5000,19,certified_refusal,164.56778526884978,5.0,0.5397823356818273,-4.624148662586284,5.0,3686,3686,3671,0.9959305480195334,1626,0.0002723311546840959,0.12182505997986512,164.56778526884978,5000,0,5000,0,1999,0,1999,0,0.3998,0.0,0.3998,0.0,60.019999999999996,0.0,60.019999999999996,1999,0,completed_quasi_prospective_public_DFT_label_trial
materials_discovery,Matbench Discovery WBM unique prototypes,stable_inorganic_crystal_candidate,megnet_weak_learned_materials_model,MEGNet,quasi_prospective_public_DFT_label_followup,followup_partition_DFT_labels_used_only_after_PARC_decision,pre_release_top_score_DFT_stable_positives_in_calibration_blocks,composition_family_pair,0.1,0.1,100,19,certified_release,164.64649723852398,10.0,12.348487292889299,30.061656781060655,10.0,3686,3686,3673,0.9964731416169289,1626,0.00027218290691344586,0.12181697919513129,164.64649723852398,100,100,0,100,3,3,0,3,0.03,0.03,0.0,0.03,97.0,97.0,0.0,0,97,completed_quasi_prospective_public_DFT_label_trial
materials_discovery,Matbench Discovery WBM unique prototypes,stable_inorganic_crystal_candidate,megnet_weak_learned_materials_model,MEGNet,quasi_prospective_public_DFT_label_followup,followup_partition_DFT_labels_used_only_after_PARC_decision,pre_release_top_score_DFT_stable_positives_in_calibration_blocks,composition_family_pair,0.1,0.1,300,19,certified_release,164.64649723852398,10.0,4.1161624309631,6.356701343141747,27.777777777777775,3686,3686,3673,0.9964731416169289,1626,0.00027218290691344586,0.12181697919513129,164.64649723852398,300,108,192,108,54,3,51,3,0.18,0.027777777777777776,0.265625,0.027777777777777776,82.0,97.22222222222221,73.4375,51,105,completed_quasi_prospective_public_DFT_label_trial
materials_discovery,Matbench Discovery WBM unique prototypes,stable_inorganic_crystal_candidate,megnet_weak_learned_materials_model,MEGNet,quasi_prospective_public_DFT_label_followup,followup_partition_DFT_labels_used_only_after_PARC_decision,pre_release_top_score_DFT_stable_positives_in_calibration_blocks,composition_family_pair,0.1,0.1,500,19,certified_release,164.64649723852398,10.0,2.4696974585778597,1.012789072432689,61.7283950617284,3686,3686,3673,0.9964731416169289,1626,0.00027218290691344586,0.12181697919513129,164.64649723852398,500,81,419,81,110,1,109,1,0.22,0.012345679012345678,0.26014319809069214,0.012345679012345678,78.0,98.76543209876543,73.9856801909308,109,80,completed_quasi_prospective_public_DFT_label_trial
materials_discovery,Matbench Discovery WBM unique prototypes,stable_inorganic_crystal_candidate,megnet_weak_learned_materials_model,MEGNet,quasi_prospective_public_DFT_label_followup,followup_partition_DFT_labels_used_only_after_PARC_decision,pre_release_top_score_DFT_stable_positives_in_calibration_blocks,composition_family_pair,0.1,0.1,1000,19,certified_release,164.64649723852398,10.0,1.2348487292889299,31.313163905190635,133.33333333333334,3686,3686,3673,0.9964731416169289,1626,0.00027218290691344586,0.12181697919513129,164.64649723852398,1000,75,925,75,295,0,295,0,0.295,0.0,0.31891891891891894,0.0,70.5,100.0,68.10810810810811,295,75,completed_quasi_prospective_public_DFT_label_trial
materials_discovery,Matbench Discovery WBM unique prototypes,stable_inorganic_crystal_candidate,megnet_weak_learned_materials_model,MEGNet,quasi_prospective_public_DFT_label_followup,followup_partition_DFT_labels_used_only_after_PARC_decision,pre_release_top_score_DFT_stable_positives_in_calibration_blocks,composition_family_pair,0.1,0.1,5000,19,certified_refusal,164.64649723852398,10.0,0.24696974585778597,-9.278926221949115,10.0,3686,3686,3673,0.9964731416169289,1626,0.00027218290691344586,0.12181697919513129,164.64649723852398,5000,0,5000,0,2721,0,2721,0,0.5442,0.0,0.5442,0.0,45.58,0.0,45.58,2721,0,completed_quasi_prospective_public_DFT_label_trial
materials_discovery,Matbench Discovery WBM unique prototypes,stable_inorganic_crystal_candidate,megnet_weak_learned_materials_model,MEGNet,quasi_prospective_public_DFT_label_followup,followup_partition_DFT_labels_used_only_after_PARC_decision,pre_release_top_score_DFT_stable_positives_in_calibration_blocks,composition_family_pair,0.1,0.2,100,19,certified_release,164.64649723852398,5.0,24.696974585778598,35.061656781060655,5.0,3686,3686,3673,0.9964731416169289,1626,0.00027218290691344586,0.12181697919513129,164.64649723852398,100,100,0,100,3,3,0,3,0.03,0.03,0.0,0.03,97.0,97.0,0.0,0,97,completed_quasi_prospective_public_DFT_label_trial
materials_discovery,Matbench Discovery WBM unique prototypes,stable_inorganic_crystal_candidate,megnet_weak_learned_materials_model,MEGNet,quasi_prospective_public_DFT_label_followup,followup_partition_DFT_labels_used_only_after_PARC_decision,pre_release_top_score_DFT_stable_positives_in_calibration_blocks,composition_family_pair,0.1,0.2,300,19,certified_release,164.64649723852398,5.0,8.2323248619262,2.6386979404868844,5.0,3686,3686,3673,0.9964731416169289,1626,0.00027218290691344586,0.12181697919513129,164.64649723852398,300,300,0,300,54,54,0,54,0.18,0.18,0.0,0.18,82.0,82.0,0.0,0,246,completed_quasi_prospective_public_DFT_label_trial
materials_discovery,Matbench Discovery WBM unique prototypes,stable_inorganic_crystal_candidate,megnet_weak_learned_materials_model,MEGNet,quasi_prospective_public_DFT_label_followup,followup_partition_DFT_labels_used_only_after_PARC_decision,pre_release_top_score_DFT_stable_positives_in_calibration_blocks,composition_family_pair,0.1,0.2,500,19,certified_release,164.64649723852398,5.0,4.939394917155719,0.057848476926702475,9.689922480620154,3686,3686,3673,0.9964731416169289,1626,0.00027218290691344586,0.12181697919513129,164.64649723852398,500,258,242,258,110,42,68,42,0.22,0.16279069767441862,0.2809917355371901,0.16279069767441862,78.0,83.72093023255815,71.900826446281,68,216,completed_quasi_prospective_public_DFT_label_trial
materials_discovery,Matbench Discovery WBM unique prototypes,stable_inorganic_crystal_candidate,megnet_weak_learned_materials_model,MEGNet,quasi_prospective_public_DFT_label_followup,followup_partition_DFT_labels_used_only_after_PARC_decision,pre_release_top_score_DFT_stable_positives_in_calibration_blocks,composition_family_pair,0.1,0.2,1000,19,certified_release,164.64649723852398,5.0,2.4696974585778597,1.012789072432689,61.7283950617284,3686,3686,3673,0.9964731416169289,1626,0.00027218290691344586,0.12181697919513129,164.64649723852398,1000,81,919,81,295,1,294,1,0.295,0.012345679012345678,0.31991294885745375,0.012345679012345678,70.5,98.76543209876543,68.00870511425462,294,80,completed_quasi_prospective_public_DFT_label_trial
materials_discovery,Matbench Discovery WBM unique prototypes,stable_inorganic_crystal_candidate,megnet_weak_learned_materials_model,MEGNet,quasi_prospective_public_DFT_label_followup,followup_partition_DFT_labels_used_only_after_PARC_decision,pre_release_top_score_DFT_stable_positives_in_calibration_blocks,composition_family_pair,0.1,0.2,5000,19,certified_refusal,164.64649723852398,5.0,0.49393949171557194,-4.278926221949115,5.0,3686,3686,3673,0.9964731416169289,1626,0.00027218290691344586,0.12181697919513129,164.64649723852398,5000,0,5000,0,2721,0,2721,0,0.5442,0.0,0.5442,0.0,45.58,0.0,45.58,2721,0,completed_quasi_prospective_public_DFT_label_trial
