audit_item_id,ctc_dataset,sequence_id,frame_start,frame_end,source_image_path,source_frame_index,source_bbox_x,source_bbox_y,source_bbox_w,source_bbox_h,target_image_path,target_frame_index,target_bbox_x,target_bbox_y,target_bbox_w,target_bbox_h,packet,strong_model_label,strong_model_confidence,strong_model_support_score,model_reason,strong_model_id,auditor_id,human_label,human_confidence,human_notes,human_accepts_ai_label,evidence_scope
CTC-PHASE81-0003,PhC-C2DH-U373,2,109,110,PhC-C2DH-U373/02/t109,109,401,426,3,3,PhC-C2DH-U373/02/t110,110,398,426,3,3,calibration_audit,uncertain,medium,0.702111,mixed image-template and geometry evidence; route to human adjudication if used evidentially,phase91_ctc_image_template_segmentation_surrogate_v1,phase91_ctc_image_template_segmentation_surrogate_v1,uncertain,medium,model-surrogate replacement label; not external human evidence; mixed image-template and geometry evidence; route to human adjudication if used evidentially,model_surrogate_not_human,ctc_strong_model_annotation;image_template_segmentation_surrogate;model_surrogate_labels_only;replaces_manual_review_operationally_not_evidentially;not_external_human_audit;not_expert_microscopy_adjudication;not_CTC_ground_truth;not_completed_real_audit_positive_evidence;not_materials_or_DFT_evidence
CTC-PHASE81-0006,Fluo-N2DL-HeLa,2,67,68,Fluo-N2DL-HeLa/02/t067,67,702,517,5,5,Fluo-N2DL-HeLa/02/t068,68,702,517,5,5,calibration_audit,same_cell_supported,high,0.925058,"image-template, local-crop and geometry evidence support adjacent-frame same-cell link",phase91_ctc_image_template_segmentation_surrogate_v1,phase91_ctc_image_template_segmentation_surrogate_v1,same_cell_supported,high,"model-surrogate replacement label; not external human evidence; image-template, local-crop and geometry evidence support adjacent-frame same-cell link",model_surrogate_not_human,ctc_strong_model_annotation;image_template_segmentation_surrogate;model_surrogate_labels_only;replaces_manual_review_operationally_not_evidentially;not_external_human_audit;not_expert_microscopy_adjudication;not_CTC_ground_truth;not_completed_real_audit_positive_evidence;not_materials_or_DFT_evidence
CTC-PHASE81-0011,DIC-C2DH-HeLa,2,69,70,DIC-C2DH-HeLa/02/t069,69,91,275,19,19,DIC-C2DH-HeLa/02/t070,70,91,275,19,19,calibration_audit,uncertain,medium,0.638921,mixed image-template and geometry evidence; route to human adjudication if used evidentially,phase91_ctc_image_template_segmentation_surrogate_v1,phase91_ctc_image_template_segmentation_surrogate_v1,uncertain,medium,model-surrogate replacement label; not external human evidence; mixed image-template and geometry evidence; route to human adjudication if used evidentially,model_surrogate_not_human,ctc_strong_model_annotation;image_template_segmentation_surrogate;model_surrogate_labels_only;replaces_manual_review_operationally_not_evidentially;not_external_human_audit;not_expert_microscopy_adjudication;not_CTC_ground_truth;not_completed_real_audit_positive_evidence;not_materials_or_DFT_evidence
CTC-PHASE81-0012,PhC-C2DH-U373,2,24,25,PhC-C2DH-U373/02/t024,24,78,244,9,9,PhC-C2DH-U373/02/t025,25,83,244,9,9,calibration_audit,same_cell_supported,medium,0.798836,"image-template, local-crop and geometry evidence support adjacent-frame same-cell link",phase91_ctc_image_template_segmentation_surrogate_v1,phase91_ctc_image_template_segmentation_surrogate_v1,same_cell_supported,medium,"model-surrogate replacement label; not external human evidence; image-template, local-crop and geometry evidence support adjacent-frame same-cell link",model_surrogate_not_human,ctc_strong_model_annotation;image_template_segmentation_surrogate;model_surrogate_labels_only;replaces_manual_review_operationally_not_evidentially;not_external_human_audit;not_expert_microscopy_adjudication;not_CTC_ground_truth;not_completed_real_audit_positive_evidence;not_materials_or_DFT_evidence
CTC-PHASE81-0014,Fluo-N2DL-HeLa,2,26,27,Fluo-N2DL-HeLa/02/t026,26,404,388,5,5,Fluo-N2DL-HeLa/02/t027,27,404,388,5,5,calibration_audit,same_cell_supported,high,0.900717,"image-template, local-crop and geometry evidence support adjacent-frame same-cell link",phase91_ctc_image_template_segmentation_surrogate_v1,phase91_ctc_image_template_segmentation_surrogate_v1,same_cell_supported,high,"model-surrogate replacement label; not external human evidence; image-template, local-crop and geometry evidence support adjacent-frame same-cell link",model_surrogate_not_human,ctc_strong_model_annotation;image_template_segmentation_surrogate;model_surrogate_labels_only;replaces_manual_review_operationally_not_evidentially;not_external_human_audit;not_expert_microscopy_adjudication;not_CTC_ground_truth;not_completed_real_audit_positive_evidence;not_materials_or_DFT_evidence
CTC-PHASE81-0020,PhC-C2DH-U373,2,87,88,PhC-C2DH-U373/02/t087,87,586,180,9,9,PhC-C2DH-U373/02/t088,88,582,172,9,9,calibration_audit,uncertain,medium,0.594045,mixed image-template and geometry evidence; route to human adjudication if used evidentially,phase91_ctc_image_template_segmentation_surrogate_v1,phase91_ctc_image_template_segmentation_surrogate_v1,uncertain,medium,model-surrogate replacement label; not external human evidence; mixed image-template and geometry evidence; route to human adjudication if used evidentially,model_surrogate_not_human,ctc_strong_model_annotation;image_template_segmentation_surrogate;model_surrogate_labels_only;replaces_manual_review_operationally_not_evidentially;not_external_human_audit;not_expert_microscopy_adjudication;not_CTC_ground_truth;not_completed_real_audit_positive_evidence;not_materials_or_DFT_evidence
CTC-PHASE81-0025,Fluo-N2DH-GOWT1,2,29,30,Fluo-N2DH-GOWT1/02/t029,29,218,370,42,37,Fluo-N2DH-GOWT1/02/t030,30,218,369,37,37,calibration_audit,same_cell_supported,medium,0.772651,"image-template, local-crop and geometry evidence support adjacent-frame same-cell link",phase91_ctc_image_template_segmentation_surrogate_v1,phase91_ctc_image_template_segmentation_surrogate_v1,same_cell_supported,medium,"model-surrogate replacement label; not external human evidence; image-template, local-crop and geometry evidence support adjacent-frame same-cell link",model_surrogate_not_human,ctc_strong_model_annotation;image_template_segmentation_surrogate;model_surrogate_labels_only;replaces_manual_review_operationally_not_evidentially;not_external_human_audit;not_expert_microscopy_adjudication;not_CTC_ground_truth;not_completed_real_audit_positive_evidence;not_materials_or_DFT_evidence
CTC-PHASE81-0028,Fluo-N2DH-GOWT1,2,0,1,Fluo-N2DH-GOWT1/02/t000,0,788,773,55,57,Fluo-N2DH-GOWT1/02/t001,1,788,775,55,55,calibration_audit,same_cell_supported,high,0.942708,"image-template, local-crop and geometry evidence support adjacent-frame same-cell link",phase91_ctc_image_template_segmentation_surrogate_v1,phase91_ctc_image_template_segmentation_surrogate_v1,same_cell_supported,high,"model-surrogate replacement label; not external human evidence; image-template, local-crop and geometry evidence support adjacent-frame same-cell link",model_surrogate_not_human,ctc_strong_model_annotation;image_template_segmentation_surrogate;model_surrogate_labels_only;replaces_manual_review_operationally_not_evidentially;not_external_human_audit;not_expert_microscopy_adjudication;not_CTC_ground_truth;not_completed_real_audit_positive_evidence;not_materials_or_DFT_evidence
CTC-PHASE81-0034,Fluo-N2DH-GOWT1,2,17,18,Fluo-N2DH-GOWT1/02/t017,17,599,671,40,39,Fluo-N2DH-GOWT1/02/t018,18,601,671,39,39,calibration_audit,same_cell_supported,high,0.906087,"image-template, local-crop and geometry evidence support adjacent-frame same-cell link",phase91_ctc_image_template_segmentation_surrogate_v1,phase91_ctc_image_template_segmentation_surrogate_v1,same_cell_supported,high,"model-surrogate replacement label; not external human evidence; image-template, local-crop and geometry evidence support adjacent-frame same-cell link",model_surrogate_not_human,ctc_strong_model_annotation;image_template_segmentation_surrogate;model_surrogate_labels_only;replaces_manual_review_operationally_not_evidentially;not_external_human_audit;not_expert_microscopy_adjudication;not_CTC_ground_truth;not_completed_real_audit_positive_evidence;not_materials_or_DFT_evidence
CTC-PHASE81-0040,Fluo-N2DL-HeLa,2,31,32,Fluo-N2DL-HeLa/02/t031,31,610,169,5,5,Fluo-N2DL-HeLa/02/t032,32,610,169,5,5,calibration_audit,same_cell_supported,high,0.881581,"image-template, local-crop and geometry evidence support adjacent-frame same-cell link",phase91_ctc_image_template_segmentation_surrogate_v1,phase91_ctc_image_template_segmentation_surrogate_v1,same_cell_supported,high,"model-surrogate replacement label; not external human evidence; image-template, local-crop and geometry evidence support adjacent-frame same-cell link",model_surrogate_not_human,ctc_strong_model_annotation;image_template_segmentation_surrogate;model_surrogate_labels_only;replaces_manual_review_operationally_not_evidentially;not_external_human_audit;not_expert_microscopy_adjudication;not_CTC_ground_truth;not_completed_real_audit_positive_evidence;not_materials_or_DFT_evidence
CTC-PHASE81-0043,DIC-C2DH-HeLa,2,49,50,DIC-C2DH-HeLa/02/t049,49,206,176,19,19,DIC-C2DH-HeLa/02/t050,50,206,176,19,19,calibration_audit,uncertain,medium,0.624578,mixed image-template and geometry evidence; route to human adjudication if used evidentially,phase91_ctc_image_template_segmentation_surrogate_v1,phase91_ctc_image_template_segmentation_surrogate_v1,uncertain,medium,model-surrogate replacement label; not external human evidence; mixed image-template and geometry evidence; route to human adjudication if used evidentially,model_surrogate_not_human,ctc_strong_model_annotation;image_template_segmentation_surrogate;model_surrogate_labels_only;replaces_manual_review_operationally_not_evidentially;not_external_human_audit;not_expert_microscopy_adjudication;not_CTC_ground_truth;not_completed_real_audit_positive_evidence;not_materials_or_DFT_evidence
CTC-PHASE81-0045,Fluo-N2DH-GOWT1,2,63,64,Fluo-N2DH-GOWT1/02/t063,63,182,53,29,29,Fluo-N2DH-GOWT1/02/t064,64,184,53,29,29,calibration_audit,uncertain,medium,0.591685,mixed image-template and geometry evidence; route to human adjudication if used evidentially,phase91_ctc_image_template_segmentation_surrogate_v1,phase91_ctc_image_template_segmentation_surrogate_v1,uncertain,medium,model-surrogate replacement label; not external human evidence; mixed image-template and geometry evidence; route to human adjudication if used evidentially,model_surrogate_not_human,ctc_strong_model_annotation;image_template_segmentation_surrogate;model_surrogate_labels_only;replaces_manual_review_operationally_not_evidentially;not_external_human_audit;not_expert_microscopy_adjudication;not_CTC_ground_truth;not_completed_real_audit_positive_evidence;not_materials_or_DFT_evidence
CTC-PHASE81-0057,PhC-C2DH-U373,2,10,11,PhC-C2DH-U373/02/t010,10,560,97,9,9,PhC-C2DH-U373/02/t011,11,556,97,13,9,calibration_audit,same_cell_supported,medium,0.774822,"image-template, local-crop and geometry evidence support adjacent-frame same-cell link",phase91_ctc_image_template_segmentation_surrogate_v1,phase91_ctc_image_template_segmentation_surrogate_v1,same_cell_supported,medium,"model-surrogate replacement label; not external human evidence; image-template, local-crop and geometry evidence support adjacent-frame same-cell link",model_surrogate_not_human,ctc_strong_model_annotation;image_template_segmentation_surrogate;model_surrogate_labels_only;replaces_manual_review_operationally_not_evidentially;not_external_human_audit;not_expert_microscopy_adjudication;not_CTC_ground_truth;not_completed_real_audit_positive_evidence;not_materials_or_DFT_evidence
CTC-PHASE81-0059,Fluo-N2DL-HeLa,2,51,52,Fluo-N2DL-HeLa/02/t051,51,908,275,5,5,Fluo-N2DL-HeLa/02/t052,52,908,275,5,5,calibration_audit,same_cell_supported,high,0.957518,"image-template, local-crop and geometry evidence support adjacent-frame same-cell link",phase91_ctc_image_template_segmentation_surrogate_v1,phase91_ctc_image_template_segmentation_surrogate_v1,same_cell_supported,high,"model-surrogate replacement label; not external human evidence; image-template, local-crop and geometry evidence support adjacent-frame same-cell link",model_surrogate_not_human,ctc_strong_model_annotation;image_template_segmentation_surrogate;model_surrogate_labels_only;replaces_manual_review_operationally_not_evidentially;not_external_human_audit;not_expert_microscopy_adjudication;not_CTC_ground_truth;not_completed_real_audit_positive_evidence;not_materials_or_DFT_evidence
CTC-PHASE81-0063,Fluo-N2DL-HeLa,2,10,11,Fluo-N2DL-HeLa/02/t010,10,583,162,5,5,Fluo-N2DL-HeLa/02/t011,11,583,161,5,6,calibration_audit,same_cell_supported,high,0.940802,"image-template, local-crop and geometry evidence support adjacent-frame same-cell link",phase91_ctc_image_template_segmentation_surrogate_v1,phase91_ctc_image_template_segmentation_surrogate_v1,same_cell_supported,high,"model-surrogate replacement label; not external human evidence; image-template, local-crop and geometry evidence support adjacent-frame same-cell link",model_surrogate_not_human,ctc_strong_model_annotation;image_template_segmentation_surrogate;model_surrogate_labels_only;replaces_manual_review_operationally_not_evidentially;not_external_human_audit;not_expert_microscopy_adjudication;not_CTC_ground_truth;not_completed_real_audit_positive_evidence;not_materials_or_DFT_evidence
CTC-PHASE81-0067,PhC-C2DH-U373,2,90,91,PhC-C2DH-U373/02/t090,90,51,288,1,1,PhC-C2DH-U373/02/t091,91,52,286,1,1,calibration_audit,uncertain,medium,0.684732,mixed image-template and geometry evidence; route to human adjudication if used evidentially,phase91_ctc_image_template_segmentation_surrogate_v1,phase91_ctc_image_template_segmentation_surrogate_v1,uncertain,medium,model-surrogate replacement label; not external human evidence; mixed image-template and geometry evidence; route to human adjudication if used evidentially,model_surrogate_not_human,ctc_strong_model_annotation;image_template_segmentation_surrogate;model_surrogate_labels_only;replaces_manual_review_operationally_not_evidentially;not_external_human_audit;not_expert_microscopy_adjudication;not_CTC_ground_truth;not_completed_real_audit_positive_evidence;not_materials_or_DFT_evidence
CTC-PHASE81-0068,DIC-C2DH-HeLa,2,59,60,DIC-C2DH-HeLa/02/t059,59,220,301,19,19,DIC-C2DH-HeLa/02/t060,60,220,301,19,19,calibration_audit,uncertain,medium,0.626348,mixed image-template and geometry evidence; route to human adjudication if used evidentially,phase91_ctc_image_template_segmentation_surrogate_v1,phase91_ctc_image_template_segmentation_surrogate_v1,uncertain,medium,model-surrogate replacement label; not external human evidence; mixed image-template and geometry evidence; route to human adjudication if used evidentially,model_surrogate_not_human,ctc_strong_model_annotation;image_template_segmentation_surrogate;model_surrogate_labels_only;replaces_manual_review_operationally_not_evidentially;not_external_human_audit;not_expert_microscopy_adjudication;not_CTC_ground_truth;not_completed_real_audit_positive_evidence;not_materials_or_DFT_evidence
CTC-PHASE81-0071,DIC-C2DH-HeLa,2,61,62,DIC-C2DH-HeLa/02/t061,61,286,435,19,19,DIC-C2DH-HeLa/02/t062,62,286,435,19,19,calibration_audit,uncertain,medium,0.722745,mixed image-template and geometry evidence; route to human adjudication if used evidentially,phase91_ctc_image_template_segmentation_surrogate_v1,phase91_ctc_image_template_segmentation_surrogate_v1,uncertain,medium,model-surrogate replacement label; not external human evidence; mixed image-template and geometry evidence; route to human adjudication if used evidentially,model_surrogate_not_human,ctc_strong_model_annotation;image_template_segmentation_surrogate;model_surrogate_labels_only;replaces_manual_review_operationally_not_evidentially;not_external_human_audit;not_expert_microscopy_adjudication;not_CTC_ground_truth;not_completed_real_audit_positive_evidence;not_materials_or_DFT_evidence
CTC-PHASE81-0074,Fluo-N2DL-HeLa,2,12,13,Fluo-N2DL-HeLa/02/t012,12,583,286,6,5,Fluo-N2DL-HeLa/02/t013,13,584,286,5,5,calibration_audit,same_cell_supported,high,0.890243,"image-template, local-crop and geometry evidence support adjacent-frame same-cell link",phase91_ctc_image_template_segmentation_surrogate_v1,phase91_ctc_image_template_segmentation_surrogate_v1,same_cell_supported,high,"model-surrogate replacement label; not external human evidence; image-template, local-crop and geometry evidence support adjacent-frame same-cell link",model_surrogate_not_human,ctc_strong_model_annotation;image_template_segmentation_surrogate;model_surrogate_labels_only;replaces_manual_review_operationally_not_evidentially;not_external_human_audit;not_expert_microscopy_adjudication;not_CTC_ground_truth;not_completed_real_audit_positive_evidence;not_materials_or_DFT_evidence
CTC-PHASE81-0085,Fluo-N2DH-GOWT1,2,76,77,Fluo-N2DH-GOWT1/02/t076,76,513,515,40,41,Fluo-N2DH-GOWT1/02/t077,77,513,515,39,39,calibration_audit,same_cell_supported,high,0.924254,"image-template, local-crop and geometry evidence support adjacent-frame same-cell link",phase91_ctc_image_template_segmentation_surrogate_v1,phase91_ctc_image_template_segmentation_surrogate_v1,same_cell_supported,high,"model-surrogate replacement label; not external human evidence; image-template, local-crop and geometry evidence support adjacent-frame same-cell link",model_surrogate_not_human,ctc_strong_model_annotation;image_template_segmentation_surrogate;model_surrogate_labels_only;replaces_manual_review_operationally_not_evidentially;not_external_human_audit;not_expert_microscopy_adjudication;not_CTC_ground_truth;not_completed_real_audit_positive_evidence;not_materials_or_DFT_evidence
CTC-PHASE81-0086,Fluo-N2DH-GOWT1,2,33,34,Fluo-N2DH-GOWT1/02/t033,33,392,192,18,19,Fluo-N2DH-GOWT1/02/t034,34,392,193,22,23,calibration_audit,same_cell_supported,medium,0.835134,"image-template, local-crop and geometry evidence support adjacent-frame same-cell link",phase91_ctc_image_template_segmentation_surrogate_v1,phase91_ctc_image_template_segmentation_surrogate_v1,same_cell_supported,medium,"model-surrogate replacement label; not external human evidence; image-template, local-crop and geometry evidence support adjacent-frame same-cell link",model_surrogate_not_human,ctc_strong_model_annotation;image_template_segmentation_surrogate;model_surrogate_labels_only;replaces_manual_review_operationally_not_evidentially;not_external_human_audit;not_expert_microscopy_adjudication;not_CTC_ground_truth;not_completed_real_audit_positive_evidence;not_materials_or_DFT_evidence
CTC-PHASE81-0089,DIC-C2DH-HeLa,2,12,13,DIC-C2DH-HeLa/02/t012,12,146,49,15,15,DIC-C2DH-HeLa/02/t013,13,147,48,13,14,calibration_audit,uncertain,medium,0.596589,mixed image-template and geometry evidence; route to human adjudication if used evidentially,phase91_ctc_image_template_segmentation_surrogate_v1,phase91_ctc_image_template_segmentation_surrogate_v1,uncertain,medium,model-surrogate replacement label; not external human evidence; mixed image-template and geometry evidence; route to human adjudication if used evidentially,model_surrogate_not_human,ctc_strong_model_annotation;image_template_segmentation_surrogate;model_surrogate_labels_only;replaces_manual_review_operationally_not_evidentially;not_external_human_audit;not_expert_microscopy_adjudication;not_CTC_ground_truth;not_completed_real_audit_positive_evidence;not_materials_or_DFT_evidence
CTC-PHASE81-0092,Fluo-N2DH-GOWT1,2,45,46,Fluo-N2DH-GOWT1/02/t045,45,431,241,33,33,Fluo-N2DH-GOWT1/02/t046,46,430,241,33,33,calibration_audit,same_cell_supported,high,0.887951,"image-template, local-crop and geometry evidence support adjacent-frame same-cell link",phase91_ctc_image_template_segmentation_surrogate_v1,phase91_ctc_image_template_segmentation_surrogate_v1,same_cell_supported,high,"model-surrogate replacement label; not external human evidence; image-template, local-crop and geometry evidence support adjacent-frame same-cell link",model_surrogate_not_human,ctc_strong_model_annotation;image_template_segmentation_surrogate;model_surrogate_labels_only;replaces_manual_review_operationally_not_evidentially;not_external_human_audit;not_expert_microscopy_adjudication;not_CTC_ground_truth;not_completed_real_audit_positive_evidence;not_materials_or_DFT_evidence
CTC-PHASE81-0094,DIC-C2DH-HeLa,2,21,22,DIC-C2DH-HeLa/02/t021,21,398,328,19,19,DIC-C2DH-HeLa/02/t022,22,398,328,19,19,calibration_audit,same_cell_supported,medium,0.761774,"image-template, local-crop and geometry evidence support adjacent-frame same-cell link",phase91_ctc_image_template_segmentation_surrogate_v1,phase91_ctc_image_template_segmentation_surrogate_v1,same_cell_supported,medium,"model-surrogate replacement label; not external human evidence; image-template, local-crop and geometry evidence support adjacent-frame same-cell link",model_surrogate_not_human,ctc_strong_model_annotation;image_template_segmentation_surrogate;model_surrogate_labels_only;replaces_manual_review_operationally_not_evidentially;not_external_human_audit;not_expert_microscopy_adjudication;not_CTC_ground_truth;not_completed_real_audit_positive_evidence;not_materials_or_DFT_evidence
CTC-PHASE81-0097,PhC-C2DH-U373,2,112,113,PhC-C2DH-U373/02/t112,112,54,339,3,3,PhC-C2DH-U373/02/t113,113,54,342,3,3,calibration_audit,uncertain,medium,0.73537,mixed image-template and geometry evidence; route to human adjudication if used evidentially,phase91_ctc_image_template_segmentation_surrogate_v1,phase91_ctc_image_template_segmentation_surrogate_v1,uncertain,medium,model-surrogate replacement label; not external human evidence; mixed image-template and geometry evidence; route to human adjudication if used evidentially,model_surrogate_not_human,ctc_strong_model_annotation;image_template_segmentation_surrogate;model_surrogate_labels_only;replaces_manual_review_operationally_not_evidentially;not_external_human_audit;not_expert_microscopy_adjudication;not_CTC_ground_truth;not_completed_real_audit_positive_evidence;not_materials_or_DFT_evidence
CTC-PHASE81-0100,Fluo-N2DH-GOWT1,2,42,43,Fluo-N2DH-GOWT1/02/t042,42,128,461,39,40,Fluo-N2DH-GOWT1/02/t043,43,129,461,39,41,calibration_audit,same_cell_supported,medium,0.778011,"image-template, local-crop and geometry evidence support adjacent-frame same-cell link",phase91_ctc_image_template_segmentation_surrogate_v1,phase91_ctc_image_template_segmentation_surrogate_v1,same_cell_supported,medium,"model-surrogate replacement label; not external human evidence; image-template, local-crop and geometry evidence support adjacent-frame same-cell link",model_surrogate_not_human,ctc_strong_model_annotation;image_template_segmentation_surrogate;model_surrogate_labels_only;replaces_manual_review_operationally_not_evidentially;not_external_human_audit;not_expert_microscopy_adjudication;not_CTC_ground_truth;not_completed_real_audit_positive_evidence;not_materials_or_DFT_evidence
CTC-PHASE81-0106,DIC-C2DH-HeLa,2,63,64,DIC-C2DH-HeLa/02/t063,63,50,75,19,19,DIC-C2DH-HeLa/02/t064,64,50,75,19,19,calibration_audit,uncertain,medium,0.62895,mixed image-template and geometry evidence; route to human adjudication if used evidentially,phase91_ctc_image_template_segmentation_surrogate_v1,phase91_ctc_image_template_segmentation_surrogate_v1,uncertain,medium,model-surrogate replacement label; not external human evidence; mixed image-template and geometry evidence; route to human adjudication if used evidentially,model_surrogate_not_human,ctc_strong_model_annotation;image_template_segmentation_surrogate;model_surrogate_labels_only;replaces_manual_review_operationally_not_evidentially;not_external_human_audit;not_expert_microscopy_adjudication;not_CTC_ground_truth;not_completed_real_audit_positive_evidence;not_materials_or_DFT_evidence
CTC-PHASE81-0112,Fluo-N2DH-GOWT1,2,10,11,Fluo-N2DH-GOWT1/02/t010,10,399,725,34,33,Fluo-N2DH-GOWT1/02/t011,11,399,722,36,33,calibration_audit,same_cell_supported,high,0.92287,"image-template, local-crop and geometry evidence support adjacent-frame same-cell link",phase91_ctc_image_template_segmentation_surrogate_v1,phase91_ctc_image_template_segmentation_surrogate_v1,same_cell_supported,high,"model-surrogate replacement label; not external human evidence; image-template, local-crop and geometry evidence support adjacent-frame same-cell link",model_surrogate_not_human,ctc_strong_model_annotation;image_template_segmentation_surrogate;model_surrogate_labels_only;replaces_manual_review_operationally_not_evidentially;not_external_human_audit;not_expert_microscopy_adjudication;not_CTC_ground_truth;not_completed_real_audit_positive_evidence;not_materials_or_DFT_evidence
CTC-PHASE81-0116,DIC-C2DH-HeLa,2,21,22,DIC-C2DH-HeLa/02/t021,21,322,204,19,19,DIC-C2DH-HeLa/02/t022,22,322,204,19,19,calibration_audit,same_cell_supported,medium,0.758004,"image-template, local-crop and geometry evidence support adjacent-frame same-cell link",phase91_ctc_image_template_segmentation_surrogate_v1,phase91_ctc_image_template_segmentation_surrogate_v1,same_cell_supported,medium,"model-surrogate replacement label; not external human evidence; image-template, local-crop and geometry evidence support adjacent-frame same-cell link",model_surrogate_not_human,ctc_strong_model_annotation;image_template_segmentation_surrogate;model_surrogate_labels_only;replaces_manual_review_operationally_not_evidentially;not_external_human_audit;not_expert_microscopy_adjudication;not_CTC_ground_truth;not_completed_real_audit_positive_evidence;not_materials_or_DFT_evidence
CTC-PHASE81-0118,PhC-C2DH-U373,2,34,35,PhC-C2DH-U373/02/t034,34,88,240,10,9,PhC-C2DH-U373/02/t035,35,92,243,9,10,calibration_audit,same_cell_supported,medium,0.811269,"image-template, local-crop and geometry evidence support adjacent-frame same-cell link",phase91_ctc_image_template_segmentation_surrogate_v1,phase91_ctc_image_template_segmentation_surrogate_v1,same_cell_supported,medium,"model-surrogate replacement label; not external human evidence; image-template, local-crop and geometry evidence support adjacent-frame same-cell link",model_surrogate_not_human,ctc_strong_model_annotation;image_template_segmentation_surrogate;model_surrogate_labels_only;replaces_manual_review_operationally_not_evidentially;not_external_human_audit;not_expert_microscopy_adjudication;not_CTC_ground_truth;not_completed_real_audit_positive_evidence;not_materials_or_DFT_evidence
CTC-PHASE81-0136,DIC-C2DH-HeLa,2,25,26,DIC-C2DH-HeLa/02/t025,25,322,204,19,19,DIC-C2DH-HeLa/02/t026,26,322,204,19,19,calibration_audit,same_cell_supported,medium,0.76808,"image-template, local-crop and geometry evidence support adjacent-frame same-cell link",phase91_ctc_image_template_segmentation_surrogate_v1,phase91_ctc_image_template_segmentation_surrogate_v1,same_cell_supported,medium,"model-surrogate replacement label; not external human evidence; image-template, local-crop and geometry evidence support adjacent-frame same-cell link",model_surrogate_not_human,ctc_strong_model_annotation;image_template_segmentation_surrogate;model_surrogate_labels_only;replaces_manual_review_operationally_not_evidentially;not_external_human_audit;not_expert_microscopy_adjudication;not_CTC_ground_truth;not_completed_real_audit_positive_evidence;not_materials_or_DFT_evidence
CTC-PHASE81-0138,DIC-C2DH-HeLa,2,82,83,DIC-C2DH-HeLa/02/t082,82,179,184,19,19,DIC-C2DH-HeLa/02/t083,83,179,184,19,19,calibration_audit,uncertain,medium,0.728305,mixed image-template and geometry evidence; route to human adjudication if used evidentially,phase91_ctc_image_template_segmentation_surrogate_v1,phase91_ctc_image_template_segmentation_surrogate_v1,uncertain,medium,model-surrogate replacement label; not external human evidence; mixed image-template and geometry evidence; route to human adjudication if used evidentially,model_surrogate_not_human,ctc_strong_model_annotation;image_template_segmentation_surrogate;model_surrogate_labels_only;replaces_manual_review_operationally_not_evidentially;not_external_human_audit;not_expert_microscopy_adjudication;not_CTC_ground_truth;not_completed_real_audit_positive_evidence;not_materials_or_DFT_evidence
CTC-PHASE81-0141,PhC-C2DH-U373,2,41,42,PhC-C2DH-U373/02/t041,41,95,260,9,10,PhC-C2DH-U373/02/t042,42,95,265,10,9,calibration_audit,same_cell_supported,medium,0.828035,"image-template, local-crop and geometry evidence support adjacent-frame same-cell link",phase91_ctc_image_template_segmentation_surrogate_v1,phase91_ctc_image_template_segmentation_surrogate_v1,same_cell_supported,medium,"model-surrogate replacement label; not external human evidence; image-template, local-crop and geometry evidence support adjacent-frame same-cell link",model_surrogate_not_human,ctc_strong_model_annotation;image_template_segmentation_surrogate;model_surrogate_labels_only;replaces_manual_review_operationally_not_evidentially;not_external_human_audit;not_expert_microscopy_adjudication;not_CTC_ground_truth;not_completed_real_audit_positive_evidence;not_materials_or_DFT_evidence
CTC-PHASE81-0151,DIC-C2DH-HeLa,2,34,35,DIC-C2DH-HeLa/02/t034,34,234,307,19,19,DIC-C2DH-HeLa/02/t035,35,234,307,19,19,calibration_audit,same_cell_supported,medium,0.801876,"image-template, local-crop and geometry evidence support adjacent-frame same-cell link",phase91_ctc_image_template_segmentation_surrogate_v1,phase91_ctc_image_template_segmentation_surrogate_v1,same_cell_supported,medium,"model-surrogate replacement label; not external human evidence; image-template, local-crop and geometry evidence support adjacent-frame same-cell link",model_surrogate_not_human,ctc_strong_model_annotation;image_template_segmentation_surrogate;model_surrogate_labels_only;replaces_manual_review_operationally_not_evidentially;not_external_human_audit;not_expert_microscopy_adjudication;not_CTC_ground_truth;not_completed_real_audit_positive_evidence;not_materials_or_DFT_evidence
CTC-PHASE81-0154,PhC-C2DH-U373,2,16,17,PhC-C2DH-U373/02/t016,16,606,444,11,11,PhC-C2DH-U373/02/t017,17,597,445,11,11,calibration_audit,uncertain,medium,0.710292,mixed image-template and geometry evidence; route to human adjudication if used evidentially,phase91_ctc_image_template_segmentation_surrogate_v1,phase91_ctc_image_template_segmentation_surrogate_v1,uncertain,medium,model-surrogate replacement label; not external human evidence; mixed image-template and geometry evidence; route to human adjudication if used evidentially,model_surrogate_not_human,ctc_strong_model_annotation;image_template_segmentation_surrogate;model_surrogate_labels_only;replaces_manual_review_operationally_not_evidentially;not_external_human_audit;not_expert_microscopy_adjudication;not_CTC_ground_truth;not_completed_real_audit_positive_evidence;not_materials_or_DFT_evidence
CTC-PHASE81-0159,DIC-C2DH-HeLa,2,53,54,DIC-C2DH-HeLa/02/t053,53,115,173,19,19,DIC-C2DH-HeLa/02/t054,54,115,173,19,19,calibration_audit,uncertain,medium,0.651779,mixed image-template and geometry evidence; route to human adjudication if used evidentially,phase91_ctc_image_template_segmentation_surrogate_v1,phase91_ctc_image_template_segmentation_surrogate_v1,uncertain,medium,model-surrogate replacement label; not external human evidence; mixed image-template and geometry evidence; route to human adjudication if used evidentially,model_surrogate_not_human,ctc_strong_model_annotation;image_template_segmentation_surrogate;model_surrogate_labels_only;replaces_manual_review_operationally_not_evidentially;not_external_human_audit;not_expert_microscopy_adjudication;not_CTC_ground_truth;not_completed_real_audit_positive_evidence;not_materials_or_DFT_evidence
CTC-PHASE81-0162,PhC-C2DH-U373,2,53,54,PhC-C2DH-U373/02/t053,53,56,436,5,5,PhC-C2DH-U373/02/t054,54,56,434,5,5,calibration_audit,same_cell_supported,medium,0.792884,"image-template, local-crop and geometry evidence support adjacent-frame same-cell link",phase91_ctc_image_template_segmentation_surrogate_v1,phase91_ctc_image_template_segmentation_surrogate_v1,same_cell_supported,medium,"model-surrogate replacement label; not external human evidence; image-template, local-crop and geometry evidence support adjacent-frame same-cell link",model_surrogate_not_human,ctc_strong_model_annotation;image_template_segmentation_surrogate;model_surrogate_labels_only;replaces_manual_review_operationally_not_evidentially;not_external_human_audit;not_expert_microscopy_adjudication;not_CTC_ground_truth;not_completed_real_audit_positive_evidence;not_materials_or_DFT_evidence
CTC-PHASE81-0168,Fluo-N2DL-HeLa,2,2,3,Fluo-N2DL-HeLa/02/t002,2,625,615,7,7,Fluo-N2DL-HeLa/02/t003,3,625,615,7,7,calibration_audit,same_cell_supported,high,0.957044,"image-template, local-crop and geometry evidence support adjacent-frame same-cell link",phase91_ctc_image_template_segmentation_surrogate_v1,phase91_ctc_image_template_segmentation_surrogate_v1,same_cell_supported,high,"model-surrogate replacement label; not external human evidence; image-template, local-crop and geometry evidence support adjacent-frame same-cell link",model_surrogate_not_human,ctc_strong_model_annotation;image_template_segmentation_surrogate;model_surrogate_labels_only;replaces_manual_review_operationally_not_evidentially;not_external_human_audit;not_expert_microscopy_adjudication;not_CTC_ground_truth;not_completed_real_audit_positive_evidence;not_materials_or_DFT_evidence
CTC-PHASE81-0170,Fluo-N2DH-GOWT1,2,24,25,Fluo-N2DH-GOWT1/02/t024,24,613,669,39,39,Fluo-N2DH-GOWT1/02/t025,25,612,666,41,44,calibration_audit,same_cell_supported,medium,0.751459,"image-template, local-crop and geometry evidence support adjacent-frame same-cell link",phase91_ctc_image_template_segmentation_surrogate_v1,phase91_ctc_image_template_segmentation_surrogate_v1,same_cell_supported,medium,"model-surrogate replacement label; not external human evidence; image-template, local-crop and geometry evidence support adjacent-frame same-cell link",model_surrogate_not_human,ctc_strong_model_annotation;image_template_segmentation_surrogate;model_surrogate_labels_only;replaces_manual_review_operationally_not_evidentially;not_external_human_audit;not_expert_microscopy_adjudication;not_CTC_ground_truth;not_completed_real_audit_positive_evidence;not_materials_or_DFT_evidence
CTC-PHASE81-0172,Fluo-N2DH-GOWT1,2,7,8,Fluo-N2DH-GOWT1/02/t007,7,218,353,33,33,Fluo-N2DH-GOWT1/02/t008,8,218,353,33,33,calibration_audit,same_cell_supported,high,0.843494,"image-template, local-crop and geometry evidence support adjacent-frame same-cell link",phase91_ctc_image_template_segmentation_surrogate_v1,phase91_ctc_image_template_segmentation_surrogate_v1,same_cell_supported,high,"model-surrogate replacement label; not external human evidence; image-template, local-crop and geometry evidence support adjacent-frame same-cell link",model_surrogate_not_human,ctc_strong_model_annotation;image_template_segmentation_surrogate;model_surrogate_labels_only;replaces_manual_review_operationally_not_evidentially;not_external_human_audit;not_expert_microscopy_adjudication;not_CTC_ground_truth;not_completed_real_audit_positive_evidence;not_materials_or_DFT_evidence
CTC-PHASE81-0173,Fluo-N2DH-GOWT1,2,89,90,Fluo-N2DH-GOWT1/02/t089,89,90,494,42,49,Fluo-N2DH-GOWT1/02/t090,90,89,497,43,45,calibration_audit,same_cell_supported,medium,0.751852,"image-template, local-crop and geometry evidence support adjacent-frame same-cell link",phase91_ctc_image_template_segmentation_surrogate_v1,phase91_ctc_image_template_segmentation_surrogate_v1,same_cell_supported,medium,"model-surrogate replacement label; not external human evidence; image-template, local-crop and geometry evidence support adjacent-frame same-cell link",model_surrogate_not_human,ctc_strong_model_annotation;image_template_segmentation_surrogate;model_surrogate_labels_only;replaces_manual_review_operationally_not_evidentially;not_external_human_audit;not_expert_microscopy_adjudication;not_CTC_ground_truth;not_completed_real_audit_positive_evidence;not_materials_or_DFT_evidence
CTC-PHASE81-0175,Fluo-N2DL-HeLa,2,13,14,Fluo-N2DL-HeLa/02/t013,13,782,422,6,5,Fluo-N2DL-HeLa/02/t014,14,783,422,5,5,calibration_audit,same_cell_supported,high,0.931651,"image-template, local-crop and geometry evidence support adjacent-frame same-cell link",phase91_ctc_image_template_segmentation_surrogate_v1,phase91_ctc_image_template_segmentation_surrogate_v1,same_cell_supported,high,"model-surrogate replacement label; not external human evidence; image-template, local-crop and geometry evidence support adjacent-frame same-cell link",model_surrogate_not_human,ctc_strong_model_annotation;image_template_segmentation_surrogate;model_surrogate_labels_only;replaces_manual_review_operationally_not_evidentially;not_external_human_audit;not_expert_microscopy_adjudication;not_CTC_ground_truth;not_completed_real_audit_positive_evidence;not_materials_or_DFT_evidence
CTC-PHASE81-0182,Fluo-N2DH-GOWT1,2,37,38,Fluo-N2DH-GOWT1/02/t037,37,583,187,26,37,Fluo-N2DH-GOWT1/02/t038,38,580,190,33,33,calibration_audit,uncertain,medium,0.721282,mixed image-template and geometry evidence; route to human adjudication if used evidentially,phase91_ctc_image_template_segmentation_surrogate_v1,phase91_ctc_image_template_segmentation_surrogate_v1,uncertain,medium,model-surrogate replacement label; not external human evidence; mixed image-template and geometry evidence; route to human adjudication if used evidentially,model_surrogate_not_human,ctc_strong_model_annotation;image_template_segmentation_surrogate;model_surrogate_labels_only;replaces_manual_review_operationally_not_evidentially;not_external_human_audit;not_expert_microscopy_adjudication;not_CTC_ground_truth;not_completed_real_audit_positive_evidence;not_materials_or_DFT_evidence
CTC-PHASE81-0187,DIC-C2DH-HeLa,2,37,38,DIC-C2DH-HeLa/02/t037,37,420,324,19,19,DIC-C2DH-HeLa/02/t038,38,420,324,19,19,calibration_audit,same_cell_supported,medium,0.803751,"image-template, local-crop and geometry evidence support adjacent-frame same-cell link",phase91_ctc_image_template_segmentation_surrogate_v1,phase91_ctc_image_template_segmentation_surrogate_v1,same_cell_supported,medium,"model-surrogate replacement label; not external human evidence; image-template, local-crop and geometry evidence support adjacent-frame same-cell link",model_surrogate_not_human,ctc_strong_model_annotation;image_template_segmentation_surrogate;model_surrogate_labels_only;replaces_manual_review_operationally_not_evidentially;not_external_human_audit;not_expert_microscopy_adjudication;not_CTC_ground_truth;not_completed_real_audit_positive_evidence;not_materials_or_DFT_evidence
CTC-PHASE81-0188,PhC-C2DH-U373,2,88,89,PhC-C2DH-U373/02/t088,88,456,424,3,3,PhC-C2DH-U373/02/t089,89,460,425,3,3,calibration_audit,uncertain,medium,0.674308,mixed image-template and geometry evidence; route to human adjudication if used evidentially,phase91_ctc_image_template_segmentation_surrogate_v1,phase91_ctc_image_template_segmentation_surrogate_v1,uncertain,medium,model-surrogate replacement label; not external human evidence; mixed image-template and geometry evidence; route to human adjudication if used evidentially,model_surrogate_not_human,ctc_strong_model_annotation;image_template_segmentation_surrogate;model_surrogate_labels_only;replaces_manual_review_operationally_not_evidentially;not_external_human_audit;not_expert_microscopy_adjudication;not_CTC_ground_truth;not_completed_real_audit_positive_evidence;not_materials_or_DFT_evidence
CTC-PHASE81-0193,DIC-C2DH-HeLa,2,74,75,DIC-C2DH-HeLa/02/t074,74,175,183,19,19,DIC-C2DH-HeLa/02/t075,75,175,183,19,19,calibration_audit,uncertain,medium,0.722967,mixed image-template and geometry evidence; route to human adjudication if used evidentially,phase91_ctc_image_template_segmentation_surrogate_v1,phase91_ctc_image_template_segmentation_surrogate_v1,uncertain,medium,model-surrogate replacement label; not external human evidence; mixed image-template and geometry evidence; route to human adjudication if used evidentially,model_surrogate_not_human,ctc_strong_model_annotation;image_template_segmentation_surrogate;model_surrogate_labels_only;replaces_manual_review_operationally_not_evidentially;not_external_human_audit;not_expert_microscopy_adjudication;not_CTC_ground_truth;not_completed_real_audit_positive_evidence;not_materials_or_DFT_evidence
CTC-PHASE81-0194,DIC-C2DH-HeLa,2,52,53,DIC-C2DH-HeLa/02/t052,52,193,184,19,19,DIC-C2DH-HeLa/02/t053,53,193,184,19,19,calibration_audit,uncertain,medium,0.632883,mixed image-template and geometry evidence; route to human adjudication if used evidentially,phase91_ctc_image_template_segmentation_surrogate_v1,phase91_ctc_image_template_segmentation_surrogate_v1,uncertain,medium,model-surrogate replacement label; not external human evidence; mixed image-template and geometry evidence; route to human adjudication if used evidentially,model_surrogate_not_human,ctc_strong_model_annotation;image_template_segmentation_surrogate;model_surrogate_labels_only;replaces_manual_review_operationally_not_evidentially;not_external_human_audit;not_expert_microscopy_adjudication;not_CTC_ground_truth;not_completed_real_audit_positive_evidence;not_materials_or_DFT_evidence
CTC-PHASE81-0195,Fluo-N2DL-HeLa,2,4,5,Fluo-N2DL-HeLa/02/t004,4,414,556,6,5,Fluo-N2DL-HeLa/02/t005,5,415,556,5,5,calibration_audit,same_cell_supported,high,0.944485,"image-template, local-crop and geometry evidence support adjacent-frame same-cell link",phase91_ctc_image_template_segmentation_surrogate_v1,phase91_ctc_image_template_segmentation_surrogate_v1,same_cell_supported,high,"model-surrogate replacement label; not external human evidence; image-template, local-crop and geometry evidence support adjacent-frame same-cell link",model_surrogate_not_human,ctc_strong_model_annotation;image_template_segmentation_surrogate;model_surrogate_labels_only;replaces_manual_review_operationally_not_evidentially;not_external_human_audit;not_expert_microscopy_adjudication;not_CTC_ground_truth;not_completed_real_audit_positive_evidence;not_materials_or_DFT_evidence
CTC-PHASE81-0196,Fluo-N2DH-GOWT1,2,79,80,Fluo-N2DH-GOWT1/02/t079,79,441,719,34,31,Fluo-N2DH-GOWT1/02/t080,80,440,718,37,30,calibration_audit,same_cell_supported,high,0.922035,"image-template, local-crop and geometry evidence support adjacent-frame same-cell link",phase91_ctc_image_template_segmentation_surrogate_v1,phase91_ctc_image_template_segmentation_surrogate_v1,same_cell_supported,high,"model-surrogate replacement label; not external human evidence; image-template, local-crop and geometry evidence support adjacent-frame same-cell link",model_surrogate_not_human,ctc_strong_model_annotation;image_template_segmentation_surrogate;model_surrogate_labels_only;replaces_manual_review_operationally_not_evidentially;not_external_human_audit;not_expert_microscopy_adjudication;not_CTC_ground_truth;not_completed_real_audit_positive_evidence;not_materials_or_DFT_evidence
CTC-PHASE81-0207,PhC-C2DH-U373,2,76,77,PhC-C2DH-U373/02/t076,76,638,266,3,3,PhC-C2DH-U373/02/t077,77,638,264,3,3,calibration_audit,same_cell_supported,medium,0.764516,"image-template, local-crop and geometry evidence support adjacent-frame same-cell link",phase91_ctc_image_template_segmentation_surrogate_v1,phase91_ctc_image_template_segmentation_surrogate_v1,same_cell_supported,medium,"model-surrogate replacement label; not external human evidence; image-template, local-crop and geometry evidence support adjacent-frame same-cell link",model_surrogate_not_human,ctc_strong_model_annotation;image_template_segmentation_surrogate;model_surrogate_labels_only;replaces_manual_review_operationally_not_evidentially;not_external_human_audit;not_expert_microscopy_adjudication;not_CTC_ground_truth;not_completed_real_audit_positive_evidence;not_materials_or_DFT_evidence
CTC-PHASE81-0217,Fluo-N2DL-HeLa,2,23,24,Fluo-N2DL-HeLa/02/t023,23,404,388,5,5,Fluo-N2DL-HeLa/02/t024,24,404,388,5,5,calibration_audit,same_cell_supported,high,0.899831,"image-template, local-crop and geometry evidence support adjacent-frame same-cell link",phase91_ctc_image_template_segmentation_surrogate_v1,phase91_ctc_image_template_segmentation_surrogate_v1,same_cell_supported,high,"model-surrogate replacement label; not external human evidence; image-template, local-crop and geometry evidence support adjacent-frame same-cell link",model_surrogate_not_human,ctc_strong_model_annotation;image_template_segmentation_surrogate;model_surrogate_labels_only;replaces_manual_review_operationally_not_evidentially;not_external_human_audit;not_expert_microscopy_adjudication;not_CTC_ground_truth;not_completed_real_audit_positive_evidence;not_materials_or_DFT_evidence
CTC-PHASE81-0218,PhC-C2DH-U373,2,42,43,PhC-C2DH-U373/02/t042,42,535,147,9,10,PhC-C2DH-U373/02/t043,43,533,154,9,9,calibration_audit,same_cell_supported,medium,0.751749,"image-template, local-crop and geometry evidence support adjacent-frame same-cell link",phase91_ctc_image_template_segmentation_surrogate_v1,phase91_ctc_image_template_segmentation_surrogate_v1,same_cell_supported,medium,"model-surrogate replacement label; not external human evidence; image-template, local-crop and geometry evidence support adjacent-frame same-cell link",model_surrogate_not_human,ctc_strong_model_annotation;image_template_segmentation_surrogate;model_surrogate_labels_only;replaces_manual_review_operationally_not_evidentially;not_external_human_audit;not_expert_microscopy_adjudication;not_CTC_ground_truth;not_completed_real_audit_positive_evidence;not_materials_or_DFT_evidence
CTC-PHASE81-0220,Fluo-N2DL-HeLa,2,85,86,Fluo-N2DL-HeLa/02/t085,85,779,662,5,5,Fluo-N2DL-HeLa/02/t086,86,779,662,5,5,calibration_audit,same_cell_supported,high,0.963202,"image-template, local-crop and geometry evidence support adjacent-frame same-cell link",phase91_ctc_image_template_segmentation_surrogate_v1,phase91_ctc_image_template_segmentation_surrogate_v1,same_cell_supported,high,"model-surrogate replacement label; not external human evidence; image-template, local-crop and geometry evidence support adjacent-frame same-cell link",model_surrogate_not_human,ctc_strong_model_annotation;image_template_segmentation_surrogate;model_surrogate_labels_only;replaces_manual_review_operationally_not_evidentially;not_external_human_audit;not_expert_microscopy_adjudication;not_CTC_ground_truth;not_completed_real_audit_positive_evidence;not_materials_or_DFT_evidence
CTC-PHASE81-0221,Fluo-N2DL-HeLa,2,35,36,Fluo-N2DL-HeLa/02/t035,35,828,605,5,5,Fluo-N2DL-HeLa/02/t036,36,828,605,5,5,calibration_audit,same_cell_supported,high,0.941163,"image-template, local-crop and geometry evidence support adjacent-frame same-cell link",phase91_ctc_image_template_segmentation_surrogate_v1,phase91_ctc_image_template_segmentation_surrogate_v1,same_cell_supported,high,"model-surrogate replacement label; not external human evidence; image-template, local-crop and geometry evidence support adjacent-frame same-cell link",model_surrogate_not_human,ctc_strong_model_annotation;image_template_segmentation_surrogate;model_surrogate_labels_only;replaces_manual_review_operationally_not_evidentially;not_external_human_audit;not_expert_microscopy_adjudication;not_CTC_ground_truth;not_completed_real_audit_positive_evidence;not_materials_or_DFT_evidence
CTC-PHASE81-0222,Fluo-N2DL-HeLa,2,3,4,Fluo-N2DL-HeLa/02/t003,3,1015,562,3,3,Fluo-N2DL-HeLa/02/t004,4,1016,562,3,3,calibration_audit,same_cell_supported,medium,0.773765,"image-template, local-crop and geometry evidence support adjacent-frame same-cell link",phase91_ctc_image_template_segmentation_surrogate_v1,phase91_ctc_image_template_segmentation_surrogate_v1,same_cell_supported,medium,"model-surrogate replacement label; not external human evidence; image-template, local-crop and geometry evidence support adjacent-frame same-cell link",model_surrogate_not_human,ctc_strong_model_annotation;image_template_segmentation_surrogate;model_surrogate_labels_only;replaces_manual_review_operationally_not_evidentially;not_external_human_audit;not_expert_microscopy_adjudication;not_CTC_ground_truth;not_completed_real_audit_positive_evidence;not_materials_or_DFT_evidence
CTC-PHASE81-0228,Fluo-N2DH-GOWT1,2,27,28,Fluo-N2DH-GOWT1/02/t027,27,122,458,41,38,Fluo-N2DH-GOWT1/02/t028,28,122,459,41,38,calibration_audit,same_cell_supported,medium,0.777081,"image-template, local-crop and geometry evidence support adjacent-frame same-cell link",phase91_ctc_image_template_segmentation_surrogate_v1,phase91_ctc_image_template_segmentation_surrogate_v1,same_cell_supported,medium,"model-surrogate replacement label; not external human evidence; image-template, local-crop and geometry evidence support adjacent-frame same-cell link",model_surrogate_not_human,ctc_strong_model_annotation;image_template_segmentation_surrogate;model_surrogate_labels_only;replaces_manual_review_operationally_not_evidentially;not_external_human_audit;not_expert_microscopy_adjudication;not_CTC_ground_truth;not_completed_real_audit_positive_evidence;not_materials_or_DFT_evidence
CTC-PHASE81-0229,DIC-C2DH-HeLa,2,69,70,DIC-C2DH-HeLa/02/t069,69,103,54,19,19,DIC-C2DH-HeLa/02/t070,70,103,54,19,19,calibration_audit,uncertain,medium,0.634734,mixed image-template and geometry evidence; route to human adjudication if used evidentially,phase91_ctc_image_template_segmentation_surrogate_v1,phase91_ctc_image_template_segmentation_surrogate_v1,uncertain,medium,model-surrogate replacement label; not external human evidence; mixed image-template and geometry evidence; route to human adjudication if used evidentially,model_surrogate_not_human,ctc_strong_model_annotation;image_template_segmentation_surrogate;model_surrogate_labels_only;replaces_manual_review_operationally_not_evidentially;not_external_human_audit;not_expert_microscopy_adjudication;not_CTC_ground_truth;not_completed_real_audit_positive_evidence;not_materials_or_DFT_evidence
CTC-PHASE81-0239,PhC-C2DH-U373,2,110,111,PhC-C2DH-U373/02/t110,110,189,177,9,9,PhC-C2DH-U373/02/t111,111,189,178,9,11,calibration_audit,same_cell_supported,high,0.874178,"image-template, local-crop and geometry evidence support adjacent-frame same-cell link",phase91_ctc_image_template_segmentation_surrogate_v1,phase91_ctc_image_template_segmentation_surrogate_v1,same_cell_supported,high,"model-surrogate replacement label; not external human evidence; image-template, local-crop and geometry evidence support adjacent-frame same-cell link",model_surrogate_not_human,ctc_strong_model_annotation;image_template_segmentation_surrogate;model_surrogate_labels_only;replaces_manual_review_operationally_not_evidentially;not_external_human_audit;not_expert_microscopy_adjudication;not_CTC_ground_truth;not_completed_real_audit_positive_evidence;not_materials_or_DFT_evidence
CTC-PHASE81-0249,Fluo-N2DL-HeLa,2,20,21,Fluo-N2DL-HeLa/02/t020,20,395,386,5,5,Fluo-N2DL-HeLa/02/t021,21,395,386,5,5,calibration_audit,same_cell_supported,high,0.857607,"image-template, local-crop and geometry evidence support adjacent-frame same-cell link",phase91_ctc_image_template_segmentation_surrogate_v1,phase91_ctc_image_template_segmentation_surrogate_v1,same_cell_supported,high,"model-surrogate replacement label; not external human evidence; image-template, local-crop and geometry evidence support adjacent-frame same-cell link",model_surrogate_not_human,ctc_strong_model_annotation;image_template_segmentation_surrogate;model_surrogate_labels_only;replaces_manual_review_operationally_not_evidentially;not_external_human_audit;not_expert_microscopy_adjudication;not_CTC_ground_truth;not_completed_real_audit_positive_evidence;not_materials_or_DFT_evidence
CTC-PHASE81-0254,Fluo-N2DL-HeLa,2,13,14,Fluo-N2DL-HeLa/02/t013,13,762,186,7,7,Fluo-N2DL-HeLa/02/t014,14,762,186,7,7,calibration_audit,same_cell_supported,high,0.980815,"image-template, local-crop and geometry evidence support adjacent-frame same-cell link",phase91_ctc_image_template_segmentation_surrogate_v1,phase91_ctc_image_template_segmentation_surrogate_v1,same_cell_supported,high,"model-surrogate replacement label; not external human evidence; image-template, local-crop and geometry evidence support adjacent-frame same-cell link",model_surrogate_not_human,ctc_strong_model_annotation;image_template_segmentation_surrogate;model_surrogate_labels_only;replaces_manual_review_operationally_not_evidentially;not_external_human_audit;not_expert_microscopy_adjudication;not_CTC_ground_truth;not_completed_real_audit_positive_evidence;not_materials_or_DFT_evidence
CTC-PHASE81-0256,PhC-C2DH-U373,2,96,97,PhC-C2DH-U373/02/t096,96,454,443,3,3,PhC-C2DH-U373/02/t097,97,450,438,3,3,calibration_audit,uncertain,medium,0.615103,mixed image-template and geometry evidence; route to human adjudication if used evidentially,phase91_ctc_image_template_segmentation_surrogate_v1,phase91_ctc_image_template_segmentation_surrogate_v1,uncertain,medium,model-surrogate replacement label; not external human evidence; mixed image-template and geometry evidence; route to human adjudication if used evidentially,model_surrogate_not_human,ctc_strong_model_annotation;image_template_segmentation_surrogate;model_surrogate_labels_only;replaces_manual_review_operationally_not_evidentially;not_external_human_audit;not_expert_microscopy_adjudication;not_CTC_ground_truth;not_completed_real_audit_positive_evidence;not_materials_or_DFT_evidence
CTC-PHASE81-0263,Fluo-N2DL-HeLa,2,49,50,Fluo-N2DL-HeLa/02/t049,49,878,300,5,5,Fluo-N2DL-HeLa/02/t050,50,878,300,5,5,calibration_audit,same_cell_supported,high,0.968192,"image-template, local-crop and geometry evidence support adjacent-frame same-cell link",phase91_ctc_image_template_segmentation_surrogate_v1,phase91_ctc_image_template_segmentation_surrogate_v1,same_cell_supported,high,"model-surrogate replacement label; not external human evidence; image-template, local-crop and geometry evidence support adjacent-frame same-cell link",model_surrogate_not_human,ctc_strong_model_annotation;image_template_segmentation_surrogate;model_surrogate_labels_only;replaces_manual_review_operationally_not_evidentially;not_external_human_audit;not_expert_microscopy_adjudication;not_CTC_ground_truth;not_completed_real_audit_positive_evidence;not_materials_or_DFT_evidence
CTC-PHASE81-0268,PhC-C2DH-U373,2,37,38,PhC-C2DH-U373/02/t037,37,540,458,5,5,PhC-C2DH-U373/02/t038,38,538,458,5,5,calibration_audit,uncertain,medium,0.671806,mixed image-template and geometry evidence; route to human adjudication if used evidentially,phase91_ctc_image_template_segmentation_surrogate_v1,phase91_ctc_image_template_segmentation_surrogate_v1,uncertain,medium,model-surrogate replacement label; not external human evidence; mixed image-template and geometry evidence; route to human adjudication if used evidentially,model_surrogate_not_human,ctc_strong_model_annotation;image_template_segmentation_surrogate;model_surrogate_labels_only;replaces_manual_review_operationally_not_evidentially;not_external_human_audit;not_expert_microscopy_adjudication;not_CTC_ground_truth;not_completed_real_audit_positive_evidence;not_materials_or_DFT_evidence
CTC-PHASE81-0269,Fluo-N2DH-GOWT1,2,80,81,Fluo-N2DH-GOWT1/02/t080,80,441,243,34,37,Fluo-N2DH-GOWT1/02/t081,81,444,241,31,38,calibration_audit,same_cell_supported,medium,0.805269,"image-template, local-crop and geometry evidence support adjacent-frame same-cell link",phase91_ctc_image_template_segmentation_surrogate_v1,phase91_ctc_image_template_segmentation_surrogate_v1,same_cell_supported,medium,"model-surrogate replacement label; not external human evidence; image-template, local-crop and geometry evidence support adjacent-frame same-cell link",model_surrogate_not_human,ctc_strong_model_annotation;image_template_segmentation_surrogate;model_surrogate_labels_only;replaces_manual_review_operationally_not_evidentially;not_external_human_audit;not_expert_microscopy_adjudication;not_CTC_ground_truth;not_completed_real_audit_positive_evidence;not_materials_or_DFT_evidence
CTC-PHASE81-0270,DIC-C2DH-HeLa,2,63,64,DIC-C2DH-HeLa/02/t063,63,396,87,19,19,DIC-C2DH-HeLa/02/t064,64,396,87,19,19,calibration_audit,uncertain,medium,0.627343,mixed image-template and geometry evidence; route to human adjudication if used evidentially,phase91_ctc_image_template_segmentation_surrogate_v1,phase91_ctc_image_template_segmentation_surrogate_v1,uncertain,medium,model-surrogate replacement label; not external human evidence; mixed image-template and geometry evidence; route to human adjudication if used evidentially,model_surrogate_not_human,ctc_strong_model_annotation;image_template_segmentation_surrogate;model_surrogate_labels_only;replaces_manual_review_operationally_not_evidentially;not_external_human_audit;not_expert_microscopy_adjudication;not_CTC_ground_truth;not_completed_real_audit_positive_evidence;not_materials_or_DFT_evidence
CTC-PHASE81-0272,PhC-C2DH-U373,2,86,87,PhC-C2DH-U373/02/t086,86,174,178,9,10,PhC-C2DH-U373/02/t087,87,170,179,10,9,calibration_audit,same_cell_supported,high,0.843889,"image-template, local-crop and geometry evidence support adjacent-frame same-cell link",phase91_ctc_image_template_segmentation_surrogate_v1,phase91_ctc_image_template_segmentation_surrogate_v1,same_cell_supported,high,"model-surrogate replacement label; not external human evidence; image-template, local-crop and geometry evidence support adjacent-frame same-cell link",model_surrogate_not_human,ctc_strong_model_annotation;image_template_segmentation_surrogate;model_surrogate_labels_only;replaces_manual_review_operationally_not_evidentially;not_external_human_audit;not_expert_microscopy_adjudication;not_CTC_ground_truth;not_completed_real_audit_positive_evidence;not_materials_or_DFT_evidence
CTC-PHASE81-0277,Fluo-N2DL-HeLa,2,2,3,Fluo-N2DL-HeLa/02/t002,2,595,338,7,7,Fluo-N2DL-HeLa/02/t003,3,595,338,7,7,calibration_audit,same_cell_supported,high,0.959061,"image-template, local-crop and geometry evidence support adjacent-frame same-cell link",phase91_ctc_image_template_segmentation_surrogate_v1,phase91_ctc_image_template_segmentation_surrogate_v1,same_cell_supported,high,"model-surrogate replacement label; not external human evidence; image-template, local-crop and geometry evidence support adjacent-frame same-cell link",model_surrogate_not_human,ctc_strong_model_annotation;image_template_segmentation_surrogate;model_surrogate_labels_only;replaces_manual_review_operationally_not_evidentially;not_external_human_audit;not_expert_microscopy_adjudication;not_CTC_ground_truth;not_completed_real_audit_positive_evidence;not_materials_or_DFT_evidence
CTC-PHASE81-0282,PhC-C2DH-U373,2,13,14,PhC-C2DH-U373/02/t013,13,548,96,10,9,PhC-C2DH-U373/02/t014,14,548,96,9,10,calibration_audit,same_cell_supported,high,0.965793,"image-template, local-crop and geometry evidence support adjacent-frame same-cell link",phase91_ctc_image_template_segmentation_surrogate_v1,phase91_ctc_image_template_segmentation_surrogate_v1,same_cell_supported,high,"model-surrogate replacement label; not external human evidence; image-template, local-crop and geometry evidence support adjacent-frame same-cell link",model_surrogate_not_human,ctc_strong_model_annotation;image_template_segmentation_surrogate;model_surrogate_labels_only;replaces_manual_review_operationally_not_evidentially;not_external_human_audit;not_expert_microscopy_adjudication;not_CTC_ground_truth;not_completed_real_audit_positive_evidence;not_materials_or_DFT_evidence
CTC-PHASE81-0283,Fluo-N2DL-HeLa,2,53,54,Fluo-N2DL-HeLa/02/t053,53,727,117,5,5,Fluo-N2DL-HeLa/02/t054,54,727,117,5,5,calibration_audit,same_cell_supported,high,0.987217,"image-template, local-crop and geometry evidence support adjacent-frame same-cell link",phase91_ctc_image_template_segmentation_surrogate_v1,phase91_ctc_image_template_segmentation_surrogate_v1,same_cell_supported,high,"model-surrogate replacement label; not external human evidence; image-template, local-crop and geometry evidence support adjacent-frame same-cell link",model_surrogate_not_human,ctc_strong_model_annotation;image_template_segmentation_surrogate;model_surrogate_labels_only;replaces_manual_review_operationally_not_evidentially;not_external_human_audit;not_expert_microscopy_adjudication;not_CTC_ground_truth;not_completed_real_audit_positive_evidence;not_materials_or_DFT_evidence
CTC-PHASE81-0284,Fluo-N2DH-GOWT1,2,74,75,Fluo-N2DH-GOWT1/02/t074,74,904,343,40,39,Fluo-N2DH-GOWT1/02/t075,75,905,343,38,39,calibration_audit,uncertain,medium,0.726403,mixed image-template and geometry evidence; route to human adjudication if used evidentially,phase91_ctc_image_template_segmentation_surrogate_v1,phase91_ctc_image_template_segmentation_surrogate_v1,uncertain,medium,model-surrogate replacement label; not external human evidence; mixed image-template and geometry evidence; route to human adjudication if used evidentially,model_surrogate_not_human,ctc_strong_model_annotation;image_template_segmentation_surrogate;model_surrogate_labels_only;replaces_manual_review_operationally_not_evidentially;not_external_human_audit;not_expert_microscopy_adjudication;not_CTC_ground_truth;not_completed_real_audit_positive_evidence;not_materials_or_DFT_evidence
CTC-PHASE81-0285,PhC-C2DH-U373,2,102,103,PhC-C2DH-U373/02/t102,102,417,433,3,3,PhC-C2DH-U373/02/t103,103,424,431,3,3,calibration_audit,uncertain,medium,0.649236,mixed image-template and geometry evidence; route to human adjudication if used evidentially,phase91_ctc_image_template_segmentation_surrogate_v1,phase91_ctc_image_template_segmentation_surrogate_v1,uncertain,medium,model-surrogate replacement label; not external human evidence; mixed image-template and geometry evidence; route to human adjudication if used evidentially,model_surrogate_not_human,ctc_strong_model_annotation;image_template_segmentation_surrogate;model_surrogate_labels_only;replaces_manual_review_operationally_not_evidentially;not_external_human_audit;not_expert_microscopy_adjudication;not_CTC_ground_truth;not_completed_real_audit_positive_evidence;not_materials_or_DFT_evidence
CTC-PHASE81-0286,DIC-C2DH-HeLa,2,4,5,DIC-C2DH-HeLa/02/t004,4,67,61,19,19,DIC-C2DH-HeLa/02/t005,5,67,61,19,19,calibration_audit,uncertain,medium,0.649006,mixed image-template and geometry evidence; route to human adjudication if used evidentially,phase91_ctc_image_template_segmentation_surrogate_v1,phase91_ctc_image_template_segmentation_surrogate_v1,uncertain,medium,model-surrogate replacement label; not external human evidence; mixed image-template and geometry evidence; route to human adjudication if used evidentially,model_surrogate_not_human,ctc_strong_model_annotation;image_template_segmentation_surrogate;model_surrogate_labels_only;replaces_manual_review_operationally_not_evidentially;not_external_human_audit;not_expert_microscopy_adjudication;not_CTC_ground_truth;not_completed_real_audit_positive_evidence;not_materials_or_DFT_evidence
CTC-PHASE81-0288,Fluo-N2DL-HeLa,2,48,49,Fluo-N2DL-HeLa/02/t048,48,801,146,5,5,Fluo-N2DL-HeLa/02/t049,49,801,146,5,5,calibration_audit,same_cell_supported,high,0.996416,"image-template, local-crop and geometry evidence support adjacent-frame same-cell link",phase91_ctc_image_template_segmentation_surrogate_v1,phase91_ctc_image_template_segmentation_surrogate_v1,same_cell_supported,high,"model-surrogate replacement label; not external human evidence; image-template, local-crop and geometry evidence support adjacent-frame same-cell link",model_surrogate_not_human,ctc_strong_model_annotation;image_template_segmentation_surrogate;model_surrogate_labels_only;replaces_manual_review_operationally_not_evidentially;not_external_human_audit;not_expert_microscopy_adjudication;not_CTC_ground_truth;not_completed_real_audit_positive_evidence;not_materials_or_DFT_evidence
CTC-PHASE81-0293,Fluo-N2DH-GOWT1,2,8,9,Fluo-N2DH-GOWT1/02/t008,8,395,725,34,30,Fluo-N2DH-GOWT1/02/t009,9,400,726,33,30,calibration_audit,same_cell_supported,high,0.902519,"image-template, local-crop and geometry evidence support adjacent-frame same-cell link",phase91_ctc_image_template_segmentation_surrogate_v1,phase91_ctc_image_template_segmentation_surrogate_v1,same_cell_supported,high,"model-surrogate replacement label; not external human evidence; image-template, local-crop and geometry evidence support adjacent-frame same-cell link",model_surrogate_not_human,ctc_strong_model_annotation;image_template_segmentation_surrogate;model_surrogate_labels_only;replaces_manual_review_operationally_not_evidentially;not_external_human_audit;not_expert_microscopy_adjudication;not_CTC_ground_truth;not_completed_real_audit_positive_evidence;not_materials_or_DFT_evidence
CTC-PHASE81-0294,PhC-C2DH-U373,2,96,97,PhC-C2DH-U373/02/t096,96,171,170,11,9,PhC-C2DH-U373/02/t097,97,169,168,9,9,calibration_audit,same_cell_supported,medium,0.835543,"image-template, local-crop and geometry evidence support adjacent-frame same-cell link",phase91_ctc_image_template_segmentation_surrogate_v1,phase91_ctc_image_template_segmentation_surrogate_v1,same_cell_supported,medium,"model-surrogate replacement label; not external human evidence; image-template, local-crop and geometry evidence support adjacent-frame same-cell link",model_surrogate_not_human,ctc_strong_model_annotation;image_template_segmentation_surrogate;model_surrogate_labels_only;replaces_manual_review_operationally_not_evidentially;not_external_human_audit;not_expert_microscopy_adjudication;not_CTC_ground_truth;not_completed_real_audit_positive_evidence;not_materials_or_DFT_evidence
CTC-PHASE81-0301,PhC-C2DH-U373,2,53,54,PhC-C2DH-U373/02/t053,53,172,180,11,11,PhC-C2DH-U373/02/t054,54,172,180,11,11,calibration_audit,same_cell_supported,high,0.921571,"image-template, local-crop and geometry evidence support adjacent-frame same-cell link",phase91_ctc_image_template_segmentation_surrogate_v1,phase91_ctc_image_template_segmentation_surrogate_v1,same_cell_supported,high,"model-surrogate replacement label; not external human evidence; image-template, local-crop and geometry evidence support adjacent-frame same-cell link",model_surrogate_not_human,ctc_strong_model_annotation;image_template_segmentation_surrogate;model_surrogate_labels_only;replaces_manual_review_operationally_not_evidentially;not_external_human_audit;not_expert_microscopy_adjudication;not_CTC_ground_truth;not_completed_real_audit_positive_evidence;not_materials_or_DFT_evidence
CTC-PHASE81-0305,DIC-C2DH-HeLa,2,20,21,DIC-C2DH-HeLa/02/t020,20,342,411,19,19,DIC-C2DH-HeLa/02/t021,21,342,411,19,19,calibration_audit,same_cell_supported,medium,0.788192,"image-template, local-crop and geometry evidence support adjacent-frame same-cell link",phase91_ctc_image_template_segmentation_surrogate_v1,phase91_ctc_image_template_segmentation_surrogate_v1,same_cell_supported,medium,"model-surrogate replacement label; not external human evidence; image-template, local-crop and geometry evidence support adjacent-frame same-cell link",model_surrogate_not_human,ctc_strong_model_annotation;image_template_segmentation_surrogate;model_surrogate_labels_only;replaces_manual_review_operationally_not_evidentially;not_external_human_audit;not_expert_microscopy_adjudication;not_CTC_ground_truth;not_completed_real_audit_positive_evidence;not_materials_or_DFT_evidence
CTC-PHASE81-0309,Fluo-N2DH-GOWT1,2,74,75,Fluo-N2DH-GOWT1/02/t074,74,12,268,34,34,Fluo-N2DH-GOWT1/02/t075,75,14,269,35,35,calibration_audit,uncertain,medium,0.609783,mixed image-template and geometry evidence; route to human adjudication if used evidentially,phase91_ctc_image_template_segmentation_surrogate_v1,phase91_ctc_image_template_segmentation_surrogate_v1,uncertain,medium,model-surrogate replacement label; not external human evidence; mixed image-template and geometry evidence; route to human adjudication if used evidentially,model_surrogate_not_human,ctc_strong_model_annotation;image_template_segmentation_surrogate;model_surrogate_labels_only;replaces_manual_review_operationally_not_evidentially;not_external_human_audit;not_expert_microscopy_adjudication;not_CTC_ground_truth;not_completed_real_audit_positive_evidence;not_materials_or_DFT_evidence
CTC-PHASE81-0315,DIC-C2DH-HeLa,2,17,18,DIC-C2DH-HeLa/02/t017,17,401,328,19,19,DIC-C2DH-HeLa/02/t018,18,401,328,19,19,calibration_audit,same_cell_supported,medium,0.788948,"image-template, local-crop and geometry evidence support adjacent-frame same-cell link",phase91_ctc_image_template_segmentation_surrogate_v1,phase91_ctc_image_template_segmentation_surrogate_v1,same_cell_supported,medium,"model-surrogate replacement label; not external human evidence; image-template, local-crop and geometry evidence support adjacent-frame same-cell link",model_surrogate_not_human,ctc_strong_model_annotation;image_template_segmentation_surrogate;model_surrogate_labels_only;replaces_manual_review_operationally_not_evidentially;not_external_human_audit;not_expert_microscopy_adjudication;not_CTC_ground_truth;not_completed_real_audit_positive_evidence;not_materials_or_DFT_evidence
CTC-PHASE81-0316,DIC-C2DH-HeLa,2,75,76,DIC-C2DH-HeLa/02/t075,75,338,432,19,19,DIC-C2DH-HeLa/02/t076,76,338,432,19,19,calibration_audit,same_cell_supported,medium,0.792001,"image-template, local-crop and geometry evidence support adjacent-frame same-cell link",phase91_ctc_image_template_segmentation_surrogate_v1,phase91_ctc_image_template_segmentation_surrogate_v1,same_cell_supported,medium,"model-surrogate replacement label; not external human evidence; image-template, local-crop and geometry evidence support adjacent-frame same-cell link",model_surrogate_not_human,ctc_strong_model_annotation;image_template_segmentation_surrogate;model_surrogate_labels_only;replaces_manual_review_operationally_not_evidentially;not_external_human_audit;not_expert_microscopy_adjudication;not_CTC_ground_truth;not_completed_real_audit_positive_evidence;not_materials_or_DFT_evidence
CTC-PHASE81-0317,Fluo-N2DL-HeLa,2,90,91,Fluo-N2DL-HeLa/02/t090,90,610,91,5,5,Fluo-N2DL-HeLa/02/t091,91,610,91,5,5,calibration_audit,same_cell_supported,high,0.967815,"image-template, local-crop and geometry evidence support adjacent-frame same-cell link",phase91_ctc_image_template_segmentation_surrogate_v1,phase91_ctc_image_template_segmentation_surrogate_v1,same_cell_supported,high,"model-surrogate replacement label; not external human evidence; image-template, local-crop and geometry evidence support adjacent-frame same-cell link",model_surrogate_not_human,ctc_strong_model_annotation;image_template_segmentation_surrogate;model_surrogate_labels_only;replaces_manual_review_operationally_not_evidentially;not_external_human_audit;not_expert_microscopy_adjudication;not_CTC_ground_truth;not_completed_real_audit_positive_evidence;not_materials_or_DFT_evidence
CTC-PHASE81-0318,DIC-C2DH-HeLa,2,15,16,DIC-C2DH-HeLa/02/t015,15,201,195,19,19,DIC-C2DH-HeLa/02/t016,16,201,195,19,19,calibration_audit,same_cell_supported,medium,0.768365,"image-template, local-crop and geometry evidence support adjacent-frame same-cell link",phase91_ctc_image_template_segmentation_surrogate_v1,phase91_ctc_image_template_segmentation_surrogate_v1,same_cell_supported,medium,"model-surrogate replacement label; not external human evidence; image-template, local-crop and geometry evidence support adjacent-frame same-cell link",model_surrogate_not_human,ctc_strong_model_annotation;image_template_segmentation_surrogate;model_surrogate_labels_only;replaces_manual_review_operationally_not_evidentially;not_external_human_audit;not_expert_microscopy_adjudication;not_CTC_ground_truth;not_completed_real_audit_positive_evidence;not_materials_or_DFT_evidence
CTC-PHASE81-0321,PhC-C2DH-U373,2,31,32,PhC-C2DH-U373/02/t031,31,56,394,5,5,PhC-C2DH-U373/02/t032,32,60,410,5,5,calibration_audit,uncertain,medium,0.661896,mixed image-template and geometry evidence; route to human adjudication if used evidentially,phase91_ctc_image_template_segmentation_surrogate_v1,phase91_ctc_image_template_segmentation_surrogate_v1,uncertain,medium,model-surrogate replacement label; not external human evidence; mixed image-template and geometry evidence; route to human adjudication if used evidentially,model_surrogate_not_human,ctc_strong_model_annotation;image_template_segmentation_surrogate;model_surrogate_labels_only;replaces_manual_review_operationally_not_evidentially;not_external_human_audit;not_expert_microscopy_adjudication;not_CTC_ground_truth;not_completed_real_audit_positive_evidence;not_materials_or_DFT_evidence
CTC-PHASE81-0325,Fluo-N2DH-GOWT1,2,50,51,Fluo-N2DH-GOWT1/02/t050,50,428,725,35,31,Fluo-N2DH-GOWT1/02/t051,51,428,724,36,32,calibration_audit,same_cell_supported,high,0.939929,"image-template, local-crop and geometry evidence support adjacent-frame same-cell link",phase91_ctc_image_template_segmentation_surrogate_v1,phase91_ctc_image_template_segmentation_surrogate_v1,same_cell_supported,high,"model-surrogate replacement label; not external human evidence; image-template, local-crop and geometry evidence support adjacent-frame same-cell link",model_surrogate_not_human,ctc_strong_model_annotation;image_template_segmentation_surrogate;model_surrogate_labels_only;replaces_manual_review_operationally_not_evidentially;not_external_human_audit;not_expert_microscopy_adjudication;not_CTC_ground_truth;not_completed_real_audit_positive_evidence;not_materials_or_DFT_evidence
CTC-PHASE81-0332,DIC-C2DH-HeLa,2,10,11,DIC-C2DH-HeLa/02/t010,10,315,226,19,19,DIC-C2DH-HeLa/02/t011,11,315,226,19,19,calibration_audit,same_cell_supported,medium,0.766787,"image-template, local-crop and geometry evidence support adjacent-frame same-cell link",phase91_ctc_image_template_segmentation_surrogate_v1,phase91_ctc_image_template_segmentation_surrogate_v1,same_cell_supported,medium,"model-surrogate replacement label; not external human evidence; image-template, local-crop and geometry evidence support adjacent-frame same-cell link",model_surrogate_not_human,ctc_strong_model_annotation;image_template_segmentation_surrogate;model_surrogate_labels_only;replaces_manual_review_operationally_not_evidentially;not_external_human_audit;not_expert_microscopy_adjudication;not_CTC_ground_truth;not_completed_real_audit_positive_evidence;not_materials_or_DFT_evidence
CTC-PHASE81-0333,PhC-C2DH-U373,2,87,88,PhC-C2DH-U373/02/t087,87,635,265,3,3,PhC-C2DH-U373/02/t088,88,639,276,3,3,calibration_audit,uncertain,medium,0.567099,mixed image-template and geometry evidence; route to human adjudication if used evidentially,phase91_ctc_image_template_segmentation_surrogate_v1,phase91_ctc_image_template_segmentation_surrogate_v1,uncertain,medium,model-surrogate replacement label; not external human evidence; mixed image-template and geometry evidence; route to human adjudication if used evidentially,model_surrogate_not_human,ctc_strong_model_annotation;image_template_segmentation_surrogate;model_surrogate_labels_only;replaces_manual_review_operationally_not_evidentially;not_external_human_audit;not_expert_microscopy_adjudication;not_CTC_ground_truth;not_completed_real_audit_positive_evidence;not_materials_or_DFT_evidence
CTC-PHASE81-0341,Fluo-N2DH-GOWT1,2,35,36,Fluo-N2DH-GOWT1/02/t035,35,421,719,36,32,Fluo-N2DH-GOWT1/02/t036,36,420,718,38,33,calibration_audit,same_cell_supported,high,0.934498,"image-template, local-crop and geometry evidence support adjacent-frame same-cell link",phase91_ctc_image_template_segmentation_surrogate_v1,phase91_ctc_image_template_segmentation_surrogate_v1,same_cell_supported,high,"model-surrogate replacement label; not external human evidence; image-template, local-crop and geometry evidence support adjacent-frame same-cell link",model_surrogate_not_human,ctc_strong_model_annotation;image_template_segmentation_surrogate;model_surrogate_labels_only;replaces_manual_review_operationally_not_evidentially;not_external_human_audit;not_expert_microscopy_adjudication;not_CTC_ground_truth;not_completed_real_audit_positive_evidence;not_materials_or_DFT_evidence
CTC-PHASE81-0343,Fluo-N2DH-GOWT1,2,6,7,Fluo-N2DH-GOWT1/02/t006,6,214,645,41,41,Fluo-N2DH-GOWT1/02/t007,7,214,645,41,42,calibration_audit,same_cell_supported,medium,0.792882,"image-template, local-crop and geometry evidence support adjacent-frame same-cell link",phase91_ctc_image_template_segmentation_surrogate_v1,phase91_ctc_image_template_segmentation_surrogate_v1,same_cell_supported,medium,"model-surrogate replacement label; not external human evidence; image-template, local-crop and geometry evidence support adjacent-frame same-cell link",model_surrogate_not_human,ctc_strong_model_annotation;image_template_segmentation_surrogate;model_surrogate_labels_only;replaces_manual_review_operationally_not_evidentially;not_external_human_audit;not_expert_microscopy_adjudication;not_CTC_ground_truth;not_completed_real_audit_positive_evidence;not_materials_or_DFT_evidence
CTC-PHASE81-0350,Fluo-N2DL-HeLa,2,65,66,Fluo-N2DL-HeLa/02/t065,65,665,589,5,5,Fluo-N2DL-HeLa/02/t066,66,665,589,5,5,calibration_audit,same_cell_supported,high,0.939884,"image-template, local-crop and geometry evidence support adjacent-frame same-cell link",phase91_ctc_image_template_segmentation_surrogate_v1,phase91_ctc_image_template_segmentation_surrogate_v1,same_cell_supported,high,"model-surrogate replacement label; not external human evidence; image-template, local-crop and geometry evidence support adjacent-frame same-cell link",model_surrogate_not_human,ctc_strong_model_annotation;image_template_segmentation_surrogate;model_surrogate_labels_only;replaces_manual_review_operationally_not_evidentially;not_external_human_audit;not_expert_microscopy_adjudication;not_CTC_ground_truth;not_completed_real_audit_positive_evidence;not_materials_or_DFT_evidence
CTC-PHASE81-0351,PhC-C2DH-U373,2,66,67,PhC-C2DH-U373/02/t066,66,46,405,13,13,PhC-C2DH-U373/02/t067,67,46,405,14,13,calibration_audit,same_cell_supported,medium,0.745903,"image-template, local-crop and geometry evidence support adjacent-frame same-cell link",phase91_ctc_image_template_segmentation_surrogate_v1,phase91_ctc_image_template_segmentation_surrogate_v1,same_cell_supported,medium,"model-surrogate replacement label; not external human evidence; image-template, local-crop and geometry evidence support adjacent-frame same-cell link",model_surrogate_not_human,ctc_strong_model_annotation;image_template_segmentation_surrogate;model_surrogate_labels_only;replaces_manual_review_operationally_not_evidentially;not_external_human_audit;not_expert_microscopy_adjudication;not_CTC_ground_truth;not_completed_real_audit_positive_evidence;not_materials_or_DFT_evidence
CTC-PHASE81-0353,Fluo-N2DL-HeLa,2,74,75,Fluo-N2DL-HeLa/02/t074,74,553,442,5,5,Fluo-N2DL-HeLa/02/t075,75,553,442,5,5,calibration_audit,same_cell_supported,high,0.992779,"image-template, local-crop and geometry evidence support adjacent-frame same-cell link",phase91_ctc_image_template_segmentation_surrogate_v1,phase91_ctc_image_template_segmentation_surrogate_v1,same_cell_supported,high,"model-surrogate replacement label; not external human evidence; image-template, local-crop and geometry evidence support adjacent-frame same-cell link",model_surrogate_not_human,ctc_strong_model_annotation;image_template_segmentation_surrogate;model_surrogate_labels_only;replaces_manual_review_operationally_not_evidentially;not_external_human_audit;not_expert_microscopy_adjudication;not_CTC_ground_truth;not_completed_real_audit_positive_evidence;not_materials_or_DFT_evidence
CTC-PHASE81-0360,Fluo-N2DH-GOWT1,2,26,27,Fluo-N2DH-GOWT1/02/t026,26,124,456,40,38,Fluo-N2DH-GOWT1/02/t027,27,122,458,41,38,calibration_audit,same_cell_supported,medium,0.769376,"image-template, local-crop and geometry evidence support adjacent-frame same-cell link",phase91_ctc_image_template_segmentation_surrogate_v1,phase91_ctc_image_template_segmentation_surrogate_v1,same_cell_supported,medium,"model-surrogate replacement label; not external human evidence; image-template, local-crop and geometry evidence support adjacent-frame same-cell link",model_surrogate_not_human,ctc_strong_model_annotation;image_template_segmentation_surrogate;model_surrogate_labels_only;replaces_manual_review_operationally_not_evidentially;not_external_human_audit;not_expert_microscopy_adjudication;not_CTC_ground_truth;not_completed_real_audit_positive_evidence;not_materials_or_DFT_evidence
CTC-PHASE81-0363,DIC-C2DH-HeLa,2,78,79,DIC-C2DH-HeLa/02/t078,78,179,184,19,19,DIC-C2DH-HeLa/02/t079,79,179,184,19,19,calibration_audit,uncertain,medium,0.724899,mixed image-template and geometry evidence; route to human adjudication if used evidentially,phase91_ctc_image_template_segmentation_surrogate_v1,phase91_ctc_image_template_segmentation_surrogate_v1,uncertain,medium,model-surrogate replacement label; not external human evidence; mixed image-template and geometry evidence; route to human adjudication if used evidentially,model_surrogate_not_human,ctc_strong_model_annotation;image_template_segmentation_surrogate;model_surrogate_labels_only;replaces_manual_review_operationally_not_evidentially;not_external_human_audit;not_expert_microscopy_adjudication;not_CTC_ground_truth;not_completed_real_audit_positive_evidence;not_materials_or_DFT_evidence
CTC-PHASE81-0365,PhC-C2DH-U373,2,55,56,PhC-C2DH-U373/02/t055,55,512,458,4,3,PhC-C2DH-U373/02/t056,56,509,457,3,3,calibration_audit,uncertain,medium,0.619744,mixed image-template and geometry evidence; route to human adjudication if used evidentially,phase91_ctc_image_template_segmentation_surrogate_v1,phase91_ctc_image_template_segmentation_surrogate_v1,uncertain,medium,model-surrogate replacement label; not external human evidence; mixed image-template and geometry evidence; route to human adjudication if used evidentially,model_surrogate_not_human,ctc_strong_model_annotation;image_template_segmentation_surrogate;model_surrogate_labels_only;replaces_manual_review_operationally_not_evidentially;not_external_human_audit;not_expert_microscopy_adjudication;not_CTC_ground_truth;not_completed_real_audit_positive_evidence;not_materials_or_DFT_evidence
CTC-PHASE81-0375,Fluo-N2DL-HeLa,2,6,7,Fluo-N2DL-HeLa/02/t006,6,916,289,5,5,Fluo-N2DL-HeLa/02/t007,7,916,289,5,6,calibration_audit,same_cell_supported,high,0.915805,"image-template, local-crop and geometry evidence support adjacent-frame same-cell link",phase91_ctc_image_template_segmentation_surrogate_v1,phase91_ctc_image_template_segmentation_surrogate_v1,same_cell_supported,high,"model-surrogate replacement label; not external human evidence; image-template, local-crop and geometry evidence support adjacent-frame same-cell link",model_surrogate_not_human,ctc_strong_model_annotation;image_template_segmentation_surrogate;model_surrogate_labels_only;replaces_manual_review_operationally_not_evidentially;not_external_human_audit;not_expert_microscopy_adjudication;not_CTC_ground_truth;not_completed_real_audit_positive_evidence;not_materials_or_DFT_evidence
CTC-PHASE81-0381,Fluo-N2DL-HeLa,2,24,25,Fluo-N2DL-HeLa/02/t024,24,643,137,5,5,Fluo-N2DL-HeLa/02/t025,25,643,137,5,5,calibration_audit,same_cell_supported,medium,0.839156,"image-template, local-crop and geometry evidence support adjacent-frame same-cell link",phase91_ctc_image_template_segmentation_surrogate_v1,phase91_ctc_image_template_segmentation_surrogate_v1,same_cell_supported,medium,"model-surrogate replacement label; not external human evidence; image-template, local-crop and geometry evidence support adjacent-frame same-cell link",model_surrogate_not_human,ctc_strong_model_annotation;image_template_segmentation_surrogate;model_surrogate_labels_only;replaces_manual_review_operationally_not_evidentially;not_external_human_audit;not_expert_microscopy_adjudication;not_CTC_ground_truth;not_completed_real_audit_positive_evidence;not_materials_or_DFT_evidence
CTC-PHASE81-0382,PhC-C2DH-U373,2,69,70,PhC-C2DH-U373/02/t069,69,565,180,30,12,PhC-C2DH-U373/02/t070,70,585,181,9,9,calibration_audit,uncertain,medium,0.596856,mixed image-template and geometry evidence; route to human adjudication if used evidentially,phase91_ctc_image_template_segmentation_surrogate_v1,phase91_ctc_image_template_segmentation_surrogate_v1,uncertain,medium,model-surrogate replacement label; not external human evidence; mixed image-template and geometry evidence; route to human adjudication if used evidentially,model_surrogate_not_human,ctc_strong_model_annotation;image_template_segmentation_surrogate;model_surrogate_labels_only;replaces_manual_review_operationally_not_evidentially;not_external_human_audit;not_expert_microscopy_adjudication;not_CTC_ground_truth;not_completed_real_audit_positive_evidence;not_materials_or_DFT_evidence
CTC-PHASE81-0383,DIC-C2DH-HeLa,2,32,33,DIC-C2DH-HeLa/02/t032,32,403,142,19,19,DIC-C2DH-HeLa/02/t033,33,403,142,19,19,calibration_audit,uncertain,medium,0.713339,mixed image-template and geometry evidence; route to human adjudication if used evidentially,phase91_ctc_image_template_segmentation_surrogate_v1,phase91_ctc_image_template_segmentation_surrogate_v1,uncertain,medium,model-surrogate replacement label; not external human evidence; mixed image-template and geometry evidence; route to human adjudication if used evidentially,model_surrogate_not_human,ctc_strong_model_annotation;image_template_segmentation_surrogate;model_surrogate_labels_only;replaces_manual_review_operationally_not_evidentially;not_external_human_audit;not_expert_microscopy_adjudication;not_CTC_ground_truth;not_completed_real_audit_positive_evidence;not_materials_or_DFT_evidence
CTC-PHASE81-0387,DIC-C2DH-HeLa,2,3,4,DIC-C2DH-HeLa/02/t003,3,380,160,19,19,DIC-C2DH-HeLa/02/t004,4,380,160,19,19,calibration_audit,same_cell_supported,medium,0.786655,"image-template, local-crop and geometry evidence support adjacent-frame same-cell link",phase91_ctc_image_template_segmentation_surrogate_v1,phase91_ctc_image_template_segmentation_surrogate_v1,same_cell_supported,medium,"model-surrogate replacement label; not external human evidence; image-template, local-crop and geometry evidence support adjacent-frame same-cell link",model_surrogate_not_human,ctc_strong_model_annotation;image_template_segmentation_surrogate;model_surrogate_labels_only;replaces_manual_review_operationally_not_evidentially;not_external_human_audit;not_expert_microscopy_adjudication;not_CTC_ground_truth;not_completed_real_audit_positive_evidence;not_materials_or_DFT_evidence
CTC-PHASE81-0392,DIC-C2DH-HeLa,2,40,41,DIC-C2DH-HeLa/02/t040,40,83,51,19,19,DIC-C2DH-HeLa/02/t041,41,83,51,19,19,calibration_audit,uncertain,medium,0.643638,mixed image-template and geometry evidence; route to human adjudication if used evidentially,phase91_ctc_image_template_segmentation_surrogate_v1,phase91_ctc_image_template_segmentation_surrogate_v1,uncertain,medium,model-surrogate replacement label; not external human evidence; mixed image-template and geometry evidence; route to human adjudication if used evidentially,model_surrogate_not_human,ctc_strong_model_annotation;image_template_segmentation_surrogate;model_surrogate_labels_only;replaces_manual_review_operationally_not_evidentially;not_external_human_audit;not_expert_microscopy_adjudication;not_CTC_ground_truth;not_completed_real_audit_positive_evidence;not_materials_or_DFT_evidence
CTC-PHASE81-0394,Fluo-N2DH-GOWT1,2,70,71,Fluo-N2DH-GOWT1/02/t070,70,177,41,29,29,Fluo-N2DH-GOWT1/02/t071,71,176,39,29,29,calibration_audit,uncertain,medium,0.603664,mixed image-template and geometry evidence; route to human adjudication if used evidentially,phase91_ctc_image_template_segmentation_surrogate_v1,phase91_ctc_image_template_segmentation_surrogate_v1,uncertain,medium,model-surrogate replacement label; not external human evidence; mixed image-template and geometry evidence; route to human adjudication if used evidentially,model_surrogate_not_human,ctc_strong_model_annotation;image_template_segmentation_surrogate;model_surrogate_labels_only;replaces_manual_review_operationally_not_evidentially;not_external_human_audit;not_expert_microscopy_adjudication;not_CTC_ground_truth;not_completed_real_audit_positive_evidence;not_materials_or_DFT_evidence
CTC-PHASE81-0396,PhC-C2DH-U373,2,30,31,PhC-C2DH-U373/02/t030,30,35,383,15,15,PhC-C2DH-U373/02/t031,31,56,394,5,5,calibration_audit,uncertain,medium,0.534125,mixed image-template and geometry evidence; route to human adjudication if used evidentially,phase91_ctc_image_template_segmentation_surrogate_v1,phase91_ctc_image_template_segmentation_surrogate_v1,uncertain,medium,model-surrogate replacement label; not external human evidence; mixed image-template and geometry evidence; route to human adjudication if used evidentially,model_surrogate_not_human,ctc_strong_model_annotation;image_template_segmentation_surrogate;model_surrogate_labels_only;replaces_manual_review_operationally_not_evidentially;not_external_human_audit;not_expert_microscopy_adjudication;not_CTC_ground_truth;not_completed_real_audit_positive_evidence;not_materials_or_DFT_evidence
CTC-PHASE81-0404,Fluo-N2DH-GOWT1,2,69,70,Fluo-N2DH-GOWT1/02/t069,69,514,339,41,42,Fluo-N2DH-GOWT1/02/t070,70,512,339,47,45,calibration_audit,same_cell_supported,high,0.874608,"image-template, local-crop and geometry evidence support adjacent-frame same-cell link",phase91_ctc_image_template_segmentation_surrogate_v1,phase91_ctc_image_template_segmentation_surrogate_v1,same_cell_supported,high,"model-surrogate replacement label; not external human evidence; image-template, local-crop and geometry evidence support adjacent-frame same-cell link",model_surrogate_not_human,ctc_strong_model_annotation;image_template_segmentation_surrogate;model_surrogate_labels_only;replaces_manual_review_operationally_not_evidentially;not_external_human_audit;not_expert_microscopy_adjudication;not_CTC_ground_truth;not_completed_real_audit_positive_evidence;not_materials_or_DFT_evidence
CTC-PHASE81-0406,Fluo-N2DH-GOWT1,2,18,19,Fluo-N2DH-GOWT1/02/t018,18,198,649,43,43,Fluo-N2DH-GOWT1/02/t019,19,198,649,43,43,calibration_audit,same_cell_supported,medium,0.788165,"image-template, local-crop and geometry evidence support adjacent-frame same-cell link",phase91_ctc_image_template_segmentation_surrogate_v1,phase91_ctc_image_template_segmentation_surrogate_v1,same_cell_supported,medium,"model-surrogate replacement label; not external human evidence; image-template, local-crop and geometry evidence support adjacent-frame same-cell link",model_surrogate_not_human,ctc_strong_model_annotation;image_template_segmentation_surrogate;model_surrogate_labels_only;replaces_manual_review_operationally_not_evidentially;not_external_human_audit;not_expert_microscopy_adjudication;not_CTC_ground_truth;not_completed_real_audit_positive_evidence;not_materials_or_DFT_evidence
CTC-PHASE81-0412,Fluo-N2DH-GOWT1,2,56,57,Fluo-N2DH-GOWT1/02/t056,56,425,726,36,31,Fluo-N2DH-GOWT1/02/t057,57,426,728,38,30,calibration_audit,same_cell_supported,high,0.928432,"image-template, local-crop and geometry evidence support adjacent-frame same-cell link",phase91_ctc_image_template_segmentation_surrogate_v1,phase91_ctc_image_template_segmentation_surrogate_v1,same_cell_supported,high,"model-surrogate replacement label; not external human evidence; image-template, local-crop and geometry evidence support adjacent-frame same-cell link",model_surrogate_not_human,ctc_strong_model_annotation;image_template_segmentation_surrogate;model_surrogate_labels_only;replaces_manual_review_operationally_not_evidentially;not_external_human_audit;not_expert_microscopy_adjudication;not_CTC_ground_truth;not_completed_real_audit_positive_evidence;not_materials_or_DFT_evidence
CTC-PHASE81-0426,DIC-C2DH-HeLa,2,56,57,DIC-C2DH-HeLa/02/t056,56,87,54,19,19,DIC-C2DH-HeLa/02/t057,57,87,54,19,19,calibration_audit,uncertain,medium,0.629868,mixed image-template and geometry evidence; route to human adjudication if used evidentially,phase91_ctc_image_template_segmentation_surrogate_v1,phase91_ctc_image_template_segmentation_surrogate_v1,uncertain,medium,model-surrogate replacement label; not external human evidence; mixed image-template and geometry evidence; route to human adjudication if used evidentially,model_surrogate_not_human,ctc_strong_model_annotation;image_template_segmentation_surrogate;model_surrogate_labels_only;replaces_manual_review_operationally_not_evidentially;not_external_human_audit;not_expert_microscopy_adjudication;not_CTC_ground_truth;not_completed_real_audit_positive_evidence;not_materials_or_DFT_evidence
CTC-PHASE81-0429,Fluo-N2DH-GOWT1,2,75,76,Fluo-N2DH-GOWT1/02/t075,75,172,24,29,29,Fluo-N2DH-GOWT1/02/t076,76,172,25,29,29,calibration_audit,uncertain,medium,0.602745,mixed image-template and geometry evidence; route to human adjudication if used evidentially,phase91_ctc_image_template_segmentation_surrogate_v1,phase91_ctc_image_template_segmentation_surrogate_v1,uncertain,medium,model-surrogate replacement label; not external human evidence; mixed image-template and geometry evidence; route to human adjudication if used evidentially,model_surrogate_not_human,ctc_strong_model_annotation;image_template_segmentation_surrogate;model_surrogate_labels_only;replaces_manual_review_operationally_not_evidentially;not_external_human_audit;not_expert_microscopy_adjudication;not_CTC_ground_truth;not_completed_real_audit_positive_evidence;not_materials_or_DFT_evidence
CTC-PHASE81-0432,PhC-C2DH-U373,2,80,81,PhC-C2DH-U373/02/t080,80,579,191,9,9,PhC-C2DH-U373/02/t081,81,579,192,9,9,calibration_audit,same_cell_supported,high,0.909978,"image-template, local-crop and geometry evidence support adjacent-frame same-cell link",phase91_ctc_image_template_segmentation_surrogate_v1,phase91_ctc_image_template_segmentation_surrogate_v1,same_cell_supported,high,"model-surrogate replacement label; not external human evidence; image-template, local-crop and geometry evidence support adjacent-frame same-cell link",model_surrogate_not_human,ctc_strong_model_annotation;image_template_segmentation_surrogate;model_surrogate_labels_only;replaces_manual_review_operationally_not_evidentially;not_external_human_audit;not_expert_microscopy_adjudication;not_CTC_ground_truth;not_completed_real_audit_positive_evidence;not_materials_or_DFT_evidence
CTC-PHASE81-0435,DIC-C2DH-HeLa,2,24,25,DIC-C2DH-HeLa/02/t024,24,342,411,19,19,DIC-C2DH-HeLa/02/t025,25,342,411,19,19,calibration_audit,same_cell_supported,medium,0.780179,"image-template, local-crop and geometry evidence support adjacent-frame same-cell link",phase91_ctc_image_template_segmentation_surrogate_v1,phase91_ctc_image_template_segmentation_surrogate_v1,same_cell_supported,medium,"model-surrogate replacement label; not external human evidence; image-template, local-crop and geometry evidence support adjacent-frame same-cell link",model_surrogate_not_human,ctc_strong_model_annotation;image_template_segmentation_surrogate;model_surrogate_labels_only;replaces_manual_review_operationally_not_evidentially;not_external_human_audit;not_expert_microscopy_adjudication;not_CTC_ground_truth;not_completed_real_audit_positive_evidence;not_materials_or_DFT_evidence
CTC-PHASE81-0436,DIC-C2DH-HeLa,2,14,15,DIC-C2DH-HeLa/02/t014,14,58,50,19,19,DIC-C2DH-HeLa/02/t015,15,58,50,19,19,calibration_audit,uncertain,medium,0.6525,mixed image-template and geometry evidence; route to human adjudication if used evidentially,phase91_ctc_image_template_segmentation_surrogate_v1,phase91_ctc_image_template_segmentation_surrogate_v1,uncertain,medium,model-surrogate replacement label; not external human evidence; mixed image-template and geometry evidence; route to human adjudication if used evidentially,model_surrogate_not_human,ctc_strong_model_annotation;image_template_segmentation_surrogate;model_surrogate_labels_only;replaces_manual_review_operationally_not_evidentially;not_external_human_audit;not_expert_microscopy_adjudication;not_CTC_ground_truth;not_completed_real_audit_positive_evidence;not_materials_or_DFT_evidence
CTC-PHASE81-0438,DIC-C2DH-HeLa,2,44,45,DIC-C2DH-HeLa/02/t044,44,355,173,19,19,DIC-C2DH-HeLa/02/t045,45,355,173,19,19,calibration_audit,same_cell_supported,medium,0.830497,"image-template, local-crop and geometry evidence support adjacent-frame same-cell link",phase91_ctc_image_template_segmentation_surrogate_v1,phase91_ctc_image_template_segmentation_surrogate_v1,same_cell_supported,medium,"model-surrogate replacement label; not external human evidence; image-template, local-crop and geometry evidence support adjacent-frame same-cell link",model_surrogate_not_human,ctc_strong_model_annotation;image_template_segmentation_surrogate;model_surrogate_labels_only;replaces_manual_review_operationally_not_evidentially;not_external_human_audit;not_expert_microscopy_adjudication;not_CTC_ground_truth;not_completed_real_audit_positive_evidence;not_materials_or_DFT_evidence
CTC-PHASE81-0441,Fluo-N2DH-GOWT1,2,38,39,Fluo-N2DH-GOWT1/02/t038,38,580,190,33,33,Fluo-N2DH-GOWT1/02/t039,39,581,199,30,22,calibration_audit,uncertain,medium,0.690414,mixed image-template and geometry evidence; route to human adjudication if used evidentially,phase91_ctc_image_template_segmentation_surrogate_v1,phase91_ctc_image_template_segmentation_surrogate_v1,uncertain,medium,model-surrogate replacement label; not external human evidence; mixed image-template and geometry evidence; route to human adjudication if used evidentially,model_surrogate_not_human,ctc_strong_model_annotation;image_template_segmentation_surrogate;model_surrogate_labels_only;replaces_manual_review_operationally_not_evidentially;not_external_human_audit;not_expert_microscopy_adjudication;not_CTC_ground_truth;not_completed_real_audit_positive_evidence;not_materials_or_DFT_evidence
CTC-PHASE81-0458,Fluo-N2DL-HeLa,2,15,16,Fluo-N2DL-HeLa/02/t015,15,628,79,5,5,Fluo-N2DL-HeLa/02/t016,16,628,79,5,5,calibration_audit,same_cell_supported,high,0.858565,"image-template, local-crop and geometry evidence support adjacent-frame same-cell link",phase91_ctc_image_template_segmentation_surrogate_v1,phase91_ctc_image_template_segmentation_surrogate_v1,same_cell_supported,high,"model-surrogate replacement label; not external human evidence; image-template, local-crop and geometry evidence support adjacent-frame same-cell link",model_surrogate_not_human,ctc_strong_model_annotation;image_template_segmentation_surrogate;model_surrogate_labels_only;replaces_manual_review_operationally_not_evidentially;not_external_human_audit;not_expert_microscopy_adjudication;not_CTC_ground_truth;not_completed_real_audit_positive_evidence;not_materials_or_DFT_evidence
CTC-PHASE81-0464,PhC-C2DH-U373,2,100,101,PhC-C2DH-U373/02/t100,100,427,438,3,3,PhC-C2DH-U373/02/t101,101,423,432,3,3,calibration_audit,uncertain,medium,0.554483,mixed image-template and geometry evidence; route to human adjudication if used evidentially,phase91_ctc_image_template_segmentation_surrogate_v1,phase91_ctc_image_template_segmentation_surrogate_v1,uncertain,medium,model-surrogate replacement label; not external human evidence; mixed image-template and geometry evidence; route to human adjudication if used evidentially,model_surrogate_not_human,ctc_strong_model_annotation;image_template_segmentation_surrogate;model_surrogate_labels_only;replaces_manual_review_operationally_not_evidentially;not_external_human_audit;not_expert_microscopy_adjudication;not_CTC_ground_truth;not_completed_real_audit_positive_evidence;not_materials_or_DFT_evidence
CTC-PHASE81-0467,Fluo-N2DL-HeLa,2,28,29,Fluo-N2DL-HeLa/02/t028,28,815,454,5,5,Fluo-N2DL-HeLa/02/t029,29,815,454,5,5,calibration_audit,same_cell_supported,high,0.93103,"image-template, local-crop and geometry evidence support adjacent-frame same-cell link",phase91_ctc_image_template_segmentation_surrogate_v1,phase91_ctc_image_template_segmentation_surrogate_v1,same_cell_supported,high,"model-surrogate replacement label; not external human evidence; image-template, local-crop and geometry evidence support adjacent-frame same-cell link",model_surrogate_not_human,ctc_strong_model_annotation;image_template_segmentation_surrogate;model_surrogate_labels_only;replaces_manual_review_operationally_not_evidentially;not_external_human_audit;not_expert_microscopy_adjudication;not_CTC_ground_truth;not_completed_real_audit_positive_evidence;not_materials_or_DFT_evidence
CTC-PHASE81-0468,PhC-C2DH-U373,2,101,102,PhC-C2DH-U373/02/t101,101,66,416,5,5,PhC-C2DH-U373/02/t102,102,66,419,5,5,calibration_audit,same_cell_supported,high,0.853764,"image-template, local-crop and geometry evidence support adjacent-frame same-cell link",phase91_ctc_image_template_segmentation_surrogate_v1,phase91_ctc_image_template_segmentation_surrogate_v1,same_cell_supported,high,"model-surrogate replacement label; not external human evidence; image-template, local-crop and geometry evidence support adjacent-frame same-cell link",model_surrogate_not_human,ctc_strong_model_annotation;image_template_segmentation_surrogate;model_surrogate_labels_only;replaces_manual_review_operationally_not_evidentially;not_external_human_audit;not_expert_microscopy_adjudication;not_CTC_ground_truth;not_completed_real_audit_positive_evidence;not_materials_or_DFT_evidence
CTC-PHASE81-0469,Fluo-N2DL-HeLa,2,9,10,Fluo-N2DL-HeLa/02/t009,9,682,588,5,5,Fluo-N2DL-HeLa/02/t010,10,682,588,5,5,calibration_audit,same_cell_supported,high,0.906426,"image-template, local-crop and geometry evidence support adjacent-frame same-cell link",phase91_ctc_image_template_segmentation_surrogate_v1,phase91_ctc_image_template_segmentation_surrogate_v1,same_cell_supported,high,"model-surrogate replacement label; not external human evidence; image-template, local-crop and geometry evidence support adjacent-frame same-cell link",model_surrogate_not_human,ctc_strong_model_annotation;image_template_segmentation_surrogate;model_surrogate_labels_only;replaces_manual_review_operationally_not_evidentially;not_external_human_audit;not_expert_microscopy_adjudication;not_CTC_ground_truth;not_completed_real_audit_positive_evidence;not_materials_or_DFT_evidence
CTC-PHASE81-0473,Fluo-N2DH-GOWT1,2,15,16,Fluo-N2DH-GOWT1/02/t015,15,212,350,37,37,Fluo-N2DH-GOWT1/02/t016,16,212,349,37,37,calibration_audit,same_cell_supported,medium,0.810982,"image-template, local-crop and geometry evidence support adjacent-frame same-cell link",phase91_ctc_image_template_segmentation_surrogate_v1,phase91_ctc_image_template_segmentation_surrogate_v1,same_cell_supported,medium,"model-surrogate replacement label; not external human evidence; image-template, local-crop and geometry evidence support adjacent-frame same-cell link",model_surrogate_not_human,ctc_strong_model_annotation;image_template_segmentation_surrogate;model_surrogate_labels_only;replaces_manual_review_operationally_not_evidentially;not_external_human_audit;not_expert_microscopy_adjudication;not_CTC_ground_truth;not_completed_real_audit_positive_evidence;not_materials_or_DFT_evidence
CTC-PHASE81-0479,Fluo-N2DH-GOWT1,2,32,33,Fluo-N2DH-GOWT1/02/t032,32,217,371,37,37,Fluo-N2DH-GOWT1/02/t033,33,217,371,37,37,calibration_audit,same_cell_supported,medium,0.817993,"image-template, local-crop and geometry evidence support adjacent-frame same-cell link",phase91_ctc_image_template_segmentation_surrogate_v1,phase91_ctc_image_template_segmentation_surrogate_v1,same_cell_supported,medium,"model-surrogate replacement label; not external human evidence; image-template, local-crop and geometry evidence support adjacent-frame same-cell link",model_surrogate_not_human,ctc_strong_model_annotation;image_template_segmentation_surrogate;model_surrogate_labels_only;replaces_manual_review_operationally_not_evidentially;not_external_human_audit;not_expert_microscopy_adjudication;not_CTC_ground_truth;not_completed_real_audit_positive_evidence;not_materials_or_DFT_evidence
CTC-PHASE81-0482,Fluo-N2DH-GOWT1,2,15,16,Fluo-N2DH-GOWT1/02/t015,15,596,663,39,40,Fluo-N2DH-GOWT1/02/t016,16,596,664,39,39,calibration_audit,same_cell_supported,medium,0.766187,"image-template, local-crop and geometry evidence support adjacent-frame same-cell link",phase91_ctc_image_template_segmentation_surrogate_v1,phase91_ctc_image_template_segmentation_surrogate_v1,same_cell_supported,medium,"model-surrogate replacement label; not external human evidence; image-template, local-crop and geometry evidence support adjacent-frame same-cell link",model_surrogate_not_human,ctc_strong_model_annotation;image_template_segmentation_surrogate;model_surrogate_labels_only;replaces_manual_review_operationally_not_evidentially;not_external_human_audit;not_expert_microscopy_adjudication;not_CTC_ground_truth;not_completed_real_audit_positive_evidence;not_materials_or_DFT_evidence
CTC-PHASE81-0485,DIC-C2DH-HeLa,2,60,61,DIC-C2DH-HeLa/02/t060,60,423,308,19,19,DIC-C2DH-HeLa/02/t061,61,424,310,19,19,calibration_audit,uncertain,medium,0.714433,mixed image-template and geometry evidence; route to human adjudication if used evidentially,phase91_ctc_image_template_segmentation_surrogate_v1,phase91_ctc_image_template_segmentation_surrogate_v1,uncertain,medium,model-surrogate replacement label; not external human evidence; mixed image-template and geometry evidence; route to human adjudication if used evidentially,model_surrogate_not_human,ctc_strong_model_annotation;image_template_segmentation_surrogate;model_surrogate_labels_only;replaces_manual_review_operationally_not_evidentially;not_external_human_audit;not_expert_microscopy_adjudication;not_CTC_ground_truth;not_completed_real_audit_positive_evidence;not_materials_or_DFT_evidence
CTC-PHASE81-0492,DIC-C2DH-HeLa,2,54,55,DIC-C2DH-HeLa/02/t054,54,193,184,19,19,DIC-C2DH-HeLa/02/t055,55,193,184,19,19,calibration_audit,uncertain,medium,0.640972,mixed image-template and geometry evidence; route to human adjudication if used evidentially,phase91_ctc_image_template_segmentation_surrogate_v1,phase91_ctc_image_template_segmentation_surrogate_v1,uncertain,medium,model-surrogate replacement label; not external human evidence; mixed image-template and geometry evidence; route to human adjudication if used evidentially,model_surrogate_not_human,ctc_strong_model_annotation;image_template_segmentation_surrogate;model_surrogate_labels_only;replaces_manual_review_operationally_not_evidentially;not_external_human_audit;not_expert_microscopy_adjudication;not_CTC_ground_truth;not_completed_real_audit_positive_evidence;not_materials_or_DFT_evidence
CTC-PHASE81-0501,DIC-C2DH-HeLa,2,19,20,DIC-C2DH-HeLa/02/t019,19,403,144,19,19,DIC-C2DH-HeLa/02/t020,20,403,144,19,19,calibration_audit,same_cell_supported,medium,0.771996,"image-template, local-crop and geometry evidence support adjacent-frame same-cell link",phase91_ctc_image_template_segmentation_surrogate_v1,phase91_ctc_image_template_segmentation_surrogate_v1,same_cell_supported,medium,"model-surrogate replacement label; not external human evidence; image-template, local-crop and geometry evidence support adjacent-frame same-cell link",model_surrogate_not_human,ctc_strong_model_annotation;image_template_segmentation_surrogate;model_surrogate_labels_only;replaces_manual_review_operationally_not_evidentially;not_external_human_audit;not_expert_microscopy_adjudication;not_CTC_ground_truth;not_completed_real_audit_positive_evidence;not_materials_or_DFT_evidence
CTC-PHASE81-0505,Fluo-N2DH-GOWT1,2,85,86,Fluo-N2DH-GOWT1/02/t085,85,450,720,32,29,Fluo-N2DH-GOWT1/02/t086,86,451,718,33,32,calibration_audit,same_cell_supported,high,0.936045,"image-template, local-crop and geometry evidence support adjacent-frame same-cell link",phase91_ctc_image_template_segmentation_surrogate_v1,phase91_ctc_image_template_segmentation_surrogate_v1,same_cell_supported,high,"model-surrogate replacement label; not external human evidence; image-template, local-crop and geometry evidence support adjacent-frame same-cell link",model_surrogate_not_human,ctc_strong_model_annotation;image_template_segmentation_surrogate;model_surrogate_labels_only;replaces_manual_review_operationally_not_evidentially;not_external_human_audit;not_expert_microscopy_adjudication;not_CTC_ground_truth;not_completed_real_audit_positive_evidence;not_materials_or_DFT_evidence
CTC-PHASE81-0506,PhC-C2DH-U373,2,7,8,PhC-C2DH-U373/02/t007,7,189,183,11,11,PhC-C2DH-U373/02/t008,8,187,182,11,11,calibration_audit,same_cell_supported,high,0.911402,"image-template, local-crop and geometry evidence support adjacent-frame same-cell link",phase91_ctc_image_template_segmentation_surrogate_v1,phase91_ctc_image_template_segmentation_surrogate_v1,same_cell_supported,high,"model-surrogate replacement label; not external human evidence; image-template, local-crop and geometry evidence support adjacent-frame same-cell link",model_surrogate_not_human,ctc_strong_model_annotation;image_template_segmentation_surrogate;model_surrogate_labels_only;replaces_manual_review_operationally_not_evidentially;not_external_human_audit;not_expert_microscopy_adjudication;not_CTC_ground_truth;not_completed_real_audit_positive_evidence;not_materials_or_DFT_evidence
CTC-PHASE81-0511,Fluo-N2DH-GOWT1,2,49,50,Fluo-N2DH-GOWT1/02/t049,49,129,457,39,42,Fluo-N2DH-GOWT1/02/t050,50,129,458,39,41,calibration_audit,same_cell_supported,medium,0.781375,"image-template, local-crop and geometry evidence support adjacent-frame same-cell link",phase91_ctc_image_template_segmentation_surrogate_v1,phase91_ctc_image_template_segmentation_surrogate_v1,same_cell_supported,medium,"model-surrogate replacement label; not external human evidence; image-template, local-crop and geometry evidence support adjacent-frame same-cell link",model_surrogate_not_human,ctc_strong_model_annotation;image_template_segmentation_surrogate;model_surrogate_labels_only;replaces_manual_review_operationally_not_evidentially;not_external_human_audit;not_expert_microscopy_adjudication;not_CTC_ground_truth;not_completed_real_audit_positive_evidence;not_materials_or_DFT_evidence
CTC-PHASE81-0512,Fluo-N2DH-GOWT1,2,84,85,Fluo-N2DH-GOWT1/02/t084,84,88,656,41,41,Fluo-N2DH-GOWT1/02/t085,85,88,656,42,41,calibration_audit,same_cell_supported,medium,0.758962,"image-template, local-crop and geometry evidence support adjacent-frame same-cell link",phase91_ctc_image_template_segmentation_surrogate_v1,phase91_ctc_image_template_segmentation_surrogate_v1,same_cell_supported,medium,"model-surrogate replacement label; not external human evidence; image-template, local-crop and geometry evidence support adjacent-frame same-cell link",model_surrogate_not_human,ctc_strong_model_annotation;image_template_segmentation_surrogate;model_surrogate_labels_only;replaces_manual_review_operationally_not_evidentially;not_external_human_audit;not_expert_microscopy_adjudication;not_CTC_ground_truth;not_completed_real_audit_positive_evidence;not_materials_or_DFT_evidence
CTC-PHASE81-0517,Fluo-N2DL-HeLa,2,49,50,Fluo-N2DL-HeLa/02/t049,49,754,141,5,5,Fluo-N2DL-HeLa/02/t050,50,754,141,5,5,calibration_audit,same_cell_supported,high,0.969308,"image-template, local-crop and geometry evidence support adjacent-frame same-cell link",phase91_ctc_image_template_segmentation_surrogate_v1,phase91_ctc_image_template_segmentation_surrogate_v1,same_cell_supported,high,"model-surrogate replacement label; not external human evidence; image-template, local-crop and geometry evidence support adjacent-frame same-cell link",model_surrogate_not_human,ctc_strong_model_annotation;image_template_segmentation_surrogate;model_surrogate_labels_only;replaces_manual_review_operationally_not_evidentially;not_external_human_audit;not_expert_microscopy_adjudication;not_CTC_ground_truth;not_completed_real_audit_positive_evidence;not_materials_or_DFT_evidence
CTC-PHASE81-0524,Fluo-N2DH-GOWT1,2,38,39,Fluo-N2DH-GOWT1/02/t038,38,424,719,36,33,Fluo-N2DH-GOWT1/02/t039,39,426,720,34,30,calibration_audit,same_cell_supported,high,0.931671,"image-template, local-crop and geometry evidence support adjacent-frame same-cell link",phase91_ctc_image_template_segmentation_surrogate_v1,phase91_ctc_image_template_segmentation_surrogate_v1,same_cell_supported,high,"model-surrogate replacement label; not external human evidence; image-template, local-crop and geometry evidence support adjacent-frame same-cell link",model_surrogate_not_human,ctc_strong_model_annotation;image_template_segmentation_surrogate;model_surrogate_labels_only;replaces_manual_review_operationally_not_evidentially;not_external_human_audit;not_expert_microscopy_adjudication;not_CTC_ground_truth;not_completed_real_audit_positive_evidence;not_materials_or_DFT_evidence
CTC-PHASE81-0525,DIC-C2DH-HeLa,2,66,67,DIC-C2DH-HeLa/02/t066,66,45,71,19,19,DIC-C2DH-HeLa/02/t067,67,45,71,19,19,calibration_audit,uncertain,medium,0.641693,mixed image-template and geometry evidence; route to human adjudication if used evidentially,phase91_ctc_image_template_segmentation_surrogate_v1,phase91_ctc_image_template_segmentation_surrogate_v1,uncertain,medium,model-surrogate replacement label; not external human evidence; mixed image-template and geometry evidence; route to human adjudication if used evidentially,model_surrogate_not_human,ctc_strong_model_annotation;image_template_segmentation_surrogate;model_surrogate_labels_only;replaces_manual_review_operationally_not_evidentially;not_external_human_audit;not_expert_microscopy_adjudication;not_CTC_ground_truth;not_completed_real_audit_positive_evidence;not_materials_or_DFT_evidence
CTC-PHASE81-0526,DIC-C2DH-HeLa,2,38,39,DIC-C2DH-HeLa/02/t038,38,420,324,19,19,DIC-C2DH-HeLa/02/t039,39,420,324,19,19,calibration_audit,same_cell_supported,medium,0.794625,"image-template, local-crop and geometry evidence support adjacent-frame same-cell link",phase91_ctc_image_template_segmentation_surrogate_v1,phase91_ctc_image_template_segmentation_surrogate_v1,same_cell_supported,medium,"model-surrogate replacement label; not external human evidence; image-template, local-crop and geometry evidence support adjacent-frame same-cell link",model_surrogate_not_human,ctc_strong_model_annotation;image_template_segmentation_surrogate;model_surrogate_labels_only;replaces_manual_review_operationally_not_evidentially;not_external_human_audit;not_expert_microscopy_adjudication;not_CTC_ground_truth;not_completed_real_audit_positive_evidence;not_materials_or_DFT_evidence
CTC-PHASE81-0538,Fluo-N2DL-HeLa,2,33,34,Fluo-N2DL-HeLa/02/t033,33,731,430,5,5,Fluo-N2DL-HeLa/02/t034,34,731,430,5,5,calibration_audit,same_cell_supported,high,0.911969,"image-template, local-crop and geometry evidence support adjacent-frame same-cell link",phase91_ctc_image_template_segmentation_surrogate_v1,phase91_ctc_image_template_segmentation_surrogate_v1,same_cell_supported,high,"model-surrogate replacement label; not external human evidence; image-template, local-crop and geometry evidence support adjacent-frame same-cell link",model_surrogate_not_human,ctc_strong_model_annotation;image_template_segmentation_surrogate;model_surrogate_labels_only;replaces_manual_review_operationally_not_evidentially;not_external_human_audit;not_expert_microscopy_adjudication;not_CTC_ground_truth;not_completed_real_audit_positive_evidence;not_materials_or_DFT_evidence
CTC-PHASE81-0539,Fluo-N2DH-GOWT1,2,2,3,Fluo-N2DH-GOWT1/02/t002,2,873,651,29,29,Fluo-N2DH-GOWT1/02/t003,3,873,645,34,39,calibration_audit,same_cell_supported,high,0.870605,"image-template, local-crop and geometry evidence support adjacent-frame same-cell link",phase91_ctc_image_template_segmentation_surrogate_v1,phase91_ctc_image_template_segmentation_surrogate_v1,same_cell_supported,high,"model-surrogate replacement label; not external human evidence; image-template, local-crop and geometry evidence support adjacent-frame same-cell link",model_surrogate_not_human,ctc_strong_model_annotation;image_template_segmentation_surrogate;model_surrogate_labels_only;replaces_manual_review_operationally_not_evidentially;not_external_human_audit;not_expert_microscopy_adjudication;not_CTC_ground_truth;not_completed_real_audit_positive_evidence;not_materials_or_DFT_evidence
CTC-PHASE81-0543,Fluo-N2DL-HeLa,2,84,85,Fluo-N2DL-HeLa/02/t084,84,361,605,5,5,Fluo-N2DL-HeLa/02/t085,85,361,605,5,5,calibration_audit,same_cell_supported,high,0.960964,"image-template, local-crop and geometry evidence support adjacent-frame same-cell link",phase91_ctc_image_template_segmentation_surrogate_v1,phase91_ctc_image_template_segmentation_surrogate_v1,same_cell_supported,high,"model-surrogate replacement label; not external human evidence; image-template, local-crop and geometry evidence support adjacent-frame same-cell link",model_surrogate_not_human,ctc_strong_model_annotation;image_template_segmentation_surrogate;model_surrogate_labels_only;replaces_manual_review_operationally_not_evidentially;not_external_human_audit;not_expert_microscopy_adjudication;not_CTC_ground_truth;not_completed_real_audit_positive_evidence;not_materials_or_DFT_evidence
CTC-PHASE81-0552,PhC-C2DH-U373,2,5,6,PhC-C2DH-U373/02/t005,5,620,439,11,11,PhC-C2DH-U373/02/t006,6,618,438,11,11,calibration_audit,same_cell_supported,high,0.889851,"image-template, local-crop and geometry evidence support adjacent-frame same-cell link",phase91_ctc_image_template_segmentation_surrogate_v1,phase91_ctc_image_template_segmentation_surrogate_v1,same_cell_supported,high,"model-surrogate replacement label; not external human evidence; image-template, local-crop and geometry evidence support adjacent-frame same-cell link",model_surrogate_not_human,ctc_strong_model_annotation;image_template_segmentation_surrogate;model_surrogate_labels_only;replaces_manual_review_operationally_not_evidentially;not_external_human_audit;not_expert_microscopy_adjudication;not_CTC_ground_truth;not_completed_real_audit_positive_evidence;not_materials_or_DFT_evidence
CTC-PHASE81-0553,DIC-C2DH-HeLa,2,27,28,DIC-C2DH-HeLa/02/t027,27,170,186,19,19,DIC-C2DH-HeLa/02/t028,28,170,186,19,19,calibration_audit,same_cell_supported,medium,0.776194,"image-template, local-crop and geometry evidence support adjacent-frame same-cell link",phase91_ctc_image_template_segmentation_surrogate_v1,phase91_ctc_image_template_segmentation_surrogate_v1,same_cell_supported,medium,"model-surrogate replacement label; not external human evidence; image-template, local-crop and geometry evidence support adjacent-frame same-cell link",model_surrogate_not_human,ctc_strong_model_annotation;image_template_segmentation_surrogate;model_surrogate_labels_only;replaces_manual_review_operationally_not_evidentially;not_external_human_audit;not_expert_microscopy_adjudication;not_CTC_ground_truth;not_completed_real_audit_positive_evidence;not_materials_or_DFT_evidence
CTC-PHASE81-0557,PhC-C2DH-U373,2,75,76,PhC-C2DH-U373/02/t075,75,74,243,9,9,PhC-C2DH-U373/02/t076,76,60,237,9,9,calibration_audit,uncertain,medium,0.678195,mixed image-template and geometry evidence; route to human adjudication if used evidentially,phase91_ctc_image_template_segmentation_surrogate_v1,phase91_ctc_image_template_segmentation_surrogate_v1,uncertain,medium,model-surrogate replacement label; not external human evidence; mixed image-template and geometry evidence; route to human adjudication if used evidentially,model_surrogate_not_human,ctc_strong_model_annotation;image_template_segmentation_surrogate;model_surrogate_labels_only;replaces_manual_review_operationally_not_evidentially;not_external_human_audit;not_expert_microscopy_adjudication;not_CTC_ground_truth;not_completed_real_audit_positive_evidence;not_materials_or_DFT_evidence
CTC-PHASE81-0564,PhC-C2DH-U373,2,94,95,PhC-C2DH-U373/02/t094,94,172,172,10,11,PhC-C2DH-U373/02/t095,95,173,171,9,9,calibration_audit,same_cell_supported,high,0.880685,"image-template, local-crop and geometry evidence support adjacent-frame same-cell link",phase91_ctc_image_template_segmentation_surrogate_v1,phase91_ctc_image_template_segmentation_surrogate_v1,same_cell_supported,high,"model-surrogate replacement label; not external human evidence; image-template, local-crop and geometry evidence support adjacent-frame same-cell link",model_surrogate_not_human,ctc_strong_model_annotation;image_template_segmentation_surrogate;model_surrogate_labels_only;replaces_manual_review_operationally_not_evidentially;not_external_human_audit;not_expert_microscopy_adjudication;not_CTC_ground_truth;not_completed_real_audit_positive_evidence;not_materials_or_DFT_evidence
CTC-PHASE81-0574,PhC-C2DH-U373,2,14,15,PhC-C2DH-U373/02/t014,14,194,172,11,11,PhC-C2DH-U373/02/t015,15,193,170,12,11,calibration_audit,same_cell_supported,high,0.860689,"image-template, local-crop and geometry evidence support adjacent-frame same-cell link",phase91_ctc_image_template_segmentation_surrogate_v1,phase91_ctc_image_template_segmentation_surrogate_v1,same_cell_supported,high,"model-surrogate replacement label; not external human evidence; image-template, local-crop and geometry evidence support adjacent-frame same-cell link",model_surrogate_not_human,ctc_strong_model_annotation;image_template_segmentation_surrogate;model_surrogate_labels_only;replaces_manual_review_operationally_not_evidentially;not_external_human_audit;not_expert_microscopy_adjudication;not_CTC_ground_truth;not_completed_real_audit_positive_evidence;not_materials_or_DFT_evidence
CTC-PHASE81-0575,DIC-C2DH-HeLa,2,31,32,DIC-C2DH-HeLa/02/t031,31,322,204,19,19,DIC-C2DH-HeLa/02/t032,32,322,204,19,19,calibration_audit,uncertain,medium,0.624384,mixed image-template and geometry evidence; route to human adjudication if used evidentially,phase91_ctc_image_template_segmentation_surrogate_v1,phase91_ctc_image_template_segmentation_surrogate_v1,uncertain,medium,model-surrogate replacement label; not external human evidence; mixed image-template and geometry evidence; route to human adjudication if used evidentially,model_surrogate_not_human,ctc_strong_model_annotation;image_template_segmentation_surrogate;model_surrogate_labels_only;replaces_manual_review_operationally_not_evidentially;not_external_human_audit;not_expert_microscopy_adjudication;not_CTC_ground_truth;not_completed_real_audit_positive_evidence;not_materials_or_DFT_evidence
CTC-PHASE81-0581,Fluo-N2DH-GOWT1,2,41,42,Fluo-N2DH-GOWT1/02/t041,41,404,173,39,37,Fluo-N2DH-GOWT1/02/t042,42,403,172,41,39,calibration_audit,same_cell_supported,medium,0.798966,"image-template, local-crop and geometry evidence support adjacent-frame same-cell link",phase91_ctc_image_template_segmentation_surrogate_v1,phase91_ctc_image_template_segmentation_surrogate_v1,same_cell_supported,medium,"model-surrogate replacement label; not external human evidence; image-template, local-crop and geometry evidence support adjacent-frame same-cell link",model_surrogate_not_human,ctc_strong_model_annotation;image_template_segmentation_surrogate;model_surrogate_labels_only;replaces_manual_review_operationally_not_evidentially;not_external_human_audit;not_expert_microscopy_adjudication;not_CTC_ground_truth;not_completed_real_audit_positive_evidence;not_materials_or_DFT_evidence
CTC-PHASE81-0582,Fluo-N2DH-GOWT1,2,86,87,Fluo-N2DH-GOWT1/02/t086,86,529,337,40,39,Fluo-N2DH-GOWT1/02/t087,87,532,338,37,37,calibration_audit,same_cell_supported,high,0.947978,"image-template, local-crop and geometry evidence support adjacent-frame same-cell link",phase91_ctc_image_template_segmentation_surrogate_v1,phase91_ctc_image_template_segmentation_surrogate_v1,same_cell_supported,high,"model-surrogate replacement label; not external human evidence; image-template, local-crop and geometry evidence support adjacent-frame same-cell link",model_surrogate_not_human,ctc_strong_model_annotation;image_template_segmentation_surrogate;model_surrogate_labels_only;replaces_manual_review_operationally_not_evidentially;not_external_human_audit;not_expert_microscopy_adjudication;not_CTC_ground_truth;not_completed_real_audit_positive_evidence;not_materials_or_DFT_evidence
CTC-PHASE81-0583,Fluo-N2DL-HeLa,2,73,74,Fluo-N2DL-HeLa/02/t073,73,914,645,5,5,Fluo-N2DL-HeLa/02/t074,74,914,645,5,5,calibration_audit,same_cell_supported,high,0.96483,"image-template, local-crop and geometry evidence support adjacent-frame same-cell link",phase91_ctc_image_template_segmentation_surrogate_v1,phase91_ctc_image_template_segmentation_surrogate_v1,same_cell_supported,high,"model-surrogate replacement label; not external human evidence; image-template, local-crop and geometry evidence support adjacent-frame same-cell link",model_surrogate_not_human,ctc_strong_model_annotation;image_template_segmentation_surrogate;model_surrogate_labels_only;replaces_manual_review_operationally_not_evidentially;not_external_human_audit;not_expert_microscopy_adjudication;not_CTC_ground_truth;not_completed_real_audit_positive_evidence;not_materials_or_DFT_evidence
CTC-PHASE81-0585,PhC-C2DH-U373,2,93,94,PhC-C2DH-U373/02/t093,93,61,420,5,5,PhC-C2DH-U373/02/t094,94,67,416,5,5,calibration_audit,uncertain,medium,0.637339,mixed image-template and geometry evidence; route to human adjudication if used evidentially,phase91_ctc_image_template_segmentation_surrogate_v1,phase91_ctc_image_template_segmentation_surrogate_v1,uncertain,medium,model-surrogate replacement label; not external human evidence; mixed image-template and geometry evidence; route to human adjudication if used evidentially,model_surrogate_not_human,ctc_strong_model_annotation;image_template_segmentation_surrogate;model_surrogate_labels_only;replaces_manual_review_operationally_not_evidentially;not_external_human_audit;not_expert_microscopy_adjudication;not_CTC_ground_truth;not_completed_real_audit_positive_evidence;not_materials_or_DFT_evidence
CTC-PHASE81-0588,Fluo-N2DH-GOWT1,2,47,48,Fluo-N2DH-GOWT1/02/t047,47,667,686,39,39,Fluo-N2DH-GOWT1/02/t048,48,667,685,39,42,calibration_audit,same_cell_supported,medium,0.760823,"image-template, local-crop and geometry evidence support adjacent-frame same-cell link",phase91_ctc_image_template_segmentation_surrogate_v1,phase91_ctc_image_template_segmentation_surrogate_v1,same_cell_supported,medium,"model-surrogate replacement label; not external human evidence; image-template, local-crop and geometry evidence support adjacent-frame same-cell link",model_surrogate_not_human,ctc_strong_model_annotation;image_template_segmentation_surrogate;model_surrogate_labels_only;replaces_manual_review_operationally_not_evidentially;not_external_human_audit;not_expert_microscopy_adjudication;not_CTC_ground_truth;not_completed_real_audit_positive_evidence;not_materials_or_DFT_evidence
CTC-PHASE81-0589,DIC-C2DH-HeLa,2,54,55,DIC-C2DH-HeLa/02/t054,54,426,115,19,19,DIC-C2DH-HeLa/02/t055,55,426,115,19,19,calibration_audit,uncertain,medium,0.631342,mixed image-template and geometry evidence; route to human adjudication if used evidentially,phase91_ctc_image_template_segmentation_surrogate_v1,phase91_ctc_image_template_segmentation_surrogate_v1,uncertain,medium,model-surrogate replacement label; not external human evidence; mixed image-template and geometry evidence; route to human adjudication if used evidentially,model_surrogate_not_human,ctc_strong_model_annotation;image_template_segmentation_surrogate;model_surrogate_labels_only;replaces_manual_review_operationally_not_evidentially;not_external_human_audit;not_expert_microscopy_adjudication;not_CTC_ground_truth;not_completed_real_audit_positive_evidence;not_materials_or_DFT_evidence
CTC-PHASE81-0592,PhC-C2DH-U373,2,89,90,PhC-C2DH-U373/02/t089,89,639,279,3,3,PhC-C2DH-U373/02/t090,90,638,283,3,3,calibration_audit,uncertain,medium,0.663471,mixed image-template and geometry evidence; route to human adjudication if used evidentially,phase91_ctc_image_template_segmentation_surrogate_v1,phase91_ctc_image_template_segmentation_surrogate_v1,uncertain,medium,model-surrogate replacement label; not external human evidence; mixed image-template and geometry evidence; route to human adjudication if used evidentially,model_surrogate_not_human,ctc_strong_model_annotation;image_template_segmentation_surrogate;model_surrogate_labels_only;replaces_manual_review_operationally_not_evidentially;not_external_human_audit;not_expert_microscopy_adjudication;not_CTC_ground_truth;not_completed_real_audit_positive_evidence;not_materials_or_DFT_evidence
CTC-PHASE81-0593,Fluo-N2DL-HeLa,2,83,84,Fluo-N2DL-HeLa/02/t083,83,961,668,5,5,Fluo-N2DL-HeLa/02/t084,84,961,668,5,5,calibration_audit,same_cell_supported,high,0.973059,"image-template, local-crop and geometry evidence support adjacent-frame same-cell link",phase91_ctc_image_template_segmentation_surrogate_v1,phase91_ctc_image_template_segmentation_surrogate_v1,same_cell_supported,high,"model-surrogate replacement label; not external human evidence; image-template, local-crop and geometry evidence support adjacent-frame same-cell link",model_surrogate_not_human,ctc_strong_model_annotation;image_template_segmentation_surrogate;model_surrogate_labels_only;replaces_manual_review_operationally_not_evidentially;not_external_human_audit;not_expert_microscopy_adjudication;not_CTC_ground_truth;not_completed_real_audit_positive_evidence;not_materials_or_DFT_evidence
CTC-PHASE81-0594,Fluo-N2DL-HeLa,2,24,25,Fluo-N2DL-HeLa/02/t024,24,634,70,5,5,Fluo-N2DL-HeLa/02/t025,25,634,70,5,5,calibration_audit,same_cell_supported,high,0.896784,"image-template, local-crop and geometry evidence support adjacent-frame same-cell link",phase91_ctc_image_template_segmentation_surrogate_v1,phase91_ctc_image_template_segmentation_surrogate_v1,same_cell_supported,high,"model-surrogate replacement label; not external human evidence; image-template, local-crop and geometry evidence support adjacent-frame same-cell link",model_surrogate_not_human,ctc_strong_model_annotation;image_template_segmentation_surrogate;model_surrogate_labels_only;replaces_manual_review_operationally_not_evidentially;not_external_human_audit;not_expert_microscopy_adjudication;not_CTC_ground_truth;not_completed_real_audit_positive_evidence;not_materials_or_DFT_evidence
CTC-PHASE81-0595,Fluo-N2DH-GOWT1,2,3,4,Fluo-N2DH-GOWT1/02/t003,3,402,726,31,31,Fluo-N2DH-GOWT1/02/t004,4,402,725,31,32,calibration_audit,same_cell_supported,high,0.932841,"image-template, local-crop and geometry evidence support adjacent-frame same-cell link",phase91_ctc_image_template_segmentation_surrogate_v1,phase91_ctc_image_template_segmentation_surrogate_v1,same_cell_supported,high,"model-surrogate replacement label; not external human evidence; image-template, local-crop and geometry evidence support adjacent-frame same-cell link",model_surrogate_not_human,ctc_strong_model_annotation;image_template_segmentation_surrogate;model_surrogate_labels_only;replaces_manual_review_operationally_not_evidentially;not_external_human_audit;not_expert_microscopy_adjudication;not_CTC_ground_truth;not_completed_real_audit_positive_evidence;not_materials_or_DFT_evidence
CTC-PHASE81-0002,Fluo-N2DL-HeLa,2,61,62,Fluo-N2DL-HeLa/02/t061,61,775,72,5,5,Fluo-N2DL-HeLa/02/t062,62,775,72,5,5,release_audit,same_cell_supported,high,0.97107,"image-template, local-crop and geometry evidence support adjacent-frame same-cell link",phase91_ctc_image_template_segmentation_surrogate_v1,phase91_ctc_image_template_segmentation_surrogate_v1,same_cell_supported,high,"model-surrogate replacement label; not external human evidence; image-template, local-crop and geometry evidence support adjacent-frame same-cell link",model_surrogate_not_human,ctc_strong_model_annotation;image_template_segmentation_surrogate;model_surrogate_labels_only;replaces_manual_review_operationally_not_evidentially;not_external_human_audit;not_expert_microscopy_adjudication;not_CTC_ground_truth;not_completed_real_audit_positive_evidence;not_materials_or_DFT_evidence
CTC-PHASE81-0004,Fluo-N2DL-HeLa,2,24,25,Fluo-N2DL-HeLa/02/t024,24,699,644,5,5,Fluo-N2DL-HeLa/02/t025,25,699,644,5,5,release_audit,same_cell_supported,high,0.964613,"image-template, local-crop and geometry evidence support adjacent-frame same-cell link",phase91_ctc_image_template_segmentation_surrogate_v1,phase91_ctc_image_template_segmentation_surrogate_v1,same_cell_supported,high,"model-surrogate replacement label; not external human evidence; image-template, local-crop and geometry evidence support adjacent-frame same-cell link",model_surrogate_not_human,ctc_strong_model_annotation;image_template_segmentation_surrogate;model_surrogate_labels_only;replaces_manual_review_operationally_not_evidentially;not_external_human_audit;not_expert_microscopy_adjudication;not_CTC_ground_truth;not_completed_real_audit_positive_evidence;not_materials_or_DFT_evidence
CTC-PHASE81-0005,Fluo-N2DL-HeLa,2,15,16,Fluo-N2DL-HeLa/02/t015,15,759,380,5,5,Fluo-N2DL-HeLa/02/t016,16,759,380,5,5,release_audit,same_cell_supported,high,0.970205,"image-template, local-crop and geometry evidence support adjacent-frame same-cell link",phase91_ctc_image_template_segmentation_surrogate_v1,phase91_ctc_image_template_segmentation_surrogate_v1,same_cell_supported,high,"model-surrogate replacement label; not external human evidence; image-template, local-crop and geometry evidence support adjacent-frame same-cell link",model_surrogate_not_human,ctc_strong_model_annotation;image_template_segmentation_surrogate;model_surrogate_labels_only;replaces_manual_review_operationally_not_evidentially;not_external_human_audit;not_expert_microscopy_adjudication;not_CTC_ground_truth;not_completed_real_audit_positive_evidence;not_materials_or_DFT_evidence
CTC-PHASE81-0007,Fluo-N2DL-HeLa,2,9,10,Fluo-N2DL-HeLa/02/t009,9,580,386,5,5,Fluo-N2DL-HeLa/02/t010,10,580,386,5,5,release_audit,same_cell_supported,high,0.954077,"image-template, local-crop and geometry evidence support adjacent-frame same-cell link",phase91_ctc_image_template_segmentation_surrogate_v1,phase91_ctc_image_template_segmentation_surrogate_v1,same_cell_supported,high,"model-surrogate replacement label; not external human evidence; image-template, local-crop and geometry evidence support adjacent-frame same-cell link",model_surrogate_not_human,ctc_strong_model_annotation;image_template_segmentation_surrogate;model_surrogate_labels_only;replaces_manual_review_operationally_not_evidentially;not_external_human_audit;not_expert_microscopy_adjudication;not_CTC_ground_truth;not_completed_real_audit_positive_evidence;not_materials_or_DFT_evidence
CTC-PHASE81-0008,Fluo-N2DL-HeLa,2,44,45,Fluo-N2DL-HeLa/02/t044,44,929,659,5,5,Fluo-N2DL-HeLa/02/t045,45,929,659,5,5,release_audit,same_cell_supported,high,0.963314,"image-template, local-crop and geometry evidence support adjacent-frame same-cell link",phase91_ctc_image_template_segmentation_surrogate_v1,phase91_ctc_image_template_segmentation_surrogate_v1,same_cell_supported,high,"model-surrogate replacement label; not external human evidence; image-template, local-crop and geometry evidence support adjacent-frame same-cell link",model_surrogate_not_human,ctc_strong_model_annotation;image_template_segmentation_surrogate;model_surrogate_labels_only;replaces_manual_review_operationally_not_evidentially;not_external_human_audit;not_expert_microscopy_adjudication;not_CTC_ground_truth;not_completed_real_audit_positive_evidence;not_materials_or_DFT_evidence
CTC-PHASE81-0009,Fluo-N2DL-HeLa,2,34,35,Fluo-N2DL-HeLa/02/t034,34,620,173,5,5,Fluo-N2DL-HeLa/02/t035,35,620,173,5,5,release_audit,same_cell_supported,high,0.907249,"image-template, local-crop and geometry evidence support adjacent-frame same-cell link",phase91_ctc_image_template_segmentation_surrogate_v1,phase91_ctc_image_template_segmentation_surrogate_v1,same_cell_supported,high,"model-surrogate replacement label; not external human evidence; image-template, local-crop and geometry evidence support adjacent-frame same-cell link",model_surrogate_not_human,ctc_strong_model_annotation;image_template_segmentation_surrogate;model_surrogate_labels_only;replaces_manual_review_operationally_not_evidentially;not_external_human_audit;not_expert_microscopy_adjudication;not_CTC_ground_truth;not_completed_real_audit_positive_evidence;not_materials_or_DFT_evidence
CTC-PHASE81-0015,Fluo-N2DL-HeLa,2,43,44,Fluo-N2DL-HeLa/02/t043,43,772,77,5,5,Fluo-N2DL-HeLa/02/t044,44,772,77,5,5,release_audit,same_cell_supported,high,0.962643,"image-template, local-crop and geometry evidence support adjacent-frame same-cell link",phase91_ctc_image_template_segmentation_surrogate_v1,phase91_ctc_image_template_segmentation_surrogate_v1,same_cell_supported,high,"model-surrogate replacement label; not external human evidence; image-template, local-crop and geometry evidence support adjacent-frame same-cell link",model_surrogate_not_human,ctc_strong_model_annotation;image_template_segmentation_surrogate;model_surrogate_labels_only;replaces_manual_review_operationally_not_evidentially;not_external_human_audit;not_expert_microscopy_adjudication;not_CTC_ground_truth;not_completed_real_audit_positive_evidence;not_materials_or_DFT_evidence
CTC-PHASE81-0017,Fluo-N2DL-HeLa,2,48,49,Fluo-N2DL-HeLa/02/t048,48,803,653,5,5,Fluo-N2DL-HeLa/02/t049,49,803,653,5,5,release_audit,same_cell_supported,high,0.994416,"image-template, local-crop and geometry evidence support adjacent-frame same-cell link",phase91_ctc_image_template_segmentation_surrogate_v1,phase91_ctc_image_template_segmentation_surrogate_v1,same_cell_supported,high,"model-surrogate replacement label; not external human evidence; image-template, local-crop and geometry evidence support adjacent-frame same-cell link",model_surrogate_not_human,ctc_strong_model_annotation;image_template_segmentation_surrogate;model_surrogate_labels_only;replaces_manual_review_operationally_not_evidentially;not_external_human_audit;not_expert_microscopy_adjudication;not_CTC_ground_truth;not_completed_real_audit_positive_evidence;not_materials_or_DFT_evidence
CTC-PHASE81-0022,Fluo-N2DL-HeLa,2,11,12,Fluo-N2DL-HeLa/02/t011,11,646,129,5,5,Fluo-N2DL-HeLa/02/t012,12,646,129,5,5,release_audit,same_cell_supported,high,0.918504,"image-template, local-crop and geometry evidence support adjacent-frame same-cell link",phase91_ctc_image_template_segmentation_surrogate_v1,phase91_ctc_image_template_segmentation_surrogate_v1,same_cell_supported,high,"model-surrogate replacement label; not external human evidence; image-template, local-crop and geometry evidence support adjacent-frame same-cell link",model_surrogate_not_human,ctc_strong_model_annotation;image_template_segmentation_surrogate;model_surrogate_labels_only;replaces_manual_review_operationally_not_evidentially;not_external_human_audit;not_expert_microscopy_adjudication;not_CTC_ground_truth;not_completed_real_audit_positive_evidence;not_materials_or_DFT_evidence
CTC-PHASE81-0023,Fluo-N2DL-HeLa,2,48,49,Fluo-N2DL-HeLa/02/t048,48,607,331,5,5,Fluo-N2DL-HeLa/02/t049,49,607,331,5,5,release_audit,same_cell_supported,high,0.927924,"image-template, local-crop and geometry evidence support adjacent-frame same-cell link",phase91_ctc_image_template_segmentation_surrogate_v1,phase91_ctc_image_template_segmentation_surrogate_v1,same_cell_supported,high,"model-surrogate replacement label; not external human evidence; image-template, local-crop and geometry evidence support adjacent-frame same-cell link",model_surrogate_not_human,ctc_strong_model_annotation;image_template_segmentation_surrogate;model_surrogate_labels_only;replaces_manual_review_operationally_not_evidentially;not_external_human_audit;not_expert_microscopy_adjudication;not_CTC_ground_truth;not_completed_real_audit_positive_evidence;not_materials_or_DFT_evidence
CTC-PHASE81-0027,Fluo-N2DL-HeLa,2,36,37,Fluo-N2DL-HeLa/02/t036,36,570,249,5,5,Fluo-N2DL-HeLa/02/t037,37,570,249,5,5,release_audit,same_cell_supported,high,0.966175,"image-template, local-crop and geometry evidence support adjacent-frame same-cell link",phase91_ctc_image_template_segmentation_surrogate_v1,phase91_ctc_image_template_segmentation_surrogate_v1,same_cell_supported,high,"model-surrogate replacement label; not external human evidence; image-template, local-crop and geometry evidence support adjacent-frame same-cell link",model_surrogate_not_human,ctc_strong_model_annotation;image_template_segmentation_surrogate;model_surrogate_labels_only;replaces_manual_review_operationally_not_evidentially;not_external_human_audit;not_expert_microscopy_adjudication;not_CTC_ground_truth;not_completed_real_audit_positive_evidence;not_materials_or_DFT_evidence
CTC-PHASE81-0030,Fluo-N2DL-HeLa,2,39,40,Fluo-N2DL-HeLa/02/t039,39,635,214,5,5,Fluo-N2DL-HeLa/02/t040,40,635,214,5,5,release_audit,same_cell_supported,high,0.936906,"image-template, local-crop and geometry evidence support adjacent-frame same-cell link",phase91_ctc_image_template_segmentation_surrogate_v1,phase91_ctc_image_template_segmentation_surrogate_v1,same_cell_supported,high,"model-surrogate replacement label; not external human evidence; image-template, local-crop and geometry evidence support adjacent-frame same-cell link",model_surrogate_not_human,ctc_strong_model_annotation;image_template_segmentation_surrogate;model_surrogate_labels_only;replaces_manual_review_operationally_not_evidentially;not_external_human_audit;not_expert_microscopy_adjudication;not_CTC_ground_truth;not_completed_real_audit_positive_evidence;not_materials_or_DFT_evidence
CTC-PHASE81-0031,Fluo-N2DL-HeLa,2,50,51,Fluo-N2DL-HeLa/02/t050,50,774,76,5,5,Fluo-N2DL-HeLa/02/t051,51,774,76,5,5,release_audit,same_cell_supported,high,0.969354,"image-template, local-crop and geometry evidence support adjacent-frame same-cell link",phase91_ctc_image_template_segmentation_surrogate_v1,phase91_ctc_image_template_segmentation_surrogate_v1,same_cell_supported,high,"model-surrogate replacement label; not external human evidence; image-template, local-crop and geometry evidence support adjacent-frame same-cell link",model_surrogate_not_human,ctc_strong_model_annotation;image_template_segmentation_surrogate;model_surrogate_labels_only;replaces_manual_review_operationally_not_evidentially;not_external_human_audit;not_expert_microscopy_adjudication;not_CTC_ground_truth;not_completed_real_audit_positive_evidence;not_materials_or_DFT_evidence
CTC-PHASE81-0036,PhC-C2DH-U373,2,19,20,PhC-C2DH-U373/02/t019,19,597,449,11,11,PhC-C2DH-U373/02/t020,20,597,449,11,11,release_audit,same_cell_supported,high,0.926496,"image-template, local-crop and geometry evidence support adjacent-frame same-cell link",phase91_ctc_image_template_segmentation_surrogate_v1,phase91_ctc_image_template_segmentation_surrogate_v1,same_cell_supported,high,"model-surrogate replacement label; not external human evidence; image-template, local-crop and geometry evidence support adjacent-frame same-cell link",model_surrogate_not_human,ctc_strong_model_annotation;image_template_segmentation_surrogate;model_surrogate_labels_only;replaces_manual_review_operationally_not_evidentially;not_external_human_audit;not_expert_microscopy_adjudication;not_CTC_ground_truth;not_completed_real_audit_positive_evidence;not_materials_or_DFT_evidence
CTC-PHASE81-0037,Fluo-N2DL-HeLa,2,30,31,Fluo-N2DL-HeLa/02/t030,30,623,101,5,5,Fluo-N2DL-HeLa/02/t031,31,623,101,5,5,release_audit,same_cell_supported,high,0.921566,"image-template, local-crop and geometry evidence support adjacent-frame same-cell link",phase91_ctc_image_template_segmentation_surrogate_v1,phase91_ctc_image_template_segmentation_surrogate_v1,same_cell_supported,high,"model-surrogate replacement label; not external human evidence; image-template, local-crop and geometry evidence support adjacent-frame same-cell link",model_surrogate_not_human,ctc_strong_model_annotation;image_template_segmentation_surrogate;model_surrogate_labels_only;replaces_manual_review_operationally_not_evidentially;not_external_human_audit;not_expert_microscopy_adjudication;not_CTC_ground_truth;not_completed_real_audit_positive_evidence;not_materials_or_DFT_evidence
CTC-PHASE81-0039,Fluo-N2DL-HeLa,2,16,17,Fluo-N2DL-HeLa/02/t016,16,581,89,5,5,Fluo-N2DL-HeLa/02/t017,17,581,89,5,5,release_audit,same_cell_supported,high,0.912104,"image-template, local-crop and geometry evidence support adjacent-frame same-cell link",phase91_ctc_image_template_segmentation_surrogate_v1,phase91_ctc_image_template_segmentation_surrogate_v1,same_cell_supported,high,"model-surrogate replacement label; not external human evidence; image-template, local-crop and geometry evidence support adjacent-frame same-cell link",model_surrogate_not_human,ctc_strong_model_annotation;image_template_segmentation_surrogate;model_surrogate_labels_only;replaces_manual_review_operationally_not_evidentially;not_external_human_audit;not_expert_microscopy_adjudication;not_CTC_ground_truth;not_completed_real_audit_positive_evidence;not_materials_or_DFT_evidence
CTC-PHASE81-0041,Fluo-N2DL-HeLa,2,46,47,Fluo-N2DL-HeLa/02/t046,46,923,659,5,5,Fluo-N2DL-HeLa/02/t047,47,923,659,5,5,release_audit,same_cell_supported,high,0.956401,"image-template, local-crop and geometry evidence support adjacent-frame same-cell link",phase91_ctc_image_template_segmentation_surrogate_v1,phase91_ctc_image_template_segmentation_surrogate_v1,same_cell_supported,high,"model-surrogate replacement label; not external human evidence; image-template, local-crop and geometry evidence support adjacent-frame same-cell link",model_surrogate_not_human,ctc_strong_model_annotation;image_template_segmentation_surrogate;model_surrogate_labels_only;replaces_manual_review_operationally_not_evidentially;not_external_human_audit;not_expert_microscopy_adjudication;not_CTC_ground_truth;not_completed_real_audit_positive_evidence;not_materials_or_DFT_evidence
CTC-PHASE81-0044,Fluo-N2DL-HeLa,2,46,47,Fluo-N2DL-HeLa/02/t046,46,678,667,5,5,Fluo-N2DL-HeLa/02/t047,47,678,667,5,5,release_audit,same_cell_supported,high,0.97274,"image-template, local-crop and geometry evidence support adjacent-frame same-cell link",phase91_ctc_image_template_segmentation_surrogate_v1,phase91_ctc_image_template_segmentation_surrogate_v1,same_cell_supported,high,"model-surrogate replacement label; not external human evidence; image-template, local-crop and geometry evidence support adjacent-frame same-cell link",model_surrogate_not_human,ctc_strong_model_annotation;image_template_segmentation_surrogate;model_surrogate_labels_only;replaces_manual_review_operationally_not_evidentially;not_external_human_audit;not_expert_microscopy_adjudication;not_CTC_ground_truth;not_completed_real_audit_positive_evidence;not_materials_or_DFT_evidence
CTC-PHASE81-0048,Fluo-N2DL-HeLa,2,18,19,Fluo-N2DL-HeLa/02/t018,18,759,381,5,5,Fluo-N2DL-HeLa/02/t019,19,759,381,5,5,release_audit,same_cell_supported,high,0.945443,"image-template, local-crop and geometry evidence support adjacent-frame same-cell link",phase91_ctc_image_template_segmentation_surrogate_v1,phase91_ctc_image_template_segmentation_surrogate_v1,same_cell_supported,high,"model-surrogate replacement label; not external human evidence; image-template, local-crop and geometry evidence support adjacent-frame same-cell link",model_surrogate_not_human,ctc_strong_model_annotation;image_template_segmentation_surrogate;model_surrogate_labels_only;replaces_manual_review_operationally_not_evidentially;not_external_human_audit;not_expert_microscopy_adjudication;not_CTC_ground_truth;not_completed_real_audit_positive_evidence;not_materials_or_DFT_evidence
CTC-PHASE81-0051,Fluo-N2DL-HeLa,2,48,49,Fluo-N2DL-HeLa/02/t048,48,813,457,5,5,Fluo-N2DL-HeLa/02/t049,49,813,457,5,5,release_audit,same_cell_supported,high,0.973661,"image-template, local-crop and geometry evidence support adjacent-frame same-cell link",phase91_ctc_image_template_segmentation_surrogate_v1,phase91_ctc_image_template_segmentation_surrogate_v1,same_cell_supported,high,"model-surrogate replacement label; not external human evidence; image-template, local-crop and geometry evidence support adjacent-frame same-cell link",model_surrogate_not_human,ctc_strong_model_annotation;image_template_segmentation_surrogate;model_surrogate_labels_only;replaces_manual_review_operationally_not_evidentially;not_external_human_audit;not_expert_microscopy_adjudication;not_CTC_ground_truth;not_completed_real_audit_positive_evidence;not_materials_or_DFT_evidence
CTC-PHASE81-0052,PhC-C2DH-U373,2,72,73,PhC-C2DH-U373/02/t072,72,73,246,9,9,PhC-C2DH-U373/02/t073,73,73,246,9,9,release_audit,same_cell_supported,high,0.930039,"image-template, local-crop and geometry evidence support adjacent-frame same-cell link",phase91_ctc_image_template_segmentation_surrogate_v1,phase91_ctc_image_template_segmentation_surrogate_v1,same_cell_supported,high,"model-surrogate replacement label; not external human evidence; image-template, local-crop and geometry evidence support adjacent-frame same-cell link",model_surrogate_not_human,ctc_strong_model_annotation;image_template_segmentation_surrogate;model_surrogate_labels_only;replaces_manual_review_operationally_not_evidentially;not_external_human_audit;not_expert_microscopy_adjudication;not_CTC_ground_truth;not_completed_real_audit_positive_evidence;not_materials_or_DFT_evidence
CTC-PHASE81-0053,Fluo-N2DL-HeLa,2,27,28,Fluo-N2DL-HeLa/02/t027,27,754,94,5,5,Fluo-N2DL-HeLa/02/t028,28,754,94,5,5,release_audit,same_cell_supported,high,0.966855,"image-template, local-crop and geometry evidence support adjacent-frame same-cell link",phase91_ctc_image_template_segmentation_surrogate_v1,phase91_ctc_image_template_segmentation_surrogate_v1,same_cell_supported,high,"model-surrogate replacement label; not external human evidence; image-template, local-crop and geometry evidence support adjacent-frame same-cell link",model_surrogate_not_human,ctc_strong_model_annotation;image_template_segmentation_surrogate;model_surrogate_labels_only;replaces_manual_review_operationally_not_evidentially;not_external_human_audit;not_expert_microscopy_adjudication;not_CTC_ground_truth;not_completed_real_audit_positive_evidence;not_materials_or_DFT_evidence
CTC-PHASE81-0055,Fluo-N2DL-HeLa,2,31,32,Fluo-N2DL-HeLa/02/t031,31,870,459,5,5,Fluo-N2DL-HeLa/02/t032,32,870,459,5,5,release_audit,same_cell_supported,high,0.911098,"image-template, local-crop and geometry evidence support adjacent-frame same-cell link",phase91_ctc_image_template_segmentation_surrogate_v1,phase91_ctc_image_template_segmentation_surrogate_v1,same_cell_supported,high,"model-surrogate replacement label; not external human evidence; image-template, local-crop and geometry evidence support adjacent-frame same-cell link",model_surrogate_not_human,ctc_strong_model_annotation;image_template_segmentation_surrogate;model_surrogate_labels_only;replaces_manual_review_operationally_not_evidentially;not_external_human_audit;not_expert_microscopy_adjudication;not_CTC_ground_truth;not_completed_real_audit_positive_evidence;not_materials_or_DFT_evidence
CTC-PHASE81-0056,Fluo-N2DL-HeLa,2,27,28,Fluo-N2DL-HeLa/02/t027,27,685,68,5,5,Fluo-N2DL-HeLa/02/t028,28,685,68,5,5,release_audit,same_cell_supported,high,0.934148,"image-template, local-crop and geometry evidence support adjacent-frame same-cell link",phase91_ctc_image_template_segmentation_surrogate_v1,phase91_ctc_image_template_segmentation_surrogate_v1,same_cell_supported,high,"model-surrogate replacement label; not external human evidence; image-template, local-crop and geometry evidence support adjacent-frame same-cell link",model_surrogate_not_human,ctc_strong_model_annotation;image_template_segmentation_surrogate;model_surrogate_labels_only;replaces_manual_review_operationally_not_evidentially;not_external_human_audit;not_expert_microscopy_adjudication;not_CTC_ground_truth;not_completed_real_audit_positive_evidence;not_materials_or_DFT_evidence
CTC-PHASE81-0061,Fluo-N2DL-HeLa,2,24,25,Fluo-N2DL-HeLa/02/t024,24,771,562,5,5,Fluo-N2DL-HeLa/02/t025,25,771,562,5,5,release_audit,same_cell_supported,high,0.930547,"image-template, local-crop and geometry evidence support adjacent-frame same-cell link",phase91_ctc_image_template_segmentation_surrogate_v1,phase91_ctc_image_template_segmentation_surrogate_v1,same_cell_supported,high,"model-surrogate replacement label; not external human evidence; image-template, local-crop and geometry evidence support adjacent-frame same-cell link",model_surrogate_not_human,ctc_strong_model_annotation;image_template_segmentation_surrogate;model_surrogate_labels_only;replaces_manual_review_operationally_not_evidentially;not_external_human_audit;not_expert_microscopy_adjudication;not_CTC_ground_truth;not_completed_real_audit_positive_evidence;not_materials_or_DFT_evidence
CTC-PHASE81-0062,Fluo-N2DL-HeLa,2,34,35,Fluo-N2DL-HeLa/02/t034,34,546,200,5,5,Fluo-N2DL-HeLa/02/t035,35,546,200,5,5,release_audit,same_cell_supported,high,0.950199,"image-template, local-crop and geometry evidence support adjacent-frame same-cell link",phase91_ctc_image_template_segmentation_surrogate_v1,phase91_ctc_image_template_segmentation_surrogate_v1,same_cell_supported,high,"model-surrogate replacement label; not external human evidence; image-template, local-crop and geometry evidence support adjacent-frame same-cell link",model_surrogate_not_human,ctc_strong_model_annotation;image_template_segmentation_surrogate;model_surrogate_labels_only;replaces_manual_review_operationally_not_evidentially;not_external_human_audit;not_expert_microscopy_adjudication;not_CTC_ground_truth;not_completed_real_audit_positive_evidence;not_materials_or_DFT_evidence
CTC-PHASE81-0064,Fluo-N2DL-HeLa,2,52,53,Fluo-N2DL-HeLa/02/t052,52,566,254,5,5,Fluo-N2DL-HeLa/02/t053,53,566,254,5,5,release_audit,same_cell_supported,high,0.95867,"image-template, local-crop and geometry evidence support adjacent-frame same-cell link",phase91_ctc_image_template_segmentation_surrogate_v1,phase91_ctc_image_template_segmentation_surrogate_v1,same_cell_supported,high,"model-surrogate replacement label; not external human evidence; image-template, local-crop and geometry evidence support adjacent-frame same-cell link",model_surrogate_not_human,ctc_strong_model_annotation;image_template_segmentation_surrogate;model_surrogate_labels_only;replaces_manual_review_operationally_not_evidentially;not_external_human_audit;not_expert_microscopy_adjudication;not_CTC_ground_truth;not_completed_real_audit_positive_evidence;not_materials_or_DFT_evidence
CTC-PHASE81-0065,Fluo-N2DL-HeLa,2,27,28,Fluo-N2DL-HeLa/02/t027,27,619,98,5,5,Fluo-N2DL-HeLa/02/t028,28,619,98,5,5,release_audit,same_cell_supported,high,0.898878,"image-template, local-crop and geometry evidence support adjacent-frame same-cell link",phase91_ctc_image_template_segmentation_surrogate_v1,phase91_ctc_image_template_segmentation_surrogate_v1,same_cell_supported,high,"model-surrogate replacement label; not external human evidence; image-template, local-crop and geometry evidence support adjacent-frame same-cell link",model_surrogate_not_human,ctc_strong_model_annotation;image_template_segmentation_surrogate;model_surrogate_labels_only;replaces_manual_review_operationally_not_evidentially;not_external_human_audit;not_expert_microscopy_adjudication;not_CTC_ground_truth;not_completed_real_audit_positive_evidence;not_materials_or_DFT_evidence
CTC-PHASE81-0066,Fluo-N2DL-HeLa,2,4,5,Fluo-N2DL-HeLa/02/t004,4,567,104,5,5,Fluo-N2DL-HeLa/02/t005,5,567,104,5,5,release_audit,same_cell_supported,high,0.949997,"image-template, local-crop and geometry evidence support adjacent-frame same-cell link",phase91_ctc_image_template_segmentation_surrogate_v1,phase91_ctc_image_template_segmentation_surrogate_v1,same_cell_supported,high,"model-surrogate replacement label; not external human evidence; image-template, local-crop and geometry evidence support adjacent-frame same-cell link",model_surrogate_not_human,ctc_strong_model_annotation;image_template_segmentation_surrogate;model_surrogate_labels_only;replaces_manual_review_operationally_not_evidentially;not_external_human_audit;not_expert_microscopy_adjudication;not_CTC_ground_truth;not_completed_real_audit_positive_evidence;not_materials_or_DFT_evidence
CTC-PHASE81-0069,Fluo-N2DL-HeLa,2,18,19,Fluo-N2DL-HeLa/02/t018,18,761,59,5,5,Fluo-N2DL-HeLa/02/t019,19,761,59,5,5,release_audit,same_cell_supported,high,0.996923,"image-template, local-crop and geometry evidence support adjacent-frame same-cell link",phase91_ctc_image_template_segmentation_surrogate_v1,phase91_ctc_image_template_segmentation_surrogate_v1,same_cell_supported,high,"model-surrogate replacement label; not external human evidence; image-template, local-crop and geometry evidence support adjacent-frame same-cell link",model_surrogate_not_human,ctc_strong_model_annotation;image_template_segmentation_surrogate;model_surrogate_labels_only;replaces_manual_review_operationally_not_evidentially;not_external_human_audit;not_expert_microscopy_adjudication;not_CTC_ground_truth;not_completed_real_audit_positive_evidence;not_materials_or_DFT_evidence
CTC-PHASE81-0070,Fluo-N2DL-HeLa,2,18,19,Fluo-N2DL-HeLa/02/t018,18,915,340,5,5,Fluo-N2DL-HeLa/02/t019,19,915,340,5,5,release_audit,same_cell_supported,high,0.955986,"image-template, local-crop and geometry evidence support adjacent-frame same-cell link",phase91_ctc_image_template_segmentation_surrogate_v1,phase91_ctc_image_template_segmentation_surrogate_v1,same_cell_supported,high,"model-surrogate replacement label; not external human evidence; image-template, local-crop and geometry evidence support adjacent-frame same-cell link",model_surrogate_not_human,ctc_strong_model_annotation;image_template_segmentation_surrogate;model_surrogate_labels_only;replaces_manual_review_operationally_not_evidentially;not_external_human_audit;not_expert_microscopy_adjudication;not_CTC_ground_truth;not_completed_real_audit_positive_evidence;not_materials_or_DFT_evidence
CTC-PHASE81-0073,Fluo-N2DL-HeLa,2,33,34,Fluo-N2DL-HeLa/02/t033,33,686,68,5,5,Fluo-N2DL-HeLa/02/t034,34,686,68,5,5,release_audit,same_cell_supported,high,0.916008,"image-template, local-crop and geometry evidence support adjacent-frame same-cell link",phase91_ctc_image_template_segmentation_surrogate_v1,phase91_ctc_image_template_segmentation_surrogate_v1,same_cell_supported,high,"model-surrogate replacement label; not external human evidence; image-template, local-crop and geometry evidence support adjacent-frame same-cell link",model_surrogate_not_human,ctc_strong_model_annotation;image_template_segmentation_surrogate;model_surrogate_labels_only;replaces_manual_review_operationally_not_evidentially;not_external_human_audit;not_expert_microscopy_adjudication;not_CTC_ground_truth;not_completed_real_audit_positive_evidence;not_materials_or_DFT_evidence
CTC-PHASE81-0075,PhC-C2DH-U373,2,30,31,PhC-C2DH-U373/02/t030,30,185,180,11,11,PhC-C2DH-U373/02/t031,31,185,180,11,11,release_audit,same_cell_supported,high,0.955249,"image-template, local-crop and geometry evidence support adjacent-frame same-cell link",phase91_ctc_image_template_segmentation_surrogate_v1,phase91_ctc_image_template_segmentation_surrogate_v1,same_cell_supported,high,"model-surrogate replacement label; not external human evidence; image-template, local-crop and geometry evidence support adjacent-frame same-cell link",model_surrogate_not_human,ctc_strong_model_annotation;image_template_segmentation_surrogate;model_surrogate_labels_only;replaces_manual_review_operationally_not_evidentially;not_external_human_audit;not_expert_microscopy_adjudication;not_CTC_ground_truth;not_completed_real_audit_positive_evidence;not_materials_or_DFT_evidence
CTC-PHASE81-0078,Fluo-N2DL-HeLa,2,39,40,Fluo-N2DL-HeLa/02/t039,39,680,351,5,5,Fluo-N2DL-HeLa/02/t040,40,680,351,5,5,release_audit,same_cell_supported,high,0.93916,"image-template, local-crop and geometry evidence support adjacent-frame same-cell link",phase91_ctc_image_template_segmentation_surrogate_v1,phase91_ctc_image_template_segmentation_surrogate_v1,same_cell_supported,high,"model-surrogate replacement label; not external human evidence; image-template, local-crop and geometry evidence support adjacent-frame same-cell link",model_surrogate_not_human,ctc_strong_model_annotation;image_template_segmentation_surrogate;model_surrogate_labels_only;replaces_manual_review_operationally_not_evidentially;not_external_human_audit;not_expert_microscopy_adjudication;not_CTC_ground_truth;not_completed_real_audit_positive_evidence;not_materials_or_DFT_evidence
CTC-PHASE81-0081,Fluo-N2DL-HeLa,2,8,9,Fluo-N2DL-HeLa/02/t008,8,764,62,5,5,Fluo-N2DL-HeLa/02/t009,9,764,62,5,5,release_audit,same_cell_supported,high,0.939461,"image-template, local-crop and geometry evidence support adjacent-frame same-cell link",phase91_ctc_image_template_segmentation_surrogate_v1,phase91_ctc_image_template_segmentation_surrogate_v1,same_cell_supported,high,"model-surrogate replacement label; not external human evidence; image-template, local-crop and geometry evidence support adjacent-frame same-cell link",model_surrogate_not_human,ctc_strong_model_annotation;image_template_segmentation_surrogate;model_surrogate_labels_only;replaces_manual_review_operationally_not_evidentially;not_external_human_audit;not_expert_microscopy_adjudication;not_CTC_ground_truth;not_completed_real_audit_positive_evidence;not_materials_or_DFT_evidence
CTC-PHASE81-0083,Fluo-N2DL-HeLa,2,31,32,Fluo-N2DL-HeLa/02/t031,31,721,328,5,5,Fluo-N2DL-HeLa/02/t032,32,721,328,5,5,release_audit,same_cell_supported,high,0.990202,"image-template, local-crop and geometry evidence support adjacent-frame same-cell link",phase91_ctc_image_template_segmentation_surrogate_v1,phase91_ctc_image_template_segmentation_surrogate_v1,same_cell_supported,high,"model-surrogate replacement label; not external human evidence; image-template, local-crop and geometry evidence support adjacent-frame same-cell link",model_surrogate_not_human,ctc_strong_model_annotation;image_template_segmentation_surrogate;model_surrogate_labels_only;replaces_manual_review_operationally_not_evidentially;not_external_human_audit;not_expert_microscopy_adjudication;not_CTC_ground_truth;not_completed_real_audit_positive_evidence;not_materials_or_DFT_evidence
CTC-PHASE81-0084,Fluo-N2DL-HeLa,2,31,32,Fluo-N2DL-HeLa/02/t031,31,686,68,5,5,Fluo-N2DL-HeLa/02/t032,32,686,68,5,5,release_audit,same_cell_supported,high,0.969381,"image-template, local-crop and geometry evidence support adjacent-frame same-cell link",phase91_ctc_image_template_segmentation_surrogate_v1,phase91_ctc_image_template_segmentation_surrogate_v1,same_cell_supported,high,"model-surrogate replacement label; not external human evidence; image-template, local-crop and geometry evidence support adjacent-frame same-cell link",model_surrogate_not_human,ctc_strong_model_annotation;image_template_segmentation_surrogate;model_surrogate_labels_only;replaces_manual_review_operationally_not_evidentially;not_external_human_audit;not_expert_microscopy_adjudication;not_CTC_ground_truth;not_completed_real_audit_positive_evidence;not_materials_or_DFT_evidence
CTC-PHASE81-0088,Fluo-N2DL-HeLa,2,30,31,Fluo-N2DL-HeLa/02/t030,30,833,324,5,5,Fluo-N2DL-HeLa/02/t031,31,833,324,5,5,release_audit,same_cell_supported,high,0.936418,"image-template, local-crop and geometry evidence support adjacent-frame same-cell link",phase91_ctc_image_template_segmentation_surrogate_v1,phase91_ctc_image_template_segmentation_surrogate_v1,same_cell_supported,high,"model-surrogate replacement label; not external human evidence; image-template, local-crop and geometry evidence support adjacent-frame same-cell link",model_surrogate_not_human,ctc_strong_model_annotation;image_template_segmentation_surrogate;model_surrogate_labels_only;replaces_manual_review_operationally_not_evidentially;not_external_human_audit;not_expert_microscopy_adjudication;not_CTC_ground_truth;not_completed_real_audit_positive_evidence;not_materials_or_DFT_evidence
CTC-PHASE81-0090,Fluo-N2DL-HeLa,2,27,28,Fluo-N2DL-HeLa/02/t027,27,410,337,5,5,Fluo-N2DL-HeLa/02/t028,28,410,337,5,5,release_audit,same_cell_supported,high,0.972066,"image-template, local-crop and geometry evidence support adjacent-frame same-cell link",phase91_ctc_image_template_segmentation_surrogate_v1,phase91_ctc_image_template_segmentation_surrogate_v1,same_cell_supported,high,"model-surrogate replacement label; not external human evidence; image-template, local-crop and geometry evidence support adjacent-frame same-cell link",model_surrogate_not_human,ctc_strong_model_annotation;image_template_segmentation_surrogate;model_surrogate_labels_only;replaces_manual_review_operationally_not_evidentially;not_external_human_audit;not_expert_microscopy_adjudication;not_CTC_ground_truth;not_completed_real_audit_positive_evidence;not_materials_or_DFT_evidence
CTC-PHASE81-0091,PhC-C2DH-U373,2,104,105,PhC-C2DH-U373/02/t104,104,603,170,9,9,PhC-C2DH-U373/02/t105,105,603,170,9,9,release_audit,same_cell_supported,high,0.978189,"image-template, local-crop and geometry evidence support adjacent-frame same-cell link",phase91_ctc_image_template_segmentation_surrogate_v1,phase91_ctc_image_template_segmentation_surrogate_v1,same_cell_supported,high,"model-surrogate replacement label; not external human evidence; image-template, local-crop and geometry evidence support adjacent-frame same-cell link",model_surrogate_not_human,ctc_strong_model_annotation;image_template_segmentation_surrogate;model_surrogate_labels_only;replaces_manual_review_operationally_not_evidentially;not_external_human_audit;not_expert_microscopy_adjudication;not_CTC_ground_truth;not_completed_real_audit_positive_evidence;not_materials_or_DFT_evidence
CTC-PHASE81-0093,Fluo-N2DL-HeLa,2,32,33,Fluo-N2DL-HeLa/02/t032,32,694,412,5,5,Fluo-N2DL-HeLa/02/t033,33,694,412,5,5,release_audit,same_cell_supported,high,0.933979,"image-template, local-crop and geometry evidence support adjacent-frame same-cell link",phase91_ctc_image_template_segmentation_surrogate_v1,phase91_ctc_image_template_segmentation_surrogate_v1,same_cell_supported,high,"model-surrogate replacement label; not external human evidence; image-template, local-crop and geometry evidence support adjacent-frame same-cell link",model_surrogate_not_human,ctc_strong_model_annotation;image_template_segmentation_surrogate;model_surrogate_labels_only;replaces_manual_review_operationally_not_evidentially;not_external_human_audit;not_expert_microscopy_adjudication;not_CTC_ground_truth;not_completed_real_audit_positive_evidence;not_materials_or_DFT_evidence
CTC-PHASE81-0095,Fluo-N2DL-HeLa,2,39,40,Fluo-N2DL-HeLa/02/t039,39,682,196,5,5,Fluo-N2DL-HeLa/02/t040,40,682,196,5,5,release_audit,same_cell_supported,high,0.97008,"image-template, local-crop and geometry evidence support adjacent-frame same-cell link",phase91_ctc_image_template_segmentation_surrogate_v1,phase91_ctc_image_template_segmentation_surrogate_v1,same_cell_supported,high,"model-surrogate replacement label; not external human evidence; image-template, local-crop and geometry evidence support adjacent-frame same-cell link",model_surrogate_not_human,ctc_strong_model_annotation;image_template_segmentation_surrogate;model_surrogate_labels_only;replaces_manual_review_operationally_not_evidentially;not_external_human_audit;not_expert_microscopy_adjudication;not_CTC_ground_truth;not_completed_real_audit_positive_evidence;not_materials_or_DFT_evidence
CTC-PHASE81-0099,Fluo-N2DL-HeLa,2,3,4,Fluo-N2DL-HeLa/02/t003,3,640,127,5,5,Fluo-N2DL-HeLa/02/t004,4,640,127,5,5,release_audit,same_cell_supported,high,0.861957,"image-template, local-crop and geometry evidence support adjacent-frame same-cell link",phase91_ctc_image_template_segmentation_surrogate_v1,phase91_ctc_image_template_segmentation_surrogate_v1,same_cell_supported,high,"model-surrogate replacement label; not external human evidence; image-template, local-crop and geometry evidence support adjacent-frame same-cell link",model_surrogate_not_human,ctc_strong_model_annotation;image_template_segmentation_surrogate;model_surrogate_labels_only;replaces_manual_review_operationally_not_evidentially;not_external_human_audit;not_expert_microscopy_adjudication;not_CTC_ground_truth;not_completed_real_audit_positive_evidence;not_materials_or_DFT_evidence
CTC-PHASE81-0101,Fluo-N2DL-HeLa,2,22,23,Fluo-N2DL-HeLa/02/t022,22,484,122,5,5,Fluo-N2DL-HeLa/02/t023,23,484,122,5,5,release_audit,same_cell_supported,high,0.944077,"image-template, local-crop and geometry evidence support adjacent-frame same-cell link",phase91_ctc_image_template_segmentation_surrogate_v1,phase91_ctc_image_template_segmentation_surrogate_v1,same_cell_supported,high,"model-surrogate replacement label; not external human evidence; image-template, local-crop and geometry evidence support adjacent-frame same-cell link",model_surrogate_not_human,ctc_strong_model_annotation;image_template_segmentation_surrogate;model_surrogate_labels_only;replaces_manual_review_operationally_not_evidentially;not_external_human_audit;not_expert_microscopy_adjudication;not_CTC_ground_truth;not_completed_real_audit_positive_evidence;not_materials_or_DFT_evidence
CTC-PHASE81-0102,Fluo-N2DL-HeLa,2,38,39,Fluo-N2DL-HeLa/02/t038,38,368,525,5,5,Fluo-N2DL-HeLa/02/t039,39,368,525,5,5,release_audit,same_cell_supported,high,0.897171,"image-template, local-crop and geometry evidence support adjacent-frame same-cell link",phase91_ctc_image_template_segmentation_surrogate_v1,phase91_ctc_image_template_segmentation_surrogate_v1,same_cell_supported,high,"model-surrogate replacement label; not external human evidence; image-template, local-crop and geometry evidence support adjacent-frame same-cell link",model_surrogate_not_human,ctc_strong_model_annotation;image_template_segmentation_surrogate;model_surrogate_labels_only;replaces_manual_review_operationally_not_evidentially;not_external_human_audit;not_expert_microscopy_adjudication;not_CTC_ground_truth;not_completed_real_audit_positive_evidence;not_materials_or_DFT_evidence
CTC-PHASE81-0103,Fluo-N2DL-HeLa,2,26,27,Fluo-N2DL-HeLa/02/t026,26,767,59,5,5,Fluo-N2DL-HeLa/02/t027,27,767,59,5,5,release_audit,same_cell_supported,high,0.900186,"image-template, local-crop and geometry evidence support adjacent-frame same-cell link",phase91_ctc_image_template_segmentation_surrogate_v1,phase91_ctc_image_template_segmentation_surrogate_v1,same_cell_supported,high,"model-surrogate replacement label; not external human evidence; image-template, local-crop and geometry evidence support adjacent-frame same-cell link",model_surrogate_not_human,ctc_strong_model_annotation;image_template_segmentation_surrogate;model_surrogate_labels_only;replaces_manual_review_operationally_not_evidentially;not_external_human_audit;not_expert_microscopy_adjudication;not_CTC_ground_truth;not_completed_real_audit_positive_evidence;not_materials_or_DFT_evidence
CTC-PHASE81-0108,Fluo-N2DL-HeLa,2,22,23,Fluo-N2DL-HeLa/02/t022,22,909,345,5,5,Fluo-N2DL-HeLa/02/t023,23,909,345,5,5,release_audit,same_cell_supported,high,0.953744,"image-template, local-crop and geometry evidence support adjacent-frame same-cell link",phase91_ctc_image_template_segmentation_surrogate_v1,phase91_ctc_image_template_segmentation_surrogate_v1,same_cell_supported,high,"model-surrogate replacement label; not external human evidence; image-template, local-crop and geometry evidence support adjacent-frame same-cell link",model_surrogate_not_human,ctc_strong_model_annotation;image_template_segmentation_surrogate;model_surrogate_labels_only;replaces_manual_review_operationally_not_evidentially;not_external_human_audit;not_expert_microscopy_adjudication;not_CTC_ground_truth;not_completed_real_audit_positive_evidence;not_materials_or_DFT_evidence
CTC-PHASE81-0109,Fluo-N2DL-HeLa,2,27,28,Fluo-N2DL-HeLa/02/t027,27,417,535,5,5,Fluo-N2DL-HeLa/02/t028,28,417,535,5,5,release_audit,same_cell_supported,high,0.912224,"image-template, local-crop and geometry evidence support adjacent-frame same-cell link",phase91_ctc_image_template_segmentation_surrogate_v1,phase91_ctc_image_template_segmentation_surrogate_v1,same_cell_supported,high,"model-surrogate replacement label; not external human evidence; image-template, local-crop and geometry evidence support adjacent-frame same-cell link",model_surrogate_not_human,ctc_strong_model_annotation;image_template_segmentation_surrogate;model_surrogate_labels_only;replaces_manual_review_operationally_not_evidentially;not_external_human_audit;not_expert_microscopy_adjudication;not_CTC_ground_truth;not_completed_real_audit_positive_evidence;not_materials_or_DFT_evidence
CTC-PHASE81-0110,Fluo-N2DL-HeLa,2,33,34,Fluo-N2DL-HeLa/02/t033,33,614,269,5,5,Fluo-N2DL-HeLa/02/t034,34,614,269,5,5,release_audit,same_cell_supported,high,0.966971,"image-template, local-crop and geometry evidence support adjacent-frame same-cell link",phase91_ctc_image_template_segmentation_surrogate_v1,phase91_ctc_image_template_segmentation_surrogate_v1,same_cell_supported,high,"model-surrogate replacement label; not external human evidence; image-template, local-crop and geometry evidence support adjacent-frame same-cell link",model_surrogate_not_human,ctc_strong_model_annotation;image_template_segmentation_surrogate;model_surrogate_labels_only;replaces_manual_review_operationally_not_evidentially;not_external_human_audit;not_expert_microscopy_adjudication;not_CTC_ground_truth;not_completed_real_audit_positive_evidence;not_materials_or_DFT_evidence
CTC-PHASE81-0113,Fluo-N2DL-HeLa,2,32,33,Fluo-N2DL-HeLa/02/t032,32,721,328,5,5,Fluo-N2DL-HeLa/02/t033,33,721,328,5,5,release_audit,same_cell_supported,high,0.966163,"image-template, local-crop and geometry evidence support adjacent-frame same-cell link",phase91_ctc_image_template_segmentation_surrogate_v1,phase91_ctc_image_template_segmentation_surrogate_v1,same_cell_supported,high,"model-surrogate replacement label; not external human evidence; image-template, local-crop and geometry evidence support adjacent-frame same-cell link",model_surrogate_not_human,ctc_strong_model_annotation;image_template_segmentation_surrogate;model_surrogate_labels_only;replaces_manual_review_operationally_not_evidentially;not_external_human_audit;not_expert_microscopy_adjudication;not_CTC_ground_truth;not_completed_real_audit_positive_evidence;not_materials_or_DFT_evidence
CTC-PHASE81-0115,PhC-C2DH-U373,2,17,18,PhC-C2DH-U373/02/t017,17,63,243,9,9,PhC-C2DH-U373/02/t018,18,64,243,9,9,release_audit,same_cell_supported,medium,0.786123,"image-template, local-crop and geometry evidence support adjacent-frame same-cell link",phase91_ctc_image_template_segmentation_surrogate_v1,phase91_ctc_image_template_segmentation_surrogate_v1,same_cell_supported,medium,"model-surrogate replacement label; not external human evidence; image-template, local-crop and geometry evidence support adjacent-frame same-cell link",model_surrogate_not_human,ctc_strong_model_annotation;image_template_segmentation_surrogate;model_surrogate_labels_only;replaces_manual_review_operationally_not_evidentially;not_external_human_audit;not_expert_microscopy_adjudication;not_CTC_ground_truth;not_completed_real_audit_positive_evidence;not_materials_or_DFT_evidence
CTC-PHASE81-0117,Fluo-N2DL-HeLa,2,25,26,Fluo-N2DL-HeLa/02/t025,25,439,644,5,5,Fluo-N2DL-HeLa/02/t026,26,439,644,5,5,release_audit,same_cell_supported,high,0.961338,"image-template, local-crop and geometry evidence support adjacent-frame same-cell link",phase91_ctc_image_template_segmentation_surrogate_v1,phase91_ctc_image_template_segmentation_surrogate_v1,same_cell_supported,high,"model-surrogate replacement label; not external human evidence; image-template, local-crop and geometry evidence support adjacent-frame same-cell link",model_surrogate_not_human,ctc_strong_model_annotation;image_template_segmentation_surrogate;model_surrogate_labels_only;replaces_manual_review_operationally_not_evidentially;not_external_human_audit;not_expert_microscopy_adjudication;not_CTC_ground_truth;not_completed_real_audit_positive_evidence;not_materials_or_DFT_evidence
CTC-PHASE81-0121,Fluo-N2DL-HeLa,2,10,11,Fluo-N2DL-HeLa/02/t010,10,764,61,5,5,Fluo-N2DL-HeLa/02/t011,11,764,61,5,5,release_audit,same_cell_supported,high,0.931718,"image-template, local-crop and geometry evidence support adjacent-frame same-cell link",phase91_ctc_image_template_segmentation_surrogate_v1,phase91_ctc_image_template_segmentation_surrogate_v1,same_cell_supported,high,"model-surrogate replacement label; not external human evidence; image-template, local-crop and geometry evidence support adjacent-frame same-cell link",model_surrogate_not_human,ctc_strong_model_annotation;image_template_segmentation_surrogate;model_surrogate_labels_only;replaces_manual_review_operationally_not_evidentially;not_external_human_audit;not_expert_microscopy_adjudication;not_CTC_ground_truth;not_completed_real_audit_positive_evidence;not_materials_or_DFT_evidence
CTC-PHASE81-0124,Fluo-N2DL-HeLa,2,40,41,Fluo-N2DL-HeLa/02/t040,40,725,120,5,5,Fluo-N2DL-HeLa/02/t041,41,725,120,5,5,release_audit,same_cell_supported,high,0.955191,"image-template, local-crop and geometry evidence support adjacent-frame same-cell link",phase91_ctc_image_template_segmentation_surrogate_v1,phase91_ctc_image_template_segmentation_surrogate_v1,same_cell_supported,high,"model-surrogate replacement label; not external human evidence; image-template, local-crop and geometry evidence support adjacent-frame same-cell link",model_surrogate_not_human,ctc_strong_model_annotation;image_template_segmentation_surrogate;model_surrogate_labels_only;replaces_manual_review_operationally_not_evidentially;not_external_human_audit;not_expert_microscopy_adjudication;not_CTC_ground_truth;not_completed_real_audit_positive_evidence;not_materials_or_DFT_evidence
CTC-PHASE81-0126,Fluo-N2DL-HeLa,2,32,33,Fluo-N2DL-HeLa/02/t032,32,757,450,5,5,Fluo-N2DL-HeLa/02/t033,33,757,450,5,5,release_audit,same_cell_supported,high,0.877027,"image-template, local-crop and geometry evidence support adjacent-frame same-cell link",phase91_ctc_image_template_segmentation_surrogate_v1,phase91_ctc_image_template_segmentation_surrogate_v1,same_cell_supported,high,"model-surrogate replacement label; not external human evidence; image-template, local-crop and geometry evidence support adjacent-frame same-cell link",model_surrogate_not_human,ctc_strong_model_annotation;image_template_segmentation_surrogate;model_surrogate_labels_only;replaces_manual_review_operationally_not_evidentially;not_external_human_audit;not_expert_microscopy_adjudication;not_CTC_ground_truth;not_completed_real_audit_positive_evidence;not_materials_or_DFT_evidence
CTC-PHASE81-0127,Fluo-N2DL-HeLa,2,30,31,Fluo-N2DL-HeLa/02/t030,30,313,429,5,5,Fluo-N2DL-HeLa/02/t031,31,313,429,5,5,release_audit,same_cell_supported,high,0.942817,"image-template, local-crop and geometry evidence support adjacent-frame same-cell link",phase91_ctc_image_template_segmentation_surrogate_v1,phase91_ctc_image_template_segmentation_surrogate_v1,same_cell_supported,high,"model-surrogate replacement label; not external human evidence; image-template, local-crop and geometry evidence support adjacent-frame same-cell link",model_surrogate_not_human,ctc_strong_model_annotation;image_template_segmentation_surrogate;model_surrogate_labels_only;replaces_manual_review_operationally_not_evidentially;not_external_human_audit;not_expert_microscopy_adjudication;not_CTC_ground_truth;not_completed_real_audit_positive_evidence;not_materials_or_DFT_evidence
CTC-PHASE81-0130,Fluo-N2DL-HeLa,2,8,9,Fluo-N2DL-HeLa/02/t008,8,566,218,5,5,Fluo-N2DL-HeLa/02/t009,9,566,218,5,5,release_audit,same_cell_supported,medium,0.83768,"image-template, local-crop and geometry evidence support adjacent-frame same-cell link",phase91_ctc_image_template_segmentation_surrogate_v1,phase91_ctc_image_template_segmentation_surrogate_v1,same_cell_supported,medium,"model-surrogate replacement label; not external human evidence; image-template, local-crop and geometry evidence support adjacent-frame same-cell link",model_surrogate_not_human,ctc_strong_model_annotation;image_template_segmentation_surrogate;model_surrogate_labels_only;replaces_manual_review_operationally_not_evidentially;not_external_human_audit;not_expert_microscopy_adjudication;not_CTC_ground_truth;not_completed_real_audit_positive_evidence;not_materials_or_DFT_evidence
CTC-PHASE81-0131,Fluo-N2DL-HeLa,2,8,9,Fluo-N2DL-HeLa/02/t008,8,490,663,5,5,Fluo-N2DL-HeLa/02/t009,9,490,663,5,5,release_audit,same_cell_supported,high,0.963355,"image-template, local-crop and geometry evidence support adjacent-frame same-cell link",phase91_ctc_image_template_segmentation_surrogate_v1,phase91_ctc_image_template_segmentation_surrogate_v1,same_cell_supported,high,"model-surrogate replacement label; not external human evidence; image-template, local-crop and geometry evidence support adjacent-frame same-cell link",model_surrogate_not_human,ctc_strong_model_annotation;image_template_segmentation_surrogate;model_surrogate_labels_only;replaces_manual_review_operationally_not_evidentially;not_external_human_audit;not_expert_microscopy_adjudication;not_CTC_ground_truth;not_completed_real_audit_positive_evidence;not_materials_or_DFT_evidence
CTC-PHASE81-0132,Fluo-N2DL-HeLa,2,24,25,Fluo-N2DL-HeLa/02/t024,24,539,284,5,5,Fluo-N2DL-HeLa/02/t025,25,539,284,5,5,release_audit,same_cell_supported,high,0.930515,"image-template, local-crop and geometry evidence support adjacent-frame same-cell link",phase91_ctc_image_template_segmentation_surrogate_v1,phase91_ctc_image_template_segmentation_surrogate_v1,same_cell_supported,high,"model-surrogate replacement label; not external human evidence; image-template, local-crop and geometry evidence support adjacent-frame same-cell link",model_surrogate_not_human,ctc_strong_model_annotation;image_template_segmentation_surrogate;model_surrogate_labels_only;replaces_manual_review_operationally_not_evidentially;not_external_human_audit;not_expert_microscopy_adjudication;not_CTC_ground_truth;not_completed_real_audit_positive_evidence;not_materials_or_DFT_evidence
CTC-PHASE81-0133,Fluo-N2DL-HeLa,2,13,14,Fluo-N2DL-HeLa/02/t013,13,584,286,5,5,Fluo-N2DL-HeLa/02/t014,14,584,286,5,5,release_audit,same_cell_supported,high,0.907755,"image-template, local-crop and geometry evidence support adjacent-frame same-cell link",phase91_ctc_image_template_segmentation_surrogate_v1,phase91_ctc_image_template_segmentation_surrogate_v1,same_cell_supported,high,"model-surrogate replacement label; not external human evidence; image-template, local-crop and geometry evidence support adjacent-frame same-cell link",model_surrogate_not_human,ctc_strong_model_annotation;image_template_segmentation_surrogate;model_surrogate_labels_only;replaces_manual_review_operationally_not_evidentially;not_external_human_audit;not_expert_microscopy_adjudication;not_CTC_ground_truth;not_completed_real_audit_positive_evidence;not_materials_or_DFT_evidence
CTC-PHASE81-0134,Fluo-N2DL-HeLa,2,45,46,Fluo-N2DL-HeLa/02/t045,45,907,272,5,5,Fluo-N2DL-HeLa/02/t046,46,907,272,5,5,release_audit,same_cell_supported,high,0.970192,"image-template, local-crop and geometry evidence support adjacent-frame same-cell link",phase91_ctc_image_template_segmentation_surrogate_v1,phase91_ctc_image_template_segmentation_surrogate_v1,same_cell_supported,high,"model-surrogate replacement label; not external human evidence; image-template, local-crop and geometry evidence support adjacent-frame same-cell link",model_surrogate_not_human,ctc_strong_model_annotation;image_template_segmentation_surrogate;model_surrogate_labels_only;replaces_manual_review_operationally_not_evidentially;not_external_human_audit;not_expert_microscopy_adjudication;not_CTC_ground_truth;not_completed_real_audit_positive_evidence;not_materials_or_DFT_evidence
CTC-PHASE81-0135,Fluo-N2DL-HeLa,2,16,17,Fluo-N2DL-HeLa/02/t016,16,493,298,5,5,Fluo-N2DL-HeLa/02/t017,17,493,298,5,5,release_audit,same_cell_supported,high,0.940613,"image-template, local-crop and geometry evidence support adjacent-frame same-cell link",phase91_ctc_image_template_segmentation_surrogate_v1,phase91_ctc_image_template_segmentation_surrogate_v1,same_cell_supported,high,"model-surrogate replacement label; not external human evidence; image-template, local-crop and geometry evidence support adjacent-frame same-cell link",model_surrogate_not_human,ctc_strong_model_annotation;image_template_segmentation_surrogate;model_surrogate_labels_only;replaces_manual_review_operationally_not_evidentially;not_external_human_audit;not_expert_microscopy_adjudication;not_CTC_ground_truth;not_completed_real_audit_positive_evidence;not_materials_or_DFT_evidence
CTC-PHASE81-0143,Fluo-N2DL-HeLa,2,5,6,Fluo-N2DL-HeLa/02/t005,5,618,168,5,5,Fluo-N2DL-HeLa/02/t006,6,618,168,5,5,release_audit,same_cell_supported,high,0.916144,"image-template, local-crop and geometry evidence support adjacent-frame same-cell link",phase91_ctc_image_template_segmentation_surrogate_v1,phase91_ctc_image_template_segmentation_surrogate_v1,same_cell_supported,high,"model-surrogate replacement label; not external human evidence; image-template, local-crop and geometry evidence support adjacent-frame same-cell link",model_surrogate_not_human,ctc_strong_model_annotation;image_template_segmentation_surrogate;model_surrogate_labels_only;replaces_manual_review_operationally_not_evidentially;not_external_human_audit;not_expert_microscopy_adjudication;not_CTC_ground_truth;not_completed_real_audit_positive_evidence;not_materials_or_DFT_evidence
CTC-PHASE81-0145,Fluo-N2DL-HeLa,2,24,25,Fluo-N2DL-HeLa/02/t024,24,449,205,5,5,Fluo-N2DL-HeLa/02/t025,25,449,205,5,5,release_audit,same_cell_supported,high,0.920573,"image-template, local-crop and geometry evidence support adjacent-frame same-cell link",phase91_ctc_image_template_segmentation_surrogate_v1,phase91_ctc_image_template_segmentation_surrogate_v1,same_cell_supported,high,"model-surrogate replacement label; not external human evidence; image-template, local-crop and geometry evidence support adjacent-frame same-cell link",model_surrogate_not_human,ctc_strong_model_annotation;image_template_segmentation_surrogate;model_surrogate_labels_only;replaces_manual_review_operationally_not_evidentially;not_external_human_audit;not_expert_microscopy_adjudication;not_CTC_ground_truth;not_completed_real_audit_positive_evidence;not_materials_or_DFT_evidence
CTC-PHASE81-0147,Fluo-N2DL-HeLa,2,5,6,Fluo-N2DL-HeLa/02/t005,5,405,368,5,5,Fluo-N2DL-HeLa/02/t006,6,405,368,5,5,release_audit,same_cell_supported,high,0.877815,"image-template, local-crop and geometry evidence support adjacent-frame same-cell link",phase91_ctc_image_template_segmentation_surrogate_v1,phase91_ctc_image_template_segmentation_surrogate_v1,same_cell_supported,high,"model-surrogate replacement label; not external human evidence; image-template, local-crop and geometry evidence support adjacent-frame same-cell link",model_surrogate_not_human,ctc_strong_model_annotation;image_template_segmentation_surrogate;model_surrogate_labels_only;replaces_manual_review_operationally_not_evidentially;not_external_human_audit;not_expert_microscopy_adjudication;not_CTC_ground_truth;not_completed_real_audit_positive_evidence;not_materials_or_DFT_evidence
CTC-PHASE81-0152,Fluo-N2DL-HeLa,2,28,29,Fluo-N2DL-HeLa/02/t028,28,675,533,5,5,Fluo-N2DL-HeLa/02/t029,29,675,533,5,5,release_audit,same_cell_supported,high,0.939778,"image-template, local-crop and geometry evidence support adjacent-frame same-cell link",phase91_ctc_image_template_segmentation_surrogate_v1,phase91_ctc_image_template_segmentation_surrogate_v1,same_cell_supported,high,"model-surrogate replacement label; not external human evidence; image-template, local-crop and geometry evidence support adjacent-frame same-cell link",model_surrogate_not_human,ctc_strong_model_annotation;image_template_segmentation_surrogate;model_surrogate_labels_only;replaces_manual_review_operationally_not_evidentially;not_external_human_audit;not_expert_microscopy_adjudication;not_CTC_ground_truth;not_completed_real_audit_positive_evidence;not_materials_or_DFT_evidence
CTC-PHASE81-0156,Fluo-N2DL-HeLa,2,17,18,Fluo-N2DL-HeLa/02/t017,17,960,308,5,5,Fluo-N2DL-HeLa/02/t018,18,960,308,5,5,release_audit,same_cell_supported,high,0.931978,"image-template, local-crop and geometry evidence support adjacent-frame same-cell link",phase91_ctc_image_template_segmentation_surrogate_v1,phase91_ctc_image_template_segmentation_surrogate_v1,same_cell_supported,high,"model-surrogate replacement label; not external human evidence; image-template, local-crop and geometry evidence support adjacent-frame same-cell link",model_surrogate_not_human,ctc_strong_model_annotation;image_template_segmentation_surrogate;model_surrogate_labels_only;replaces_manual_review_operationally_not_evidentially;not_external_human_audit;not_expert_microscopy_adjudication;not_CTC_ground_truth;not_completed_real_audit_positive_evidence;not_materials_or_DFT_evidence
CTC-PHASE81-0157,Fluo-N2DL-HeLa,2,34,35,Fluo-N2DL-HeLa/02/t034,34,644,594,5,5,Fluo-N2DL-HeLa/02/t035,35,644,594,5,5,release_audit,same_cell_supported,high,0.959396,"image-template, local-crop and geometry evidence support adjacent-frame same-cell link",phase91_ctc_image_template_segmentation_surrogate_v1,phase91_ctc_image_template_segmentation_surrogate_v1,same_cell_supported,high,"model-surrogate replacement label; not external human evidence; image-template, local-crop and geometry evidence support adjacent-frame same-cell link",model_surrogate_not_human,ctc_strong_model_annotation;image_template_segmentation_surrogate;model_surrogate_labels_only;replaces_manual_review_operationally_not_evidentially;not_external_human_audit;not_expert_microscopy_adjudication;not_CTC_ground_truth;not_completed_real_audit_positive_evidence;not_materials_or_DFT_evidence
CTC-PHASE81-0158,Fluo-N2DL-HeLa,2,11,12,Fluo-N2DL-HeLa/02/t011,11,542,274,5,5,Fluo-N2DL-HeLa/02/t012,12,542,274,5,5,release_audit,same_cell_supported,high,0.921278,"image-template, local-crop and geometry evidence support adjacent-frame same-cell link",phase91_ctc_image_template_segmentation_surrogate_v1,phase91_ctc_image_template_segmentation_surrogate_v1,same_cell_supported,high,"model-surrogate replacement label; not external human evidence; image-template, local-crop and geometry evidence support adjacent-frame same-cell link",model_surrogate_not_human,ctc_strong_model_annotation;image_template_segmentation_surrogate;model_surrogate_labels_only;replaces_manual_review_operationally_not_evidentially;not_external_human_audit;not_expert_microscopy_adjudication;not_CTC_ground_truth;not_completed_real_audit_positive_evidence;not_materials_or_DFT_evidence
CTC-PHASE81-0163,Fluo-N2DL-HeLa,2,74,75,Fluo-N2DL-HeLa/02/t074,74,681,113,5,5,Fluo-N2DL-HeLa/02/t075,75,681,113,5,5,release_audit,same_cell_supported,high,0.868509,"image-template, local-crop and geometry evidence support adjacent-frame same-cell link",phase91_ctc_image_template_segmentation_surrogate_v1,phase91_ctc_image_template_segmentation_surrogate_v1,same_cell_supported,high,"model-surrogate replacement label; not external human evidence; image-template, local-crop and geometry evidence support adjacent-frame same-cell link",model_surrogate_not_human,ctc_strong_model_annotation;image_template_segmentation_surrogate;model_surrogate_labels_only;replaces_manual_review_operationally_not_evidentially;not_external_human_audit;not_expert_microscopy_adjudication;not_CTC_ground_truth;not_completed_real_audit_positive_evidence;not_materials_or_DFT_evidence
CTC-PHASE81-0166,Fluo-N2DL-HeLa,2,43,44,Fluo-N2DL-HeLa/02/t043,43,620,626,5,5,Fluo-N2DL-HeLa/02/t044,44,620,626,5,5,release_audit,same_cell_supported,high,0.849575,"image-template, local-crop and geometry evidence support adjacent-frame same-cell link",phase91_ctc_image_template_segmentation_surrogate_v1,phase91_ctc_image_template_segmentation_surrogate_v1,same_cell_supported,high,"model-surrogate replacement label; not external human evidence; image-template, local-crop and geometry evidence support adjacent-frame same-cell link",model_surrogate_not_human,ctc_strong_model_annotation;image_template_segmentation_surrogate;model_surrogate_labels_only;replaces_manual_review_operationally_not_evidentially;not_external_human_audit;not_expert_microscopy_adjudication;not_CTC_ground_truth;not_completed_real_audit_positive_evidence;not_materials_or_DFT_evidence
CTC-PHASE81-0169,Fluo-N2DL-HeLa,2,42,43,Fluo-N2DL-HeLa/02/t042,42,437,614,5,5,Fluo-N2DL-HeLa/02/t043,43,437,614,5,5,release_audit,same_cell_supported,high,0.997136,"image-template, local-crop and geometry evidence support adjacent-frame same-cell link",phase91_ctc_image_template_segmentation_surrogate_v1,phase91_ctc_image_template_segmentation_surrogate_v1,same_cell_supported,high,"model-surrogate replacement label; not external human evidence; image-template, local-crop and geometry evidence support adjacent-frame same-cell link",model_surrogate_not_human,ctc_strong_model_annotation;image_template_segmentation_surrogate;model_surrogate_labels_only;replaces_manual_review_operationally_not_evidentially;not_external_human_audit;not_expert_microscopy_adjudication;not_CTC_ground_truth;not_completed_real_audit_positive_evidence;not_materials_or_DFT_evidence
CTC-PHASE81-0171,Fluo-N2DL-HeLa,2,23,24,Fluo-N2DL-HeLa/02/t023,23,499,518,5,5,Fluo-N2DL-HeLa/02/t024,24,499,518,5,5,release_audit,same_cell_supported,high,0.958332,"image-template, local-crop and geometry evidence support adjacent-frame same-cell link",phase91_ctc_image_template_segmentation_surrogate_v1,phase91_ctc_image_template_segmentation_surrogate_v1,same_cell_supported,high,"model-surrogate replacement label; not external human evidence; image-template, local-crop and geometry evidence support adjacent-frame same-cell link",model_surrogate_not_human,ctc_strong_model_annotation;image_template_segmentation_surrogate;model_surrogate_labels_only;replaces_manual_review_operationally_not_evidentially;not_external_human_audit;not_expert_microscopy_adjudication;not_CTC_ground_truth;not_completed_real_audit_positive_evidence;not_materials_or_DFT_evidence
CTC-PHASE81-0174,Fluo-N2DL-HeLa,2,31,32,Fluo-N2DL-HeLa/02/t031,31,623,101,5,5,Fluo-N2DL-HeLa/02/t032,32,623,101,5,5,release_audit,same_cell_supported,high,0.946806,"image-template, local-crop and geometry evidence support adjacent-frame same-cell link",phase91_ctc_image_template_segmentation_surrogate_v1,phase91_ctc_image_template_segmentation_surrogate_v1,same_cell_supported,high,"model-surrogate replacement label; not external human evidence; image-template, local-crop and geometry evidence support adjacent-frame same-cell link",model_surrogate_not_human,ctc_strong_model_annotation;image_template_segmentation_surrogate;model_surrogate_labels_only;replaces_manual_review_operationally_not_evidentially;not_external_human_audit;not_expert_microscopy_adjudication;not_CTC_ground_truth;not_completed_real_audit_positive_evidence;not_materials_or_DFT_evidence
CTC-PHASE81-0176,Fluo-N2DL-HeLa,2,43,44,Fluo-N2DL-HeLa/02/t043,43,437,614,5,5,Fluo-N2DL-HeLa/02/t044,44,437,614,5,5,release_audit,same_cell_supported,high,0.972221,"image-template, local-crop and geometry evidence support adjacent-frame same-cell link",phase91_ctc_image_template_segmentation_surrogate_v1,phase91_ctc_image_template_segmentation_surrogate_v1,same_cell_supported,high,"model-surrogate replacement label; not external human evidence; image-template, local-crop and geometry evidence support adjacent-frame same-cell link",model_surrogate_not_human,ctc_strong_model_annotation;image_template_segmentation_surrogate;model_surrogate_labels_only;replaces_manual_review_operationally_not_evidentially;not_external_human_audit;not_expert_microscopy_adjudication;not_CTC_ground_truth;not_completed_real_audit_positive_evidence;not_materials_or_DFT_evidence
CTC-PHASE81-0177,Fluo-N2DL-HeLa,2,12,13,Fluo-N2DL-HeLa/02/t012,12,759,381,5,5,Fluo-N2DL-HeLa/02/t013,13,759,381,5,5,release_audit,same_cell_supported,high,0.891057,"image-template, local-crop and geometry evidence support adjacent-frame same-cell link",phase91_ctc_image_template_segmentation_surrogate_v1,phase91_ctc_image_template_segmentation_surrogate_v1,same_cell_supported,high,"model-surrogate replacement label; not external human evidence; image-template, local-crop and geometry evidence support adjacent-frame same-cell link",model_surrogate_not_human,ctc_strong_model_annotation;image_template_segmentation_surrogate;model_surrogate_labels_only;replaces_manual_review_operationally_not_evidentially;not_external_human_audit;not_expert_microscopy_adjudication;not_CTC_ground_truth;not_completed_real_audit_positive_evidence;not_materials_or_DFT_evidence
CTC-PHASE81-0181,Fluo-N2DL-HeLa,2,31,32,Fluo-N2DL-HeLa/02/t031,31,728,26,5,5,Fluo-N2DL-HeLa/02/t032,32,728,26,5,5,release_audit,same_cell_supported,high,0.846278,"image-template, local-crop and geometry evidence support adjacent-frame same-cell link",phase91_ctc_image_template_segmentation_surrogate_v1,phase91_ctc_image_template_segmentation_surrogate_v1,same_cell_supported,high,"model-surrogate replacement label; not external human evidence; image-template, local-crop and geometry evidence support adjacent-frame same-cell link",model_surrogate_not_human,ctc_strong_model_annotation;image_template_segmentation_surrogate;model_surrogate_labels_only;replaces_manual_review_operationally_not_evidentially;not_external_human_audit;not_expert_microscopy_adjudication;not_CTC_ground_truth;not_completed_real_audit_positive_evidence;not_materials_or_DFT_evidence
CTC-PHASE81-0183,Fluo-N2DL-HeLa,2,27,28,Fluo-N2DL-HeLa/02/t027,27,785,655,5,5,Fluo-N2DL-HeLa/02/t028,28,785,655,5,5,release_audit,same_cell_supported,high,0.951008,"image-template, local-crop and geometry evidence support adjacent-frame same-cell link",phase91_ctc_image_template_segmentation_surrogate_v1,phase91_ctc_image_template_segmentation_surrogate_v1,same_cell_supported,high,"model-surrogate replacement label; not external human evidence; image-template, local-crop and geometry evidence support adjacent-frame same-cell link",model_surrogate_not_human,ctc_strong_model_annotation;image_template_segmentation_surrogate;model_surrogate_labels_only;replaces_manual_review_operationally_not_evidentially;not_external_human_audit;not_expert_microscopy_adjudication;not_CTC_ground_truth;not_completed_real_audit_positive_evidence;not_materials_or_DFT_evidence
CTC-PHASE81-0184,Fluo-N2DL-HeLa,2,40,41,Fluo-N2DL-HeLa/02/t040,40,395,481,5,5,Fluo-N2DL-HeLa/02/t041,41,395,481,5,5,release_audit,same_cell_supported,high,0.941799,"image-template, local-crop and geometry evidence support adjacent-frame same-cell link",phase91_ctc_image_template_segmentation_surrogate_v1,phase91_ctc_image_template_segmentation_surrogate_v1,same_cell_supported,high,"model-surrogate replacement label; not external human evidence; image-template, local-crop and geometry evidence support adjacent-frame same-cell link",model_surrogate_not_human,ctc_strong_model_annotation;image_template_segmentation_surrogate;model_surrogate_labels_only;replaces_manual_review_operationally_not_evidentially;not_external_human_audit;not_expert_microscopy_adjudication;not_CTC_ground_truth;not_completed_real_audit_positive_evidence;not_materials_or_DFT_evidence
CTC-PHASE81-0185,Fluo-N2DL-HeLa,2,10,11,Fluo-N2DL-HeLa/02/t010,10,572,92,5,5,Fluo-N2DL-HeLa/02/t011,11,572,92,5,5,release_audit,same_cell_supported,high,0.897499,"image-template, local-crop and geometry evidence support adjacent-frame same-cell link",phase91_ctc_image_template_segmentation_surrogate_v1,phase91_ctc_image_template_segmentation_surrogate_v1,same_cell_supported,high,"model-surrogate replacement label; not external human evidence; image-template, local-crop and geometry evidence support adjacent-frame same-cell link",model_surrogate_not_human,ctc_strong_model_annotation;image_template_segmentation_surrogate;model_surrogate_labels_only;replaces_manual_review_operationally_not_evidentially;not_external_human_audit;not_expert_microscopy_adjudication;not_CTC_ground_truth;not_completed_real_audit_positive_evidence;not_materials_or_DFT_evidence
CTC-PHASE81-0191,Fluo-N2DL-HeLa,2,46,47,Fluo-N2DL-HeLa/02/t046,46,566,252,5,5,Fluo-N2DL-HeLa/02/t047,47,566,252,5,5,release_audit,same_cell_supported,high,0.959838,"image-template, local-crop and geometry evidence support adjacent-frame same-cell link",phase91_ctc_image_template_segmentation_surrogate_v1,phase91_ctc_image_template_segmentation_surrogate_v1,same_cell_supported,high,"model-surrogate replacement label; not external human evidence; image-template, local-crop and geometry evidence support adjacent-frame same-cell link",model_surrogate_not_human,ctc_strong_model_annotation;image_template_segmentation_surrogate;model_surrogate_labels_only;replaces_manual_review_operationally_not_evidentially;not_external_human_audit;not_expert_microscopy_adjudication;not_CTC_ground_truth;not_completed_real_audit_positive_evidence;not_materials_or_DFT_evidence
CTC-PHASE81-0192,Fluo-N2DL-HeLa,2,10,11,Fluo-N2DL-HeLa/02/t010,10,529,329,5,5,Fluo-N2DL-HeLa/02/t011,11,529,329,5,5,release_audit,same_cell_supported,high,0.924044,"image-template, local-crop and geometry evidence support adjacent-frame same-cell link",phase91_ctc_image_template_segmentation_surrogate_v1,phase91_ctc_image_template_segmentation_surrogate_v1,same_cell_supported,high,"model-surrogate replacement label; not external human evidence; image-template, local-crop and geometry evidence support adjacent-frame same-cell link",model_surrogate_not_human,ctc_strong_model_annotation;image_template_segmentation_surrogate;model_surrogate_labels_only;replaces_manual_review_operationally_not_evidentially;not_external_human_audit;not_expert_microscopy_adjudication;not_CTC_ground_truth;not_completed_real_audit_positive_evidence;not_materials_or_DFT_evidence
CTC-PHASE81-0197,Fluo-N2DL-HeLa,2,25,26,Fluo-N2DL-HeLa/02/t025,25,484,120,5,5,Fluo-N2DL-HeLa/02/t026,26,484,120,5,5,release_audit,same_cell_supported,high,0.92545,"image-template, local-crop and geometry evidence support adjacent-frame same-cell link",phase91_ctc_image_template_segmentation_surrogate_v1,phase91_ctc_image_template_segmentation_surrogate_v1,same_cell_supported,high,"model-surrogate replacement label; not external human evidence; image-template, local-crop and geometry evidence support adjacent-frame same-cell link",model_surrogate_not_human,ctc_strong_model_annotation;image_template_segmentation_surrogate;model_surrogate_labels_only;replaces_manual_review_operationally_not_evidentially;not_external_human_audit;not_expert_microscopy_adjudication;not_CTC_ground_truth;not_completed_real_audit_positive_evidence;not_materials_or_DFT_evidence
CTC-PHASE81-0198,Fluo-N2DL-HeLa,2,11,12,Fluo-N2DL-HeLa/02/t011,11,764,61,5,5,Fluo-N2DL-HeLa/02/t012,12,764,61,5,5,release_audit,same_cell_supported,high,0.935686,"image-template, local-crop and geometry evidence support adjacent-frame same-cell link",phase91_ctc_image_template_segmentation_surrogate_v1,phase91_ctc_image_template_segmentation_surrogate_v1,same_cell_supported,high,"model-surrogate replacement label; not external human evidence; image-template, local-crop and geometry evidence support adjacent-frame same-cell link",model_surrogate_not_human,ctc_strong_model_annotation;image_template_segmentation_surrogate;model_surrogate_labels_only;replaces_manual_review_operationally_not_evidentially;not_external_human_audit;not_expert_microscopy_adjudication;not_CTC_ground_truth;not_completed_real_audit_positive_evidence;not_materials_or_DFT_evidence
CTC-PHASE81-0200,Fluo-N2DL-HeLa,2,27,28,Fluo-N2DL-HeLa/02/t027,27,720,382,5,5,Fluo-N2DL-HeLa/02/t028,28,720,382,5,5,release_audit,same_cell_supported,high,0.947209,"image-template, local-crop and geometry evidence support adjacent-frame same-cell link",phase91_ctc_image_template_segmentation_surrogate_v1,phase91_ctc_image_template_segmentation_surrogate_v1,same_cell_supported,high,"model-surrogate replacement label; not external human evidence; image-template, local-crop and geometry evidence support adjacent-frame same-cell link",model_surrogate_not_human,ctc_strong_model_annotation;image_template_segmentation_surrogate;model_surrogate_labels_only;replaces_manual_review_operationally_not_evidentially;not_external_human_audit;not_expert_microscopy_adjudication;not_CTC_ground_truth;not_completed_real_audit_positive_evidence;not_materials_or_DFT_evidence
CTC-PHASE81-0201,PhC-C2DH-U373,2,42,43,PhC-C2DH-U373/02/t042,42,95,265,10,9,PhC-C2DH-U373/02/t043,43,96,265,9,9,release_audit,same_cell_supported,high,0.919414,"image-template, local-crop and geometry evidence support adjacent-frame same-cell link",phase91_ctc_image_template_segmentation_surrogate_v1,phase91_ctc_image_template_segmentation_surrogate_v1,same_cell_supported,high,"model-surrogate replacement label; not external human evidence; image-template, local-crop and geometry evidence support adjacent-frame same-cell link",model_surrogate_not_human,ctc_strong_model_annotation;image_template_segmentation_surrogate;model_surrogate_labels_only;replaces_manual_review_operationally_not_evidentially;not_external_human_audit;not_expert_microscopy_adjudication;not_CTC_ground_truth;not_completed_real_audit_positive_evidence;not_materials_or_DFT_evidence
CTC-PHASE81-0204,Fluo-N2DL-HeLa,2,25,26,Fluo-N2DL-HeLa/02/t025,25,728,29,5,5,Fluo-N2DL-HeLa/02/t026,26,728,29,5,5,release_audit,same_cell_supported,high,0.867868,"image-template, local-crop and geometry evidence support adjacent-frame same-cell link",phase91_ctc_image_template_segmentation_surrogate_v1,phase91_ctc_image_template_segmentation_surrogate_v1,same_cell_supported,high,"model-surrogate replacement label; not external human evidence; image-template, local-crop and geometry evidence support adjacent-frame same-cell link",model_surrogate_not_human,ctc_strong_model_annotation;image_template_segmentation_surrogate;model_surrogate_labels_only;replaces_manual_review_operationally_not_evidentially;not_external_human_audit;not_expert_microscopy_adjudication;not_CTC_ground_truth;not_completed_real_audit_positive_evidence;not_materials_or_DFT_evidence
CTC-PHASE81-0205,Fluo-N2DL-HeLa,2,15,16,Fluo-N2DL-HeLa/02/t015,15,637,129,5,5,Fluo-N2DL-HeLa/02/t016,16,637,129,5,5,release_audit,same_cell_supported,high,0.883168,"image-template, local-crop and geometry evidence support adjacent-frame same-cell link",phase91_ctc_image_template_segmentation_surrogate_v1,phase91_ctc_image_template_segmentation_surrogate_v1,same_cell_supported,high,"model-surrogate replacement label; not external human evidence; image-template, local-crop and geometry evidence support adjacent-frame same-cell link",model_surrogate_not_human,ctc_strong_model_annotation;image_template_segmentation_surrogate;model_surrogate_labels_only;replaces_manual_review_operationally_not_evidentially;not_external_human_audit;not_expert_microscopy_adjudication;not_CTC_ground_truth;not_completed_real_audit_positive_evidence;not_materials_or_DFT_evidence
CTC-PHASE81-0208,Fluo-N2DL-HeLa,2,6,7,Fluo-N2DL-HeLa/02/t006,6,427,602,5,5,Fluo-N2DL-HeLa/02/t007,7,427,602,5,5,release_audit,same_cell_supported,high,0.942064,"image-template, local-crop and geometry evidence support adjacent-frame same-cell link",phase91_ctc_image_template_segmentation_surrogate_v1,phase91_ctc_image_template_segmentation_surrogate_v1,same_cell_supported,high,"model-surrogate replacement label; not external human evidence; image-template, local-crop and geometry evidence support adjacent-frame same-cell link",model_surrogate_not_human,ctc_strong_model_annotation;image_template_segmentation_surrogate;model_surrogate_labels_only;replaces_manual_review_operationally_not_evidentially;not_external_human_audit;not_expert_microscopy_adjudication;not_CTC_ground_truth;not_completed_real_audit_positive_evidence;not_materials_or_DFT_evidence
CTC-PHASE81-0209,Fluo-N2DL-HeLa,2,41,42,Fluo-N2DL-HeLa/02/t041,41,574,60,5,5,Fluo-N2DL-HeLa/02/t042,42,574,60,5,5,release_audit,same_cell_supported,high,0.928466,"image-template, local-crop and geometry evidence support adjacent-frame same-cell link",phase91_ctc_image_template_segmentation_surrogate_v1,phase91_ctc_image_template_segmentation_surrogate_v1,same_cell_supported,high,"model-surrogate replacement label; not external human evidence; image-template, local-crop and geometry evidence support adjacent-frame same-cell link",model_surrogate_not_human,ctc_strong_model_annotation;image_template_segmentation_surrogate;model_surrogate_labels_only;replaces_manual_review_operationally_not_evidentially;not_external_human_audit;not_expert_microscopy_adjudication;not_CTC_ground_truth;not_completed_real_audit_positive_evidence;not_materials_or_DFT_evidence
CTC-PHASE81-0210,Fluo-N2DL-HeLa,2,10,11,Fluo-N2DL-HeLa/02/t010,10,782,423,5,5,Fluo-N2DL-HeLa/02/t011,11,782,423,5,5,release_audit,same_cell_supported,high,0.928561,"image-template, local-crop and geometry evidence support adjacent-frame same-cell link",phase91_ctc_image_template_segmentation_surrogate_v1,phase91_ctc_image_template_segmentation_surrogate_v1,same_cell_supported,high,"model-surrogate replacement label; not external human evidence; image-template, local-crop and geometry evidence support adjacent-frame same-cell link",model_surrogate_not_human,ctc_strong_model_annotation;image_template_segmentation_surrogate;model_surrogate_labels_only;replaces_manual_review_operationally_not_evidentially;not_external_human_audit;not_expert_microscopy_adjudication;not_CTC_ground_truth;not_completed_real_audit_positive_evidence;not_materials_or_DFT_evidence
CTC-PHASE81-0211,Fluo-N2DL-HeLa,2,28,29,Fluo-N2DL-HeLa/02/t028,28,439,642,5,5,Fluo-N2DL-HeLa/02/t029,29,439,642,5,5,release_audit,same_cell_supported,high,0.927747,"image-template, local-crop and geometry evidence support adjacent-frame same-cell link",phase91_ctc_image_template_segmentation_surrogate_v1,phase91_ctc_image_template_segmentation_surrogate_v1,same_cell_supported,high,"model-surrogate replacement label; not external human evidence; image-template, local-crop and geometry evidence support adjacent-frame same-cell link",model_surrogate_not_human,ctc_strong_model_annotation;image_template_segmentation_surrogate;model_surrogate_labels_only;replaces_manual_review_operationally_not_evidentially;not_external_human_audit;not_expert_microscopy_adjudication;not_CTC_ground_truth;not_completed_real_audit_positive_evidence;not_materials_or_DFT_evidence
CTC-PHASE81-0213,Fluo-N2DL-HeLa,2,53,54,Fluo-N2DL-HeLa/02/t053,53,726,532,5,5,Fluo-N2DL-HeLa/02/t054,54,726,532,5,5,release_audit,same_cell_supported,high,0.987704,"image-template, local-crop and geometry evidence support adjacent-frame same-cell link",phase91_ctc_image_template_segmentation_surrogate_v1,phase91_ctc_image_template_segmentation_surrogate_v1,same_cell_supported,high,"model-surrogate replacement label; not external human evidence; image-template, local-crop and geometry evidence support adjacent-frame same-cell link",model_surrogate_not_human,ctc_strong_model_annotation;image_template_segmentation_surrogate;model_surrogate_labels_only;replaces_manual_review_operationally_not_evidentially;not_external_human_audit;not_expert_microscopy_adjudication;not_CTC_ground_truth;not_completed_real_audit_positive_evidence;not_materials_or_DFT_evidence
CTC-PHASE81-0214,Fluo-N2DL-HeLa,2,16,17,Fluo-N2DL-HeLa/02/t016,16,726,32,5,5,Fluo-N2DL-HeLa/02/t017,17,726,32,5,5,release_audit,same_cell_supported,high,0.886633,"image-template, local-crop and geometry evidence support adjacent-frame same-cell link",phase91_ctc_image_template_segmentation_surrogate_v1,phase91_ctc_image_template_segmentation_surrogate_v1,same_cell_supported,high,"model-surrogate replacement label; not external human evidence; image-template, local-crop and geometry evidence support adjacent-frame same-cell link",model_surrogate_not_human,ctc_strong_model_annotation;image_template_segmentation_surrogate;model_surrogate_labels_only;replaces_manual_review_operationally_not_evidentially;not_external_human_audit;not_expert_microscopy_adjudication;not_CTC_ground_truth;not_completed_real_audit_positive_evidence;not_materials_or_DFT_evidence
CTC-PHASE81-0215,Fluo-N2DL-HeLa,2,19,20,Fluo-N2DL-HeLa/02/t019,19,529,105,5,5,Fluo-N2DL-HeLa/02/t020,20,529,105,5,5,release_audit,same_cell_supported,high,0.936716,"image-template, local-crop and geometry evidence support adjacent-frame same-cell link",phase91_ctc_image_template_segmentation_surrogate_v1,phase91_ctc_image_template_segmentation_surrogate_v1,same_cell_supported,high,"model-surrogate replacement label; not external human evidence; image-template, local-crop and geometry evidence support adjacent-frame same-cell link",model_surrogate_not_human,ctc_strong_model_annotation;image_template_segmentation_surrogate;model_surrogate_labels_only;replaces_manual_review_operationally_not_evidentially;not_external_human_audit;not_expert_microscopy_adjudication;not_CTC_ground_truth;not_completed_real_audit_positive_evidence;not_materials_or_DFT_evidence
CTC-PHASE81-0216,Fluo-N2DL-HeLa,2,22,23,Fluo-N2DL-HeLa/02/t022,22,409,593,5,5,Fluo-N2DL-HeLa/02/t023,23,409,593,5,5,release_audit,same_cell_supported,high,0.923082,"image-template, local-crop and geometry evidence support adjacent-frame same-cell link",phase91_ctc_image_template_segmentation_surrogate_v1,phase91_ctc_image_template_segmentation_surrogate_v1,same_cell_supported,high,"model-surrogate replacement label; not external human evidence; image-template, local-crop and geometry evidence support adjacent-frame same-cell link",model_surrogate_not_human,ctc_strong_model_annotation;image_template_segmentation_surrogate;model_surrogate_labels_only;replaces_manual_review_operationally_not_evidentially;not_external_human_audit;not_expert_microscopy_adjudication;not_CTC_ground_truth;not_completed_real_audit_positive_evidence;not_materials_or_DFT_evidence
CTC-PHASE81-0219,Fluo-N2DL-HeLa,2,0,1,Fluo-N2DL-HeLa/02/t000,0,491,663,5,5,Fluo-N2DL-HeLa/02/t001,1,491,663,5,5,release_audit,same_cell_supported,high,0.899083,"image-template, local-crop and geometry evidence support adjacent-frame same-cell link",phase91_ctc_image_template_segmentation_surrogate_v1,phase91_ctc_image_template_segmentation_surrogate_v1,same_cell_supported,high,"model-surrogate replacement label; not external human evidence; image-template, local-crop and geometry evidence support adjacent-frame same-cell link",model_surrogate_not_human,ctc_strong_model_annotation;image_template_segmentation_surrogate;model_surrogate_labels_only;replaces_manual_review_operationally_not_evidentially;not_external_human_audit;not_expert_microscopy_adjudication;not_CTC_ground_truth;not_completed_real_audit_positive_evidence;not_materials_or_DFT_evidence
CTC-PHASE81-0224,Fluo-N2DL-HeLa,2,15,16,Fluo-N2DL-HeLa/02/t015,15,783,422,5,5,Fluo-N2DL-HeLa/02/t016,16,783,422,5,5,release_audit,same_cell_supported,high,0.91393,"image-template, local-crop and geometry evidence support adjacent-frame same-cell link",phase91_ctc_image_template_segmentation_surrogate_v1,phase91_ctc_image_template_segmentation_surrogate_v1,same_cell_supported,high,"model-surrogate replacement label; not external human evidence; image-template, local-crop and geometry evidence support adjacent-frame same-cell link",model_surrogate_not_human,ctc_strong_model_annotation;image_template_segmentation_surrogate;model_surrogate_labels_only;replaces_manual_review_operationally_not_evidentially;not_external_human_audit;not_expert_microscopy_adjudication;not_CTC_ground_truth;not_completed_real_audit_positive_evidence;not_materials_or_DFT_evidence
CTC-PHASE81-0225,Fluo-N2DL-HeLa,2,26,27,Fluo-N2DL-HeLa/02/t026,26,727,328,5,5,Fluo-N2DL-HeLa/02/t027,27,727,328,5,5,release_audit,same_cell_supported,high,0.935318,"image-template, local-crop and geometry evidence support adjacent-frame same-cell link",phase91_ctc_image_template_segmentation_surrogate_v1,phase91_ctc_image_template_segmentation_surrogate_v1,same_cell_supported,high,"model-surrogate replacement label; not external human evidence; image-template, local-crop and geometry evidence support adjacent-frame same-cell link",model_surrogate_not_human,ctc_strong_model_annotation;image_template_segmentation_surrogate;model_surrogate_labels_only;replaces_manual_review_operationally_not_evidentially;not_external_human_audit;not_expert_microscopy_adjudication;not_CTC_ground_truth;not_completed_real_audit_positive_evidence;not_materials_or_DFT_evidence
CTC-PHASE81-0231,Fluo-N2DL-HeLa,2,23,24,Fluo-N2DL-HeLa/02/t023,23,495,402,5,5,Fluo-N2DL-HeLa/02/t024,24,495,402,5,5,release_audit,same_cell_supported,high,0.886556,"image-template, local-crop and geometry evidence support adjacent-frame same-cell link",phase91_ctc_image_template_segmentation_surrogate_v1,phase91_ctc_image_template_segmentation_surrogate_v1,same_cell_supported,high,"model-surrogate replacement label; not external human evidence; image-template, local-crop and geometry evidence support adjacent-frame same-cell link",model_surrogate_not_human,ctc_strong_model_annotation;image_template_segmentation_surrogate;model_surrogate_labels_only;replaces_manual_review_operationally_not_evidentially;not_external_human_audit;not_expert_microscopy_adjudication;not_CTC_ground_truth;not_completed_real_audit_positive_evidence;not_materials_or_DFT_evidence
CTC-PHASE81-0232,Fluo-N2DL-HeLa,2,33,34,Fluo-N2DL-HeLa/02/t033,33,385,479,5,5,Fluo-N2DL-HeLa/02/t034,34,385,479,5,5,release_audit,same_cell_supported,high,0.924828,"image-template, local-crop and geometry evidence support adjacent-frame same-cell link",phase91_ctc_image_template_segmentation_surrogate_v1,phase91_ctc_image_template_segmentation_surrogate_v1,same_cell_supported,high,"model-surrogate replacement label; not external human evidence; image-template, local-crop and geometry evidence support adjacent-frame same-cell link",model_surrogate_not_human,ctc_strong_model_annotation;image_template_segmentation_surrogate;model_surrogate_labels_only;replaces_manual_review_operationally_not_evidentially;not_external_human_audit;not_expert_microscopy_adjudication;not_CTC_ground_truth;not_completed_real_audit_positive_evidence;not_materials_or_DFT_evidence
CTC-PHASE81-0235,Fluo-N2DL-HeLa,2,14,15,Fluo-N2DL-HeLa/02/t014,14,805,655,5,5,Fluo-N2DL-HeLa/02/t015,15,805,655,5,5,release_audit,same_cell_supported,medium,0.838875,"image-template, local-crop and geometry evidence support adjacent-frame same-cell link",phase91_ctc_image_template_segmentation_surrogate_v1,phase91_ctc_image_template_segmentation_surrogate_v1,same_cell_supported,medium,"model-surrogate replacement label; not external human evidence; image-template, local-crop and geometry evidence support adjacent-frame same-cell link",model_surrogate_not_human,ctc_strong_model_annotation;image_template_segmentation_surrogate;model_surrogate_labels_only;replaces_manual_review_operationally_not_evidentially;not_external_human_audit;not_expert_microscopy_adjudication;not_CTC_ground_truth;not_completed_real_audit_positive_evidence;not_materials_or_DFT_evidence
CTC-PHASE81-0236,Fluo-N2DL-HeLa,2,22,23,Fluo-N2DL-HeLa/02/t022,22,385,632,5,5,Fluo-N2DL-HeLa/02/t023,23,385,632,5,5,release_audit,same_cell_supported,high,0.897077,"image-template, local-crop and geometry evidence support adjacent-frame same-cell link",phase91_ctc_image_template_segmentation_surrogate_v1,phase91_ctc_image_template_segmentation_surrogate_v1,same_cell_supported,high,"model-surrogate replacement label; not external human evidence; image-template, local-crop and geometry evidence support adjacent-frame same-cell link",model_surrogate_not_human,ctc_strong_model_annotation;image_template_segmentation_surrogate;model_surrogate_labels_only;replaces_manual_review_operationally_not_evidentially;not_external_human_audit;not_expert_microscopy_adjudication;not_CTC_ground_truth;not_completed_real_audit_positive_evidence;not_materials_or_DFT_evidence
CTC-PHASE81-0237,Fluo-N2DL-HeLa,2,18,19,Fluo-N2DL-HeLa/02/t018,18,620,104,5,5,Fluo-N2DL-HeLa/02/t019,19,620,104,5,5,release_audit,same_cell_supported,high,0.938737,"image-template, local-crop and geometry evidence support adjacent-frame same-cell link",phase91_ctc_image_template_segmentation_surrogate_v1,phase91_ctc_image_template_segmentation_surrogate_v1,same_cell_supported,high,"model-surrogate replacement label; not external human evidence; image-template, local-crop and geometry evidence support adjacent-frame same-cell link",model_surrogate_not_human,ctc_strong_model_annotation;image_template_segmentation_surrogate;model_surrogate_labels_only;replaces_manual_review_operationally_not_evidentially;not_external_human_audit;not_expert_microscopy_adjudication;not_CTC_ground_truth;not_completed_real_audit_positive_evidence;not_materials_or_DFT_evidence
CTC-PHASE81-0243,Fluo-N2DL-HeLa,2,29,30,Fluo-N2DL-HeLa/02/t029,29,377,367,5,5,Fluo-N2DL-HeLa/02/t030,30,377,367,5,5,release_audit,same_cell_supported,high,0.918222,"image-template, local-crop and geometry evidence support adjacent-frame same-cell link",phase91_ctc_image_template_segmentation_surrogate_v1,phase91_ctc_image_template_segmentation_surrogate_v1,same_cell_supported,high,"model-surrogate replacement label; not external human evidence; image-template, local-crop and geometry evidence support adjacent-frame same-cell link",model_surrogate_not_human,ctc_strong_model_annotation;image_template_segmentation_surrogate;model_surrogate_labels_only;replaces_manual_review_operationally_not_evidentially;not_external_human_audit;not_expert_microscopy_adjudication;not_CTC_ground_truth;not_completed_real_audit_positive_evidence;not_materials_or_DFT_evidence
CTC-PHASE81-0244,Fluo-N2DL-HeLa,2,66,67,Fluo-N2DL-HeLa/02/t066,66,584,196,5,5,Fluo-N2DL-HeLa/02/t067,67,584,196,5,5,release_audit,same_cell_supported,high,0.947942,"image-template, local-crop and geometry evidence support adjacent-frame same-cell link",phase91_ctc_image_template_segmentation_surrogate_v1,phase91_ctc_image_template_segmentation_surrogate_v1,same_cell_supported,high,"model-surrogate replacement label; not external human evidence; image-template, local-crop and geometry evidence support adjacent-frame same-cell link",model_surrogate_not_human,ctc_strong_model_annotation;image_template_segmentation_surrogate;model_surrogate_labels_only;replaces_manual_review_operationally_not_evidentially;not_external_human_audit;not_expert_microscopy_adjudication;not_CTC_ground_truth;not_completed_real_audit_positive_evidence;not_materials_or_DFT_evidence
CTC-PHASE81-0246,Fluo-N2DL-HeLa,2,30,31,Fluo-N2DL-HeLa/02/t030,30,410,341,5,5,Fluo-N2DL-HeLa/02/t031,31,410,341,5,5,release_audit,same_cell_supported,high,0.935353,"image-template, local-crop and geometry evidence support adjacent-frame same-cell link",phase91_ctc_image_template_segmentation_surrogate_v1,phase91_ctc_image_template_segmentation_surrogate_v1,same_cell_supported,high,"model-surrogate replacement label; not external human evidence; image-template, local-crop and geometry evidence support adjacent-frame same-cell link",model_surrogate_not_human,ctc_strong_model_annotation;image_template_segmentation_surrogate;model_surrogate_labels_only;replaces_manual_review_operationally_not_evidentially;not_external_human_audit;not_expert_microscopy_adjudication;not_CTC_ground_truth;not_completed_real_audit_positive_evidence;not_materials_or_DFT_evidence
CTC-PHASE81-0247,Fluo-N2DL-HeLa,2,39,40,Fluo-N2DL-HeLa/02/t039,39,725,120,5,5,Fluo-N2DL-HeLa/02/t040,40,725,120,5,5,release_audit,same_cell_supported,high,0.963192,"image-template, local-crop and geometry evidence support adjacent-frame same-cell link",phase91_ctc_image_template_segmentation_surrogate_v1,phase91_ctc_image_template_segmentation_surrogate_v1,same_cell_supported,high,"model-surrogate replacement label; not external human evidence; image-template, local-crop and geometry evidence support adjacent-frame same-cell link",model_surrogate_not_human,ctc_strong_model_annotation;image_template_segmentation_surrogate;model_surrogate_labels_only;replaces_manual_review_operationally_not_evidentially;not_external_human_audit;not_expert_microscopy_adjudication;not_CTC_ground_truth;not_completed_real_audit_positive_evidence;not_materials_or_DFT_evidence
CTC-PHASE81-0252,Fluo-N2DL-HeLa,2,11,12,Fluo-N2DL-HeLa/02/t011,11,667,670,5,5,Fluo-N2DL-HeLa/02/t012,12,667,670,5,5,release_audit,same_cell_supported,high,0.930999,"image-template, local-crop and geometry evidence support adjacent-frame same-cell link",phase91_ctc_image_template_segmentation_surrogate_v1,phase91_ctc_image_template_segmentation_surrogate_v1,same_cell_supported,high,"model-surrogate replacement label; not external human evidence; image-template, local-crop and geometry evidence support adjacent-frame same-cell link",model_surrogate_not_human,ctc_strong_model_annotation;image_template_segmentation_surrogate;model_surrogate_labels_only;replaces_manual_review_operationally_not_evidentially;not_external_human_audit;not_expert_microscopy_adjudication;not_CTC_ground_truth;not_completed_real_audit_positive_evidence;not_materials_or_DFT_evidence
CTC-PHASE81-0255,Fluo-N2DL-HeLa,2,0,1,Fluo-N2DL-HeLa/02/t000,0,812,662,5,5,Fluo-N2DL-HeLa/02/t001,1,812,662,5,5,release_audit,same_cell_supported,high,0.971724,"image-template, local-crop and geometry evidence support adjacent-frame same-cell link",phase91_ctc_image_template_segmentation_surrogate_v1,phase91_ctc_image_template_segmentation_surrogate_v1,same_cell_supported,high,"model-surrogate replacement label; not external human evidence; image-template, local-crop and geometry evidence support adjacent-frame same-cell link",model_surrogate_not_human,ctc_strong_model_annotation;image_template_segmentation_surrogate;model_surrogate_labels_only;replaces_manual_review_operationally_not_evidentially;not_external_human_audit;not_expert_microscopy_adjudication;not_CTC_ground_truth;not_completed_real_audit_positive_evidence;not_materials_or_DFT_evidence
CTC-PHASE81-0258,Fluo-N2DL-HeLa,2,30,31,Fluo-N2DL-HeLa/02/t030,30,686,121,5,5,Fluo-N2DL-HeLa/02/t031,31,686,121,5,5,release_audit,same_cell_supported,high,0.937552,"image-template, local-crop and geometry evidence support adjacent-frame same-cell link",phase91_ctc_image_template_segmentation_surrogate_v1,phase91_ctc_image_template_segmentation_surrogate_v1,same_cell_supported,high,"model-surrogate replacement label; not external human evidence; image-template, local-crop and geometry evidence support adjacent-frame same-cell link",model_surrogate_not_human,ctc_strong_model_annotation;image_template_segmentation_surrogate;model_surrogate_labels_only;replaces_manual_review_operationally_not_evidentially;not_external_human_audit;not_expert_microscopy_adjudication;not_CTC_ground_truth;not_completed_real_audit_positive_evidence;not_materials_or_DFT_evidence
CTC-PHASE81-0259,Fluo-N2DL-HeLa,2,29,30,Fluo-N2DL-HeLa/02/t029,29,720,382,5,5,Fluo-N2DL-HeLa/02/t030,30,720,382,5,5,release_audit,same_cell_supported,high,0.913078,"image-template, local-crop and geometry evidence support adjacent-frame same-cell link",phase91_ctc_image_template_segmentation_surrogate_v1,phase91_ctc_image_template_segmentation_surrogate_v1,same_cell_supported,high,"model-surrogate replacement label; not external human evidence; image-template, local-crop and geometry evidence support adjacent-frame same-cell link",model_surrogate_not_human,ctc_strong_model_annotation;image_template_segmentation_surrogate;model_surrogate_labels_only;replaces_manual_review_operationally_not_evidentially;not_external_human_audit;not_expert_microscopy_adjudication;not_CTC_ground_truth;not_completed_real_audit_positive_evidence;not_materials_or_DFT_evidence
CTC-PHASE81-0265,Fluo-N2DL-HeLa,2,43,44,Fluo-N2DL-HeLa/02/t043,43,623,96,5,5,Fluo-N2DL-HeLa/02/t044,44,623,96,5,5,release_audit,same_cell_supported,high,0.961583,"image-template, local-crop and geometry evidence support adjacent-frame same-cell link",phase91_ctc_image_template_segmentation_surrogate_v1,phase91_ctc_image_template_segmentation_surrogate_v1,same_cell_supported,high,"model-surrogate replacement label; not external human evidence; image-template, local-crop and geometry evidence support adjacent-frame same-cell link",model_surrogate_not_human,ctc_strong_model_annotation;image_template_segmentation_surrogate;model_surrogate_labels_only;replaces_manual_review_operationally_not_evidentially;not_external_human_audit;not_expert_microscopy_adjudication;not_CTC_ground_truth;not_completed_real_audit_positive_evidence;not_materials_or_DFT_evidence
CTC-PHASE81-0266,Fluo-N2DL-HeLa,2,20,21,Fluo-N2DL-HeLa/02/t020,20,759,381,5,5,Fluo-N2DL-HeLa/02/t021,21,759,381,5,5,release_audit,same_cell_supported,high,0.956156,"image-template, local-crop and geometry evidence support adjacent-frame same-cell link",phase91_ctc_image_template_segmentation_surrogate_v1,phase91_ctc_image_template_segmentation_surrogate_v1,same_cell_supported,high,"model-surrogate replacement label; not external human evidence; image-template, local-crop and geometry evidence support adjacent-frame same-cell link",model_surrogate_not_human,ctc_strong_model_annotation;image_template_segmentation_surrogate;model_surrogate_labels_only;replaces_manual_review_operationally_not_evidentially;not_external_human_audit;not_expert_microscopy_adjudication;not_CTC_ground_truth;not_completed_real_audit_positive_evidence;not_materials_or_DFT_evidence
CTC-PHASE81-0273,Fluo-N2DL-HeLa,2,25,26,Fluo-N2DL-HeLa/02/t025,25,698,421,5,5,Fluo-N2DL-HeLa/02/t026,26,698,421,5,5,release_audit,same_cell_supported,high,0.938843,"image-template, local-crop and geometry evidence support adjacent-frame same-cell link",phase91_ctc_image_template_segmentation_surrogate_v1,phase91_ctc_image_template_segmentation_surrogate_v1,same_cell_supported,high,"model-surrogate replacement label; not external human evidence; image-template, local-crop and geometry evidence support adjacent-frame same-cell link",model_surrogate_not_human,ctc_strong_model_annotation;image_template_segmentation_surrogate;model_surrogate_labels_only;replaces_manual_review_operationally_not_evidentially;not_external_human_audit;not_expert_microscopy_adjudication;not_CTC_ground_truth;not_completed_real_audit_positive_evidence;not_materials_or_DFT_evidence
CTC-PHASE81-0274,Fluo-N2DL-HeLa,2,33,34,Fluo-N2DL-HeLa/02/t033,33,368,537,5,5,Fluo-N2DL-HeLa/02/t034,34,368,537,5,5,release_audit,same_cell_supported,high,0.910487,"image-template, local-crop and geometry evidence support adjacent-frame same-cell link",phase91_ctc_image_template_segmentation_surrogate_v1,phase91_ctc_image_template_segmentation_surrogate_v1,same_cell_supported,high,"model-surrogate replacement label; not external human evidence; image-template, local-crop and geometry evidence support adjacent-frame same-cell link",model_surrogate_not_human,ctc_strong_model_annotation;image_template_segmentation_surrogate;model_surrogate_labels_only;replaces_manual_review_operationally_not_evidentially;not_external_human_audit;not_expert_microscopy_adjudication;not_CTC_ground_truth;not_completed_real_audit_positive_evidence;not_materials_or_DFT_evidence
CTC-PHASE81-0276,Fluo-N2DL-HeLa,2,21,22,Fluo-N2DL-HeLa/02/t021,21,577,399,5,5,Fluo-N2DL-HeLa/02/t022,22,577,399,5,5,release_audit,same_cell_supported,high,0.9538,"image-template, local-crop and geometry evidence support adjacent-frame same-cell link",phase91_ctc_image_template_segmentation_surrogate_v1,phase91_ctc_image_template_segmentation_surrogate_v1,same_cell_supported,high,"model-surrogate replacement label; not external human evidence; image-template, local-crop and geometry evidence support adjacent-frame same-cell link",model_surrogate_not_human,ctc_strong_model_annotation;image_template_segmentation_surrogate;model_surrogate_labels_only;replaces_manual_review_operationally_not_evidentially;not_external_human_audit;not_expert_microscopy_adjudication;not_CTC_ground_truth;not_completed_real_audit_positive_evidence;not_materials_or_DFT_evidence
CTC-PHASE81-0279,Fluo-N2DL-HeLa,2,46,47,Fluo-N2DL-HeLa/02/t046,46,725,117,5,5,Fluo-N2DL-HeLa/02/t047,47,725,117,5,5,release_audit,same_cell_supported,high,0.993456,"image-template, local-crop and geometry evidence support adjacent-frame same-cell link",phase91_ctc_image_template_segmentation_surrogate_v1,phase91_ctc_image_template_segmentation_surrogate_v1,same_cell_supported,high,"model-surrogate replacement label; not external human evidence; image-template, local-crop and geometry evidence support adjacent-frame same-cell link",model_surrogate_not_human,ctc_strong_model_annotation;image_template_segmentation_surrogate;model_surrogate_labels_only;replaces_manual_review_operationally_not_evidentially;not_external_human_audit;not_expert_microscopy_adjudication;not_CTC_ground_truth;not_completed_real_audit_positive_evidence;not_materials_or_DFT_evidence
CTC-PHASE81-0281,PhC-C2DH-U373,2,12,13,PhC-C2DH-U373/02/t012,12,549,96,9,9,PhC-C2DH-U373/02/t013,13,548,96,10,9,release_audit,same_cell_supported,high,0.935218,"image-template, local-crop and geometry evidence support adjacent-frame same-cell link",phase91_ctc_image_template_segmentation_surrogate_v1,phase91_ctc_image_template_segmentation_surrogate_v1,same_cell_supported,high,"model-surrogate replacement label; not external human evidence; image-template, local-crop and geometry evidence support adjacent-frame same-cell link",model_surrogate_not_human,ctc_strong_model_annotation;image_template_segmentation_surrogate;model_surrogate_labels_only;replaces_manual_review_operationally_not_evidentially;not_external_human_audit;not_expert_microscopy_adjudication;not_CTC_ground_truth;not_completed_real_audit_positive_evidence;not_materials_or_DFT_evidence
CTC-PHASE81-0287,Fluo-N2DL-HeLa,2,15,16,Fluo-N2DL-HeLa/02/t015,15,761,59,5,5,Fluo-N2DL-HeLa/02/t016,16,761,59,5,5,release_audit,same_cell_supported,high,0.938828,"image-template, local-crop and geometry evidence support adjacent-frame same-cell link",phase91_ctc_image_template_segmentation_surrogate_v1,phase91_ctc_image_template_segmentation_surrogate_v1,same_cell_supported,high,"model-surrogate replacement label; not external human evidence; image-template, local-crop and geometry evidence support adjacent-frame same-cell link",model_surrogate_not_human,ctc_strong_model_annotation;image_template_segmentation_surrogate;model_surrogate_labels_only;replaces_manual_review_operationally_not_evidentially;not_external_human_audit;not_expert_microscopy_adjudication;not_CTC_ground_truth;not_completed_real_audit_positive_evidence;not_materials_or_DFT_evidence
CTC-PHASE81-0289,Fluo-N2DL-HeLa,2,5,6,Fluo-N2DL-HeLa/02/t005,5,686,81,5,5,Fluo-N2DL-HeLa/02/t006,6,686,81,5,5,release_audit,same_cell_supported,high,0.913427,"image-template, local-crop and geometry evidence support adjacent-frame same-cell link",phase91_ctc_image_template_segmentation_surrogate_v1,phase91_ctc_image_template_segmentation_surrogate_v1,same_cell_supported,high,"model-surrogate replacement label; not external human evidence; image-template, local-crop and geometry evidence support adjacent-frame same-cell link",model_surrogate_not_human,ctc_strong_model_annotation;image_template_segmentation_surrogate;model_surrogate_labels_only;replaces_manual_review_operationally_not_evidentially;not_external_human_audit;not_expert_microscopy_adjudication;not_CTC_ground_truth;not_completed_real_audit_positive_evidence;not_materials_or_DFT_evidence
CTC-PHASE81-0291,Fluo-N2DL-HeLa,2,24,25,Fluo-N2DL-HeLa/02/t024,24,495,402,5,5,Fluo-N2DL-HeLa/02/t025,25,495,402,5,5,release_audit,same_cell_supported,high,0.958981,"image-template, local-crop and geometry evidence support adjacent-frame same-cell link",phase91_ctc_image_template_segmentation_surrogate_v1,phase91_ctc_image_template_segmentation_surrogate_v1,same_cell_supported,high,"model-surrogate replacement label; not external human evidence; image-template, local-crop and geometry evidence support adjacent-frame same-cell link",model_surrogate_not_human,ctc_strong_model_annotation;image_template_segmentation_surrogate;model_surrogate_labels_only;replaces_manual_review_operationally_not_evidentially;not_external_human_audit;not_expert_microscopy_adjudication;not_CTC_ground_truth;not_completed_real_audit_positive_evidence;not_materials_or_DFT_evidence
CTC-PHASE81-0296,Fluo-N2DL-HeLa,2,20,21,Fluo-N2DL-HeLa/02/t020,20,679,543,5,5,Fluo-N2DL-HeLa/02/t021,21,679,543,5,5,release_audit,same_cell_supported,high,0.87507,"image-template, local-crop and geometry evidence support adjacent-frame same-cell link",phase91_ctc_image_template_segmentation_surrogate_v1,phase91_ctc_image_template_segmentation_surrogate_v1,same_cell_supported,high,"model-surrogate replacement label; not external human evidence; image-template, local-crop and geometry evidence support adjacent-frame same-cell link",model_surrogate_not_human,ctc_strong_model_annotation;image_template_segmentation_surrogate;model_surrogate_labels_only;replaces_manual_review_operationally_not_evidentially;not_external_human_audit;not_expert_microscopy_adjudication;not_CTC_ground_truth;not_completed_real_audit_positive_evidence;not_materials_or_DFT_evidence
CTC-PHASE81-0298,Fluo-N2DL-HeLa,2,12,13,Fluo-N2DL-HeLa/02/t012,12,583,160,5,5,Fluo-N2DL-HeLa/02/t013,13,583,160,5,5,release_audit,same_cell_supported,high,0.915332,"image-template, local-crop and geometry evidence support adjacent-frame same-cell link",phase91_ctc_image_template_segmentation_surrogate_v1,phase91_ctc_image_template_segmentation_surrogate_v1,same_cell_supported,high,"model-surrogate replacement label; not external human evidence; image-template, local-crop and geometry evidence support adjacent-frame same-cell link",model_surrogate_not_human,ctc_strong_model_annotation;image_template_segmentation_surrogate;model_surrogate_labels_only;replaces_manual_review_operationally_not_evidentially;not_external_human_audit;not_expert_microscopy_adjudication;not_CTC_ground_truth;not_completed_real_audit_positive_evidence;not_materials_or_DFT_evidence
CTC-PHASE81-0302,Fluo-N2DL-HeLa,2,47,48,Fluo-N2DL-HeLa/02/t047,47,771,77,5,5,Fluo-N2DL-HeLa/02/t048,48,771,77,5,5,release_audit,same_cell_supported,high,0.966461,"image-template, local-crop and geometry evidence support adjacent-frame same-cell link",phase91_ctc_image_template_segmentation_surrogate_v1,phase91_ctc_image_template_segmentation_surrogate_v1,same_cell_supported,high,"model-surrogate replacement label; not external human evidence; image-template, local-crop and geometry evidence support adjacent-frame same-cell link",model_surrogate_not_human,ctc_strong_model_annotation;image_template_segmentation_surrogate;model_surrogate_labels_only;replaces_manual_review_operationally_not_evidentially;not_external_human_audit;not_expert_microscopy_adjudication;not_CTC_ground_truth;not_completed_real_audit_positive_evidence;not_materials_or_DFT_evidence
CTC-PHASE81-0303,Fluo-N2DL-HeLa,2,16,17,Fluo-N2DL-HeLa/02/t016,16,702,395,5,5,Fluo-N2DL-HeLa/02/t017,17,702,395,5,5,release_audit,same_cell_supported,high,0.910101,"image-template, local-crop and geometry evidence support adjacent-frame same-cell link",phase91_ctc_image_template_segmentation_surrogate_v1,phase91_ctc_image_template_segmentation_surrogate_v1,same_cell_supported,high,"model-surrogate replacement label; not external human evidence; image-template, local-crop and geometry evidence support adjacent-frame same-cell link",model_surrogate_not_human,ctc_strong_model_annotation;image_template_segmentation_surrogate;model_surrogate_labels_only;replaces_manual_review_operationally_not_evidentially;not_external_human_audit;not_expert_microscopy_adjudication;not_CTC_ground_truth;not_completed_real_audit_positive_evidence;not_materials_or_DFT_evidence
CTC-PHASE81-0308,Fluo-N2DL-HeLa,2,29,30,Fluo-N2DL-HeLa/02/t029,29,556,126,5,5,Fluo-N2DL-HeLa/02/t030,30,556,126,5,5,release_audit,same_cell_supported,high,0.962256,"image-template, local-crop and geometry evidence support adjacent-frame same-cell link",phase91_ctc_image_template_segmentation_surrogate_v1,phase91_ctc_image_template_segmentation_surrogate_v1,same_cell_supported,high,"model-surrogate replacement label; not external human evidence; image-template, local-crop and geometry evidence support adjacent-frame same-cell link",model_surrogate_not_human,ctc_strong_model_annotation;image_template_segmentation_surrogate;model_surrogate_labels_only;replaces_manual_review_operationally_not_evidentially;not_external_human_audit;not_expert_microscopy_adjudication;not_CTC_ground_truth;not_completed_real_audit_positive_evidence;not_materials_or_DFT_evidence
CTC-PHASE81-0310,Fluo-N2DL-HeLa,2,20,21,Fluo-N2DL-HeLa/02/t020,20,640,135,5,5,Fluo-N2DL-HeLa/02/t021,21,640,135,5,5,release_audit,same_cell_supported,high,0.896417,"image-template, local-crop and geometry evidence support adjacent-frame same-cell link",phase91_ctc_image_template_segmentation_surrogate_v1,phase91_ctc_image_template_segmentation_surrogate_v1,same_cell_supported,high,"model-surrogate replacement label; not external human evidence; image-template, local-crop and geometry evidence support adjacent-frame same-cell link",model_surrogate_not_human,ctc_strong_model_annotation;image_template_segmentation_surrogate;model_surrogate_labels_only;replaces_manual_review_operationally_not_evidentially;not_external_human_audit;not_expert_microscopy_adjudication;not_CTC_ground_truth;not_completed_real_audit_positive_evidence;not_materials_or_DFT_evidence
CTC-PHASE81-0312,Fluo-N2DL-HeLa,2,38,39,Fluo-N2DL-HeLa/02/t038,38,614,332,5,5,Fluo-N2DL-HeLa/02/t039,39,614,332,5,5,release_audit,same_cell_supported,high,0.964242,"image-template, local-crop and geometry evidence support adjacent-frame same-cell link",phase91_ctc_image_template_segmentation_surrogate_v1,phase91_ctc_image_template_segmentation_surrogate_v1,same_cell_supported,high,"model-surrogate replacement label; not external human evidence; image-template, local-crop and geometry evidence support adjacent-frame same-cell link",model_surrogate_not_human,ctc_strong_model_annotation;image_template_segmentation_surrogate;model_surrogate_labels_only;replaces_manual_review_operationally_not_evidentially;not_external_human_audit;not_expert_microscopy_adjudication;not_CTC_ground_truth;not_completed_real_audit_positive_evidence;not_materials_or_DFT_evidence
CTC-PHASE81-0313,Fluo-N2DL-HeLa,2,26,27,Fluo-N2DL-HeLa/02/t026,26,508,669,5,5,Fluo-N2DL-HeLa/02/t027,27,508,669,5,5,release_audit,same_cell_supported,high,0.919305,"image-template, local-crop and geometry evidence support adjacent-frame same-cell link",phase91_ctc_image_template_segmentation_surrogate_v1,phase91_ctc_image_template_segmentation_surrogate_v1,same_cell_supported,high,"model-surrogate replacement label; not external human evidence; image-template, local-crop and geometry evidence support adjacent-frame same-cell link",model_surrogate_not_human,ctc_strong_model_annotation;image_template_segmentation_surrogate;model_surrogate_labels_only;replaces_manual_review_operationally_not_evidentially;not_external_human_audit;not_expert_microscopy_adjudication;not_CTC_ground_truth;not_completed_real_audit_positive_evidence;not_materials_or_DFT_evidence
CTC-PHASE81-0314,Fluo-N2DL-HeLa,2,30,31,Fluo-N2DL-HeLa/02/t030,30,721,328,5,5,Fluo-N2DL-HeLa/02/t031,31,721,328,5,5,release_audit,same_cell_supported,high,0.969158,"image-template, local-crop and geometry evidence support adjacent-frame same-cell link",phase91_ctc_image_template_segmentation_surrogate_v1,phase91_ctc_image_template_segmentation_surrogate_v1,same_cell_supported,high,"model-surrogate replacement label; not external human evidence; image-template, local-crop and geometry evidence support adjacent-frame same-cell link",model_surrogate_not_human,ctc_strong_model_annotation;image_template_segmentation_surrogate;model_surrogate_labels_only;replaces_manual_review_operationally_not_evidentially;not_external_human_audit;not_expert_microscopy_adjudication;not_CTC_ground_truth;not_completed_real_audit_positive_evidence;not_materials_or_DFT_evidence
CTC-PHASE81-0320,Fluo-N2DL-HeLa,2,20,21,Fluo-N2DL-HeLa/02/t020,20,385,632,5,5,Fluo-N2DL-HeLa/02/t021,21,385,632,5,5,release_audit,same_cell_supported,high,0.923687,"image-template, local-crop and geometry evidence support adjacent-frame same-cell link",phase91_ctc_image_template_segmentation_surrogate_v1,phase91_ctc_image_template_segmentation_surrogate_v1,same_cell_supported,high,"model-surrogate replacement label; not external human evidence; image-template, local-crop and geometry evidence support adjacent-frame same-cell link",model_surrogate_not_human,ctc_strong_model_annotation;image_template_segmentation_surrogate;model_surrogate_labels_only;replaces_manual_review_operationally_not_evidentially;not_external_human_audit;not_expert_microscopy_adjudication;not_CTC_ground_truth;not_completed_real_audit_positive_evidence;not_materials_or_DFT_evidence
CTC-PHASE81-0322,Fluo-N2DL-HeLa,2,7,8,Fluo-N2DL-HeLa/02/t007,7,782,423,5,5,Fluo-N2DL-HeLa/02/t008,8,782,423,5,5,release_audit,same_cell_supported,high,0.937383,"image-template, local-crop and geometry evidence support adjacent-frame same-cell link",phase91_ctc_image_template_segmentation_surrogate_v1,phase91_ctc_image_template_segmentation_surrogate_v1,same_cell_supported,high,"model-surrogate replacement label; not external human evidence; image-template, local-crop and geometry evidence support adjacent-frame same-cell link",model_surrogate_not_human,ctc_strong_model_annotation;image_template_segmentation_surrogate;model_surrogate_labels_only;replaces_manual_review_operationally_not_evidentially;not_external_human_audit;not_expert_microscopy_adjudication;not_CTC_ground_truth;not_completed_real_audit_positive_evidence;not_materials_or_DFT_evidence
CTC-PHASE81-0324,Fluo-N2DL-HeLa,2,18,19,Fluo-N2DL-HeLa/02/t018,18,615,164,5,5,Fluo-N2DL-HeLa/02/t019,19,615,164,5,5,release_audit,same_cell_supported,high,0.921553,"image-template, local-crop and geometry evidence support adjacent-frame same-cell link",phase91_ctc_image_template_segmentation_surrogate_v1,phase91_ctc_image_template_segmentation_surrogate_v1,same_cell_supported,high,"model-surrogate replacement label; not external human evidence; image-template, local-crop and geometry evidence support adjacent-frame same-cell link",model_surrogate_not_human,ctc_strong_model_annotation;image_template_segmentation_surrogate;model_surrogate_labels_only;replaces_manual_review_operationally_not_evidentially;not_external_human_audit;not_expert_microscopy_adjudication;not_CTC_ground_truth;not_completed_real_audit_positive_evidence;not_materials_or_DFT_evidence
CTC-PHASE81-0326,Fluo-N2DL-HeLa,2,34,35,Fluo-N2DL-HeLa/02/t034,34,716,379,5,5,Fluo-N2DL-HeLa/02/t035,35,716,379,5,5,release_audit,same_cell_supported,high,0.944308,"image-template, local-crop and geometry evidence support adjacent-frame same-cell link",phase91_ctc_image_template_segmentation_surrogate_v1,phase91_ctc_image_template_segmentation_surrogate_v1,same_cell_supported,high,"model-surrogate replacement label; not external human evidence; image-template, local-crop and geometry evidence support adjacent-frame same-cell link",model_surrogate_not_human,ctc_strong_model_annotation;image_template_segmentation_surrogate;model_surrogate_labels_only;replaces_manual_review_operationally_not_evidentially;not_external_human_audit;not_expert_microscopy_adjudication;not_CTC_ground_truth;not_completed_real_audit_positive_evidence;not_materials_or_DFT_evidence
CTC-PHASE81-0330,Fluo-N2DL-HeLa,2,21,22,Fluo-N2DL-HeLa/02/t021,21,385,632,5,5,Fluo-N2DL-HeLa/02/t022,22,385,632,5,5,release_audit,same_cell_supported,high,0.945901,"image-template, local-crop and geometry evidence support adjacent-frame same-cell link",phase91_ctc_image_template_segmentation_surrogate_v1,phase91_ctc_image_template_segmentation_surrogate_v1,same_cell_supported,high,"model-surrogate replacement label; not external human evidence; image-template, local-crop and geometry evidence support adjacent-frame same-cell link",model_surrogate_not_human,ctc_strong_model_annotation;image_template_segmentation_surrogate;model_surrogate_labels_only;replaces_manual_review_operationally_not_evidentially;not_external_human_audit;not_expert_microscopy_adjudication;not_CTC_ground_truth;not_completed_real_audit_positive_evidence;not_materials_or_DFT_evidence
CTC-PHASE81-0331,Fluo-N2DL-HeLa,2,21,22,Fluo-N2DL-HeLa/02/t021,21,588,290,5,5,Fluo-N2DL-HeLa/02/t022,22,588,290,5,5,release_audit,same_cell_supported,high,0.926368,"image-template, local-crop and geometry evidence support adjacent-frame same-cell link",phase91_ctc_image_template_segmentation_surrogate_v1,phase91_ctc_image_template_segmentation_surrogate_v1,same_cell_supported,high,"model-surrogate replacement label; not external human evidence; image-template, local-crop and geometry evidence support adjacent-frame same-cell link",model_surrogate_not_human,ctc_strong_model_annotation;image_template_segmentation_surrogate;model_surrogate_labels_only;replaces_manual_review_operationally_not_evidentially;not_external_human_audit;not_expert_microscopy_adjudication;not_CTC_ground_truth;not_completed_real_audit_positive_evidence;not_materials_or_DFT_evidence
CTC-PHASE81-0335,Fluo-N2DL-HeLa,2,26,27,Fluo-N2DL-HeLa/02/t026,26,586,68,5,5,Fluo-N2DL-HeLa/02/t027,27,586,68,5,5,release_audit,same_cell_supported,high,0.986594,"image-template, local-crop and geometry evidence support adjacent-frame same-cell link",phase91_ctc_image_template_segmentation_surrogate_v1,phase91_ctc_image_template_segmentation_surrogate_v1,same_cell_supported,high,"model-surrogate replacement label; not external human evidence; image-template, local-crop and geometry evidence support adjacent-frame same-cell link",model_surrogate_not_human,ctc_strong_model_annotation;image_template_segmentation_surrogate;model_surrogate_labels_only;replaces_manual_review_operationally_not_evidentially;not_external_human_audit;not_expert_microscopy_adjudication;not_CTC_ground_truth;not_completed_real_audit_positive_evidence;not_materials_or_DFT_evidence
CTC-PHASE81-0336,Fluo-N2DL-HeLa,2,28,29,Fluo-N2DL-HeLa/02/t028,28,591,294,5,5,Fluo-N2DL-HeLa/02/t029,29,591,294,5,5,release_audit,same_cell_supported,high,0.924433,"image-template, local-crop and geometry evidence support adjacent-frame same-cell link",phase91_ctc_image_template_segmentation_surrogate_v1,phase91_ctc_image_template_segmentation_surrogate_v1,same_cell_supported,high,"model-surrogate replacement label; not external human evidence; image-template, local-crop and geometry evidence support adjacent-frame same-cell link",model_surrogate_not_human,ctc_strong_model_annotation;image_template_segmentation_surrogate;model_surrogate_labels_only;replaces_manual_review_operationally_not_evidentially;not_external_human_audit;not_expert_microscopy_adjudication;not_CTC_ground_truth;not_completed_real_audit_positive_evidence;not_materials_or_DFT_evidence
CTC-PHASE81-0338,Fluo-N2DL-HeLa,2,8,9,Fluo-N2DL-HeLa/02/t008,8,791,603,5,5,Fluo-N2DL-HeLa/02/t009,9,791,603,5,5,release_audit,same_cell_supported,high,0.964461,"image-template, local-crop and geometry evidence support adjacent-frame same-cell link",phase91_ctc_image_template_segmentation_surrogate_v1,phase91_ctc_image_template_segmentation_surrogate_v1,same_cell_supported,high,"model-surrogate replacement label; not external human evidence; image-template, local-crop and geometry evidence support adjacent-frame same-cell link",model_surrogate_not_human,ctc_strong_model_annotation;image_template_segmentation_surrogate;model_surrogate_labels_only;replaces_manual_review_operationally_not_evidentially;not_external_human_audit;not_expert_microscopy_adjudication;not_CTC_ground_truth;not_completed_real_audit_positive_evidence;not_materials_or_DFT_evidence
CTC-PHASE81-0342,Fluo-N2DL-HeLa,2,19,20,Fluo-N2DL-HeLa/02/t019,19,740,128,5,5,Fluo-N2DL-HeLa/02/t020,20,740,128,5,5,release_audit,same_cell_supported,high,0.932295,"image-template, local-crop and geometry evidence support adjacent-frame same-cell link",phase91_ctc_image_template_segmentation_surrogate_v1,phase91_ctc_image_template_segmentation_surrogate_v1,same_cell_supported,high,"model-surrogate replacement label; not external human evidence; image-template, local-crop and geometry evidence support adjacent-frame same-cell link",model_surrogate_not_human,ctc_strong_model_annotation;image_template_segmentation_surrogate;model_surrogate_labels_only;replaces_manual_review_operationally_not_evidentially;not_external_human_audit;not_expert_microscopy_adjudication;not_CTC_ground_truth;not_completed_real_audit_positive_evidence;not_materials_or_DFT_evidence
CTC-PHASE81-0344,Fluo-N2DL-HeLa,2,8,9,Fluo-N2DL-HeLa/02/t008,8,580,386,5,5,Fluo-N2DL-HeLa/02/t009,9,580,386,5,5,release_audit,same_cell_supported,high,0.923366,"image-template, local-crop and geometry evidence support adjacent-frame same-cell link",phase91_ctc_image_template_segmentation_surrogate_v1,phase91_ctc_image_template_segmentation_surrogate_v1,same_cell_supported,high,"model-surrogate replacement label; not external human evidence; image-template, local-crop and geometry evidence support adjacent-frame same-cell link",model_surrogate_not_human,ctc_strong_model_annotation;image_template_segmentation_surrogate;model_surrogate_labels_only;replaces_manual_review_operationally_not_evidentially;not_external_human_audit;not_expert_microscopy_adjudication;not_CTC_ground_truth;not_completed_real_audit_positive_evidence;not_materials_or_DFT_evidence
CTC-PHASE81-0345,Fluo-N2DL-HeLa,2,35,36,Fluo-N2DL-HeLa/02/t035,35,614,268,5,5,Fluo-N2DL-HeLa/02/t036,36,614,268,5,5,release_audit,same_cell_supported,high,0.94611,"image-template, local-crop and geometry evidence support adjacent-frame same-cell link",phase91_ctc_image_template_segmentation_surrogate_v1,phase91_ctc_image_template_segmentation_surrogate_v1,same_cell_supported,high,"model-surrogate replacement label; not external human evidence; image-template, local-crop and geometry evidence support adjacent-frame same-cell link",model_surrogate_not_human,ctc_strong_model_annotation;image_template_segmentation_surrogate;model_surrogate_labels_only;replaces_manual_review_operationally_not_evidentially;not_external_human_audit;not_expert_microscopy_adjudication;not_CTC_ground_truth;not_completed_real_audit_positive_evidence;not_materials_or_DFT_evidence
CTC-PHASE81-0346,Fluo-N2DL-HeLa,2,28,29,Fluo-N2DL-HeLa/02/t028,28,795,117,5,5,Fluo-N2DL-HeLa/02/t029,29,795,117,5,5,release_audit,same_cell_supported,high,0.953882,"image-template, local-crop and geometry evidence support adjacent-frame same-cell link",phase91_ctc_image_template_segmentation_surrogate_v1,phase91_ctc_image_template_segmentation_surrogate_v1,same_cell_supported,high,"model-surrogate replacement label; not external human evidence; image-template, local-crop and geometry evidence support adjacent-frame same-cell link",model_surrogate_not_human,ctc_strong_model_annotation;image_template_segmentation_surrogate;model_surrogate_labels_only;replaces_manual_review_operationally_not_evidentially;not_external_human_audit;not_expert_microscopy_adjudication;not_CTC_ground_truth;not_completed_real_audit_positive_evidence;not_materials_or_DFT_evidence
CTC-PHASE81-0347,Fluo-N2DL-HeLa,2,45,46,Fluo-N2DL-HeLa/02/t045,45,392,627,5,5,Fluo-N2DL-HeLa/02/t046,46,392,627,5,5,release_audit,same_cell_supported,high,0.971107,"image-template, local-crop and geometry evidence support adjacent-frame same-cell link",phase91_ctc_image_template_segmentation_surrogate_v1,phase91_ctc_image_template_segmentation_surrogate_v1,same_cell_supported,high,"model-surrogate replacement label; not external human evidence; image-template, local-crop and geometry evidence support adjacent-frame same-cell link",model_surrogate_not_human,ctc_strong_model_annotation;image_template_segmentation_surrogate;model_surrogate_labels_only;replaces_manual_review_operationally_not_evidentially;not_external_human_audit;not_expert_microscopy_adjudication;not_CTC_ground_truth;not_completed_real_audit_positive_evidence;not_materials_or_DFT_evidence
CTC-PHASE81-0349,Fluo-N2DL-HeLa,2,51,52,Fluo-N2DL-HeLa/02/t051,51,434,517,5,5,Fluo-N2DL-HeLa/02/t052,52,434,517,5,5,release_audit,same_cell_supported,high,0.939112,"image-template, local-crop and geometry evidence support adjacent-frame same-cell link",phase91_ctc_image_template_segmentation_surrogate_v1,phase91_ctc_image_template_segmentation_surrogate_v1,same_cell_supported,high,"model-surrogate replacement label; not external human evidence; image-template, local-crop and geometry evidence support adjacent-frame same-cell link",model_surrogate_not_human,ctc_strong_model_annotation;image_template_segmentation_surrogate;model_surrogate_labels_only;replaces_manual_review_operationally_not_evidentially;not_external_human_audit;not_expert_microscopy_adjudication;not_CTC_ground_truth;not_completed_real_audit_positive_evidence;not_materials_or_DFT_evidence
CTC-PHASE81-0355,Fluo-N2DL-HeLa,2,39,40,Fluo-N2DL-HeLa/02/t039,39,758,332,5,5,Fluo-N2DL-HeLa/02/t040,40,758,332,5,5,release_audit,same_cell_supported,high,0.991311,"image-template, local-crop and geometry evidence support adjacent-frame same-cell link",phase91_ctc_image_template_segmentation_surrogate_v1,phase91_ctc_image_template_segmentation_surrogate_v1,same_cell_supported,high,"model-surrogate replacement label; not external human evidence; image-template, local-crop and geometry evidence support adjacent-frame same-cell link",model_surrogate_not_human,ctc_strong_model_annotation;image_template_segmentation_surrogate;model_surrogate_labels_only;replaces_manual_review_operationally_not_evidentially;not_external_human_audit;not_expert_microscopy_adjudication;not_CTC_ground_truth;not_completed_real_audit_positive_evidence;not_materials_or_DFT_evidence
CTC-PHASE81-0356,Fluo-N2DL-HeLa,2,53,54,Fluo-N2DL-HeLa/02/t053,53,556,206,5,5,Fluo-N2DL-HeLa/02/t054,54,556,206,5,5,release_audit,same_cell_supported,high,0.957777,"image-template, local-crop and geometry evidence support adjacent-frame same-cell link",phase91_ctc_image_template_segmentation_surrogate_v1,phase91_ctc_image_template_segmentation_surrogate_v1,same_cell_supported,high,"model-surrogate replacement label; not external human evidence; image-template, local-crop and geometry evidence support adjacent-frame same-cell link",model_surrogate_not_human,ctc_strong_model_annotation;image_template_segmentation_surrogate;model_surrogate_labels_only;replaces_manual_review_operationally_not_evidentially;not_external_human_audit;not_expert_microscopy_adjudication;not_CTC_ground_truth;not_completed_real_audit_positive_evidence;not_materials_or_DFT_evidence
CTC-PHASE81-0358,Fluo-N2DL-HeLa,2,35,36,Fluo-N2DL-HeLa/02/t035,35,685,121,5,5,Fluo-N2DL-HeLa/02/t036,36,685,121,5,5,release_audit,same_cell_supported,high,0.909245,"image-template, local-crop and geometry evidence support adjacent-frame same-cell link",phase91_ctc_image_template_segmentation_surrogate_v1,phase91_ctc_image_template_segmentation_surrogate_v1,same_cell_supported,high,"model-surrogate replacement label; not external human evidence; image-template, local-crop and geometry evidence support adjacent-frame same-cell link",model_surrogate_not_human,ctc_strong_model_annotation;image_template_segmentation_surrogate;model_surrogate_labels_only;replaces_manual_review_operationally_not_evidentially;not_external_human_audit;not_expert_microscopy_adjudication;not_CTC_ground_truth;not_completed_real_audit_positive_evidence;not_materials_or_DFT_evidence
CTC-PHASE81-0359,Fluo-N2DL-HeLa,2,25,26,Fluo-N2DL-HeLa/02/t025,25,495,402,5,5,Fluo-N2DL-HeLa/02/t026,26,495,402,5,5,release_audit,same_cell_supported,high,0.94871,"image-template, local-crop and geometry evidence support adjacent-frame same-cell link",phase91_ctc_image_template_segmentation_surrogate_v1,phase91_ctc_image_template_segmentation_surrogate_v1,same_cell_supported,high,"model-surrogate replacement label; not external human evidence; image-template, local-crop and geometry evidence support adjacent-frame same-cell link",model_surrogate_not_human,ctc_strong_model_annotation;image_template_segmentation_surrogate;model_surrogate_labels_only;replaces_manual_review_operationally_not_evidentially;not_external_human_audit;not_expert_microscopy_adjudication;not_CTC_ground_truth;not_completed_real_audit_positive_evidence;not_materials_or_DFT_evidence
CTC-PHASE81-0362,PhC-C2DH-U373,2,45,46,PhC-C2DH-U373/02/t045,45,66,462,5,5,PhC-C2DH-U373/02/t046,46,64,462,5,5,release_audit,same_cell_supported,high,0.855597,"image-template, local-crop and geometry evidence support adjacent-frame same-cell link",phase91_ctc_image_template_segmentation_surrogate_v1,phase91_ctc_image_template_segmentation_surrogate_v1,same_cell_supported,high,"model-surrogate replacement label; not external human evidence; image-template, local-crop and geometry evidence support adjacent-frame same-cell link",model_surrogate_not_human,ctc_strong_model_annotation;image_template_segmentation_surrogate;model_surrogate_labels_only;replaces_manual_review_operationally_not_evidentially;not_external_human_audit;not_expert_microscopy_adjudication;not_CTC_ground_truth;not_completed_real_audit_positive_evidence;not_materials_or_DFT_evidence
CTC-PHASE81-0364,Fluo-N2DL-HeLa,2,32,33,Fluo-N2DL-HeLa/02/t032,32,436,203,5,5,Fluo-N2DL-HeLa/02/t033,33,436,203,5,5,release_audit,same_cell_supported,high,0.915653,"image-template, local-crop and geometry evidence support adjacent-frame same-cell link",phase91_ctc_image_template_segmentation_surrogate_v1,phase91_ctc_image_template_segmentation_surrogate_v1,same_cell_supported,high,"model-surrogate replacement label; not external human evidence; image-template, local-crop and geometry evidence support adjacent-frame same-cell link",model_surrogate_not_human,ctc_strong_model_annotation;image_template_segmentation_surrogate;model_surrogate_labels_only;replaces_manual_review_operationally_not_evidentially;not_external_human_audit;not_expert_microscopy_adjudication;not_CTC_ground_truth;not_completed_real_audit_positive_evidence;not_materials_or_DFT_evidence
CTC-PHASE81-0366,Fluo-N2DL-HeLa,2,18,19,Fluo-N2DL-HeLa/02/t018,18,417,531,5,5,Fluo-N2DL-HeLa/02/t019,19,417,531,5,5,release_audit,same_cell_supported,high,0.926941,"image-template, local-crop and geometry evidence support adjacent-frame same-cell link",phase91_ctc_image_template_segmentation_surrogate_v1,phase91_ctc_image_template_segmentation_surrogate_v1,same_cell_supported,high,"model-surrogate replacement label; not external human evidence; image-template, local-crop and geometry evidence support adjacent-frame same-cell link",model_surrogate_not_human,ctc_strong_model_annotation;image_template_segmentation_surrogate;model_surrogate_labels_only;replaces_manual_review_operationally_not_evidentially;not_external_human_audit;not_expert_microscopy_adjudication;not_CTC_ground_truth;not_completed_real_audit_positive_evidence;not_materials_or_DFT_evidence
CTC-PHASE81-0367,Fluo-N2DL-HeLa,2,19,20,Fluo-N2DL-HeLa/02/t019,19,491,124,5,5,Fluo-N2DL-HeLa/02/t020,20,491,124,5,5,release_audit,same_cell_supported,high,0.972195,"image-template, local-crop and geometry evidence support adjacent-frame same-cell link",phase91_ctc_image_template_segmentation_surrogate_v1,phase91_ctc_image_template_segmentation_surrogate_v1,same_cell_supported,high,"model-surrogate replacement label; not external human evidence; image-template, local-crop and geometry evidence support adjacent-frame same-cell link",model_surrogate_not_human,ctc_strong_model_annotation;image_template_segmentation_surrogate;model_surrogate_labels_only;replaces_manual_review_operationally_not_evidentially;not_external_human_audit;not_expert_microscopy_adjudication;not_CTC_ground_truth;not_completed_real_audit_positive_evidence;not_materials_or_DFT_evidence
CTC-PHASE81-0368,Fluo-N2DL-HeLa,2,32,33,Fluo-N2DL-HeLa/02/t032,32,460,546,5,5,Fluo-N2DL-HeLa/02/t033,33,460,546,5,5,release_audit,same_cell_supported,high,0.945834,"image-template, local-crop and geometry evidence support adjacent-frame same-cell link",phase91_ctc_image_template_segmentation_surrogate_v1,phase91_ctc_image_template_segmentation_surrogate_v1,same_cell_supported,high,"model-surrogate replacement label; not external human evidence; image-template, local-crop and geometry evidence support adjacent-frame same-cell link",model_surrogate_not_human,ctc_strong_model_annotation;image_template_segmentation_surrogate;model_surrogate_labels_only;replaces_manual_review_operationally_not_evidentially;not_external_human_audit;not_expert_microscopy_adjudication;not_CTC_ground_truth;not_completed_real_audit_positive_evidence;not_materials_or_DFT_evidence
CTC-PHASE81-0370,Fluo-N2DL-HeLa,2,10,11,Fluo-N2DL-HeLa/02/t010,10,783,658,5,5,Fluo-N2DL-HeLa/02/t011,11,783,658,5,5,release_audit,same_cell_supported,high,0.944816,"image-template, local-crop and geometry evidence support adjacent-frame same-cell link",phase91_ctc_image_template_segmentation_surrogate_v1,phase91_ctc_image_template_segmentation_surrogate_v1,same_cell_supported,high,"model-surrogate replacement label; not external human evidence; image-template, local-crop and geometry evidence support adjacent-frame same-cell link",model_surrogate_not_human,ctc_strong_model_annotation;image_template_segmentation_surrogate;model_surrogate_labels_only;replaces_manual_review_operationally_not_evidentially;not_external_human_audit;not_expert_microscopy_adjudication;not_CTC_ground_truth;not_completed_real_audit_positive_evidence;not_materials_or_DFT_evidence
CTC-PHASE81-0374,Fluo-N2DL-HeLa,2,19,20,Fluo-N2DL-HeLa/02/t019,19,740,629,5,5,Fluo-N2DL-HeLa/02/t020,20,740,629,5,5,release_audit,same_cell_supported,high,0.864989,"image-template, local-crop and geometry evidence support adjacent-frame same-cell link",phase91_ctc_image_template_segmentation_surrogate_v1,phase91_ctc_image_template_segmentation_surrogate_v1,same_cell_supported,high,"model-surrogate replacement label; not external human evidence; image-template, local-crop and geometry evidence support adjacent-frame same-cell link",model_surrogate_not_human,ctc_strong_model_annotation;image_template_segmentation_surrogate;model_surrogate_labels_only;replaces_manual_review_operationally_not_evidentially;not_external_human_audit;not_expert_microscopy_adjudication;not_CTC_ground_truth;not_completed_real_audit_positive_evidence;not_materials_or_DFT_evidence
CTC-PHASE81-0376,Fluo-N2DL-HeLa,2,36,37,Fluo-N2DL-HeLa/02/t036,36,613,332,5,5,Fluo-N2DL-HeLa/02/t037,37,613,332,5,5,release_audit,same_cell_supported,high,0.952158,"image-template, local-crop and geometry evidence support adjacent-frame same-cell link",phase91_ctc_image_template_segmentation_surrogate_v1,phase91_ctc_image_template_segmentation_surrogate_v1,same_cell_supported,high,"model-surrogate replacement label; not external human evidence; image-template, local-crop and geometry evidence support adjacent-frame same-cell link",model_surrogate_not_human,ctc_strong_model_annotation;image_template_segmentation_surrogate;model_surrogate_labels_only;replaces_manual_review_operationally_not_evidentially;not_external_human_audit;not_expert_microscopy_adjudication;not_CTC_ground_truth;not_completed_real_audit_positive_evidence;not_materials_or_DFT_evidence
CTC-PHASE81-0384,Fluo-N2DL-HeLa,2,28,29,Fluo-N2DL-HeLa/02/t028,28,754,94,5,5,Fluo-N2DL-HeLa/02/t029,29,754,94,5,5,release_audit,same_cell_supported,high,0.939956,"image-template, local-crop and geometry evidence support adjacent-frame same-cell link",phase91_ctc_image_template_segmentation_surrogate_v1,phase91_ctc_image_template_segmentation_surrogate_v1,same_cell_supported,high,"model-surrogate replacement label; not external human evidence; image-template, local-crop and geometry evidence support adjacent-frame same-cell link",model_surrogate_not_human,ctc_strong_model_annotation;image_template_segmentation_surrogate;model_surrogate_labels_only;replaces_manual_review_operationally_not_evidentially;not_external_human_audit;not_expert_microscopy_adjudication;not_CTC_ground_truth;not_completed_real_audit_positive_evidence;not_materials_or_DFT_evidence
CTC-PHASE81-0385,Fluo-N2DL-HeLa,2,15,16,Fluo-N2DL-HeLa/02/t015,15,455,358,5,5,Fluo-N2DL-HeLa/02/t016,16,455,358,5,5,release_audit,same_cell_supported,high,0.864737,"image-template, local-crop and geometry evidence support adjacent-frame same-cell link",phase91_ctc_image_template_segmentation_surrogate_v1,phase91_ctc_image_template_segmentation_surrogate_v1,same_cell_supported,high,"model-surrogate replacement label; not external human evidence; image-template, local-crop and geometry evidence support adjacent-frame same-cell link",model_surrogate_not_human,ctc_strong_model_annotation;image_template_segmentation_surrogate;model_surrogate_labels_only;replaces_manual_review_operationally_not_evidentially;not_external_human_audit;not_expert_microscopy_adjudication;not_CTC_ground_truth;not_completed_real_audit_positive_evidence;not_materials_or_DFT_evidence
CTC-PHASE81-0386,Fluo-N2DL-HeLa,2,33,34,Fluo-N2DL-HeLa/02/t033,33,721,328,5,5,Fluo-N2DL-HeLa/02/t034,34,721,328,5,5,release_audit,same_cell_supported,high,0.968156,"image-template, local-crop and geometry evidence support adjacent-frame same-cell link",phase91_ctc_image_template_segmentation_surrogate_v1,phase91_ctc_image_template_segmentation_surrogate_v1,same_cell_supported,high,"model-surrogate replacement label; not external human evidence; image-template, local-crop and geometry evidence support adjacent-frame same-cell link",model_surrogate_not_human,ctc_strong_model_annotation;image_template_segmentation_surrogate;model_surrogate_labels_only;replaces_manual_review_operationally_not_evidentially;not_external_human_audit;not_expert_microscopy_adjudication;not_CTC_ground_truth;not_completed_real_audit_positive_evidence;not_materials_or_DFT_evidence
CTC-PHASE81-0390,Fluo-N2DL-HeLa,2,20,21,Fluo-N2DL-HeLa/02/t020,20,612,669,5,5,Fluo-N2DL-HeLa/02/t021,21,612,669,5,5,release_audit,same_cell_supported,high,0.941399,"image-template, local-crop and geometry evidence support adjacent-frame same-cell link",phase91_ctc_image_template_segmentation_surrogate_v1,phase91_ctc_image_template_segmentation_surrogate_v1,same_cell_supported,high,"model-surrogate replacement label; not external human evidence; image-template, local-crop and geometry evidence support adjacent-frame same-cell link",model_surrogate_not_human,ctc_strong_model_annotation;image_template_segmentation_surrogate;model_surrogate_labels_only;replaces_manual_review_operationally_not_evidentially;not_external_human_audit;not_expert_microscopy_adjudication;not_CTC_ground_truth;not_completed_real_audit_positive_evidence;not_materials_or_DFT_evidence
CTC-PHASE81-0393,Fluo-N2DL-HeLa,2,27,28,Fluo-N2DL-HeLa/02/t027,27,442,205,5,5,Fluo-N2DL-HeLa/02/t028,28,442,205,5,5,release_audit,same_cell_supported,high,0.928064,"image-template, local-crop and geometry evidence support adjacent-frame same-cell link",phase91_ctc_image_template_segmentation_surrogate_v1,phase91_ctc_image_template_segmentation_surrogate_v1,same_cell_supported,high,"model-surrogate replacement label; not external human evidence; image-template, local-crop and geometry evidence support adjacent-frame same-cell link",model_surrogate_not_human,ctc_strong_model_annotation;image_template_segmentation_surrogate;model_surrogate_labels_only;replaces_manual_review_operationally_not_evidentially;not_external_human_audit;not_expert_microscopy_adjudication;not_CTC_ground_truth;not_completed_real_audit_positive_evidence;not_materials_or_DFT_evidence
CTC-PHASE81-0398,Fluo-N2DL-HeLa,2,13,14,Fluo-N2DL-HeLa/02/t013,13,762,59,5,5,Fluo-N2DL-HeLa/02/t014,14,762,59,5,5,release_audit,same_cell_supported,high,0.996222,"image-template, local-crop and geometry evidence support adjacent-frame same-cell link",phase91_ctc_image_template_segmentation_surrogate_v1,phase91_ctc_image_template_segmentation_surrogate_v1,same_cell_supported,high,"model-surrogate replacement label; not external human evidence; image-template, local-crop and geometry evidence support adjacent-frame same-cell link",model_surrogate_not_human,ctc_strong_model_annotation;image_template_segmentation_surrogate;model_surrogate_labels_only;replaces_manual_review_operationally_not_evidentially;not_external_human_audit;not_expert_microscopy_adjudication;not_CTC_ground_truth;not_completed_real_audit_positive_evidence;not_materials_or_DFT_evidence
CTC-PHASE81-0400,Fluo-N2DL-HeLa,2,53,54,Fluo-N2DL-HeLa/02/t053,53,966,667,5,5,Fluo-N2DL-HeLa/02/t054,54,966,667,5,5,release_audit,same_cell_supported,high,0.998825,"image-template, local-crop and geometry evidence support adjacent-frame same-cell link",phase91_ctc_image_template_segmentation_surrogate_v1,phase91_ctc_image_template_segmentation_surrogate_v1,same_cell_supported,high,"model-surrogate replacement label; not external human evidence; image-template, local-crop and geometry evidence support adjacent-frame same-cell link",model_surrogate_not_human,ctc_strong_model_annotation;image_template_segmentation_surrogate;model_surrogate_labels_only;replaces_manual_review_operationally_not_evidentially;not_external_human_audit;not_expert_microscopy_adjudication;not_CTC_ground_truth;not_completed_real_audit_positive_evidence;not_materials_or_DFT_evidence
CTC-PHASE81-0403,Fluo-N2DL-HeLa,2,37,38,Fluo-N2DL-HeLa/02/t037,37,546,200,5,5,Fluo-N2DL-HeLa/02/t038,38,546,200,5,5,release_audit,same_cell_supported,high,0.974128,"image-template, local-crop and geometry evidence support adjacent-frame same-cell link",phase91_ctc_image_template_segmentation_surrogate_v1,phase91_ctc_image_template_segmentation_surrogate_v1,same_cell_supported,high,"model-surrogate replacement label; not external human evidence; image-template, local-crop and geometry evidence support adjacent-frame same-cell link",model_surrogate_not_human,ctc_strong_model_annotation;image_template_segmentation_surrogate;model_surrogate_labels_only;replaces_manual_review_operationally_not_evidentially;not_external_human_audit;not_expert_microscopy_adjudication;not_CTC_ground_truth;not_completed_real_audit_positive_evidence;not_materials_or_DFT_evidence
CTC-PHASE81-0405,Fluo-N2DL-HeLa,2,13,14,Fluo-N2DL-HeLa/02/t013,13,610,595,3,3,Fluo-N2DL-HeLa/02/t014,14,610,595,3,4,release_audit,uncertain,medium,0.730552,mixed image-template and geometry evidence; route to human adjudication if used evidentially,phase91_ctc_image_template_segmentation_surrogate_v1,phase91_ctc_image_template_segmentation_surrogate_v1,uncertain,medium,model-surrogate replacement label; not external human evidence; mixed image-template and geometry evidence; route to human adjudication if used evidentially,model_surrogate_not_human,ctc_strong_model_annotation;image_template_segmentation_surrogate;model_surrogate_labels_only;replaces_manual_review_operationally_not_evidentially;not_external_human_audit;not_expert_microscopy_adjudication;not_CTC_ground_truth;not_completed_real_audit_positive_evidence;not_materials_or_DFT_evidence
CTC-PHASE81-0407,Fluo-N2DL-HeLa,2,6,7,Fluo-N2DL-HeLa/02/t006,6,718,447,5,5,Fluo-N2DL-HeLa/02/t007,7,718,447,5,5,release_audit,same_cell_supported,high,0.965297,"image-template, local-crop and geometry evidence support adjacent-frame same-cell link",phase91_ctc_image_template_segmentation_surrogate_v1,phase91_ctc_image_template_segmentation_surrogate_v1,same_cell_supported,high,"model-surrogate replacement label; not external human evidence; image-template, local-crop and geometry evidence support adjacent-frame same-cell link",model_surrogate_not_human,ctc_strong_model_annotation;image_template_segmentation_surrogate;model_surrogate_labels_only;replaces_manual_review_operationally_not_evidentially;not_external_human_audit;not_expert_microscopy_adjudication;not_CTC_ground_truth;not_completed_real_audit_positive_evidence;not_materials_or_DFT_evidence
CTC-PHASE81-0409,Fluo-N2DL-HeLa,2,13,14,Fluo-N2DL-HeLa/02/t013,13,631,81,5,5,Fluo-N2DL-HeLa/02/t014,14,631,81,5,5,release_audit,same_cell_supported,high,0.917328,"image-template, local-crop and geometry evidence support adjacent-frame same-cell link",phase91_ctc_image_template_segmentation_surrogate_v1,phase91_ctc_image_template_segmentation_surrogate_v1,same_cell_supported,high,"model-surrogate replacement label; not external human evidence; image-template, local-crop and geometry evidence support adjacent-frame same-cell link",model_surrogate_not_human,ctc_strong_model_annotation;image_template_segmentation_surrogate;model_surrogate_labels_only;replaces_manual_review_operationally_not_evidentially;not_external_human_audit;not_expert_microscopy_adjudication;not_CTC_ground_truth;not_completed_real_audit_positive_evidence;not_materials_or_DFT_evidence
CTC-PHASE81-0413,Fluo-N2DL-HeLa,2,2,3,Fluo-N2DL-HeLa/02/t002,2,405,362,5,5,Fluo-N2DL-HeLa/02/t003,3,405,362,5,5,release_audit,same_cell_supported,high,0.841608,"image-template, local-crop and geometry evidence support adjacent-frame same-cell link",phase91_ctc_image_template_segmentation_surrogate_v1,phase91_ctc_image_template_segmentation_surrogate_v1,same_cell_supported,high,"model-surrogate replacement label; not external human evidence; image-template, local-crop and geometry evidence support adjacent-frame same-cell link",model_surrogate_not_human,ctc_strong_model_annotation;image_template_segmentation_surrogate;model_surrogate_labels_only;replaces_manual_review_operationally_not_evidentially;not_external_human_audit;not_expert_microscopy_adjudication;not_CTC_ground_truth;not_completed_real_audit_positive_evidence;not_materials_or_DFT_evidence
CTC-PHASE81-0415,Fluo-N2DL-HeLa,2,21,22,Fluo-N2DL-HeLa/02/t021,21,725,30,5,5,Fluo-N2DL-HeLa/02/t022,22,725,30,5,5,release_audit,same_cell_supported,medium,0.822377,"image-template, local-crop and geometry evidence support adjacent-frame same-cell link",phase91_ctc_image_template_segmentation_surrogate_v1,phase91_ctc_image_template_segmentation_surrogate_v1,same_cell_supported,medium,"model-surrogate replacement label; not external human evidence; image-template, local-crop and geometry evidence support adjacent-frame same-cell link",model_surrogate_not_human,ctc_strong_model_annotation;image_template_segmentation_surrogate;model_surrogate_labels_only;replaces_manual_review_operationally_not_evidentially;not_external_human_audit;not_expert_microscopy_adjudication;not_CTC_ground_truth;not_completed_real_audit_positive_evidence;not_materials_or_DFT_evidence
CTC-PHASE81-0416,Fluo-N2DL-HeLa,2,5,6,Fluo-N2DL-HeLa/02/t005,5,916,289,5,5,Fluo-N2DL-HeLa/02/t006,6,916,289,5,5,release_audit,same_cell_supported,high,0.990282,"image-template, local-crop and geometry evidence support adjacent-frame same-cell link",phase91_ctc_image_template_segmentation_surrogate_v1,phase91_ctc_image_template_segmentation_surrogate_v1,same_cell_supported,high,"model-surrogate replacement label; not external human evidence; image-template, local-crop and geometry evidence support adjacent-frame same-cell link",model_surrogate_not_human,ctc_strong_model_annotation;image_template_segmentation_surrogate;model_surrogate_labels_only;replaces_manual_review_operationally_not_evidentially;not_external_human_audit;not_expert_microscopy_adjudication;not_CTC_ground_truth;not_completed_real_audit_positive_evidence;not_materials_or_DFT_evidence
CTC-PHASE81-0417,Fluo-N2DL-HeLa,2,28,29,Fluo-N2DL-HeLa/02/t028,28,686,121,5,5,Fluo-N2DL-HeLa/02/t029,29,686,121,5,5,release_audit,same_cell_supported,high,0.955357,"image-template, local-crop and geometry evidence support adjacent-frame same-cell link",phase91_ctc_image_template_segmentation_surrogate_v1,phase91_ctc_image_template_segmentation_surrogate_v1,same_cell_supported,high,"model-surrogate replacement label; not external human evidence; image-template, local-crop and geometry evidence support adjacent-frame same-cell link",model_surrogate_not_human,ctc_strong_model_annotation;image_template_segmentation_surrogate;model_surrogate_labels_only;replaces_manual_review_operationally_not_evidentially;not_external_human_audit;not_expert_microscopy_adjudication;not_CTC_ground_truth;not_completed_real_audit_positive_evidence;not_materials_or_DFT_evidence
CTC-PHASE81-0421,Fluo-N2DL-HeLa,2,38,39,Fluo-N2DL-HeLa/02/t038,38,615,269,5,5,Fluo-N2DL-HeLa/02/t039,39,615,269,5,5,release_audit,same_cell_supported,high,0.914776,"image-template, local-crop and geometry evidence support adjacent-frame same-cell link",phase91_ctc_image_template_segmentation_surrogate_v1,phase91_ctc_image_template_segmentation_surrogate_v1,same_cell_supported,high,"model-surrogate replacement label; not external human evidence; image-template, local-crop and geometry evidence support adjacent-frame same-cell link",model_surrogate_not_human,ctc_strong_model_annotation;image_template_segmentation_surrogate;model_surrogate_labels_only;replaces_manual_review_operationally_not_evidentially;not_external_human_audit;not_expert_microscopy_adjudication;not_CTC_ground_truth;not_completed_real_audit_positive_evidence;not_materials_or_DFT_evidence
CTC-PHASE81-0422,Fluo-N2DL-HeLa,2,9,10,Fluo-N2DL-HeLa/02/t009,9,575,283,5,5,Fluo-N2DL-HeLa/02/t010,10,575,283,5,5,release_audit,same_cell_supported,high,0.912363,"image-template, local-crop and geometry evidence support adjacent-frame same-cell link",phase91_ctc_image_template_segmentation_surrogate_v1,phase91_ctc_image_template_segmentation_surrogate_v1,same_cell_supported,high,"model-surrogate replacement label; not external human evidence; image-template, local-crop and geometry evidence support adjacent-frame same-cell link",model_surrogate_not_human,ctc_strong_model_annotation;image_template_segmentation_surrogate;model_surrogate_labels_only;replaces_manual_review_operationally_not_evidentially;not_external_human_audit;not_expert_microscopy_adjudication;not_CTC_ground_truth;not_completed_real_audit_positive_evidence;not_materials_or_DFT_evidence
CTC-PHASE81-0424,Fluo-N2DL-HeLa,2,10,11,Fluo-N2DL-HeLa/02/t010,10,580,386,5,5,Fluo-N2DL-HeLa/02/t011,11,580,386,5,5,release_audit,same_cell_supported,high,0.953445,"image-template, local-crop and geometry evidence support adjacent-frame same-cell link",phase91_ctc_image_template_segmentation_surrogate_v1,phase91_ctc_image_template_segmentation_surrogate_v1,same_cell_supported,high,"model-surrogate replacement label; not external human evidence; image-template, local-crop and geometry evidence support adjacent-frame same-cell link",model_surrogate_not_human,ctc_strong_model_annotation;image_template_segmentation_surrogate;model_surrogate_labels_only;replaces_manual_review_operationally_not_evidentially;not_external_human_audit;not_expert_microscopy_adjudication;not_CTC_ground_truth;not_completed_real_audit_positive_evidence;not_materials_or_DFT_evidence
CTC-PHASE81-0427,Fluo-N2DL-HeLa,2,29,30,Fluo-N2DL-HeLa/02/t029,29,445,370,5,5,Fluo-N2DL-HeLa/02/t030,30,445,370,5,5,release_audit,same_cell_supported,high,0.949013,"image-template, local-crop and geometry evidence support adjacent-frame same-cell link",phase91_ctc_image_template_segmentation_surrogate_v1,phase91_ctc_image_template_segmentation_surrogate_v1,same_cell_supported,high,"model-surrogate replacement label; not external human evidence; image-template, local-crop and geometry evidence support adjacent-frame same-cell link",model_surrogate_not_human,ctc_strong_model_annotation;image_template_segmentation_surrogate;model_surrogate_labels_only;replaces_manual_review_operationally_not_evidentially;not_external_human_audit;not_expert_microscopy_adjudication;not_CTC_ground_truth;not_completed_real_audit_positive_evidence;not_materials_or_DFT_evidence
CTC-PHASE81-0428,PhC-C2DH-U373,2,97,98,PhC-C2DH-U373/02/t097,97,584,175,9,9,PhC-C2DH-U373/02/t098,98,584,175,9,9,release_audit,same_cell_supported,high,0.949966,"image-template, local-crop and geometry evidence support adjacent-frame same-cell link",phase91_ctc_image_template_segmentation_surrogate_v1,phase91_ctc_image_template_segmentation_surrogate_v1,same_cell_supported,high,"model-surrogate replacement label; not external human evidence; image-template, local-crop and geometry evidence support adjacent-frame same-cell link",model_surrogate_not_human,ctc_strong_model_annotation;image_template_segmentation_surrogate;model_surrogate_labels_only;replaces_manual_review_operationally_not_evidentially;not_external_human_audit;not_expert_microscopy_adjudication;not_CTC_ground_truth;not_completed_real_audit_positive_evidence;not_materials_or_DFT_evidence
CTC-PHASE81-0430,Fluo-N2DL-HeLa,2,29,30,Fluo-N2DL-HeLa/02/t029,29,768,59,5,5,Fluo-N2DL-HeLa/02/t030,30,768,59,5,5,release_audit,same_cell_supported,high,0.971844,"image-template, local-crop and geometry evidence support adjacent-frame same-cell link",phase91_ctc_image_template_segmentation_surrogate_v1,phase91_ctc_image_template_segmentation_surrogate_v1,same_cell_supported,high,"model-surrogate replacement label; not external human evidence; image-template, local-crop and geometry evidence support adjacent-frame same-cell link",model_surrogate_not_human,ctc_strong_model_annotation;image_template_segmentation_surrogate;model_surrogate_labels_only;replaces_manual_review_operationally_not_evidentially;not_external_human_audit;not_expert_microscopy_adjudication;not_CTC_ground_truth;not_completed_real_audit_positive_evidence;not_materials_or_DFT_evidence
CTC-PHASE81-0431,Fluo-N2DL-HeLa,2,32,33,Fluo-N2DL-HeLa/02/t032,32,508,668,5,5,Fluo-N2DL-HeLa/02/t033,33,508,668,5,5,release_audit,same_cell_supported,high,0.930572,"image-template, local-crop and geometry evidence support adjacent-frame same-cell link",phase91_ctc_image_template_segmentation_surrogate_v1,phase91_ctc_image_template_segmentation_surrogate_v1,same_cell_supported,high,"model-surrogate replacement label; not external human evidence; image-template, local-crop and geometry evidence support adjacent-frame same-cell link",model_surrogate_not_human,ctc_strong_model_annotation;image_template_segmentation_surrogate;model_surrogate_labels_only;replaces_manual_review_operationally_not_evidentially;not_external_human_audit;not_expert_microscopy_adjudication;not_CTC_ground_truth;not_completed_real_audit_positive_evidence;not_materials_or_DFT_evidence
CTC-PHASE81-0434,Fluo-N2DL-HeLa,2,16,17,Fluo-N2DL-HeLa/02/t016,16,761,59,5,5,Fluo-N2DL-HeLa/02/t017,17,761,59,5,5,release_audit,same_cell_supported,high,0.968484,"image-template, local-crop and geometry evidence support adjacent-frame same-cell link",phase91_ctc_image_template_segmentation_surrogate_v1,phase91_ctc_image_template_segmentation_surrogate_v1,same_cell_supported,high,"model-surrogate replacement label; not external human evidence; image-template, local-crop and geometry evidence support adjacent-frame same-cell link",model_surrogate_not_human,ctc_strong_model_annotation;image_template_segmentation_surrogate;model_surrogate_labels_only;replaces_manual_review_operationally_not_evidentially;not_external_human_audit;not_expert_microscopy_adjudication;not_CTC_ground_truth;not_completed_real_audit_positive_evidence;not_materials_or_DFT_evidence
CTC-PHASE81-0437,Fluo-N2DL-HeLa,2,0,1,Fluo-N2DL-HeLa/02/t000,0,430,604,5,5,Fluo-N2DL-HeLa/02/t001,1,430,604,5,5,release_audit,same_cell_supported,high,0.901854,"image-template, local-crop and geometry evidence support adjacent-frame same-cell link",phase91_ctc_image_template_segmentation_surrogate_v1,phase91_ctc_image_template_segmentation_surrogate_v1,same_cell_supported,high,"model-surrogate replacement label; not external human evidence; image-template, local-crop and geometry evidence support adjacent-frame same-cell link",model_surrogate_not_human,ctc_strong_model_annotation;image_template_segmentation_surrogate;model_surrogate_labels_only;replaces_manual_review_operationally_not_evidentially;not_external_human_audit;not_expert_microscopy_adjudication;not_CTC_ground_truth;not_completed_real_audit_positive_evidence;not_materials_or_DFT_evidence
CTC-PHASE81-0440,Fluo-N2DL-HeLa,2,53,54,Fluo-N2DL-HeLa/02/t053,53,683,121,5,5,Fluo-N2DL-HeLa/02/t054,54,683,121,5,5,release_audit,same_cell_supported,high,0.963628,"image-template, local-crop and geometry evidence support adjacent-frame same-cell link",phase91_ctc_image_template_segmentation_surrogate_v1,phase91_ctc_image_template_segmentation_surrogate_v1,same_cell_supported,high,"model-surrogate replacement label; not external human evidence; image-template, local-crop and geometry evidence support adjacent-frame same-cell link",model_surrogate_not_human,ctc_strong_model_annotation;image_template_segmentation_surrogate;model_surrogate_labels_only;replaces_manual_review_operationally_not_evidentially;not_external_human_audit;not_expert_microscopy_adjudication;not_CTC_ground_truth;not_completed_real_audit_positive_evidence;not_materials_or_DFT_evidence
CTC-PHASE81-0442,Fluo-N2DL-HeLa,2,6,7,Fluo-N2DL-HeLa/02/t006,6,665,182,5,5,Fluo-N2DL-HeLa/02/t007,7,665,182,5,5,release_audit,same_cell_supported,high,0.909824,"image-template, local-crop and geometry evidence support adjacent-frame same-cell link",phase91_ctc_image_template_segmentation_surrogate_v1,phase91_ctc_image_template_segmentation_surrogate_v1,same_cell_supported,high,"model-surrogate replacement label; not external human evidence; image-template, local-crop and geometry evidence support adjacent-frame same-cell link",model_surrogate_not_human,ctc_strong_model_annotation;image_template_segmentation_surrogate;model_surrogate_labels_only;replaces_manual_review_operationally_not_evidentially;not_external_human_audit;not_expert_microscopy_adjudication;not_CTC_ground_truth;not_completed_real_audit_positive_evidence;not_materials_or_DFT_evidence
CTC-PHASE81-0446,Fluo-N2DL-HeLa,2,36,37,Fluo-N2DL-HeLa/02/t036,36,368,525,5,5,Fluo-N2DL-HeLa/02/t037,37,368,525,5,5,release_audit,same_cell_supported,high,0.929082,"image-template, local-crop and geometry evidence support adjacent-frame same-cell link",phase91_ctc_image_template_segmentation_surrogate_v1,phase91_ctc_image_template_segmentation_surrogate_v1,same_cell_supported,high,"model-surrogate replacement label; not external human evidence; image-template, local-crop and geometry evidence support adjacent-frame same-cell link",model_surrogate_not_human,ctc_strong_model_annotation;image_template_segmentation_surrogate;model_surrogate_labels_only;replaces_manual_review_operationally_not_evidentially;not_external_human_audit;not_expert_microscopy_adjudication;not_CTC_ground_truth;not_completed_real_audit_positive_evidence;not_materials_or_DFT_evidence
CTC-PHASE81-0449,Fluo-N2DL-HeLa,2,43,44,Fluo-N2DL-HeLa/02/t043,43,554,199,5,5,Fluo-N2DL-HeLa/02/t044,44,554,199,5,5,release_audit,same_cell_supported,high,0.959166,"image-template, local-crop and geometry evidence support adjacent-frame same-cell link",phase91_ctc_image_template_segmentation_surrogate_v1,phase91_ctc_image_template_segmentation_surrogate_v1,same_cell_supported,high,"model-surrogate replacement label; not external human evidence; image-template, local-crop and geometry evidence support adjacent-frame same-cell link",model_surrogate_not_human,ctc_strong_model_annotation;image_template_segmentation_surrogate;model_surrogate_labels_only;replaces_manual_review_operationally_not_evidentially;not_external_human_audit;not_expert_microscopy_adjudication;not_CTC_ground_truth;not_completed_real_audit_positive_evidence;not_materials_or_DFT_evidence
CTC-PHASE81-0450,Fluo-N2DL-HeLa,2,37,38,Fluo-N2DL-HeLa/02/t037,37,872,466,5,5,Fluo-N2DL-HeLa/02/t038,38,872,466,5,5,release_audit,same_cell_supported,high,0.990595,"image-template, local-crop and geometry evidence support adjacent-frame same-cell link",phase91_ctc_image_template_segmentation_surrogate_v1,phase91_ctc_image_template_segmentation_surrogate_v1,same_cell_supported,high,"model-surrogate replacement label; not external human evidence; image-template, local-crop and geometry evidence support adjacent-frame same-cell link",model_surrogate_not_human,ctc_strong_model_annotation;image_template_segmentation_surrogate;model_surrogate_labels_only;replaces_manual_review_operationally_not_evidentially;not_external_human_audit;not_expert_microscopy_adjudication;not_CTC_ground_truth;not_completed_real_audit_positive_evidence;not_materials_or_DFT_evidence
CTC-PHASE81-0451,Fluo-N2DL-HeLa,2,23,24,Fluo-N2DL-HeLa/02/t023,23,727,328,5,5,Fluo-N2DL-HeLa/02/t024,24,727,328,5,5,release_audit,same_cell_supported,high,0.989072,"image-template, local-crop and geometry evidence support adjacent-frame same-cell link",phase91_ctc_image_template_segmentation_surrogate_v1,phase91_ctc_image_template_segmentation_surrogate_v1,same_cell_supported,high,"model-surrogate replacement label; not external human evidence; image-template, local-crop and geometry evidence support adjacent-frame same-cell link",model_surrogate_not_human,ctc_strong_model_annotation;image_template_segmentation_surrogate;model_surrogate_labels_only;replaces_manual_review_operationally_not_evidentially;not_external_human_audit;not_expert_microscopy_adjudication;not_CTC_ground_truth;not_completed_real_audit_positive_evidence;not_materials_or_DFT_evidence
CTC-PHASE81-0452,Fluo-N2DL-HeLa,2,38,39,Fluo-N2DL-HeLa/02/t038,38,481,117,5,5,Fluo-N2DL-HeLa/02/t039,39,481,117,5,5,release_audit,same_cell_supported,high,0.965221,"image-template, local-crop and geometry evidence support adjacent-frame same-cell link",phase91_ctc_image_template_segmentation_surrogate_v1,phase91_ctc_image_template_segmentation_surrogate_v1,same_cell_supported,high,"model-surrogate replacement label; not external human evidence; image-template, local-crop and geometry evidence support adjacent-frame same-cell link",model_surrogate_not_human,ctc_strong_model_annotation;image_template_segmentation_surrogate;model_surrogate_labels_only;replaces_manual_review_operationally_not_evidentially;not_external_human_audit;not_expert_microscopy_adjudication;not_CTC_ground_truth;not_completed_real_audit_positive_evidence;not_materials_or_DFT_evidence
CTC-PHASE81-0453,Fluo-N2DL-HeLa,2,36,37,Fluo-N2DL-HeLa/02/t036,36,546,200,5,5,Fluo-N2DL-HeLa/02/t037,37,546,200,5,5,release_audit,same_cell_supported,high,0.944668,"image-template, local-crop and geometry evidence support adjacent-frame same-cell link",phase91_ctc_image_template_segmentation_surrogate_v1,phase91_ctc_image_template_segmentation_surrogate_v1,same_cell_supported,high,"model-surrogate replacement label; not external human evidence; image-template, local-crop and geometry evidence support adjacent-frame same-cell link",model_surrogate_not_human,ctc_strong_model_annotation;image_template_segmentation_surrogate;model_surrogate_labels_only;replaces_manual_review_operationally_not_evidentially;not_external_human_audit;not_expert_microscopy_adjudication;not_CTC_ground_truth;not_completed_real_audit_positive_evidence;not_materials_or_DFT_evidence
CTC-PHASE81-0454,Fluo-N2DL-HeLa,2,34,35,Fluo-N2DL-HeLa/02/t034,34,382,621,5,5,Fluo-N2DL-HeLa/02/t035,35,382,621,5,5,release_audit,same_cell_supported,high,0.863877,"image-template, local-crop and geometry evidence support adjacent-frame same-cell link",phase91_ctc_image_template_segmentation_surrogate_v1,phase91_ctc_image_template_segmentation_surrogate_v1,same_cell_supported,high,"model-surrogate replacement label; not external human evidence; image-template, local-crop and geometry evidence support adjacent-frame same-cell link",model_surrogate_not_human,ctc_strong_model_annotation;image_template_segmentation_surrogate;model_surrogate_labels_only;replaces_manual_review_operationally_not_evidentially;not_external_human_audit;not_expert_microscopy_adjudication;not_CTC_ground_truth;not_completed_real_audit_positive_evidence;not_materials_or_DFT_evidence
CTC-PHASE81-0455,Fluo-N2DL-HeLa,2,12,13,Fluo-N2DL-HeLa/02/t012,12,593,249,5,5,Fluo-N2DL-HeLa/02/t013,13,593,249,5,5,release_audit,same_cell_supported,medium,0.784633,"image-template, local-crop and geometry evidence support adjacent-frame same-cell link",phase91_ctc_image_template_segmentation_surrogate_v1,phase91_ctc_image_template_segmentation_surrogate_v1,same_cell_supported,medium,"model-surrogate replacement label; not external human evidence; image-template, local-crop and geometry evidence support adjacent-frame same-cell link",model_surrogate_not_human,ctc_strong_model_annotation;image_template_segmentation_surrogate;model_surrogate_labels_only;replaces_manual_review_operationally_not_evidentially;not_external_human_audit;not_expert_microscopy_adjudication;not_CTC_ground_truth;not_completed_real_audit_positive_evidence;not_materials_or_DFT_evidence
CTC-PHASE81-0456,Fluo-N2DL-HeLa,2,28,29,Fluo-N2DL-HeLa/02/t028,28,442,205,5,5,Fluo-N2DL-HeLa/02/t029,29,442,205,5,5,release_audit,same_cell_supported,high,0.864889,"image-template, local-crop and geometry evidence support adjacent-frame same-cell link",phase91_ctc_image_template_segmentation_surrogate_v1,phase91_ctc_image_template_segmentation_surrogate_v1,same_cell_supported,high,"model-surrogate replacement label; not external human evidence; image-template, local-crop and geometry evidence support adjacent-frame same-cell link",model_surrogate_not_human,ctc_strong_model_annotation;image_template_segmentation_surrogate;model_surrogate_labels_only;replaces_manual_review_operationally_not_evidentially;not_external_human_audit;not_expert_microscopy_adjudication;not_CTC_ground_truth;not_completed_real_audit_positive_evidence;not_materials_or_DFT_evidence
CTC-PHASE81-0462,Fluo-N2DL-HeLa,2,16,17,Fluo-N2DL-HeLa/02/t016,16,417,601,5,5,Fluo-N2DL-HeLa/02/t017,17,417,601,5,5,release_audit,same_cell_supported,high,0.940652,"image-template, local-crop and geometry evidence support adjacent-frame same-cell link",phase91_ctc_image_template_segmentation_surrogate_v1,phase91_ctc_image_template_segmentation_surrogate_v1,same_cell_supported,high,"model-surrogate replacement label; not external human evidence; image-template, local-crop and geometry evidence support adjacent-frame same-cell link",model_surrogate_not_human,ctc_strong_model_annotation;image_template_segmentation_surrogate;model_surrogate_labels_only;replaces_manual_review_operationally_not_evidentially;not_external_human_audit;not_expert_microscopy_adjudication;not_CTC_ground_truth;not_completed_real_audit_positive_evidence;not_materials_or_DFT_evidence
CTC-PHASE81-0471,Fluo-N2DL-HeLa,2,3,4,Fluo-N2DL-HeLa/02/t003,3,1043,521,5,5,Fluo-N2DL-HeLa/02/t004,4,1043,521,5,5,release_audit,same_cell_supported,high,0.94258,"image-template, local-crop and geometry evidence support adjacent-frame same-cell link",phase91_ctc_image_template_segmentation_surrogate_v1,phase91_ctc_image_template_segmentation_surrogate_v1,same_cell_supported,high,"model-surrogate replacement label; not external human evidence; image-template, local-crop and geometry evidence support adjacent-frame same-cell link",model_surrogate_not_human,ctc_strong_model_annotation;image_template_segmentation_surrogate;model_surrogate_labels_only;replaces_manual_review_operationally_not_evidentially;not_external_human_audit;not_expert_microscopy_adjudication;not_CTC_ground_truth;not_completed_real_audit_positive_evidence;not_materials_or_DFT_evidence
CTC-PHASE81-0472,PhC-C2DH-U373,2,105,106,PhC-C2DH-U373/02/t105,105,603,170,9,9,PhC-C2DH-U373/02/t106,106,603,170,9,9,release_audit,same_cell_supported,high,0.978066,"image-template, local-crop and geometry evidence support adjacent-frame same-cell link",phase91_ctc_image_template_segmentation_surrogate_v1,phase91_ctc_image_template_segmentation_surrogate_v1,same_cell_supported,high,"model-surrogate replacement label; not external human evidence; image-template, local-crop and geometry evidence support adjacent-frame same-cell link",model_surrogate_not_human,ctc_strong_model_annotation;image_template_segmentation_surrogate;model_surrogate_labels_only;replaces_manual_review_operationally_not_evidentially;not_external_human_audit;not_expert_microscopy_adjudication;not_CTC_ground_truth;not_completed_real_audit_positive_evidence;not_materials_or_DFT_evidence
CTC-PHASE81-0474,Fluo-N2DL-HeLa,2,6,7,Fluo-N2DL-HeLa/02/t006,6,490,130,5,5,Fluo-N2DL-HeLa/02/t007,7,490,130,5,5,release_audit,same_cell_supported,medium,0.806984,"image-template, local-crop and geometry evidence support adjacent-frame same-cell link",phase91_ctc_image_template_segmentation_surrogate_v1,phase91_ctc_image_template_segmentation_surrogate_v1,same_cell_supported,medium,"model-surrogate replacement label; not external human evidence; image-template, local-crop and geometry evidence support adjacent-frame same-cell link",model_surrogate_not_human,ctc_strong_model_annotation;image_template_segmentation_surrogate;model_surrogate_labels_only;replaces_manual_review_operationally_not_evidentially;not_external_human_audit;not_expert_microscopy_adjudication;not_CTC_ground_truth;not_completed_real_audit_positive_evidence;not_materials_or_DFT_evidence
CTC-PHASE81-0475,Fluo-N2DL-HeLa,2,16,17,Fluo-N2DL-HeLa/02/t016,16,416,534,5,5,Fluo-N2DL-HeLa/02/t017,17,416,534,5,5,release_audit,same_cell_supported,high,0.918766,"image-template, local-crop and geometry evidence support adjacent-frame same-cell link",phase91_ctc_image_template_segmentation_surrogate_v1,phase91_ctc_image_template_segmentation_surrogate_v1,same_cell_supported,high,"model-surrogate replacement label; not external human evidence; image-template, local-crop and geometry evidence support adjacent-frame same-cell link",model_surrogate_not_human,ctc_strong_model_annotation;image_template_segmentation_surrogate;model_surrogate_labels_only;replaces_manual_review_operationally_not_evidentially;not_external_human_audit;not_expert_microscopy_adjudication;not_CTC_ground_truth;not_completed_real_audit_positive_evidence;not_materials_or_DFT_evidence
CTC-PHASE81-0477,Fluo-N2DL-HeLa,2,55,56,Fluo-N2DL-HeLa/02/t055,55,739,351,5,5,Fluo-N2DL-HeLa/02/t056,56,739,351,5,5,release_audit,same_cell_supported,high,0.908829,"image-template, local-crop and geometry evidence support adjacent-frame same-cell link",phase91_ctc_image_template_segmentation_surrogate_v1,phase91_ctc_image_template_segmentation_surrogate_v1,same_cell_supported,high,"model-surrogate replacement label; not external human evidence; image-template, local-crop and geometry evidence support adjacent-frame same-cell link",model_surrogate_not_human,ctc_strong_model_annotation;image_template_segmentation_surrogate;model_surrogate_labels_only;replaces_manual_review_operationally_not_evidentially;not_external_human_audit;not_expert_microscopy_adjudication;not_CTC_ground_truth;not_completed_real_audit_positive_evidence;not_materials_or_DFT_evidence
CTC-PHASE81-0480,Fluo-N2DL-HeLa,2,23,24,Fluo-N2DL-HeLa/02/t023,23,720,382,5,5,Fluo-N2DL-HeLa/02/t024,24,720,382,5,5,release_audit,same_cell_supported,high,0.901301,"image-template, local-crop and geometry evidence support adjacent-frame same-cell link",phase91_ctc_image_template_segmentation_surrogate_v1,phase91_ctc_image_template_segmentation_surrogate_v1,same_cell_supported,high,"model-surrogate replacement label; not external human evidence; image-template, local-crop and geometry evidence support adjacent-frame same-cell link",model_surrogate_not_human,ctc_strong_model_annotation;image_template_segmentation_surrogate;model_surrogate_labels_only;replaces_manual_review_operationally_not_evidentially;not_external_human_audit;not_expert_microscopy_adjudication;not_CTC_ground_truth;not_completed_real_audit_positive_evidence;not_materials_or_DFT_evidence
CTC-PHASE81-0483,PhC-C2DH-U373,2,1,2,PhC-C2DH-U373/02/t001,1,640,284,3,3,PhC-C2DH-U373/02/t002,2,639,286,3,3,release_audit,same_cell_supported,medium,0.782375,"image-template, local-crop and geometry evidence support adjacent-frame same-cell link",phase91_ctc_image_template_segmentation_surrogate_v1,phase91_ctc_image_template_segmentation_surrogate_v1,same_cell_supported,medium,"model-surrogate replacement label; not external human evidence; image-template, local-crop and geometry evidence support adjacent-frame same-cell link",model_surrogate_not_human,ctc_strong_model_annotation;image_template_segmentation_surrogate;model_surrogate_labels_only;replaces_manual_review_operationally_not_evidentially;not_external_human_audit;not_expert_microscopy_adjudication;not_CTC_ground_truth;not_completed_real_audit_positive_evidence;not_materials_or_DFT_evidence
CTC-PHASE81-0486,Fluo-N2DL-HeLa,2,38,39,Fluo-N2DL-HeLa/02/t038,38,790,369,5,5,Fluo-N2DL-HeLa/02/t039,39,790,369,5,5,release_audit,same_cell_supported,high,0.954974,"image-template, local-crop and geometry evidence support adjacent-frame same-cell link",phase91_ctc_image_template_segmentation_surrogate_v1,phase91_ctc_image_template_segmentation_surrogate_v1,same_cell_supported,high,"model-surrogate replacement label; not external human evidence; image-template, local-crop and geometry evidence support adjacent-frame same-cell link",model_surrogate_not_human,ctc_strong_model_annotation;image_template_segmentation_surrogate;model_surrogate_labels_only;replaces_manual_review_operationally_not_evidentially;not_external_human_audit;not_expert_microscopy_adjudication;not_CTC_ground_truth;not_completed_real_audit_positive_evidence;not_materials_or_DFT_evidence
CTC-PHASE81-0488,Fluo-N2DL-HeLa,2,24,25,Fluo-N2DL-HeLa/02/t024,24,681,71,5,5,Fluo-N2DL-HeLa/02/t025,25,681,71,5,5,release_audit,same_cell_supported,high,0.969074,"image-template, local-crop and geometry evidence support adjacent-frame same-cell link",phase91_ctc_image_template_segmentation_surrogate_v1,phase91_ctc_image_template_segmentation_surrogate_v1,same_cell_supported,high,"model-surrogate replacement label; not external human evidence; image-template, local-crop and geometry evidence support adjacent-frame same-cell link",model_surrogate_not_human,ctc_strong_model_annotation;image_template_segmentation_surrogate;model_surrogate_labels_only;replaces_manual_review_operationally_not_evidentially;not_external_human_audit;not_expert_microscopy_adjudication;not_CTC_ground_truth;not_completed_real_audit_positive_evidence;not_materials_or_DFT_evidence
CTC-PHASE81-0490,PhC-C2DH-U373,2,15,16,PhC-C2DH-U373/02/t015,15,606,444,11,11,PhC-C2DH-U373/02/t016,16,606,444,11,11,release_audit,same_cell_supported,high,0.88492,"image-template, local-crop and geometry evidence support adjacent-frame same-cell link",phase91_ctc_image_template_segmentation_surrogate_v1,phase91_ctc_image_template_segmentation_surrogate_v1,same_cell_supported,high,"model-surrogate replacement label; not external human evidence; image-template, local-crop and geometry evidence support adjacent-frame same-cell link",model_surrogate_not_human,ctc_strong_model_annotation;image_template_segmentation_surrogate;model_surrogate_labels_only;replaces_manual_review_operationally_not_evidentially;not_external_human_audit;not_expert_microscopy_adjudication;not_CTC_ground_truth;not_completed_real_audit_positive_evidence;not_materials_or_DFT_evidence
CTC-PHASE81-0491,Fluo-N2DL-HeLa,2,6,7,Fluo-N2DL-HeLa/02/t006,6,763,62,5,5,Fluo-N2DL-HeLa/02/t007,7,763,62,5,5,release_audit,same_cell_supported,high,0.943382,"image-template, local-crop and geometry evidence support adjacent-frame same-cell link",phase91_ctc_image_template_segmentation_surrogate_v1,phase91_ctc_image_template_segmentation_surrogate_v1,same_cell_supported,high,"model-surrogate replacement label; not external human evidence; image-template, local-crop and geometry evidence support adjacent-frame same-cell link",model_surrogate_not_human,ctc_strong_model_annotation;image_template_segmentation_surrogate;model_surrogate_labels_only;replaces_manual_review_operationally_not_evidentially;not_external_human_audit;not_expert_microscopy_adjudication;not_CTC_ground_truth;not_completed_real_audit_positive_evidence;not_materials_or_DFT_evidence
CTC-PHASE81-0496,Fluo-N2DL-HeLa,2,6,7,Fluo-N2DL-HeLa/02/t006,6,766,124,5,5,Fluo-N2DL-HeLa/02/t007,7,766,124,5,5,release_audit,same_cell_supported,high,0.970674,"image-template, local-crop and geometry evidence support adjacent-frame same-cell link",phase91_ctc_image_template_segmentation_surrogate_v1,phase91_ctc_image_template_segmentation_surrogate_v1,same_cell_supported,high,"model-surrogate replacement label; not external human evidence; image-template, local-crop and geometry evidence support adjacent-frame same-cell link",model_surrogate_not_human,ctc_strong_model_annotation;image_template_segmentation_surrogate;model_surrogate_labels_only;replaces_manual_review_operationally_not_evidentially;not_external_human_audit;not_expert_microscopy_adjudication;not_CTC_ground_truth;not_completed_real_audit_positive_evidence;not_materials_or_DFT_evidence
CTC-PHASE81-0497,Fluo-N2DL-HeLa,2,19,20,Fluo-N2DL-HeLa/02/t019,19,622,378,5,5,Fluo-N2DL-HeLa/02/t020,20,622,378,5,5,release_audit,same_cell_supported,medium,0.821543,"image-template, local-crop and geometry evidence support adjacent-frame same-cell link",phase91_ctc_image_template_segmentation_surrogate_v1,phase91_ctc_image_template_segmentation_surrogate_v1,same_cell_supported,medium,"model-surrogate replacement label; not external human evidence; image-template, local-crop and geometry evidence support adjacent-frame same-cell link",model_surrogate_not_human,ctc_strong_model_annotation;image_template_segmentation_surrogate;model_surrogate_labels_only;replaces_manual_review_operationally_not_evidentially;not_external_human_audit;not_expert_microscopy_adjudication;not_CTC_ground_truth;not_completed_real_audit_positive_evidence;not_materials_or_DFT_evidence
CTC-PHASE81-0498,Fluo-N2DL-HeLa,2,38,39,Fluo-N2DL-HeLa/02/t038,38,508,400,5,5,Fluo-N2DL-HeLa/02/t039,39,508,400,5,5,release_audit,same_cell_supported,high,0.961989,"image-template, local-crop and geometry evidence support adjacent-frame same-cell link",phase91_ctc_image_template_segmentation_surrogate_v1,phase91_ctc_image_template_segmentation_surrogate_v1,same_cell_supported,high,"model-surrogate replacement label; not external human evidence; image-template, local-crop and geometry evidence support adjacent-frame same-cell link",model_surrogate_not_human,ctc_strong_model_annotation;image_template_segmentation_surrogate;model_surrogate_labels_only;replaces_manual_review_operationally_not_evidentially;not_external_human_audit;not_expert_microscopy_adjudication;not_CTC_ground_truth;not_completed_real_audit_positive_evidence;not_materials_or_DFT_evidence
CTC-PHASE81-0500,Fluo-N2DL-HeLa,2,33,34,Fluo-N2DL-HeLa/02/t033,33,577,208,5,5,Fluo-N2DL-HeLa/02/t034,34,577,208,5,5,release_audit,same_cell_supported,high,0.912016,"image-template, local-crop and geometry evidence support adjacent-frame same-cell link",phase91_ctc_image_template_segmentation_surrogate_v1,phase91_ctc_image_template_segmentation_surrogate_v1,same_cell_supported,high,"model-surrogate replacement label; not external human evidence; image-template, local-crop and geometry evidence support adjacent-frame same-cell link",model_surrogate_not_human,ctc_strong_model_annotation;image_template_segmentation_surrogate;model_surrogate_labels_only;replaces_manual_review_operationally_not_evidentially;not_external_human_audit;not_expert_microscopy_adjudication;not_CTC_ground_truth;not_completed_real_audit_positive_evidence;not_materials_or_DFT_evidence
CTC-PHASE81-0502,Fluo-N2DL-HeLa,2,7,8,Fluo-N2DL-HeLa/02/t007,7,791,603,5,5,Fluo-N2DL-HeLa/02/t008,8,791,603,5,5,release_audit,same_cell_supported,high,0.967558,"image-template, local-crop and geometry evidence support adjacent-frame same-cell link",phase91_ctc_image_template_segmentation_surrogate_v1,phase91_ctc_image_template_segmentation_surrogate_v1,same_cell_supported,high,"model-surrogate replacement label; not external human evidence; image-template, local-crop and geometry evidence support adjacent-frame same-cell link",model_surrogate_not_human,ctc_strong_model_annotation;image_template_segmentation_surrogate;model_surrogate_labels_only;replaces_manual_review_operationally_not_evidentially;not_external_human_audit;not_expert_microscopy_adjudication;not_CTC_ground_truth;not_completed_real_audit_positive_evidence;not_materials_or_DFT_evidence
CTC-PHASE81-0503,Fluo-N2DL-HeLa,2,20,21,Fluo-N2DL-HeLa/02/t020,20,588,290,5,5,Fluo-N2DL-HeLa/02/t021,21,588,290,5,5,release_audit,same_cell_supported,high,0.960233,"image-template, local-crop and geometry evidence support adjacent-frame same-cell link",phase91_ctc_image_template_segmentation_surrogate_v1,phase91_ctc_image_template_segmentation_surrogate_v1,same_cell_supported,high,"model-surrogate replacement label; not external human evidence; image-template, local-crop and geometry evidence support adjacent-frame same-cell link",model_surrogate_not_human,ctc_strong_model_annotation;image_template_segmentation_surrogate;model_surrogate_labels_only;replaces_manual_review_operationally_not_evidentially;not_external_human_audit;not_expert_microscopy_adjudication;not_CTC_ground_truth;not_completed_real_audit_positive_evidence;not_materials_or_DFT_evidence
CTC-PHASE81-0504,Fluo-N2DL-HeLa,2,22,23,Fluo-N2DL-HeLa/02/t022,22,674,186,5,5,Fluo-N2DL-HeLa/02/t023,23,674,186,5,5,release_audit,same_cell_supported,high,0.993256,"image-template, local-crop and geometry evidence support adjacent-frame same-cell link",phase91_ctc_image_template_segmentation_surrogate_v1,phase91_ctc_image_template_segmentation_surrogate_v1,same_cell_supported,high,"model-surrogate replacement label; not external human evidence; image-template, local-crop and geometry evidence support adjacent-frame same-cell link",model_surrogate_not_human,ctc_strong_model_annotation;image_template_segmentation_surrogate;model_surrogate_labels_only;replaces_manual_review_operationally_not_evidentially;not_external_human_audit;not_expert_microscopy_adjudication;not_CTC_ground_truth;not_completed_real_audit_positive_evidence;not_materials_or_DFT_evidence
CTC-PHASE81-0509,Fluo-N2DL-HeLa,2,27,28,Fluo-N2DL-HeLa/02/t027,27,804,661,5,5,Fluo-N2DL-HeLa/02/t028,28,804,661,5,5,release_audit,same_cell_supported,high,0.995313,"image-template, local-crop and geometry evidence support adjacent-frame same-cell link",phase91_ctc_image_template_segmentation_surrogate_v1,phase91_ctc_image_template_segmentation_surrogate_v1,same_cell_supported,high,"model-surrogate replacement label; not external human evidence; image-template, local-crop and geometry evidence support adjacent-frame same-cell link",model_surrogate_not_human,ctc_strong_model_annotation;image_template_segmentation_surrogate;model_surrogate_labels_only;replaces_manual_review_operationally_not_evidentially;not_external_human_audit;not_expert_microscopy_adjudication;not_CTC_ground_truth;not_completed_real_audit_positive_evidence;not_materials_or_DFT_evidence
CTC-PHASE81-0510,Fluo-N2DL-HeLa,2,17,18,Fluo-N2DL-HeLa/02/t017,17,741,626,5,5,Fluo-N2DL-HeLa/02/t018,18,741,626,5,5,release_audit,same_cell_supported,high,0.895771,"image-template, local-crop and geometry evidence support adjacent-frame same-cell link",phase91_ctc_image_template_segmentation_surrogate_v1,phase91_ctc_image_template_segmentation_surrogate_v1,same_cell_supported,high,"model-surrogate replacement label; not external human evidence; image-template, local-crop and geometry evidence support adjacent-frame same-cell link",model_surrogate_not_human,ctc_strong_model_annotation;image_template_segmentation_surrogate;model_surrogate_labels_only;replaces_manual_review_operationally_not_evidentially;not_external_human_audit;not_expert_microscopy_adjudication;not_CTC_ground_truth;not_completed_real_audit_positive_evidence;not_materials_or_DFT_evidence
CTC-PHASE81-0515,Fluo-N2DL-HeLa,2,17,18,Fluo-N2DL-HeLa/02/t017,17,417,601,5,5,Fluo-N2DL-HeLa/02/t018,18,417,601,5,5,release_audit,same_cell_supported,high,0.8951,"image-template, local-crop and geometry evidence support adjacent-frame same-cell link",phase91_ctc_image_template_segmentation_surrogate_v1,phase91_ctc_image_template_segmentation_surrogate_v1,same_cell_supported,high,"model-surrogate replacement label; not external human evidence; image-template, local-crop and geometry evidence support adjacent-frame same-cell link",model_surrogate_not_human,ctc_strong_model_annotation;image_template_segmentation_surrogate;model_surrogate_labels_only;replaces_manual_review_operationally_not_evidentially;not_external_human_audit;not_expert_microscopy_adjudication;not_CTC_ground_truth;not_completed_real_audit_positive_evidence;not_materials_or_DFT_evidence
CTC-PHASE81-0520,Fluo-N2DL-HeLa,2,25,26,Fluo-N2DL-HeLa/02/t025,25,727,328,5,5,Fluo-N2DL-HeLa/02/t026,26,727,328,5,5,release_audit,same_cell_supported,high,0.952478,"image-template, local-crop and geometry evidence support adjacent-frame same-cell link",phase91_ctc_image_template_segmentation_surrogate_v1,phase91_ctc_image_template_segmentation_surrogate_v1,same_cell_supported,high,"model-surrogate replacement label; not external human evidence; image-template, local-crop and geometry evidence support adjacent-frame same-cell link",model_surrogate_not_human,ctc_strong_model_annotation;image_template_segmentation_surrogate;model_surrogate_labels_only;replaces_manual_review_operationally_not_evidentially;not_external_human_audit;not_expert_microscopy_adjudication;not_CTC_ground_truth;not_completed_real_audit_positive_evidence;not_materials_or_DFT_evidence
CTC-PHASE81-0521,Fluo-N2DL-HeLa,2,31,32,Fluo-N2DL-HeLa/02/t031,31,445,370,5,5,Fluo-N2DL-HeLa/02/t032,32,445,370,5,5,release_audit,same_cell_supported,high,0.960075,"image-template, local-crop and geometry evidence support adjacent-frame same-cell link",phase91_ctc_image_template_segmentation_surrogate_v1,phase91_ctc_image_template_segmentation_surrogate_v1,same_cell_supported,high,"model-surrogate replacement label; not external human evidence; image-template, local-crop and geometry evidence support adjacent-frame same-cell link",model_surrogate_not_human,ctc_strong_model_annotation;image_template_segmentation_surrogate;model_surrogate_labels_only;replaces_manual_review_operationally_not_evidentially;not_external_human_audit;not_expert_microscopy_adjudication;not_CTC_ground_truth;not_completed_real_audit_positive_evidence;not_materials_or_DFT_evidence
CTC-PHASE81-0522,Fluo-N2DL-HeLa,2,29,30,Fluo-N2DL-HeLa/02/t029,29,584,67,5,5,Fluo-N2DL-HeLa/02/t030,30,584,67,5,5,release_audit,same_cell_supported,high,0.966812,"image-template, local-crop and geometry evidence support adjacent-frame same-cell link",phase91_ctc_image_template_segmentation_surrogate_v1,phase91_ctc_image_template_segmentation_surrogate_v1,same_cell_supported,high,"model-surrogate replacement label; not external human evidence; image-template, local-crop and geometry evidence support adjacent-frame same-cell link",model_surrogate_not_human,ctc_strong_model_annotation;image_template_segmentation_surrogate;model_surrogate_labels_only;replaces_manual_review_operationally_not_evidentially;not_external_human_audit;not_expert_microscopy_adjudication;not_CTC_ground_truth;not_completed_real_audit_positive_evidence;not_materials_or_DFT_evidence
CTC-PHASE81-0528,PhC-C2DH-U373,2,109,110,PhC-C2DH-U373/02/t109,109,603,170,9,9,PhC-C2DH-U373/02/t110,110,603,170,9,9,release_audit,same_cell_supported,high,0.979831,"image-template, local-crop and geometry evidence support adjacent-frame same-cell link",phase91_ctc_image_template_segmentation_surrogate_v1,phase91_ctc_image_template_segmentation_surrogate_v1,same_cell_supported,high,"model-surrogate replacement label; not external human evidence; image-template, local-crop and geometry evidence support adjacent-frame same-cell link",model_surrogate_not_human,ctc_strong_model_annotation;image_template_segmentation_surrogate;model_surrogate_labels_only;replaces_manual_review_operationally_not_evidentially;not_external_human_audit;not_expert_microscopy_adjudication;not_CTC_ground_truth;not_completed_real_audit_positive_evidence;not_materials_or_DFT_evidence
CTC-PHASE81-0530,Fluo-N2DL-HeLa,2,23,24,Fluo-N2DL-HeLa/02/t023,23,566,235,5,5,Fluo-N2DL-HeLa/02/t024,24,566,235,5,5,release_audit,same_cell_supported,high,0.875342,"image-template, local-crop and geometry evidence support adjacent-frame same-cell link",phase91_ctc_image_template_segmentation_surrogate_v1,phase91_ctc_image_template_segmentation_surrogate_v1,same_cell_supported,high,"model-surrogate replacement label; not external human evidence; image-template, local-crop and geometry evidence support adjacent-frame same-cell link",model_surrogate_not_human,ctc_strong_model_annotation;image_template_segmentation_surrogate;model_surrogate_labels_only;replaces_manual_review_operationally_not_evidentially;not_external_human_audit;not_expert_microscopy_adjudication;not_CTC_ground_truth;not_completed_real_audit_positive_evidence;not_materials_or_DFT_evidence
CTC-PHASE81-0531,Fluo-N2DL-HeLa,2,4,5,Fluo-N2DL-HeLa/02/t004,4,490,666,5,5,Fluo-N2DL-HeLa/02/t005,5,490,666,5,5,release_audit,same_cell_supported,high,0.948814,"image-template, local-crop and geometry evidence support adjacent-frame same-cell link",phase91_ctc_image_template_segmentation_surrogate_v1,phase91_ctc_image_template_segmentation_surrogate_v1,same_cell_supported,high,"model-surrogate replacement label; not external human evidence; image-template, local-crop and geometry evidence support adjacent-frame same-cell link",model_surrogate_not_human,ctc_strong_model_annotation;image_template_segmentation_surrogate;model_surrogate_labels_only;replaces_manual_review_operationally_not_evidentially;not_external_human_audit;not_expert_microscopy_adjudication;not_CTC_ground_truth;not_completed_real_audit_positive_evidence;not_materials_or_DFT_evidence
CTC-PHASE81-0532,Fluo-N2DL-HeLa,2,17,18,Fluo-N2DL-HeLa/02/t017,17,583,246,5,5,Fluo-N2DL-HeLa/02/t018,18,583,246,5,5,release_audit,same_cell_supported,high,0.8931,"image-template, local-crop and geometry evidence support adjacent-frame same-cell link",phase91_ctc_image_template_segmentation_surrogate_v1,phase91_ctc_image_template_segmentation_surrogate_v1,same_cell_supported,high,"model-surrogate replacement label; not external human evidence; image-template, local-crop and geometry evidence support adjacent-frame same-cell link",model_surrogate_not_human,ctc_strong_model_annotation;image_template_segmentation_surrogate;model_surrogate_labels_only;replaces_manual_review_operationally_not_evidentially;not_external_human_audit;not_expert_microscopy_adjudication;not_CTC_ground_truth;not_completed_real_audit_positive_evidence;not_materials_or_DFT_evidence
CTC-PHASE81-0533,Fluo-N2DL-HeLa,2,16,17,Fluo-N2DL-HeLa/02/t016,16,637,129,5,5,Fluo-N2DL-HeLa/02/t017,17,637,129,5,5,release_audit,same_cell_supported,high,0.913291,"image-template, local-crop and geometry evidence support adjacent-frame same-cell link",phase91_ctc_image_template_segmentation_surrogate_v1,phase91_ctc_image_template_segmentation_surrogate_v1,same_cell_supported,high,"model-surrogate replacement label; not external human evidence; image-template, local-crop and geometry evidence support adjacent-frame same-cell link",model_surrogate_not_human,ctc_strong_model_annotation;image_template_segmentation_surrogate;model_surrogate_labels_only;replaces_manual_review_operationally_not_evidentially;not_external_human_audit;not_expert_microscopy_adjudication;not_CTC_ground_truth;not_completed_real_audit_positive_evidence;not_materials_or_DFT_evidence
CTC-PHASE81-0534,PhC-C2DH-U373,2,8,9,PhC-C2DH-U373/02/t008,8,616,438,11,11,PhC-C2DH-U373/02/t009,9,616,438,11,11,release_audit,same_cell_supported,high,0.846694,"image-template, local-crop and geometry evidence support adjacent-frame same-cell link",phase91_ctc_image_template_segmentation_surrogate_v1,phase91_ctc_image_template_segmentation_surrogate_v1,same_cell_supported,high,"model-surrogate replacement label; not external human evidence; image-template, local-crop and geometry evidence support adjacent-frame same-cell link",model_surrogate_not_human,ctc_strong_model_annotation;image_template_segmentation_surrogate;model_surrogate_labels_only;replaces_manual_review_operationally_not_evidentially;not_external_human_audit;not_expert_microscopy_adjudication;not_CTC_ground_truth;not_completed_real_audit_positive_evidence;not_materials_or_DFT_evidence
CTC-PHASE81-0535,Fluo-N2DL-HeLa,2,2,3,Fluo-N2DL-HeLa/02/t002,2,706,418,5,5,Fluo-N2DL-HeLa/02/t003,3,706,418,5,5,release_audit,same_cell_supported,high,0.965679,"image-template, local-crop and geometry evidence support adjacent-frame same-cell link",phase91_ctc_image_template_segmentation_surrogate_v1,phase91_ctc_image_template_segmentation_surrogate_v1,same_cell_supported,high,"model-surrogate replacement label; not external human evidence; image-template, local-crop and geometry evidence support adjacent-frame same-cell link",model_surrogate_not_human,ctc_strong_model_annotation;image_template_segmentation_surrogate;model_surrogate_labels_only;replaces_manual_review_operationally_not_evidentially;not_external_human_audit;not_expert_microscopy_adjudication;not_CTC_ground_truth;not_completed_real_audit_positive_evidence;not_materials_or_DFT_evidence
CTC-PHASE81-0536,Fluo-N2DL-HeLa,2,12,13,Fluo-N2DL-HeLa/02/t012,12,469,209,5,5,Fluo-N2DL-HeLa/02/t013,13,469,209,5,5,release_audit,same_cell_supported,high,0.85194,"image-template, local-crop and geometry evidence support adjacent-frame same-cell link",phase91_ctc_image_template_segmentation_surrogate_v1,phase91_ctc_image_template_segmentation_surrogate_v1,same_cell_supported,high,"model-surrogate replacement label; not external human evidence; image-template, local-crop and geometry evidence support adjacent-frame same-cell link",model_surrogate_not_human,ctc_strong_model_annotation;image_template_segmentation_surrogate;model_surrogate_labels_only;replaces_manual_review_operationally_not_evidentially;not_external_human_audit;not_expert_microscopy_adjudication;not_CTC_ground_truth;not_completed_real_audit_positive_evidence;not_materials_or_DFT_evidence
CTC-PHASE81-0541,Fluo-N2DL-HeLa,2,17,18,Fluo-N2DL-HeLa/02/t017,17,777,573,5,5,Fluo-N2DL-HeLa/02/t018,18,777,573,5,5,release_audit,same_cell_supported,high,0.877547,"image-template, local-crop and geometry evidence support adjacent-frame same-cell link",phase91_ctc_image_template_segmentation_surrogate_v1,phase91_ctc_image_template_segmentation_surrogate_v1,same_cell_supported,high,"model-surrogate replacement label; not external human evidence; image-template, local-crop and geometry evidence support adjacent-frame same-cell link",model_surrogate_not_human,ctc_strong_model_annotation;image_template_segmentation_surrogate;model_surrogate_labels_only;replaces_manual_review_operationally_not_evidentially;not_external_human_audit;not_expert_microscopy_adjudication;not_CTC_ground_truth;not_completed_real_audit_positive_evidence;not_materials_or_DFT_evidence
CTC-PHASE81-0545,PhC-C2DH-U373,2,45,46,PhC-C2DH-U373/02/t045,45,638,296,3,3,PhC-C2DH-U373/02/t046,46,637,297,3,4,release_audit,same_cell_supported,medium,0.792905,"image-template, local-crop and geometry evidence support adjacent-frame same-cell link",phase91_ctc_image_template_segmentation_surrogate_v1,phase91_ctc_image_template_segmentation_surrogate_v1,same_cell_supported,medium,"model-surrogate replacement label; not external human evidence; image-template, local-crop and geometry evidence support adjacent-frame same-cell link",model_surrogate_not_human,ctc_strong_model_annotation;image_template_segmentation_surrogate;model_surrogate_labels_only;replaces_manual_review_operationally_not_evidentially;not_external_human_audit;not_expert_microscopy_adjudication;not_CTC_ground_truth;not_completed_real_audit_positive_evidence;not_materials_or_DFT_evidence
CTC-PHASE81-0548,Fluo-N2DL-HeLa,2,18,19,Fluo-N2DL-HeLa/02/t018,18,417,601,5,5,Fluo-N2DL-HeLa/02/t019,19,417,601,5,5,release_audit,same_cell_supported,high,0.908875,"image-template, local-crop and geometry evidence support adjacent-frame same-cell link",phase91_ctc_image_template_segmentation_surrogate_v1,phase91_ctc_image_template_segmentation_surrogate_v1,same_cell_supported,high,"model-surrogate replacement label; not external human evidence; image-template, local-crop and geometry evidence support adjacent-frame same-cell link",model_surrogate_not_human,ctc_strong_model_annotation;image_template_segmentation_surrogate;model_surrogate_labels_only;replaces_manual_review_operationally_not_evidentially;not_external_human_audit;not_expert_microscopy_adjudication;not_CTC_ground_truth;not_completed_real_audit_positive_evidence;not_materials_or_DFT_evidence
CTC-PHASE81-0549,PhC-C2DH-U373,2,71,72,PhC-C2DH-U373/02/t071,71,73,246,9,9,PhC-C2DH-U373/02/t072,72,73,246,9,9,release_audit,same_cell_supported,high,0.906128,"image-template, local-crop and geometry evidence support adjacent-frame same-cell link",phase91_ctc_image_template_segmentation_surrogate_v1,phase91_ctc_image_template_segmentation_surrogate_v1,same_cell_supported,high,"model-surrogate replacement label; not external human evidence; image-template, local-crop and geometry evidence support adjacent-frame same-cell link",model_surrogate_not_human,ctc_strong_model_annotation;image_template_segmentation_surrogate;model_surrogate_labels_only;replaces_manual_review_operationally_not_evidentially;not_external_human_audit;not_expert_microscopy_adjudication;not_CTC_ground_truth;not_completed_real_audit_positive_evidence;not_materials_or_DFT_evidence
CTC-PHASE81-0551,PhC-C2DH-U373,2,74,75,PhC-C2DH-U373/02/t074,74,74,243,9,9,PhC-C2DH-U373/02/t075,75,74,243,9,9,release_audit,same_cell_supported,high,0.950632,"image-template, local-crop and geometry evidence support adjacent-frame same-cell link",phase91_ctc_image_template_segmentation_surrogate_v1,phase91_ctc_image_template_segmentation_surrogate_v1,same_cell_supported,high,"model-surrogate replacement label; not external human evidence; image-template, local-crop and geometry evidence support adjacent-frame same-cell link",model_surrogate_not_human,ctc_strong_model_annotation;image_template_segmentation_surrogate;model_surrogate_labels_only;replaces_manual_review_operationally_not_evidentially;not_external_human_audit;not_expert_microscopy_adjudication;not_CTC_ground_truth;not_completed_real_audit_positive_evidence;not_materials_or_DFT_evidence
CTC-PHASE81-0555,Fluo-N2DL-HeLa,2,23,24,Fluo-N2DL-HeLa/02/t023,23,807,662,5,5,Fluo-N2DL-HeLa/02/t024,24,807,662,5,5,release_audit,same_cell_supported,high,0.964116,"image-template, local-crop and geometry evidence support adjacent-frame same-cell link",phase91_ctc_image_template_segmentation_surrogate_v1,phase91_ctc_image_template_segmentation_surrogate_v1,same_cell_supported,high,"model-surrogate replacement label; not external human evidence; image-template, local-crop and geometry evidence support adjacent-frame same-cell link",model_surrogate_not_human,ctc_strong_model_annotation;image_template_segmentation_surrogate;model_surrogate_labels_only;replaces_manual_review_operationally_not_evidentially;not_external_human_audit;not_expert_microscopy_adjudication;not_CTC_ground_truth;not_completed_real_audit_positive_evidence;not_materials_or_DFT_evidence
CTC-PHASE81-0556,Fluo-N2DL-HeLa,2,27,28,Fluo-N2DL-HeLa/02/t027,27,546,199,5,5,Fluo-N2DL-HeLa/02/t028,28,546,199,5,5,release_audit,same_cell_supported,high,0.922124,"image-template, local-crop and geometry evidence support adjacent-frame same-cell link",phase91_ctc_image_template_segmentation_surrogate_v1,phase91_ctc_image_template_segmentation_surrogate_v1,same_cell_supported,high,"model-surrogate replacement label; not external human evidence; image-template, local-crop and geometry evidence support adjacent-frame same-cell link",model_surrogate_not_human,ctc_strong_model_annotation;image_template_segmentation_surrogate;model_surrogate_labels_only;replaces_manual_review_operationally_not_evidentially;not_external_human_audit;not_expert_microscopy_adjudication;not_CTC_ground_truth;not_completed_real_audit_positive_evidence;not_materials_or_DFT_evidence
CTC-PHASE81-0558,Fluo-N2DL-HeLa,2,20,21,Fluo-N2DL-HeLa/02/t020,20,761,59,5,5,Fluo-N2DL-HeLa/02/t021,21,761,59,5,5,release_audit,same_cell_supported,high,0.941702,"image-template, local-crop and geometry evidence support adjacent-frame same-cell link",phase91_ctc_image_template_segmentation_surrogate_v1,phase91_ctc_image_template_segmentation_surrogate_v1,same_cell_supported,high,"model-surrogate replacement label; not external human evidence; image-template, local-crop and geometry evidence support adjacent-frame same-cell link",model_surrogate_not_human,ctc_strong_model_annotation;image_template_segmentation_surrogate;model_surrogate_labels_only;replaces_manual_review_operationally_not_evidentially;not_external_human_audit;not_expert_microscopy_adjudication;not_CTC_ground_truth;not_completed_real_audit_positive_evidence;not_materials_or_DFT_evidence
CTC-PHASE81-0559,Fluo-N2DL-HeLa,2,43,44,Fluo-N2DL-HeLa/02/t043,43,909,277,5,5,Fluo-N2DL-HeLa/02/t044,44,909,277,5,5,release_audit,same_cell_supported,high,0.993629,"image-template, local-crop and geometry evidence support adjacent-frame same-cell link",phase91_ctc_image_template_segmentation_surrogate_v1,phase91_ctc_image_template_segmentation_surrogate_v1,same_cell_supported,high,"model-surrogate replacement label; not external human evidence; image-template, local-crop and geometry evidence support adjacent-frame same-cell link",model_surrogate_not_human,ctc_strong_model_annotation;image_template_segmentation_surrogate;model_surrogate_labels_only;replaces_manual_review_operationally_not_evidentially;not_external_human_audit;not_expert_microscopy_adjudication;not_CTC_ground_truth;not_completed_real_audit_positive_evidence;not_materials_or_DFT_evidence
CTC-PHASE81-0561,PhC-C2DH-U373,2,14,15,PhC-C2DH-U373/02/t014,14,548,96,9,10,PhC-C2DH-U373/02/t015,15,548,97,9,9,release_audit,same_cell_supported,high,0.888511,"image-template, local-crop and geometry evidence support adjacent-frame same-cell link",phase91_ctc_image_template_segmentation_surrogate_v1,phase91_ctc_image_template_segmentation_surrogate_v1,same_cell_supported,high,"model-surrogate replacement label; not external human evidence; image-template, local-crop and geometry evidence support adjacent-frame same-cell link",model_surrogate_not_human,ctc_strong_model_annotation;image_template_segmentation_surrogate;model_surrogate_labels_only;replaces_manual_review_operationally_not_evidentially;not_external_human_audit;not_expert_microscopy_adjudication;not_CTC_ground_truth;not_completed_real_audit_positive_evidence;not_materials_or_DFT_evidence
CTC-PHASE81-0563,Fluo-N2DL-HeLa,2,49,50,Fluo-N2DL-HeLa/02/t049,49,710,384,5,5,Fluo-N2DL-HeLa/02/t050,50,710,384,5,5,release_audit,same_cell_supported,high,0.970293,"image-template, local-crop and geometry evidence support adjacent-frame same-cell link",phase91_ctc_image_template_segmentation_surrogate_v1,phase91_ctc_image_template_segmentation_surrogate_v1,same_cell_supported,high,"model-surrogate replacement label; not external human evidence; image-template, local-crop and geometry evidence support adjacent-frame same-cell link",model_surrogate_not_human,ctc_strong_model_annotation;image_template_segmentation_surrogate;model_surrogate_labels_only;replaces_manual_review_operationally_not_evidentially;not_external_human_audit;not_expert_microscopy_adjudication;not_CTC_ground_truth;not_completed_real_audit_positive_evidence;not_materials_or_DFT_evidence
CTC-PHASE81-0565,Fluo-N2DL-HeLa,2,23,24,Fluo-N2DL-HeLa/02/t023,23,634,70,5,5,Fluo-N2DL-HeLa/02/t024,24,634,70,5,5,release_audit,same_cell_supported,high,0.905787,"image-template, local-crop and geometry evidence support adjacent-frame same-cell link",phase91_ctc_image_template_segmentation_surrogate_v1,phase91_ctc_image_template_segmentation_surrogate_v1,same_cell_supported,high,"model-surrogate replacement label; not external human evidence; image-template, local-crop and geometry evidence support adjacent-frame same-cell link",model_surrogate_not_human,ctc_strong_model_annotation;image_template_segmentation_surrogate;model_surrogate_labels_only;replaces_manual_review_operationally_not_evidentially;not_external_human_audit;not_expert_microscopy_adjudication;not_CTC_ground_truth;not_completed_real_audit_positive_evidence;not_materials_or_DFT_evidence
CTC-PHASE81-0566,Fluo-N2DL-HeLa,2,11,12,Fluo-N2DL-HeLa/02/t011,11,692,665,5,5,Fluo-N2DL-HeLa/02/t012,12,692,665,5,5,release_audit,same_cell_supported,high,0.918377,"image-template, local-crop and geometry evidence support adjacent-frame same-cell link",phase91_ctc_image_template_segmentation_surrogate_v1,phase91_ctc_image_template_segmentation_surrogate_v1,same_cell_supported,high,"model-surrogate replacement label; not external human evidence; image-template, local-crop and geometry evidence support adjacent-frame same-cell link",model_surrogate_not_human,ctc_strong_model_annotation;image_template_segmentation_surrogate;model_surrogate_labels_only;replaces_manual_review_operationally_not_evidentially;not_external_human_audit;not_expert_microscopy_adjudication;not_CTC_ground_truth;not_completed_real_audit_positive_evidence;not_materials_or_DFT_evidence
CTC-PHASE81-0570,Fluo-N2DL-HeLa,2,22,23,Fluo-N2DL-HeLa/02/t022,22,825,449,5,5,Fluo-N2DL-HeLa/02/t023,23,825,449,5,5,release_audit,same_cell_supported,high,0.910282,"image-template, local-crop and geometry evidence support adjacent-frame same-cell link",phase91_ctc_image_template_segmentation_surrogate_v1,phase91_ctc_image_template_segmentation_surrogate_v1,same_cell_supported,high,"model-surrogate replacement label; not external human evidence; image-template, local-crop and geometry evidence support adjacent-frame same-cell link",model_surrogate_not_human,ctc_strong_model_annotation;image_template_segmentation_surrogate;model_surrogate_labels_only;replaces_manual_review_operationally_not_evidentially;not_external_human_audit;not_expert_microscopy_adjudication;not_CTC_ground_truth;not_completed_real_audit_positive_evidence;not_materials_or_DFT_evidence
CTC-PHASE81-0571,Fluo-N2DL-HeLa,2,25,26,Fluo-N2DL-HeLa/02/t025,25,699,644,5,5,Fluo-N2DL-HeLa/02/t026,26,699,644,5,5,release_audit,same_cell_supported,high,0.886125,"image-template, local-crop and geometry evidence support adjacent-frame same-cell link",phase91_ctc_image_template_segmentation_surrogate_v1,phase91_ctc_image_template_segmentation_surrogate_v1,same_cell_supported,high,"model-surrogate replacement label; not external human evidence; image-template, local-crop and geometry evidence support adjacent-frame same-cell link",model_surrogate_not_human,ctc_strong_model_annotation;image_template_segmentation_surrogate;model_surrogate_labels_only;replaces_manual_review_operationally_not_evidentially;not_external_human_audit;not_expert_microscopy_adjudication;not_CTC_ground_truth;not_completed_real_audit_positive_evidence;not_materials_or_DFT_evidence
CTC-PHASE81-0573,Fluo-N2DL-HeLa,2,5,6,Fluo-N2DL-HeLa/02/t005,5,501,346,5,5,Fluo-N2DL-HeLa/02/t006,6,501,346,5,5,release_audit,same_cell_supported,high,0.94847,"image-template, local-crop and geometry evidence support adjacent-frame same-cell link",phase91_ctc_image_template_segmentation_surrogate_v1,phase91_ctc_image_template_segmentation_surrogate_v1,same_cell_supported,high,"model-surrogate replacement label; not external human evidence; image-template, local-crop and geometry evidence support adjacent-frame same-cell link",model_surrogate_not_human,ctc_strong_model_annotation;image_template_segmentation_surrogate;model_surrogate_labels_only;replaces_manual_review_operationally_not_evidentially;not_external_human_audit;not_expert_microscopy_adjudication;not_CTC_ground_truth;not_completed_real_audit_positive_evidence;not_materials_or_DFT_evidence
CTC-PHASE81-0576,Fluo-N2DL-HeLa,2,9,10,Fluo-N2DL-HeLa/02/t009,9,583,162,5,5,Fluo-N2DL-HeLa/02/t010,10,583,162,5,5,release_audit,same_cell_supported,high,0.920455,"image-template, local-crop and geometry evidence support adjacent-frame same-cell link",phase91_ctc_image_template_segmentation_surrogate_v1,phase91_ctc_image_template_segmentation_surrogate_v1,same_cell_supported,high,"model-surrogate replacement label; not external human evidence; image-template, local-crop and geometry evidence support adjacent-frame same-cell link",model_surrogate_not_human,ctc_strong_model_annotation;image_template_segmentation_surrogate;model_surrogate_labels_only;replaces_manual_review_operationally_not_evidentially;not_external_human_audit;not_expert_microscopy_adjudication;not_CTC_ground_truth;not_completed_real_audit_positive_evidence;not_materials_or_DFT_evidence
CTC-PHASE81-0580,Fluo-N2DL-HeLa,2,17,18,Fluo-N2DL-HeLa/02/t017,17,915,340,5,5,Fluo-N2DL-HeLa/02/t018,18,915,340,5,5,release_audit,same_cell_supported,high,0.91987,"image-template, local-crop and geometry evidence support adjacent-frame same-cell link",phase91_ctc_image_template_segmentation_surrogate_v1,phase91_ctc_image_template_segmentation_surrogate_v1,same_cell_supported,high,"model-surrogate replacement label; not external human evidence; image-template, local-crop and geometry evidence support adjacent-frame same-cell link",model_surrogate_not_human,ctc_strong_model_annotation;image_template_segmentation_surrogate;model_surrogate_labels_only;replaces_manual_review_operationally_not_evidentially;not_external_human_audit;not_expert_microscopy_adjudication;not_CTC_ground_truth;not_completed_real_audit_positive_evidence;not_materials_or_DFT_evidence
CTC-PHASE81-0584,Fluo-N2DL-HeLa,2,38,39,Fluo-N2DL-HeLa/02/t038,38,879,294,5,5,Fluo-N2DL-HeLa/02/t039,39,879,294,5,5,release_audit,same_cell_supported,high,0.921881,"image-template, local-crop and geometry evidence support adjacent-frame same-cell link",phase91_ctc_image_template_segmentation_surrogate_v1,phase91_ctc_image_template_segmentation_surrogate_v1,same_cell_supported,high,"model-surrogate replacement label; not external human evidence; image-template, local-crop and geometry evidence support adjacent-frame same-cell link",model_surrogate_not_human,ctc_strong_model_annotation;image_template_segmentation_surrogate;model_surrogate_labels_only;replaces_manual_review_operationally_not_evidentially;not_external_human_audit;not_expert_microscopy_adjudication;not_CTC_ground_truth;not_completed_real_audit_positive_evidence;not_materials_or_DFT_evidence
CTC-PHASE81-0586,Fluo-N2DL-HeLa,2,7,8,Fluo-N2DL-HeLa/02/t007,7,718,447,5,5,Fluo-N2DL-HeLa/02/t008,8,718,447,5,5,release_audit,same_cell_supported,high,0.927908,"image-template, local-crop and geometry evidence support adjacent-frame same-cell link",phase91_ctc_image_template_segmentation_surrogate_v1,phase91_ctc_image_template_segmentation_surrogate_v1,same_cell_supported,high,"model-surrogate replacement label; not external human evidence; image-template, local-crop and geometry evidence support adjacent-frame same-cell link",model_surrogate_not_human,ctc_strong_model_annotation;image_template_segmentation_surrogate;model_surrogate_labels_only;replaces_manual_review_operationally_not_evidentially;not_external_human_audit;not_expert_microscopy_adjudication;not_CTC_ground_truth;not_completed_real_audit_positive_evidence;not_materials_or_DFT_evidence
CTC-PHASE81-0596,Fluo-N2DL-HeLa,2,17,18,Fluo-N2DL-HeLa/02/t017,17,530,100,5,5,Fluo-N2DL-HeLa/02/t018,18,530,100,5,5,release_audit,same_cell_supported,high,0.884215,"image-template, local-crop and geometry evidence support adjacent-frame same-cell link",phase91_ctc_image_template_segmentation_surrogate_v1,phase91_ctc_image_template_segmentation_surrogate_v1,same_cell_supported,high,"model-surrogate replacement label; not external human evidence; image-template, local-crop and geometry evidence support adjacent-frame same-cell link",model_surrogate_not_human,ctc_strong_model_annotation;image_template_segmentation_surrogate;model_surrogate_labels_only;replaces_manual_review_operationally_not_evidentially;not_external_human_audit;not_expert_microscopy_adjudication;not_CTC_ground_truth;not_completed_real_audit_positive_evidence;not_materials_or_DFT_evidence
CTC-PHASE81-0598,Fluo-N2DL-HeLa,2,39,40,Fluo-N2DL-HeLa/02/t039,39,843,303,5,5,Fluo-N2DL-HeLa/02/t040,40,843,303,5,5,release_audit,same_cell_supported,high,0.965347,"image-template, local-crop and geometry evidence support adjacent-frame same-cell link",phase91_ctc_image_template_segmentation_surrogate_v1,phase91_ctc_image_template_segmentation_surrogate_v1,same_cell_supported,high,"model-surrogate replacement label; not external human evidence; image-template, local-crop and geometry evidence support adjacent-frame same-cell link",model_surrogate_not_human,ctc_strong_model_annotation;image_template_segmentation_surrogate;model_surrogate_labels_only;replaces_manual_review_operationally_not_evidentially;not_external_human_audit;not_expert_microscopy_adjudication;not_CTC_ground_truth;not_completed_real_audit_positive_evidence;not_materials_or_DFT_evidence
CTC-PHASE81-0599,Fluo-N2DL-HeLa,2,33,34,Fluo-N2DL-HeLa/02/t033,33,762,56,5,5,Fluo-N2DL-HeLa/02/t034,34,762,56,5,5,release_audit,same_cell_supported,high,0.929644,"image-template, local-crop and geometry evidence support adjacent-frame same-cell link",phase91_ctc_image_template_segmentation_surrogate_v1,phase91_ctc_image_template_segmentation_surrogate_v1,same_cell_supported,high,"model-surrogate replacement label; not external human evidence; image-template, local-crop and geometry evidence support adjacent-frame same-cell link",model_surrogate_not_human,ctc_strong_model_annotation;image_template_segmentation_surrogate;model_surrogate_labels_only;replaces_manual_review_operationally_not_evidentially;not_external_human_audit;not_expert_microscopy_adjudication;not_CTC_ground_truth;not_completed_real_audit_positive_evidence;not_materials_or_DFT_evidence
CTC-PHASE81-0600,Fluo-N2DL-HeLa,2,17,18,Fluo-N2DL-HeLa/02/t017,17,507,665,5,5,Fluo-N2DL-HeLa/02/t018,18,507,665,5,5,release_audit,same_cell_supported,high,0.991608,"image-template, local-crop and geometry evidence support adjacent-frame same-cell link",phase91_ctc_image_template_segmentation_surrogate_v1,phase91_ctc_image_template_segmentation_surrogate_v1,same_cell_supported,high,"model-surrogate replacement label; not external human evidence; image-template, local-crop and geometry evidence support adjacent-frame same-cell link",model_surrogate_not_human,ctc_strong_model_annotation;image_template_segmentation_surrogate;model_surrogate_labels_only;replaces_manual_review_operationally_not_evidentially;not_external_human_audit;not_expert_microscopy_adjudication;not_CTC_ground_truth;not_completed_real_audit_positive_evidence;not_materials_or_DFT_evidence
CTC-PHASE81-0013,PhC-C2DH-U373,2,54,55,PhC-C2DH-U373/02/t054,54,56,434,5,5,PhC-C2DH-U373/02/t055,55,56,437,5,5,random_same_budget_control,same_cell_supported,medium,0.830457,"image-template, local-crop and geometry evidence support adjacent-frame same-cell link",phase91_ctc_image_template_segmentation_surrogate_v1,phase91_ctc_image_template_segmentation_surrogate_v1,same_cell_supported,medium,"model-surrogate replacement label; not external human evidence; image-template, local-crop and geometry evidence support adjacent-frame same-cell link",model_surrogate_not_human,ctc_strong_model_annotation;image_template_segmentation_surrogate;model_surrogate_labels_only;replaces_manual_review_operationally_not_evidentially;not_external_human_audit;not_expert_microscopy_adjudication;not_CTC_ground_truth;not_completed_real_audit_positive_evidence;not_materials_or_DFT_evidence
CTC-PHASE81-0018,Fluo-N2DL-HeLa,2,19,20,Fluo-N2DL-HeLa/02/t019,19,761,59,5,5,Fluo-N2DL-HeLa/02/t020,20,761,59,5,5,random_same_budget_control,same_cell_supported,high,0.893384,"image-template, local-crop and geometry evidence support adjacent-frame same-cell link",phase91_ctc_image_template_segmentation_surrogate_v1,phase91_ctc_image_template_segmentation_surrogate_v1,same_cell_supported,high,"model-surrogate replacement label; not external human evidence; image-template, local-crop and geometry evidence support adjacent-frame same-cell link",model_surrogate_not_human,ctc_strong_model_annotation;image_template_segmentation_surrogate;model_surrogate_labels_only;replaces_manual_review_operationally_not_evidentially;not_external_human_audit;not_expert_microscopy_adjudication;not_CTC_ground_truth;not_completed_real_audit_positive_evidence;not_materials_or_DFT_evidence
CTC-PHASE81-0035,DIC-C2DH-HeLa,2,23,24,DIC-C2DH-HeLa/02/t023,23,87,44,19,19,DIC-C2DH-HeLa/02/t024,24,87,44,19,19,random_same_budget_control,uncertain,medium,0.697228,mixed image-template and geometry evidence; route to human adjudication if used evidentially,phase91_ctc_image_template_segmentation_surrogate_v1,phase91_ctc_image_template_segmentation_surrogate_v1,uncertain,medium,model-surrogate replacement label; not external human evidence; mixed image-template and geometry evidence; route to human adjudication if used evidentially,model_surrogate_not_human,ctc_strong_model_annotation;image_template_segmentation_surrogate;model_surrogate_labels_only;replaces_manual_review_operationally_not_evidentially;not_external_human_audit;not_expert_microscopy_adjudication;not_CTC_ground_truth;not_completed_real_audit_positive_evidence;not_materials_or_DFT_evidence
CTC-PHASE81-0042,Fluo-N2DL-HeLa,2,46,47,Fluo-N2DL-HeLa/02/t046,46,401,388,5,5,Fluo-N2DL-HeLa/02/t047,47,401,388,5,5,random_same_budget_control,same_cell_supported,high,0.949046,"image-template, local-crop and geometry evidence support adjacent-frame same-cell link",phase91_ctc_image_template_segmentation_surrogate_v1,phase91_ctc_image_template_segmentation_surrogate_v1,same_cell_supported,high,"model-surrogate replacement label; not external human evidence; image-template, local-crop and geometry evidence support adjacent-frame same-cell link",model_surrogate_not_human,ctc_strong_model_annotation;image_template_segmentation_surrogate;model_surrogate_labels_only;replaces_manual_review_operationally_not_evidentially;not_external_human_audit;not_expert_microscopy_adjudication;not_CTC_ground_truth;not_completed_real_audit_positive_evidence;not_materials_or_DFT_evidence
CTC-PHASE81-0047,Fluo-N2DH-GOWT1,2,87,88,Fluo-N2DH-GOWT1/02/t087,87,761,621,33,34,Fluo-N2DH-GOWT1/02/t088,88,763,620,33,34,random_same_budget_control,same_cell_supported,high,0.92318,"image-template, local-crop and geometry evidence support adjacent-frame same-cell link",phase91_ctc_image_template_segmentation_surrogate_v1,phase91_ctc_image_template_segmentation_surrogate_v1,same_cell_supported,high,"model-surrogate replacement label; not external human evidence; image-template, local-crop and geometry evidence support adjacent-frame same-cell link",model_surrogate_not_human,ctc_strong_model_annotation;image_template_segmentation_surrogate;model_surrogate_labels_only;replaces_manual_review_operationally_not_evidentially;not_external_human_audit;not_expert_microscopy_adjudication;not_CTC_ground_truth;not_completed_real_audit_positive_evidence;not_materials_or_DFT_evidence
CTC-PHASE81-0054,Fluo-N2DL-HeLa,2,39,40,Fluo-N2DL-HeLa/02/t039,39,561,392,5,5,Fluo-N2DL-HeLa/02/t040,40,561,392,5,5,random_same_budget_control,same_cell_supported,high,0.924453,"image-template, local-crop and geometry evidence support adjacent-frame same-cell link",phase91_ctc_image_template_segmentation_surrogate_v1,phase91_ctc_image_template_segmentation_surrogate_v1,same_cell_supported,high,"model-surrogate replacement label; not external human evidence; image-template, local-crop and geometry evidence support adjacent-frame same-cell link",model_surrogate_not_human,ctc_strong_model_annotation;image_template_segmentation_surrogate;model_surrogate_labels_only;replaces_manual_review_operationally_not_evidentially;not_external_human_audit;not_expert_microscopy_adjudication;not_CTC_ground_truth;not_completed_real_audit_positive_evidence;not_materials_or_DFT_evidence
CTC-PHASE81-0060,PhC-C2DH-U373,2,105,106,PhC-C2DH-U373/02/t105,105,55,305,3,3,PhC-C2DH-U373/02/t106,106,53,306,3,3,random_same_budget_control,same_cell_supported,medium,0.790014,"image-template, local-crop and geometry evidence support adjacent-frame same-cell link",phase91_ctc_image_template_segmentation_surrogate_v1,phase91_ctc_image_template_segmentation_surrogate_v1,same_cell_supported,medium,"model-surrogate replacement label; not external human evidence; image-template, local-crop and geometry evidence support adjacent-frame same-cell link",model_surrogate_not_human,ctc_strong_model_annotation;image_template_segmentation_surrogate;model_surrogate_labels_only;replaces_manual_review_operationally_not_evidentially;not_external_human_audit;not_expert_microscopy_adjudication;not_CTC_ground_truth;not_completed_real_audit_positive_evidence;not_materials_or_DFT_evidence
CTC-PHASE81-0098,PhC-C2DH-U373,2,37,38,PhC-C2DH-U373/02/t037,37,539,152,9,9,PhC-C2DH-U373/02/t038,38,539,151,9,10,random_same_budget_control,same_cell_supported,high,0.910792,"image-template, local-crop and geometry evidence support adjacent-frame same-cell link",phase91_ctc_image_template_segmentation_surrogate_v1,phase91_ctc_image_template_segmentation_surrogate_v1,same_cell_supported,high,"model-surrogate replacement label; not external human evidence; image-template, local-crop and geometry evidence support adjacent-frame same-cell link",model_surrogate_not_human,ctc_strong_model_annotation;image_template_segmentation_surrogate;model_surrogate_labels_only;replaces_manual_review_operationally_not_evidentially;not_external_human_audit;not_expert_microscopy_adjudication;not_CTC_ground_truth;not_completed_real_audit_positive_evidence;not_materials_or_DFT_evidence
CTC-PHASE81-0107,Fluo-N2DH-GOWT1,2,51,52,Fluo-N2DH-GOWT1/02/t051,51,506,305,41,41,Fluo-N2DH-GOWT1/02/t052,52,506,305,41,41,random_same_budget_control,same_cell_supported,high,0.90614,"image-template, local-crop and geometry evidence support adjacent-frame same-cell link",phase91_ctc_image_template_segmentation_surrogate_v1,phase91_ctc_image_template_segmentation_surrogate_v1,same_cell_supported,high,"model-surrogate replacement label; not external human evidence; image-template, local-crop and geometry evidence support adjacent-frame same-cell link",model_surrogate_not_human,ctc_strong_model_annotation;image_template_segmentation_surrogate;model_surrogate_labels_only;replaces_manual_review_operationally_not_evidentially;not_external_human_audit;not_expert_microscopy_adjudication;not_CTC_ground_truth;not_completed_real_audit_positive_evidence;not_materials_or_DFT_evidence
CTC-PHASE81-0122,Fluo-N2DL-HeLa,2,63,64,Fluo-N2DL-HeLa/02/t063,63,961,669,5,5,Fluo-N2DL-HeLa/02/t064,64,961,669,5,5,random_same_budget_control,same_cell_supported,high,0.964521,"image-template, local-crop and geometry evidence support adjacent-frame same-cell link",phase91_ctc_image_template_segmentation_surrogate_v1,phase91_ctc_image_template_segmentation_surrogate_v1,same_cell_supported,high,"model-surrogate replacement label; not external human evidence; image-template, local-crop and geometry evidence support adjacent-frame same-cell link",model_surrogate_not_human,ctc_strong_model_annotation;image_template_segmentation_surrogate;model_surrogate_labels_only;replaces_manual_review_operationally_not_evidentially;not_external_human_audit;not_expert_microscopy_adjudication;not_CTC_ground_truth;not_completed_real_audit_positive_evidence;not_materials_or_DFT_evidence
CTC-PHASE81-0139,Fluo-N2DL-HeLa,2,28,29,Fluo-N2DL-HeLa/02/t028,28,495,402,5,5,Fluo-N2DL-HeLa/02/t029,29,495,402,5,5,random_same_budget_control,same_cell_supported,high,0.903125,"image-template, local-crop and geometry evidence support adjacent-frame same-cell link",phase91_ctc_image_template_segmentation_surrogate_v1,phase91_ctc_image_template_segmentation_surrogate_v1,same_cell_supported,high,"model-surrogate replacement label; not external human evidence; image-template, local-crop and geometry evidence support adjacent-frame same-cell link",model_surrogate_not_human,ctc_strong_model_annotation;image_template_segmentation_surrogate;model_surrogate_labels_only;replaces_manual_review_operationally_not_evidentially;not_external_human_audit;not_expert_microscopy_adjudication;not_CTC_ground_truth;not_completed_real_audit_positive_evidence;not_materials_or_DFT_evidence
CTC-PHASE81-0160,Fluo-N2DH-GOWT1,2,44,45,Fluo-N2DH-GOWT1/02/t044,44,127,459,41,40,Fluo-N2DH-GOWT1/02/t045,45,126,458,41,41,random_same_budget_control,same_cell_supported,medium,0.782236,"image-template, local-crop and geometry evidence support adjacent-frame same-cell link",phase91_ctc_image_template_segmentation_surrogate_v1,phase91_ctc_image_template_segmentation_surrogate_v1,same_cell_supported,medium,"model-surrogate replacement label; not external human evidence; image-template, local-crop and geometry evidence support adjacent-frame same-cell link",model_surrogate_not_human,ctc_strong_model_annotation;image_template_segmentation_surrogate;model_surrogate_labels_only;replaces_manual_review_operationally_not_evidentially;not_external_human_audit;not_expert_microscopy_adjudication;not_CTC_ground_truth;not_completed_real_audit_positive_evidence;not_materials_or_DFT_evidence
CTC-PHASE81-0161,Fluo-N2DL-HeLa,2,6,7,Fluo-N2DL-HeLa/02/t006,6,910,255,7,7,Fluo-N2DL-HeLa/02/t007,7,910,255,7,7,random_same_budget_control,same_cell_supported,high,0.978343,"image-template, local-crop and geometry evidence support adjacent-frame same-cell link",phase91_ctc_image_template_segmentation_surrogate_v1,phase91_ctc_image_template_segmentation_surrogate_v1,same_cell_supported,high,"model-surrogate replacement label; not external human evidence; image-template, local-crop and geometry evidence support adjacent-frame same-cell link",model_surrogate_not_human,ctc_strong_model_annotation;image_template_segmentation_surrogate;model_surrogate_labels_only;replaces_manual_review_operationally_not_evidentially;not_external_human_audit;not_expert_microscopy_adjudication;not_CTC_ground_truth;not_completed_real_audit_positive_evidence;not_materials_or_DFT_evidence
CTC-PHASE81-0167,DIC-C2DH-HeLa,2,43,44,DIC-C2DH-HeLa/02/t043,43,83,51,19,19,DIC-C2DH-HeLa/02/t044,44,83,51,19,19,random_same_budget_control,uncertain,medium,0.657847,mixed image-template and geometry evidence; route to human adjudication if used evidentially,phase91_ctc_image_template_segmentation_surrogate_v1,phase91_ctc_image_template_segmentation_surrogate_v1,uncertain,medium,model-surrogate replacement label; not external human evidence; mixed image-template and geometry evidence; route to human adjudication if used evidentially,model_surrogate_not_human,ctc_strong_model_annotation;image_template_segmentation_surrogate;model_surrogate_labels_only;replaces_manual_review_operationally_not_evidentially;not_external_human_audit;not_expert_microscopy_adjudication;not_CTC_ground_truth;not_completed_real_audit_positive_evidence;not_materials_or_DFT_evidence
CTC-PHASE81-0178,Fluo-N2DL-HeLa,2,37,38,Fluo-N2DL-HeLa/02/t037,37,441,612,5,5,Fluo-N2DL-HeLa/02/t038,38,441,612,5,5,random_same_budget_control,same_cell_supported,high,0.963696,"image-template, local-crop and geometry evidence support adjacent-frame same-cell link",phase91_ctc_image_template_segmentation_surrogate_v1,phase91_ctc_image_template_segmentation_surrogate_v1,same_cell_supported,high,"model-surrogate replacement label; not external human evidence; image-template, local-crop and geometry evidence support adjacent-frame same-cell link",model_surrogate_not_human,ctc_strong_model_annotation;image_template_segmentation_surrogate;model_surrogate_labels_only;replaces_manual_review_operationally_not_evidentially;not_external_human_audit;not_expert_microscopy_adjudication;not_CTC_ground_truth;not_completed_real_audit_positive_evidence;not_materials_or_DFT_evidence
CTC-PHASE81-0180,Fluo-N2DL-HeLa,2,19,20,Fluo-N2DL-HeLa/02/t019,19,620,104,5,5,Fluo-N2DL-HeLa/02/t020,20,620,104,5,5,random_same_budget_control,same_cell_supported,high,0.958493,"image-template, local-crop and geometry evidence support adjacent-frame same-cell link",phase91_ctc_image_template_segmentation_surrogate_v1,phase91_ctc_image_template_segmentation_surrogate_v1,same_cell_supported,high,"model-surrogate replacement label; not external human evidence; image-template, local-crop and geometry evidence support adjacent-frame same-cell link",model_surrogate_not_human,ctc_strong_model_annotation;image_template_segmentation_surrogate;model_surrogate_labels_only;replaces_manual_review_operationally_not_evidentially;not_external_human_audit;not_expert_microscopy_adjudication;not_CTC_ground_truth;not_completed_real_audit_positive_evidence;not_materials_or_DFT_evidence
CTC-PHASE81-0190,Fluo-N2DH-GOWT1,2,26,27,Fluo-N2DH-GOWT1/02/t026,26,412,722,39,33,Fluo-N2DH-GOWT1/02/t027,27,413,721,39,35,random_same_budget_control,same_cell_supported,high,0.932274,"image-template, local-crop and geometry evidence support adjacent-frame same-cell link",phase91_ctc_image_template_segmentation_surrogate_v1,phase91_ctc_image_template_segmentation_surrogate_v1,same_cell_supported,high,"model-surrogate replacement label; not external human evidence; image-template, local-crop and geometry evidence support adjacent-frame same-cell link",model_surrogate_not_human,ctc_strong_model_annotation;image_template_segmentation_surrogate;model_surrogate_labels_only;replaces_manual_review_operationally_not_evidentially;not_external_human_audit;not_expert_microscopy_adjudication;not_CTC_ground_truth;not_completed_real_audit_positive_evidence;not_materials_or_DFT_evidence
CTC-PHASE81-0223,PhC-C2DH-U373,2,73,74,PhC-C2DH-U373/02/t073,73,587,188,10,11,PhC-C2DH-U373/02/t074,74,589,190,9,9,random_same_budget_control,same_cell_supported,high,0.90453,"image-template, local-crop and geometry evidence support adjacent-frame same-cell link",phase91_ctc_image_template_segmentation_surrogate_v1,phase91_ctc_image_template_segmentation_surrogate_v1,same_cell_supported,high,"model-surrogate replacement label; not external human evidence; image-template, local-crop and geometry evidence support adjacent-frame same-cell link",model_surrogate_not_human,ctc_strong_model_annotation;image_template_segmentation_surrogate;model_surrogate_labels_only;replaces_manual_review_operationally_not_evidentially;not_external_human_audit;not_expert_microscopy_adjudication;not_CTC_ground_truth;not_completed_real_audit_positive_evidence;not_materials_or_DFT_evidence
CTC-PHASE81-0226,Fluo-N2DL-HeLa,2,28,29,Fluo-N2DL-HeLa/02/t028,28,619,98,5,5,Fluo-N2DL-HeLa/02/t029,29,619,98,5,5,random_same_budget_control,same_cell_supported,high,0.9703,"image-template, local-crop and geometry evidence support adjacent-frame same-cell link",phase91_ctc_image_template_segmentation_surrogate_v1,phase91_ctc_image_template_segmentation_surrogate_v1,same_cell_supported,high,"model-surrogate replacement label; not external human evidence; image-template, local-crop and geometry evidence support adjacent-frame same-cell link",model_surrogate_not_human,ctc_strong_model_annotation;image_template_segmentation_surrogate;model_surrogate_labels_only;replaces_manual_review_operationally_not_evidentially;not_external_human_audit;not_expert_microscopy_adjudication;not_CTC_ground_truth;not_completed_real_audit_positive_evidence;not_materials_or_DFT_evidence
CTC-PHASE81-0242,Fluo-N2DL-HeLa,2,14,15,Fluo-N2DL-HeLa/02/t014,14,993,508,7,7,Fluo-N2DL-HeLa/02/t015,15,993,508,7,7,random_same_budget_control,same_cell_supported,high,0.966583,"image-template, local-crop and geometry evidence support adjacent-frame same-cell link",phase91_ctc_image_template_segmentation_surrogate_v1,phase91_ctc_image_template_segmentation_surrogate_v1,same_cell_supported,high,"model-surrogate replacement label; not external human evidence; image-template, local-crop and geometry evidence support adjacent-frame same-cell link",model_surrogate_not_human,ctc_strong_model_annotation;image_template_segmentation_surrogate;model_surrogate_labels_only;replaces_manual_review_operationally_not_evidentially;not_external_human_audit;not_expert_microscopy_adjudication;not_CTC_ground_truth;not_completed_real_audit_positive_evidence;not_materials_or_DFT_evidence
CTC-PHASE81-0248,DIC-C2DH-HeLa,2,48,49,DIC-C2DH-HeLa/02/t048,48,336,412,19,19,DIC-C2DH-HeLa/02/t049,49,336,412,19,19,random_same_budget_control,uncertain,medium,0.711671,mixed image-template and geometry evidence; route to human adjudication if used evidentially,phase91_ctc_image_template_segmentation_surrogate_v1,phase91_ctc_image_template_segmentation_surrogate_v1,uncertain,medium,model-surrogate replacement label; not external human evidence; mixed image-template and geometry evidence; route to human adjudication if used evidentially,model_surrogate_not_human,ctc_strong_model_annotation;image_template_segmentation_surrogate;model_surrogate_labels_only;replaces_manual_review_operationally_not_evidentially;not_external_human_audit;not_expert_microscopy_adjudication;not_CTC_ground_truth;not_completed_real_audit_positive_evidence;not_materials_or_DFT_evidence
CTC-PHASE81-0251,Fluo-N2DL-HeLa,2,14,15,Fluo-N2DL-HeLa/02/t014,14,577,96,5,5,Fluo-N2DL-HeLa/02/t015,15,577,96,5,5,random_same_budget_control,same_cell_supported,high,0.898641,"image-template, local-crop and geometry evidence support adjacent-frame same-cell link",phase91_ctc_image_template_segmentation_surrogate_v1,phase91_ctc_image_template_segmentation_surrogate_v1,same_cell_supported,high,"model-surrogate replacement label; not external human evidence; image-template, local-crop and geometry evidence support adjacent-frame same-cell link",model_surrogate_not_human,ctc_strong_model_annotation;image_template_segmentation_surrogate;model_surrogate_labels_only;replaces_manual_review_operationally_not_evidentially;not_external_human_audit;not_expert_microscopy_adjudication;not_CTC_ground_truth;not_completed_real_audit_positive_evidence;not_materials_or_DFT_evidence
CTC-PHASE81-0262,PhC-C2DH-U373,2,66,67,PhC-C2DH-U373/02/t066,66,571,173,9,9,PhC-C2DH-U373/02/t067,67,571,173,10,9,random_same_budget_control,same_cell_supported,high,0.931473,"image-template, local-crop and geometry evidence support adjacent-frame same-cell link",phase91_ctc_image_template_segmentation_surrogate_v1,phase91_ctc_image_template_segmentation_surrogate_v1,same_cell_supported,high,"model-surrogate replacement label; not external human evidence; image-template, local-crop and geometry evidence support adjacent-frame same-cell link",model_surrogate_not_human,ctc_strong_model_annotation;image_template_segmentation_surrogate;model_surrogate_labels_only;replaces_manual_review_operationally_not_evidentially;not_external_human_audit;not_expert_microscopy_adjudication;not_CTC_ground_truth;not_completed_real_audit_positive_evidence;not_materials_or_DFT_evidence
CTC-PHASE81-0267,PhC-C2DH-U373,2,111,112,PhC-C2DH-U373/02/t111,111,189,178,9,11,PhC-C2DH-U373/02/t112,112,187,180,10,10,random_same_budget_control,same_cell_supported,high,0.880284,"image-template, local-crop and geometry evidence support adjacent-frame same-cell link",phase91_ctc_image_template_segmentation_surrogate_v1,phase91_ctc_image_template_segmentation_surrogate_v1,same_cell_supported,high,"model-surrogate replacement label; not external human evidence; image-template, local-crop and geometry evidence support adjacent-frame same-cell link",model_surrogate_not_human,ctc_strong_model_annotation;image_template_segmentation_surrogate;model_surrogate_labels_only;replaces_manual_review_operationally_not_evidentially;not_external_human_audit;not_expert_microscopy_adjudication;not_CTC_ground_truth;not_completed_real_audit_positive_evidence;not_materials_or_DFT_evidence
CTC-PHASE81-0299,Fluo-N2DL-HeLa,2,21,22,Fluo-N2DL-HeLa/02/t021,21,740,128,5,5,Fluo-N2DL-HeLa/02/t022,22,740,128,5,5,random_same_budget_control,same_cell_supported,high,0.970218,"image-template, local-crop and geometry evidence support adjacent-frame same-cell link",phase91_ctc_image_template_segmentation_surrogate_v1,phase91_ctc_image_template_segmentation_surrogate_v1,same_cell_supported,high,"model-surrogate replacement label; not external human evidence; image-template, local-crop and geometry evidence support adjacent-frame same-cell link",model_surrogate_not_human,ctc_strong_model_annotation;image_template_segmentation_surrogate;model_surrogate_labels_only;replaces_manual_review_operationally_not_evidentially;not_external_human_audit;not_expert_microscopy_adjudication;not_CTC_ground_truth;not_completed_real_audit_positive_evidence;not_materials_or_DFT_evidence
CTC-PHASE81-0304,Fluo-N2DH-GOWT1,2,58,59,Fluo-N2DH-GOWT1/02/t058,58,57,105,31,31,Fluo-N2DH-GOWT1/02/t059,59,54,104,31,31,random_same_budget_control,uncertain,medium,0.602325,mixed image-template and geometry evidence; route to human adjudication if used evidentially,phase91_ctc_image_template_segmentation_surrogate_v1,phase91_ctc_image_template_segmentation_surrogate_v1,uncertain,medium,model-surrogate replacement label; not external human evidence; mixed image-template and geometry evidence; route to human adjudication if used evidentially,model_surrogate_not_human,ctc_strong_model_annotation;image_template_segmentation_surrogate;model_surrogate_labels_only;replaces_manual_review_operationally_not_evidentially;not_external_human_audit;not_expert_microscopy_adjudication;not_CTC_ground_truth;not_completed_real_audit_positive_evidence;not_materials_or_DFT_evidence
CTC-PHASE81-0311,Fluo-N2DH-GOWT1,2,67,68,Fluo-N2DH-GOWT1/02/t067,67,435,721,36,29,Fluo-N2DH-GOWT1/02/t068,68,435,720,32,30,random_same_budget_control,same_cell_supported,high,0.923147,"image-template, local-crop and geometry evidence support adjacent-frame same-cell link",phase91_ctc_image_template_segmentation_surrogate_v1,phase91_ctc_image_template_segmentation_surrogate_v1,same_cell_supported,high,"model-surrogate replacement label; not external human evidence; image-template, local-crop and geometry evidence support adjacent-frame same-cell link",model_surrogate_not_human,ctc_strong_model_annotation;image_template_segmentation_surrogate;model_surrogate_labels_only;replaces_manual_review_operationally_not_evidentially;not_external_human_audit;not_expert_microscopy_adjudication;not_CTC_ground_truth;not_completed_real_audit_positive_evidence;not_materials_or_DFT_evidence
CTC-PHASE81-0319,DIC-C2DH-HeLa,2,29,30,DIC-C2DH-HeLa/02/t029,29,322,204,19,19,DIC-C2DH-HeLa/02/t030,30,322,204,19,19,random_same_budget_control,same_cell_supported,medium,0.765044,"image-template, local-crop and geometry evidence support adjacent-frame same-cell link",phase91_ctc_image_template_segmentation_surrogate_v1,phase91_ctc_image_template_segmentation_surrogate_v1,same_cell_supported,medium,"model-surrogate replacement label; not external human evidence; image-template, local-crop and geometry evidence support adjacent-frame same-cell link",model_surrogate_not_human,ctc_strong_model_annotation;image_template_segmentation_surrogate;model_surrogate_labels_only;replaces_manual_review_operationally_not_evidentially;not_external_human_audit;not_expert_microscopy_adjudication;not_CTC_ground_truth;not_completed_real_audit_positive_evidence;not_materials_or_DFT_evidence
CTC-PHASE81-0327,PhC-C2DH-U373,2,78,79,PhC-C2DH-U373/02/t078,78,54,231,5,5,PhC-C2DH-U373/02/t079,79,53,233,1,1,random_same_budget_control,uncertain,medium,0.585806,mixed image-template and geometry evidence; route to human adjudication if used evidentially,phase91_ctc_image_template_segmentation_surrogate_v1,phase91_ctc_image_template_segmentation_surrogate_v1,uncertain,medium,model-surrogate replacement label; not external human evidence; mixed image-template and geometry evidence; route to human adjudication if used evidentially,model_surrogate_not_human,ctc_strong_model_annotation;image_template_segmentation_surrogate;model_surrogate_labels_only;replaces_manual_review_operationally_not_evidentially;not_external_human_audit;not_expert_microscopy_adjudication;not_CTC_ground_truth;not_completed_real_audit_positive_evidence;not_materials_or_DFT_evidence
CTC-PHASE81-0328,Fluo-N2DL-HeLa,2,53,54,Fluo-N2DL-HeLa/02/t053,53,803,152,5,5,Fluo-N2DL-HeLa/02/t054,54,803,152,5,5,random_same_budget_control,same_cell_supported,high,0.967475,"image-template, local-crop and geometry evidence support adjacent-frame same-cell link",phase91_ctc_image_template_segmentation_surrogate_v1,phase91_ctc_image_template_segmentation_surrogate_v1,same_cell_supported,high,"model-surrogate replacement label; not external human evidence; image-template, local-crop and geometry evidence support adjacent-frame same-cell link",model_surrogate_not_human,ctc_strong_model_annotation;image_template_segmentation_surrogate;model_surrogate_labels_only;replaces_manual_review_operationally_not_evidentially;not_external_human_audit;not_expert_microscopy_adjudication;not_CTC_ground_truth;not_completed_real_audit_positive_evidence;not_materials_or_DFT_evidence
CTC-PHASE81-0329,Fluo-N2DL-HeLa,2,30,31,Fluo-N2DL-HeLa/02/t030,30,520,118,5,5,Fluo-N2DL-HeLa/02/t031,31,520,118,5,5,random_same_budget_control,same_cell_supported,high,0.937259,"image-template, local-crop and geometry evidence support adjacent-frame same-cell link",phase91_ctc_image_template_segmentation_surrogate_v1,phase91_ctc_image_template_segmentation_surrogate_v1,same_cell_supported,high,"model-surrogate replacement label; not external human evidence; image-template, local-crop and geometry evidence support adjacent-frame same-cell link",model_surrogate_not_human,ctc_strong_model_annotation;image_template_segmentation_surrogate;model_surrogate_labels_only;replaces_manual_review_operationally_not_evidentially;not_external_human_audit;not_expert_microscopy_adjudication;not_CTC_ground_truth;not_completed_real_audit_positive_evidence;not_materials_or_DFT_evidence
CTC-PHASE81-0337,Fluo-N2DL-HeLa,2,36,37,Fluo-N2DL-HeLa/02/t036,36,758,336,5,5,Fluo-N2DL-HeLa/02/t037,37,758,336,5,5,random_same_budget_control,same_cell_supported,high,0.969605,"image-template, local-crop and geometry evidence support adjacent-frame same-cell link",phase91_ctc_image_template_segmentation_surrogate_v1,phase91_ctc_image_template_segmentation_surrogate_v1,same_cell_supported,high,"model-surrogate replacement label; not external human evidence; image-template, local-crop and geometry evidence support adjacent-frame same-cell link",model_surrogate_not_human,ctc_strong_model_annotation;image_template_segmentation_surrogate;model_surrogate_labels_only;replaces_manual_review_operationally_not_evidentially;not_external_human_audit;not_expert_microscopy_adjudication;not_CTC_ground_truth;not_completed_real_audit_positive_evidence;not_materials_or_DFT_evidence
CTC-PHASE81-0357,Fluo-N2DH-GOWT1,2,46,47,Fluo-N2DH-GOWT1/02/t046,46,500,301,37,37,Fluo-N2DH-GOWT1/02/t047,47,501,302,37,37,random_same_budget_control,same_cell_supported,high,0.960233,"image-template, local-crop and geometry evidence support adjacent-frame same-cell link",phase91_ctc_image_template_segmentation_surrogate_v1,phase91_ctc_image_template_segmentation_surrogate_v1,same_cell_supported,high,"model-surrogate replacement label; not external human evidence; image-template, local-crop and geometry evidence support adjacent-frame same-cell link",model_surrogate_not_human,ctc_strong_model_annotation;image_template_segmentation_surrogate;model_surrogate_labels_only;replaces_manual_review_operationally_not_evidentially;not_external_human_audit;not_expert_microscopy_adjudication;not_CTC_ground_truth;not_completed_real_audit_positive_evidence;not_materials_or_DFT_evidence
CTC-PHASE81-0372,PhC-C2DH-U373,2,6,7,PhC-C2DH-U373/02/t006,6,566,98,11,9,PhC-C2DH-U373/02/t007,7,563,98,12,9,random_same_budget_control,same_cell_supported,high,0.895982,"image-template, local-crop and geometry evidence support adjacent-frame same-cell link",phase91_ctc_image_template_segmentation_surrogate_v1,phase91_ctc_image_template_segmentation_surrogate_v1,same_cell_supported,high,"model-surrogate replacement label; not external human evidence; image-template, local-crop and geometry evidence support adjacent-frame same-cell link",model_surrogate_not_human,ctc_strong_model_annotation;image_template_segmentation_surrogate;model_surrogate_labels_only;replaces_manual_review_operationally_not_evidentially;not_external_human_audit;not_expert_microscopy_adjudication;not_CTC_ground_truth;not_completed_real_audit_positive_evidence;not_materials_or_DFT_evidence
CTC-PHASE81-0391,Fluo-N2DL-HeLa,2,75,76,Fluo-N2DL-HeLa/02/t075,75,360,606,5,5,Fluo-N2DL-HeLa/02/t076,76,360,606,5,5,random_same_budget_control,same_cell_supported,high,0.959072,"image-template, local-crop and geometry evidence support adjacent-frame same-cell link",phase91_ctc_image_template_segmentation_surrogate_v1,phase91_ctc_image_template_segmentation_surrogate_v1,same_cell_supported,high,"model-surrogate replacement label; not external human evidence; image-template, local-crop and geometry evidence support adjacent-frame same-cell link",model_surrogate_not_human,ctc_strong_model_annotation;image_template_segmentation_surrogate;model_surrogate_labels_only;replaces_manual_review_operationally_not_evidentially;not_external_human_audit;not_expert_microscopy_adjudication;not_CTC_ground_truth;not_completed_real_audit_positive_evidence;not_materials_or_DFT_evidence
CTC-PHASE81-0399,Fluo-N2DL-HeLa,2,0,1,Fluo-N2DL-HeLa/02/t000,0,677,161,5,5,Fluo-N2DL-HeLa/02/t001,1,677,161,5,5,random_same_budget_control,same_cell_supported,medium,0.78212,"image-template, local-crop and geometry evidence support adjacent-frame same-cell link",phase91_ctc_image_template_segmentation_surrogate_v1,phase91_ctc_image_template_segmentation_surrogate_v1,same_cell_supported,medium,"model-surrogate replacement label; not external human evidence; image-template, local-crop and geometry evidence support adjacent-frame same-cell link",model_surrogate_not_human,ctc_strong_model_annotation;image_template_segmentation_surrogate;model_surrogate_labels_only;replaces_manual_review_operationally_not_evidentially;not_external_human_audit;not_expert_microscopy_adjudication;not_CTC_ground_truth;not_completed_real_audit_positive_evidence;not_materials_or_DFT_evidence
CTC-PHASE81-0411,Fluo-N2DL-HeLa,2,2,3,Fluo-N2DL-HeLa/02/t002,2,847,391,5,5,Fluo-N2DL-HeLa/02/t003,3,846,391,6,5,random_same_budget_control,same_cell_supported,high,0.943098,"image-template, local-crop and geometry evidence support adjacent-frame same-cell link",phase91_ctc_image_template_segmentation_surrogate_v1,phase91_ctc_image_template_segmentation_surrogate_v1,same_cell_supported,high,"model-surrogate replacement label; not external human evidence; image-template, local-crop and geometry evidence support adjacent-frame same-cell link",model_surrogate_not_human,ctc_strong_model_annotation;image_template_segmentation_surrogate;model_surrogate_labels_only;replaces_manual_review_operationally_not_evidentially;not_external_human_audit;not_expert_microscopy_adjudication;not_CTC_ground_truth;not_completed_real_audit_positive_evidence;not_materials_or_DFT_evidence
CTC-PHASE81-0414,Fluo-N2DH-GOWT1,2,3,4,Fluo-N2DH-GOWT1/02/t003,3,68,607,43,43,Fluo-N2DH-GOWT1/02/t004,4,68,607,43,43,random_same_budget_control,same_cell_supported,medium,0.754985,"image-template, local-crop and geometry evidence support adjacent-frame same-cell link",phase91_ctc_image_template_segmentation_surrogate_v1,phase91_ctc_image_template_segmentation_surrogate_v1,same_cell_supported,medium,"model-surrogate replacement label; not external human evidence; image-template, local-crop and geometry evidence support adjacent-frame same-cell link",model_surrogate_not_human,ctc_strong_model_annotation;image_template_segmentation_surrogate;model_surrogate_labels_only;replaces_manual_review_operationally_not_evidentially;not_external_human_audit;not_expert_microscopy_adjudication;not_CTC_ground_truth;not_completed_real_audit_positive_evidence;not_materials_or_DFT_evidence
CTC-PHASE81-0444,Fluo-N2DH-GOWT1,2,50,51,Fluo-N2DH-GOWT1/02/t050,50,63,98,31,31,Fluo-N2DH-GOWT1/02/t051,51,64,99,31,31,random_same_budget_control,uncertain,medium,0.568867,mixed image-template and geometry evidence; route to human adjudication if used evidentially,phase91_ctc_image_template_segmentation_surrogate_v1,phase91_ctc_image_template_segmentation_surrogate_v1,uncertain,medium,model-surrogate replacement label; not external human evidence; mixed image-template and geometry evidence; route to human adjudication if used evidentially,model_surrogate_not_human,ctc_strong_model_annotation;image_template_segmentation_surrogate;model_surrogate_labels_only;replaces_manual_review_operationally_not_evidentially;not_external_human_audit;not_expert_microscopy_adjudication;not_CTC_ground_truth;not_completed_real_audit_positive_evidence;not_materials_or_DFT_evidence
CTC-PHASE81-0445,PhC-C2DH-U373,2,18,19,PhC-C2DH-U373/02/t018,18,544,97,13,9,PhC-C2DH-U373/02/t019,19,542,96,9,9,random_same_budget_control,same_cell_supported,medium,0.8007,"image-template, local-crop and geometry evidence support adjacent-frame same-cell link",phase91_ctc_image_template_segmentation_surrogate_v1,phase91_ctc_image_template_segmentation_surrogate_v1,same_cell_supported,medium,"model-surrogate replacement label; not external human evidence; image-template, local-crop and geometry evidence support adjacent-frame same-cell link",model_surrogate_not_human,ctc_strong_model_annotation;image_template_segmentation_surrogate;model_surrogate_labels_only;replaces_manual_review_operationally_not_evidentially;not_external_human_audit;not_expert_microscopy_adjudication;not_CTC_ground_truth;not_completed_real_audit_positive_evidence;not_materials_or_DFT_evidence
CTC-PHASE81-0463,PhC-C2DH-U373,2,49,50,PhC-C2DH-U373/02/t049,49,102,283,9,9,PhC-C2DH-U373/02/t050,50,99,285,9,9,random_same_budget_control,same_cell_supported,medium,0.78996,"image-template, local-crop and geometry evidence support adjacent-frame same-cell link",phase91_ctc_image_template_segmentation_surrogate_v1,phase91_ctc_image_template_segmentation_surrogate_v1,same_cell_supported,medium,"model-surrogate replacement label; not external human evidence; image-template, local-crop and geometry evidence support adjacent-frame same-cell link",model_surrogate_not_human,ctc_strong_model_annotation;image_template_segmentation_surrogate;model_surrogate_labels_only;replaces_manual_review_operationally_not_evidentially;not_external_human_audit;not_expert_microscopy_adjudication;not_CTC_ground_truth;not_completed_real_audit_positive_evidence;not_materials_or_DFT_evidence
CTC-PHASE81-0470,Fluo-N2DL-HeLa,2,51,52,Fluo-N2DL-HeLa/02/t051,51,727,117,5,5,Fluo-N2DL-HeLa/02/t052,52,727,117,5,5,random_same_budget_control,same_cell_supported,high,0.993002,"image-template, local-crop and geometry evidence support adjacent-frame same-cell link",phase91_ctc_image_template_segmentation_surrogate_v1,phase91_ctc_image_template_segmentation_surrogate_v1,same_cell_supported,high,"model-surrogate replacement label; not external human evidence; image-template, local-crop and geometry evidence support adjacent-frame same-cell link",model_surrogate_not_human,ctc_strong_model_annotation;image_template_segmentation_surrogate;model_surrogate_labels_only;replaces_manual_review_operationally_not_evidentially;not_external_human_audit;not_expert_microscopy_adjudication;not_CTC_ground_truth;not_completed_real_audit_positive_evidence;not_materials_or_DFT_evidence
CTC-PHASE81-0476,Fluo-N2DH-GOWT1,2,76,77,Fluo-N2DH-GOWT1/02/t076,76,440,721,38,32,Fluo-N2DH-GOWT1/02/t077,77,443,723,32,30,random_same_budget_control,same_cell_supported,high,0.913553,"image-template, local-crop and geometry evidence support adjacent-frame same-cell link",phase91_ctc_image_template_segmentation_surrogate_v1,phase91_ctc_image_template_segmentation_surrogate_v1,same_cell_supported,high,"model-surrogate replacement label; not external human evidence; image-template, local-crop and geometry evidence support adjacent-frame same-cell link",model_surrogate_not_human,ctc_strong_model_annotation;image_template_segmentation_surrogate;model_surrogate_labels_only;replaces_manual_review_operationally_not_evidentially;not_external_human_audit;not_expert_microscopy_adjudication;not_CTC_ground_truth;not_completed_real_audit_positive_evidence;not_materials_or_DFT_evidence
CTC-PHASE81-0478,DIC-C2DH-HeLa,2,48,49,DIC-C2DH-HeLa/02/t048,48,290,181,19,19,DIC-C2DH-HeLa/02/t049,49,290,181,19,19,random_same_budget_control,uncertain,medium,0.730078,mixed image-template and geometry evidence; route to human adjudication if used evidentially,phase91_ctc_image_template_segmentation_surrogate_v1,phase91_ctc_image_template_segmentation_surrogate_v1,uncertain,medium,model-surrogate replacement label; not external human evidence; mixed image-template and geometry evidence; route to human adjudication if used evidentially,model_surrogate_not_human,ctc_strong_model_annotation;image_template_segmentation_surrogate;model_surrogate_labels_only;replaces_manual_review_operationally_not_evidentially;not_external_human_audit;not_expert_microscopy_adjudication;not_CTC_ground_truth;not_completed_real_audit_positive_evidence;not_materials_or_DFT_evidence
CTC-PHASE81-0487,Fluo-N2DL-HeLa,2,20,21,Fluo-N2DL-HeLa/02/t020,20,740,128,5,5,Fluo-N2DL-HeLa/02/t021,21,740,128,5,5,random_same_budget_control,same_cell_supported,high,0.913397,"image-template, local-crop and geometry evidence support adjacent-frame same-cell link",phase91_ctc_image_template_segmentation_surrogate_v1,phase91_ctc_image_template_segmentation_surrogate_v1,same_cell_supported,high,"model-surrogate replacement label; not external human evidence; image-template, local-crop and geometry evidence support adjacent-frame same-cell link",model_surrogate_not_human,ctc_strong_model_annotation;image_template_segmentation_surrogate;model_surrogate_labels_only;replaces_manual_review_operationally_not_evidentially;not_external_human_audit;not_expert_microscopy_adjudication;not_CTC_ground_truth;not_completed_real_audit_positive_evidence;not_materials_or_DFT_evidence
CTC-PHASE81-0507,Fluo-N2DL-HeLa,2,9,10,Fluo-N2DL-HeLa/02/t009,9,497,123,5,5,Fluo-N2DL-HeLa/02/t010,10,497,123,5,5,random_same_budget_control,same_cell_supported,high,0.944613,"image-template, local-crop and geometry evidence support adjacent-frame same-cell link",phase91_ctc_image_template_segmentation_surrogate_v1,phase91_ctc_image_template_segmentation_surrogate_v1,same_cell_supported,high,"model-surrogate replacement label; not external human evidence; image-template, local-crop and geometry evidence support adjacent-frame same-cell link",model_surrogate_not_human,ctc_strong_model_annotation;image_template_segmentation_surrogate;model_surrogate_labels_only;replaces_manual_review_operationally_not_evidentially;not_external_human_audit;not_expert_microscopy_adjudication;not_CTC_ground_truth;not_completed_real_audit_positive_evidence;not_materials_or_DFT_evidence
CTC-PHASE81-0513,Fluo-N2DL-HeLa,2,18,19,Fluo-N2DL-HeLa/02/t018,18,507,665,5,5,Fluo-N2DL-HeLa/02/t019,19,507,665,5,5,random_same_budget_control,same_cell_supported,high,0.949857,"image-template, local-crop and geometry evidence support adjacent-frame same-cell link",phase91_ctc_image_template_segmentation_surrogate_v1,phase91_ctc_image_template_segmentation_surrogate_v1,same_cell_supported,high,"model-surrogate replacement label; not external human evidence; image-template, local-crop and geometry evidence support adjacent-frame same-cell link",model_surrogate_not_human,ctc_strong_model_annotation;image_template_segmentation_surrogate;model_surrogate_labels_only;replaces_manual_review_operationally_not_evidentially;not_external_human_audit;not_expert_microscopy_adjudication;not_CTC_ground_truth;not_completed_real_audit_positive_evidence;not_materials_or_DFT_evidence
CTC-PHASE81-0516,Fluo-N2DL-HeLa,2,19,20,Fluo-N2DL-HeLa/02/t019,19,588,290,5,5,Fluo-N2DL-HeLa/02/t020,20,588,290,5,5,random_same_budget_control,same_cell_supported,high,0.861474,"image-template, local-crop and geometry evidence support adjacent-frame same-cell link",phase91_ctc_image_template_segmentation_surrogate_v1,phase91_ctc_image_template_segmentation_surrogate_v1,same_cell_supported,high,"model-surrogate replacement label; not external human evidence; image-template, local-crop and geometry evidence support adjacent-frame same-cell link",model_surrogate_not_human,ctc_strong_model_annotation;image_template_segmentation_surrogate;model_surrogate_labels_only;replaces_manual_review_operationally_not_evidentially;not_external_human_audit;not_expert_microscopy_adjudication;not_CTC_ground_truth;not_completed_real_audit_positive_evidence;not_materials_or_DFT_evidence
CTC-PHASE81-0518,PhC-C2DH-U373,2,90,91,PhC-C2DH-U373/02/t090,90,461,420,3,3,PhC-C2DH-U373/02/t091,91,461,420,3,3,random_same_budget_control,same_cell_supported,high,0.89774,"image-template, local-crop and geometry evidence support adjacent-frame same-cell link",phase91_ctc_image_template_segmentation_surrogate_v1,phase91_ctc_image_template_segmentation_surrogate_v1,same_cell_supported,high,"model-surrogate replacement label; not external human evidence; image-template, local-crop and geometry evidence support adjacent-frame same-cell link",model_surrogate_not_human,ctc_strong_model_annotation;image_template_segmentation_surrogate;model_surrogate_labels_only;replaces_manual_review_operationally_not_evidentially;not_external_human_audit;not_expert_microscopy_adjudication;not_CTC_ground_truth;not_completed_real_audit_positive_evidence;not_materials_or_DFT_evidence
CTC-PHASE81-0527,DIC-C2DH-HeLa,2,68,69,DIC-C2DH-HeLa/02/t068,68,192,50,11,11,DIC-C2DH-HeLa/02/t069,69,192,50,11,11,random_same_budget_control,uncertain,medium,0.60982,mixed image-template and geometry evidence; route to human adjudication if used evidentially,phase91_ctc_image_template_segmentation_surrogate_v1,phase91_ctc_image_template_segmentation_surrogate_v1,uncertain,medium,model-surrogate replacement label; not external human evidence; mixed image-template and geometry evidence; route to human adjudication if used evidentially,model_surrogate_not_human,ctc_strong_model_annotation;image_template_segmentation_surrogate;model_surrogate_labels_only;replaces_manual_review_operationally_not_evidentially;not_external_human_audit;not_expert_microscopy_adjudication;not_CTC_ground_truth;not_completed_real_audit_positive_evidence;not_materials_or_DFT_evidence
CTC-PHASE81-0540,Fluo-N2DH-GOWT1,2,86,87,Fluo-N2DH-GOWT1/02/t086,86,159,27,30,29,Fluo-N2DH-GOWT1/02/t087,87,162,26,29,29,random_same_budget_control,uncertain,medium,0.594081,mixed image-template and geometry evidence; route to human adjudication if used evidentially,phase91_ctc_image_template_segmentation_surrogate_v1,phase91_ctc_image_template_segmentation_surrogate_v1,uncertain,medium,model-surrogate replacement label; not external human evidence; mixed image-template and geometry evidence; route to human adjudication if used evidentially,model_surrogate_not_human,ctc_strong_model_annotation;image_template_segmentation_surrogate;model_surrogate_labels_only;replaces_manual_review_operationally_not_evidentially;not_external_human_audit;not_expert_microscopy_adjudication;not_CTC_ground_truth;not_completed_real_audit_positive_evidence;not_materials_or_DFT_evidence
CTC-PHASE81-0542,Fluo-N2DL-HeLa,2,31,32,Fluo-N2DL-HeLa/02/t031,31,644,594,5,5,Fluo-N2DL-HeLa/02/t032,32,644,594,5,5,random_same_budget_control,same_cell_supported,high,0.935255,"image-template, local-crop and geometry evidence support adjacent-frame same-cell link",phase91_ctc_image_template_segmentation_surrogate_v1,phase91_ctc_image_template_segmentation_surrogate_v1,same_cell_supported,high,"model-surrogate replacement label; not external human evidence; image-template, local-crop and geometry evidence support adjacent-frame same-cell link",model_surrogate_not_human,ctc_strong_model_annotation;image_template_segmentation_surrogate;model_surrogate_labels_only;replaces_manual_review_operationally_not_evidentially;not_external_human_audit;not_expert_microscopy_adjudication;not_CTC_ground_truth;not_completed_real_audit_positive_evidence;not_materials_or_DFT_evidence
CTC-PHASE81-0544,Fluo-N2DL-HeLa,2,40,41,Fluo-N2DL-HeLa/02/t040,40,623,96,5,5,Fluo-N2DL-HeLa/02/t041,41,623,96,5,5,random_same_budget_control,same_cell_supported,high,0.940494,"image-template, local-crop and geometry evidence support adjacent-frame same-cell link",phase91_ctc_image_template_segmentation_surrogate_v1,phase91_ctc_image_template_segmentation_surrogate_v1,same_cell_supported,high,"model-surrogate replacement label; not external human evidence; image-template, local-crop and geometry evidence support adjacent-frame same-cell link",model_surrogate_not_human,ctc_strong_model_annotation;image_template_segmentation_surrogate;model_surrogate_labels_only;replaces_manual_review_operationally_not_evidentially;not_external_human_audit;not_expert_microscopy_adjudication;not_CTC_ground_truth;not_completed_real_audit_positive_evidence;not_materials_or_DFT_evidence
CTC-PHASE81-0550,Fluo-N2DH-GOWT1,2,16,17,Fluo-N2DH-GOWT1/02/t016,16,201,646,43,43,Fluo-N2DH-GOWT1/02/t017,17,201,646,43,43,random_same_budget_control,same_cell_supported,medium,0.788991,"image-template, local-crop and geometry evidence support adjacent-frame same-cell link",phase91_ctc_image_template_segmentation_surrogate_v1,phase91_ctc_image_template_segmentation_surrogate_v1,same_cell_supported,medium,"model-surrogate replacement label; not external human evidence; image-template, local-crop and geometry evidence support adjacent-frame same-cell link",model_surrogate_not_human,ctc_strong_model_annotation;image_template_segmentation_surrogate;model_surrogate_labels_only;replaces_manual_review_operationally_not_evidentially;not_external_human_audit;not_expert_microscopy_adjudication;not_CTC_ground_truth;not_completed_real_audit_positive_evidence;not_materials_or_DFT_evidence
CTC-PHASE81-0572,Fluo-N2DL-HeLa,2,49,50,Fluo-N2DL-HeLa/02/t049,49,688,200,5,5,Fluo-N2DL-HeLa/02/t050,50,688,200,5,5,random_same_budget_control,same_cell_supported,high,0.997422,"image-template, local-crop and geometry evidence support adjacent-frame same-cell link",phase91_ctc_image_template_segmentation_surrogate_v1,phase91_ctc_image_template_segmentation_surrogate_v1,same_cell_supported,high,"model-surrogate replacement label; not external human evidence; image-template, local-crop and geometry evidence support adjacent-frame same-cell link",model_surrogate_not_human,ctc_strong_model_annotation;image_template_segmentation_surrogate;model_surrogate_labels_only;replaces_manual_review_operationally_not_evidentially;not_external_human_audit;not_expert_microscopy_adjudication;not_CTC_ground_truth;not_completed_real_audit_positive_evidence;not_materials_or_DFT_evidence
CTC-PHASE81-0001,PhC-C2DH-U373,2,53,54,PhC-C2DH-U373/02/t053,53,633,284,5,5,PhC-C2DH-U373/02/t054,54,633,284,5,5,raw_overlap_diagnostic,same_cell_supported,medium,0.803232,"image-template, local-crop and geometry evidence support adjacent-frame same-cell link",phase91_ctc_image_template_segmentation_surrogate_v1,phase91_ctc_image_template_segmentation_surrogate_v1,same_cell_supported,medium,"model-surrogate replacement label; not external human evidence; image-template, local-crop and geometry evidence support adjacent-frame same-cell link",model_surrogate_not_human,ctc_strong_model_annotation;image_template_segmentation_surrogate;model_surrogate_labels_only;replaces_manual_review_operationally_not_evidentially;not_external_human_audit;not_expert_microscopy_adjudication;not_CTC_ground_truth;not_completed_real_audit_positive_evidence;not_materials_or_DFT_evidence
CTC-PHASE81-0010,PhC-C2DH-U373,2,16,17,PhC-C2DH-U373/02/t016,16,548,97,9,9,PhC-C2DH-U373/02/t017,17,548,97,9,9,raw_overlap_diagnostic,same_cell_supported,high,0.962049,"image-template, local-crop and geometry evidence support adjacent-frame same-cell link",phase91_ctc_image_template_segmentation_surrogate_v1,phase91_ctc_image_template_segmentation_surrogate_v1,same_cell_supported,high,"model-surrogate replacement label; not external human evidence; image-template, local-crop and geometry evidence support adjacent-frame same-cell link",model_surrogate_not_human,ctc_strong_model_annotation;image_template_segmentation_surrogate;model_surrogate_labels_only;replaces_manual_review_operationally_not_evidentially;not_external_human_audit;not_expert_microscopy_adjudication;not_CTC_ground_truth;not_completed_real_audit_positive_evidence;not_materials_or_DFT_evidence
CTC-PHASE81-0016,PhC-C2DH-U373,2,75,76,PhC-C2DH-U373/02/t075,75,482,453,3,3,PhC-C2DH-U373/02/t076,76,482,453,3,3,raw_overlap_diagnostic,uncertain,medium,0.731247,mixed image-template and geometry evidence; route to human adjudication if used evidentially,phase91_ctc_image_template_segmentation_surrogate_v1,phase91_ctc_image_template_segmentation_surrogate_v1,uncertain,medium,model-surrogate replacement label; not external human evidence; mixed image-template and geometry evidence; route to human adjudication if used evidentially,model_surrogate_not_human,ctc_strong_model_annotation;image_template_segmentation_surrogate;model_surrogate_labels_only;replaces_manual_review_operationally_not_evidentially;not_external_human_audit;not_expert_microscopy_adjudication;not_CTC_ground_truth;not_completed_real_audit_positive_evidence;not_materials_or_DFT_evidence
CTC-PHASE81-0019,PhC-C2DH-U373,2,93,94,PhC-C2DH-U373/02/t093,93,456,422,3,3,PhC-C2DH-U373/02/t094,94,455,422,3,3,raw_overlap_diagnostic,same_cell_supported,high,0.857124,"image-template, local-crop and geometry evidence support adjacent-frame same-cell link",phase91_ctc_image_template_segmentation_surrogate_v1,phase91_ctc_image_template_segmentation_surrogate_v1,same_cell_supported,high,"model-surrogate replacement label; not external human evidence; image-template, local-crop and geometry evidence support adjacent-frame same-cell link",model_surrogate_not_human,ctc_strong_model_annotation;image_template_segmentation_surrogate;model_surrogate_labels_only;replaces_manual_review_operationally_not_evidentially;not_external_human_audit;not_expert_microscopy_adjudication;not_CTC_ground_truth;not_completed_real_audit_positive_evidence;not_materials_or_DFT_evidence
CTC-PHASE81-0024,Fluo-N2DL-HeLa,2,1,2,Fluo-N2DL-HeLa/02/t001,1,389,630,5,5,Fluo-N2DL-HeLa/02/t002,2,389,630,5,5,raw_overlap_diagnostic,same_cell_supported,high,0.940718,"image-template, local-crop and geometry evidence support adjacent-frame same-cell link",phase91_ctc_image_template_segmentation_surrogate_v1,phase91_ctc_image_template_segmentation_surrogate_v1,same_cell_supported,high,"model-surrogate replacement label; not external human evidence; image-template, local-crop and geometry evidence support adjacent-frame same-cell link",model_surrogate_not_human,ctc_strong_model_annotation;image_template_segmentation_surrogate;model_surrogate_labels_only;replaces_manual_review_operationally_not_evidentially;not_external_human_audit;not_expert_microscopy_adjudication;not_CTC_ground_truth;not_completed_real_audit_positive_evidence;not_materials_or_DFT_evidence
CTC-PHASE81-0026,Fluo-N2DL-HeLa,2,52,53,Fluo-N2DL-HeLa/02/t052,52,488,84,3,3,Fluo-N2DL-HeLa/02/t053,53,488,84,3,3,raw_overlap_diagnostic,same_cell_supported,medium,0.831773,"image-template, local-crop and geometry evidence support adjacent-frame same-cell link",phase91_ctc_image_template_segmentation_surrogate_v1,phase91_ctc_image_template_segmentation_surrogate_v1,same_cell_supported,medium,"model-surrogate replacement label; not external human evidence; image-template, local-crop and geometry evidence support adjacent-frame same-cell link",model_surrogate_not_human,ctc_strong_model_annotation;image_template_segmentation_surrogate;model_surrogate_labels_only;replaces_manual_review_operationally_not_evidentially;not_external_human_audit;not_expert_microscopy_adjudication;not_CTC_ground_truth;not_completed_real_audit_positive_evidence;not_materials_or_DFT_evidence
CTC-PHASE81-0029,Fluo-N2DL-HeLa,2,13,14,Fluo-N2DL-HeLa/02/t013,13,454,627,5,5,Fluo-N2DL-HeLa/02/t014,14,454,627,5,5,raw_overlap_diagnostic,same_cell_supported,medium,0.83059,"image-template, local-crop and geometry evidence support adjacent-frame same-cell link",phase91_ctc_image_template_segmentation_surrogate_v1,phase91_ctc_image_template_segmentation_surrogate_v1,same_cell_supported,medium,"model-surrogate replacement label; not external human evidence; image-template, local-crop and geometry evidence support adjacent-frame same-cell link",model_surrogate_not_human,ctc_strong_model_annotation;image_template_segmentation_surrogate;model_surrogate_labels_only;replaces_manual_review_operationally_not_evidentially;not_external_human_audit;not_expert_microscopy_adjudication;not_CTC_ground_truth;not_completed_real_audit_positive_evidence;not_materials_or_DFT_evidence
CTC-PHASE81-0032,PhC-C2DH-U373,2,47,48,PhC-C2DH-U373/02/t047,47,635,300,3,3,PhC-C2DH-U373/02/t048,48,635,299,3,3,raw_overlap_diagnostic,uncertain,medium,0.646034,mixed image-template and geometry evidence; route to human adjudication if used evidentially,phase91_ctc_image_template_segmentation_surrogate_v1,phase91_ctc_image_template_segmentation_surrogate_v1,uncertain,medium,model-surrogate replacement label; not external human evidence; mixed image-template and geometry evidence; route to human adjudication if used evidentially,model_surrogate_not_human,ctc_strong_model_annotation;image_template_segmentation_surrogate;model_surrogate_labels_only;replaces_manual_review_operationally_not_evidentially;not_external_human_audit;not_expert_microscopy_adjudication;not_CTC_ground_truth;not_completed_real_audit_positive_evidence;not_materials_or_DFT_evidence
CTC-PHASE81-0033,Fluo-N2DL-HeLa,2,88,89,Fluo-N2DL-HeLa/02/t088,88,645,241,3,3,Fluo-N2DL-HeLa/02/t089,89,645,241,3,3,raw_overlap_diagnostic,same_cell_supported,high,0.886166,"image-template, local-crop and geometry evidence support adjacent-frame same-cell link",phase91_ctc_image_template_segmentation_surrogate_v1,phase91_ctc_image_template_segmentation_surrogate_v1,same_cell_supported,high,"model-surrogate replacement label; not external human evidence; image-template, local-crop and geometry evidence support adjacent-frame same-cell link",model_surrogate_not_human,ctc_strong_model_annotation;image_template_segmentation_surrogate;model_surrogate_labels_only;replaces_manual_review_operationally_not_evidentially;not_external_human_audit;not_expert_microscopy_adjudication;not_CTC_ground_truth;not_completed_real_audit_positive_evidence;not_materials_or_DFT_evidence
CTC-PHASE81-0046,Fluo-N2DL-HeLa,2,29,30,Fluo-N2DL-HeLa/02/t029,29,645,599,3,3,Fluo-N2DL-HeLa/02/t030,30,645,599,3,3,raw_overlap_diagnostic,same_cell_supported,high,0.884826,"image-template, local-crop and geometry evidence support adjacent-frame same-cell link",phase91_ctc_image_template_segmentation_surrogate_v1,phase91_ctc_image_template_segmentation_surrogate_v1,same_cell_supported,high,"model-surrogate replacement label; not external human evidence; image-template, local-crop and geometry evidence support adjacent-frame same-cell link",model_surrogate_not_human,ctc_strong_model_annotation;image_template_segmentation_surrogate;model_surrogate_labels_only;replaces_manual_review_operationally_not_evidentially;not_external_human_audit;not_expert_microscopy_adjudication;not_CTC_ground_truth;not_completed_real_audit_positive_evidence;not_materials_or_DFT_evidence
CTC-PHASE81-0050,Fluo-N2DL-HeLa,2,1,2,Fluo-N2DL-HeLa/02/t001,1,581,378,5,5,Fluo-N2DL-HeLa/02/t002,2,581,378,5,5,raw_overlap_diagnostic,same_cell_supported,high,0.966706,"image-template, local-crop and geometry evidence support adjacent-frame same-cell link",phase91_ctc_image_template_segmentation_surrogate_v1,phase91_ctc_image_template_segmentation_surrogate_v1,same_cell_supported,high,"model-surrogate replacement label; not external human evidence; image-template, local-crop and geometry evidence support adjacent-frame same-cell link",model_surrogate_not_human,ctc_strong_model_annotation;image_template_segmentation_surrogate;model_surrogate_labels_only;replaces_manual_review_operationally_not_evidentially;not_external_human_audit;not_expert_microscopy_adjudication;not_CTC_ground_truth;not_completed_real_audit_positive_evidence;not_materials_or_DFT_evidence
CTC-PHASE81-0058,Fluo-N2DL-HeLa,2,17,18,Fluo-N2DL-HeLa/02/t017,17,642,572,3,3,Fluo-N2DL-HeLa/02/t018,18,642,572,4,3,raw_overlap_diagnostic,same_cell_supported,medium,0.816071,"image-template, local-crop and geometry evidence support adjacent-frame same-cell link",phase91_ctc_image_template_segmentation_surrogate_v1,phase91_ctc_image_template_segmentation_surrogate_v1,same_cell_supported,medium,"model-surrogate replacement label; not external human evidence; image-template, local-crop and geometry evidence support adjacent-frame same-cell link",model_surrogate_not_human,ctc_strong_model_annotation;image_template_segmentation_surrogate;model_surrogate_labels_only;replaces_manual_review_operationally_not_evidentially;not_external_human_audit;not_expert_microscopy_adjudication;not_CTC_ground_truth;not_completed_real_audit_positive_evidence;not_materials_or_DFT_evidence
CTC-PHASE81-0072,Fluo-N2DL-HeLa,2,5,6,Fluo-N2DL-HeLa/02/t005,5,575,283,5,5,Fluo-N2DL-HeLa/02/t006,6,575,283,5,5,raw_overlap_diagnostic,same_cell_supported,high,0.930561,"image-template, local-crop and geometry evidence support adjacent-frame same-cell link",phase91_ctc_image_template_segmentation_surrogate_v1,phase91_ctc_image_template_segmentation_surrogate_v1,same_cell_supported,high,"model-surrogate replacement label; not external human evidence; image-template, local-crop and geometry evidence support adjacent-frame same-cell link",model_surrogate_not_human,ctc_strong_model_annotation;image_template_segmentation_surrogate;model_surrogate_labels_only;replaces_manual_review_operationally_not_evidentially;not_external_human_audit;not_expert_microscopy_adjudication;not_CTC_ground_truth;not_completed_real_audit_positive_evidence;not_materials_or_DFT_evidence
CTC-PHASE81-0076,Fluo-N2DL-HeLa,2,2,3,Fluo-N2DL-HeLa/02/t002,2,363,553,5,5,Fluo-N2DL-HeLa/02/t003,3,363,553,5,5,raw_overlap_diagnostic,same_cell_supported,high,0.963062,"image-template, local-crop and geometry evidence support adjacent-frame same-cell link",phase91_ctc_image_template_segmentation_surrogate_v1,phase91_ctc_image_template_segmentation_surrogate_v1,same_cell_supported,high,"model-surrogate replacement label; not external human evidence; image-template, local-crop and geometry evidence support adjacent-frame same-cell link",model_surrogate_not_human,ctc_strong_model_annotation;image_template_segmentation_surrogate;model_surrogate_labels_only;replaces_manual_review_operationally_not_evidentially;not_external_human_audit;not_expert_microscopy_adjudication;not_CTC_ground_truth;not_completed_real_audit_positive_evidence;not_materials_or_DFT_evidence
CTC-PHASE81-0077,Fluo-N2DL-HeLa,2,19,20,Fluo-N2DL-HeLa/02/t019,19,642,583,3,3,Fluo-N2DL-HeLa/02/t020,20,642,583,3,3,raw_overlap_diagnostic,same_cell_supported,medium,0.771602,"image-template, local-crop and geometry evidence support adjacent-frame same-cell link",phase91_ctc_image_template_segmentation_surrogate_v1,phase91_ctc_image_template_segmentation_surrogate_v1,same_cell_supported,medium,"model-surrogate replacement label; not external human evidence; image-template, local-crop and geometry evidence support adjacent-frame same-cell link",model_surrogate_not_human,ctc_strong_model_annotation;image_template_segmentation_surrogate;model_surrogate_labels_only;replaces_manual_review_operationally_not_evidentially;not_external_human_audit;not_expert_microscopy_adjudication;not_CTC_ground_truth;not_completed_real_audit_positive_evidence;not_materials_or_DFT_evidence
CTC-PHASE81-0079,Fluo-N2DL-HeLa,2,26,27,Fluo-N2DL-HeLa/02/t026,26,585,602,1,1,Fluo-N2DL-HeLa/02/t027,27,585,602,1,1,raw_overlap_diagnostic,same_cell_supported,high,0.842344,"image-template, local-crop and geometry evidence support adjacent-frame same-cell link",phase91_ctc_image_template_segmentation_surrogate_v1,phase91_ctc_image_template_segmentation_surrogate_v1,same_cell_supported,high,"model-surrogate replacement label; not external human evidence; image-template, local-crop and geometry evidence support adjacent-frame same-cell link",model_surrogate_not_human,ctc_strong_model_annotation;image_template_segmentation_surrogate;model_surrogate_labels_only;replaces_manual_review_operationally_not_evidentially;not_external_human_audit;not_expert_microscopy_adjudication;not_CTC_ground_truth;not_completed_real_audit_positive_evidence;not_materials_or_DFT_evidence
CTC-PHASE81-0080,Fluo-N2DL-HeLa,2,82,83,Fluo-N2DL-HeLa/02/t082,82,677,180,3,3,Fluo-N2DL-HeLa/02/t083,83,677,180,3,3,raw_overlap_diagnostic,same_cell_supported,high,0.990575,"image-template, local-crop and geometry evidence support adjacent-frame same-cell link",phase91_ctc_image_template_segmentation_surrogate_v1,phase91_ctc_image_template_segmentation_surrogate_v1,same_cell_supported,high,"model-surrogate replacement label; not external human evidence; image-template, local-crop and geometry evidence support adjacent-frame same-cell link",model_surrogate_not_human,ctc_strong_model_annotation;image_template_segmentation_surrogate;model_surrogate_labels_only;replaces_manual_review_operationally_not_evidentially;not_external_human_audit;not_expert_microscopy_adjudication;not_CTC_ground_truth;not_completed_real_audit_positive_evidence;not_materials_or_DFT_evidence
CTC-PHASE81-0087,PhC-C2DH-U373,2,59,60,PhC-C2DH-U373/02/t059,59,77,295,9,9,PhC-C2DH-U373/02/t060,60,77,295,9,9,raw_overlap_diagnostic,same_cell_supported,high,0.854491,"image-template, local-crop and geometry evidence support adjacent-frame same-cell link",phase91_ctc_image_template_segmentation_surrogate_v1,phase91_ctc_image_template_segmentation_surrogate_v1,same_cell_supported,high,"model-surrogate replacement label; not external human evidence; image-template, local-crop and geometry evidence support adjacent-frame same-cell link",model_surrogate_not_human,ctc_strong_model_annotation;image_template_segmentation_surrogate;model_surrogate_labels_only;replaces_manual_review_operationally_not_evidentially;not_external_human_audit;not_expert_microscopy_adjudication;not_CTC_ground_truth;not_completed_real_audit_positive_evidence;not_materials_or_DFT_evidence
CTC-PHASE81-0104,Fluo-N2DL-HeLa,2,88,89,Fluo-N2DL-HeLa/02/t088,88,323,64,3,3,Fluo-N2DL-HeLa/02/t089,89,323,64,3,3,raw_overlap_diagnostic,same_cell_supported,high,0.86116,"image-template, local-crop and geometry evidence support adjacent-frame same-cell link",phase91_ctc_image_template_segmentation_surrogate_v1,phase91_ctc_image_template_segmentation_surrogate_v1,same_cell_supported,high,"model-surrogate replacement label; not external human evidence; image-template, local-crop and geometry evidence support adjacent-frame same-cell link",model_surrogate_not_human,ctc_strong_model_annotation;image_template_segmentation_surrogate;model_surrogate_labels_only;replaces_manual_review_operationally_not_evidentially;not_external_human_audit;not_expert_microscopy_adjudication;not_CTC_ground_truth;not_completed_real_audit_positive_evidence;not_materials_or_DFT_evidence
CTC-PHASE81-0105,PhC-C2DH-U373,2,52,53,PhC-C2DH-U373/02/t052,52,519,461,3,3,PhC-C2DH-U373/02/t053,53,518,461,3,3,raw_overlap_diagnostic,uncertain,medium,0.679129,mixed image-template and geometry evidence; route to human adjudication if used evidentially,phase91_ctc_image_template_segmentation_surrogate_v1,phase91_ctc_image_template_segmentation_surrogate_v1,uncertain,medium,model-surrogate replacement label; not external human evidence; mixed image-template and geometry evidence; route to human adjudication if used evidentially,model_surrogate_not_human,ctc_strong_model_annotation;image_template_segmentation_surrogate;model_surrogate_labels_only;replaces_manual_review_operationally_not_evidentially;not_external_human_audit;not_expert_microscopy_adjudication;not_CTC_ground_truth;not_completed_real_audit_positive_evidence;not_materials_or_DFT_evidence
CTC-PHASE81-0111,PhC-C2DH-U373,2,39,40,PhC-C2DH-U373/02/t039,39,638,296,3,3,PhC-C2DH-U373/02/t040,40,638,296,3,3,raw_overlap_diagnostic,same_cell_supported,medium,0.748115,"image-template, local-crop and geometry evidence support adjacent-frame same-cell link",phase91_ctc_image_template_segmentation_surrogate_v1,phase91_ctc_image_template_segmentation_surrogate_v1,same_cell_supported,medium,"model-surrogate replacement label; not external human evidence; image-template, local-crop and geometry evidence support adjacent-frame same-cell link",model_surrogate_not_human,ctc_strong_model_annotation;image_template_segmentation_surrogate;model_surrogate_labels_only;replaces_manual_review_operationally_not_evidentially;not_external_human_audit;not_expert_microscopy_adjudication;not_CTC_ground_truth;not_completed_real_audit_positive_evidence;not_materials_or_DFT_evidence
CTC-PHASE81-0119,PhC-C2DH-U373,2,104,105,PhC-C2DH-U373/02/t104,104,424,431,3,3,PhC-C2DH-U373/02/t105,105,424,431,3,3,raw_overlap_diagnostic,same_cell_supported,medium,0.816753,"image-template, local-crop and geometry evidence support adjacent-frame same-cell link",phase91_ctc_image_template_segmentation_surrogate_v1,phase91_ctc_image_template_segmentation_surrogate_v1,same_cell_supported,medium,"model-surrogate replacement label; not external human evidence; image-template, local-crop and geometry evidence support adjacent-frame same-cell link",model_surrogate_not_human,ctc_strong_model_annotation;image_template_segmentation_surrogate;model_surrogate_labels_only;replaces_manual_review_operationally_not_evidentially;not_external_human_audit;not_expert_microscopy_adjudication;not_CTC_ground_truth;not_completed_real_audit_positive_evidence;not_materials_or_DFT_evidence
CTC-PHASE81-0120,Fluo-N2DL-HeLa,2,17,18,Fluo-N2DL-HeLa/02/t017,17,920,670,5,5,Fluo-N2DL-HeLa/02/t018,18,920,670,5,5,raw_overlap_diagnostic,same_cell_supported,high,0.964048,"image-template, local-crop and geometry evidence support adjacent-frame same-cell link",phase91_ctc_image_template_segmentation_surrogate_v1,phase91_ctc_image_template_segmentation_surrogate_v1,same_cell_supported,high,"model-surrogate replacement label; not external human evidence; image-template, local-crop and geometry evidence support adjacent-frame same-cell link",model_surrogate_not_human,ctc_strong_model_annotation;image_template_segmentation_surrogate;model_surrogate_labels_only;replaces_manual_review_operationally_not_evidentially;not_external_human_audit;not_expert_microscopy_adjudication;not_CTC_ground_truth;not_completed_real_audit_positive_evidence;not_materials_or_DFT_evidence
CTC-PHASE81-0123,PhC-C2DH-U373,2,86,87,PhC-C2DH-U373/02/t086,86,635,265,3,3,PhC-C2DH-U373/02/t087,87,635,265,3,3,raw_overlap_diagnostic,same_cell_supported,medium,0.787521,"image-template, local-crop and geometry evidence support adjacent-frame same-cell link",phase91_ctc_image_template_segmentation_surrogate_v1,phase91_ctc_image_template_segmentation_surrogate_v1,same_cell_supported,medium,"model-surrogate replacement label; not external human evidence; image-template, local-crop and geometry evidence support adjacent-frame same-cell link",model_surrogate_not_human,ctc_strong_model_annotation;image_template_segmentation_surrogate;model_surrogate_labels_only;replaces_manual_review_operationally_not_evidentially;not_external_human_audit;not_expert_microscopy_adjudication;not_CTC_ground_truth;not_completed_real_audit_positive_evidence;not_materials_or_DFT_evidence
CTC-PHASE81-0125,PhC-C2DH-U373,2,89,90,PhC-C2DH-U373/02/t089,89,61,420,5,5,PhC-C2DH-U373/02/t090,90,61,420,5,5,raw_overlap_diagnostic,same_cell_supported,high,0.945683,"image-template, local-crop and geometry evidence support adjacent-frame same-cell link",phase91_ctc_image_template_segmentation_surrogate_v1,phase91_ctc_image_template_segmentation_surrogate_v1,same_cell_supported,high,"model-surrogate replacement label; not external human evidence; image-template, local-crop and geometry evidence support adjacent-frame same-cell link",model_surrogate_not_human,ctc_strong_model_annotation;image_template_segmentation_surrogate;model_surrogate_labels_only;replaces_manual_review_operationally_not_evidentially;not_external_human_audit;not_expert_microscopy_adjudication;not_CTC_ground_truth;not_completed_real_audit_positive_evidence;not_materials_or_DFT_evidence
CTC-PHASE81-0128,Fluo-N2DL-HeLa,2,5,6,Fluo-N2DL-HeLa/02/t005,5,766,124,5,5,Fluo-N2DL-HeLa/02/t006,6,766,124,5,5,raw_overlap_diagnostic,same_cell_supported,high,0.947496,"image-template, local-crop and geometry evidence support adjacent-frame same-cell link",phase91_ctc_image_template_segmentation_surrogate_v1,phase91_ctc_image_template_segmentation_surrogate_v1,same_cell_supported,high,"model-surrogate replacement label; not external human evidence; image-template, local-crop and geometry evidence support adjacent-frame same-cell link",model_surrogate_not_human,ctc_strong_model_annotation;image_template_segmentation_surrogate;model_surrogate_labels_only;replaces_manual_review_operationally_not_evidentially;not_external_human_audit;not_expert_microscopy_adjudication;not_CTC_ground_truth;not_completed_real_audit_positive_evidence;not_materials_or_DFT_evidence
CTC-PHASE81-0137,PhC-C2DH-U373,2,22,23,PhC-C2DH-U373/02/t022,22,112,422,7,7,PhC-C2DH-U373/02/t023,23,112,422,7,7,raw_overlap_diagnostic,same_cell_supported,high,0.911983,"image-template, local-crop and geometry evidence support adjacent-frame same-cell link",phase91_ctc_image_template_segmentation_surrogate_v1,phase91_ctc_image_template_segmentation_surrogate_v1,same_cell_supported,high,"model-surrogate replacement label; not external human evidence; image-template, local-crop and geometry evidence support adjacent-frame same-cell link",model_surrogate_not_human,ctc_strong_model_annotation;image_template_segmentation_surrogate;model_surrogate_labels_only;replaces_manual_review_operationally_not_evidentially;not_external_human_audit;not_expert_microscopy_adjudication;not_CTC_ground_truth;not_completed_real_audit_positive_evidence;not_materials_or_DFT_evidence
CTC-PHASE81-0146,PhC-C2DH-U373,2,6,7,PhC-C2DH-U373/02/t006,6,62,279,9,9,PhC-C2DH-U373/02/t007,7,62,279,9,9,raw_overlap_diagnostic,same_cell_supported,high,0.861763,"image-template, local-crop and geometry evidence support adjacent-frame same-cell link",phase91_ctc_image_template_segmentation_surrogate_v1,phase91_ctc_image_template_segmentation_surrogate_v1,same_cell_supported,high,"model-surrogate replacement label; not external human evidence; image-template, local-crop and geometry evidence support adjacent-frame same-cell link",model_surrogate_not_human,ctc_strong_model_annotation;image_template_segmentation_surrogate;model_surrogate_labels_only;replaces_manual_review_operationally_not_evidentially;not_external_human_audit;not_expert_microscopy_adjudication;not_CTC_ground_truth;not_completed_real_audit_positive_evidence;not_materials_or_DFT_evidence
CTC-PHASE81-0150,Fluo-N2DL-HeLa,2,84,85,Fluo-N2DL-HeLa/02/t084,84,318,59,3,3,Fluo-N2DL-HeLa/02/t085,85,318,59,3,3,raw_overlap_diagnostic,same_cell_supported,high,0.998198,"image-template, local-crop and geometry evidence support adjacent-frame same-cell link",phase91_ctc_image_template_segmentation_surrogate_v1,phase91_ctc_image_template_segmentation_surrogate_v1,same_cell_supported,high,"model-surrogate replacement label; not external human evidence; image-template, local-crop and geometry evidence support adjacent-frame same-cell link",model_surrogate_not_human,ctc_strong_model_annotation;image_template_segmentation_surrogate;model_surrogate_labels_only;replaces_manual_review_operationally_not_evidentially;not_external_human_audit;not_expert_microscopy_adjudication;not_CTC_ground_truth;not_completed_real_audit_positive_evidence;not_materials_or_DFT_evidence
CTC-PHASE81-0153,PhC-C2DH-U373,2,91,92,PhC-C2DH-U373/02/t091,91,61,420,5,5,PhC-C2DH-U373/02/t092,92,61,420,5,5,raw_overlap_diagnostic,same_cell_supported,high,0.970991,"image-template, local-crop and geometry evidence support adjacent-frame same-cell link",phase91_ctc_image_template_segmentation_surrogate_v1,phase91_ctc_image_template_segmentation_surrogate_v1,same_cell_supported,high,"model-surrogate replacement label; not external human evidence; image-template, local-crop and geometry evidence support adjacent-frame same-cell link",model_surrogate_not_human,ctc_strong_model_annotation;image_template_segmentation_surrogate;model_surrogate_labels_only;replaces_manual_review_operationally_not_evidentially;not_external_human_audit;not_expert_microscopy_adjudication;not_CTC_ground_truth;not_completed_real_audit_positive_evidence;not_materials_or_DFT_evidence
CTC-PHASE81-0155,PhC-C2DH-U373,2,54,55,PhC-C2DH-U373/02/t054,54,633,284,5,5,PhC-C2DH-U373/02/t055,55,633,284,5,5,raw_overlap_diagnostic,same_cell_supported,high,0.876477,"image-template, local-crop and geometry evidence support adjacent-frame same-cell link",phase91_ctc_image_template_segmentation_surrogate_v1,phase91_ctc_image_template_segmentation_surrogate_v1,same_cell_supported,high,"model-surrogate replacement label; not external human evidence; image-template, local-crop and geometry evidence support adjacent-frame same-cell link",model_surrogate_not_human,ctc_strong_model_annotation;image_template_segmentation_surrogate;model_surrogate_labels_only;replaces_manual_review_operationally_not_evidentially;not_external_human_audit;not_expert_microscopy_adjudication;not_CTC_ground_truth;not_completed_real_audit_positive_evidence;not_materials_or_DFT_evidence
CTC-PHASE81-0165,PhC-C2DH-U373,2,99,100,PhC-C2DH-U373/02/t099,99,66,416,5,5,PhC-C2DH-U373/02/t100,100,66,416,5,5,raw_overlap_diagnostic,same_cell_supported,high,0.977015,"image-template, local-crop and geometry evidence support adjacent-frame same-cell link",phase91_ctc_image_template_segmentation_surrogate_v1,phase91_ctc_image_template_segmentation_surrogate_v1,same_cell_supported,high,"model-surrogate replacement label; not external human evidence; image-template, local-crop and geometry evidence support adjacent-frame same-cell link",model_surrogate_not_human,ctc_strong_model_annotation;image_template_segmentation_surrogate;model_surrogate_labels_only;replaces_manual_review_operationally_not_evidentially;not_external_human_audit;not_expert_microscopy_adjudication;not_CTC_ground_truth;not_completed_real_audit_positive_evidence;not_materials_or_DFT_evidence
CTC-PHASE81-0179,PhC-C2DH-U373,2,1,2,PhC-C2DH-U373/02/t001,1,58,292,9,9,PhC-C2DH-U373/02/t002,2,58,292,9,9,raw_overlap_diagnostic,same_cell_supported,medium,0.82983,"image-template, local-crop and geometry evidence support adjacent-frame same-cell link",phase91_ctc_image_template_segmentation_surrogate_v1,phase91_ctc_image_template_segmentation_surrogate_v1,same_cell_supported,medium,"model-surrogate replacement label; not external human evidence; image-template, local-crop and geometry evidence support adjacent-frame same-cell link",model_surrogate_not_human,ctc_strong_model_annotation;image_template_segmentation_surrogate;model_surrogate_labels_only;replaces_manual_review_operationally_not_evidentially;not_external_human_audit;not_expert_microscopy_adjudication;not_CTC_ground_truth;not_completed_real_audit_positive_evidence;not_materials_or_DFT_evidence
CTC-PHASE81-0189,PhC-C2DH-U373,2,30,31,PhC-C2DH-U373/02/t030,30,88,240,9,9,PhC-C2DH-U373/02/t031,31,88,240,9,9,raw_overlap_diagnostic,same_cell_supported,high,0.900326,"image-template, local-crop and geometry evidence support adjacent-frame same-cell link",phase91_ctc_image_template_segmentation_surrogate_v1,phase91_ctc_image_template_segmentation_surrogate_v1,same_cell_supported,high,"model-surrogate replacement label; not external human evidence; image-template, local-crop and geometry evidence support adjacent-frame same-cell link",model_surrogate_not_human,ctc_strong_model_annotation;image_template_segmentation_surrogate;model_surrogate_labels_only;replaces_manual_review_operationally_not_evidentially;not_external_human_audit;not_expert_microscopy_adjudication;not_CTC_ground_truth;not_completed_real_audit_positive_evidence;not_materials_or_DFT_evidence
CTC-PHASE81-0199,Fluo-N2DL-HeLa,2,2,3,Fluo-N2DL-HeLa/02/t002,2,454,626,5,5,Fluo-N2DL-HeLa/02/t003,3,454,626,5,5,raw_overlap_diagnostic,same_cell_supported,high,0.994226,"image-template, local-crop and geometry evidence support adjacent-frame same-cell link",phase91_ctc_image_template_segmentation_surrogate_v1,phase91_ctc_image_template_segmentation_surrogate_v1,same_cell_supported,high,"model-surrogate replacement label; not external human evidence; image-template, local-crop and geometry evidence support adjacent-frame same-cell link",model_surrogate_not_human,ctc_strong_model_annotation;image_template_segmentation_surrogate;model_surrogate_labels_only;replaces_manual_review_operationally_not_evidentially;not_external_human_audit;not_expert_microscopy_adjudication;not_CTC_ground_truth;not_completed_real_audit_positive_evidence;not_materials_or_DFT_evidence
CTC-PHASE81-0212,PhC-C2DH-U373,2,73,74,PhC-C2DH-U373/02/t073,73,58,423,5,5,PhC-C2DH-U373/02/t074,74,58,423,5,5,raw_overlap_diagnostic,same_cell_supported,high,0.895679,"image-template, local-crop and geometry evidence support adjacent-frame same-cell link",phase91_ctc_image_template_segmentation_surrogate_v1,phase91_ctc_image_template_segmentation_surrogate_v1,same_cell_supported,high,"model-surrogate replacement label; not external human evidence; image-template, local-crop and geometry evidence support adjacent-frame same-cell link",model_surrogate_not_human,ctc_strong_model_annotation;image_template_segmentation_surrogate;model_surrogate_labels_only;replaces_manual_review_operationally_not_evidentially;not_external_human_audit;not_expert_microscopy_adjudication;not_CTC_ground_truth;not_completed_real_audit_positive_evidence;not_materials_or_DFT_evidence
CTC-PHASE81-0227,PhC-C2DH-U373,2,3,4,PhC-C2DH-U373/02/t003,3,578,106,9,9,PhC-C2DH-U373/02/t004,4,578,106,9,9,raw_overlap_diagnostic,same_cell_supported,high,0.916518,"image-template, local-crop and geometry evidence support adjacent-frame same-cell link",phase91_ctc_image_template_segmentation_surrogate_v1,phase91_ctc_image_template_segmentation_surrogate_v1,same_cell_supported,high,"model-surrogate replacement label; not external human evidence; image-template, local-crop and geometry evidence support adjacent-frame same-cell link",model_surrogate_not_human,ctc_strong_model_annotation;image_template_segmentation_surrogate;model_surrogate_labels_only;replaces_manual_review_operationally_not_evidentially;not_external_human_audit;not_expert_microscopy_adjudication;not_CTC_ground_truth;not_completed_real_audit_positive_evidence;not_materials_or_DFT_evidence
CTC-PHASE81-0230,PhC-C2DH-U373,2,0,1,PhC-C2DH-U373/02/t000,0,582,108,9,9,PhC-C2DH-U373/02/t001,1,581,108,9,9,raw_overlap_diagnostic,same_cell_supported,high,0.942038,"image-template, local-crop and geometry evidence support adjacent-frame same-cell link",phase91_ctc_image_template_segmentation_surrogate_v1,phase91_ctc_image_template_segmentation_surrogate_v1,same_cell_supported,high,"model-surrogate replacement label; not external human evidence; image-template, local-crop and geometry evidence support adjacent-frame same-cell link",model_surrogate_not_human,ctc_strong_model_annotation;image_template_segmentation_surrogate;model_surrogate_labels_only;replaces_manual_review_operationally_not_evidentially;not_external_human_audit;not_expert_microscopy_adjudication;not_CTC_ground_truth;not_completed_real_audit_positive_evidence;not_materials_or_DFT_evidence
CTC-PHASE81-0233,PhC-C2DH-U373,2,37,38,PhC-C2DH-U373/02/t037,37,92,244,9,9,PhC-C2DH-U373/02/t038,38,92,244,9,9,raw_overlap_diagnostic,same_cell_supported,high,0.935226,"image-template, local-crop and geometry evidence support adjacent-frame same-cell link",phase91_ctc_image_template_segmentation_surrogate_v1,phase91_ctc_image_template_segmentation_surrogate_v1,same_cell_supported,high,"model-surrogate replacement label; not external human evidence; image-template, local-crop and geometry evidence support adjacent-frame same-cell link",model_surrogate_not_human,ctc_strong_model_annotation;image_template_segmentation_surrogate;model_surrogate_labels_only;replaces_manual_review_operationally_not_evidentially;not_external_human_audit;not_expert_microscopy_adjudication;not_CTC_ground_truth;not_completed_real_audit_positive_evidence;not_materials_or_DFT_evidence
CTC-PHASE81-0234,PhC-C2DH-U373,2,96,97,PhC-C2DH-U373/02/t096,96,67,416,5,5,PhC-C2DH-U373/02/t097,97,67,416,5,5,raw_overlap_diagnostic,same_cell_supported,high,0.966526,"image-template, local-crop and geometry evidence support adjacent-frame same-cell link",phase91_ctc_image_template_segmentation_surrogate_v1,phase91_ctc_image_template_segmentation_surrogate_v1,same_cell_supported,high,"model-surrogate replacement label; not external human evidence; image-template, local-crop and geometry evidence support adjacent-frame same-cell link",model_surrogate_not_human,ctc_strong_model_annotation;image_template_segmentation_surrogate;model_surrogate_labels_only;replaces_manual_review_operationally_not_evidentially;not_external_human_audit;not_expert_microscopy_adjudication;not_CTC_ground_truth;not_completed_real_audit_positive_evidence;not_materials_or_DFT_evidence
CTC-PHASE81-0238,PhC-C2DH-U373,2,72,73,PhC-C2DH-U373/02/t072,72,58,422,5,6,PhC-C2DH-U373/02/t073,73,58,423,5,5,raw_overlap_diagnostic,same_cell_supported,high,0.883052,"image-template, local-crop and geometry evidence support adjacent-frame same-cell link",phase91_ctc_image_template_segmentation_surrogate_v1,phase91_ctc_image_template_segmentation_surrogate_v1,same_cell_supported,high,"model-surrogate replacement label; not external human evidence; image-template, local-crop and geometry evidence support adjacent-frame same-cell link",model_surrogate_not_human,ctc_strong_model_annotation;image_template_segmentation_surrogate;model_surrogate_labels_only;replaces_manual_review_operationally_not_evidentially;not_external_human_audit;not_expert_microscopy_adjudication;not_CTC_ground_truth;not_completed_real_audit_positive_evidence;not_materials_or_DFT_evidence
CTC-PHASE81-0250,PhC-C2DH-U373,2,36,37,PhC-C2DH-U373/02/t036,36,92,244,9,9,PhC-C2DH-U373/02/t037,37,92,244,9,9,raw_overlap_diagnostic,same_cell_supported,high,0.972014,"image-template, local-crop and geometry evidence support adjacent-frame same-cell link",phase91_ctc_image_template_segmentation_surrogate_v1,phase91_ctc_image_template_segmentation_surrogate_v1,same_cell_supported,high,"model-surrogate replacement label; not external human evidence; image-template, local-crop and geometry evidence support adjacent-frame same-cell link",model_surrogate_not_human,ctc_strong_model_annotation;image_template_segmentation_surrogate;model_surrogate_labels_only;replaces_manual_review_operationally_not_evidentially;not_external_human_audit;not_expert_microscopy_adjudication;not_CTC_ground_truth;not_completed_real_audit_positive_evidence;not_materials_or_DFT_evidence
CTC-PHASE81-0253,PhC-C2DH-U373,2,31,32,PhC-C2DH-U373/02/t031,31,547,148,9,9,PhC-C2DH-U373/02/t032,32,547,148,9,9,raw_overlap_diagnostic,same_cell_supported,high,0.925157,"image-template, local-crop and geometry evidence support adjacent-frame same-cell link",phase91_ctc_image_template_segmentation_surrogate_v1,phase91_ctc_image_template_segmentation_surrogate_v1,same_cell_supported,high,"model-surrogate replacement label; not external human evidence; image-template, local-crop and geometry evidence support adjacent-frame same-cell link",model_surrogate_not_human,ctc_strong_model_annotation;image_template_segmentation_surrogate;model_surrogate_labels_only;replaces_manual_review_operationally_not_evidentially;not_external_human_audit;not_expert_microscopy_adjudication;not_CTC_ground_truth;not_completed_real_audit_positive_evidence;not_materials_or_DFT_evidence
CTC-PHASE81-0260,Fluo-N2DL-HeLa,2,13,14,Fluo-N2DL-HeLa/02/t013,13,384,631,5,5,Fluo-N2DL-HeLa/02/t014,14,384,631,5,5,raw_overlap_diagnostic,same_cell_supported,high,0.961117,"image-template, local-crop and geometry evidence support adjacent-frame same-cell link",phase91_ctc_image_template_segmentation_surrogate_v1,phase91_ctc_image_template_segmentation_surrogate_v1,same_cell_supported,high,"model-surrogate replacement label; not external human evidence; image-template, local-crop and geometry evidence support adjacent-frame same-cell link",model_surrogate_not_human,ctc_strong_model_annotation;image_template_segmentation_surrogate;model_surrogate_labels_only;replaces_manual_review_operationally_not_evidentially;not_external_human_audit;not_expert_microscopy_adjudication;not_CTC_ground_truth;not_completed_real_audit_positive_evidence;not_materials_or_DFT_evidence
CTC-PHASE81-0261,PhC-C2DH-U373,2,56,57,PhC-C2DH-U373/02/t056,56,63,423,5,5,PhC-C2DH-U373/02/t057,57,63,422,5,5,raw_overlap_diagnostic,same_cell_supported,high,0.897062,"image-template, local-crop and geometry evidence support adjacent-frame same-cell link",phase91_ctc_image_template_segmentation_surrogate_v1,phase91_ctc_image_template_segmentation_surrogate_v1,same_cell_supported,high,"model-surrogate replacement label; not external human evidence; image-template, local-crop and geometry evidence support adjacent-frame same-cell link",model_surrogate_not_human,ctc_strong_model_annotation;image_template_segmentation_surrogate;model_surrogate_labels_only;replaces_manual_review_operationally_not_evidentially;not_external_human_audit;not_expert_microscopy_adjudication;not_CTC_ground_truth;not_completed_real_audit_positive_evidence;not_materials_or_DFT_evidence
CTC-PHASE81-0271,PhC-C2DH-U373,2,42,43,PhC-C2DH-U373/02/t042,42,638,296,3,3,PhC-C2DH-U373/02/t043,43,638,296,3,3,raw_overlap_diagnostic,same_cell_supported,medium,0.759865,"image-template, local-crop and geometry evidence support adjacent-frame same-cell link",phase91_ctc_image_template_segmentation_surrogate_v1,phase91_ctc_image_template_segmentation_surrogate_v1,same_cell_supported,medium,"model-surrogate replacement label; not external human evidence; image-template, local-crop and geometry evidence support adjacent-frame same-cell link",model_surrogate_not_human,ctc_strong_model_annotation;image_template_segmentation_surrogate;model_surrogate_labels_only;replaces_manual_review_operationally_not_evidentially;not_external_human_audit;not_expert_microscopy_adjudication;not_CTC_ground_truth;not_completed_real_audit_positive_evidence;not_materials_or_DFT_evidence
CTC-PHASE81-0275,Fluo-N2DL-HeLa,2,83,84,Fluo-N2DL-HeLa/02/t083,83,494,276,3,3,Fluo-N2DL-HeLa/02/t084,84,494,276,3,3,raw_overlap_diagnostic,same_cell_supported,high,0.937699,"image-template, local-crop and geometry evidence support adjacent-frame same-cell link",phase91_ctc_image_template_segmentation_surrogate_v1,phase91_ctc_image_template_segmentation_surrogate_v1,same_cell_supported,high,"model-surrogate replacement label; not external human evidence; image-template, local-crop and geometry evidence support adjacent-frame same-cell link",model_surrogate_not_human,ctc_strong_model_annotation;image_template_segmentation_surrogate;model_surrogate_labels_only;replaces_manual_review_operationally_not_evidentially;not_external_human_audit;not_expert_microscopy_adjudication;not_CTC_ground_truth;not_completed_real_audit_positive_evidence;not_materials_or_DFT_evidence
CTC-PHASE81-0278,Fluo-N2DL-HeLa,2,4,5,Fluo-N2DL-HeLa/02/t004,4,387,630,5,5,Fluo-N2DL-HeLa/02/t005,5,387,630,5,5,raw_overlap_diagnostic,same_cell_supported,high,0.967436,"image-template, local-crop and geometry evidence support adjacent-frame same-cell link",phase91_ctc_image_template_segmentation_surrogate_v1,phase91_ctc_image_template_segmentation_surrogate_v1,same_cell_supported,high,"model-surrogate replacement label; not external human evidence; image-template, local-crop and geometry evidence support adjacent-frame same-cell link",model_surrogate_not_human,ctc_strong_model_annotation;image_template_segmentation_surrogate;model_surrogate_labels_only;replaces_manual_review_operationally_not_evidentially;not_external_human_audit;not_expert_microscopy_adjudication;not_CTC_ground_truth;not_completed_real_audit_positive_evidence;not_materials_or_DFT_evidence
CTC-PHASE81-0280,PhC-C2DH-U373,2,1,2,PhC-C2DH-U373/02/t001,1,581,108,9,9,PhC-C2DH-U373/02/t002,2,581,107,9,9,raw_overlap_diagnostic,same_cell_supported,high,0.907034,"image-template, local-crop and geometry evidence support adjacent-frame same-cell link",phase91_ctc_image_template_segmentation_surrogate_v1,phase91_ctc_image_template_segmentation_surrogate_v1,same_cell_supported,high,"model-surrogate replacement label; not external human evidence; image-template, local-crop and geometry evidence support adjacent-frame same-cell link",model_surrogate_not_human,ctc_strong_model_annotation;image_template_segmentation_surrogate;model_surrogate_labels_only;replaces_manual_review_operationally_not_evidentially;not_external_human_audit;not_expert_microscopy_adjudication;not_CTC_ground_truth;not_completed_real_audit_positive_evidence;not_materials_or_DFT_evidence
CTC-PHASE81-0292,Fluo-N2DL-HeLa,2,8,9,Fluo-N2DL-HeLa/02/t008,8,559,104,5,5,Fluo-N2DL-HeLa/02/t009,9,559,104,5,5,raw_overlap_diagnostic,same_cell_supported,medium,0.753796,"image-template, local-crop and geometry evidence support adjacent-frame same-cell link",phase91_ctc_image_template_segmentation_surrogate_v1,phase91_ctc_image_template_segmentation_surrogate_v1,same_cell_supported,medium,"model-surrogate replacement label; not external human evidence; image-template, local-crop and geometry evidence support adjacent-frame same-cell link",model_surrogate_not_human,ctc_strong_model_annotation;image_template_segmentation_surrogate;model_surrogate_labels_only;replaces_manual_review_operationally_not_evidentially;not_external_human_audit;not_expert_microscopy_adjudication;not_CTC_ground_truth;not_completed_real_audit_positive_evidence;not_materials_or_DFT_evidence
CTC-PHASE81-0295,Fluo-N2DL-HeLa,2,1,2,Fluo-N2DL-HeLa/02/t001,1,918,283,5,5,Fluo-N2DL-HeLa/02/t002,2,918,283,5,5,raw_overlap_diagnostic,same_cell_supported,high,0.933496,"image-template, local-crop and geometry evidence support adjacent-frame same-cell link",phase91_ctc_image_template_segmentation_surrogate_v1,phase91_ctc_image_template_segmentation_surrogate_v1,same_cell_supported,high,"model-surrogate replacement label; not external human evidence; image-template, local-crop and geometry evidence support adjacent-frame same-cell link",model_surrogate_not_human,ctc_strong_model_annotation;image_template_segmentation_surrogate;model_surrogate_labels_only;replaces_manual_review_operationally_not_evidentially;not_external_human_audit;not_expert_microscopy_adjudication;not_CTC_ground_truth;not_completed_real_audit_positive_evidence;not_materials_or_DFT_evidence
CTC-PHASE81-0297,Fluo-N2DL-HeLa,2,1,2,Fluo-N2DL-HeLa/02/t001,1,696,602,5,5,Fluo-N2DL-HeLa/02/t002,2,696,602,5,5,raw_overlap_diagnostic,same_cell_supported,high,0.993046,"image-template, local-crop and geometry evidence support adjacent-frame same-cell link",phase91_ctc_image_template_segmentation_surrogate_v1,phase91_ctc_image_template_segmentation_surrogate_v1,same_cell_supported,high,"model-surrogate replacement label; not external human evidence; image-template, local-crop and geometry evidence support adjacent-frame same-cell link",model_surrogate_not_human,ctc_strong_model_annotation;image_template_segmentation_surrogate;model_surrogate_labels_only;replaces_manual_review_operationally_not_evidentially;not_external_human_audit;not_expert_microscopy_adjudication;not_CTC_ground_truth;not_completed_real_audit_positive_evidence;not_materials_or_DFT_evidence
CTC-PHASE81-0300,Fluo-N2DL-HeLa,2,14,15,Fluo-N2DL-HeLa/02/t014,14,720,33,5,5,Fluo-N2DL-HeLa/02/t015,15,720,33,5,5,raw_overlap_diagnostic,same_cell_supported,high,0.890301,"image-template, local-crop and geometry evidence support adjacent-frame same-cell link",phase91_ctc_image_template_segmentation_surrogate_v1,phase91_ctc_image_template_segmentation_surrogate_v1,same_cell_supported,high,"model-surrogate replacement label; not external human evidence; image-template, local-crop and geometry evidence support adjacent-frame same-cell link",model_surrogate_not_human,ctc_strong_model_annotation;image_template_segmentation_surrogate;model_surrogate_labels_only;replaces_manual_review_operationally_not_evidentially;not_external_human_audit;not_expert_microscopy_adjudication;not_CTC_ground_truth;not_completed_real_audit_positive_evidence;not_materials_or_DFT_evidence
CTC-PHASE81-0306,Fluo-N2DL-HeLa,2,36,37,Fluo-N2DL-HeLa/02/t036,36,590,571,1,1,Fluo-N2DL-HeLa/02/t037,37,590,571,1,1,raw_overlap_diagnostic,same_cell_supported,high,0.928866,"image-template, local-crop and geometry evidence support adjacent-frame same-cell link",phase91_ctc_image_template_segmentation_surrogate_v1,phase91_ctc_image_template_segmentation_surrogate_v1,same_cell_supported,high,"model-surrogate replacement label; not external human evidence; image-template, local-crop and geometry evidence support adjacent-frame same-cell link",model_surrogate_not_human,ctc_strong_model_annotation;image_template_segmentation_surrogate;model_surrogate_labels_only;replaces_manual_review_operationally_not_evidentially;not_external_human_audit;not_expert_microscopy_adjudication;not_CTC_ground_truth;not_completed_real_audit_positive_evidence;not_materials_or_DFT_evidence
CTC-PHASE81-0307,Fluo-N2DL-HeLa,2,21,22,Fluo-N2DL-HeLa/02/t021,21,580,604,2,1,Fluo-N2DL-HeLa/02/t022,22,580,604,1,1,raw_overlap_diagnostic,uncertain,medium,0.614377,mixed image-template and geometry evidence; route to human adjudication if used evidentially,phase91_ctc_image_template_segmentation_surrogate_v1,phase91_ctc_image_template_segmentation_surrogate_v1,uncertain,medium,model-surrogate replacement label; not external human evidence; mixed image-template and geometry evidence; route to human adjudication if used evidentially,model_surrogate_not_human,ctc_strong_model_annotation;image_template_segmentation_surrogate;model_surrogate_labels_only;replaces_manual_review_operationally_not_evidentially;not_external_human_audit;not_expert_microscopy_adjudication;not_CTC_ground_truth;not_completed_real_audit_positive_evidence;not_materials_or_DFT_evidence
CTC-PHASE81-0323,Fluo-N2DL-HeLa,2,74,75,Fluo-N2DL-HeLa/02/t074,74,328,66,3,3,Fluo-N2DL-HeLa/02/t075,75,328,66,3,3,raw_overlap_diagnostic,same_cell_supported,medium,0.801415,"image-template, local-crop and geometry evidence support adjacent-frame same-cell link",phase91_ctc_image_template_segmentation_surrogate_v1,phase91_ctc_image_template_segmentation_surrogate_v1,same_cell_supported,medium,"model-surrogate replacement label; not external human evidence; image-template, local-crop and geometry evidence support adjacent-frame same-cell link",model_surrogate_not_human,ctc_strong_model_annotation;image_template_segmentation_surrogate;model_surrogate_labels_only;replaces_manual_review_operationally_not_evidentially;not_external_human_audit;not_expert_microscopy_adjudication;not_CTC_ground_truth;not_completed_real_audit_positive_evidence;not_materials_or_DFT_evidence
CTC-PHASE81-0339,PhC-C2DH-U373,2,70,71,PhC-C2DH-U373/02/t070,70,480,458,3,3,PhC-C2DH-U373/02/t071,71,480,458,3,3,raw_overlap_diagnostic,same_cell_supported,medium,0.741188,"image-template, local-crop and geometry evidence support adjacent-frame same-cell link",phase91_ctc_image_template_segmentation_surrogate_v1,phase91_ctc_image_template_segmentation_surrogate_v1,same_cell_supported,medium,"model-surrogate replacement label; not external human evidence; image-template, local-crop and geometry evidence support adjacent-frame same-cell link",model_surrogate_not_human,ctc_strong_model_annotation;image_template_segmentation_surrogate;model_surrogate_labels_only;replaces_manual_review_operationally_not_evidentially;not_external_human_audit;not_expert_microscopy_adjudication;not_CTC_ground_truth;not_completed_real_audit_positive_evidence;not_materials_or_DFT_evidence
CTC-PHASE81-0340,Fluo-N2DL-HeLa,2,81,82,Fluo-N2DL-HeLa/02/t081,81,324,63,3,3,Fluo-N2DL-HeLa/02/t082,82,324,63,3,3,raw_overlap_diagnostic,same_cell_supported,medium,0.817751,"image-template, local-crop and geometry evidence support adjacent-frame same-cell link",phase91_ctc_image_template_segmentation_surrogate_v1,phase91_ctc_image_template_segmentation_surrogate_v1,same_cell_supported,medium,"model-surrogate replacement label; not external human evidence; image-template, local-crop and geometry evidence support adjacent-frame same-cell link",model_surrogate_not_human,ctc_strong_model_annotation;image_template_segmentation_surrogate;model_surrogate_labels_only;replaces_manual_review_operationally_not_evidentially;not_external_human_audit;not_expert_microscopy_adjudication;not_CTC_ground_truth;not_completed_real_audit_positive_evidence;not_materials_or_DFT_evidence
CTC-PHASE81-0352,PhC-C2DH-U373,2,77,78,PhC-C2DH-U373/02/t077,77,187,172,9,9,PhC-C2DH-U373/02/t078,78,187,172,9,9,raw_overlap_diagnostic,same_cell_supported,high,0.958927,"image-template, local-crop and geometry evidence support adjacent-frame same-cell link",phase91_ctc_image_template_segmentation_surrogate_v1,phase91_ctc_image_template_segmentation_surrogate_v1,same_cell_supported,high,"model-surrogate replacement label; not external human evidence; image-template, local-crop and geometry evidence support adjacent-frame same-cell link",model_surrogate_not_human,ctc_strong_model_annotation;image_template_segmentation_surrogate;model_surrogate_labels_only;replaces_manual_review_operationally_not_evidentially;not_external_human_audit;not_expert_microscopy_adjudication;not_CTC_ground_truth;not_completed_real_audit_positive_evidence;not_materials_or_DFT_evidence
CTC-PHASE81-0361,Fluo-N2DL-HeLa,2,90,91,Fluo-N2DL-HeLa/02/t090,90,503,285,3,3,Fluo-N2DL-HeLa/02/t091,91,503,285,3,3,raw_overlap_diagnostic,same_cell_supported,high,0.956548,"image-template, local-crop and geometry evidence support adjacent-frame same-cell link",phase91_ctc_image_template_segmentation_surrogate_v1,phase91_ctc_image_template_segmentation_surrogate_v1,same_cell_supported,high,"model-surrogate replacement label; not external human evidence; image-template, local-crop and geometry evidence support adjacent-frame same-cell link",model_surrogate_not_human,ctc_strong_model_annotation;image_template_segmentation_surrogate;model_surrogate_labels_only;replaces_manual_review_operationally_not_evidentially;not_external_human_audit;not_expert_microscopy_adjudication;not_CTC_ground_truth;not_completed_real_audit_positive_evidence;not_materials_or_DFT_evidence
CTC-PHASE81-0369,PhC-C2DH-U373,2,55,56,PhC-C2DH-U373/02/t055,55,56,437,5,5,PhC-C2DH-U373/02/t056,56,56,437,5,5,raw_overlap_diagnostic,same_cell_supported,high,0.867903,"image-template, local-crop and geometry evidence support adjacent-frame same-cell link",phase91_ctc_image_template_segmentation_surrogate_v1,phase91_ctc_image_template_segmentation_surrogate_v1,same_cell_supported,high,"model-surrogate replacement label; not external human evidence; image-template, local-crop and geometry evidence support adjacent-frame same-cell link",model_surrogate_not_human,ctc_strong_model_annotation;image_template_segmentation_surrogate;model_surrogate_labels_only;replaces_manual_review_operationally_not_evidentially;not_external_human_audit;not_expert_microscopy_adjudication;not_CTC_ground_truth;not_completed_real_audit_positive_evidence;not_materials_or_DFT_evidence
CTC-PHASE81-0371,PhC-C2DH-U373,2,24,25,PhC-C2DH-U373/02/t024,24,643,324,3,3,PhC-C2DH-U373/02/t025,25,642,324,3,3,raw_overlap_diagnostic,same_cell_supported,medium,0.782047,"image-template, local-crop and geometry evidence support adjacent-frame same-cell link",phase91_ctc_image_template_segmentation_surrogate_v1,phase91_ctc_image_template_segmentation_surrogate_v1,same_cell_supported,medium,"model-surrogate replacement label; not external human evidence; image-template, local-crop and geometry evidence support adjacent-frame same-cell link",model_surrogate_not_human,ctc_strong_model_annotation;image_template_segmentation_surrogate;model_surrogate_labels_only;replaces_manual_review_operationally_not_evidentially;not_external_human_audit;not_expert_microscopy_adjudication;not_CTC_ground_truth;not_completed_real_audit_positive_evidence;not_materials_or_DFT_evidence
CTC-PHASE81-0373,PhC-C2DH-U373,2,31,32,PhC-C2DH-U373/02/t031,31,565,457,5,5,PhC-C2DH-U373/02/t032,32,564,457,5,5,raw_overlap_diagnostic,same_cell_supported,high,0.920611,"image-template, local-crop and geometry evidence support adjacent-frame same-cell link",phase91_ctc_image_template_segmentation_surrogate_v1,phase91_ctc_image_template_segmentation_surrogate_v1,same_cell_supported,high,"model-surrogate replacement label; not external human evidence; image-template, local-crop and geometry evidence support adjacent-frame same-cell link",model_surrogate_not_human,ctc_strong_model_annotation;image_template_segmentation_surrogate;model_surrogate_labels_only;replaces_manual_review_operationally_not_evidentially;not_external_human_audit;not_expert_microscopy_adjudication;not_CTC_ground_truth;not_completed_real_audit_positive_evidence;not_materials_or_DFT_evidence
CTC-PHASE81-0377,Fluo-N2DL-HeLa,2,13,14,Fluo-N2DL-HeLa/02/t013,13,456,566,5,5,Fluo-N2DL-HeLa/02/t014,14,456,566,5,5,raw_overlap_diagnostic,same_cell_supported,high,0.962803,"image-template, local-crop and geometry evidence support adjacent-frame same-cell link",phase91_ctc_image_template_segmentation_surrogate_v1,phase91_ctc_image_template_segmentation_surrogate_v1,same_cell_supported,high,"model-surrogate replacement label; not external human evidence; image-template, local-crop and geometry evidence support adjacent-frame same-cell link",model_surrogate_not_human,ctc_strong_model_annotation;image_template_segmentation_surrogate;model_surrogate_labels_only;replaces_manual_review_operationally_not_evidentially;not_external_human_audit;not_expert_microscopy_adjudication;not_CTC_ground_truth;not_completed_real_audit_positive_evidence;not_materials_or_DFT_evidence
CTC-PHASE81-0379,Fluo-N2DL-HeLa,2,49,50,Fluo-N2DL-HeLa/02/t049,49,488,86,3,3,Fluo-N2DL-HeLa/02/t050,50,488,86,3,3,raw_overlap_diagnostic,same_cell_supported,high,0.899988,"image-template, local-crop and geometry evidence support adjacent-frame same-cell link",phase91_ctc_image_template_segmentation_surrogate_v1,phase91_ctc_image_template_segmentation_surrogate_v1,same_cell_supported,high,"model-surrogate replacement label; not external human evidence; image-template, local-crop and geometry evidence support adjacent-frame same-cell link",model_surrogate_not_human,ctc_strong_model_annotation;image_template_segmentation_surrogate;model_surrogate_labels_only;replaces_manual_review_operationally_not_evidentially;not_external_human_audit;not_expert_microscopy_adjudication;not_CTC_ground_truth;not_completed_real_audit_positive_evidence;not_materials_or_DFT_evidence
CTC-PHASE81-0388,Fluo-N2DL-HeLa,2,1,2,Fluo-N2DL-HeLa/02/t001,1,598,124,5,5,Fluo-N2DL-HeLa/02/t002,2,598,124,5,5,raw_overlap_diagnostic,same_cell_supported,high,0.957234,"image-template, local-crop and geometry evidence support adjacent-frame same-cell link",phase91_ctc_image_template_segmentation_surrogate_v1,phase91_ctc_image_template_segmentation_surrogate_v1,same_cell_supported,high,"model-surrogate replacement label; not external human evidence; image-template, local-crop and geometry evidence support adjacent-frame same-cell link",model_surrogate_not_human,ctc_strong_model_annotation;image_template_segmentation_surrogate;model_surrogate_labels_only;replaces_manual_review_operationally_not_evidentially;not_external_human_audit;not_expert_microscopy_adjudication;not_CTC_ground_truth;not_completed_real_audit_positive_evidence;not_materials_or_DFT_evidence
CTC-PHASE81-0389,Fluo-N2DL-HeLa,2,0,1,Fluo-N2DL-HeLa/02/t000,0,767,65,5,5,Fluo-N2DL-HeLa/02/t001,1,767,65,5,5,raw_overlap_diagnostic,same_cell_supported,high,0.853994,"image-template, local-crop and geometry evidence support adjacent-frame same-cell link",phase91_ctc_image_template_segmentation_surrogate_v1,phase91_ctc_image_template_segmentation_surrogate_v1,same_cell_supported,high,"model-surrogate replacement label; not external human evidence; image-template, local-crop and geometry evidence support adjacent-frame same-cell link",model_surrogate_not_human,ctc_strong_model_annotation;image_template_segmentation_surrogate;model_surrogate_labels_only;replaces_manual_review_operationally_not_evidentially;not_external_human_audit;not_expert_microscopy_adjudication;not_CTC_ground_truth;not_completed_real_audit_positive_evidence;not_materials_or_DFT_evidence
CTC-PHASE81-0395,PhC-C2DH-U373,2,4,5,PhC-C2DH-U373/02/t004,4,196,181,11,11,PhC-C2DH-U373/02/t005,5,196,181,11,11,raw_overlap_diagnostic,same_cell_supported,high,0.931263,"image-template, local-crop and geometry evidence support adjacent-frame same-cell link",phase91_ctc_image_template_segmentation_surrogate_v1,phase91_ctc_image_template_segmentation_surrogate_v1,same_cell_supported,high,"model-surrogate replacement label; not external human evidence; image-template, local-crop and geometry evidence support adjacent-frame same-cell link",model_surrogate_not_human,ctc_strong_model_annotation;image_template_segmentation_surrogate;model_surrogate_labels_only;replaces_manual_review_operationally_not_evidentially;not_external_human_audit;not_expert_microscopy_adjudication;not_CTC_ground_truth;not_completed_real_audit_positive_evidence;not_materials_or_DFT_evidence
CTC-PHASE81-0401,PhC-C2DH-U373,2,25,26,PhC-C2DH-U373/02/t025,25,112,422,7,7,PhC-C2DH-U373/02/t026,26,112,422,8,8,raw_overlap_diagnostic,same_cell_supported,high,0.881929,"image-template, local-crop and geometry evidence support adjacent-frame same-cell link",phase91_ctc_image_template_segmentation_surrogate_v1,phase91_ctc_image_template_segmentation_surrogate_v1,same_cell_supported,high,"model-surrogate replacement label; not external human evidence; image-template, local-crop and geometry evidence support adjacent-frame same-cell link",model_surrogate_not_human,ctc_strong_model_annotation;image_template_segmentation_surrogate;model_surrogate_labels_only;replaces_manual_review_operationally_not_evidentially;not_external_human_audit;not_expert_microscopy_adjudication;not_CTC_ground_truth;not_completed_real_audit_positive_evidence;not_materials_or_DFT_evidence
CTC-PHASE81-0410,Fluo-N2DL-HeLa,2,19,20,Fluo-N2DL-HeLa/02/t019,19,582,606,1,1,Fluo-N2DL-HeLa/02/t020,20,582,606,1,1,raw_overlap_diagnostic,same_cell_supported,medium,0.768164,"image-template, local-crop and geometry evidence support adjacent-frame same-cell link",phase91_ctc_image_template_segmentation_surrogate_v1,phase91_ctc_image_template_segmentation_surrogate_v1,same_cell_supported,medium,"model-surrogate replacement label; not external human evidence; image-template, local-crop and geometry evidence support adjacent-frame same-cell link",model_surrogate_not_human,ctc_strong_model_annotation;image_template_segmentation_surrogate;model_surrogate_labels_only;replaces_manual_review_operationally_not_evidentially;not_external_human_audit;not_expert_microscopy_adjudication;not_CTC_ground_truth;not_completed_real_audit_positive_evidence;not_materials_or_DFT_evidence
CTC-PHASE81-0418,Fluo-N2DL-HeLa,2,23,24,Fluo-N2DL-HeLa/02/t023,23,675,537,5,5,Fluo-N2DL-HeLa/02/t024,24,675,537,5,5,raw_overlap_diagnostic,same_cell_supported,high,0.972985,"image-template, local-crop and geometry evidence support adjacent-frame same-cell link",phase91_ctc_image_template_segmentation_surrogate_v1,phase91_ctc_image_template_segmentation_surrogate_v1,same_cell_supported,high,"model-surrogate replacement label; not external human evidence; image-template, local-crop and geometry evidence support adjacent-frame same-cell link",model_surrogate_not_human,ctc_strong_model_annotation;image_template_segmentation_surrogate;model_surrogate_labels_only;replaces_manual_review_operationally_not_evidentially;not_external_human_audit;not_expert_microscopy_adjudication;not_CTC_ground_truth;not_completed_real_audit_positive_evidence;not_materials_or_DFT_evidence
CTC-PHASE81-0425,Fluo-N2DL-HeLa,2,0,1,Fluo-N2DL-HeLa/02/t000,0,696,602,5,5,Fluo-N2DL-HeLa/02/t001,1,696,602,5,5,raw_overlap_diagnostic,same_cell_supported,medium,0.767124,"image-template, local-crop and geometry evidence support adjacent-frame same-cell link",phase91_ctc_image_template_segmentation_surrogate_v1,phase91_ctc_image_template_segmentation_surrogate_v1,same_cell_supported,medium,"model-surrogate replacement label; not external human evidence; image-template, local-crop and geometry evidence support adjacent-frame same-cell link",model_surrogate_not_human,ctc_strong_model_annotation;image_template_segmentation_surrogate;model_surrogate_labels_only;replaces_manual_review_operationally_not_evidentially;not_external_human_audit;not_expert_microscopy_adjudication;not_CTC_ground_truth;not_completed_real_audit_positive_evidence;not_materials_or_DFT_evidence
CTC-PHASE81-0439,PhC-C2DH-U373,2,103,104,PhC-C2DH-U373/02/t103,103,424,431,3,3,PhC-C2DH-U373/02/t104,104,424,431,3,3,raw_overlap_diagnostic,same_cell_supported,high,0.944436,"image-template, local-crop and geometry evidence support adjacent-frame same-cell link",phase91_ctc_image_template_segmentation_surrogate_v1,phase91_ctc_image_template_segmentation_surrogate_v1,same_cell_supported,high,"model-surrogate replacement label; not external human evidence; image-template, local-crop and geometry evidence support adjacent-frame same-cell link",model_surrogate_not_human,ctc_strong_model_annotation;image_template_segmentation_surrogate;model_surrogate_labels_only;replaces_manual_review_operationally_not_evidentially;not_external_human_audit;not_expert_microscopy_adjudication;not_CTC_ground_truth;not_completed_real_audit_positive_evidence;not_materials_or_DFT_evidence
CTC-PHASE81-0447,Fluo-N2DL-HeLa,2,56,57,Fluo-N2DL-HeLa/02/t056,56,489,76,3,3,Fluo-N2DL-HeLa/02/t057,57,489,76,3,3,raw_overlap_diagnostic,same_cell_supported,high,0.906894,"image-template, local-crop and geometry evidence support adjacent-frame same-cell link",phase91_ctc_image_template_segmentation_surrogate_v1,phase91_ctc_image_template_segmentation_surrogate_v1,same_cell_supported,high,"model-surrogate replacement label; not external human evidence; image-template, local-crop and geometry evidence support adjacent-frame same-cell link",model_surrogate_not_human,ctc_strong_model_annotation;image_template_segmentation_surrogate;model_surrogate_labels_only;replaces_manual_review_operationally_not_evidentially;not_external_human_audit;not_expert_microscopy_adjudication;not_CTC_ground_truth;not_completed_real_audit_positive_evidence;not_materials_or_DFT_evidence
CTC-PHASE81-0448,PhC-C2DH-U373,2,89,90,PhC-C2DH-U373/02/t089,89,162,178,9,9,PhC-C2DH-U373/02/t090,90,162,178,9,9,raw_overlap_diagnostic,same_cell_supported,high,0.95205,"image-template, local-crop and geometry evidence support adjacent-frame same-cell link",phase91_ctc_image_template_segmentation_surrogate_v1,phase91_ctc_image_template_segmentation_surrogate_v1,same_cell_supported,high,"model-surrogate replacement label; not external human evidence; image-template, local-crop and geometry evidence support adjacent-frame same-cell link",model_surrogate_not_human,ctc_strong_model_annotation;image_template_segmentation_surrogate;model_surrogate_labels_only;replaces_manual_review_operationally_not_evidentially;not_external_human_audit;not_expert_microscopy_adjudication;not_CTC_ground_truth;not_completed_real_audit_positive_evidence;not_materials_or_DFT_evidence
CTC-PHASE81-0457,Fluo-N2DL-HeLa,2,90,91,Fluo-N2DL-HeLa/02/t090,90,642,240,3,3,Fluo-N2DL-HeLa/02/t091,91,642,240,3,3,raw_overlap_diagnostic,same_cell_supported,medium,0.82938,"image-template, local-crop and geometry evidence support adjacent-frame same-cell link",phase91_ctc_image_template_segmentation_surrogate_v1,phase91_ctc_image_template_segmentation_surrogate_v1,same_cell_supported,medium,"model-surrogate replacement label; not external human evidence; image-template, local-crop and geometry evidence support adjacent-frame same-cell link",model_surrogate_not_human,ctc_strong_model_annotation;image_template_segmentation_surrogate;model_surrogate_labels_only;replaces_manual_review_operationally_not_evidentially;not_external_human_audit;not_expert_microscopy_adjudication;not_CTC_ground_truth;not_completed_real_audit_positive_evidence;not_materials_or_DFT_evidence
CTC-PHASE81-0459,PhC-C2DH-U373,2,78,79,PhC-C2DH-U373/02/t078,78,187,172,9,9,PhC-C2DH-U373/02/t079,79,187,172,9,9,raw_overlap_diagnostic,same_cell_supported,high,0.926768,"image-template, local-crop and geometry evidence support adjacent-frame same-cell link",phase91_ctc_image_template_segmentation_surrogate_v1,phase91_ctc_image_template_segmentation_surrogate_v1,same_cell_supported,high,"model-surrogate replacement label; not external human evidence; image-template, local-crop and geometry evidence support adjacent-frame same-cell link",model_surrogate_not_human,ctc_strong_model_annotation;image_template_segmentation_surrogate;model_surrogate_labels_only;replaces_manual_review_operationally_not_evidentially;not_external_human_audit;not_expert_microscopy_adjudication;not_CTC_ground_truth;not_completed_real_audit_positive_evidence;not_materials_or_DFT_evidence
CTC-PHASE81-0460,PhC-C2DH-U373,2,3,4,PhC-C2DH-U373/02/t003,3,64,289,9,9,PhC-C2DH-U373/02/t004,4,64,289,9,9,raw_overlap_diagnostic,same_cell_supported,high,0.887847,"image-template, local-crop and geometry evidence support adjacent-frame same-cell link",phase91_ctc_image_template_segmentation_surrogate_v1,phase91_ctc_image_template_segmentation_surrogate_v1,same_cell_supported,high,"model-surrogate replacement label; not external human evidence; image-template, local-crop and geometry evidence support adjacent-frame same-cell link",model_surrogate_not_human,ctc_strong_model_annotation;image_template_segmentation_surrogate;model_surrogate_labels_only;replaces_manual_review_operationally_not_evidentially;not_external_human_audit;not_expert_microscopy_adjudication;not_CTC_ground_truth;not_completed_real_audit_positive_evidence;not_materials_or_DFT_evidence
CTC-PHASE81-0481,Fluo-N2DL-HeLa,2,17,18,Fluo-N2DL-HeLa/02/t017,17,810,658,5,5,Fluo-N2DL-HeLa/02/t018,18,810,658,5,5,raw_overlap_diagnostic,same_cell_supported,high,0.94429,"image-template, local-crop and geometry evidence support adjacent-frame same-cell link",phase91_ctc_image_template_segmentation_surrogate_v1,phase91_ctc_image_template_segmentation_surrogate_v1,same_cell_supported,high,"model-surrogate replacement label; not external human evidence; image-template, local-crop and geometry evidence support adjacent-frame same-cell link",model_surrogate_not_human,ctc_strong_model_annotation;image_template_segmentation_surrogate;model_surrogate_labels_only;replaces_manual_review_operationally_not_evidentially;not_external_human_audit;not_expert_microscopy_adjudication;not_CTC_ground_truth;not_completed_real_audit_positive_evidence;not_materials_or_DFT_evidence
CTC-PHASE81-0484,PhC-C2DH-U373,2,16,17,PhC-C2DH-U373/02/t016,16,641,325,3,3,PhC-C2DH-U373/02/t017,17,640,325,3,3,raw_overlap_diagnostic,same_cell_supported,medium,0.811138,"image-template, local-crop and geometry evidence support adjacent-frame same-cell link",phase91_ctc_image_template_segmentation_surrogate_v1,phase91_ctc_image_template_segmentation_surrogate_v1,same_cell_supported,medium,"model-surrogate replacement label; not external human evidence; image-template, local-crop and geometry evidence support adjacent-frame same-cell link",model_surrogate_not_human,ctc_strong_model_annotation;image_template_segmentation_surrogate;model_surrogate_labels_only;replaces_manual_review_operationally_not_evidentially;not_external_human_audit;not_expert_microscopy_adjudication;not_CTC_ground_truth;not_completed_real_audit_positive_evidence;not_materials_or_DFT_evidence
CTC-PHASE81-0493,Fluo-N2DL-HeLa,2,1,2,Fluo-N2DL-HeLa/02/t001,1,767,65,5,5,Fluo-N2DL-HeLa/02/t002,2,767,65,5,5,raw_overlap_diagnostic,same_cell_supported,high,0.955865,"image-template, local-crop and geometry evidence support adjacent-frame same-cell link",phase91_ctc_image_template_segmentation_surrogate_v1,phase91_ctc_image_template_segmentation_surrogate_v1,same_cell_supported,high,"model-surrogate replacement label; not external human evidence; image-template, local-crop and geometry evidence support adjacent-frame same-cell link",model_surrogate_not_human,ctc_strong_model_annotation;image_template_segmentation_surrogate;model_surrogate_labels_only;replaces_manual_review_operationally_not_evidentially;not_external_human_audit;not_expert_microscopy_adjudication;not_CTC_ground_truth;not_completed_real_audit_positive_evidence;not_materials_or_DFT_evidence
CTC-PHASE81-0494,Fluo-N2DL-HeLa,2,4,5,Fluo-N2DL-HeLa/02/t004,4,618,168,5,5,Fluo-N2DL-HeLa/02/t005,5,618,168,5,5,raw_overlap_diagnostic,same_cell_supported,high,0.927901,"image-template, local-crop and geometry evidence support adjacent-frame same-cell link",phase91_ctc_image_template_segmentation_surrogate_v1,phase91_ctc_image_template_segmentation_surrogate_v1,same_cell_supported,high,"model-surrogate replacement label; not external human evidence; image-template, local-crop and geometry evidence support adjacent-frame same-cell link",model_surrogate_not_human,ctc_strong_model_annotation;image_template_segmentation_surrogate;model_surrogate_labels_only;replaces_manual_review_operationally_not_evidentially;not_external_human_audit;not_expert_microscopy_adjudication;not_CTC_ground_truth;not_completed_real_audit_positive_evidence;not_materials_or_DFT_evidence
CTC-PHASE81-0495,Fluo-N2DL-HeLa,2,7,8,Fluo-N2DL-HeLa/02/t007,7,427,602,5,5,Fluo-N2DL-HeLa/02/t008,8,427,602,5,5,raw_overlap_diagnostic,same_cell_supported,high,0.943185,"image-template, local-crop and geometry evidence support adjacent-frame same-cell link",phase91_ctc_image_template_segmentation_surrogate_v1,phase91_ctc_image_template_segmentation_surrogate_v1,same_cell_supported,high,"model-surrogate replacement label; not external human evidence; image-template, local-crop and geometry evidence support adjacent-frame same-cell link",model_surrogate_not_human,ctc_strong_model_annotation;image_template_segmentation_surrogate;model_surrogate_labels_only;replaces_manual_review_operationally_not_evidentially;not_external_human_audit;not_expert_microscopy_adjudication;not_CTC_ground_truth;not_completed_real_audit_positive_evidence;not_materials_or_DFT_evidence
CTC-PHASE81-0499,PhC-C2DH-U373,2,88,89,PhC-C2DH-U373/02/t088,88,61,420,5,5,PhC-C2DH-U373/02/t089,89,61,420,5,5,raw_overlap_diagnostic,same_cell_supported,high,0.954153,"image-template, local-crop and geometry evidence support adjacent-frame same-cell link",phase91_ctc_image_template_segmentation_surrogate_v1,phase91_ctc_image_template_segmentation_surrogate_v1,same_cell_supported,high,"model-surrogate replacement label; not external human evidence; image-template, local-crop and geometry evidence support adjacent-frame same-cell link",model_surrogate_not_human,ctc_strong_model_annotation;image_template_segmentation_surrogate;model_surrogate_labels_only;replaces_manual_review_operationally_not_evidentially;not_external_human_audit;not_expert_microscopy_adjudication;not_CTC_ground_truth;not_completed_real_audit_positive_evidence;not_materials_or_DFT_evidence
CTC-PHASE81-0508,Fluo-N2DL-HeLa,2,12,13,Fluo-N2DL-HeLa/02/t012,12,847,432,5,5,Fluo-N2DL-HeLa/02/t013,13,847,432,5,5,raw_overlap_diagnostic,same_cell_supported,high,0.943093,"image-template, local-crop and geometry evidence support adjacent-frame same-cell link",phase91_ctc_image_template_segmentation_surrogate_v1,phase91_ctc_image_template_segmentation_surrogate_v1,same_cell_supported,high,"model-surrogate replacement label; not external human evidence; image-template, local-crop and geometry evidence support adjacent-frame same-cell link",model_surrogate_not_human,ctc_strong_model_annotation;image_template_segmentation_surrogate;model_surrogate_labels_only;replaces_manual_review_operationally_not_evidentially;not_external_human_audit;not_expert_microscopy_adjudication;not_CTC_ground_truth;not_completed_real_audit_positive_evidence;not_materials_or_DFT_evidence
CTC-PHASE81-0514,Fluo-N2DL-HeLa,2,23,24,Fluo-N2DL-HeLa/02/t023,23,633,592,3,3,Fluo-N2DL-HeLa/02/t024,24,633,592,3,3,raw_overlap_diagnostic,same_cell_supported,high,0.893078,"image-template, local-crop and geometry evidence support adjacent-frame same-cell link",phase91_ctc_image_template_segmentation_surrogate_v1,phase91_ctc_image_template_segmentation_surrogate_v1,same_cell_supported,high,"model-surrogate replacement label; not external human evidence; image-template, local-crop and geometry evidence support adjacent-frame same-cell link",model_surrogate_not_human,ctc_strong_model_annotation;image_template_segmentation_surrogate;model_surrogate_labels_only;replaces_manual_review_operationally_not_evidentially;not_external_human_audit;not_expert_microscopy_adjudication;not_CTC_ground_truth;not_completed_real_audit_positive_evidence;not_materials_or_DFT_evidence
CTC-PHASE81-0519,PhC-C2DH-U373,2,40,41,PhC-C2DH-U373/02/t040,40,60,447,5,5,PhC-C2DH-U373/02/t041,41,60,447,5,5,raw_overlap_diagnostic,same_cell_supported,high,0.903442,"image-template, local-crop and geometry evidence support adjacent-frame same-cell link",phase91_ctc_image_template_segmentation_surrogate_v1,phase91_ctc_image_template_segmentation_surrogate_v1,same_cell_supported,high,"model-surrogate replacement label; not external human evidence; image-template, local-crop and geometry evidence support adjacent-frame same-cell link",model_surrogate_not_human,ctc_strong_model_annotation;image_template_segmentation_surrogate;model_surrogate_labels_only;replaces_manual_review_operationally_not_evidentially;not_external_human_audit;not_expert_microscopy_adjudication;not_CTC_ground_truth;not_completed_real_audit_positive_evidence;not_materials_or_DFT_evidence
CTC-PHASE81-0523,PhC-C2DH-U373,2,87,88,PhC-C2DH-U373/02/t087,87,61,420,5,5,PhC-C2DH-U373/02/t088,88,61,420,5,5,raw_overlap_diagnostic,same_cell_supported,high,0.951705,"image-template, local-crop and geometry evidence support adjacent-frame same-cell link",phase91_ctc_image_template_segmentation_surrogate_v1,phase91_ctc_image_template_segmentation_surrogate_v1,same_cell_supported,high,"model-surrogate replacement label; not external human evidence; image-template, local-crop and geometry evidence support adjacent-frame same-cell link",model_surrogate_not_human,ctc_strong_model_annotation;image_template_segmentation_surrogate;model_surrogate_labels_only;replaces_manual_review_operationally_not_evidentially;not_external_human_audit;not_expert_microscopy_adjudication;not_CTC_ground_truth;not_completed_real_audit_positive_evidence;not_materials_or_DFT_evidence
CTC-PHASE81-0547,Fluo-N2DL-HeLa,2,14,15,Fluo-N2DL-HeLa/02/t014,14,588,403,5,5,Fluo-N2DL-HeLa/02/t015,15,588,403,5,5,raw_overlap_diagnostic,same_cell_supported,high,0.860144,"image-template, local-crop and geometry evidence support adjacent-frame same-cell link",phase91_ctc_image_template_segmentation_surrogate_v1,phase91_ctc_image_template_segmentation_surrogate_v1,same_cell_supported,high,"model-surrogate replacement label; not external human evidence; image-template, local-crop and geometry evidence support adjacent-frame same-cell link",model_surrogate_not_human,ctc_strong_model_annotation;image_template_segmentation_surrogate;model_surrogate_labels_only;replaces_manual_review_operationally_not_evidentially;not_external_human_audit;not_expert_microscopy_adjudication;not_CTC_ground_truth;not_completed_real_audit_positive_evidence;not_materials_or_DFT_evidence
CTC-PHASE81-0554,Fluo-N2DL-HeLa,2,5,6,Fluo-N2DL-HeLa/02/t005,5,732,40,5,5,Fluo-N2DL-HeLa/02/t006,6,732,40,5,5,raw_overlap_diagnostic,same_cell_supported,high,0.921156,"image-template, local-crop and geometry evidence support adjacent-frame same-cell link",phase91_ctc_image_template_segmentation_surrogate_v1,phase91_ctc_image_template_segmentation_surrogate_v1,same_cell_supported,high,"model-surrogate replacement label; not external human evidence; image-template, local-crop and geometry evidence support adjacent-frame same-cell link",model_surrogate_not_human,ctc_strong_model_annotation;image_template_segmentation_surrogate;model_surrogate_labels_only;replaces_manual_review_operationally_not_evidentially;not_external_human_audit;not_expert_microscopy_adjudication;not_CTC_ground_truth;not_completed_real_audit_positive_evidence;not_materials_or_DFT_evidence
CTC-PHASE81-0560,PhC-C2DH-U373,2,43,44,PhC-C2DH-U373/02/t043,43,638,296,3,3,PhC-C2DH-U373/02/t044,44,638,296,3,3,raw_overlap_diagnostic,same_cell_supported,high,0.852883,"image-template, local-crop and geometry evidence support adjacent-frame same-cell link",phase91_ctc_image_template_segmentation_surrogate_v1,phase91_ctc_image_template_segmentation_surrogate_v1,same_cell_supported,high,"model-surrogate replacement label; not external human evidence; image-template, local-crop and geometry evidence support adjacent-frame same-cell link",model_surrogate_not_human,ctc_strong_model_annotation;image_template_segmentation_surrogate;model_surrogate_labels_only;replaces_manual_review_operationally_not_evidentially;not_external_human_audit;not_expert_microscopy_adjudication;not_CTC_ground_truth;not_completed_real_audit_positive_evidence;not_materials_or_DFT_evidence
CTC-PHASE81-0562,PhC-C2DH-U373,2,80,81,PhC-C2DH-U373/02/t080,80,60,423,5,6,PhC-C2DH-U373/02/t081,81,60,424,5,5,raw_overlap_diagnostic,same_cell_supported,high,0.847667,"image-template, local-crop and geometry evidence support adjacent-frame same-cell link",phase91_ctc_image_template_segmentation_surrogate_v1,phase91_ctc_image_template_segmentation_surrogate_v1,same_cell_supported,high,"model-surrogate replacement label; not external human evidence; image-template, local-crop and geometry evidence support adjacent-frame same-cell link",model_surrogate_not_human,ctc_strong_model_annotation;image_template_segmentation_surrogate;model_surrogate_labels_only;replaces_manual_review_operationally_not_evidentially;not_external_human_audit;not_expert_microscopy_adjudication;not_CTC_ground_truth;not_completed_real_audit_positive_evidence;not_materials_or_DFT_evidence
CTC-PHASE81-0567,PhC-C2DH-U373,2,77,78,PhC-C2DH-U373/02/t077,77,58,423,5,5,PhC-C2DH-U373/02/t078,78,58,423,5,5,raw_overlap_diagnostic,same_cell_supported,high,0.97753,"image-template, local-crop and geometry evidence support adjacent-frame same-cell link",phase91_ctc_image_template_segmentation_surrogate_v1,phase91_ctc_image_template_segmentation_surrogate_v1,same_cell_supported,high,"model-surrogate replacement label; not external human evidence; image-template, local-crop and geometry evidence support adjacent-frame same-cell link",model_surrogate_not_human,ctc_strong_model_annotation;image_template_segmentation_surrogate;model_surrogate_labels_only;replaces_manual_review_operationally_not_evidentially;not_external_human_audit;not_expert_microscopy_adjudication;not_CTC_ground_truth;not_completed_real_audit_positive_evidence;not_materials_or_DFT_evidence
CTC-PHASE81-0568,PhC-C2DH-U373,2,2,3,PhC-C2DH-U373/02/t002,2,194,180,11,11,PhC-C2DH-U373/02/t003,3,194,180,11,11,raw_overlap_diagnostic,same_cell_supported,high,0.961184,"image-template, local-crop and geometry evidence support adjacent-frame same-cell link",phase91_ctc_image_template_segmentation_surrogate_v1,phase91_ctc_image_template_segmentation_surrogate_v1,same_cell_supported,high,"model-surrogate replacement label; not external human evidence; image-template, local-crop and geometry evidence support adjacent-frame same-cell link",model_surrogate_not_human,ctc_strong_model_annotation;image_template_segmentation_surrogate;model_surrogate_labels_only;replaces_manual_review_operationally_not_evidentially;not_external_human_audit;not_expert_microscopy_adjudication;not_CTC_ground_truth;not_completed_real_audit_positive_evidence;not_materials_or_DFT_evidence
CTC-PHASE81-0569,PhC-C2DH-U373,2,85,86,PhC-C2DH-U373/02/t085,85,61,420,5,5,PhC-C2DH-U373/02/t086,86,61,420,5,5,raw_overlap_diagnostic,same_cell_supported,high,0.980869,"image-template, local-crop and geometry evidence support adjacent-frame same-cell link",phase91_ctc_image_template_segmentation_surrogate_v1,phase91_ctc_image_template_segmentation_surrogate_v1,same_cell_supported,high,"model-surrogate replacement label; not external human evidence; image-template, local-crop and geometry evidence support adjacent-frame same-cell link",model_surrogate_not_human,ctc_strong_model_annotation;image_template_segmentation_surrogate;model_surrogate_labels_only;replaces_manual_review_operationally_not_evidentially;not_external_human_audit;not_expert_microscopy_adjudication;not_CTC_ground_truth;not_completed_real_audit_positive_evidence;not_materials_or_DFT_evidence
CTC-PHASE81-0577,Fluo-N2DL-HeLa,2,26,27,Fluo-N2DL-HeLa/02/t026,26,638,594,3,3,Fluo-N2DL-HeLa/02/t027,27,638,594,3,3,raw_overlap_diagnostic,uncertain,medium,0.733998,mixed image-template and geometry evidence; route to human adjudication if used evidentially,phase91_ctc_image_template_segmentation_surrogate_v1,phase91_ctc_image_template_segmentation_surrogate_v1,uncertain,medium,model-surrogate replacement label; not external human evidence; mixed image-template and geometry evidence; route to human adjudication if used evidentially,model_surrogate_not_human,ctc_strong_model_annotation;image_template_segmentation_surrogate;model_surrogate_labels_only;replaces_manual_review_operationally_not_evidentially;not_external_human_audit;not_expert_microscopy_adjudication;not_CTC_ground_truth;not_completed_real_audit_positive_evidence;not_materials_or_DFT_evidence
CTC-PHASE81-0579,Fluo-N2DL-HeLa,2,61,62,Fluo-N2DL-HeLa/02/t061,61,487,73,3,3,Fluo-N2DL-HeLa/02/t062,62,487,73,3,3,raw_overlap_diagnostic,same_cell_supported,high,0.846735,"image-template, local-crop and geometry evidence support adjacent-frame same-cell link",phase91_ctc_image_template_segmentation_surrogate_v1,phase91_ctc_image_template_segmentation_surrogate_v1,same_cell_supported,high,"model-surrogate replacement label; not external human evidence; image-template, local-crop and geometry evidence support adjacent-frame same-cell link",model_surrogate_not_human,ctc_strong_model_annotation;image_template_segmentation_surrogate;model_surrogate_labels_only;replaces_manual_review_operationally_not_evidentially;not_external_human_audit;not_expert_microscopy_adjudication;not_CTC_ground_truth;not_completed_real_audit_positive_evidence;not_materials_or_DFT_evidence
CTC-PHASE81-0590,PhC-C2DH-U373,2,82,83,PhC-C2DH-U373/02/t082,82,60,424,5,5,PhC-C2DH-U373/02/t083,83,60,424,5,5,raw_overlap_diagnostic,same_cell_supported,high,0.953285,"image-template, local-crop and geometry evidence support adjacent-frame same-cell link",phase91_ctc_image_template_segmentation_surrogate_v1,phase91_ctc_image_template_segmentation_surrogate_v1,same_cell_supported,high,"model-surrogate replacement label; not external human evidence; image-template, local-crop and geometry evidence support adjacent-frame same-cell link",model_surrogate_not_human,ctc_strong_model_annotation;image_template_segmentation_surrogate;model_surrogate_labels_only;replaces_manual_review_operationally_not_evidentially;not_external_human_audit;not_expert_microscopy_adjudication;not_CTC_ground_truth;not_completed_real_audit_positive_evidence;not_materials_or_DFT_evidence
CTC-PHASE81-0591,PhC-C2DH-U373,2,84,85,PhC-C2DH-U373/02/t084,84,635,265,3,3,PhC-C2DH-U373/02/t085,85,635,265,3,3,raw_overlap_diagnostic,same_cell_supported,high,0.909454,"image-template, local-crop and geometry evidence support adjacent-frame same-cell link",phase91_ctc_image_template_segmentation_surrogate_v1,phase91_ctc_image_template_segmentation_surrogate_v1,same_cell_supported,high,"model-surrogate replacement label; not external human evidence; image-template, local-crop and geometry evidence support adjacent-frame same-cell link",model_surrogate_not_human,ctc_strong_model_annotation;image_template_segmentation_surrogate;model_surrogate_labels_only;replaces_manual_review_operationally_not_evidentially;not_external_human_audit;not_expert_microscopy_adjudication;not_CTC_ground_truth;not_completed_real_audit_positive_evidence;not_materials_or_DFT_evidence
CTC-PHASE81-0597,Fluo-N2DL-HeLa,2,72,73,Fluo-N2DL-HeLa/02/t072,72,493,250,3,3,Fluo-N2DL-HeLa/02/t073,73,493,250,3,3,raw_overlap_diagnostic,same_cell_supported,high,0.903336,"image-template, local-crop and geometry evidence support adjacent-frame same-cell link",phase91_ctc_image_template_segmentation_surrogate_v1,phase91_ctc_image_template_segmentation_surrogate_v1,same_cell_supported,high,"model-surrogate replacement label; not external human evidence; image-template, local-crop and geometry evidence support adjacent-frame same-cell link",model_surrogate_not_human,ctc_strong_model_annotation;image_template_segmentation_surrogate;model_surrogate_labels_only;replaces_manual_review_operationally_not_evidentially;not_external_human_audit;not_expert_microscopy_adjudication;not_CTC_ground_truth;not_completed_real_audit_positive_evidence;not_materials_or_DFT_evidence
CTC-PHASE81-0021,PhC-C2DH-U373,2,80,81,PhC-C2DH-U373/02/t080,80,579,191,9,9,PhC-C2DH-U373/02/t081,81,638,264,3,3,hard_negative_or_uncertain_control,unsupported,medium,0.362345,image-template or geometry evidence does not support the proposed adjacent-frame link,phase91_ctc_image_template_segmentation_surrogate_v1,phase91_ctc_image_template_segmentation_surrogate_v1,unsupported,medium,model-surrogate replacement label; not external human evidence; image-template or geometry evidence does not support the proposed adjacent-frame link,model_surrogate_not_human,ctc_strong_model_annotation;image_template_segmentation_surrogate;model_surrogate_labels_only;replaces_manual_review_operationally_not_evidentially;not_external_human_audit;not_expert_microscopy_adjudication;not_CTC_ground_truth;not_completed_real_audit_positive_evidence;not_materials_or_DFT_evidence
CTC-PHASE81-0038,PhC-C2DH-U373,2,45,46,PhC-C2DH-U373/02/t045,45,66,462,5,5,PhC-C2DH-U373/02/t046,46,57,446,5,5,hard_negative_or_uncertain_control,uncertain,medium,0.516086,mixed image-template and geometry evidence; route to human adjudication if used evidentially,phase91_ctc_image_template_segmentation_surrogate_v1,phase91_ctc_image_template_segmentation_surrogate_v1,uncertain,medium,model-surrogate replacement label; not external human evidence; mixed image-template and geometry evidence; route to human adjudication if used evidentially,model_surrogate_not_human,ctc_strong_model_annotation;image_template_segmentation_surrogate;model_surrogate_labels_only;replaces_manual_review_operationally_not_evidentially;not_external_human_audit;not_expert_microscopy_adjudication;not_CTC_ground_truth;not_completed_real_audit_positive_evidence;not_materials_or_DFT_evidence
CTC-PHASE81-0049,PhC-C2DH-U373,2,56,57,PhC-C2DH-U373/02/t056,56,63,423,5,5,PhC-C2DH-U373/02/t057,57,53,430,5,5,hard_negative_or_uncertain_control,uncertain,medium,0.54406,mixed image-template and geometry evidence; route to human adjudication if used evidentially,phase91_ctc_image_template_segmentation_surrogate_v1,phase91_ctc_image_template_segmentation_surrogate_v1,uncertain,medium,model-surrogate replacement label; not external human evidence; mixed image-template and geometry evidence; route to human adjudication if used evidentially,model_surrogate_not_human,ctc_strong_model_annotation;image_template_segmentation_surrogate;model_surrogate_labels_only;replaces_manual_review_operationally_not_evidentially;not_external_human_audit;not_expert_microscopy_adjudication;not_CTC_ground_truth;not_completed_real_audit_positive_evidence;not_materials_or_DFT_evidence
CTC-PHASE81-0082,PhC-C2DH-U373,2,78,79,PhC-C2DH-U373/02/t078,78,638,264,3,3,PhC-C2DH-U373/02/t079,79,53,233,1,1,hard_negative_or_uncertain_control,unsupported,medium,0.409375,image-template or geometry evidence does not support the proposed adjacent-frame link,phase91_ctc_image_template_segmentation_surrogate_v1,phase91_ctc_image_template_segmentation_surrogate_v1,unsupported,medium,model-surrogate replacement label; not external human evidence; image-template or geometry evidence does not support the proposed adjacent-frame link,model_surrogate_not_human,ctc_strong_model_annotation;image_template_segmentation_surrogate;model_surrogate_labels_only;replaces_manual_review_operationally_not_evidentially;not_external_human_audit;not_expert_microscopy_adjudication;not_CTC_ground_truth;not_completed_real_audit_positive_evidence;not_materials_or_DFT_evidence
CTC-PHASE81-0096,PhC-C2DH-U373,2,30,31,PhC-C2DH-U373/02/t030,30,642,322,3,3,PhC-C2DH-U373/02/t031,31,565,457,5,5,hard_negative_or_uncertain_control,unsupported,medium,0.419422,image-template or geometry evidence does not support the proposed adjacent-frame link,phase91_ctc_image_template_segmentation_surrogate_v1,phase91_ctc_image_template_segmentation_surrogate_v1,unsupported,medium,model-surrogate replacement label; not external human evidence; image-template or geometry evidence does not support the proposed adjacent-frame link,model_surrogate_not_human,ctc_strong_model_annotation;image_template_segmentation_surrogate;model_surrogate_labels_only;replaces_manual_review_operationally_not_evidentially;not_external_human_audit;not_expert_microscopy_adjudication;not_CTC_ground_truth;not_completed_real_audit_positive_evidence;not_materials_or_DFT_evidence
CTC-PHASE81-0114,PhC-C2DH-U373,2,82,83,PhC-C2DH-U373/02/t082,82,638,264,3,3,PhC-C2DH-U373/02/t083,83,485,439,3,3,hard_negative_or_uncertain_control,unsupported,medium,0.466777,image-template or geometry evidence does not support the proposed adjacent-frame link,phase91_ctc_image_template_segmentation_surrogate_v1,phase91_ctc_image_template_segmentation_surrogate_v1,unsupported,medium,model-surrogate replacement label; not external human evidence; image-template or geometry evidence does not support the proposed adjacent-frame link,model_surrogate_not_human,ctc_strong_model_annotation;image_template_segmentation_surrogate;model_surrogate_labels_only;replaces_manual_review_operationally_not_evidentially;not_external_human_audit;not_expert_microscopy_adjudication;not_CTC_ground_truth;not_completed_real_audit_positive_evidence;not_materials_or_DFT_evidence
CTC-PHASE81-0129,PhC-C2DH-U373,2,97,98,PhC-C2DH-U373/02/t097,97,55,299,1,1,PhC-C2DH-U373/02/t098,98,449,438,3,3,hard_negative_or_uncertain_control,unsupported,medium,0.461036,image-template or geometry evidence does not support the proposed adjacent-frame link,phase91_ctc_image_template_segmentation_surrogate_v1,phase91_ctc_image_template_segmentation_surrogate_v1,unsupported,medium,model-surrogate replacement label; not external human evidence; image-template or geometry evidence does not support the proposed adjacent-frame link,model_surrogate_not_human,ctc_strong_model_annotation;image_template_segmentation_surrogate;model_surrogate_labels_only;replaces_manual_review_operationally_not_evidentially;not_external_human_audit;not_expert_microscopy_adjudication;not_CTC_ground_truth;not_completed_real_audit_positive_evidence;not_materials_or_DFT_evidence
CTC-PHASE81-0140,PhC-C2DH-U373,2,85,86,PhC-C2DH-U373/02/t085,85,580,190,11,11,PhC-C2DH-U373/02/t086,86,635,265,3,3,hard_negative_or_uncertain_control,unsupported,medium,0.385523,image-template or geometry evidence does not support the proposed adjacent-frame link,phase91_ctc_image_template_segmentation_surrogate_v1,phase91_ctc_image_template_segmentation_surrogate_v1,unsupported,medium,model-surrogate replacement label; not external human evidence; image-template or geometry evidence does not support the proposed adjacent-frame link,model_surrogate_not_human,ctc_strong_model_annotation;image_template_segmentation_surrogate;model_surrogate_labels_only;replaces_manual_review_operationally_not_evidentially;not_external_human_audit;not_expert_microscopy_adjudication;not_CTC_ground_truth;not_completed_real_audit_positive_evidence;not_materials_or_DFT_evidence
CTC-PHASE81-0142,PhC-C2DH-U373,2,8,9,PhC-C2DH-U373/02/t008,8,77,402,7,7,PhC-C2DH-U373/02/t009,9,61,275,9,9,hard_negative_or_uncertain_control,unsupported,medium,0.390132,image-template or geometry evidence does not support the proposed adjacent-frame link,phase91_ctc_image_template_segmentation_surrogate_v1,phase91_ctc_image_template_segmentation_surrogate_v1,unsupported,medium,model-surrogate replacement label; not external human evidence; image-template or geometry evidence does not support the proposed adjacent-frame link,model_surrogate_not_human,ctc_strong_model_annotation;image_template_segmentation_surrogate;model_surrogate_labels_only;replaces_manual_review_operationally_not_evidentially;not_external_human_audit;not_expert_microscopy_adjudication;not_CTC_ground_truth;not_completed_real_audit_positive_evidence;not_materials_or_DFT_evidence
CTC-PHASE81-0144,PhC-C2DH-U373,2,42,43,PhC-C2DH-U373/02/t042,42,76,462,5,6,PhC-C2DH-U373/02/t043,43,60,442,5,5,hard_negative_or_uncertain_control,uncertain,medium,0.509046,mixed image-template and geometry evidence; route to human adjudication if used evidentially,phase91_ctc_image_template_segmentation_surrogate_v1,phase91_ctc_image_template_segmentation_surrogate_v1,uncertain,medium,model-surrogate replacement label; not external human evidence; mixed image-template and geometry evidence; route to human adjudication if used evidentially,model_surrogate_not_human,ctc_strong_model_annotation;image_template_segmentation_surrogate;model_surrogate_labels_only;replaces_manual_review_operationally_not_evidentially;not_external_human_audit;not_expert_microscopy_adjudication;not_CTC_ground_truth;not_completed_real_audit_positive_evidence;not_materials_or_DFT_evidence
CTC-PHASE81-0148,PhC-C2DH-U373,2,77,78,PhC-C2DH-U373/02/t077,77,638,264,3,3,PhC-C2DH-U373/02/t078,78,484,446,3,3,hard_negative_or_uncertain_control,unsupported,medium,0.479268,image-template or geometry evidence does not support the proposed adjacent-frame link,phase91_ctc_image_template_segmentation_surrogate_v1,phase91_ctc_image_template_segmentation_surrogate_v1,unsupported,medium,model-surrogate replacement label; not external human evidence; image-template or geometry evidence does not support the proposed adjacent-frame link,model_surrogate_not_human,ctc_strong_model_annotation;image_template_segmentation_surrogate;model_surrogate_labels_only;replaces_manual_review_operationally_not_evidentially;not_external_human_audit;not_expert_microscopy_adjudication;not_CTC_ground_truth;not_completed_real_audit_positive_evidence;not_materials_or_DFT_evidence
CTC-PHASE81-0149,PhC-C2DH-U373,2,43,44,PhC-C2DH-U373/02/t043,43,72,461,5,5,PhC-C2DH-U373/02/t044,44,58,444,5,5,hard_negative_or_uncertain_control,uncertain,medium,0.518776,mixed image-template and geometry evidence; route to human adjudication if used evidentially,phase91_ctc_image_template_segmentation_surrogate_v1,phase91_ctc_image_template_segmentation_surrogate_v1,uncertain,medium,model-surrogate replacement label; not external human evidence; mixed image-template and geometry evidence; route to human adjudication if used evidentially,model_surrogate_not_human,ctc_strong_model_annotation;image_template_segmentation_surrogate;model_surrogate_labels_only;replaces_manual_review_operationally_not_evidentially;not_external_human_audit;not_expert_microscopy_adjudication;not_CTC_ground_truth;not_completed_real_audit_positive_evidence;not_materials_or_DFT_evidence
CTC-PHASE81-0164,PhC-C2DH-U373,2,81,82,PhC-C2DH-U373/02/t081,81,485,441,3,3,PhC-C2DH-U373/02/t082,82,638,264,3,3,hard_negative_or_uncertain_control,unsupported,medium,0.495939,image-template or geometry evidence does not support the proposed adjacent-frame link,phase91_ctc_image_template_segmentation_surrogate_v1,phase91_ctc_image_template_segmentation_surrogate_v1,unsupported,medium,model-surrogate replacement label; not external human evidence; image-template or geometry evidence does not support the proposed adjacent-frame link,model_surrogate_not_human,ctc_strong_model_annotation;image_template_segmentation_surrogate;model_surrogate_labels_only;replaces_manual_review_operationally_not_evidentially;not_external_human_audit;not_expert_microscopy_adjudication;not_CTC_ground_truth;not_completed_real_audit_positive_evidence;not_materials_or_DFT_evidence
CTC-PHASE81-0186,PhC-C2DH-U373,2,106,107,PhC-C2DH-U373/02/t106,106,424,430,3,3,PhC-C2DH-U373/02/t107,107,634,318,3,3,hard_negative_or_uncertain_control,unsupported,medium,0.440659,image-template or geometry evidence does not support the proposed adjacent-frame link,phase91_ctc_image_template_segmentation_surrogate_v1,phase91_ctc_image_template_segmentation_surrogate_v1,unsupported,medium,model-surrogate replacement label; not external human evidence; image-template or geometry evidence does not support the proposed adjacent-frame link,model_surrogate_not_human,ctc_strong_model_annotation;image_template_segmentation_surrogate;model_surrogate_labels_only;replaces_manual_review_operationally_not_evidentially;not_external_human_audit;not_expert_microscopy_adjudication;not_CTC_ground_truth;not_completed_real_audit_positive_evidence;not_materials_or_DFT_evidence
CTC-PHASE81-0202,PhC-C2DH-U373,2,26,27,PhC-C2DH-U373/02/t026,26,569,458,6,5,PhC-C2DH-U373/02/t027,27,639,323,3,3,hard_negative_or_uncertain_control,unsupported,medium,0.359079,image-template or geometry evidence does not support the proposed adjacent-frame link,phase91_ctc_image_template_segmentation_surrogate_v1,phase91_ctc_image_template_segmentation_surrogate_v1,unsupported,medium,model-surrogate replacement label; not external human evidence; image-template or geometry evidence does not support the proposed adjacent-frame link,model_surrogate_not_human,ctc_strong_model_annotation;image_template_segmentation_surrogate;model_surrogate_labels_only;replaces_manual_review_operationally_not_evidentially;not_external_human_audit;not_expert_microscopy_adjudication;not_CTC_ground_truth;not_completed_real_audit_positive_evidence;not_materials_or_DFT_evidence
CTC-PHASE81-0203,PhC-C2DH-U373,2,33,34,PhC-C2DH-U373/02/t033,33,642,301,3,3,PhC-C2DH-U373/02/t034,34,548,458,5,5,hard_negative_or_uncertain_control,unsupported,medium,0.414488,image-template or geometry evidence does not support the proposed adjacent-frame link,phase91_ctc_image_template_segmentation_surrogate_v1,phase91_ctc_image_template_segmentation_surrogate_v1,unsupported,medium,model-surrogate replacement label; not external human evidence; image-template or geometry evidence does not support the proposed adjacent-frame link,model_surrogate_not_human,ctc_strong_model_annotation;image_template_segmentation_surrogate;model_surrogate_labels_only;replaces_manual_review_operationally_not_evidentially;not_external_human_audit;not_expert_microscopy_adjudication;not_CTC_ground_truth;not_completed_real_audit_positive_evidence;not_materials_or_DFT_evidence
CTC-PHASE81-0206,PhC-C2DH-U373,2,83,84,PhC-C2DH-U373/02/t083,83,635,265,3,3,PhC-C2DH-U373/02/t084,84,485,438,3,3,hard_negative_or_uncertain_control,unsupported,medium,0.489223,image-template or geometry evidence does not support the proposed adjacent-frame link,phase91_ctc_image_template_segmentation_surrogate_v1,phase91_ctc_image_template_segmentation_surrogate_v1,unsupported,medium,model-surrogate replacement label; not external human evidence; image-template or geometry evidence does not support the proposed adjacent-frame link,model_surrogate_not_human,ctc_strong_model_annotation;image_template_segmentation_surrogate;model_surrogate_labels_only;replaces_manual_review_operationally_not_evidentially;not_external_human_audit;not_expert_microscopy_adjudication;not_CTC_ground_truth;not_completed_real_audit_positive_evidence;not_materials_or_DFT_evidence
CTC-PHASE81-0240,PhC-C2DH-U373,2,80,81,PhC-C2DH-U373/02/t080,80,638,264,3,3,PhC-C2DH-U373/02/t081,81,485,441,3,3,hard_negative_or_uncertain_control,unsupported,medium,0.471353,image-template or geometry evidence does not support the proposed adjacent-frame link,phase91_ctc_image_template_segmentation_surrogate_v1,phase91_ctc_image_template_segmentation_surrogate_v1,unsupported,medium,model-surrogate replacement label; not external human evidence; image-template or geometry evidence does not support the proposed adjacent-frame link,model_surrogate_not_human,ctc_strong_model_annotation;image_template_segmentation_surrogate;model_surrogate_labels_only;replaces_manual_review_operationally_not_evidentially;not_external_human_audit;not_expert_microscopy_adjudication;not_CTC_ground_truth;not_completed_real_audit_positive_evidence;not_materials_or_DFT_evidence
CTC-PHASE81-0241,PhC-C2DH-U373,2,83,84,PhC-C2DH-U373/02/t083,83,485,439,3,3,PhC-C2DH-U373/02/t084,84,635,265,3,3,hard_negative_or_uncertain_control,unsupported,medium,0.464107,image-template or geometry evidence does not support the proposed adjacent-frame link,phase91_ctc_image_template_segmentation_surrogate_v1,phase91_ctc_image_template_segmentation_surrogate_v1,unsupported,medium,model-surrogate replacement label; not external human evidence; image-template or geometry evidence does not support the proposed adjacent-frame link,model_surrogate_not_human,ctc_strong_model_annotation;image_template_segmentation_surrogate;model_surrogate_labels_only;replaces_manual_review_operationally_not_evidentially;not_external_human_audit;not_expert_microscopy_adjudication;not_CTC_ground_truth;not_completed_real_audit_positive_evidence;not_materials_or_DFT_evidence
CTC-PHASE81-0245,PhC-C2DH-U373,2,81,82,PhC-C2DH-U373/02/t081,81,638,264,3,3,PhC-C2DH-U373/02/t082,82,485,441,3,3,hard_negative_or_uncertain_control,unsupported,medium,0.452441,image-template or geometry evidence does not support the proposed adjacent-frame link,phase91_ctc_image_template_segmentation_surrogate_v1,phase91_ctc_image_template_segmentation_surrogate_v1,unsupported,medium,model-surrogate replacement label; not external human evidence; image-template or geometry evidence does not support the proposed adjacent-frame link,model_surrogate_not_human,ctc_strong_model_annotation;image_template_segmentation_surrogate;model_surrogate_labels_only;replaces_manual_review_operationally_not_evidentially;not_external_human_audit;not_expert_microscopy_adjudication;not_CTC_ground_truth;not_completed_real_audit_positive_evidence;not_materials_or_DFT_evidence
CTC-PHASE81-0257,PhC-C2DH-U373,2,77,78,PhC-C2DH-U373/02/t077,77,484,446,3,3,PhC-C2DH-U373/02/t078,78,638,264,3,3,hard_negative_or_uncertain_control,unsupported,medium,0.526165,image-template or geometry evidence does not support the proposed adjacent-frame link,phase91_ctc_image_template_segmentation_surrogate_v1,phase91_ctc_image_template_segmentation_surrogate_v1,unsupported,medium,model-surrogate replacement label; not external human evidence; image-template or geometry evidence does not support the proposed adjacent-frame link,model_surrogate_not_human,ctc_strong_model_annotation;image_template_segmentation_surrogate;model_surrogate_labels_only;replaces_manual_review_operationally_not_evidentially;not_external_human_audit;not_expert_microscopy_adjudication;not_CTC_ground_truth;not_completed_real_audit_positive_evidence;not_materials_or_DFT_evidence
CTC-PHASE81-0264,PhC-C2DH-U373,2,104,105,PhC-C2DH-U373/02/t104,104,641,301,3,3,PhC-C2DH-U373/02/t105,105,424,431,3,3,hard_negative_or_uncertain_control,unsupported,medium,0.408914,image-template or geometry evidence does not support the proposed adjacent-frame link,phase91_ctc_image_template_segmentation_surrogate_v1,phase91_ctc_image_template_segmentation_surrogate_v1,unsupported,medium,model-surrogate replacement label; not external human evidence; image-template or geometry evidence does not support the proposed adjacent-frame link,model_surrogate_not_human,ctc_strong_model_annotation;image_template_segmentation_surrogate;model_surrogate_labels_only;replaces_manual_review_operationally_not_evidentially;not_external_human_audit;not_expert_microscopy_adjudication;not_CTC_ground_truth;not_completed_real_audit_positive_evidence;not_materials_or_DFT_evidence
CTC-PHASE81-0290,PhC-C2DH-U373,2,3,4,PhC-C2DH-U373/02/t003,3,641,291,3,3,PhC-C2DH-U373/02/t004,4,578,106,9,9,hard_negative_or_uncertain_control,unsupported,medium,0.342113,image-template or geometry evidence does not support the proposed adjacent-frame link,phase91_ctc_image_template_segmentation_surrogate_v1,phase91_ctc_image_template_segmentation_surrogate_v1,unsupported,medium,model-surrogate replacement label; not external human evidence; image-template or geometry evidence does not support the proposed adjacent-frame link,model_surrogate_not_human,ctc_strong_model_annotation;image_template_segmentation_surrogate;model_surrogate_labels_only;replaces_manual_review_operationally_not_evidentially;not_external_human_audit;not_expert_microscopy_adjudication;not_CTC_ground_truth;not_completed_real_audit_positive_evidence;not_materials_or_DFT_evidence
CTC-PHASE81-0334,PhC-C2DH-U373,2,105,106,PhC-C2DH-U373/02/t105,105,424,431,3,3,PhC-C2DH-U373/02/t106,106,53,306,3,3,hard_negative_or_uncertain_control,unsupported,medium,0.49934,image-template or geometry evidence does not support the proposed adjacent-frame link,phase91_ctc_image_template_segmentation_surrogate_v1,phase91_ctc_image_template_segmentation_surrogate_v1,unsupported,medium,model-surrogate replacement label; not external human evidence; image-template or geometry evidence does not support the proposed adjacent-frame link,model_surrogate_not_human,ctc_strong_model_annotation;image_template_segmentation_surrogate;model_surrogate_labels_only;replaces_manual_review_operationally_not_evidentially;not_external_human_audit;not_expert_microscopy_adjudication;not_CTC_ground_truth;not_completed_real_audit_positive_evidence;not_materials_or_DFT_evidence
CTC-PHASE81-0348,PhC-C2DH-U373,2,27,28,PhC-C2DH-U373/02/t027,27,569,458,5,5,PhC-C2DH-U373/02/t028,28,640,322,3,3,hard_negative_or_uncertain_control,unsupported,medium,0.387405,image-template or geometry evidence does not support the proposed adjacent-frame link,phase91_ctc_image_template_segmentation_surrogate_v1,phase91_ctc_image_template_segmentation_surrogate_v1,unsupported,medium,model-surrogate replacement label; not external human evidence; image-template or geometry evidence does not support the proposed adjacent-frame link,model_surrogate_not_human,ctc_strong_model_annotation;image_template_segmentation_surrogate;model_surrogate_labels_only;replaces_manual_review_operationally_not_evidentially;not_external_human_audit;not_expert_microscopy_adjudication;not_CTC_ground_truth;not_completed_real_audit_positive_evidence;not_materials_or_DFT_evidence
CTC-PHASE81-0354,PhC-C2DH-U373,2,15,16,PhC-C2DH-U373/02/t015,15,606,444,11,11,PhC-C2DH-U373/02/t016,16,641,325,3,3,hard_negative_or_uncertain_control,unsupported,medium,0.321673,image-template or geometry evidence does not support the proposed adjacent-frame link,phase91_ctc_image_template_segmentation_surrogate_v1,phase91_ctc_image_template_segmentation_surrogate_v1,unsupported,medium,model-surrogate replacement label; not external human evidence; image-template or geometry evidence does not support the proposed adjacent-frame link,model_surrogate_not_human,ctc_strong_model_annotation;image_template_segmentation_surrogate;model_surrogate_labels_only;replaces_manual_review_operationally_not_evidentially;not_external_human_audit;not_expert_microscopy_adjudication;not_CTC_ground_truth;not_completed_real_audit_positive_evidence;not_materials_or_DFT_evidence
CTC-PHASE81-0378,PhC-C2DH-U373,2,74,75,PhC-C2DH-U373/02/t074,74,638,266,3,3,PhC-C2DH-U373/02/t075,75,482,453,3,3,hard_negative_or_uncertain_control,unsupported,medium,0.483261,image-template or geometry evidence does not support the proposed adjacent-frame link,phase91_ctc_image_template_segmentation_surrogate_v1,phase91_ctc_image_template_segmentation_surrogate_v1,unsupported,medium,model-surrogate replacement label; not external human evidence; image-template or geometry evidence does not support the proposed adjacent-frame link,model_surrogate_not_human,ctc_strong_model_annotation;image_template_segmentation_surrogate;model_surrogate_labels_only;replaces_manual_review_operationally_not_evidentially;not_external_human_audit;not_expert_microscopy_adjudication;not_CTC_ground_truth;not_completed_real_audit_positive_evidence;not_materials_or_DFT_evidence
CTC-PHASE81-0380,PhC-C2DH-U373,2,8,9,PhC-C2DH-U373/02/t008,8,187,182,11,11,PhC-C2DH-U373/02/t009,9,61,275,9,9,hard_negative_or_uncertain_control,unsupported,medium,0.397027,image-template or geometry evidence does not support the proposed adjacent-frame link,phase91_ctc_image_template_segmentation_surrogate_v1,phase91_ctc_image_template_segmentation_surrogate_v1,unsupported,medium,model-surrogate replacement label; not external human evidence; image-template or geometry evidence does not support the proposed adjacent-frame link,model_surrogate_not_human,ctc_strong_model_annotation;image_template_segmentation_surrogate;model_surrogate_labels_only;replaces_manual_review_operationally_not_evidentially;not_external_human_audit;not_expert_microscopy_adjudication;not_CTC_ground_truth;not_completed_real_audit_positive_evidence;not_materials_or_DFT_evidence
CTC-PHASE81-0397,PhC-C2DH-U373,2,12,13,PhC-C2DH-U373/02/t012,12,52,262,9,9,PhC-C2DH-U373/02/t013,13,78,421,7,7,hard_negative_or_uncertain_control,unsupported,medium,0.406182,image-template or geometry evidence does not support the proposed adjacent-frame link,phase91_ctc_image_template_segmentation_surrogate_v1,phase91_ctc_image_template_segmentation_surrogate_v1,unsupported,medium,model-surrogate replacement label; not external human evidence; image-template or geometry evidence does not support the proposed adjacent-frame link,model_surrogate_not_human,ctc_strong_model_annotation;image_template_segmentation_surrogate;model_surrogate_labels_only;replaces_manual_review_operationally_not_evidentially;not_external_human_audit;not_expert_microscopy_adjudication;not_CTC_ground_truth;not_completed_real_audit_positive_evidence;not_materials_or_DFT_evidence
CTC-PHASE81-0402,PhC-C2DH-U373,2,31,32,PhC-C2DH-U373/02/t031,31,107,455,10,12,PhC-C2DH-U373/02/t032,32,60,410,5,5,hard_negative_or_uncertain_control,unsupported,medium,0.411404,image-template or geometry evidence does not support the proposed adjacent-frame link,phase91_ctc_image_template_segmentation_surrogate_v1,phase91_ctc_image_template_segmentation_surrogate_v1,unsupported,medium,model-surrogate replacement label; not external human evidence; image-template or geometry evidence does not support the proposed adjacent-frame link,model_surrogate_not_human,ctc_strong_model_annotation;image_template_segmentation_surrogate;model_surrogate_labels_only;replaces_manual_review_operationally_not_evidentially;not_external_human_audit;not_expert_microscopy_adjudication;not_CTC_ground_truth;not_completed_real_audit_positive_evidence;not_materials_or_DFT_evidence
CTC-PHASE81-0408,PhC-C2DH-U373,2,79,80,PhC-C2DH-U373/02/t079,79,53,233,1,1,PhC-C2DH-U373/02/t080,80,485,441,3,3,hard_negative_or_uncertain_control,unsupported,medium,0.355763,image-template or geometry evidence does not support the proposed adjacent-frame link,phase91_ctc_image_template_segmentation_surrogate_v1,phase91_ctc_image_template_segmentation_surrogate_v1,unsupported,medium,model-surrogate replacement label; not external human evidence; image-template or geometry evidence does not support the proposed adjacent-frame link,model_surrogate_not_human,ctc_strong_model_annotation;image_template_segmentation_surrogate;model_surrogate_labels_only;replaces_manual_review_operationally_not_evidentially;not_external_human_audit;not_expert_microscopy_adjudication;not_CTC_ground_truth;not_completed_real_audit_positive_evidence;not_materials_or_DFT_evidence
CTC-PHASE81-0419,PhC-C2DH-U373,2,31,32,PhC-C2DH-U373/02/t031,31,56,394,5,5,PhC-C2DH-U373/02/t032,32,106,461,7,7,hard_negative_or_uncertain_control,unsupported,medium,0.398181,image-template or geometry evidence does not support the proposed adjacent-frame link,phase91_ctc_image_template_segmentation_surrogate_v1,phase91_ctc_image_template_segmentation_surrogate_v1,unsupported,medium,model-surrogate replacement label; not external human evidence; image-template or geometry evidence does not support the proposed adjacent-frame link,model_surrogate_not_human,ctc_strong_model_annotation;image_template_segmentation_surrogate;model_surrogate_labels_only;replaces_manual_review_operationally_not_evidentially;not_external_human_audit;not_expert_microscopy_adjudication;not_CTC_ground_truth;not_completed_real_audit_positive_evidence;not_materials_or_DFT_evidence
CTC-PHASE81-0420,PhC-C2DH-U373,2,1,2,PhC-C2DH-U373/02/t001,1,622,431,11,11,PhC-C2DH-U373/02/t002,2,639,286,3,3,hard_negative_or_uncertain_control,unsupported,medium,0.390028,image-template or geometry evidence does not support the proposed adjacent-frame link,phase91_ctc_image_template_segmentation_surrogate_v1,phase91_ctc_image_template_segmentation_surrogate_v1,unsupported,medium,model-surrogate replacement label; not external human evidence; image-template or geometry evidence does not support the proposed adjacent-frame link,model_surrogate_not_human,ctc_strong_model_annotation;image_template_segmentation_surrogate;model_surrogate_labels_only;replaces_manual_review_operationally_not_evidentially;not_external_human_audit;not_expert_microscopy_adjudication;not_CTC_ground_truth;not_completed_real_audit_positive_evidence;not_materials_or_DFT_evidence
CTC-PHASE81-0423,PhC-C2DH-U373,2,84,85,PhC-C2DH-U373/02/t084,84,485,438,3,3,PhC-C2DH-U373/02/t085,85,635,265,3,3,hard_negative_or_uncertain_control,unsupported,medium,0.576176,image-template or geometry evidence does not support the proposed adjacent-frame link,phase91_ctc_image_template_segmentation_surrogate_v1,phase91_ctc_image_template_segmentation_surrogate_v1,unsupported,medium,model-surrogate replacement label; not external human evidence; image-template or geometry evidence does not support the proposed adjacent-frame link,model_surrogate_not_human,ctc_strong_model_annotation;image_template_segmentation_surrogate;model_surrogate_labels_only;replaces_manual_review_operationally_not_evidentially;not_external_human_audit;not_expert_microscopy_adjudication;not_CTC_ground_truth;not_completed_real_audit_positive_evidence;not_materials_or_DFT_evidence
CTC-PHASE81-0433,PhC-C2DH-U373,2,78,79,PhC-C2DH-U373/02/t078,78,58,423,5,5,PhC-C2DH-U373/02/t079,79,53,233,1,1,hard_negative_or_uncertain_control,unsupported,medium,0.35212,image-template or geometry evidence does not support the proposed adjacent-frame link,phase91_ctc_image_template_segmentation_surrogate_v1,phase91_ctc_image_template_segmentation_surrogate_v1,unsupported,medium,model-surrogate replacement label; not external human evidence; image-template or geometry evidence does not support the proposed adjacent-frame link,model_surrogate_not_human,ctc_strong_model_annotation;image_template_segmentation_surrogate;model_surrogate_labels_only;replaces_manual_review_operationally_not_evidentially;not_external_human_audit;not_expert_microscopy_adjudication;not_CTC_ground_truth;not_completed_real_audit_positive_evidence;not_materials_or_DFT_evidence
CTC-PHASE81-0443,PhC-C2DH-U373,2,81,82,PhC-C2DH-U373/02/t081,81,60,424,5,5,PhC-C2DH-U373/02/t082,82,485,441,3,3,hard_negative_or_uncertain_control,unsupported,medium,0.383457,image-template or geometry evidence does not support the proposed adjacent-frame link,phase91_ctc_image_template_segmentation_surrogate_v1,phase91_ctc_image_template_segmentation_surrogate_v1,unsupported,medium,model-surrogate replacement label; not external human evidence; image-template or geometry evidence does not support the proposed adjacent-frame link,model_surrogate_not_human,ctc_strong_model_annotation;image_template_segmentation_surrogate;model_surrogate_labels_only;replaces_manual_review_operationally_not_evidentially;not_external_human_audit;not_expert_microscopy_adjudication;not_CTC_ground_truth;not_completed_real_audit_positive_evidence;not_materials_or_DFT_evidence
CTC-PHASE81-0461,PhC-C2DH-U373,2,57,58,PhC-C2DH-U373/02/t057,57,63,422,5,5,PhC-C2DH-U373/02/t058,58,54,431,5,5,hard_negative_or_uncertain_control,uncertain,medium,0.534417,mixed image-template and geometry evidence; route to human adjudication if used evidentially,phase91_ctc_image_template_segmentation_surrogate_v1,phase91_ctc_image_template_segmentation_surrogate_v1,uncertain,medium,model-surrogate replacement label; not external human evidence; mixed image-template and geometry evidence; route to human adjudication if used evidentially,model_surrogate_not_human,ctc_strong_model_annotation;image_template_segmentation_surrogate;model_surrogate_labels_only;replaces_manual_review_operationally_not_evidentially;not_external_human_audit;not_expert_microscopy_adjudication;not_CTC_ground_truth;not_completed_real_audit_positive_evidence;not_materials_or_DFT_evidence
CTC-PHASE81-0465,PhC-C2DH-U373,2,93,94,PhC-C2DH-U373/02/t093,93,637,291,3,3,PhC-C2DH-U373/02/t094,94,455,422,3,3,hard_negative_or_uncertain_control,unsupported,medium,0.477546,image-template or geometry evidence does not support the proposed adjacent-frame link,phase91_ctc_image_template_segmentation_surrogate_v1,phase91_ctc_image_template_segmentation_surrogate_v1,unsupported,medium,model-surrogate replacement label; not external human evidence; image-template or geometry evidence does not support the proposed adjacent-frame link,model_surrogate_not_human,ctc_strong_model_annotation;image_template_segmentation_surrogate;model_surrogate_labels_only;replaces_manual_review_operationally_not_evidentially;not_external_human_audit;not_expert_microscopy_adjudication;not_CTC_ground_truth;not_completed_real_audit_positive_evidence;not_materials_or_DFT_evidence
CTC-PHASE81-0466,PhC-C2DH-U373,2,72,73,PhC-C2DH-U373/02/t072,72,39,390,13,13,PhC-C2DH-U373/02/t073,73,58,423,5,5,hard_negative_or_uncertain_control,unsupported,medium,0.414892,image-template or geometry evidence does not support the proposed adjacent-frame link,phase91_ctc_image_template_segmentation_surrogate_v1,phase91_ctc_image_template_segmentation_surrogate_v1,unsupported,medium,model-surrogate replacement label; not external human evidence; image-template or geometry evidence does not support the proposed adjacent-frame link,model_surrogate_not_human,ctc_strong_model_annotation;image_template_segmentation_surrogate;model_surrogate_labels_only;replaces_manual_review_operationally_not_evidentially;not_external_human_audit;not_expert_microscopy_adjudication;not_CTC_ground_truth;not_completed_real_audit_positive_evidence;not_materials_or_DFT_evidence
CTC-PHASE81-0489,PhC-C2DH-U373,2,86,87,PhC-C2DH-U373/02/t086,86,582,182,9,9,PhC-C2DH-U373/02/t087,87,635,265,3,3,hard_negative_or_uncertain_control,unsupported,medium,0.358732,image-template or geometry evidence does not support the proposed adjacent-frame link,phase91_ctc_image_template_segmentation_surrogate_v1,phase91_ctc_image_template_segmentation_surrogate_v1,unsupported,medium,model-surrogate replacement label; not external human evidence; image-template or geometry evidence does not support the proposed adjacent-frame link,model_surrogate_not_human,ctc_strong_model_annotation;image_template_segmentation_surrogate;model_surrogate_labels_only;replaces_manual_review_operationally_not_evidentially;not_external_human_audit;not_expert_microscopy_adjudication;not_CTC_ground_truth;not_completed_real_audit_positive_evidence;not_materials_or_DFT_evidence
CTC-PHASE81-0529,PhC-C2DH-U373,2,97,98,PhC-C2DH-U373/02/t097,97,67,416,5,5,PhC-C2DH-U373/02/t098,98,53,300,3,3,hard_negative_or_uncertain_control,unsupported,medium,0.369113,image-template or geometry evidence does not support the proposed adjacent-frame link,phase91_ctc_image_template_segmentation_surrogate_v1,phase91_ctc_image_template_segmentation_surrogate_v1,unsupported,medium,model-surrogate replacement label; not external human evidence; image-template or geometry evidence does not support the proposed adjacent-frame link,model_surrogate_not_human,ctc_strong_model_annotation;image_template_segmentation_surrogate;model_surrogate_labels_only;replaces_manual_review_operationally_not_evidentially;not_external_human_audit;not_expert_microscopy_adjudication;not_CTC_ground_truth;not_completed_real_audit_positive_evidence;not_materials_or_DFT_evidence
CTC-PHASE81-0537,PhC-C2DH-U373,2,75,76,PhC-C2DH-U373/02/t075,75,482,453,3,3,PhC-C2DH-U373/02/t076,76,638,266,3,3,hard_negative_or_uncertain_control,unsupported,medium,0.466834,image-template or geometry evidence does not support the proposed adjacent-frame link,phase91_ctc_image_template_segmentation_surrogate_v1,phase91_ctc_image_template_segmentation_surrogate_v1,unsupported,medium,model-surrogate replacement label; not external human evidence; image-template or geometry evidence does not support the proposed adjacent-frame link,model_surrogate_not_human,ctc_strong_model_annotation;image_template_segmentation_surrogate;model_surrogate_labels_only;replaces_manual_review_operationally_not_evidentially;not_external_human_audit;not_expert_microscopy_adjudication;not_CTC_ground_truth;not_completed_real_audit_positive_evidence;not_materials_or_DFT_evidence
CTC-PHASE81-0546,PhC-C2DH-U373,2,75,76,PhC-C2DH-U373/02/t075,75,638,266,3,3,PhC-C2DH-U373/02/t076,76,482,453,3,3,hard_negative_or_uncertain_control,unsupported,medium,0.479883,image-template or geometry evidence does not support the proposed adjacent-frame link,phase91_ctc_image_template_segmentation_surrogate_v1,phase91_ctc_image_template_segmentation_surrogate_v1,unsupported,medium,model-surrogate replacement label; not external human evidence; image-template or geometry evidence does not support the proposed adjacent-frame link,model_surrogate_not_human,ctc_strong_model_annotation;image_template_segmentation_surrogate;model_surrogate_labels_only;replaces_manual_review_operationally_not_evidentially;not_external_human_audit;not_expert_microscopy_adjudication;not_CTC_ground_truth;not_completed_real_audit_positive_evidence;not_materials_or_DFT_evidence
CTC-PHASE81-0578,PhC-C2DH-U373,2,79,80,PhC-C2DH-U373/02/t079,79,53,233,1,1,PhC-C2DH-U373/02/t080,80,638,264,3,3,hard_negative_or_uncertain_control,unsupported,medium,0.323038,image-template or geometry evidence does not support the proposed adjacent-frame link,phase91_ctc_image_template_segmentation_surrogate_v1,phase91_ctc_image_template_segmentation_surrogate_v1,unsupported,medium,model-surrogate replacement label; not external human evidence; image-template or geometry evidence does not support the proposed adjacent-frame link,model_surrogate_not_human,ctc_strong_model_annotation;image_template_segmentation_surrogate;model_surrogate_labels_only;replaces_manual_review_operationally_not_evidentially;not_external_human_audit;not_expert_microscopy_adjudication;not_CTC_ground_truth;not_completed_real_audit_positive_evidence;not_materials_or_DFT_evidence
CTC-PHASE81-0587,PhC-C2DH-U373,2,3,4,PhC-C2DH-U373/02/t003,3,641,291,3,3,PhC-C2DH-U373/02/t004,4,620,442,11,11,hard_negative_or_uncertain_control,unsupported,medium,0.474491,image-template or geometry evidence does not support the proposed adjacent-frame link,phase91_ctc_image_template_segmentation_surrogate_v1,phase91_ctc_image_template_segmentation_surrogate_v1,unsupported,medium,model-surrogate replacement label; not external human evidence; image-template or geometry evidence does not support the proposed adjacent-frame link,model_surrogate_not_human,ctc_strong_model_annotation;image_template_segmentation_surrogate;model_surrogate_labels_only;replaces_manual_review_operationally_not_evidentially;not_external_human_audit;not_expert_microscopy_adjudication;not_CTC_ground_truth;not_completed_real_audit_positive_evidence;not_materials_or_DFT_evidence
