K,policy,chemical_system,n_candidates,fraction_of_policy,n_t1_false,n_stable_to_unstable,evidence_scope
300,PARC,Br-Er,14,0.046052631578947366,0,0,completed_current_MP_hull_shift_utility_audit;not_strict_alpha_temporal_certificate;not_prospective_discovery;no_t1_label_used_for_selection
300,PARC,Gd-I,12,0.039473684210526314,0,0,completed_current_MP_hull_shift_utility_audit;not_strict_alpha_temporal_certificate;not_prospective_discovery;no_t1_label_used_for_selection
300,PARC,Br-Er-N,6,0.019736842105263157,0,0,completed_current_MP_hull_shift_utility_audit;not_strict_alpha_temporal_certificate;not_prospective_discovery;no_t1_label_used_for_selection
300,PARC,Br-Er-Ge,4,0.013157894736842105,0,0,completed_current_MP_hull_shift_utility_audit;not_strict_alpha_temporal_certificate;not_prospective_discovery;no_t1_label_used_for_selection
300,PARC,Br-Er-H,4,0.013157894736842105,0,0,completed_current_MP_hull_shift_utility_audit;not_strict_alpha_temporal_certificate;not_prospective_discovery;no_t1_label_used_for_selection
300,PARC,Br-Er-K,4,0.013157894736842105,0,0,completed_current_MP_hull_shift_utility_audit;not_strict_alpha_temporal_certificate;not_prospective_discovery;no_t1_label_used_for_selection
300,PARC,Br-Er-Si,4,0.013157894736842105,0,0,completed_current_MP_hull_shift_utility_audit;not_strict_alpha_temporal_certificate;not_prospective_discovery;no_t1_label_used_for_selection
300,PARC,Br-Er-Sn,4,0.013157894736842105,0,0,completed_current_MP_hull_shift_utility_audit;not_strict_alpha_temporal_certificate;not_prospective_discovery;no_t1_label_used_for_selection
300,PARC,Ce-Cl,4,0.013157894736842105,0,0,completed_current_MP_hull_shift_utility_audit;not_strict_alpha_temporal_certificate;not_prospective_discovery;no_t1_label_used_for_selection
300,PARC,Cl-Mn,4,0.013157894736842105,0,0,completed_current_MP_hull_shift_utility_audit;not_strict_alpha_temporal_certificate;not_prospective_discovery;no_t1_label_used_for_selection
300,PARC,Cr-F-Pa,4,0.013157894736842105,0,0,completed_current_MP_hull_shift_utility_audit;not_strict_alpha_temporal_certificate;not_prospective_discovery;no_t1_label_used_for_selection
300,PARC,As-Br-Er,3,0.009868421052631578,0,0,completed_current_MP_hull_shift_utility_audit;not_strict_alpha_temporal_certificate;not_prospective_discovery;no_t1_label_used_for_selection
300,PARC,Ba-Br,3,0.009868421052631578,0,0,completed_current_MP_hull_shift_utility_audit;not_strict_alpha_temporal_certificate;not_prospective_discovery;no_t1_label_used_for_selection
300,PARC,Br-Ce,3,0.009868421052631578,0,0,completed_current_MP_hull_shift_utility_audit;not_strict_alpha_temporal_certificate;not_prospective_discovery;no_t1_label_used_for_selection
300,PARC,Br-Er-P,3,0.009868421052631578,0,0,completed_current_MP_hull_shift_utility_audit;not_strict_alpha_temporal_certificate;not_prospective_discovery;no_t1_label_used_for_selection
300,PARC,Br-Er-Pb,3,0.009868421052631578,0,0,completed_current_MP_hull_shift_utility_audit;not_strict_alpha_temporal_certificate;not_prospective_discovery;no_t1_label_used_for_selection
300,PARC,Br-Er-Rb,3,0.009868421052631578,0,0,completed_current_MP_hull_shift_utility_audit;not_strict_alpha_temporal_certificate;not_prospective_discovery;no_t1_label_used_for_selection
300,PARC,Br-Yb,3,0.009868421052631578,3,0,completed_current_MP_hull_shift_utility_audit;not_strict_alpha_temporal_certificate;not_prospective_discovery;no_t1_label_used_for_selection
300,PARC,Cl-Sm,3,0.009868421052631578,3,2,completed_current_MP_hull_shift_utility_audit;not_strict_alpha_temporal_certificate;not_prospective_discovery;no_t1_label_used_for_selection
300,PARC,Cl-Sr,3,0.009868421052631578,0,0,completed_current_MP_hull_shift_utility_audit;not_strict_alpha_temporal_certificate;not_prospective_discovery;no_t1_label_used_for_selection
300,PARC,F-Fe-Pa,3,0.009868421052631578,0,0,completed_current_MP_hull_shift_utility_audit;not_strict_alpha_temporal_certificate;not_prospective_discovery;no_t1_label_used_for_selection
300,PARC,Gd-H-I,3,0.009868421052631578,0,0,completed_current_MP_hull_shift_utility_audit;not_strict_alpha_temporal_certificate;not_prospective_discovery;no_t1_label_used_for_selection
300,PARC,Pm-Te,3,0.009868421052631578,0,0,completed_current_MP_hull_shift_utility_audit;not_strict_alpha_temporal_certificate;not_prospective_discovery;no_t1_label_used_for_selection
300,PARC,Ac-Pt,2,0.006578947368421052,0,0,completed_current_MP_hull_shift_utility_audit;not_strict_alpha_temporal_certificate;not_prospective_discovery;no_t1_label_used_for_selection
300,PARC,Al-F-Pa,2,0.006578947368421052,2,2,completed_current_MP_hull_shift_utility_audit;not_strict_alpha_temporal_certificate;not_prospective_discovery;no_t1_label_used_for_selection
300,PARC,Ba-Br-Er,2,0.006578947368421052,0,0,completed_current_MP_hull_shift_utility_audit;not_strict_alpha_temporal_certificate;not_prospective_discovery;no_t1_label_used_for_selection
300,PARC,Ba-Ca-F,2,0.006578947368421052,2,0,completed_current_MP_hull_shift_utility_audit;not_strict_alpha_temporal_certificate;not_prospective_discovery;no_t1_label_used_for_selection
300,PARC,Ba-Cl,2,0.006578947368421052,2,1,completed_current_MP_hull_shift_utility_audit;not_strict_alpha_temporal_certificate;not_prospective_discovery;no_t1_label_used_for_selection
300,PARC,Ba-Gd-I,2,0.006578947368421052,2,2,completed_current_MP_hull_shift_utility_audit;not_strict_alpha_temporal_certificate;not_prospective_discovery;no_t1_label_used_for_selection
300,PARC,Bi-Gd-I,2,0.006578947368421052,2,2,completed_current_MP_hull_shift_utility_audit;not_strict_alpha_temporal_certificate;not_prospective_discovery;no_t1_label_used_for_selection
300,PARC,Br-Er-Ga,2,0.006578947368421052,0,0,completed_current_MP_hull_shift_utility_audit;not_strict_alpha_temporal_certificate;not_prospective_discovery;no_t1_label_used_for_selection
300,PARC,Br-Er-In,2,0.006578947368421052,2,2,completed_current_MP_hull_shift_utility_audit;not_strict_alpha_temporal_certificate;not_prospective_discovery;no_t1_label_used_for_selection
300,PARC,Br-Er-S,2,0.006578947368421052,0,0,completed_current_MP_hull_shift_utility_audit;not_strict_alpha_temporal_certificate;not_prospective_discovery;no_t1_label_used_for_selection
300,PARC,Br-Er-Sb,2,0.006578947368421052,0,0,completed_current_MP_hull_shift_utility_audit;not_strict_alpha_temporal_certificate;not_prospective_discovery;no_t1_label_used_for_selection
300,PARC,Br-Er-Se,2,0.006578947368421052,0,0,completed_current_MP_hull_shift_utility_audit;not_strict_alpha_temporal_certificate;not_prospective_discovery;no_t1_label_used_for_selection
300,PARC,Br-Mg,2,0.006578947368421052,0,0,completed_current_MP_hull_shift_utility_audit;not_strict_alpha_temporal_certificate;not_prospective_discovery;no_t1_label_used_for_selection
300,PARC,Ca-F,2,0.006578947368421052,2,0,completed_current_MP_hull_shift_utility_audit;not_strict_alpha_temporal_certificate;not_prospective_discovery;no_t1_label_used_for_selection
300,PARC,Ca-F-Yb,2,0.006578947368421052,2,0,completed_current_MP_hull_shift_utility_audit;not_strict_alpha_temporal_certificate;not_prospective_discovery;no_t1_label_used_for_selection
300,PARC,Cl-Er,2,0.006578947368421052,0,0,completed_current_MP_hull_shift_utility_audit;not_strict_alpha_temporal_certificate;not_prospective_discovery;no_t1_label_used_for_selection
300,PARC,Cl-Gd,2,0.006578947368421052,0,0,completed_current_MP_hull_shift_utility_audit;not_strict_alpha_temporal_certificate;not_prospective_discovery;no_t1_label_used_for_selection
300,PARC,Cl-Lu,2,0.006578947368421052,0,0,completed_current_MP_hull_shift_utility_audit;not_strict_alpha_temporal_certificate;not_prospective_discovery;no_t1_label_used_for_selection
300,PARC,Cl-Mg,2,0.006578947368421052,0,0,completed_current_MP_hull_shift_utility_audit;not_strict_alpha_temporal_certificate;not_prospective_discovery;no_t1_label_used_for_selection
300,PARC,Cl-Nd,2,0.006578947368421052,2,0,completed_current_MP_hull_shift_utility_audit;not_strict_alpha_temporal_certificate;not_prospective_discovery;no_t1_label_used_for_selection
300,PARC,Cl-Y,2,0.006578947368421052,0,0,completed_current_MP_hull_shift_utility_audit;not_strict_alpha_temporal_certificate;not_prospective_discovery;no_t1_label_used_for_selection
300,PARC,Cs-Pa-Se,2,0.006578947368421052,0,0,completed_current_MP_hull_shift_utility_audit;not_strict_alpha_temporal_certificate;not_prospective_discovery;no_t1_label_used_for_selection
300,PARC,F-Ga-Pa,2,0.006578947368421052,0,0,completed_current_MP_hull_shift_utility_audit;not_strict_alpha_temporal_certificate;not_prospective_discovery;no_t1_label_used_for_selection
300,PARC,F-Li-Pa,2,0.006578947368421052,0,0,completed_current_MP_hull_shift_utility_audit;not_strict_alpha_temporal_certificate;not_prospective_discovery;no_t1_label_used_for_selection
300,PARC,F-Mn-Pa,2,0.006578947368421052,0,0,completed_current_MP_hull_shift_utility_audit;not_strict_alpha_temporal_certificate;not_prospective_discovery;no_t1_label_used_for_selection
300,PARC,F-Pa-Pd,2,0.006578947368421052,0,0,completed_current_MP_hull_shift_utility_audit;not_strict_alpha_temporal_certificate;not_prospective_discovery;no_t1_label_used_for_selection
300,PARC,F-Pa-Sn,2,0.006578947368421052,0,0,completed_current_MP_hull_shift_utility_audit;not_strict_alpha_temporal_certificate;not_prospective_discovery;no_t1_label_used_for_selection
300,PARC,F-Pa-Tl,2,0.006578947368421052,0,0,completed_current_MP_hull_shift_utility_audit;not_strict_alpha_temporal_certificate;not_prospective_discovery;no_t1_label_used_for_selection
300,PARC,F-Sr,2,0.006578947368421052,2,0,completed_current_MP_hull_shift_utility_audit;not_strict_alpha_temporal_certificate;not_prospective_discovery;no_t1_label_used_for_selection
300,PARC,F-Tm-Zn,2,0.006578947368421052,0,0,completed_current_MP_hull_shift_utility_audit;not_strict_alpha_temporal_certificate;not_prospective_discovery;no_t1_label_used_for_selection
300,PARC,Gd-I-Sb,2,0.006578947368421052,0,0,completed_current_MP_hull_shift_utility_audit;not_strict_alpha_temporal_certificate;not_prospective_discovery;no_t1_label_used_for_selection
300,PARC,Pa-Se,2,0.006578947368421052,0,0,completed_current_MP_hull_shift_utility_audit;not_strict_alpha_temporal_certificate;not_prospective_discovery;no_t1_label_used_for_selection
300,PARC,Pm-Pt,2,0.006578947368421052,0,0,completed_current_MP_hull_shift_utility_audit;not_strict_alpha_temporal_certificate;not_prospective_discovery;no_t1_label_used_for_selection
300,PARC,Ac-K-Se,1,0.003289473684210526,0,0,completed_current_MP_hull_shift_utility_audit;not_strict_alpha_temporal_certificate;not_prospective_discovery;no_t1_label_used_for_selection
300,PARC,Ac-Li-Se,1,0.003289473684210526,0,0,completed_current_MP_hull_shift_utility_audit;not_strict_alpha_temporal_certificate;not_prospective_discovery;no_t1_label_used_for_selection
300,PARC,Ac-Na-Se,1,0.003289473684210526,0,0,completed_current_MP_hull_shift_utility_audit;not_strict_alpha_temporal_certificate;not_prospective_discovery;no_t1_label_used_for_selection
300,PARC,Ac-Pd-Pt,1,0.003289473684210526,0,0,completed_current_MP_hull_shift_utility_audit;not_strict_alpha_temporal_certificate;not_prospective_discovery;no_t1_label_used_for_selection
300,PARC,Ac-Se,1,0.003289473684210526,0,0,completed_current_MP_hull_shift_utility_audit;not_strict_alpha_temporal_certificate;not_prospective_discovery;no_t1_label_used_for_selection
300,PARC,Ac-Te,1,0.003289473684210526,0,0,completed_current_MP_hull_shift_utility_audit;not_strict_alpha_temporal_certificate;not_prospective_discovery;no_t1_label_used_for_selection
300,PARC,Ag-Pm-Te,1,0.003289473684210526,1,1,completed_current_MP_hull_shift_utility_audit;not_strict_alpha_temporal_certificate;not_prospective_discovery;no_t1_label_used_for_selection
300,PARC,As-Gd-I,1,0.003289473684210526,0,0,completed_current_MP_hull_shift_utility_audit;not_strict_alpha_temporal_certificate;not_prospective_discovery;no_t1_label_used_for_selection
300,PARC,Au-Pm-Te,1,0.003289473684210526,1,1,completed_current_MP_hull_shift_utility_audit;not_strict_alpha_temporal_certificate;not_prospective_discovery;no_t1_label_used_for_selection
300,PARC,Ba-Cd-F,1,0.003289473684210526,1,0,completed_current_MP_hull_shift_utility_audit;not_strict_alpha_temporal_certificate;not_prospective_discovery;no_t1_label_used_for_selection
300,PARC,Ba-F,1,0.003289473684210526,1,0,completed_current_MP_hull_shift_utility_audit;not_strict_alpha_temporal_certificate;not_prospective_discovery;no_t1_label_used_for_selection
300,PARC,Ba-F-Hg,1,0.003289473684210526,1,1,completed_current_MP_hull_shift_utility_audit;not_strict_alpha_temporal_certificate;not_prospective_discovery;no_t1_label_used_for_selection
300,PARC,Ba-F-Li-Pa,1,0.003289473684210526,1,1,completed_current_MP_hull_shift_utility_audit;not_strict_alpha_temporal_certificate;not_prospective_discovery;no_t1_label_used_for_selection
300,PARC,Ba-F-Mg,1,0.003289473684210526,1,0,completed_current_MP_hull_shift_utility_audit;not_strict_alpha_temporal_certificate;not_prospective_discovery;no_t1_label_used_for_selection
300,PARC,Ba-F-Pa,1,0.003289473684210526,1,1,completed_current_MP_hull_shift_utility_audit;not_strict_alpha_temporal_certificate;not_prospective_discovery;no_t1_label_used_for_selection
300,PARC,Ba-F-Sc,1,0.003289473684210526,1,0,completed_current_MP_hull_shift_utility_audit;not_strict_alpha_temporal_certificate;not_prospective_discovery;no_t1_label_used_for_selection
300,PARC,Ba-F-Sr,1,0.003289473684210526,1,0,completed_current_MP_hull_shift_utility_audit;not_strict_alpha_temporal_certificate;not_prospective_discovery;no_t1_label_used_for_selection
300,PARC,Ba-F-Yb,1,0.003289473684210526,1,0,completed_current_MP_hull_shift_utility_audit;not_strict_alpha_temporal_certificate;not_prospective_discovery;no_t1_label_used_for_selection
300,PARC,Ba-F-Zn,1,0.003289473684210526,1,0,completed_current_MP_hull_shift_utility_audit;not_strict_alpha_temporal_certificate;not_prospective_discovery;no_t1_label_used_for_selection
300,PARC,Br-Cl-Er,1,0.003289473684210526,0,0,completed_current_MP_hull_shift_utility_audit;not_strict_alpha_temporal_certificate;not_prospective_discovery;no_t1_label_used_for_selection
300,PARC,Br-Cu-Er,1,0.003289473684210526,0,0,completed_current_MP_hull_shift_utility_audit;not_strict_alpha_temporal_certificate;not_prospective_discovery;no_t1_label_used_for_selection
300,PARC,Br-Dy,1,0.003289473684210526,0,0,completed_current_MP_hull_shift_utility_audit;not_strict_alpha_temporal_certificate;not_prospective_discovery;no_t1_label_used_for_selection
300,PARC,Br-Er-F,1,0.003289473684210526,1,1,completed_current_MP_hull_shift_utility_audit;not_strict_alpha_temporal_certificate;not_prospective_discovery;no_t1_label_used_for_selection
300,PARC,Br-Er-K-Rb,1,0.003289473684210526,0,0,completed_current_MP_hull_shift_utility_audit;not_strict_alpha_temporal_certificate;not_prospective_discovery;no_t1_label_used_for_selection
300,PARC,Br-Er-Li-Rb,1,0.003289473684210526,0,0,completed_current_MP_hull_shift_utility_audit;not_strict_alpha_temporal_certificate;not_prospective_discovery;no_t1_label_used_for_selection
300,PARC,Br-Er-Na-Rb,1,0.003289473684210526,0,0,completed_current_MP_hull_shift_utility_audit;not_strict_alpha_temporal_certificate;not_prospective_discovery;no_t1_label_used_for_selection
300,PARC,Br-Er-Ni,1,0.003289473684210526,1,1,completed_current_MP_hull_shift_utility_audit;not_strict_alpha_temporal_certificate;not_prospective_discovery;no_t1_label_used_for_selection
300,PARC,Br-Mo,1,0.003289473684210526,0,0,completed_current_MP_hull_shift_utility_audit;not_strict_alpha_temporal_certificate;not_prospective_discovery;no_t1_label_used_for_selection
300,PARC,Br-Nd,1,0.003289473684210526,0,0,completed_current_MP_hull_shift_utility_audit;not_strict_alpha_temporal_certificate;not_prospective_discovery;no_t1_label_used_for_selection
300,PARC,Br-V,1,0.003289473684210526,0,0,completed_current_MP_hull_shift_utility_audit;not_strict_alpha_temporal_certificate;not_prospective_discovery;no_t1_label_used_for_selection
300,PARC,Ca-Cd-F,1,0.003289473684210526,1,0,completed_current_MP_hull_shift_utility_audit;not_strict_alpha_temporal_certificate;not_prospective_discovery;no_t1_label_used_for_selection
300,PARC,Ca-F-Li-Pa,1,0.003289473684210526,1,1,completed_current_MP_hull_shift_utility_audit;not_strict_alpha_temporal_certificate;not_prospective_discovery;no_t1_label_used_for_selection
300,PARC,Ca-F-Pa,1,0.003289473684210526,1,1,completed_current_MP_hull_shift_utility_audit;not_strict_alpha_temporal_certificate;not_prospective_discovery;no_t1_label_used_for_selection
300,PARC,Ca-F-Sr,1,0.003289473684210526,1,0,completed_current_MP_hull_shift_utility_audit;not_strict_alpha_temporal_certificate;not_prospective_discovery;no_t1_label_used_for_selection
300,PARC,Ca-F-Zn,1,0.003289473684210526,1,0,completed_current_MP_hull_shift_utility_audit;not_strict_alpha_temporal_certificate;not_prospective_discovery;no_t1_label_used_for_selection
300,PARC,Ca-Gd-I,1,0.003289473684210526,0,0,completed_current_MP_hull_shift_utility_audit;not_strict_alpha_temporal_certificate;not_prospective_discovery;no_t1_label_used_for_selection
300,PARC,Cd-F,1,0.003289473684210526,1,0,completed_current_MP_hull_shift_utility_audit;not_strict_alpha_temporal_certificate;not_prospective_discovery;no_t1_label_used_for_selection
300,PARC,Cd-F-Mg,1,0.003289473684210526,1,0,completed_current_MP_hull_shift_utility_audit;not_strict_alpha_temporal_certificate;not_prospective_discovery;no_t1_label_used_for_selection
300,PARC,Cd-F-Pa,1,0.003289473684210526,1,1,completed_current_MP_hull_shift_utility_audit;not_strict_alpha_temporal_certificate;not_prospective_discovery;no_t1_label_used_for_selection
300,PARC,Cd-F-Sc,1,0.003289473684210526,1,0,completed_current_MP_hull_shift_utility_audit;not_strict_alpha_temporal_certificate;not_prospective_discovery;no_t1_label_used_for_selection
300,PARC,Cd-F-Sr,1,0.003289473684210526,1,0,completed_current_MP_hull_shift_utility_audit;not_strict_alpha_temporal_certificate;not_prospective_discovery;no_t1_label_used_for_selection
300,PARC,Cd-F-Tm,1,0.003289473684210526,1,1,completed_current_MP_hull_shift_utility_audit;not_strict_alpha_temporal_certificate;not_prospective_discovery;no_t1_label_used_for_selection
300,PARC,Ce-F-Pa,1,0.003289473684210526,1,1,completed_current_MP_hull_shift_utility_audit;not_strict_alpha_temporal_certificate;not_prospective_discovery;no_t1_label_used_for_selection
300,PARC,Cl-Co,1,0.003289473684210526,0,0,completed_current_MP_hull_shift_utility_audit;not_strict_alpha_temporal_certificate;not_prospective_discovery;no_t1_label_used_for_selection
300,PARC,Cl-Cs,1,0.003289473684210526,0,0,completed_current_MP_hull_shift_utility_audit;not_strict_alpha_temporal_certificate;not_prospective_discovery;no_t1_label_used_for_selection
300,PARC,Cl-Cs-Mg,1,0.003289473684210526,0,0,completed_current_MP_hull_shift_utility_audit;not_strict_alpha_temporal_certificate;not_prospective_discovery;no_t1_label_used_for_selection
300,PARC,Cl-Dy,1,0.003289473684210526,1,0,completed_current_MP_hull_shift_utility_audit;not_strict_alpha_temporal_certificate;not_prospective_discovery;no_t1_label_used_for_selection
300,PARC,Cl-Eu,1,0.003289473684210526,0,0,completed_current_MP_hull_shift_utility_audit;not_strict_alpha_temporal_certificate;not_prospective_discovery;no_t1_label_used_for_selection
300,PARC,Cl-Ho,1,0.003289473684210526,1,0,completed_current_MP_hull_shift_utility_audit;not_strict_alpha_temporal_certificate;not_prospective_discovery;no_t1_label_used_for_selection
300,PARC,Cl-In,1,0.003289473684210526,1,1,completed_current_MP_hull_shift_utility_audit;not_strict_alpha_temporal_certificate;not_prospective_discovery;no_t1_label_used_for_selection
300,PARC,Cl-La,1,0.003289473684210526,0,0,completed_current_MP_hull_shift_utility_audit;not_strict_alpha_temporal_certificate;not_prospective_discovery;no_t1_label_used_for_selection
300,PARC,Cl-Pd,1,0.003289473684210526,1,1,completed_current_MP_hull_shift_utility_audit;not_strict_alpha_temporal_certificate;not_prospective_discovery;no_t1_label_used_for_selection
300,PARC,Cl-Pr,1,0.003289473684210526,0,0,completed_current_MP_hull_shift_utility_audit;not_strict_alpha_temporal_certificate;not_prospective_discovery;no_t1_label_used_for_selection
300,PARC,Cl-Pu,1,0.003289473684210526,0,0,completed_current_MP_hull_shift_utility_audit;not_strict_alpha_temporal_certificate;not_prospective_discovery;no_t1_label_used_for_selection
300,PARC,Cl-Sc,1,0.003289473684210526,0,0,completed_current_MP_hull_shift_utility_audit;not_strict_alpha_temporal_certificate;not_prospective_discovery;no_t1_label_used_for_selection
300,PARC,Co-F-Pa,1,0.003289473684210526,0,0,completed_current_MP_hull_shift_utility_audit;not_strict_alpha_temporal_certificate;not_prospective_discovery;no_t1_label_used_for_selection
300,PARC,Cs-F-Ti,1,0.003289473684210526,0,0,completed_current_MP_hull_shift_utility_audit;not_strict_alpha_temporal_certificate;not_prospective_discovery;no_t1_label_used_for_selection
300,PARC,Cu-F-Pa,1,0.003289473684210526,0,0,completed_current_MP_hull_shift_utility_audit;not_strict_alpha_temporal_certificate;not_prospective_discovery;no_t1_label_used_for_selection
300,PARC,Dy-F-Pa,1,0.003289473684210526,1,1,completed_current_MP_hull_shift_utility_audit;not_strict_alpha_temporal_certificate;not_prospective_discovery;no_t1_label_used_for_selection
300,PARC,Er-F-Pa,1,0.003289473684210526,1,1,completed_current_MP_hull_shift_utility_audit;not_strict_alpha_temporal_certificate;not_prospective_discovery;no_t1_label_used_for_selection
300,PARC,F-Gd-I,1,0.003289473684210526,1,1,completed_current_MP_hull_shift_utility_audit;not_strict_alpha_temporal_certificate;not_prospective_discovery;no_t1_label_used_for_selection
300,PARC,F-Gd-Li,1,0.003289473684210526,0,0,completed_current_MP_hull_shift_utility_audit;not_strict_alpha_temporal_certificate;not_prospective_discovery;no_t1_label_used_for_selection
300,PARC,F-Gd-Mg,1,0.003289473684210526,1,1,completed_current_MP_hull_shift_utility_audit;not_strict_alpha_temporal_certificate;not_prospective_discovery;no_t1_label_used_for_selection
300,PARC,F-Gd-Zn,1,0.003289473684210526,0,0,completed_current_MP_hull_shift_utility_audit;not_strict_alpha_temporal_certificate;not_prospective_discovery;no_t1_label_used_for_selection
300,PARC,F-Ge-Pa,1,0.003289473684210526,0,0,completed_current_MP_hull_shift_utility_audit;not_strict_alpha_temporal_certificate;not_prospective_discovery;no_t1_label_used_for_selection
300,PARC,F-Hg-Mg,1,0.003289473684210526,1,0,completed_current_MP_hull_shift_utility_audit;not_strict_alpha_temporal_certificate;not_prospective_discovery;no_t1_label_used_for_selection
300,PARC,F-Hg-Pa,1,0.003289473684210526,0,0,completed_current_MP_hull_shift_utility_audit;not_strict_alpha_temporal_certificate;not_prospective_discovery;no_t1_label_used_for_selection
300,PARC,F-Hg-Sr,1,0.003289473684210526,1,1,completed_current_MP_hull_shift_utility_audit;not_strict_alpha_temporal_certificate;not_prospective_discovery;no_t1_label_used_for_selection
300,PARC,F-Hg-Tm,1,0.003289473684210526,0,0,completed_current_MP_hull_shift_utility_audit;not_strict_alpha_temporal_certificate;not_prospective_discovery;no_t1_label_used_for_selection
300,PARC,F-Ho-Pa,1,0.003289473684210526,1,1,completed_current_MP_hull_shift_utility_audit;not_strict_alpha_temporal_certificate;not_prospective_discovery;no_t1_label_used_for_selection
300,PARC,F-In-Pa,1,0.003289473684210526,0,0,completed_current_MP_hull_shift_utility_audit;not_strict_alpha_temporal_certificate;not_prospective_discovery;no_t1_label_used_for_selection
300,PARC,F-K-La,1,0.003289473684210526,1,0,completed_current_MP_hull_shift_utility_audit;not_strict_alpha_temporal_certificate;not_prospective_discovery;no_t1_label_used_for_selection
300,PARC,F-La-Pa,1,0.003289473684210526,1,1,completed_current_MP_hull_shift_utility_audit;not_strict_alpha_temporal_certificate;not_prospective_discovery;no_t1_label_used_for_selection
300,PARC,F-Li-Pa-Sr,1,0.003289473684210526,1,1,completed_current_MP_hull_shift_utility_audit;not_strict_alpha_temporal_certificate;not_prospective_discovery;no_t1_label_used_for_selection
300,PARC,F-Li-Pa-Yb,1,0.003289473684210526,1,0,completed_current_MP_hull_shift_utility_audit;not_strict_alpha_temporal_certificate;not_prospective_discovery;no_t1_label_used_for_selection
300,PARC,F-Li-Tm,1,0.003289473684210526,1,1,completed_current_MP_hull_shift_utility_audit;not_strict_alpha_temporal_certificate;not_prospective_discovery;no_t1_label_used_for_selection
300,PARC,F-Lu-Mg,1,0.003289473684210526,1,0,completed_current_MP_hull_shift_utility_audit;not_strict_alpha_temporal_certificate;not_prospective_discovery;no_t1_label_used_for_selection
300,PARC,F-Lu-Pa,1,0.003289473684210526,1,1,completed_current_MP_hull_shift_utility_audit;not_strict_alpha_temporal_certificate;not_prospective_discovery;no_t1_label_used_for_selection
300,PARC,F-Mg-Pa,1,0.003289473684210526,1,1,completed_current_MP_hull_shift_utility_audit;not_strict_alpha_temporal_certificate;not_prospective_discovery;no_t1_label_used_for_selection
300,PARC,F-Mg-Sc,1,0.003289473684210526,1,0,completed_current_MP_hull_shift_utility_audit;not_strict_alpha_temporal_certificate;not_prospective_discovery;no_t1_label_used_for_selection
300,PARC,F-Mg-Tm,1,0.003289473684210526,1,1,completed_current_MP_hull_shift_utility_audit;not_strict_alpha_temporal_certificate;not_prospective_discovery;no_t1_label_used_for_selection
300,PARC,F-N-Pa,1,0.003289473684210526,0,0,completed_current_MP_hull_shift_utility_audit;not_strict_alpha_temporal_certificate;not_prospective_discovery;no_t1_label_used_for_selection
300,PARC,F-Na-Pa,1,0.003289473684210526,0,0,completed_current_MP_hull_shift_utility_audit;not_strict_alpha_temporal_certificate;not_prospective_discovery;no_t1_label_used_for_selection
300,PARC,F-Na-Sr,1,0.003289473684210526,1,1,completed_current_MP_hull_shift_utility_audit;not_strict_alpha_temporal_certificate;not_prospective_discovery;no_t1_label_used_for_selection
300,PARC,F-Nb-Pa,1,0.003289473684210526,0,0,completed_current_MP_hull_shift_utility_audit;not_strict_alpha_temporal_certificate;not_prospective_discovery;no_t1_label_used_for_selection
300,PARC,F-Nd-Pa,1,0.003289473684210526,1,1,completed_current_MP_hull_shift_utility_audit;not_strict_alpha_temporal_certificate;not_prospective_discovery;no_t1_label_used_for_selection
300,PARC,F-Ni-Pa,1,0.003289473684210526,0,0,completed_current_MP_hull_shift_utility_audit;not_strict_alpha_temporal_certificate;not_prospective_discovery;no_t1_label_used_for_selection
300,PARC,F-Np,1,0.003289473684210526,1,0,completed_current_MP_hull_shift_utility_audit;not_strict_alpha_temporal_certificate;not_prospective_discovery;no_t1_label_used_for_selection
300,PARC,F-Np-Pa,1,0.003289473684210526,1,1,completed_current_MP_hull_shift_utility_audit;not_strict_alpha_temporal_certificate;not_prospective_discovery;no_t1_label_used_for_selection
300,PARC,F-O-Pa,1,0.003289473684210526,0,0,completed_current_MP_hull_shift_utility_audit;not_strict_alpha_temporal_certificate;not_prospective_discovery;no_t1_label_used_for_selection
300,PARC,F-Pa-Pb,1,0.003289473684210526,0,0,completed_current_MP_hull_shift_utility_audit;not_strict_alpha_temporal_certificate;not_prospective_discovery;no_t1_label_used_for_selection
300,PARC,F-Pa-Pr,1,0.003289473684210526,1,1,completed_current_MP_hull_shift_utility_audit;not_strict_alpha_temporal_certificate;not_prospective_discovery;no_t1_label_used_for_selection
300,PARC,F-Pa-Pt,1,0.003289473684210526,1,1,completed_current_MP_hull_shift_utility_audit;not_strict_alpha_temporal_certificate;not_prospective_discovery;no_t1_label_used_for_selection
300,PARC,F-Pa-Pu,1,0.003289473684210526,0,0,completed_current_MP_hull_shift_utility_audit;not_strict_alpha_temporal_certificate;not_prospective_discovery;no_t1_label_used_for_selection
300,PARC,F-Pa-Rh,1,0.003289473684210526,1,1,completed_current_MP_hull_shift_utility_audit;not_strict_alpha_temporal_certificate;not_prospective_discovery;no_t1_label_used_for_selection
300,PARC,F-Pa-Ru,1,0.003289473684210526,1,1,completed_current_MP_hull_shift_utility_audit;not_strict_alpha_temporal_certificate;not_prospective_discovery;no_t1_label_used_for_selection
300,PARC,F-Pa-Sc,1,0.003289473684210526,1,1,completed_current_MP_hull_shift_utility_audit;not_strict_alpha_temporal_certificate;not_prospective_discovery;no_t1_label_used_for_selection
300,PARC,F-Pa-Si,1,0.003289473684210526,0,0,completed_current_MP_hull_shift_utility_audit;not_strict_alpha_temporal_certificate;not_prospective_discovery;no_t1_label_used_for_selection
300,PARC,F-Pa-Sm,1,0.003289473684210526,1,1,completed_current_MP_hull_shift_utility_audit;not_strict_alpha_temporal_certificate;not_prospective_discovery;no_t1_label_used_for_selection
300,PARC,F-Pa-Sr,1,0.003289473684210526,1,1,completed_current_MP_hull_shift_utility_audit;not_strict_alpha_temporal_certificate;not_prospective_discovery;no_t1_label_used_for_selection
300,PARC,F-Pa-Tb,1,0.003289473684210526,1,1,completed_current_MP_hull_shift_utility_audit;not_strict_alpha_temporal_certificate;not_prospective_discovery;no_t1_label_used_for_selection
300,PARC,F-Pa-Th,1,0.003289473684210526,1,1,completed_current_MP_hull_shift_utility_audit;not_strict_alpha_temporal_certificate;not_prospective_discovery;no_t1_label_used_for_selection
300,PARC,F-Pa-Tm,1,0.003289473684210526,0,0,completed_current_MP_hull_shift_utility_audit;not_strict_alpha_temporal_certificate;not_prospective_discovery;no_t1_label_used_for_selection
300,PARC,F-Pa-U,1,0.003289473684210526,0,0,completed_current_MP_hull_shift_utility_audit;not_strict_alpha_temporal_certificate;not_prospective_discovery;no_t1_label_used_for_selection
300,PARC,F-Pa-V,1,0.003289473684210526,1,1,completed_current_MP_hull_shift_utility_audit;not_strict_alpha_temporal_certificate;not_prospective_discovery;no_t1_label_used_for_selection
300,PARC,F-Pa-Y,1,0.003289473684210526,1,1,completed_current_MP_hull_shift_utility_audit;not_strict_alpha_temporal_certificate;not_prospective_discovery;no_t1_label_used_for_selection
300,PARC,F-Pa-Yb,1,0.003289473684210526,1,0,completed_current_MP_hull_shift_utility_audit;not_strict_alpha_temporal_certificate;not_prospective_discovery;no_t1_label_used_for_selection
300,PARC,F-Pa-Zn,1,0.003289473684210526,0,0,completed_current_MP_hull_shift_utility_audit;not_strict_alpha_temporal_certificate;not_prospective_discovery;no_t1_label_used_for_selection
300,PARC,F-Pa-Zr,1,0.003289473684210526,1,1,completed_current_MP_hull_shift_utility_audit;not_strict_alpha_temporal_certificate;not_prospective_discovery;no_t1_label_used_for_selection
300,PARC,F-Se,1,0.003289473684210526,0,0,completed_current_MP_hull_shift_utility_audit;not_strict_alpha_temporal_certificate;not_prospective_discovery;no_t1_label_used_for_selection
300,PARC,F-Sr-Yb,1,0.003289473684210526,1,0,completed_current_MP_hull_shift_utility_audit;not_strict_alpha_temporal_certificate;not_prospective_discovery;no_t1_label_used_for_selection
300,PARC,F-Sr-Zn,1,0.003289473684210526,1,0,completed_current_MP_hull_shift_utility_audit;not_strict_alpha_temporal_certificate;not_prospective_discovery;no_t1_label_used_for_selection
300,PARC,F-Ti,1,0.003289473684210526,0,0,completed_current_MP_hull_shift_utility_audit;not_strict_alpha_temporal_certificate;not_prospective_discovery;no_t1_label_used_for_selection
300,PARC,F-Tm,1,0.003289473684210526,0,0,completed_current_MP_hull_shift_utility_audit;not_strict_alpha_temporal_certificate;not_prospective_discovery;no_t1_label_used_for_selection
300,PARC,Ga-Gd-I,1,0.003289473684210526,1,1,completed_current_MP_hull_shift_utility_audit;not_strict_alpha_temporal_certificate;not_prospective_discovery;no_t1_label_used_for_selection
300,PARC,Gd-Ge-I,1,0.003289473684210526,0,0,completed_current_MP_hull_shift_utility_audit;not_strict_alpha_temporal_certificate;not_prospective_discovery;no_t1_label_used_for_selection
300,PARC,Gd-I-In,1,0.003289473684210526,0,0,completed_current_MP_hull_shift_utility_audit;not_strict_alpha_temporal_certificate;not_prospective_discovery;no_t1_label_used_for_selection
300,PARC,Gd-I-Li,1,0.003289473684210526,0,0,completed_current_MP_hull_shift_utility_audit;not_strict_alpha_temporal_certificate;not_prospective_discovery;no_t1_label_used_for_selection
300,PARC,Gd-I-N,1,0.003289473684210526,0,0,completed_current_MP_hull_shift_utility_audit;not_strict_alpha_temporal_certificate;not_prospective_discovery;no_t1_label_used_for_selection
300,PARC,Gd-I-P,1,0.003289473684210526,0,0,completed_current_MP_hull_shift_utility_audit;not_strict_alpha_temporal_certificate;not_prospective_discovery;no_t1_label_used_for_selection
300,PARC,Gd-I-Ru,1,0.003289473684210526,0,0,completed_current_MP_hull_shift_utility_audit;not_strict_alpha_temporal_certificate;not_prospective_discovery;no_t1_label_used_for_selection
300,PARC,Gd-I-Se,1,0.003289473684210526,0,0,completed_current_MP_hull_shift_utility_audit;not_strict_alpha_temporal_certificate;not_prospective_discovery;no_t1_label_used_for_selection
300,PARC,Gd-I-Si,1,0.003289473684210526,0,0,completed_current_MP_hull_shift_utility_audit;not_strict_alpha_temporal_certificate;not_prospective_discovery;no_t1_label_used_for_selection
300,PARC,Gd-I-Sn,1,0.003289473684210526,0,0,completed_current_MP_hull_shift_utility_audit;not_strict_alpha_temporal_certificate;not_prospective_discovery;no_t1_label_used_for_selection
300,PARC,Gd-I-Sr,1,0.003289473684210526,1,1,completed_current_MP_hull_shift_utility_audit;not_strict_alpha_temporal_certificate;not_prospective_discovery;no_t1_label_used_for_selection
300,PARC,Gd-I-Te,1,0.003289473684210526,1,1,completed_current_MP_hull_shift_utility_audit;not_strict_alpha_temporal_certificate;not_prospective_discovery;no_t1_label_used_for_selection
300,PARC,Ge-Pm-Te,1,0.003289473684210526,0,0,completed_current_MP_hull_shift_utility_audit;not_strict_alpha_temporal_certificate;not_prospective_discovery;no_t1_label_used_for_selection
300,PARC,In-Pm-Te,1,0.003289473684210526,0,0,completed_current_MP_hull_shift_utility_audit;not_strict_alpha_temporal_certificate;not_prospective_discovery;no_t1_label_used_for_selection
300,PARC,K-Pa-Se,1,0.003289473684210526,0,0,completed_current_MP_hull_shift_utility_audit;not_strict_alpha_temporal_certificate;not_prospective_discovery;no_t1_label_used_for_selection
300,PARC,K-Pm-Te,1,0.003289473684210526,0,0,completed_current_MP_hull_shift_utility_audit;not_strict_alpha_temporal_certificate;not_prospective_discovery;no_t1_label_used_for_selection
300,PARC,Li-Pm-Te,1,0.003289473684210526,1,1,completed_current_MP_hull_shift_utility_audit;not_strict_alpha_temporal_certificate;not_prospective_discovery;no_t1_label_used_for_selection
300,PARC,Mn-Pm-Te,1,0.003289473684210526,0,0,completed_current_MP_hull_shift_utility_audit;not_strict_alpha_temporal_certificate;not_prospective_discovery;no_t1_label_used_for_selection
300,PARC,Na-Pa-Se,1,0.003289473684210526,0,0,completed_current_MP_hull_shift_utility_audit;not_strict_alpha_temporal_certificate;not_prospective_discovery;no_t1_label_used_for_selection
300,PARC,Np-Se,1,0.003289473684210526,0,0,completed_current_MP_hull_shift_utility_audit;not_strict_alpha_temporal_certificate;not_prospective_discovery;no_t1_label_used_for_selection
300,PARC,Pa-Rb-Se,1,0.003289473684210526,0,0,completed_current_MP_hull_shift_utility_audit;not_strict_alpha_temporal_certificate;not_prospective_discovery;no_t1_label_used_for_selection
300,PARC,Pm-Rb-Te,1,0.003289473684210526,0,0,completed_current_MP_hull_shift_utility_audit;not_strict_alpha_temporal_certificate;not_prospective_discovery;no_t1_label_used_for_selection
300,PARC,Pm-Sn-Te,1,0.003289473684210526,0,0,completed_current_MP_hull_shift_utility_audit;not_strict_alpha_temporal_certificate;not_prospective_discovery;no_t1_label_used_for_selection
300,PARC,Se-Tc,1,0.003289473684210526,0,0,completed_current_MP_hull_shift_utility_audit;not_strict_alpha_temporal_certificate;not_prospective_discovery;no_t1_label_used_for_selection
300,raw_topK,Br-Er,14,0.019971469329529243,0,0,completed_current_MP_hull_shift_utility_audit;not_strict_alpha_temporal_certificate;not_prospective_discovery;no_t1_label_used_for_selection
300,raw_topK,Gd-I,12,0.017118402282453638,0,0,completed_current_MP_hull_shift_utility_audit;not_strict_alpha_temporal_certificate;not_prospective_discovery;no_t1_label_used_for_selection
300,raw_topK,Br-Sr,8,0.011412268188302425,8,6,completed_current_MP_hull_shift_utility_audit;not_strict_alpha_temporal_certificate;not_prospective_discovery;no_t1_label_used_for_selection
300,raw_topK,Br-Ca,7,0.009985734664764621,0,0,completed_current_MP_hull_shift_utility_audit;not_strict_alpha_temporal_certificate;not_prospective_discovery;no_t1_label_used_for_selection
300,raw_topK,Br-Er-N,7,0.009985734664764621,0,0,completed_current_MP_hull_shift_utility_audit;not_strict_alpha_temporal_certificate;not_prospective_discovery;no_t1_label_used_for_selection
300,raw_topK,Cl-Sr,7,0.009985734664764621,0,0,completed_current_MP_hull_shift_utility_audit;not_strict_alpha_temporal_certificate;not_prospective_discovery;no_t1_label_used_for_selection
300,raw_topK,Br-Mg,6,0.008559201141226819,0,0,completed_current_MP_hull_shift_utility_audit;not_strict_alpha_temporal_certificate;not_prospective_discovery;no_t1_label_used_for_selection
300,raw_topK,Br-Yb,6,0.008559201141226819,6,0,completed_current_MP_hull_shift_utility_audit;not_strict_alpha_temporal_certificate;not_prospective_discovery;no_t1_label_used_for_selection
300,raw_topK,Cl-Mn,6,0.008559201141226819,0,0,completed_current_MP_hull_shift_utility_audit;not_strict_alpha_temporal_certificate;not_prospective_discovery;no_t1_label_used_for_selection
300,raw_topK,Ba-Br,5,0.007132667617689016,0,0,completed_current_MP_hull_shift_utility_audit;not_strict_alpha_temporal_certificate;not_prospective_discovery;no_t1_label_used_for_selection
300,raw_topK,Br-Co,5,0.007132667617689016,0,0,completed_current_MP_hull_shift_utility_audit;not_strict_alpha_temporal_certificate;not_prospective_discovery;no_t1_label_used_for_selection
300,raw_topK,Br-Mn,5,0.007132667617689016,0,0,completed_current_MP_hull_shift_utility_audit;not_strict_alpha_temporal_certificate;not_prospective_discovery;no_t1_label_used_for_selection
300,raw_topK,Ca-Cl,5,0.007132667617689016,5,3,completed_current_MP_hull_shift_utility_audit;not_strict_alpha_temporal_certificate;not_prospective_discovery;no_t1_label_used_for_selection
300,raw_topK,Ac-Pt,4,0.005706134094151213,0,0,completed_current_MP_hull_shift_utility_audit;not_strict_alpha_temporal_certificate;not_prospective_discovery;no_t1_label_used_for_selection
300,raw_topK,Ba-Cl,4,0.005706134094151213,4,3,completed_current_MP_hull_shift_utility_audit;not_strict_alpha_temporal_certificate;not_prospective_discovery;no_t1_label_used_for_selection
300,raw_topK,Br-Er-Ge,4,0.005706134094151213,0,0,completed_current_MP_hull_shift_utility_audit;not_strict_alpha_temporal_certificate;not_prospective_discovery;no_t1_label_used_for_selection
300,raw_topK,Br-Er-H,4,0.005706134094151213,0,0,completed_current_MP_hull_shift_utility_audit;not_strict_alpha_temporal_certificate;not_prospective_discovery;no_t1_label_used_for_selection
300,raw_topK,Br-Er-K,4,0.005706134094151213,0,0,completed_current_MP_hull_shift_utility_audit;not_strict_alpha_temporal_certificate;not_prospective_discovery;no_t1_label_used_for_selection
300,raw_topK,Br-Er-Si,4,0.005706134094151213,0,0,completed_current_MP_hull_shift_utility_audit;not_strict_alpha_temporal_certificate;not_prospective_discovery;no_t1_label_used_for_selection
300,raw_topK,Br-Er-Sn,4,0.005706134094151213,0,0,completed_current_MP_hull_shift_utility_audit;not_strict_alpha_temporal_certificate;not_prospective_discovery;no_t1_label_used_for_selection
300,raw_topK,Ce-Cl,4,0.005706134094151213,0,0,completed_current_MP_hull_shift_utility_audit;not_strict_alpha_temporal_certificate;not_prospective_discovery;no_t1_label_used_for_selection
300,raw_topK,Cl-Sc,4,0.005706134094151213,0,0,completed_current_MP_hull_shift_utility_audit;not_strict_alpha_temporal_certificate;not_prospective_discovery;no_t1_label_used_for_selection
300,raw_topK,Cr-F-Pa,4,0.005706134094151213,0,0,completed_current_MP_hull_shift_utility_audit;not_strict_alpha_temporal_certificate;not_prospective_discovery;no_t1_label_used_for_selection
300,raw_topK,Cu-F,4,0.005706134094151213,0,0,completed_current_MP_hull_shift_utility_audit;not_strict_alpha_temporal_certificate;not_prospective_discovery;no_t1_label_used_for_selection
300,raw_topK,As-Br-Er,3,0.0042796005706134095,0,0,completed_current_MP_hull_shift_utility_audit;not_strict_alpha_temporal_certificate;not_prospective_discovery;no_t1_label_used_for_selection
300,raw_topK,Ba-F-Hg,3,0.0042796005706134095,3,3,completed_current_MP_hull_shift_utility_audit;not_strict_alpha_temporal_certificate;not_prospective_discovery;no_t1_label_used_for_selection
300,raw_topK,Br-Ce,3,0.0042796005706134095,0,0,completed_current_MP_hull_shift_utility_audit;not_strict_alpha_temporal_certificate;not_prospective_discovery;no_t1_label_used_for_selection
300,raw_topK,Br-Dy,3,0.0042796005706134095,0,0,completed_current_MP_hull_shift_utility_audit;not_strict_alpha_temporal_certificate;not_prospective_discovery;no_t1_label_used_for_selection
300,raw_topK,Br-Er-Ga,3,0.0042796005706134095,0,0,completed_current_MP_hull_shift_utility_audit;not_strict_alpha_temporal_certificate;not_prospective_discovery;no_t1_label_used_for_selection
300,raw_topK,Br-Er-P,3,0.0042796005706134095,0,0,completed_current_MP_hull_shift_utility_audit;not_strict_alpha_temporal_certificate;not_prospective_discovery;no_t1_label_used_for_selection
300,raw_topK,Br-Er-Pb,3,0.0042796005706134095,0,0,completed_current_MP_hull_shift_utility_audit;not_strict_alpha_temporal_certificate;not_prospective_discovery;no_t1_label_used_for_selection
300,raw_topK,Br-Er-Rb,3,0.0042796005706134095,0,0,completed_current_MP_hull_shift_utility_audit;not_strict_alpha_temporal_certificate;not_prospective_discovery;no_t1_label_used_for_selection
300,raw_topK,Br-Gd,3,0.0042796005706134095,0,0,completed_current_MP_hull_shift_utility_audit;not_strict_alpha_temporal_certificate;not_prospective_discovery;no_t1_label_used_for_selection
300,raw_topK,Br-Ho,3,0.0042796005706134095,0,0,completed_current_MP_hull_shift_utility_audit;not_strict_alpha_temporal_certificate;not_prospective_discovery;no_t1_label_used_for_selection
300,raw_topK,Br-Lu,3,0.0042796005706134095,0,0,completed_current_MP_hull_shift_utility_audit;not_strict_alpha_temporal_certificate;not_prospective_discovery;no_t1_label_used_for_selection
300,raw_topK,Br-Pb,3,0.0042796005706134095,0,0,completed_current_MP_hull_shift_utility_audit;not_strict_alpha_temporal_certificate;not_prospective_discovery;no_t1_label_used_for_selection
300,raw_topK,Br-Pd,3,0.0042796005706134095,0,0,completed_current_MP_hull_shift_utility_audit;not_strict_alpha_temporal_certificate;not_prospective_discovery;no_t1_label_used_for_selection
300,raw_topK,Br-Tm,3,0.0042796005706134095,0,0,completed_current_MP_hull_shift_utility_audit;not_strict_alpha_temporal_certificate;not_prospective_discovery;no_t1_label_used_for_selection
300,raw_topK,Cl-Co,3,0.0042796005706134095,0,0,completed_current_MP_hull_shift_utility_audit;not_strict_alpha_temporal_certificate;not_prospective_discovery;no_t1_label_used_for_selection
300,raw_topK,Cl-Dy,3,0.0042796005706134095,3,1,completed_current_MP_hull_shift_utility_audit;not_strict_alpha_temporal_certificate;not_prospective_discovery;no_t1_label_used_for_selection
300,raw_topK,Cl-Er,3,0.0042796005706134095,0,0,completed_current_MP_hull_shift_utility_audit;not_strict_alpha_temporal_certificate;not_prospective_discovery;no_t1_label_used_for_selection
300,raw_topK,Cl-Ho,3,0.0042796005706134095,3,0,completed_current_MP_hull_shift_utility_audit;not_strict_alpha_temporal_certificate;not_prospective_discovery;no_t1_label_used_for_selection
300,raw_topK,Cl-La,3,0.0042796005706134095,0,0,completed_current_MP_hull_shift_utility_audit;not_strict_alpha_temporal_certificate;not_prospective_discovery;no_t1_label_used_for_selection
300,raw_topK,Cl-Mg,3,0.0042796005706134095,0,0,completed_current_MP_hull_shift_utility_audit;not_strict_alpha_temporal_certificate;not_prospective_discovery;no_t1_label_used_for_selection
300,raw_topK,Cl-Nd,3,0.0042796005706134095,3,0,completed_current_MP_hull_shift_utility_audit;not_strict_alpha_temporal_certificate;not_prospective_discovery;no_t1_label_used_for_selection
300,raw_topK,Cl-Ni,3,0.0042796005706134095,0,0,completed_current_MP_hull_shift_utility_audit;not_strict_alpha_temporal_certificate;not_prospective_discovery;no_t1_label_used_for_selection
300,raw_topK,Cl-Pd,3,0.0042796005706134095,3,3,completed_current_MP_hull_shift_utility_audit;not_strict_alpha_temporal_certificate;not_prospective_discovery;no_t1_label_used_for_selection
300,raw_topK,Cl-Sm,3,0.0042796005706134095,3,2,completed_current_MP_hull_shift_utility_audit;not_strict_alpha_temporal_certificate;not_prospective_discovery;no_t1_label_used_for_selection
300,raw_topK,Cl-Tb,3,0.0042796005706134095,3,1,completed_current_MP_hull_shift_utility_audit;not_strict_alpha_temporal_certificate;not_prospective_discovery;no_t1_label_used_for_selection
300,raw_topK,Cs-F-Tm,3,0.0042796005706134095,0,0,completed_current_MP_hull_shift_utility_audit;not_strict_alpha_temporal_certificate;not_prospective_discovery;no_t1_label_used_for_selection
300,raw_topK,F-Fe-Pa,3,0.0042796005706134095,0,0,completed_current_MP_hull_shift_utility_audit;not_strict_alpha_temporal_certificate;not_prospective_discovery;no_t1_label_used_for_selection
300,raw_topK,F-Hg-Sr,3,0.0042796005706134095,3,3,completed_current_MP_hull_shift_utility_audit;not_strict_alpha_temporal_certificate;not_prospective_discovery;no_t1_label_used_for_selection
300,raw_topK,Gd-H-I,3,0.0042796005706134095,0,0,completed_current_MP_hull_shift_utility_audit;not_strict_alpha_temporal_certificate;not_prospective_discovery;no_t1_label_used_for_selection
300,raw_topK,Gd-I-N,3,0.0042796005706134095,0,0,completed_current_MP_hull_shift_utility_audit;not_strict_alpha_temporal_certificate;not_prospective_discovery;no_t1_label_used_for_selection
300,raw_topK,Gd-I-Sb,3,0.0042796005706134095,0,0,completed_current_MP_hull_shift_utility_audit;not_strict_alpha_temporal_certificate;not_prospective_discovery;no_t1_label_used_for_selection
300,raw_topK,Pm-Pt,3,0.0042796005706134095,0,0,completed_current_MP_hull_shift_utility_audit;not_strict_alpha_temporal_certificate;not_prospective_discovery;no_t1_label_used_for_selection
300,raw_topK,Pm-Te,3,0.0042796005706134095,0,0,completed_current_MP_hull_shift_utility_audit;not_strict_alpha_temporal_certificate;not_prospective_discovery;no_t1_label_used_for_selection
300,raw_topK,Al-Br-Er,2,0.0028530670470756064,0,0,completed_current_MP_hull_shift_utility_audit;not_strict_alpha_temporal_certificate;not_prospective_discovery;no_t1_label_used_for_selection
300,raw_topK,Al-Ca-F,2,0.0028530670470756064,2,0,completed_current_MP_hull_shift_utility_audit;not_strict_alpha_temporal_certificate;not_prospective_discovery;no_t1_label_used_for_selection
300,raw_topK,Al-F-Pa,2,0.0028530670470756064,2,2,completed_current_MP_hull_shift_utility_audit;not_strict_alpha_temporal_certificate;not_prospective_discovery;no_t1_label_used_for_selection
300,raw_topK,As-Gd-I,2,0.0028530670470756064,0,0,completed_current_MP_hull_shift_utility_audit;not_strict_alpha_temporal_certificate;not_prospective_discovery;no_t1_label_used_for_selection
300,raw_topK,Ba-Br-Er,2,0.0028530670470756064,0,0,completed_current_MP_hull_shift_utility_audit;not_strict_alpha_temporal_certificate;not_prospective_discovery;no_t1_label_used_for_selection
300,raw_topK,Ba-Ca-F,2,0.0028530670470756064,2,0,completed_current_MP_hull_shift_utility_audit;not_strict_alpha_temporal_certificate;not_prospective_discovery;no_t1_label_used_for_selection
300,raw_topK,Ba-Cu-F,2,0.0028530670470756064,2,2,completed_current_MP_hull_shift_utility_audit;not_strict_alpha_temporal_certificate;not_prospective_discovery;no_t1_label_used_for_selection
300,raw_topK,Ba-Eu-F,2,0.0028530670470756064,2,0,completed_current_MP_hull_shift_utility_audit;not_strict_alpha_temporal_certificate;not_prospective_discovery;no_t1_label_used_for_selection
300,raw_topK,Ba-F-Gd,2,0.0028530670470756064,2,2,completed_current_MP_hull_shift_utility_audit;not_strict_alpha_temporal_certificate;not_prospective_discovery;no_t1_label_used_for_selection
300,raw_topK,Ba-F-Sc,2,0.0028530670470756064,2,0,completed_current_MP_hull_shift_utility_audit;not_strict_alpha_temporal_certificate;not_prospective_discovery;no_t1_label_used_for_selection
300,raw_topK,Ba-Gd-I,2,0.0028530670470756064,2,2,completed_current_MP_hull_shift_utility_audit;not_strict_alpha_temporal_certificate;not_prospective_discovery;no_t1_label_used_for_selection
300,raw_topK,Bi-Cl,2,0.0028530670470756064,2,2,completed_current_MP_hull_shift_utility_audit;not_strict_alpha_temporal_certificate;not_prospective_discovery;no_t1_label_used_for_selection
300,raw_topK,Bi-Gd-I,2,0.0028530670470756064,2,2,completed_current_MP_hull_shift_utility_audit;not_strict_alpha_temporal_certificate;not_prospective_discovery;no_t1_label_used_for_selection
300,raw_topK,Br-Er-In,2,0.0028530670470756064,2,2,completed_current_MP_hull_shift_utility_audit;not_strict_alpha_temporal_certificate;not_prospective_discovery;no_t1_label_used_for_selection
300,raw_topK,Br-Er-S,2,0.0028530670470756064,0,0,completed_current_MP_hull_shift_utility_audit;not_strict_alpha_temporal_certificate;not_prospective_discovery;no_t1_label_used_for_selection
300,raw_topK,Br-Er-Sb,2,0.0028530670470756064,0,0,completed_current_MP_hull_shift_utility_audit;not_strict_alpha_temporal_certificate;not_prospective_discovery;no_t1_label_used_for_selection
300,raw_topK,Br-Er-Se,2,0.0028530670470756064,0,0,completed_current_MP_hull_shift_utility_audit;not_strict_alpha_temporal_certificate;not_prospective_discovery;no_t1_label_used_for_selection
300,raw_topK,Br-La,2,0.0028530670470756064,0,0,completed_current_MP_hull_shift_utility_audit;not_strict_alpha_temporal_certificate;not_prospective_discovery;no_t1_label_used_for_selection
300,raw_topK,Br-Ni,2,0.0028530670470756064,0,0,completed_current_MP_hull_shift_utility_audit;not_strict_alpha_temporal_certificate;not_prospective_discovery;no_t1_label_used_for_selection
300,raw_topK,Br-Pr,2,0.0028530670470756064,0,0,completed_current_MP_hull_shift_utility_audit;not_strict_alpha_temporal_certificate;not_prospective_discovery;no_t1_label_used_for_selection
300,raw_topK,Br-Pu,2,0.0028530670470756064,0,0,completed_current_MP_hull_shift_utility_audit;not_strict_alpha_temporal_certificate;not_prospective_discovery;no_t1_label_used_for_selection
300,raw_topK,Br-Sc,2,0.0028530670470756064,0,0,completed_current_MP_hull_shift_utility_audit;not_strict_alpha_temporal_certificate;not_prospective_discovery;no_t1_label_used_for_selection
300,raw_topK,Br-Sm,2,0.0028530670470756064,0,0,completed_current_MP_hull_shift_utility_audit;not_strict_alpha_temporal_certificate;not_prospective_discovery;no_t1_label_used_for_selection
300,raw_topK,Br-Tb,2,0.0028530670470756064,0,0,completed_current_MP_hull_shift_utility_audit;not_strict_alpha_temporal_certificate;not_prospective_discovery;no_t1_label_used_for_selection
300,raw_topK,Br-V,2,0.0028530670470756064,0,0,completed_current_MP_hull_shift_utility_audit;not_strict_alpha_temporal_certificate;not_prospective_discovery;no_t1_label_used_for_selection
300,raw_topK,Br-Y,2,0.0028530670470756064,0,0,completed_current_MP_hull_shift_utility_audit;not_strict_alpha_temporal_certificate;not_prospective_discovery;no_t1_label_used_for_selection
300,raw_topK,Ca-F,2,0.0028530670470756064,2,0,completed_current_MP_hull_shift_utility_audit;not_strict_alpha_temporal_certificate;not_prospective_discovery;no_t1_label_used_for_selection
300,raw_topK,Ca-F-Li,2,0.0028530670470756064,2,0,completed_current_MP_hull_shift_utility_audit;not_strict_alpha_temporal_certificate;not_prospective_discovery;no_t1_label_used_for_selection
300,raw_topK,Ca-F-Yb,2,0.0028530670470756064,2,0,completed_current_MP_hull_shift_utility_audit;not_strict_alpha_temporal_certificate;not_prospective_discovery;no_t1_label_used_for_selection
300,raw_topK,Cd-Eu-F,2,0.0028530670470756064,2,1,completed_current_MP_hull_shift_utility_audit;not_strict_alpha_temporal_certificate;not_prospective_discovery;no_t1_label_used_for_selection
300,raw_topK,Cd-F-Gd,2,0.0028530670470756064,2,2,completed_current_MP_hull_shift_utility_audit;not_strict_alpha_temporal_certificate;not_prospective_discovery;no_t1_label_used_for_selection
300,raw_topK,Cd-F-Sc,2,0.0028530670470756064,2,0,completed_current_MP_hull_shift_utility_audit;not_strict_alpha_temporal_certificate;not_prospective_discovery;no_t1_label_used_for_selection
300,raw_topK,Ce-I,2,0.0028530670470756064,0,0,completed_current_MP_hull_shift_utility_audit;not_strict_alpha_temporal_certificate;not_prospective_discovery;no_t1_label_used_for_selection
300,raw_topK,Cl-Cs-Dy,2,0.0028530670470756064,2,0,completed_current_MP_hull_shift_utility_audit;not_strict_alpha_temporal_certificate;not_prospective_discovery;no_t1_label_used_for_selection
300,raw_topK,Cl-Cs-Er,2,0.0028530670470756064,0,0,completed_current_MP_hull_shift_utility_audit;not_strict_alpha_temporal_certificate;not_prospective_discovery;no_t1_label_used_for_selection
300,raw_topK,Cl-Cs-Ho,2,0.0028530670470756064,2,0,completed_current_MP_hull_shift_utility_audit;not_strict_alpha_temporal_certificate;not_prospective_discovery;no_t1_label_used_for_selection
300,raw_topK,Cl-Cs-Sm,2,0.0028530670470756064,0,0,completed_current_MP_hull_shift_utility_audit;not_strict_alpha_temporal_certificate;not_prospective_discovery;no_t1_label_used_for_selection
300,raw_topK,Cl-Cs-Tb,2,0.0028530670470756064,0,0,completed_current_MP_hull_shift_utility_audit;not_strict_alpha_temporal_certificate;not_prospective_discovery;no_t1_label_used_for_selection
300,raw_topK,Cl-Eu,2,0.0028530670470756064,0,0,completed_current_MP_hull_shift_utility_audit;not_strict_alpha_temporal_certificate;not_prospective_discovery;no_t1_label_used_for_selection
300,raw_topK,Cl-Gd,2,0.0028530670470756064,0,0,completed_current_MP_hull_shift_utility_audit;not_strict_alpha_temporal_certificate;not_prospective_discovery;no_t1_label_used_for_selection
300,raw_topK,Cl-In,2,0.0028530670470756064,2,2,completed_current_MP_hull_shift_utility_audit;not_strict_alpha_temporal_certificate;not_prospective_discovery;no_t1_label_used_for_selection
300,raw_topK,Cl-In-Rb,2,0.0028530670470756064,2,2,completed_current_MP_hull_shift_utility_audit;not_strict_alpha_temporal_certificate;not_prospective_discovery;no_t1_label_used_for_selection
300,raw_topK,Cl-Lu,2,0.0028530670470756064,0,0,completed_current_MP_hull_shift_utility_audit;not_strict_alpha_temporal_certificate;not_prospective_discovery;no_t1_label_used_for_selection
300,raw_topK,Cl-Pr,2,0.0028530670470756064,0,0,completed_current_MP_hull_shift_utility_audit;not_strict_alpha_temporal_certificate;not_prospective_discovery;no_t1_label_used_for_selection
300,raw_topK,Cl-Tm,2,0.0028530670470756064,2,0,completed_current_MP_hull_shift_utility_audit;not_strict_alpha_temporal_certificate;not_prospective_discovery;no_t1_label_used_for_selection
300,raw_topK,Cl-Y,2,0.0028530670470756064,0,0,completed_current_MP_hull_shift_utility_audit;not_strict_alpha_temporal_certificate;not_prospective_discovery;no_t1_label_used_for_selection
300,raw_topK,Cl-Yb,2,0.0028530670470756064,2,0,completed_current_MP_hull_shift_utility_audit;not_strict_alpha_temporal_certificate;not_prospective_discovery;no_t1_label_used_for_selection
300,raw_topK,Cs-F-Ti,2,0.0028530670470756064,0,0,completed_current_MP_hull_shift_utility_audit;not_strict_alpha_temporal_certificate;not_prospective_discovery;no_t1_label_used_for_selection
300,raw_topK,Cs-Pa-Se,2,0.0028530670470756064,0,0,completed_current_MP_hull_shift_utility_audit;not_strict_alpha_temporal_certificate;not_prospective_discovery;no_t1_label_used_for_selection
300,raw_topK,Cu-F-K,2,0.0028530670470756064,0,0,completed_current_MP_hull_shift_utility_audit;not_strict_alpha_temporal_certificate;not_prospective_discovery;no_t1_label_used_for_selection
300,raw_topK,Cu-F-Na,2,0.0028530670470756064,2,2,completed_current_MP_hull_shift_utility_audit;not_strict_alpha_temporal_certificate;not_prospective_discovery;no_t1_label_used_for_selection
300,raw_topK,F-Ga-Pa,2,0.0028530670470756064,0,0,completed_current_MP_hull_shift_utility_audit;not_strict_alpha_temporal_certificate;not_prospective_discovery;no_t1_label_used_for_selection
300,raw_topK,F-Li-Pa,2,0.0028530670470756064,0,0,completed_current_MP_hull_shift_utility_audit;not_strict_alpha_temporal_certificate;not_prospective_discovery;no_t1_label_used_for_selection
300,raw_topK,F-Mn-Pa,2,0.0028530670470756064,0,0,completed_current_MP_hull_shift_utility_audit;not_strict_alpha_temporal_certificate;not_prospective_discovery;no_t1_label_used_for_selection
300,raw_topK,F-Na-Sr,2,0.0028530670470756064,2,2,completed_current_MP_hull_shift_utility_audit;not_strict_alpha_temporal_certificate;not_prospective_discovery;no_t1_label_used_for_selection
300,raw_topK,F-Np,2,0.0028530670470756064,2,0,completed_current_MP_hull_shift_utility_audit;not_strict_alpha_temporal_certificate;not_prospective_discovery;no_t1_label_used_for_selection
300,raw_topK,F-Pa-Pd,2,0.0028530670470756064,0,0,completed_current_MP_hull_shift_utility_audit;not_strict_alpha_temporal_certificate;not_prospective_discovery;no_t1_label_used_for_selection
300,raw_topK,F-Pa-Sn,2,0.0028530670470756064,0,0,completed_current_MP_hull_shift_utility_audit;not_strict_alpha_temporal_certificate;not_prospective_discovery;no_t1_label_used_for_selection
300,raw_topK,F-Pa-Tl,2,0.0028530670470756064,0,0,completed_current_MP_hull_shift_utility_audit;not_strict_alpha_temporal_certificate;not_prospective_discovery;no_t1_label_used_for_selection
300,raw_topK,F-Se,2,0.0028530670470756064,0,0,completed_current_MP_hull_shift_utility_audit;not_strict_alpha_temporal_certificate;not_prospective_discovery;no_t1_label_used_for_selection
300,raw_topK,F-Sr,2,0.0028530670470756064,2,0,completed_current_MP_hull_shift_utility_audit;not_strict_alpha_temporal_certificate;not_prospective_discovery;no_t1_label_used_for_selection
300,raw_topK,F-Tm-Zn,2,0.0028530670470756064,0,0,completed_current_MP_hull_shift_utility_audit;not_strict_alpha_temporal_certificate;not_prospective_discovery;no_t1_label_used_for_selection
300,raw_topK,Ga-Pm-Te,2,0.0028530670470756064,0,0,completed_current_MP_hull_shift_utility_audit;not_strict_alpha_temporal_certificate;not_prospective_discovery;no_t1_label_used_for_selection
300,raw_topK,Gd-I-P,2,0.0028530670470756064,0,0,completed_current_MP_hull_shift_utility_audit;not_strict_alpha_temporal_certificate;not_prospective_discovery;no_t1_label_used_for_selection
300,raw_topK,Gd-I-Si,2,0.0028530670470756064,0,0,completed_current_MP_hull_shift_utility_audit;not_strict_alpha_temporal_certificate;not_prospective_discovery;no_t1_label_used_for_selection
300,raw_topK,Gd-I-Sn,2,0.0028530670470756064,0,0,completed_current_MP_hull_shift_utility_audit;not_strict_alpha_temporal_certificate;not_prospective_discovery;no_t1_label_used_for_selection
300,raw_topK,I-Ru,2,0.0028530670470756064,0,0,completed_current_MP_hull_shift_utility_audit;not_strict_alpha_temporal_certificate;not_prospective_discovery;no_t1_label_used_for_selection
300,raw_topK,I-Sr,2,0.0028530670470756064,2,2,completed_current_MP_hull_shift_utility_audit;not_strict_alpha_temporal_certificate;not_prospective_discovery;no_t1_label_used_for_selection
300,raw_topK,Ir-Pm,2,0.0028530670470756064,0,0,completed_current_MP_hull_shift_utility_audit;not_strict_alpha_temporal_certificate;not_prospective_discovery;no_t1_label_used_for_selection
300,raw_topK,Na-Pa-Se,2,0.0028530670470756064,0,0,completed_current_MP_hull_shift_utility_audit;not_strict_alpha_temporal_certificate;not_prospective_discovery;no_t1_label_used_for_selection
300,raw_topK,Pa-Rb-Se,2,0.0028530670470756064,0,0,completed_current_MP_hull_shift_utility_audit;not_strict_alpha_temporal_certificate;not_prospective_discovery;no_t1_label_used_for_selection
300,raw_topK,Pa-Se,2,0.0028530670470756064,0,0,completed_current_MP_hull_shift_utility_audit;not_strict_alpha_temporal_certificate;not_prospective_discovery;no_t1_label_used_for_selection
300,raw_topK,Pa-Te,2,0.0028530670470756064,0,0,completed_current_MP_hull_shift_utility_audit;not_strict_alpha_temporal_certificate;not_prospective_discovery;no_t1_label_used_for_selection
300,raw_topK,Ac-As-Pt,1,0.0014265335235378032,1,1,completed_current_MP_hull_shift_utility_audit;not_strict_alpha_temporal_certificate;not_prospective_discovery;no_t1_label_used_for_selection
300,raw_topK,Ac-Ir-Pt,1,0.0014265335235378032,0,0,completed_current_MP_hull_shift_utility_audit;not_strict_alpha_temporal_certificate;not_prospective_discovery;no_t1_label_used_for_selection
300,raw_topK,Ac-K-Se,1,0.0014265335235378032,0,0,completed_current_MP_hull_shift_utility_audit;not_strict_alpha_temporal_certificate;not_prospective_discovery;no_t1_label_used_for_selection
300,raw_topK,Ac-Li-Se,1,0.0014265335235378032,0,0,completed_current_MP_hull_shift_utility_audit;not_strict_alpha_temporal_certificate;not_prospective_discovery;no_t1_label_used_for_selection
300,raw_topK,Ac-Na-Se,1,0.0014265335235378032,0,0,completed_current_MP_hull_shift_utility_audit;not_strict_alpha_temporal_certificate;not_prospective_discovery;no_t1_label_used_for_selection
300,raw_topK,Ac-P-Pt,1,0.0014265335235378032,0,0,completed_current_MP_hull_shift_utility_audit;not_strict_alpha_temporal_certificate;not_prospective_discovery;no_t1_label_used_for_selection
300,raw_topK,Ac-Pd,1,0.0014265335235378032,0,0,completed_current_MP_hull_shift_utility_audit;not_strict_alpha_temporal_certificate;not_prospective_discovery;no_t1_label_used_for_selection
300,raw_topK,Ac-Pd-Pt,1,0.0014265335235378032,0,0,completed_current_MP_hull_shift_utility_audit;not_strict_alpha_temporal_certificate;not_prospective_discovery;no_t1_label_used_for_selection
300,raw_topK,Ac-Pt-Rh,1,0.0014265335235378032,0,0,completed_current_MP_hull_shift_utility_audit;not_strict_alpha_temporal_certificate;not_prospective_discovery;no_t1_label_used_for_selection
300,raw_topK,Ac-Rb-Se,1,0.0014265335235378032,0,0,completed_current_MP_hull_shift_utility_audit;not_strict_alpha_temporal_certificate;not_prospective_discovery;no_t1_label_used_for_selection
300,raw_topK,Ac-Se,1,0.0014265335235378032,0,0,completed_current_MP_hull_shift_utility_audit;not_strict_alpha_temporal_certificate;not_prospective_discovery;no_t1_label_used_for_selection
300,raw_topK,Ac-Se-Sn,1,0.0014265335235378032,0,0,completed_current_MP_hull_shift_utility_audit;not_strict_alpha_temporal_certificate;not_prospective_discovery;no_t1_label_used_for_selection
300,raw_topK,Ac-Se-Tl,1,0.0014265335235378032,0,0,completed_current_MP_hull_shift_utility_audit;not_strict_alpha_temporal_certificate;not_prospective_discovery;no_t1_label_used_for_selection
300,raw_topK,Ac-Te,1,0.0014265335235378032,0,0,completed_current_MP_hull_shift_utility_audit;not_strict_alpha_temporal_certificate;not_prospective_discovery;no_t1_label_used_for_selection
300,raw_topK,Ag-F,1,0.0014265335235378032,1,1,completed_current_MP_hull_shift_utility_audit;not_strict_alpha_temporal_certificate;not_prospective_discovery;no_t1_label_used_for_selection
300,raw_topK,Ag-Pm-Te,1,0.0014265335235378032,1,1,completed_current_MP_hull_shift_utility_audit;not_strict_alpha_temporal_certificate;not_prospective_discovery;no_t1_label_used_for_selection
300,raw_topK,Al-Cl-K,1,0.0014265335235378032,0,0,completed_current_MP_hull_shift_utility_audit;not_strict_alpha_temporal_certificate;not_prospective_discovery;no_t1_label_used_for_selection
300,raw_topK,Al-F-Na,1,0.0014265335235378032,1,0,completed_current_MP_hull_shift_utility_audit;not_strict_alpha_temporal_certificate;not_prospective_discovery;no_t1_label_used_for_selection
300,raw_topK,Al-F-Sr,1,0.0014265335235378032,1,0,completed_current_MP_hull_shift_utility_audit;not_strict_alpha_temporal_certificate;not_prospective_discovery;no_t1_label_used_for_selection
300,raw_topK,Al-Gd-I,1,0.0014265335235378032,0,0,completed_current_MP_hull_shift_utility_audit;not_strict_alpha_temporal_certificate;not_prospective_discovery;no_t1_label_used_for_selection
300,raw_topK,As-Br,1,0.0014265335235378032,0,0,completed_current_MP_hull_shift_utility_audit;not_strict_alpha_temporal_certificate;not_prospective_discovery;no_t1_label_used_for_selection
300,raw_topK,As-Cl,1,0.0014265335235378032,0,0,completed_current_MP_hull_shift_utility_audit;not_strict_alpha_temporal_certificate;not_prospective_discovery;no_t1_label_used_for_selection
300,raw_topK,As-Pm-Pt,1,0.0014265335235378032,1,1,completed_current_MP_hull_shift_utility_audit;not_strict_alpha_temporal_certificate;not_prospective_discovery;no_t1_label_used_for_selection
300,raw_topK,Au-Pm-Te,1,0.0014265335235378032,1,1,completed_current_MP_hull_shift_utility_audit;not_strict_alpha_temporal_certificate;not_prospective_discovery;no_t1_label_used_for_selection
300,raw_topK,Ba-Br-Sr,1,0.0014265335235378032,1,1,completed_current_MP_hull_shift_utility_audit;not_strict_alpha_temporal_certificate;not_prospective_discovery;no_t1_label_used_for_selection
300,raw_topK,Ba-Ca-Cl,1,0.0014265335235378032,1,1,completed_current_MP_hull_shift_utility_audit;not_strict_alpha_temporal_certificate;not_prospective_discovery;no_t1_label_used_for_selection
300,raw_topK,Ba-Ca-F-Na,1,0.0014265335235378032,1,0,completed_current_MP_hull_shift_utility_audit;not_strict_alpha_temporal_certificate;not_prospective_discovery;no_t1_label_used_for_selection
300,raw_topK,Ba-Cd-F,1,0.0014265335235378032,1,0,completed_current_MP_hull_shift_utility_audit;not_strict_alpha_temporal_certificate;not_prospective_discovery;no_t1_label_used_for_selection
300,raw_topK,Ba-Cl-Sr,1,0.0014265335235378032,0,0,completed_current_MP_hull_shift_utility_audit;not_strict_alpha_temporal_certificate;not_prospective_discovery;no_t1_label_used_for_selection
300,raw_topK,Ba-Cl-Yb,1,0.0014265335235378032,1,0,completed_current_MP_hull_shift_utility_audit;not_strict_alpha_temporal_certificate;not_prospective_discovery;no_t1_label_used_for_selection
300,raw_topK,Ba-Dy-F,1,0.0014265335235378032,1,0,completed_current_MP_hull_shift_utility_audit;not_strict_alpha_temporal_certificate;not_prospective_discovery;no_t1_label_used_for_selection
300,raw_topK,Ba-Er-F,1,0.0014265335235378032,1,0,completed_current_MP_hull_shift_utility_audit;not_strict_alpha_temporal_certificate;not_prospective_discovery;no_t1_label_used_for_selection
300,raw_topK,Ba-F,1,0.0014265335235378032,1,0,completed_current_MP_hull_shift_utility_audit;not_strict_alpha_temporal_certificate;not_prospective_discovery;no_t1_label_used_for_selection
300,raw_topK,Ba-F-Gd-Li,1,0.0014265335235378032,1,1,completed_current_MP_hull_shift_utility_audit;not_strict_alpha_temporal_certificate;not_prospective_discovery;no_t1_label_used_for_selection
300,raw_topK,Ba-F-Ho,1,0.0014265335235378032,1,0,completed_current_MP_hull_shift_utility_audit;not_strict_alpha_temporal_certificate;not_prospective_discovery;no_t1_label_used_for_selection
300,raw_topK,Ba-F-In,1,0.0014265335235378032,1,0,completed_current_MP_hull_shift_utility_audit;not_strict_alpha_temporal_certificate;not_prospective_discovery;no_t1_label_used_for_selection
300,raw_topK,Ba-F-La,1,0.0014265335235378032,1,0,completed_current_MP_hull_shift_utility_audit;not_strict_alpha_temporal_certificate;not_prospective_discovery;no_t1_label_used_for_selection
300,raw_topK,Ba-F-Li,1,0.0014265335235378032,1,0,completed_current_MP_hull_shift_utility_audit;not_strict_alpha_temporal_certificate;not_prospective_discovery;no_t1_label_used_for_selection
300,raw_topK,Ba-F-Li-Pa,1,0.0014265335235378032,1,1,completed_current_MP_hull_shift_utility_audit;not_strict_alpha_temporal_certificate;not_prospective_discovery;no_t1_label_used_for_selection
300,raw_topK,Ba-F-Lu,1,0.0014265335235378032,1,0,completed_current_MP_hull_shift_utility_audit;not_strict_alpha_temporal_certificate;not_prospective_discovery;no_t1_label_used_for_selection
300,raw_topK,Ba-F-Mg,1,0.0014265335235378032,1,0,completed_current_MP_hull_shift_utility_audit;not_strict_alpha_temporal_certificate;not_prospective_discovery;no_t1_label_used_for_selection
300,raw_topK,Ba-F-Na,1,0.0014265335235378032,1,0,completed_current_MP_hull_shift_utility_audit;not_strict_alpha_temporal_certificate;not_prospective_discovery;no_t1_label_used_for_selection
300,raw_topK,Ba-F-Pa,1,0.0014265335235378032,1,1,completed_current_MP_hull_shift_utility_audit;not_strict_alpha_temporal_certificate;not_prospective_discovery;no_t1_label_used_for_selection
300,raw_topK,Ba-F-Sm,1,0.0014265335235378032,1,0,completed_current_MP_hull_shift_utility_audit;not_strict_alpha_temporal_certificate;not_prospective_discovery;no_t1_label_used_for_selection
300,raw_topK,Ba-F-Sr,1,0.0014265335235378032,1,0,completed_current_MP_hull_shift_utility_audit;not_strict_alpha_temporal_certificate;not_prospective_discovery;no_t1_label_used_for_selection
300,raw_topK,Ba-F-Tm,1,0.0014265335235378032,1,0,completed_current_MP_hull_shift_utility_audit;not_strict_alpha_temporal_certificate;not_prospective_discovery;no_t1_label_used_for_selection
300,raw_topK,Ba-F-Y,1,0.0014265335235378032,1,0,completed_current_MP_hull_shift_utility_audit;not_strict_alpha_temporal_certificate;not_prospective_discovery;no_t1_label_used_for_selection
300,raw_topK,Ba-F-Yb,1,0.0014265335235378032,1,0,completed_current_MP_hull_shift_utility_audit;not_strict_alpha_temporal_certificate;not_prospective_discovery;no_t1_label_used_for_selection
300,raw_topK,Ba-F-Zn,1,0.0014265335235378032,1,0,completed_current_MP_hull_shift_utility_audit;not_strict_alpha_temporal_certificate;not_prospective_discovery;no_t1_label_used_for_selection
300,raw_topK,Ba-I,1,0.0014265335235378032,1,1,completed_current_MP_hull_shift_utility_audit;not_strict_alpha_temporal_certificate;not_prospective_discovery;no_t1_label_used_for_selection
300,raw_topK,Bi-Pa-Se,1,0.0014265335235378032,0,0,completed_current_MP_hull_shift_utility_audit;not_strict_alpha_temporal_certificate;not_prospective_discovery;no_t1_label_used_for_selection
300,raw_topK,Br-Cd-Se,1,0.0014265335235378032,0,0,completed_current_MP_hull_shift_utility_audit;not_strict_alpha_temporal_certificate;not_prospective_discovery;no_t1_label_used_for_selection
300,raw_topK,Br-Cl-Er,1,0.0014265335235378032,0,0,completed_current_MP_hull_shift_utility_audit;not_strict_alpha_temporal_certificate;not_prospective_discovery;no_t1_label_used_for_selection
300,raw_topK,Br-Cr,1,0.0014265335235378032,0,0,completed_current_MP_hull_shift_utility_audit;not_strict_alpha_temporal_certificate;not_prospective_discovery;no_t1_label_used_for_selection
300,raw_topK,Br-Cu-Er,1,0.0014265335235378032,0,0,completed_current_MP_hull_shift_utility_audit;not_strict_alpha_temporal_certificate;not_prospective_discovery;no_t1_label_used_for_selection
300,raw_topK,Br-Er-F,1,0.0014265335235378032,1,1,completed_current_MP_hull_shift_utility_audit;not_strict_alpha_temporal_certificate;not_prospective_discovery;no_t1_label_used_for_selection
300,raw_topK,Br-Er-K-Rb,1,0.0014265335235378032,0,0,completed_current_MP_hull_shift_utility_audit;not_strict_alpha_temporal_certificate;not_prospective_discovery;no_t1_label_used_for_selection
300,raw_topK,Br-Er-Li-Rb,1,0.0014265335235378032,0,0,completed_current_MP_hull_shift_utility_audit;not_strict_alpha_temporal_certificate;not_prospective_discovery;no_t1_label_used_for_selection
300,raw_topK,Br-Er-Na-Rb,1,0.0014265335235378032,0,0,completed_current_MP_hull_shift_utility_audit;not_strict_alpha_temporal_certificate;not_prospective_discovery;no_t1_label_used_for_selection
300,raw_topK,Br-Er-Ni,1,0.0014265335235378032,1,1,completed_current_MP_hull_shift_utility_audit;not_strict_alpha_temporal_certificate;not_prospective_discovery;no_t1_label_used_for_selection
300,raw_topK,Br-Er-Rh,1,0.0014265335235378032,1,1,completed_current_MP_hull_shift_utility_audit;not_strict_alpha_temporal_certificate;not_prospective_discovery;no_t1_label_used_for_selection
300,raw_topK,Br-Er-Ru,1,0.0014265335235378032,1,1,completed_current_MP_hull_shift_utility_audit;not_strict_alpha_temporal_certificate;not_prospective_discovery;no_t1_label_used_for_selection
300,raw_topK,Br-Eu,1,0.0014265335235378032,1,1,completed_current_MP_hull_shift_utility_audit;not_strict_alpha_temporal_certificate;not_prospective_discovery;no_t1_label_used_for_selection
300,raw_topK,Br-Fe,1,0.0014265335235378032,0,0,completed_current_MP_hull_shift_utility_audit;not_strict_alpha_temporal_certificate;not_prospective_discovery;no_t1_label_used_for_selection
300,raw_topK,Br-Hf,1,0.0014265335235378032,0,0,completed_current_MP_hull_shift_utility_audit;not_strict_alpha_temporal_certificate;not_prospective_discovery;no_t1_label_used_for_selection
300,raw_topK,Br-Hg,1,0.0014265335235378032,0,0,completed_current_MP_hull_shift_utility_audit;not_strict_alpha_temporal_certificate;not_prospective_discovery;no_t1_label_used_for_selection
300,raw_topK,Br-Mn-Se,1,0.0014265335235378032,0,0,completed_current_MP_hull_shift_utility_audit;not_strict_alpha_temporal_certificate;not_prospective_discovery;no_t1_label_used_for_selection
300,raw_topK,Br-Mo,1,0.0014265335235378032,0,0,completed_current_MP_hull_shift_utility_audit;not_strict_alpha_temporal_certificate;not_prospective_discovery;no_t1_label_used_for_selection
300,raw_topK,Br-Nd,1,0.0014265335235378032,0,0,completed_current_MP_hull_shift_utility_audit;not_strict_alpha_temporal_certificate;not_prospective_discovery;no_t1_label_used_for_selection
300,raw_topK,Br-Pt,1,0.0014265335235378032,1,1,completed_current_MP_hull_shift_utility_audit;not_strict_alpha_temporal_certificate;not_prospective_discovery;no_t1_label_used_for_selection
300,raw_topK,Br-Rb,1,0.0014265335235378032,0,0,completed_current_MP_hull_shift_utility_audit;not_strict_alpha_temporal_certificate;not_prospective_discovery;no_t1_label_used_for_selection
300,raw_topK,Br-Sb,1,0.0014265335235378032,0,0,completed_current_MP_hull_shift_utility_audit;not_strict_alpha_temporal_certificate;not_prospective_discovery;no_t1_label_used_for_selection
300,raw_topK,Br-Zr,1,0.0014265335235378032,0,0,completed_current_MP_hull_shift_utility_audit;not_strict_alpha_temporal_certificate;not_prospective_discovery;no_t1_label_used_for_selection
300,raw_topK,C-Gd-I,1,0.0014265335235378032,0,0,completed_current_MP_hull_shift_utility_audit;not_strict_alpha_temporal_certificate;not_prospective_discovery;no_t1_label_used_for_selection
300,raw_topK,Ca-Cd-F,1,0.0014265335235378032,1,0,completed_current_MP_hull_shift_utility_audit;not_strict_alpha_temporal_certificate;not_prospective_discovery;no_t1_label_used_for_selection
300,raw_topK,Ca-Cl-Sr,1,0.0014265335235378032,0,0,completed_current_MP_hull_shift_utility_audit;not_strict_alpha_temporal_certificate;not_prospective_discovery;no_t1_label_used_for_selection
300,raw_topK,Ca-Eu-F,1,0.0014265335235378032,1,0,completed_current_MP_hull_shift_utility_audit;not_strict_alpha_temporal_certificate;not_prospective_discovery;no_t1_label_used_for_selection
300,raw_topK,Ca-F-Ga,1,0.0014265335235378032,1,0,completed_current_MP_hull_shift_utility_audit;not_strict_alpha_temporal_certificate;not_prospective_discovery;no_t1_label_used_for_selection
300,raw_topK,Ca-F-Gd,1,0.0014265335235378032,1,1,completed_current_MP_hull_shift_utility_audit;not_strict_alpha_temporal_certificate;not_prospective_discovery;no_t1_label_used_for_selection
300,raw_topK,Ca-F-Gd-Li,1,0.0014265335235378032,1,1,completed_current_MP_hull_shift_utility_audit;not_strict_alpha_temporal_certificate;not_prospective_discovery;no_t1_label_used_for_selection
300,raw_topK,Ca-F-K,1,0.0014265335235378032,1,0,completed_current_MP_hull_shift_utility_audit;not_strict_alpha_temporal_certificate;not_prospective_discovery;no_t1_label_used_for_selection
300,raw_topK,Ca-F-Li-Pa,1,0.0014265335235378032,1,1,completed_current_MP_hull_shift_utility_audit;not_strict_alpha_temporal_certificate;not_prospective_discovery;no_t1_label_used_for_selection
300,raw_topK,Ca-F-Li-Sr,1,0.0014265335235378032,1,0,completed_current_MP_hull_shift_utility_audit;not_strict_alpha_temporal_certificate;not_prospective_discovery;no_t1_label_used_for_selection
300,raw_topK,Ca-F-Li-Tm,1,0.0014265335235378032,1,1,completed_current_MP_hull_shift_utility_audit;not_strict_alpha_temporal_certificate;not_prospective_discovery;no_t1_label_used_for_selection
300,raw_topK,Ca-F-Lu-Na,1,0.0014265335235378032,1,1,completed_current_MP_hull_shift_utility_audit;not_strict_alpha_temporal_certificate;not_prospective_discovery;no_t1_label_used_for_selection
300,raw_topK,Ca-F-Na-Pa,1,0.0014265335235378032,1,1,completed_current_MP_hull_shift_utility_audit;not_strict_alpha_temporal_certificate;not_prospective_discovery;no_t1_label_used_for_selection
300,raw_topK,Ca-F-Na-Tm,1,0.0014265335235378032,1,1,completed_current_MP_hull_shift_utility_audit;not_strict_alpha_temporal_certificate;not_prospective_discovery;no_t1_label_used_for_selection
300,raw_topK,Ca-F-Pa,1,0.0014265335235378032,1,1,completed_current_MP_hull_shift_utility_audit;not_strict_alpha_temporal_certificate;not_prospective_discovery;no_t1_label_used_for_selection
300,raw_topK,Ca-F-Sc,1,0.0014265335235378032,1,0,completed_current_MP_hull_shift_utility_audit;not_strict_alpha_temporal_certificate;not_prospective_discovery;no_t1_label_used_for_selection
300,raw_topK,Ca-F-Sr,1,0.0014265335235378032,1,0,completed_current_MP_hull_shift_utility_audit;not_strict_alpha_temporal_certificate;not_prospective_discovery;no_t1_label_used_for_selection
300,raw_topK,Ca-F-Zn,1,0.0014265335235378032,1,0,completed_current_MP_hull_shift_utility_audit;not_strict_alpha_temporal_certificate;not_prospective_discovery;no_t1_label_used_for_selection
300,raw_topK,Ca-Gd-I,1,0.0014265335235378032,0,0,completed_current_MP_hull_shift_utility_audit;not_strict_alpha_temporal_certificate;not_prospective_discovery;no_t1_label_used_for_selection
300,raw_topK,Ca-I,1,0.0014265335235378032,0,0,completed_current_MP_hull_shift_utility_audit;not_strict_alpha_temporal_certificate;not_prospective_discovery;no_t1_label_used_for_selection
300,raw_topK,Cd-Co-F,1,0.0014265335235378032,1,0,completed_current_MP_hull_shift_utility_audit;not_strict_alpha_temporal_certificate;not_prospective_discovery;no_t1_label_used_for_selection
300,raw_topK,Cd-Cs-Pa-Se,1,0.0014265335235378032,0,0,completed_current_MP_hull_shift_utility_audit;not_strict_alpha_temporal_certificate;not_prospective_discovery;no_t1_label_used_for_selection
300,raw_topK,Cd-Er-F,1,0.0014265335235378032,1,0,completed_current_MP_hull_shift_utility_audit;not_strict_alpha_temporal_certificate;not_prospective_discovery;no_t1_label_used_for_selection
300,raw_topK,Cd-F,1,0.0014265335235378032,1,0,completed_current_MP_hull_shift_utility_audit;not_strict_alpha_temporal_certificate;not_prospective_discovery;no_t1_label_used_for_selection
300,raw_topK,Cd-F-Ga,1,0.0014265335235378032,1,0,completed_current_MP_hull_shift_utility_audit;not_strict_alpha_temporal_certificate;not_prospective_discovery;no_t1_label_used_for_selection
300,raw_topK,Cd-F-Hg,1,0.0014265335235378032,1,1,completed_current_MP_hull_shift_utility_audit;not_strict_alpha_temporal_certificate;not_prospective_discovery;no_t1_label_used_for_selection
300,raw_topK,Cd-F-Ho,1,0.0014265335235378032,1,0,completed_current_MP_hull_shift_utility_audit;not_strict_alpha_temporal_certificate;not_prospective_discovery;no_t1_label_used_for_selection
300,raw_topK,Cd-F-In,1,0.0014265335235378032,1,0,completed_current_MP_hull_shift_utility_audit;not_strict_alpha_temporal_certificate;not_prospective_discovery;no_t1_label_used_for_selection
300,raw_topK,Cd-F-Mg,1,0.0014265335235378032,1,0,completed_current_MP_hull_shift_utility_audit;not_strict_alpha_temporal_certificate;not_prospective_discovery;no_t1_label_used_for_selection
300,raw_topK,Cd-F-Ni,1,0.0014265335235378032,1,1,completed_current_MP_hull_shift_utility_audit;not_strict_alpha_temporal_certificate;not_prospective_discovery;no_t1_label_used_for_selection
300,raw_topK,Cd-F-Pa,1,0.0014265335235378032,1,1,completed_current_MP_hull_shift_utility_audit;not_strict_alpha_temporal_certificate;not_prospective_discovery;no_t1_label_used_for_selection
300,raw_topK,Cd-F-Sr,1,0.0014265335235378032,1,0,completed_current_MP_hull_shift_utility_audit;not_strict_alpha_temporal_certificate;not_prospective_discovery;no_t1_label_used_for_selection
300,raw_topK,Cd-F-Tm,1,0.0014265335235378032,1,1,completed_current_MP_hull_shift_utility_audit;not_strict_alpha_temporal_certificate;not_prospective_discovery;no_t1_label_used_for_selection
300,raw_topK,Ce-F,1,0.0014265335235378032,1,0,completed_current_MP_hull_shift_utility_audit;not_strict_alpha_temporal_certificate;not_prospective_discovery;no_t1_label_used_for_selection
300,raw_topK,Ce-F-K,1,0.0014265335235378032,1,0,completed_current_MP_hull_shift_utility_audit;not_strict_alpha_temporal_certificate;not_prospective_discovery;no_t1_label_used_for_selection
300,raw_topK,Ce-F-Pa,1,0.0014265335235378032,1,1,completed_current_MP_hull_shift_utility_audit;not_strict_alpha_temporal_certificate;not_prospective_discovery;no_t1_label_used_for_selection
300,raw_topK,Cl-Cs,1,0.0014265335235378032,0,0,completed_current_MP_hull_shift_utility_audit;not_strict_alpha_temporal_certificate;not_prospective_discovery;no_t1_label_used_for_selection
300,raw_topK,Cl-Cs-Cu,1,0.0014265335235378032,1,1,completed_current_MP_hull_shift_utility_audit;not_strict_alpha_temporal_certificate;not_prospective_discovery;no_t1_label_used_for_selection
300,raw_topK,Cl-Cs-Gd,1,0.0014265335235378032,0,0,completed_current_MP_hull_shift_utility_audit;not_strict_alpha_temporal_certificate;not_prospective_discovery;no_t1_label_used_for_selection
300,raw_topK,Cl-Cs-La,1,0.0014265335235378032,0,0,completed_current_MP_hull_shift_utility_audit;not_strict_alpha_temporal_certificate;not_prospective_discovery;no_t1_label_used_for_selection
300,raw_topK,Cl-Cs-Lu,1,0.0014265335235378032,1,1,completed_current_MP_hull_shift_utility_audit;not_strict_alpha_temporal_certificate;not_prospective_discovery;no_t1_label_used_for_selection
300,raw_topK,Cl-Cs-Mg,1,0.0014265335235378032,0,0,completed_current_MP_hull_shift_utility_audit;not_strict_alpha_temporal_certificate;not_prospective_discovery;no_t1_label_used_for_selection
300,raw_topK,Cl-Cs-Nd,1,0.0014265335235378032,1,0,completed_current_MP_hull_shift_utility_audit;not_strict_alpha_temporal_certificate;not_prospective_discovery;no_t1_label_used_for_selection
300,raw_topK,Cl-Cs-Ni,1,0.0014265335235378032,0,0,completed_current_MP_hull_shift_utility_audit;not_strict_alpha_temporal_certificate;not_prospective_discovery;no_t1_label_used_for_selection
300,raw_topK,Cl-Cs-Pr,1,0.0014265335235378032,1,0,completed_current_MP_hull_shift_utility_audit;not_strict_alpha_temporal_certificate;not_prospective_discovery;no_t1_label_used_for_selection
300,raw_topK,Cl-Cs-Rb,1,0.0014265335235378032,0,0,completed_current_MP_hull_shift_utility_audit;not_strict_alpha_temporal_certificate;not_prospective_discovery;no_t1_label_used_for_selection
300,raw_topK,Cl-Cs-Sc,1,0.0014265335235378032,0,0,completed_current_MP_hull_shift_utility_audit;not_strict_alpha_temporal_certificate;not_prospective_discovery;no_t1_label_used_for_selection
300,raw_topK,Cl-Cs-Tm,1,0.0014265335235378032,1,0,completed_current_MP_hull_shift_utility_audit;not_strict_alpha_temporal_certificate;not_prospective_discovery;no_t1_label_used_for_selection
300,raw_topK,Cl-Cs-Y,1,0.0014265335235378032,0,0,completed_current_MP_hull_shift_utility_audit;not_strict_alpha_temporal_certificate;not_prospective_discovery;no_t1_label_used_for_selection
300,raw_topK,Cl-Cs-Zn,1,0.0014265335235378032,0,0,completed_current_MP_hull_shift_utility_audit;not_strict_alpha_temporal_certificate;not_prospective_discovery;no_t1_label_used_for_selection
300,raw_topK,Cl-Cu,1,0.0014265335235378032,1,1,completed_current_MP_hull_shift_utility_audit;not_strict_alpha_temporal_certificate;not_prospective_discovery;no_t1_label_used_for_selection
300,raw_topK,Cl-Cu-K,1,0.0014265335235378032,1,1,completed_current_MP_hull_shift_utility_audit;not_strict_alpha_temporal_certificate;not_prospective_discovery;no_t1_label_used_for_selection
300,raw_topK,Cl-Cu-Rb,1,0.0014265335235378032,1,1,completed_current_MP_hull_shift_utility_audit;not_strict_alpha_temporal_certificate;not_prospective_discovery;no_t1_label_used_for_selection
300,raw_topK,Cl-Hg,1,0.0014265335235378032,0,0,completed_current_MP_hull_shift_utility_audit;not_strict_alpha_temporal_certificate;not_prospective_discovery;no_t1_label_used_for_selection
300,raw_topK,Cl-Ir,1,0.0014265335235378032,1,1,completed_current_MP_hull_shift_utility_audit;not_strict_alpha_temporal_certificate;not_prospective_discovery;no_t1_label_used_for_selection
300,raw_topK,Cl-K-Lu,1,0.0014265335235378032,0,0,completed_current_MP_hull_shift_utility_audit;not_strict_alpha_temporal_certificate;not_prospective_discovery;no_t1_label_used_for_selection
300,raw_topK,Cl-K-Ni,1,0.0014265335235378032,0,0,completed_current_MP_hull_shift_utility_audit;not_strict_alpha_temporal_certificate;not_prospective_discovery;no_t1_label_used_for_selection
300,raw_topK,Cl-Ni-Rb,1,0.0014265335235378032,0,0,completed_current_MP_hull_shift_utility_audit;not_strict_alpha_temporal_certificate;not_prospective_discovery;no_t1_label_used_for_selection
300,raw_topK,Cl-Np,1,0.0014265335235378032,0,0,completed_current_MP_hull_shift_utility_audit;not_strict_alpha_temporal_certificate;not_prospective_discovery;no_t1_label_used_for_selection
300,raw_topK,Cl-Np-P,1,0.0014265335235378032,0,0,completed_current_MP_hull_shift_utility_audit;not_strict_alpha_temporal_certificate;not_prospective_discovery;no_t1_label_used_for_selection
300,raw_topK,Cl-P,1,0.0014265335235378032,0,0,completed_current_MP_hull_shift_utility_audit;not_strict_alpha_temporal_certificate;not_prospective_discovery;no_t1_label_used_for_selection
300,raw_topK,Cl-Pb,1,0.0014265335235378032,1,0,completed_current_MP_hull_shift_utility_audit;not_strict_alpha_temporal_certificate;not_prospective_discovery;no_t1_label_used_for_selection
300,raw_topK,Cl-Pt,1,0.0014265335235378032,1,1,completed_current_MP_hull_shift_utility_audit;not_strict_alpha_temporal_certificate;not_prospective_discovery;no_t1_label_used_for_selection
300,raw_topK,Cl-Pu,1,0.0014265335235378032,0,0,completed_current_MP_hull_shift_utility_audit;not_strict_alpha_temporal_certificate;not_prospective_discovery;no_t1_label_used_for_selection
300,raw_topK,Cl-Rb,1,0.0014265335235378032,0,0,completed_current_MP_hull_shift_utility_audit;not_strict_alpha_temporal_certificate;not_prospective_discovery;no_t1_label_used_for_selection
300,raw_topK,Cl-Rb-Sc,1,0.0014265335235378032,0,0,completed_current_MP_hull_shift_utility_audit;not_strict_alpha_temporal_certificate;not_prospective_discovery;no_t1_label_used_for_selection
300,raw_topK,Cl-Rb-Zn,1,0.0014265335235378032,1,1,completed_current_MP_hull_shift_utility_audit;not_strict_alpha_temporal_certificate;not_prospective_discovery;no_t1_label_used_for_selection
300,raw_topK,Cl-Rh,1,0.0014265335235378032,0,0,completed_current_MP_hull_shift_utility_audit;not_strict_alpha_temporal_certificate;not_prospective_discovery;no_t1_label_used_for_selection
300,raw_topK,Cl-Ru,1,0.0014265335235378032,1,1,completed_current_MP_hull_shift_utility_audit;not_strict_alpha_temporal_certificate;not_prospective_discovery;no_t1_label_used_for_selection
300,raw_topK,Cl-Ti,1,0.0014265335235378032,0,0,completed_current_MP_hull_shift_utility_audit;not_strict_alpha_temporal_certificate;not_prospective_discovery;no_t1_label_used_for_selection
300,raw_topK,Cl-Zn,1,0.0014265335235378032,0,0,completed_current_MP_hull_shift_utility_audit;not_strict_alpha_temporal_certificate;not_prospective_discovery;no_t1_label_used_for_selection
300,raw_topK,Co-Cs-F,1,0.0014265335235378032,0,0,completed_current_MP_hull_shift_utility_audit;not_strict_alpha_temporal_certificate;not_prospective_discovery;no_t1_label_used_for_selection
300,raw_topK,Co-F,1,0.0014265335235378032,0,0,completed_current_MP_hull_shift_utility_audit;not_strict_alpha_temporal_certificate;not_prospective_discovery;no_t1_label_used_for_selection
300,raw_topK,Co-F-Pa,1,0.0014265335235378032,0,0,completed_current_MP_hull_shift_utility_audit;not_strict_alpha_temporal_certificate;not_prospective_discovery;no_t1_label_used_for_selection
300,raw_topK,Co-Pm-Te,1,0.0014265335235378032,0,0,completed_current_MP_hull_shift_utility_audit;not_strict_alpha_temporal_certificate;not_prospective_discovery;no_t1_label_used_for_selection
300,raw_topK,Cr-Pm-Te,1,0.0014265335235378032,0,0,completed_current_MP_hull_shift_utility_audit;not_strict_alpha_temporal_certificate;not_prospective_discovery;no_t1_label_used_for_selection
300,raw_topK,Cs-Dy-F,1,0.0014265335235378032,1,1,completed_current_MP_hull_shift_utility_audit;not_strict_alpha_temporal_certificate;not_prospective_discovery;no_t1_label_used_for_selection
300,raw_topK,Cs-Eu-F,1,0.0014265335235378032,1,1,completed_current_MP_hull_shift_utility_audit;not_strict_alpha_temporal_certificate;not_prospective_discovery;no_t1_label_used_for_selection
300,raw_topK,Cs-F-Hg,1,0.0014265335235378032,1,1,completed_current_MP_hull_shift_utility_audit;not_strict_alpha_temporal_certificate;not_prospective_discovery;no_t1_label_used_for_selection
300,raw_topK,Cs-F-Nd,1,0.0014265335235378032,1,1,completed_current_MP_hull_shift_utility_audit;not_strict_alpha_temporal_certificate;not_prospective_discovery;no_t1_label_used_for_selection
300,raw_topK,Cs-F-Ni,1,0.0014265335235378032,1,1,completed_current_MP_hull_shift_utility_audit;not_strict_alpha_temporal_certificate;not_prospective_discovery;no_t1_label_used_for_selection
300,raw_topK,Cs-F-Y,1,0.0014265335235378032,1,1,completed_current_MP_hull_shift_utility_audit;not_strict_alpha_temporal_certificate;not_prospective_discovery;no_t1_label_used_for_selection
300,raw_topK,Cs-Pa-Se-Zn,1,0.0014265335235378032,0,0,completed_current_MP_hull_shift_utility_audit;not_strict_alpha_temporal_certificate;not_prospective_discovery;no_t1_label_used_for_selection
300,raw_topK,Cs-Pa-Te,1,0.0014265335235378032,1,1,completed_current_MP_hull_shift_utility_audit;not_strict_alpha_temporal_certificate;not_prospective_discovery;no_t1_label_used_for_selection
300,raw_topK,Cs-Pm-Te,1,0.0014265335235378032,1,1,completed_current_MP_hull_shift_utility_audit;not_strict_alpha_temporal_certificate;not_prospective_discovery;no_t1_label_used_for_selection
300,raw_topK,Cu-F-Ni,1,0.0014265335235378032,0,0,completed_current_MP_hull_shift_utility_audit;not_strict_alpha_temporal_certificate;not_prospective_discovery;no_t1_label_used_for_selection
300,raw_topK,Cu-F-Pa,1,0.0014265335235378032,0,0,completed_current_MP_hull_shift_utility_audit;not_strict_alpha_temporal_certificate;not_prospective_discovery;no_t1_label_used_for_selection
300,raw_topK,Cu-F-Rb,1,0.0014265335235378032,1,1,completed_current_MP_hull_shift_utility_audit;not_strict_alpha_temporal_certificate;not_prospective_discovery;no_t1_label_used_for_selection
300,raw_topK,Cu-F-Sr,1,0.0014265335235378032,1,1,completed_current_MP_hull_shift_utility_audit;not_strict_alpha_temporal_certificate;not_prospective_discovery;no_t1_label_used_for_selection
300,raw_topK,Cu-F-Tb,1,0.0014265335235378032,1,1,completed_current_MP_hull_shift_utility_audit;not_strict_alpha_temporal_certificate;not_prospective_discovery;no_t1_label_used_for_selection
300,raw_topK,Cu-F-Tm,1,0.0014265335235378032,0,0,completed_current_MP_hull_shift_utility_audit;not_strict_alpha_temporal_certificate;not_prospective_discovery;no_t1_label_used_for_selection
300,raw_topK,Cu-F-Yb,1,0.0014265335235378032,1,0,completed_current_MP_hull_shift_utility_audit;not_strict_alpha_temporal_certificate;not_prospective_discovery;no_t1_label_used_for_selection
300,raw_topK,Cu-Gd-I,1,0.0014265335235378032,1,1,completed_current_MP_hull_shift_utility_audit;not_strict_alpha_temporal_certificate;not_prospective_discovery;no_t1_label_used_for_selection
300,raw_topK,Cu-K-Pa-Se,1,0.0014265335235378032,1,1,completed_current_MP_hull_shift_utility_audit;not_strict_alpha_temporal_certificate;not_prospective_discovery;no_t1_label_used_for_selection
300,raw_topK,Cu-Pm-Te,1,0.0014265335235378032,0,0,completed_current_MP_hull_shift_utility_audit;not_strict_alpha_temporal_certificate;not_prospective_discovery;no_t1_label_used_for_selection
300,raw_topK,Dy-F-Li,1,0.0014265335235378032,1,0,completed_current_MP_hull_shift_utility_audit;not_strict_alpha_temporal_certificate;not_prospective_discovery;no_t1_label_used_for_selection
300,raw_topK,Dy-F-Li-Sr,1,0.0014265335235378032,1,1,completed_current_MP_hull_shift_utility_audit;not_strict_alpha_temporal_certificate;not_prospective_discovery;no_t1_label_used_for_selection
300,raw_topK,Dy-F-Mg,1,0.0014265335235378032,1,0,completed_current_MP_hull_shift_utility_audit;not_strict_alpha_temporal_certificate;not_prospective_discovery;no_t1_label_used_for_selection
300,raw_topK,Dy-F-Pa,1,0.0014265335235378032,1,1,completed_current_MP_hull_shift_utility_audit;not_strict_alpha_temporal_certificate;not_prospective_discovery;no_t1_label_used_for_selection
300,raw_topK,Dy-F-Zn,1,0.0014265335235378032,1,0,completed_current_MP_hull_shift_utility_audit;not_strict_alpha_temporal_certificate;not_prospective_discovery;no_t1_label_used_for_selection
300,raw_topK,Dy-La-O,1,0.0014265335235378032,1,0,completed_current_MP_hull_shift_utility_audit;not_strict_alpha_temporal_certificate;not_prospective_discovery;no_t1_label_used_for_selection
300,raw_topK,Er-F-Li,1,0.0014265335235378032,1,0,completed_current_MP_hull_shift_utility_audit;not_strict_alpha_temporal_certificate;not_prospective_discovery;no_t1_label_used_for_selection
300,raw_topK,Er-F-Li-Sr,1,0.0014265335235378032,1,1,completed_current_MP_hull_shift_utility_audit;not_strict_alpha_temporal_certificate;not_prospective_discovery;no_t1_label_used_for_selection
300,raw_topK,Er-F-Mg,1,0.0014265335235378032,1,0,completed_current_MP_hull_shift_utility_audit;not_strict_alpha_temporal_certificate;not_prospective_discovery;no_t1_label_used_for_selection
300,raw_topK,Er-F-Pa,1,0.0014265335235378032,1,1,completed_current_MP_hull_shift_utility_audit;not_strict_alpha_temporal_certificate;not_prospective_discovery;no_t1_label_used_for_selection
300,raw_topK,Er-F-Zn,1,0.0014265335235378032,1,0,completed_current_MP_hull_shift_utility_audit;not_strict_alpha_temporal_certificate;not_prospective_discovery;no_t1_label_used_for_selection
300,raw_topK,Er-La-O,1,0.0014265335235378032,1,0,completed_current_MP_hull_shift_utility_audit;not_strict_alpha_temporal_certificate;not_prospective_discovery;no_t1_label_used_for_selection
300,raw_topK,Eu-F-Li,1,0.0014265335235378032,1,1,completed_current_MP_hull_shift_utility_audit;not_strict_alpha_temporal_certificate;not_prospective_discovery;no_t1_label_used_for_selection
300,raw_topK,Eu-F-Mg,1,0.0014265335235378032,1,0,completed_current_MP_hull_shift_utility_audit;not_strict_alpha_temporal_certificate;not_prospective_discovery;no_t1_label_used_for_selection
300,raw_topK,Eu-F-Sr,1,0.0014265335235378032,1,0,completed_current_MP_hull_shift_utility_audit;not_strict_alpha_temporal_certificate;not_prospective_discovery;no_t1_label_used_for_selection
300,raw_topK,Eu-F-Yb,1,0.0014265335235378032,1,0,completed_current_MP_hull_shift_utility_audit;not_strict_alpha_temporal_certificate;not_prospective_discovery;no_t1_label_used_for_selection
300,raw_topK,Eu-F-Zn,1,0.0014265335235378032,1,1,completed_current_MP_hull_shift_utility_audit;not_strict_alpha_temporal_certificate;not_prospective_discovery;no_t1_label_used_for_selection
300,raw_topK,F-Ga-Mg,1,0.0014265335235378032,1,0,completed_current_MP_hull_shift_utility_audit;not_strict_alpha_temporal_certificate;not_prospective_discovery;no_t1_label_used_for_selection
300,raw_topK,F-Ga-Sr,1,0.0014265335235378032,1,0,completed_current_MP_hull_shift_utility_audit;not_strict_alpha_temporal_certificate;not_prospective_discovery;no_t1_label_used_for_selection
300,raw_topK,F-Gd,1,0.0014265335235378032,0,0,completed_current_MP_hull_shift_utility_audit;not_strict_alpha_temporal_certificate;not_prospective_discovery;no_t1_label_used_for_selection
300,raw_topK,F-Gd-I,1,0.0014265335235378032,1,1,completed_current_MP_hull_shift_utility_audit;not_strict_alpha_temporal_certificate;not_prospective_discovery;no_t1_label_used_for_selection
300,raw_topK,F-Gd-Li,1,0.0014265335235378032,0,0,completed_current_MP_hull_shift_utility_audit;not_strict_alpha_temporal_certificate;not_prospective_discovery;no_t1_label_used_for_selection
300,raw_topK,F-Gd-Li-Sr,1,0.0014265335235378032,1,1,completed_current_MP_hull_shift_utility_audit;not_strict_alpha_temporal_certificate;not_prospective_discovery;no_t1_label_used_for_selection
300,raw_topK,F-Gd-Mg,1,0.0014265335235378032,1,1,completed_current_MP_hull_shift_utility_audit;not_strict_alpha_temporal_certificate;not_prospective_discovery;no_t1_label_used_for_selection
300,raw_topK,F-Gd-Zn,1,0.0014265335235378032,0,0,completed_current_MP_hull_shift_utility_audit;not_strict_alpha_temporal_certificate;not_prospective_discovery;no_t1_label_used_for_selection
300,raw_topK,F-Ge-Pa,1,0.0014265335235378032,0,0,completed_current_MP_hull_shift_utility_audit;not_strict_alpha_temporal_certificate;not_prospective_discovery;no_t1_label_used_for_selection
300,raw_topK,F-Hf-K,1,0.0014265335235378032,1,0,completed_current_MP_hull_shift_utility_audit;not_strict_alpha_temporal_certificate;not_prospective_discovery;no_t1_label_used_for_selection
300,raw_topK,F-Hf-Li,1,0.0014265335235378032,1,1,completed_current_MP_hull_shift_utility_audit;not_strict_alpha_temporal_certificate;not_prospective_discovery;no_t1_label_used_for_selection
300,raw_topK,F-Hf-Na,1,0.0014265335235378032,1,0,completed_current_MP_hull_shift_utility_audit;not_strict_alpha_temporal_certificate;not_prospective_discovery;no_t1_label_used_for_selection
300,raw_topK,F-Hg-Mg,1,0.0014265335235378032,1,0,completed_current_MP_hull_shift_utility_audit;not_strict_alpha_temporal_certificate;not_prospective_discovery;no_t1_label_used_for_selection
300,raw_topK,F-Hg-Pa,1,0.0014265335235378032,0,0,completed_current_MP_hull_shift_utility_audit;not_strict_alpha_temporal_certificate;not_prospective_discovery;no_t1_label_used_for_selection
300,raw_topK,F-Hg-Rb,1,0.0014265335235378032,1,1,completed_current_MP_hull_shift_utility_audit;not_strict_alpha_temporal_certificate;not_prospective_discovery;no_t1_label_used_for_selection
300,raw_topK,F-Hg-Sc,1,0.0014265335235378032,1,0,completed_current_MP_hull_shift_utility_audit;not_strict_alpha_temporal_certificate;not_prospective_discovery;no_t1_label_used_for_selection
300,raw_topK,F-Hg-Tm,1,0.0014265335235378032,0,0,completed_current_MP_hull_shift_utility_audit;not_strict_alpha_temporal_certificate;not_prospective_discovery;no_t1_label_used_for_selection
300,raw_topK,F-Ho-Li,1,0.0014265335235378032,1,0,completed_current_MP_hull_shift_utility_audit;not_strict_alpha_temporal_certificate;not_prospective_discovery;no_t1_label_used_for_selection
300,raw_topK,F-Ho-Li-Sr,1,0.0014265335235378032,1,1,completed_current_MP_hull_shift_utility_audit;not_strict_alpha_temporal_certificate;not_prospective_discovery;no_t1_label_used_for_selection
300,raw_topK,F-Ho-Mg,1,0.0014265335235378032,1,0,completed_current_MP_hull_shift_utility_audit;not_strict_alpha_temporal_certificate;not_prospective_discovery;no_t1_label_used_for_selection
300,raw_topK,F-Ho-Pa,1,0.0014265335235378032,1,1,completed_current_MP_hull_shift_utility_audit;not_strict_alpha_temporal_certificate;not_prospective_discovery;no_t1_label_used_for_selection
300,raw_topK,F-Ho-Zn,1,0.0014265335235378032,1,0,completed_current_MP_hull_shift_utility_audit;not_strict_alpha_temporal_certificate;not_prospective_discovery;no_t1_label_used_for_selection
300,raw_topK,F-In,1,0.0014265335235378032,0,0,completed_current_MP_hull_shift_utility_audit;not_strict_alpha_temporal_certificate;not_prospective_discovery;no_t1_label_used_for_selection
300,raw_topK,F-In-Mg,1,0.0014265335235378032,1,0,completed_current_MP_hull_shift_utility_audit;not_strict_alpha_temporal_certificate;not_prospective_discovery;no_t1_label_used_for_selection
300,raw_topK,F-In-Ni,1,0.0014265335235378032,0,0,completed_current_MP_hull_shift_utility_audit;not_strict_alpha_temporal_certificate;not_prospective_discovery;no_t1_label_used_for_selection
300,raw_topK,F-In-Pa,1,0.0014265335235378032,0,0,completed_current_MP_hull_shift_utility_audit;not_strict_alpha_temporal_certificate;not_prospective_discovery;no_t1_label_used_for_selection
300,raw_topK,F-K-La,1,0.0014265335235378032,1,0,completed_current_MP_hull_shift_utility_audit;not_strict_alpha_temporal_certificate;not_prospective_discovery;no_t1_label_used_for_selection
300,raw_topK,F-K-Ti,1,0.0014265335235378032,0,0,completed_current_MP_hull_shift_utility_audit;not_strict_alpha_temporal_certificate;not_prospective_discovery;no_t1_label_used_for_selection
300,raw_topK,F-K-Zr,1,0.0014265335235378032,1,0,completed_current_MP_hull_shift_utility_audit;not_strict_alpha_temporal_certificate;not_prospective_discovery;no_t1_label_used_for_selection
300,raw_topK,F-La-Mg,1,0.0014265335235378032,1,0,completed_current_MP_hull_shift_utility_audit;not_strict_alpha_temporal_certificate;not_prospective_discovery;no_t1_label_used_for_selection
300,raw_topK,F-La-Ni,1,0.0014265335235378032,1,0,completed_current_MP_hull_shift_utility_audit;not_strict_alpha_temporal_certificate;not_prospective_discovery;no_t1_label_used_for_selection
300,raw_topK,F-La-Pa,1,0.0014265335235378032,1,1,completed_current_MP_hull_shift_utility_audit;not_strict_alpha_temporal_certificate;not_prospective_discovery;no_t1_label_used_for_selection
300,raw_topK,F-Li-Lu,1,0.0014265335235378032,1,0,completed_current_MP_hull_shift_utility_audit;not_strict_alpha_temporal_certificate;not_prospective_discovery;no_t1_label_used_for_selection
300,raw_topK,F-Li-Mg,1,0.0014265335235378032,1,0,completed_current_MP_hull_shift_utility_audit;not_strict_alpha_temporal_certificate;not_prospective_discovery;no_t1_label_used_for_selection
300,raw_topK,F-Li-Pa-Sr,1,0.0014265335235378032,1,1,completed_current_MP_hull_shift_utility_audit;not_strict_alpha_temporal_certificate;not_prospective_discovery;no_t1_label_used_for_selection
300,raw_topK,F-Li-Pa-Yb,1,0.0014265335235378032,1,0,completed_current_MP_hull_shift_utility_audit;not_strict_alpha_temporal_certificate;not_prospective_discovery;no_t1_label_used_for_selection
300,raw_topK,F-Li-Sc,1,0.0014265335235378032,1,0,completed_current_MP_hull_shift_utility_audit;not_strict_alpha_temporal_certificate;not_prospective_discovery;no_t1_label_used_for_selection
300,raw_topK,F-Li-Sm,1,0.0014265335235378032,1,0,completed_current_MP_hull_shift_utility_audit;not_strict_alpha_temporal_certificate;not_prospective_discovery;no_t1_label_used_for_selection
300,raw_topK,F-Li-Sr,1,0.0014265335235378032,1,0,completed_current_MP_hull_shift_utility_audit;not_strict_alpha_temporal_certificate;not_prospective_discovery;no_t1_label_used_for_selection
300,raw_topK,F-Li-Sr-Tm,1,0.0014265335235378032,1,1,completed_current_MP_hull_shift_utility_audit;not_strict_alpha_temporal_certificate;not_prospective_discovery;no_t1_label_used_for_selection
300,raw_topK,F-Li-Tm,1,0.0014265335235378032,1,1,completed_current_MP_hull_shift_utility_audit;not_strict_alpha_temporal_certificate;not_prospective_discovery;no_t1_label_used_for_selection
300,raw_topK,F-Li-Zn,1,0.0014265335235378032,0,0,completed_current_MP_hull_shift_utility_audit;not_strict_alpha_temporal_certificate;not_prospective_discovery;no_t1_label_used_for_selection
300,raw_topK,F-Li-Zr,1,0.0014265335235378032,1,0,completed_current_MP_hull_shift_utility_audit;not_strict_alpha_temporal_certificate;not_prospective_discovery;no_t1_label_used_for_selection
300,raw_topK,F-Lu-Mg,1,0.0014265335235378032,1,0,completed_current_MP_hull_shift_utility_audit;not_strict_alpha_temporal_certificate;not_prospective_discovery;no_t1_label_used_for_selection
300,raw_topK,F-Lu-Pa,1,0.0014265335235378032,1,1,completed_current_MP_hull_shift_utility_audit;not_strict_alpha_temporal_certificate;not_prospective_discovery;no_t1_label_used_for_selection
300,raw_topK,F-Lu-Zn,1,0.0014265335235378032,1,0,completed_current_MP_hull_shift_utility_audit;not_strict_alpha_temporal_certificate;not_prospective_discovery;no_t1_label_used_for_selection
300,raw_topK,F-Mg,1,0.0014265335235378032,1,0,completed_current_MP_hull_shift_utility_audit;not_strict_alpha_temporal_certificate;not_prospective_discovery;no_t1_label_used_for_selection
300,raw_topK,F-Mg-Pa,1,0.0014265335235378032,1,1,completed_current_MP_hull_shift_utility_audit;not_strict_alpha_temporal_certificate;not_prospective_discovery;no_t1_label_used_for_selection
300,raw_topK,F-Mg-Sc,1,0.0014265335235378032,1,0,completed_current_MP_hull_shift_utility_audit;not_strict_alpha_temporal_certificate;not_prospective_discovery;no_t1_label_used_for_selection
300,raw_topK,F-Mg-Sr,1,0.0014265335235378032,1,0,completed_current_MP_hull_shift_utility_audit;not_strict_alpha_temporal_certificate;not_prospective_discovery;no_t1_label_used_for_selection
300,raw_topK,F-Mg-Tm,1,0.0014265335235378032,1,1,completed_current_MP_hull_shift_utility_audit;not_strict_alpha_temporal_certificate;not_prospective_discovery;no_t1_label_used_for_selection
300,raw_topK,F-Mg-Y,1,0.0014265335235378032,1,0,completed_current_MP_hull_shift_utility_audit;not_strict_alpha_temporal_certificate;not_prospective_discovery;no_t1_label_used_for_selection
300,raw_topK,F-Mn-Np,1,0.0014265335235378032,1,0,completed_current_MP_hull_shift_utility_audit;not_strict_alpha_temporal_certificate;not_prospective_discovery;no_t1_label_used_for_selection
300,raw_topK,F-N-Pa,1,0.0014265335235378032,0,0,completed_current_MP_hull_shift_utility_audit;not_strict_alpha_temporal_certificate;not_prospective_discovery;no_t1_label_used_for_selection
300,raw_topK,F-N-Pu,1,0.0014265335235378032,0,0,completed_current_MP_hull_shift_utility_audit;not_strict_alpha_temporal_certificate;not_prospective_discovery;no_t1_label_used_for_selection
300,raw_topK,F-Na-Ni,1,0.0014265335235378032,1,1,completed_current_MP_hull_shift_utility_audit;not_strict_alpha_temporal_certificate;not_prospective_discovery;no_t1_label_used_for_selection
300,raw_topK,F-Na-Pa,1,0.0014265335235378032,0,0,completed_current_MP_hull_shift_utility_audit;not_strict_alpha_temporal_certificate;not_prospective_discovery;no_t1_label_used_for_selection
300,raw_topK,F-Na-Pd,1,0.0014265335235378032,1,1,completed_current_MP_hull_shift_utility_audit;not_strict_alpha_temporal_certificate;not_prospective_discovery;no_t1_label_used_for_selection
300,raw_topK,F-Na-Rh,1,0.0014265335235378032,1,1,completed_current_MP_hull_shift_utility_audit;not_strict_alpha_temporal_certificate;not_prospective_discovery;no_t1_label_used_for_selection
300,raw_topK,F-Na-Sr-Tm,1,0.0014265335235378032,1,1,completed_current_MP_hull_shift_utility_audit;not_strict_alpha_temporal_certificate;not_prospective_discovery;no_t1_label_used_for_selection
300,raw_topK,F-Na-Ti,1,0.0014265335235378032,0,0,completed_current_MP_hull_shift_utility_audit;not_strict_alpha_temporal_certificate;not_prospective_discovery;no_t1_label_used_for_selection
300,raw_topK,F-Na-Tm-Yb,1,0.0014265335235378032,1,0,completed_current_MP_hull_shift_utility_audit;not_strict_alpha_temporal_certificate;not_prospective_discovery;no_t1_label_used_for_selection
300,raw_topK,F-Na-Zr,1,0.0014265335235378032,1,0,completed_current_MP_hull_shift_utility_audit;not_strict_alpha_temporal_certificate;not_prospective_discovery;no_t1_label_used_for_selection
300,raw_topK,F-Nb-Pa,1,0.0014265335235378032,0,0,completed_current_MP_hull_shift_utility_audit;not_strict_alpha_temporal_certificate;not_prospective_discovery;no_t1_label_used_for_selection
300,raw_topK,F-Nd-Pa,1,0.0014265335235378032,1,1,completed_current_MP_hull_shift_utility_audit;not_strict_alpha_temporal_certificate;not_prospective_discovery;no_t1_label_used_for_selection
300,raw_topK,F-Ni,1,0.0014265335235378032,1,0,completed_current_MP_hull_shift_utility_audit;not_strict_alpha_temporal_certificate;not_prospective_discovery;no_t1_label_used_for_selection
300,raw_topK,F-Ni-Pa,1,0.0014265335235378032,0,0,completed_current_MP_hull_shift_utility_audit;not_strict_alpha_temporal_certificate;not_prospective_discovery;no_t1_label_used_for_selection
300,raw_topK,F-Np-Pa,1,0.0014265335235378032,1,1,completed_current_MP_hull_shift_utility_audit;not_strict_alpha_temporal_certificate;not_prospective_discovery;no_t1_label_used_for_selection
300,raw_topK,F-O-Pa,1,0.0014265335235378032,0,0,completed_current_MP_hull_shift_utility_audit;not_strict_alpha_temporal_certificate;not_prospective_discovery;no_t1_label_used_for_selection
300,raw_topK,F-Pa-Pb,1,0.0014265335235378032,0,0,completed_current_MP_hull_shift_utility_audit;not_strict_alpha_temporal_certificate;not_prospective_discovery;no_t1_label_used_for_selection
300,raw_topK,F-Pa-Pr,1,0.0014265335235378032,1,1,completed_current_MP_hull_shift_utility_audit;not_strict_alpha_temporal_certificate;not_prospective_discovery;no_t1_label_used_for_selection
300,raw_topK,F-Pa-Pt,1,0.0014265335235378032,1,1,completed_current_MP_hull_shift_utility_audit;not_strict_alpha_temporal_certificate;not_prospective_discovery;no_t1_label_used_for_selection
300,raw_topK,F-Pa-Pu,1,0.0014265335235378032,0,0,completed_current_MP_hull_shift_utility_audit;not_strict_alpha_temporal_certificate;not_prospective_discovery;no_t1_label_used_for_selection
300,raw_topK,F-Pa-Rh,1,0.0014265335235378032,1,1,completed_current_MP_hull_shift_utility_audit;not_strict_alpha_temporal_certificate;not_prospective_discovery;no_t1_label_used_for_selection
300,raw_topK,F-Pa-Ru,1,0.0014265335235378032,1,1,completed_current_MP_hull_shift_utility_audit;not_strict_alpha_temporal_certificate;not_prospective_discovery;no_t1_label_used_for_selection
300,raw_topK,F-Pa-Sc,1,0.0014265335235378032,1,1,completed_current_MP_hull_shift_utility_audit;not_strict_alpha_temporal_certificate;not_prospective_discovery;no_t1_label_used_for_selection
300,raw_topK,F-Pa-Si,1,0.0014265335235378032,0,0,completed_current_MP_hull_shift_utility_audit;not_strict_alpha_temporal_certificate;not_prospective_discovery;no_t1_label_used_for_selection
300,raw_topK,F-Pa-Sm,1,0.0014265335235378032,1,1,completed_current_MP_hull_shift_utility_audit;not_strict_alpha_temporal_certificate;not_prospective_discovery;no_t1_label_used_for_selection
300,raw_topK,F-Pa-Sr,1,0.0014265335235378032,1,1,completed_current_MP_hull_shift_utility_audit;not_strict_alpha_temporal_certificate;not_prospective_discovery;no_t1_label_used_for_selection
300,raw_topK,F-Pa-Tb,1,0.0014265335235378032,1,1,completed_current_MP_hull_shift_utility_audit;not_strict_alpha_temporal_certificate;not_prospective_discovery;no_t1_label_used_for_selection
300,raw_topK,F-Pa-Th,1,0.0014265335235378032,1,1,completed_current_MP_hull_shift_utility_audit;not_strict_alpha_temporal_certificate;not_prospective_discovery;no_t1_label_used_for_selection
300,raw_topK,F-Pa-Tm,1,0.0014265335235378032,0,0,completed_current_MP_hull_shift_utility_audit;not_strict_alpha_temporal_certificate;not_prospective_discovery;no_t1_label_used_for_selection
300,raw_topK,F-Pa-U,1,0.0014265335235378032,0,0,completed_current_MP_hull_shift_utility_audit;not_strict_alpha_temporal_certificate;not_prospective_discovery;no_t1_label_used_for_selection
300,raw_topK,F-Pa-V,1,0.0014265335235378032,1,1,completed_current_MP_hull_shift_utility_audit;not_strict_alpha_temporal_certificate;not_prospective_discovery;no_t1_label_used_for_selection
300,raw_topK,F-Pa-Y,1,0.0014265335235378032,1,1,completed_current_MP_hull_shift_utility_audit;not_strict_alpha_temporal_certificate;not_prospective_discovery;no_t1_label_used_for_selection
300,raw_topK,F-Pa-Yb,1,0.0014265335235378032,1,0,completed_current_MP_hull_shift_utility_audit;not_strict_alpha_temporal_certificate;not_prospective_discovery;no_t1_label_used_for_selection
300,raw_topK,F-Pa-Zn,1,0.0014265335235378032,0,0,completed_current_MP_hull_shift_utility_audit;not_strict_alpha_temporal_certificate;not_prospective_discovery;no_t1_label_used_for_selection
300,raw_topK,F-Pa-Zr,1,0.0014265335235378032,1,1,completed_current_MP_hull_shift_utility_audit;not_strict_alpha_temporal_certificate;not_prospective_discovery;no_t1_label_used_for_selection
300,raw_topK,F-Pr,1,0.0014265335235378032,1,0,completed_current_MP_hull_shift_utility_audit;not_strict_alpha_temporal_certificate;not_prospective_discovery;no_t1_label_used_for_selection
300,raw_topK,F-Pu-Rb,1,0.0014265335235378032,0,0,completed_current_MP_hull_shift_utility_audit;not_strict_alpha_temporal_certificate;not_prospective_discovery;no_t1_label_used_for_selection
300,raw_topK,F-Rb-Ti,1,0.0014265335235378032,0,0,completed_current_MP_hull_shift_utility_audit;not_strict_alpha_temporal_certificate;not_prospective_discovery;no_t1_label_used_for_selection
300,raw_topK,F-Rb-Tm,1,0.0014265335235378032,0,0,completed_current_MP_hull_shift_utility_audit;not_strict_alpha_temporal_certificate;not_prospective_discovery;no_t1_label_used_for_selection
300,raw_topK,F-Sc-Sr,1,0.0014265335235378032,1,0,completed_current_MP_hull_shift_utility_audit;not_strict_alpha_temporal_certificate;not_prospective_discovery;no_t1_label_used_for_selection
300,raw_topK,F-Sc-Yb,1,0.0014265335235378032,1,0,completed_current_MP_hull_shift_utility_audit;not_strict_alpha_temporal_certificate;not_prospective_discovery;no_t1_label_used_for_selection
300,raw_topK,F-Sc-Zn,1,0.0014265335235378032,1,0,completed_current_MP_hull_shift_utility_audit;not_strict_alpha_temporal_certificate;not_prospective_discovery;no_t1_label_used_for_selection
300,raw_topK,F-Sr-Yb,1,0.0014265335235378032,1,0,completed_current_MP_hull_shift_utility_audit;not_strict_alpha_temporal_certificate;not_prospective_discovery;no_t1_label_used_for_selection
300,raw_topK,F-Sr-Zn,1,0.0014265335235378032,1,0,completed_current_MP_hull_shift_utility_audit;not_strict_alpha_temporal_certificate;not_prospective_discovery;no_t1_label_used_for_selection
300,raw_topK,F-Ti,1,0.0014265335235378032,0,0,completed_current_MP_hull_shift_utility_audit;not_strict_alpha_temporal_certificate;not_prospective_discovery;no_t1_label_used_for_selection
300,raw_topK,F-Tm,1,0.0014265335235378032,0,0,completed_current_MP_hull_shift_utility_audit;not_strict_alpha_temporal_certificate;not_prospective_discovery;no_t1_label_used_for_selection
300,raw_topK,F-Y-Zn,1,0.0014265335235378032,1,0,completed_current_MP_hull_shift_utility_audit;not_strict_alpha_temporal_certificate;not_prospective_discovery;no_t1_label_used_for_selection
300,raw_topK,F-Zn,1,0.0014265335235378032,0,0,completed_current_MP_hull_shift_utility_audit;not_strict_alpha_temporal_certificate;not_prospective_discovery;no_t1_label_used_for_selection
300,raw_topK,Ga-Gd-I,1,0.0014265335235378032,1,1,completed_current_MP_hull_shift_utility_audit;not_strict_alpha_temporal_certificate;not_prospective_discovery;no_t1_label_used_for_selection
300,raw_topK,Gd-Ge-I,1,0.0014265335235378032,0,0,completed_current_MP_hull_shift_utility_audit;not_strict_alpha_temporal_certificate;not_prospective_discovery;no_t1_label_used_for_selection
300,raw_topK,Gd-I-In,1,0.0014265335235378032,0,0,completed_current_MP_hull_shift_utility_audit;not_strict_alpha_temporal_certificate;not_prospective_discovery;no_t1_label_used_for_selection
300,raw_topK,Gd-I-Li,1,0.0014265335235378032,0,0,completed_current_MP_hull_shift_utility_audit;not_strict_alpha_temporal_certificate;not_prospective_discovery;no_t1_label_used_for_selection
300,raw_topK,Gd-I-Pb,1,0.0014265335235378032,1,1,completed_current_MP_hull_shift_utility_audit;not_strict_alpha_temporal_certificate;not_prospective_discovery;no_t1_label_used_for_selection
300,raw_topK,Gd-I-Ru,1,0.0014265335235378032,0,0,completed_current_MP_hull_shift_utility_audit;not_strict_alpha_temporal_certificate;not_prospective_discovery;no_t1_label_used_for_selection
300,raw_topK,Gd-I-Se,1,0.0014265335235378032,0,0,completed_current_MP_hull_shift_utility_audit;not_strict_alpha_temporal_certificate;not_prospective_discovery;no_t1_label_used_for_selection
300,raw_topK,Gd-I-Sr,1,0.0014265335235378032,1,1,completed_current_MP_hull_shift_utility_audit;not_strict_alpha_temporal_certificate;not_prospective_discovery;no_t1_label_used_for_selection
300,raw_topK,Gd-I-Te,1,0.0014265335235378032,1,1,completed_current_MP_hull_shift_utility_audit;not_strict_alpha_temporal_certificate;not_prospective_discovery;no_t1_label_used_for_selection
300,raw_topK,Ge-Pm-Te,1,0.0014265335235378032,0,0,completed_current_MP_hull_shift_utility_audit;not_strict_alpha_temporal_certificate;not_prospective_discovery;no_t1_label_used_for_selection
300,raw_topK,Ho-La-O,1,0.0014265335235378032,1,0,completed_current_MP_hull_shift_utility_audit;not_strict_alpha_temporal_certificate;not_prospective_discovery;no_t1_label_used_for_selection
300,raw_topK,In-Pa-Se,1,0.0014265335235378032,0,0,completed_current_MP_hull_shift_utility_audit;not_strict_alpha_temporal_certificate;not_prospective_discovery;no_t1_label_used_for_selection
300,raw_topK,In-Pm-Te,1,0.0014265335235378032,0,0,completed_current_MP_hull_shift_utility_audit;not_strict_alpha_temporal_certificate;not_prospective_discovery;no_t1_label_used_for_selection
300,raw_topK,K-Pa-Se,1,0.0014265335235378032,0,0,completed_current_MP_hull_shift_utility_audit;not_strict_alpha_temporal_certificate;not_prospective_discovery;no_t1_label_used_for_selection
300,raw_topK,K-Pa-Te,1,0.0014265335235378032,0,0,completed_current_MP_hull_shift_utility_audit;not_strict_alpha_temporal_certificate;not_prospective_discovery;no_t1_label_used_for_selection
300,raw_topK,K-Pm-Te,1,0.0014265335235378032,0,0,completed_current_MP_hull_shift_utility_audit;not_strict_alpha_temporal_certificate;not_prospective_discovery;no_t1_label_used_for_selection
300,raw_topK,La-O,1,0.0014265335235378032,1,0,completed_current_MP_hull_shift_utility_audit;not_strict_alpha_temporal_certificate;not_prospective_discovery;no_t1_label_used_for_selection
300,raw_topK,Li-Pm-Te,1,0.0014265335235378032,1,1,completed_current_MP_hull_shift_utility_audit;not_strict_alpha_temporal_certificate;not_prospective_discovery;no_t1_label_used_for_selection
300,raw_topK,Mg-Pm-Te,1,0.0014265335235378032,0,0,completed_current_MP_hull_shift_utility_audit;not_strict_alpha_temporal_certificate;not_prospective_discovery;no_t1_label_used_for_selection
300,raw_topK,Mn-Pm-Te,1,0.0014265335235378032,0,0,completed_current_MP_hull_shift_utility_audit;not_strict_alpha_temporal_certificate;not_prospective_discovery;no_t1_label_used_for_selection
300,raw_topK,Ni-Pm-Te,1,0.0014265335235378032,1,1,completed_current_MP_hull_shift_utility_audit;not_strict_alpha_temporal_certificate;not_prospective_discovery;no_t1_label_used_for_selection
300,raw_topK,Np-Se,1,0.0014265335235378032,0,0,completed_current_MP_hull_shift_utility_audit;not_strict_alpha_temporal_certificate;not_prospective_discovery;no_t1_label_used_for_selection
300,raw_topK,Np-Se-Te,1,0.0014265335235378032,1,1,completed_current_MP_hull_shift_utility_audit;not_strict_alpha_temporal_certificate;not_prospective_discovery;no_t1_label_used_for_selection
300,raw_topK,P-Pm-Pt,1,0.0014265335235378032,0,0,completed_current_MP_hull_shift_utility_audit;not_strict_alpha_temporal_certificate;not_prospective_discovery;no_t1_label_used_for_selection
300,raw_topK,Pa-Pb-Se,1,0.0014265335235378032,0,0,completed_current_MP_hull_shift_utility_audit;not_strict_alpha_temporal_certificate;not_prospective_discovery;no_t1_label_used_for_selection
300,raw_topK,Pa-Rb-Se-Zn,1,0.0014265335235378032,0,0,completed_current_MP_hull_shift_utility_audit;not_strict_alpha_temporal_certificate;not_prospective_discovery;no_t1_label_used_for_selection
300,raw_topK,Pa-Se-Sn,1,0.0014265335235378032,0,0,completed_current_MP_hull_shift_utility_audit;not_strict_alpha_temporal_certificate;not_prospective_discovery;no_t1_label_used_for_selection
300,raw_topK,Pa-Se-Tl,1,0.0014265335235378032,0,0,completed_current_MP_hull_shift_utility_audit;not_strict_alpha_temporal_certificate;not_prospective_discovery;no_t1_label_used_for_selection
300,raw_topK,Pb-Pm-Te,1,0.0014265335235378032,0,0,completed_current_MP_hull_shift_utility_audit;not_strict_alpha_temporal_certificate;not_prospective_discovery;no_t1_label_used_for_selection
300,raw_topK,Pm-Rb-Te,1,0.0014265335235378032,0,0,completed_current_MP_hull_shift_utility_audit;not_strict_alpha_temporal_certificate;not_prospective_discovery;no_t1_label_used_for_selection
300,raw_topK,Pm-Sn-Te,1,0.0014265335235378032,0,0,completed_current_MP_hull_shift_utility_audit;not_strict_alpha_temporal_certificate;not_prospective_discovery;no_t1_label_used_for_selection
300,raw_topK,Pm-Te-Zn,1,0.0014265335235378032,0,0,completed_current_MP_hull_shift_utility_audit;not_strict_alpha_temporal_certificate;not_prospective_discovery;no_t1_label_used_for_selection
300,raw_topK,Se-Tc,1,0.0014265335235378032,0,0,completed_current_MP_hull_shift_utility_audit;not_strict_alpha_temporal_certificate;not_prospective_discovery;no_t1_label_used_for_selection
300,raw_topR,Br-Er,14,0.046052631578947366,0,0,completed_current_MP_hull_shift_utility_audit;not_strict_alpha_temporal_certificate;not_prospective_discovery;no_t1_label_used_for_selection
300,raw_topR,Gd-I,12,0.039473684210526314,0,0,completed_current_MP_hull_shift_utility_audit;not_strict_alpha_temporal_certificate;not_prospective_discovery;no_t1_label_used_for_selection
300,raw_topR,Br-Er-N,6,0.019736842105263157,0,0,completed_current_MP_hull_shift_utility_audit;not_strict_alpha_temporal_certificate;not_prospective_discovery;no_t1_label_used_for_selection
300,raw_topR,Br-Er-Ge,4,0.013157894736842105,0,0,completed_current_MP_hull_shift_utility_audit;not_strict_alpha_temporal_certificate;not_prospective_discovery;no_t1_label_used_for_selection
300,raw_topR,Br-Er-H,4,0.013157894736842105,0,0,completed_current_MP_hull_shift_utility_audit;not_strict_alpha_temporal_certificate;not_prospective_discovery;no_t1_label_used_for_selection
300,raw_topR,Br-Er-K,4,0.013157894736842105,0,0,completed_current_MP_hull_shift_utility_audit;not_strict_alpha_temporal_certificate;not_prospective_discovery;no_t1_label_used_for_selection
300,raw_topR,Br-Er-Si,4,0.013157894736842105,0,0,completed_current_MP_hull_shift_utility_audit;not_strict_alpha_temporal_certificate;not_prospective_discovery;no_t1_label_used_for_selection
300,raw_topR,Br-Er-Sn,4,0.013157894736842105,0,0,completed_current_MP_hull_shift_utility_audit;not_strict_alpha_temporal_certificate;not_prospective_discovery;no_t1_label_used_for_selection
300,raw_topR,Ce-Cl,4,0.013157894736842105,0,0,completed_current_MP_hull_shift_utility_audit;not_strict_alpha_temporal_certificate;not_prospective_discovery;no_t1_label_used_for_selection
300,raw_topR,Cl-Mn,4,0.013157894736842105,0,0,completed_current_MP_hull_shift_utility_audit;not_strict_alpha_temporal_certificate;not_prospective_discovery;no_t1_label_used_for_selection
300,raw_topR,Cr-F-Pa,4,0.013157894736842105,0,0,completed_current_MP_hull_shift_utility_audit;not_strict_alpha_temporal_certificate;not_prospective_discovery;no_t1_label_used_for_selection
300,raw_topR,As-Br-Er,3,0.009868421052631578,0,0,completed_current_MP_hull_shift_utility_audit;not_strict_alpha_temporal_certificate;not_prospective_discovery;no_t1_label_used_for_selection
300,raw_topR,Ba-Br,3,0.009868421052631578,0,0,completed_current_MP_hull_shift_utility_audit;not_strict_alpha_temporal_certificate;not_prospective_discovery;no_t1_label_used_for_selection
300,raw_topR,Br-Ce,3,0.009868421052631578,0,0,completed_current_MP_hull_shift_utility_audit;not_strict_alpha_temporal_certificate;not_prospective_discovery;no_t1_label_used_for_selection
300,raw_topR,Br-Er-P,3,0.009868421052631578,0,0,completed_current_MP_hull_shift_utility_audit;not_strict_alpha_temporal_certificate;not_prospective_discovery;no_t1_label_used_for_selection
300,raw_topR,Br-Er-Pb,3,0.009868421052631578,0,0,completed_current_MP_hull_shift_utility_audit;not_strict_alpha_temporal_certificate;not_prospective_discovery;no_t1_label_used_for_selection
300,raw_topR,Br-Er-Rb,3,0.009868421052631578,0,0,completed_current_MP_hull_shift_utility_audit;not_strict_alpha_temporal_certificate;not_prospective_discovery;no_t1_label_used_for_selection
300,raw_topR,Br-Yb,3,0.009868421052631578,3,0,completed_current_MP_hull_shift_utility_audit;not_strict_alpha_temporal_certificate;not_prospective_discovery;no_t1_label_used_for_selection
300,raw_topR,Cl-Sm,3,0.009868421052631578,3,2,completed_current_MP_hull_shift_utility_audit;not_strict_alpha_temporal_certificate;not_prospective_discovery;no_t1_label_used_for_selection
300,raw_topR,Cl-Sr,3,0.009868421052631578,0,0,completed_current_MP_hull_shift_utility_audit;not_strict_alpha_temporal_certificate;not_prospective_discovery;no_t1_label_used_for_selection
300,raw_topR,F-Fe-Pa,3,0.009868421052631578,0,0,completed_current_MP_hull_shift_utility_audit;not_strict_alpha_temporal_certificate;not_prospective_discovery;no_t1_label_used_for_selection
300,raw_topR,Gd-H-I,3,0.009868421052631578,0,0,completed_current_MP_hull_shift_utility_audit;not_strict_alpha_temporal_certificate;not_prospective_discovery;no_t1_label_used_for_selection
300,raw_topR,Pm-Te,3,0.009868421052631578,0,0,completed_current_MP_hull_shift_utility_audit;not_strict_alpha_temporal_certificate;not_prospective_discovery;no_t1_label_used_for_selection
300,raw_topR,Ac-Pt,2,0.006578947368421052,0,0,completed_current_MP_hull_shift_utility_audit;not_strict_alpha_temporal_certificate;not_prospective_discovery;no_t1_label_used_for_selection
300,raw_topR,Al-F-Pa,2,0.006578947368421052,2,2,completed_current_MP_hull_shift_utility_audit;not_strict_alpha_temporal_certificate;not_prospective_discovery;no_t1_label_used_for_selection
300,raw_topR,Ba-Br-Er,2,0.006578947368421052,0,0,completed_current_MP_hull_shift_utility_audit;not_strict_alpha_temporal_certificate;not_prospective_discovery;no_t1_label_used_for_selection
300,raw_topR,Ba-Ca-F,2,0.006578947368421052,2,0,completed_current_MP_hull_shift_utility_audit;not_strict_alpha_temporal_certificate;not_prospective_discovery;no_t1_label_used_for_selection
300,raw_topR,Ba-Cl,2,0.006578947368421052,2,1,completed_current_MP_hull_shift_utility_audit;not_strict_alpha_temporal_certificate;not_prospective_discovery;no_t1_label_used_for_selection
300,raw_topR,Ba-Gd-I,2,0.006578947368421052,2,2,completed_current_MP_hull_shift_utility_audit;not_strict_alpha_temporal_certificate;not_prospective_discovery;no_t1_label_used_for_selection
300,raw_topR,Bi-Gd-I,2,0.006578947368421052,2,2,completed_current_MP_hull_shift_utility_audit;not_strict_alpha_temporal_certificate;not_prospective_discovery;no_t1_label_used_for_selection
300,raw_topR,Br-Er-Ga,2,0.006578947368421052,0,0,completed_current_MP_hull_shift_utility_audit;not_strict_alpha_temporal_certificate;not_prospective_discovery;no_t1_label_used_for_selection
300,raw_topR,Br-Er-In,2,0.006578947368421052,2,2,completed_current_MP_hull_shift_utility_audit;not_strict_alpha_temporal_certificate;not_prospective_discovery;no_t1_label_used_for_selection
300,raw_topR,Br-Er-S,2,0.006578947368421052,0,0,completed_current_MP_hull_shift_utility_audit;not_strict_alpha_temporal_certificate;not_prospective_discovery;no_t1_label_used_for_selection
300,raw_topR,Br-Er-Sb,2,0.006578947368421052,0,0,completed_current_MP_hull_shift_utility_audit;not_strict_alpha_temporal_certificate;not_prospective_discovery;no_t1_label_used_for_selection
300,raw_topR,Br-Er-Se,2,0.006578947368421052,0,0,completed_current_MP_hull_shift_utility_audit;not_strict_alpha_temporal_certificate;not_prospective_discovery;no_t1_label_used_for_selection
300,raw_topR,Br-Mg,2,0.006578947368421052,0,0,completed_current_MP_hull_shift_utility_audit;not_strict_alpha_temporal_certificate;not_prospective_discovery;no_t1_label_used_for_selection
300,raw_topR,Ca-F,2,0.006578947368421052,2,0,completed_current_MP_hull_shift_utility_audit;not_strict_alpha_temporal_certificate;not_prospective_discovery;no_t1_label_used_for_selection
300,raw_topR,Ca-F-Yb,2,0.006578947368421052,2,0,completed_current_MP_hull_shift_utility_audit;not_strict_alpha_temporal_certificate;not_prospective_discovery;no_t1_label_used_for_selection
300,raw_topR,Cl-Er,2,0.006578947368421052,0,0,completed_current_MP_hull_shift_utility_audit;not_strict_alpha_temporal_certificate;not_prospective_discovery;no_t1_label_used_for_selection
300,raw_topR,Cl-Gd,2,0.006578947368421052,0,0,completed_current_MP_hull_shift_utility_audit;not_strict_alpha_temporal_certificate;not_prospective_discovery;no_t1_label_used_for_selection
300,raw_topR,Cl-Lu,2,0.006578947368421052,0,0,completed_current_MP_hull_shift_utility_audit;not_strict_alpha_temporal_certificate;not_prospective_discovery;no_t1_label_used_for_selection
300,raw_topR,Cl-Mg,2,0.006578947368421052,0,0,completed_current_MP_hull_shift_utility_audit;not_strict_alpha_temporal_certificate;not_prospective_discovery;no_t1_label_used_for_selection
300,raw_topR,Cl-Nd,2,0.006578947368421052,2,0,completed_current_MP_hull_shift_utility_audit;not_strict_alpha_temporal_certificate;not_prospective_discovery;no_t1_label_used_for_selection
300,raw_topR,Cl-Y,2,0.006578947368421052,0,0,completed_current_MP_hull_shift_utility_audit;not_strict_alpha_temporal_certificate;not_prospective_discovery;no_t1_label_used_for_selection
300,raw_topR,Cs-Pa-Se,2,0.006578947368421052,0,0,completed_current_MP_hull_shift_utility_audit;not_strict_alpha_temporal_certificate;not_prospective_discovery;no_t1_label_used_for_selection
300,raw_topR,F-Ga-Pa,2,0.006578947368421052,0,0,completed_current_MP_hull_shift_utility_audit;not_strict_alpha_temporal_certificate;not_prospective_discovery;no_t1_label_used_for_selection
300,raw_topR,F-Li-Pa,2,0.006578947368421052,0,0,completed_current_MP_hull_shift_utility_audit;not_strict_alpha_temporal_certificate;not_prospective_discovery;no_t1_label_used_for_selection
300,raw_topR,F-Mn-Pa,2,0.006578947368421052,0,0,completed_current_MP_hull_shift_utility_audit;not_strict_alpha_temporal_certificate;not_prospective_discovery;no_t1_label_used_for_selection
300,raw_topR,F-Pa-Pd,2,0.006578947368421052,0,0,completed_current_MP_hull_shift_utility_audit;not_strict_alpha_temporal_certificate;not_prospective_discovery;no_t1_label_used_for_selection
300,raw_topR,F-Pa-Sn,2,0.006578947368421052,0,0,completed_current_MP_hull_shift_utility_audit;not_strict_alpha_temporal_certificate;not_prospective_discovery;no_t1_label_used_for_selection
300,raw_topR,F-Pa-Tl,2,0.006578947368421052,0,0,completed_current_MP_hull_shift_utility_audit;not_strict_alpha_temporal_certificate;not_prospective_discovery;no_t1_label_used_for_selection
300,raw_topR,F-Sr,2,0.006578947368421052,2,0,completed_current_MP_hull_shift_utility_audit;not_strict_alpha_temporal_certificate;not_prospective_discovery;no_t1_label_used_for_selection
300,raw_topR,F-Tm-Zn,2,0.006578947368421052,0,0,completed_current_MP_hull_shift_utility_audit;not_strict_alpha_temporal_certificate;not_prospective_discovery;no_t1_label_used_for_selection
300,raw_topR,Gd-I-Sb,2,0.006578947368421052,0,0,completed_current_MP_hull_shift_utility_audit;not_strict_alpha_temporal_certificate;not_prospective_discovery;no_t1_label_used_for_selection
300,raw_topR,Pa-Se,2,0.006578947368421052,0,0,completed_current_MP_hull_shift_utility_audit;not_strict_alpha_temporal_certificate;not_prospective_discovery;no_t1_label_used_for_selection
300,raw_topR,Pm-Pt,2,0.006578947368421052,0,0,completed_current_MP_hull_shift_utility_audit;not_strict_alpha_temporal_certificate;not_prospective_discovery;no_t1_label_used_for_selection
300,raw_topR,Ac-K-Se,1,0.003289473684210526,0,0,completed_current_MP_hull_shift_utility_audit;not_strict_alpha_temporal_certificate;not_prospective_discovery;no_t1_label_used_for_selection
300,raw_topR,Ac-Li-Se,1,0.003289473684210526,0,0,completed_current_MP_hull_shift_utility_audit;not_strict_alpha_temporal_certificate;not_prospective_discovery;no_t1_label_used_for_selection
300,raw_topR,Ac-Na-Se,1,0.003289473684210526,0,0,completed_current_MP_hull_shift_utility_audit;not_strict_alpha_temporal_certificate;not_prospective_discovery;no_t1_label_used_for_selection
300,raw_topR,Ac-Pd-Pt,1,0.003289473684210526,0,0,completed_current_MP_hull_shift_utility_audit;not_strict_alpha_temporal_certificate;not_prospective_discovery;no_t1_label_used_for_selection
300,raw_topR,Ac-Se,1,0.003289473684210526,0,0,completed_current_MP_hull_shift_utility_audit;not_strict_alpha_temporal_certificate;not_prospective_discovery;no_t1_label_used_for_selection
300,raw_topR,Ac-Te,1,0.003289473684210526,0,0,completed_current_MP_hull_shift_utility_audit;not_strict_alpha_temporal_certificate;not_prospective_discovery;no_t1_label_used_for_selection
300,raw_topR,Ag-Pm-Te,1,0.003289473684210526,1,1,completed_current_MP_hull_shift_utility_audit;not_strict_alpha_temporal_certificate;not_prospective_discovery;no_t1_label_used_for_selection
300,raw_topR,As-Gd-I,1,0.003289473684210526,0,0,completed_current_MP_hull_shift_utility_audit;not_strict_alpha_temporal_certificate;not_prospective_discovery;no_t1_label_used_for_selection
300,raw_topR,Au-Pm-Te,1,0.003289473684210526,1,1,completed_current_MP_hull_shift_utility_audit;not_strict_alpha_temporal_certificate;not_prospective_discovery;no_t1_label_used_for_selection
300,raw_topR,Ba-Cd-F,1,0.003289473684210526,1,0,completed_current_MP_hull_shift_utility_audit;not_strict_alpha_temporal_certificate;not_prospective_discovery;no_t1_label_used_for_selection
300,raw_topR,Ba-F,1,0.003289473684210526,1,0,completed_current_MP_hull_shift_utility_audit;not_strict_alpha_temporal_certificate;not_prospective_discovery;no_t1_label_used_for_selection
300,raw_topR,Ba-F-Hg,1,0.003289473684210526,1,1,completed_current_MP_hull_shift_utility_audit;not_strict_alpha_temporal_certificate;not_prospective_discovery;no_t1_label_used_for_selection
300,raw_topR,Ba-F-Li-Pa,1,0.003289473684210526,1,1,completed_current_MP_hull_shift_utility_audit;not_strict_alpha_temporal_certificate;not_prospective_discovery;no_t1_label_used_for_selection
300,raw_topR,Ba-F-Mg,1,0.003289473684210526,1,0,completed_current_MP_hull_shift_utility_audit;not_strict_alpha_temporal_certificate;not_prospective_discovery;no_t1_label_used_for_selection
300,raw_topR,Ba-F-Pa,1,0.003289473684210526,1,1,completed_current_MP_hull_shift_utility_audit;not_strict_alpha_temporal_certificate;not_prospective_discovery;no_t1_label_used_for_selection
300,raw_topR,Ba-F-Sc,1,0.003289473684210526,1,0,completed_current_MP_hull_shift_utility_audit;not_strict_alpha_temporal_certificate;not_prospective_discovery;no_t1_label_used_for_selection
300,raw_topR,Ba-F-Sr,1,0.003289473684210526,1,0,completed_current_MP_hull_shift_utility_audit;not_strict_alpha_temporal_certificate;not_prospective_discovery;no_t1_label_used_for_selection
300,raw_topR,Ba-F-Yb,1,0.003289473684210526,1,0,completed_current_MP_hull_shift_utility_audit;not_strict_alpha_temporal_certificate;not_prospective_discovery;no_t1_label_used_for_selection
300,raw_topR,Ba-F-Zn,1,0.003289473684210526,1,0,completed_current_MP_hull_shift_utility_audit;not_strict_alpha_temporal_certificate;not_prospective_discovery;no_t1_label_used_for_selection
300,raw_topR,Br-Cl-Er,1,0.003289473684210526,0,0,completed_current_MP_hull_shift_utility_audit;not_strict_alpha_temporal_certificate;not_prospective_discovery;no_t1_label_used_for_selection
300,raw_topR,Br-Cu-Er,1,0.003289473684210526,0,0,completed_current_MP_hull_shift_utility_audit;not_strict_alpha_temporal_certificate;not_prospective_discovery;no_t1_label_used_for_selection
300,raw_topR,Br-Dy,1,0.003289473684210526,0,0,completed_current_MP_hull_shift_utility_audit;not_strict_alpha_temporal_certificate;not_prospective_discovery;no_t1_label_used_for_selection
300,raw_topR,Br-Er-F,1,0.003289473684210526,1,1,completed_current_MP_hull_shift_utility_audit;not_strict_alpha_temporal_certificate;not_prospective_discovery;no_t1_label_used_for_selection
300,raw_topR,Br-Er-K-Rb,1,0.003289473684210526,0,0,completed_current_MP_hull_shift_utility_audit;not_strict_alpha_temporal_certificate;not_prospective_discovery;no_t1_label_used_for_selection
300,raw_topR,Br-Er-Li-Rb,1,0.003289473684210526,0,0,completed_current_MP_hull_shift_utility_audit;not_strict_alpha_temporal_certificate;not_prospective_discovery;no_t1_label_used_for_selection
300,raw_topR,Br-Er-Na-Rb,1,0.003289473684210526,0,0,completed_current_MP_hull_shift_utility_audit;not_strict_alpha_temporal_certificate;not_prospective_discovery;no_t1_label_used_for_selection
300,raw_topR,Br-Er-Ni,1,0.003289473684210526,1,1,completed_current_MP_hull_shift_utility_audit;not_strict_alpha_temporal_certificate;not_prospective_discovery;no_t1_label_used_for_selection
300,raw_topR,Br-Mo,1,0.003289473684210526,0,0,completed_current_MP_hull_shift_utility_audit;not_strict_alpha_temporal_certificate;not_prospective_discovery;no_t1_label_used_for_selection
300,raw_topR,Br-Nd,1,0.003289473684210526,0,0,completed_current_MP_hull_shift_utility_audit;not_strict_alpha_temporal_certificate;not_prospective_discovery;no_t1_label_used_for_selection
300,raw_topR,Br-V,1,0.003289473684210526,0,0,completed_current_MP_hull_shift_utility_audit;not_strict_alpha_temporal_certificate;not_prospective_discovery;no_t1_label_used_for_selection
300,raw_topR,Ca-Cd-F,1,0.003289473684210526,1,0,completed_current_MP_hull_shift_utility_audit;not_strict_alpha_temporal_certificate;not_prospective_discovery;no_t1_label_used_for_selection
300,raw_topR,Ca-F-Li-Pa,1,0.003289473684210526,1,1,completed_current_MP_hull_shift_utility_audit;not_strict_alpha_temporal_certificate;not_prospective_discovery;no_t1_label_used_for_selection
300,raw_topR,Ca-F-Pa,1,0.003289473684210526,1,1,completed_current_MP_hull_shift_utility_audit;not_strict_alpha_temporal_certificate;not_prospective_discovery;no_t1_label_used_for_selection
300,raw_topR,Ca-F-Sr,1,0.003289473684210526,1,0,completed_current_MP_hull_shift_utility_audit;not_strict_alpha_temporal_certificate;not_prospective_discovery;no_t1_label_used_for_selection
300,raw_topR,Ca-F-Zn,1,0.003289473684210526,1,0,completed_current_MP_hull_shift_utility_audit;not_strict_alpha_temporal_certificate;not_prospective_discovery;no_t1_label_used_for_selection
300,raw_topR,Ca-Gd-I,1,0.003289473684210526,0,0,completed_current_MP_hull_shift_utility_audit;not_strict_alpha_temporal_certificate;not_prospective_discovery;no_t1_label_used_for_selection
300,raw_topR,Cd-F,1,0.003289473684210526,1,0,completed_current_MP_hull_shift_utility_audit;not_strict_alpha_temporal_certificate;not_prospective_discovery;no_t1_label_used_for_selection
300,raw_topR,Cd-F-Mg,1,0.003289473684210526,1,0,completed_current_MP_hull_shift_utility_audit;not_strict_alpha_temporal_certificate;not_prospective_discovery;no_t1_label_used_for_selection
300,raw_topR,Cd-F-Pa,1,0.003289473684210526,1,1,completed_current_MP_hull_shift_utility_audit;not_strict_alpha_temporal_certificate;not_prospective_discovery;no_t1_label_used_for_selection
300,raw_topR,Cd-F-Sc,1,0.003289473684210526,1,0,completed_current_MP_hull_shift_utility_audit;not_strict_alpha_temporal_certificate;not_prospective_discovery;no_t1_label_used_for_selection
300,raw_topR,Cd-F-Sr,1,0.003289473684210526,1,0,completed_current_MP_hull_shift_utility_audit;not_strict_alpha_temporal_certificate;not_prospective_discovery;no_t1_label_used_for_selection
300,raw_topR,Cd-F-Tm,1,0.003289473684210526,1,1,completed_current_MP_hull_shift_utility_audit;not_strict_alpha_temporal_certificate;not_prospective_discovery;no_t1_label_used_for_selection
300,raw_topR,Ce-F-Pa,1,0.003289473684210526,1,1,completed_current_MP_hull_shift_utility_audit;not_strict_alpha_temporal_certificate;not_prospective_discovery;no_t1_label_used_for_selection
300,raw_topR,Cl-Co,1,0.003289473684210526,0,0,completed_current_MP_hull_shift_utility_audit;not_strict_alpha_temporal_certificate;not_prospective_discovery;no_t1_label_used_for_selection
300,raw_topR,Cl-Cs,1,0.003289473684210526,0,0,completed_current_MP_hull_shift_utility_audit;not_strict_alpha_temporal_certificate;not_prospective_discovery;no_t1_label_used_for_selection
300,raw_topR,Cl-Cs-Mg,1,0.003289473684210526,0,0,completed_current_MP_hull_shift_utility_audit;not_strict_alpha_temporal_certificate;not_prospective_discovery;no_t1_label_used_for_selection
300,raw_topR,Cl-Dy,1,0.003289473684210526,1,0,completed_current_MP_hull_shift_utility_audit;not_strict_alpha_temporal_certificate;not_prospective_discovery;no_t1_label_used_for_selection
300,raw_topR,Cl-Eu,1,0.003289473684210526,0,0,completed_current_MP_hull_shift_utility_audit;not_strict_alpha_temporal_certificate;not_prospective_discovery;no_t1_label_used_for_selection
300,raw_topR,Cl-Ho,1,0.003289473684210526,1,0,completed_current_MP_hull_shift_utility_audit;not_strict_alpha_temporal_certificate;not_prospective_discovery;no_t1_label_used_for_selection
300,raw_topR,Cl-In,1,0.003289473684210526,1,1,completed_current_MP_hull_shift_utility_audit;not_strict_alpha_temporal_certificate;not_prospective_discovery;no_t1_label_used_for_selection
300,raw_topR,Cl-La,1,0.003289473684210526,0,0,completed_current_MP_hull_shift_utility_audit;not_strict_alpha_temporal_certificate;not_prospective_discovery;no_t1_label_used_for_selection
300,raw_topR,Cl-Pd,1,0.003289473684210526,1,1,completed_current_MP_hull_shift_utility_audit;not_strict_alpha_temporal_certificate;not_prospective_discovery;no_t1_label_used_for_selection
300,raw_topR,Cl-Pr,1,0.003289473684210526,0,0,completed_current_MP_hull_shift_utility_audit;not_strict_alpha_temporal_certificate;not_prospective_discovery;no_t1_label_used_for_selection
300,raw_topR,Cl-Pu,1,0.003289473684210526,0,0,completed_current_MP_hull_shift_utility_audit;not_strict_alpha_temporal_certificate;not_prospective_discovery;no_t1_label_used_for_selection
300,raw_topR,Cl-Sc,1,0.003289473684210526,0,0,completed_current_MP_hull_shift_utility_audit;not_strict_alpha_temporal_certificate;not_prospective_discovery;no_t1_label_used_for_selection
300,raw_topR,Co-F-Pa,1,0.003289473684210526,0,0,completed_current_MP_hull_shift_utility_audit;not_strict_alpha_temporal_certificate;not_prospective_discovery;no_t1_label_used_for_selection
300,raw_topR,Cs-F-Ti,1,0.003289473684210526,0,0,completed_current_MP_hull_shift_utility_audit;not_strict_alpha_temporal_certificate;not_prospective_discovery;no_t1_label_used_for_selection
300,raw_topR,Cu-F-Pa,1,0.003289473684210526,0,0,completed_current_MP_hull_shift_utility_audit;not_strict_alpha_temporal_certificate;not_prospective_discovery;no_t1_label_used_for_selection
300,raw_topR,Dy-F-Pa,1,0.003289473684210526,1,1,completed_current_MP_hull_shift_utility_audit;not_strict_alpha_temporal_certificate;not_prospective_discovery;no_t1_label_used_for_selection
300,raw_topR,Er-F-Pa,1,0.003289473684210526,1,1,completed_current_MP_hull_shift_utility_audit;not_strict_alpha_temporal_certificate;not_prospective_discovery;no_t1_label_used_for_selection
300,raw_topR,F-Gd-I,1,0.003289473684210526,1,1,completed_current_MP_hull_shift_utility_audit;not_strict_alpha_temporal_certificate;not_prospective_discovery;no_t1_label_used_for_selection
300,raw_topR,F-Gd-Li,1,0.003289473684210526,0,0,completed_current_MP_hull_shift_utility_audit;not_strict_alpha_temporal_certificate;not_prospective_discovery;no_t1_label_used_for_selection
300,raw_topR,F-Gd-Mg,1,0.003289473684210526,1,1,completed_current_MP_hull_shift_utility_audit;not_strict_alpha_temporal_certificate;not_prospective_discovery;no_t1_label_used_for_selection
300,raw_topR,F-Gd-Zn,1,0.003289473684210526,0,0,completed_current_MP_hull_shift_utility_audit;not_strict_alpha_temporal_certificate;not_prospective_discovery;no_t1_label_used_for_selection
300,raw_topR,F-Ge-Pa,1,0.003289473684210526,0,0,completed_current_MP_hull_shift_utility_audit;not_strict_alpha_temporal_certificate;not_prospective_discovery;no_t1_label_used_for_selection
300,raw_topR,F-Hg-Mg,1,0.003289473684210526,1,0,completed_current_MP_hull_shift_utility_audit;not_strict_alpha_temporal_certificate;not_prospective_discovery;no_t1_label_used_for_selection
300,raw_topR,F-Hg-Pa,1,0.003289473684210526,0,0,completed_current_MP_hull_shift_utility_audit;not_strict_alpha_temporal_certificate;not_prospective_discovery;no_t1_label_used_for_selection
300,raw_topR,F-Hg-Sr,1,0.003289473684210526,1,1,completed_current_MP_hull_shift_utility_audit;not_strict_alpha_temporal_certificate;not_prospective_discovery;no_t1_label_used_for_selection
300,raw_topR,F-Hg-Tm,1,0.003289473684210526,0,0,completed_current_MP_hull_shift_utility_audit;not_strict_alpha_temporal_certificate;not_prospective_discovery;no_t1_label_used_for_selection
300,raw_topR,F-Ho-Pa,1,0.003289473684210526,1,1,completed_current_MP_hull_shift_utility_audit;not_strict_alpha_temporal_certificate;not_prospective_discovery;no_t1_label_used_for_selection
300,raw_topR,F-In-Pa,1,0.003289473684210526,0,0,completed_current_MP_hull_shift_utility_audit;not_strict_alpha_temporal_certificate;not_prospective_discovery;no_t1_label_used_for_selection
300,raw_topR,F-K-La,1,0.003289473684210526,1,0,completed_current_MP_hull_shift_utility_audit;not_strict_alpha_temporal_certificate;not_prospective_discovery;no_t1_label_used_for_selection
300,raw_topR,F-La-Pa,1,0.003289473684210526,1,1,completed_current_MP_hull_shift_utility_audit;not_strict_alpha_temporal_certificate;not_prospective_discovery;no_t1_label_used_for_selection
300,raw_topR,F-Li-Pa-Sr,1,0.003289473684210526,1,1,completed_current_MP_hull_shift_utility_audit;not_strict_alpha_temporal_certificate;not_prospective_discovery;no_t1_label_used_for_selection
300,raw_topR,F-Li-Pa-Yb,1,0.003289473684210526,1,0,completed_current_MP_hull_shift_utility_audit;not_strict_alpha_temporal_certificate;not_prospective_discovery;no_t1_label_used_for_selection
300,raw_topR,F-Li-Tm,1,0.003289473684210526,1,1,completed_current_MP_hull_shift_utility_audit;not_strict_alpha_temporal_certificate;not_prospective_discovery;no_t1_label_used_for_selection
300,raw_topR,F-Lu-Mg,1,0.003289473684210526,1,0,completed_current_MP_hull_shift_utility_audit;not_strict_alpha_temporal_certificate;not_prospective_discovery;no_t1_label_used_for_selection
300,raw_topR,F-Lu-Pa,1,0.003289473684210526,1,1,completed_current_MP_hull_shift_utility_audit;not_strict_alpha_temporal_certificate;not_prospective_discovery;no_t1_label_used_for_selection
300,raw_topR,F-Mg-Pa,1,0.003289473684210526,1,1,completed_current_MP_hull_shift_utility_audit;not_strict_alpha_temporal_certificate;not_prospective_discovery;no_t1_label_used_for_selection
300,raw_topR,F-Mg-Sc,1,0.003289473684210526,1,0,completed_current_MP_hull_shift_utility_audit;not_strict_alpha_temporal_certificate;not_prospective_discovery;no_t1_label_used_for_selection
300,raw_topR,F-Mg-Tm,1,0.003289473684210526,1,1,completed_current_MP_hull_shift_utility_audit;not_strict_alpha_temporal_certificate;not_prospective_discovery;no_t1_label_used_for_selection
300,raw_topR,F-N-Pa,1,0.003289473684210526,0,0,completed_current_MP_hull_shift_utility_audit;not_strict_alpha_temporal_certificate;not_prospective_discovery;no_t1_label_used_for_selection
300,raw_topR,F-Na-Pa,1,0.003289473684210526,0,0,completed_current_MP_hull_shift_utility_audit;not_strict_alpha_temporal_certificate;not_prospective_discovery;no_t1_label_used_for_selection
300,raw_topR,F-Na-Sr,1,0.003289473684210526,1,1,completed_current_MP_hull_shift_utility_audit;not_strict_alpha_temporal_certificate;not_prospective_discovery;no_t1_label_used_for_selection
300,raw_topR,F-Nb-Pa,1,0.003289473684210526,0,0,completed_current_MP_hull_shift_utility_audit;not_strict_alpha_temporal_certificate;not_prospective_discovery;no_t1_label_used_for_selection
300,raw_topR,F-Nd-Pa,1,0.003289473684210526,1,1,completed_current_MP_hull_shift_utility_audit;not_strict_alpha_temporal_certificate;not_prospective_discovery;no_t1_label_used_for_selection
300,raw_topR,F-Ni-Pa,1,0.003289473684210526,0,0,completed_current_MP_hull_shift_utility_audit;not_strict_alpha_temporal_certificate;not_prospective_discovery;no_t1_label_used_for_selection
300,raw_topR,F-Np,1,0.003289473684210526,1,0,completed_current_MP_hull_shift_utility_audit;not_strict_alpha_temporal_certificate;not_prospective_discovery;no_t1_label_used_for_selection
300,raw_topR,F-Np-Pa,1,0.003289473684210526,1,1,completed_current_MP_hull_shift_utility_audit;not_strict_alpha_temporal_certificate;not_prospective_discovery;no_t1_label_used_for_selection
300,raw_topR,F-O-Pa,1,0.003289473684210526,0,0,completed_current_MP_hull_shift_utility_audit;not_strict_alpha_temporal_certificate;not_prospective_discovery;no_t1_label_used_for_selection
300,raw_topR,F-Pa-Pb,1,0.003289473684210526,0,0,completed_current_MP_hull_shift_utility_audit;not_strict_alpha_temporal_certificate;not_prospective_discovery;no_t1_label_used_for_selection
300,raw_topR,F-Pa-Pr,1,0.003289473684210526,1,1,completed_current_MP_hull_shift_utility_audit;not_strict_alpha_temporal_certificate;not_prospective_discovery;no_t1_label_used_for_selection
300,raw_topR,F-Pa-Pt,1,0.003289473684210526,1,1,completed_current_MP_hull_shift_utility_audit;not_strict_alpha_temporal_certificate;not_prospective_discovery;no_t1_label_used_for_selection
300,raw_topR,F-Pa-Pu,1,0.003289473684210526,0,0,completed_current_MP_hull_shift_utility_audit;not_strict_alpha_temporal_certificate;not_prospective_discovery;no_t1_label_used_for_selection
300,raw_topR,F-Pa-Rh,1,0.003289473684210526,1,1,completed_current_MP_hull_shift_utility_audit;not_strict_alpha_temporal_certificate;not_prospective_discovery;no_t1_label_used_for_selection
300,raw_topR,F-Pa-Ru,1,0.003289473684210526,1,1,completed_current_MP_hull_shift_utility_audit;not_strict_alpha_temporal_certificate;not_prospective_discovery;no_t1_label_used_for_selection
300,raw_topR,F-Pa-Sc,1,0.003289473684210526,1,1,completed_current_MP_hull_shift_utility_audit;not_strict_alpha_temporal_certificate;not_prospective_discovery;no_t1_label_used_for_selection
300,raw_topR,F-Pa-Si,1,0.003289473684210526,0,0,completed_current_MP_hull_shift_utility_audit;not_strict_alpha_temporal_certificate;not_prospective_discovery;no_t1_label_used_for_selection
300,raw_topR,F-Pa-Sm,1,0.003289473684210526,1,1,completed_current_MP_hull_shift_utility_audit;not_strict_alpha_temporal_certificate;not_prospective_discovery;no_t1_label_used_for_selection
300,raw_topR,F-Pa-Sr,1,0.003289473684210526,1,1,completed_current_MP_hull_shift_utility_audit;not_strict_alpha_temporal_certificate;not_prospective_discovery;no_t1_label_used_for_selection
300,raw_topR,F-Pa-Tb,1,0.003289473684210526,1,1,completed_current_MP_hull_shift_utility_audit;not_strict_alpha_temporal_certificate;not_prospective_discovery;no_t1_label_used_for_selection
300,raw_topR,F-Pa-Th,1,0.003289473684210526,1,1,completed_current_MP_hull_shift_utility_audit;not_strict_alpha_temporal_certificate;not_prospective_discovery;no_t1_label_used_for_selection
300,raw_topR,F-Pa-Tm,1,0.003289473684210526,0,0,completed_current_MP_hull_shift_utility_audit;not_strict_alpha_temporal_certificate;not_prospective_discovery;no_t1_label_used_for_selection
300,raw_topR,F-Pa-U,1,0.003289473684210526,0,0,completed_current_MP_hull_shift_utility_audit;not_strict_alpha_temporal_certificate;not_prospective_discovery;no_t1_label_used_for_selection
300,raw_topR,F-Pa-V,1,0.003289473684210526,1,1,completed_current_MP_hull_shift_utility_audit;not_strict_alpha_temporal_certificate;not_prospective_discovery;no_t1_label_used_for_selection
300,raw_topR,F-Pa-Y,1,0.003289473684210526,1,1,completed_current_MP_hull_shift_utility_audit;not_strict_alpha_temporal_certificate;not_prospective_discovery;no_t1_label_used_for_selection
300,raw_topR,F-Pa-Yb,1,0.003289473684210526,1,0,completed_current_MP_hull_shift_utility_audit;not_strict_alpha_temporal_certificate;not_prospective_discovery;no_t1_label_used_for_selection
300,raw_topR,F-Pa-Zn,1,0.003289473684210526,0,0,completed_current_MP_hull_shift_utility_audit;not_strict_alpha_temporal_certificate;not_prospective_discovery;no_t1_label_used_for_selection
300,raw_topR,F-Pa-Zr,1,0.003289473684210526,1,1,completed_current_MP_hull_shift_utility_audit;not_strict_alpha_temporal_certificate;not_prospective_discovery;no_t1_label_used_for_selection
300,raw_topR,F-Se,1,0.003289473684210526,0,0,completed_current_MP_hull_shift_utility_audit;not_strict_alpha_temporal_certificate;not_prospective_discovery;no_t1_label_used_for_selection
300,raw_topR,F-Sr-Yb,1,0.003289473684210526,1,0,completed_current_MP_hull_shift_utility_audit;not_strict_alpha_temporal_certificate;not_prospective_discovery;no_t1_label_used_for_selection
300,raw_topR,F-Sr-Zn,1,0.003289473684210526,1,0,completed_current_MP_hull_shift_utility_audit;not_strict_alpha_temporal_certificate;not_prospective_discovery;no_t1_label_used_for_selection
300,raw_topR,F-Ti,1,0.003289473684210526,0,0,completed_current_MP_hull_shift_utility_audit;not_strict_alpha_temporal_certificate;not_prospective_discovery;no_t1_label_used_for_selection
300,raw_topR,F-Tm,1,0.003289473684210526,0,0,completed_current_MP_hull_shift_utility_audit;not_strict_alpha_temporal_certificate;not_prospective_discovery;no_t1_label_used_for_selection
300,raw_topR,Ga-Gd-I,1,0.003289473684210526,1,1,completed_current_MP_hull_shift_utility_audit;not_strict_alpha_temporal_certificate;not_prospective_discovery;no_t1_label_used_for_selection
300,raw_topR,Gd-Ge-I,1,0.003289473684210526,0,0,completed_current_MP_hull_shift_utility_audit;not_strict_alpha_temporal_certificate;not_prospective_discovery;no_t1_label_used_for_selection
300,raw_topR,Gd-I-In,1,0.003289473684210526,0,0,completed_current_MP_hull_shift_utility_audit;not_strict_alpha_temporal_certificate;not_prospective_discovery;no_t1_label_used_for_selection
300,raw_topR,Gd-I-Li,1,0.003289473684210526,0,0,completed_current_MP_hull_shift_utility_audit;not_strict_alpha_temporal_certificate;not_prospective_discovery;no_t1_label_used_for_selection
300,raw_topR,Gd-I-N,1,0.003289473684210526,0,0,completed_current_MP_hull_shift_utility_audit;not_strict_alpha_temporal_certificate;not_prospective_discovery;no_t1_label_used_for_selection
300,raw_topR,Gd-I-P,1,0.003289473684210526,0,0,completed_current_MP_hull_shift_utility_audit;not_strict_alpha_temporal_certificate;not_prospective_discovery;no_t1_label_used_for_selection
300,raw_topR,Gd-I-Ru,1,0.003289473684210526,0,0,completed_current_MP_hull_shift_utility_audit;not_strict_alpha_temporal_certificate;not_prospective_discovery;no_t1_label_used_for_selection
300,raw_topR,Gd-I-Se,1,0.003289473684210526,0,0,completed_current_MP_hull_shift_utility_audit;not_strict_alpha_temporal_certificate;not_prospective_discovery;no_t1_label_used_for_selection
300,raw_topR,Gd-I-Si,1,0.003289473684210526,0,0,completed_current_MP_hull_shift_utility_audit;not_strict_alpha_temporal_certificate;not_prospective_discovery;no_t1_label_used_for_selection
300,raw_topR,Gd-I-Sn,1,0.003289473684210526,0,0,completed_current_MP_hull_shift_utility_audit;not_strict_alpha_temporal_certificate;not_prospective_discovery;no_t1_label_used_for_selection
300,raw_topR,Gd-I-Sr,1,0.003289473684210526,1,1,completed_current_MP_hull_shift_utility_audit;not_strict_alpha_temporal_certificate;not_prospective_discovery;no_t1_label_used_for_selection
300,raw_topR,Gd-I-Te,1,0.003289473684210526,1,1,completed_current_MP_hull_shift_utility_audit;not_strict_alpha_temporal_certificate;not_prospective_discovery;no_t1_label_used_for_selection
300,raw_topR,Ge-Pm-Te,1,0.003289473684210526,0,0,completed_current_MP_hull_shift_utility_audit;not_strict_alpha_temporal_certificate;not_prospective_discovery;no_t1_label_used_for_selection
300,raw_topR,In-Pm-Te,1,0.003289473684210526,0,0,completed_current_MP_hull_shift_utility_audit;not_strict_alpha_temporal_certificate;not_prospective_discovery;no_t1_label_used_for_selection
300,raw_topR,K-Pa-Se,1,0.003289473684210526,0,0,completed_current_MP_hull_shift_utility_audit;not_strict_alpha_temporal_certificate;not_prospective_discovery;no_t1_label_used_for_selection
300,raw_topR,K-Pm-Te,1,0.003289473684210526,0,0,completed_current_MP_hull_shift_utility_audit;not_strict_alpha_temporal_certificate;not_prospective_discovery;no_t1_label_used_for_selection
300,raw_topR,Li-Pm-Te,1,0.003289473684210526,1,1,completed_current_MP_hull_shift_utility_audit;not_strict_alpha_temporal_certificate;not_prospective_discovery;no_t1_label_used_for_selection
300,raw_topR,Mn-Pm-Te,1,0.003289473684210526,0,0,completed_current_MP_hull_shift_utility_audit;not_strict_alpha_temporal_certificate;not_prospective_discovery;no_t1_label_used_for_selection
300,raw_topR,Na-Pa-Se,1,0.003289473684210526,0,0,completed_current_MP_hull_shift_utility_audit;not_strict_alpha_temporal_certificate;not_prospective_discovery;no_t1_label_used_for_selection
300,raw_topR,Np-Se,1,0.003289473684210526,0,0,completed_current_MP_hull_shift_utility_audit;not_strict_alpha_temporal_certificate;not_prospective_discovery;no_t1_label_used_for_selection
300,raw_topR,Pa-Rb-Se,1,0.003289473684210526,0,0,completed_current_MP_hull_shift_utility_audit;not_strict_alpha_temporal_certificate;not_prospective_discovery;no_t1_label_used_for_selection
300,raw_topR,Pm-Rb-Te,1,0.003289473684210526,0,0,completed_current_MP_hull_shift_utility_audit;not_strict_alpha_temporal_certificate;not_prospective_discovery;no_t1_label_used_for_selection
300,raw_topR,Pm-Sn-Te,1,0.003289473684210526,0,0,completed_current_MP_hull_shift_utility_audit;not_strict_alpha_temporal_certificate;not_prospective_discovery;no_t1_label_used_for_selection
300,raw_topR,Se-Tc,1,0.003289473684210526,0,0,completed_current_MP_hull_shift_utility_audit;not_strict_alpha_temporal_certificate;not_prospective_discovery;no_t1_label_used_for_selection
500,PARC,Br-Er,14,0.06481481481481481,0,0,completed_current_MP_hull_shift_utility_audit;not_strict_alpha_temporal_certificate;not_prospective_discovery;no_t1_label_used_for_selection
500,PARC,Gd-I,12,0.05555555555555555,0,0,completed_current_MP_hull_shift_utility_audit;not_strict_alpha_temporal_certificate;not_prospective_discovery;no_t1_label_used_for_selection
500,PARC,Br-Er-N,6,0.027777777777777776,0,0,completed_current_MP_hull_shift_utility_audit;not_strict_alpha_temporal_certificate;not_prospective_discovery;no_t1_label_used_for_selection
500,PARC,Br-Er-Ge,4,0.018518518518518517,0,0,completed_current_MP_hull_shift_utility_audit;not_strict_alpha_temporal_certificate;not_prospective_discovery;no_t1_label_used_for_selection
500,PARC,Br-Er-H,4,0.018518518518518517,0,0,completed_current_MP_hull_shift_utility_audit;not_strict_alpha_temporal_certificate;not_prospective_discovery;no_t1_label_used_for_selection
500,PARC,Br-Er-K,4,0.018518518518518517,0,0,completed_current_MP_hull_shift_utility_audit;not_strict_alpha_temporal_certificate;not_prospective_discovery;no_t1_label_used_for_selection
500,PARC,Br-Er-Si,4,0.018518518518518517,0,0,completed_current_MP_hull_shift_utility_audit;not_strict_alpha_temporal_certificate;not_prospective_discovery;no_t1_label_used_for_selection
500,PARC,Br-Er-Sn,4,0.018518518518518517,0,0,completed_current_MP_hull_shift_utility_audit;not_strict_alpha_temporal_certificate;not_prospective_discovery;no_t1_label_used_for_selection
500,PARC,Cr-F-Pa,4,0.018518518518518517,0,0,completed_current_MP_hull_shift_utility_audit;not_strict_alpha_temporal_certificate;not_prospective_discovery;no_t1_label_used_for_selection
500,PARC,As-Br-Er,3,0.013888888888888888,0,0,completed_current_MP_hull_shift_utility_audit;not_strict_alpha_temporal_certificate;not_prospective_discovery;no_t1_label_used_for_selection
500,PARC,Br-Er-P,3,0.013888888888888888,0,0,completed_current_MP_hull_shift_utility_audit;not_strict_alpha_temporal_certificate;not_prospective_discovery;no_t1_label_used_for_selection
500,PARC,Br-Er-Rb,3,0.013888888888888888,0,0,completed_current_MP_hull_shift_utility_audit;not_strict_alpha_temporal_certificate;not_prospective_discovery;no_t1_label_used_for_selection
500,PARC,F-Fe-Pa,3,0.013888888888888888,0,0,completed_current_MP_hull_shift_utility_audit;not_strict_alpha_temporal_certificate;not_prospective_discovery;no_t1_label_used_for_selection
500,PARC,Gd-H-I,3,0.013888888888888888,0,0,completed_current_MP_hull_shift_utility_audit;not_strict_alpha_temporal_certificate;not_prospective_discovery;no_t1_label_used_for_selection
500,PARC,Pm-Te,3,0.013888888888888888,0,0,completed_current_MP_hull_shift_utility_audit;not_strict_alpha_temporal_certificate;not_prospective_discovery;no_t1_label_used_for_selection
500,PARC,Al-F-Pa,2,0.009259259259259259,2,2,completed_current_MP_hull_shift_utility_audit;not_strict_alpha_temporal_certificate;not_prospective_discovery;no_t1_label_used_for_selection
500,PARC,Ba-Br-Er,2,0.009259259259259259,0,0,completed_current_MP_hull_shift_utility_audit;not_strict_alpha_temporal_certificate;not_prospective_discovery;no_t1_label_used_for_selection
500,PARC,Ba-Ca-F,2,0.009259259259259259,2,0,completed_current_MP_hull_shift_utility_audit;not_strict_alpha_temporal_certificate;not_prospective_discovery;no_t1_label_used_for_selection
500,PARC,Ba-Cl,2,0.009259259259259259,2,1,completed_current_MP_hull_shift_utility_audit;not_strict_alpha_temporal_certificate;not_prospective_discovery;no_t1_label_used_for_selection
500,PARC,Bi-Gd-I,2,0.009259259259259259,2,2,completed_current_MP_hull_shift_utility_audit;not_strict_alpha_temporal_certificate;not_prospective_discovery;no_t1_label_used_for_selection
500,PARC,Br-Er-Ga,2,0.009259259259259259,0,0,completed_current_MP_hull_shift_utility_audit;not_strict_alpha_temporal_certificate;not_prospective_discovery;no_t1_label_used_for_selection
500,PARC,Br-Er-In,2,0.009259259259259259,2,2,completed_current_MP_hull_shift_utility_audit;not_strict_alpha_temporal_certificate;not_prospective_discovery;no_t1_label_used_for_selection
500,PARC,Br-Er-S,2,0.009259259259259259,0,0,completed_current_MP_hull_shift_utility_audit;not_strict_alpha_temporal_certificate;not_prospective_discovery;no_t1_label_used_for_selection
500,PARC,Br-Er-Sb,2,0.009259259259259259,0,0,completed_current_MP_hull_shift_utility_audit;not_strict_alpha_temporal_certificate;not_prospective_discovery;no_t1_label_used_for_selection
500,PARC,Br-Er-Se,2,0.009259259259259259,0,0,completed_current_MP_hull_shift_utility_audit;not_strict_alpha_temporal_certificate;not_prospective_discovery;no_t1_label_used_for_selection
500,PARC,Br-Mg,2,0.009259259259259259,0,0,completed_current_MP_hull_shift_utility_audit;not_strict_alpha_temporal_certificate;not_prospective_discovery;no_t1_label_used_for_selection
500,PARC,Ca-F,2,0.009259259259259259,2,0,completed_current_MP_hull_shift_utility_audit;not_strict_alpha_temporal_certificate;not_prospective_discovery;no_t1_label_used_for_selection
500,PARC,Ca-F-Yb,2,0.009259259259259259,2,0,completed_current_MP_hull_shift_utility_audit;not_strict_alpha_temporal_certificate;not_prospective_discovery;no_t1_label_used_for_selection
500,PARC,Ce-Cl,2,0.009259259259259259,0,0,completed_current_MP_hull_shift_utility_audit;not_strict_alpha_temporal_certificate;not_prospective_discovery;no_t1_label_used_for_selection
500,PARC,F-Li-Pa,2,0.009259259259259259,0,0,completed_current_MP_hull_shift_utility_audit;not_strict_alpha_temporal_certificate;not_prospective_discovery;no_t1_label_used_for_selection
500,PARC,F-Mn-Pa,2,0.009259259259259259,0,0,completed_current_MP_hull_shift_utility_audit;not_strict_alpha_temporal_certificate;not_prospective_discovery;no_t1_label_used_for_selection
500,PARC,F-Pa-Pd,2,0.009259259259259259,0,0,completed_current_MP_hull_shift_utility_audit;not_strict_alpha_temporal_certificate;not_prospective_discovery;no_t1_label_used_for_selection
500,PARC,F-Pa-Sn,2,0.009259259259259259,0,0,completed_current_MP_hull_shift_utility_audit;not_strict_alpha_temporal_certificate;not_prospective_discovery;no_t1_label_used_for_selection
500,PARC,F-Pa-Tl,2,0.009259259259259259,0,0,completed_current_MP_hull_shift_utility_audit;not_strict_alpha_temporal_certificate;not_prospective_discovery;no_t1_label_used_for_selection
500,PARC,F-Sr,2,0.009259259259259259,2,0,completed_current_MP_hull_shift_utility_audit;not_strict_alpha_temporal_certificate;not_prospective_discovery;no_t1_label_used_for_selection
500,PARC,Gd-I-Sb,2,0.009259259259259259,0,0,completed_current_MP_hull_shift_utility_audit;not_strict_alpha_temporal_certificate;not_prospective_discovery;no_t1_label_used_for_selection
500,PARC,Pm-Pt,2,0.009259259259259259,0,0,completed_current_MP_hull_shift_utility_audit;not_strict_alpha_temporal_certificate;not_prospective_discovery;no_t1_label_used_for_selection
500,PARC,Ac-K-Se,1,0.004629629629629629,0,0,completed_current_MP_hull_shift_utility_audit;not_strict_alpha_temporal_certificate;not_prospective_discovery;no_t1_label_used_for_selection
500,PARC,Ac-Na-Se,1,0.004629629629629629,0,0,completed_current_MP_hull_shift_utility_audit;not_strict_alpha_temporal_certificate;not_prospective_discovery;no_t1_label_used_for_selection
500,PARC,Ac-Pt,1,0.004629629629629629,0,0,completed_current_MP_hull_shift_utility_audit;not_strict_alpha_temporal_certificate;not_prospective_discovery;no_t1_label_used_for_selection
500,PARC,Ac-Se,1,0.004629629629629629,0,0,completed_current_MP_hull_shift_utility_audit;not_strict_alpha_temporal_certificate;not_prospective_discovery;no_t1_label_used_for_selection
500,PARC,Ac-Te,1,0.004629629629629629,0,0,completed_current_MP_hull_shift_utility_audit;not_strict_alpha_temporal_certificate;not_prospective_discovery;no_t1_label_used_for_selection
500,PARC,Ag-Pm-Te,1,0.004629629629629629,1,1,completed_current_MP_hull_shift_utility_audit;not_strict_alpha_temporal_certificate;not_prospective_discovery;no_t1_label_used_for_selection
500,PARC,As-Gd-I,1,0.004629629629629629,0,0,completed_current_MP_hull_shift_utility_audit;not_strict_alpha_temporal_certificate;not_prospective_discovery;no_t1_label_used_for_selection
500,PARC,Ba-Br,1,0.004629629629629629,0,0,completed_current_MP_hull_shift_utility_audit;not_strict_alpha_temporal_certificate;not_prospective_discovery;no_t1_label_used_for_selection
500,PARC,Ba-Cd-F,1,0.004629629629629629,1,0,completed_current_MP_hull_shift_utility_audit;not_strict_alpha_temporal_certificate;not_prospective_discovery;no_t1_label_used_for_selection
500,PARC,Ba-F,1,0.004629629629629629,1,0,completed_current_MP_hull_shift_utility_audit;not_strict_alpha_temporal_certificate;not_prospective_discovery;no_t1_label_used_for_selection
500,PARC,Ba-F-Hg,1,0.004629629629629629,1,1,completed_current_MP_hull_shift_utility_audit;not_strict_alpha_temporal_certificate;not_prospective_discovery;no_t1_label_used_for_selection
500,PARC,Ba-F-Li-Pa,1,0.004629629629629629,1,1,completed_current_MP_hull_shift_utility_audit;not_strict_alpha_temporal_certificate;not_prospective_discovery;no_t1_label_used_for_selection
500,PARC,Ba-F-Mg,1,0.004629629629629629,1,0,completed_current_MP_hull_shift_utility_audit;not_strict_alpha_temporal_certificate;not_prospective_discovery;no_t1_label_used_for_selection
500,PARC,Ba-F-Pa,1,0.004629629629629629,1,1,completed_current_MP_hull_shift_utility_audit;not_strict_alpha_temporal_certificate;not_prospective_discovery;no_t1_label_used_for_selection
500,PARC,Ba-F-Sr,1,0.004629629629629629,1,0,completed_current_MP_hull_shift_utility_audit;not_strict_alpha_temporal_certificate;not_prospective_discovery;no_t1_label_used_for_selection
500,PARC,Ba-Gd-I,1,0.004629629629629629,1,1,completed_current_MP_hull_shift_utility_audit;not_strict_alpha_temporal_certificate;not_prospective_discovery;no_t1_label_used_for_selection
500,PARC,Br-Ce,1,0.004629629629629629,0,0,completed_current_MP_hull_shift_utility_audit;not_strict_alpha_temporal_certificate;not_prospective_discovery;no_t1_label_used_for_selection
500,PARC,Br-Cl-Er,1,0.004629629629629629,0,0,completed_current_MP_hull_shift_utility_audit;not_strict_alpha_temporal_certificate;not_prospective_discovery;no_t1_label_used_for_selection
500,PARC,Br-Cu-Er,1,0.004629629629629629,0,0,completed_current_MP_hull_shift_utility_audit;not_strict_alpha_temporal_certificate;not_prospective_discovery;no_t1_label_used_for_selection
500,PARC,Br-Er-F,1,0.004629629629629629,1,1,completed_current_MP_hull_shift_utility_audit;not_strict_alpha_temporal_certificate;not_prospective_discovery;no_t1_label_used_for_selection
500,PARC,Br-Er-K-Rb,1,0.004629629629629629,0,0,completed_current_MP_hull_shift_utility_audit;not_strict_alpha_temporal_certificate;not_prospective_discovery;no_t1_label_used_for_selection
500,PARC,Br-Er-Li-Rb,1,0.004629629629629629,0,0,completed_current_MP_hull_shift_utility_audit;not_strict_alpha_temporal_certificate;not_prospective_discovery;no_t1_label_used_for_selection
500,PARC,Br-Er-Na-Rb,1,0.004629629629629629,0,0,completed_current_MP_hull_shift_utility_audit;not_strict_alpha_temporal_certificate;not_prospective_discovery;no_t1_label_used_for_selection
500,PARC,Br-Er-Ni,1,0.004629629629629629,1,1,completed_current_MP_hull_shift_utility_audit;not_strict_alpha_temporal_certificate;not_prospective_discovery;no_t1_label_used_for_selection
500,PARC,Br-Er-Pb,1,0.004629629629629629,0,0,completed_current_MP_hull_shift_utility_audit;not_strict_alpha_temporal_certificate;not_prospective_discovery;no_t1_label_used_for_selection
500,PARC,Ca-Cd-F,1,0.004629629629629629,1,0,completed_current_MP_hull_shift_utility_audit;not_strict_alpha_temporal_certificate;not_prospective_discovery;no_t1_label_used_for_selection
500,PARC,Ca-F-Li-Pa,1,0.004629629629629629,1,1,completed_current_MP_hull_shift_utility_audit;not_strict_alpha_temporal_certificate;not_prospective_discovery;no_t1_label_used_for_selection
500,PARC,Ca-F-Pa,1,0.004629629629629629,1,1,completed_current_MP_hull_shift_utility_audit;not_strict_alpha_temporal_certificate;not_prospective_discovery;no_t1_label_used_for_selection
500,PARC,Ca-F-Sr,1,0.004629629629629629,1,0,completed_current_MP_hull_shift_utility_audit;not_strict_alpha_temporal_certificate;not_prospective_discovery;no_t1_label_used_for_selection
500,PARC,Ca-Gd-I,1,0.004629629629629629,0,0,completed_current_MP_hull_shift_utility_audit;not_strict_alpha_temporal_certificate;not_prospective_discovery;no_t1_label_used_for_selection
500,PARC,Cd-F,1,0.004629629629629629,1,0,completed_current_MP_hull_shift_utility_audit;not_strict_alpha_temporal_certificate;not_prospective_discovery;no_t1_label_used_for_selection
500,PARC,Cd-F-Pa,1,0.004629629629629629,1,1,completed_current_MP_hull_shift_utility_audit;not_strict_alpha_temporal_certificate;not_prospective_discovery;no_t1_label_used_for_selection
500,PARC,Cd-F-Sr,1,0.004629629629629629,1,0,completed_current_MP_hull_shift_utility_audit;not_strict_alpha_temporal_certificate;not_prospective_discovery;no_t1_label_used_for_selection
500,PARC,Ce-F-Pa,1,0.004629629629629629,1,1,completed_current_MP_hull_shift_utility_audit;not_strict_alpha_temporal_certificate;not_prospective_discovery;no_t1_label_used_for_selection
500,PARC,Cl-Co,1,0.004629629629629629,0,0,completed_current_MP_hull_shift_utility_audit;not_strict_alpha_temporal_certificate;not_prospective_discovery;no_t1_label_used_for_selection
500,PARC,Cl-Dy,1,0.004629629629629629,1,0,completed_current_MP_hull_shift_utility_audit;not_strict_alpha_temporal_certificate;not_prospective_discovery;no_t1_label_used_for_selection
500,PARC,Cl-Ho,1,0.004629629629629629,1,0,completed_current_MP_hull_shift_utility_audit;not_strict_alpha_temporal_certificate;not_prospective_discovery;no_t1_label_used_for_selection
500,PARC,Cl-La,1,0.004629629629629629,0,0,completed_current_MP_hull_shift_utility_audit;not_strict_alpha_temporal_certificate;not_prospective_discovery;no_t1_label_used_for_selection
500,PARC,Cl-Mn,1,0.004629629629629629,0,0,completed_current_MP_hull_shift_utility_audit;not_strict_alpha_temporal_certificate;not_prospective_discovery;no_t1_label_used_for_selection
500,PARC,Co-F-Pa,1,0.004629629629629629,0,0,completed_current_MP_hull_shift_utility_audit;not_strict_alpha_temporal_certificate;not_prospective_discovery;no_t1_label_used_for_selection
500,PARC,Cu-F-Pa,1,0.004629629629629629,0,0,completed_current_MP_hull_shift_utility_audit;not_strict_alpha_temporal_certificate;not_prospective_discovery;no_t1_label_used_for_selection
500,PARC,Dy-F-Pa,1,0.004629629629629629,1,1,completed_current_MP_hull_shift_utility_audit;not_strict_alpha_temporal_certificate;not_prospective_discovery;no_t1_label_used_for_selection
500,PARC,Er-F-Pa,1,0.004629629629629629,1,1,completed_current_MP_hull_shift_utility_audit;not_strict_alpha_temporal_certificate;not_prospective_discovery;no_t1_label_used_for_selection
500,PARC,F-Ga-Pa,1,0.004629629629629629,0,0,completed_current_MP_hull_shift_utility_audit;not_strict_alpha_temporal_certificate;not_prospective_discovery;no_t1_label_used_for_selection
500,PARC,F-Gd-I,1,0.004629629629629629,1,1,completed_current_MP_hull_shift_utility_audit;not_strict_alpha_temporal_certificate;not_prospective_discovery;no_t1_label_used_for_selection
500,PARC,F-Ge-Pa,1,0.004629629629629629,0,0,completed_current_MP_hull_shift_utility_audit;not_strict_alpha_temporal_certificate;not_prospective_discovery;no_t1_label_used_for_selection
500,PARC,F-Hg-Pa,1,0.004629629629629629,0,0,completed_current_MP_hull_shift_utility_audit;not_strict_alpha_temporal_certificate;not_prospective_discovery;no_t1_label_used_for_selection
500,PARC,F-Hg-Sr,1,0.004629629629629629,1,1,completed_current_MP_hull_shift_utility_audit;not_strict_alpha_temporal_certificate;not_prospective_discovery;no_t1_label_used_for_selection
500,PARC,F-Ho-Pa,1,0.004629629629629629,1,1,completed_current_MP_hull_shift_utility_audit;not_strict_alpha_temporal_certificate;not_prospective_discovery;no_t1_label_used_for_selection
500,PARC,F-In-Pa,1,0.004629629629629629,0,0,completed_current_MP_hull_shift_utility_audit;not_strict_alpha_temporal_certificate;not_prospective_discovery;no_t1_label_used_for_selection
500,PARC,F-K-La,1,0.004629629629629629,1,0,completed_current_MP_hull_shift_utility_audit;not_strict_alpha_temporal_certificate;not_prospective_discovery;no_t1_label_used_for_selection
500,PARC,F-La-Pa,1,0.004629629629629629,1,1,completed_current_MP_hull_shift_utility_audit;not_strict_alpha_temporal_certificate;not_prospective_discovery;no_t1_label_used_for_selection
500,PARC,F-Li-Pa-Sr,1,0.004629629629629629,1,1,completed_current_MP_hull_shift_utility_audit;not_strict_alpha_temporal_certificate;not_prospective_discovery;no_t1_label_used_for_selection
500,PARC,F-Li-Pa-Yb,1,0.004629629629629629,1,0,completed_current_MP_hull_shift_utility_audit;not_strict_alpha_temporal_certificate;not_prospective_discovery;no_t1_label_used_for_selection
500,PARC,F-Lu-Pa,1,0.004629629629629629,1,1,completed_current_MP_hull_shift_utility_audit;not_strict_alpha_temporal_certificate;not_prospective_discovery;no_t1_label_used_for_selection
500,PARC,F-Mg-Pa,1,0.004629629629629629,1,1,completed_current_MP_hull_shift_utility_audit;not_strict_alpha_temporal_certificate;not_prospective_discovery;no_t1_label_used_for_selection
500,PARC,F-Mg-Tm,1,0.004629629629629629,1,1,completed_current_MP_hull_shift_utility_audit;not_strict_alpha_temporal_certificate;not_prospective_discovery;no_t1_label_used_for_selection
500,PARC,F-N-Pa,1,0.004629629629629629,0,0,completed_current_MP_hull_shift_utility_audit;not_strict_alpha_temporal_certificate;not_prospective_discovery;no_t1_label_used_for_selection
500,PARC,F-Na-Pa,1,0.004629629629629629,0,0,completed_current_MP_hull_shift_utility_audit;not_strict_alpha_temporal_certificate;not_prospective_discovery;no_t1_label_used_for_selection
500,PARC,F-Nb-Pa,1,0.004629629629629629,0,0,completed_current_MP_hull_shift_utility_audit;not_strict_alpha_temporal_certificate;not_prospective_discovery;no_t1_label_used_for_selection
500,PARC,F-Nd-Pa,1,0.004629629629629629,1,1,completed_current_MP_hull_shift_utility_audit;not_strict_alpha_temporal_certificate;not_prospective_discovery;no_t1_label_used_for_selection
500,PARC,F-Ni-Pa,1,0.004629629629629629,0,0,completed_current_MP_hull_shift_utility_audit;not_strict_alpha_temporal_certificate;not_prospective_discovery;no_t1_label_used_for_selection
500,PARC,F-O-Pa,1,0.004629629629629629,0,0,completed_current_MP_hull_shift_utility_audit;not_strict_alpha_temporal_certificate;not_prospective_discovery;no_t1_label_used_for_selection
500,PARC,F-Pa-Pb,1,0.004629629629629629,0,0,completed_current_MP_hull_shift_utility_audit;not_strict_alpha_temporal_certificate;not_prospective_discovery;no_t1_label_used_for_selection
500,PARC,F-Pa-Pr,1,0.004629629629629629,1,1,completed_current_MP_hull_shift_utility_audit;not_strict_alpha_temporal_certificate;not_prospective_discovery;no_t1_label_used_for_selection
500,PARC,F-Pa-Pt,1,0.004629629629629629,1,1,completed_current_MP_hull_shift_utility_audit;not_strict_alpha_temporal_certificate;not_prospective_discovery;no_t1_label_used_for_selection
500,PARC,F-Pa-Pu,1,0.004629629629629629,0,0,completed_current_MP_hull_shift_utility_audit;not_strict_alpha_temporal_certificate;not_prospective_discovery;no_t1_label_used_for_selection
500,PARC,F-Pa-Rh,1,0.004629629629629629,1,1,completed_current_MP_hull_shift_utility_audit;not_strict_alpha_temporal_certificate;not_prospective_discovery;no_t1_label_used_for_selection
500,PARC,F-Pa-Ru,1,0.004629629629629629,1,1,completed_current_MP_hull_shift_utility_audit;not_strict_alpha_temporal_certificate;not_prospective_discovery;no_t1_label_used_for_selection
500,PARC,F-Pa-Sc,1,0.004629629629629629,1,1,completed_current_MP_hull_shift_utility_audit;not_strict_alpha_temporal_certificate;not_prospective_discovery;no_t1_label_used_for_selection
500,PARC,F-Pa-Si,1,0.004629629629629629,0,0,completed_current_MP_hull_shift_utility_audit;not_strict_alpha_temporal_certificate;not_prospective_discovery;no_t1_label_used_for_selection
500,PARC,F-Pa-Sm,1,0.004629629629629629,1,1,completed_current_MP_hull_shift_utility_audit;not_strict_alpha_temporal_certificate;not_prospective_discovery;no_t1_label_used_for_selection
500,PARC,F-Pa-Sr,1,0.004629629629629629,1,1,completed_current_MP_hull_shift_utility_audit;not_strict_alpha_temporal_certificate;not_prospective_discovery;no_t1_label_used_for_selection
500,PARC,F-Pa-Tb,1,0.004629629629629629,1,1,completed_current_MP_hull_shift_utility_audit;not_strict_alpha_temporal_certificate;not_prospective_discovery;no_t1_label_used_for_selection
500,PARC,F-Pa-Th,1,0.004629629629629629,1,1,completed_current_MP_hull_shift_utility_audit;not_strict_alpha_temporal_certificate;not_prospective_discovery;no_t1_label_used_for_selection
500,PARC,F-Pa-Tm,1,0.004629629629629629,0,0,completed_current_MP_hull_shift_utility_audit;not_strict_alpha_temporal_certificate;not_prospective_discovery;no_t1_label_used_for_selection
500,PARC,F-Pa-V,1,0.004629629629629629,1,1,completed_current_MP_hull_shift_utility_audit;not_strict_alpha_temporal_certificate;not_prospective_discovery;no_t1_label_used_for_selection
500,PARC,F-Pa-Y,1,0.004629629629629629,1,1,completed_current_MP_hull_shift_utility_audit;not_strict_alpha_temporal_certificate;not_prospective_discovery;no_t1_label_used_for_selection
500,PARC,F-Pa-Yb,1,0.004629629629629629,1,0,completed_current_MP_hull_shift_utility_audit;not_strict_alpha_temporal_certificate;not_prospective_discovery;no_t1_label_used_for_selection
500,PARC,F-Pa-Zn,1,0.004629629629629629,0,0,completed_current_MP_hull_shift_utility_audit;not_strict_alpha_temporal_certificate;not_prospective_discovery;no_t1_label_used_for_selection
500,PARC,F-Pa-Zr,1,0.004629629629629629,1,1,completed_current_MP_hull_shift_utility_audit;not_strict_alpha_temporal_certificate;not_prospective_discovery;no_t1_label_used_for_selection
500,PARC,F-Sr-Zn,1,0.004629629629629629,1,0,completed_current_MP_hull_shift_utility_audit;not_strict_alpha_temporal_certificate;not_prospective_discovery;no_t1_label_used_for_selection
500,PARC,F-Tm,1,0.004629629629629629,0,0,completed_current_MP_hull_shift_utility_audit;not_strict_alpha_temporal_certificate;not_prospective_discovery;no_t1_label_used_for_selection
500,PARC,F-Tm-Zn,1,0.004629629629629629,0,0,completed_current_MP_hull_shift_utility_audit;not_strict_alpha_temporal_certificate;not_prospective_discovery;no_t1_label_used_for_selection
500,PARC,Gd-Ge-I,1,0.004629629629629629,0,0,completed_current_MP_hull_shift_utility_audit;not_strict_alpha_temporal_certificate;not_prospective_discovery;no_t1_label_used_for_selection
500,PARC,Gd-I-Li,1,0.004629629629629629,0,0,completed_current_MP_hull_shift_utility_audit;not_strict_alpha_temporal_certificate;not_prospective_discovery;no_t1_label_used_for_selection
500,PARC,Gd-I-N,1,0.004629629629629629,0,0,completed_current_MP_hull_shift_utility_audit;not_strict_alpha_temporal_certificate;not_prospective_discovery;no_t1_label_used_for_selection
500,PARC,Gd-I-P,1,0.004629629629629629,0,0,completed_current_MP_hull_shift_utility_audit;not_strict_alpha_temporal_certificate;not_prospective_discovery;no_t1_label_used_for_selection
500,PARC,Gd-I-Se,1,0.004629629629629629,0,0,completed_current_MP_hull_shift_utility_audit;not_strict_alpha_temporal_certificate;not_prospective_discovery;no_t1_label_used_for_selection
500,PARC,Gd-I-Si,1,0.004629629629629629,0,0,completed_current_MP_hull_shift_utility_audit;not_strict_alpha_temporal_certificate;not_prospective_discovery;no_t1_label_used_for_selection
500,PARC,Gd-I-Sn,1,0.004629629629629629,0,0,completed_current_MP_hull_shift_utility_audit;not_strict_alpha_temporal_certificate;not_prospective_discovery;no_t1_label_used_for_selection
500,PARC,Gd-I-Sr,1,0.004629629629629629,1,1,completed_current_MP_hull_shift_utility_audit;not_strict_alpha_temporal_certificate;not_prospective_discovery;no_t1_label_used_for_selection
500,PARC,Gd-I-Te,1,0.004629629629629629,1,1,completed_current_MP_hull_shift_utility_audit;not_strict_alpha_temporal_certificate;not_prospective_discovery;no_t1_label_used_for_selection
500,PARC,K-Pm-Te,1,0.004629629629629629,0,0,completed_current_MP_hull_shift_utility_audit;not_strict_alpha_temporal_certificate;not_prospective_discovery;no_t1_label_used_for_selection
500,PARC,Li-Pm-Te,1,0.004629629629629629,1,1,completed_current_MP_hull_shift_utility_audit;not_strict_alpha_temporal_certificate;not_prospective_discovery;no_t1_label_used_for_selection
500,PARC,Np-Se,1,0.004629629629629629,0,0,completed_current_MP_hull_shift_utility_audit;not_strict_alpha_temporal_certificate;not_prospective_discovery;no_t1_label_used_for_selection
500,PARC,Pa-Rb-Se,1,0.004629629629629629,0,0,completed_current_MP_hull_shift_utility_audit;not_strict_alpha_temporal_certificate;not_prospective_discovery;no_t1_label_used_for_selection
500,PARC,Se-Tc,1,0.004629629629629629,0,0,completed_current_MP_hull_shift_utility_audit;not_strict_alpha_temporal_certificate;not_prospective_discovery;no_t1_label_used_for_selection
500,raw_topK,Br-Er,14,0.011754827875734676,0,0,completed_current_MP_hull_shift_utility_audit;not_strict_alpha_temporal_certificate;not_prospective_discovery;no_t1_label_used_for_selection
500,raw_topK,Gd-I,12,0.010075566750629723,0,0,completed_current_MP_hull_shift_utility_audit;not_strict_alpha_temporal_certificate;not_prospective_discovery;no_t1_label_used_for_selection
500,raw_topK,Br-Ca,9,0.007556675062972292,0,0,completed_current_MP_hull_shift_utility_audit;not_strict_alpha_temporal_certificate;not_prospective_discovery;no_t1_label_used_for_selection
500,raw_topK,Br-Sr,9,0.007556675062972292,9,7,completed_current_MP_hull_shift_utility_audit;not_strict_alpha_temporal_certificate;not_prospective_discovery;no_t1_label_used_for_selection
500,raw_topK,Br-Yb,9,0.007556675062972292,9,0,completed_current_MP_hull_shift_utility_audit;not_strict_alpha_temporal_certificate;not_prospective_discovery;no_t1_label_used_for_selection
500,raw_topK,Br-Er-N,7,0.005877413937867338,0,0,completed_current_MP_hull_shift_utility_audit;not_strict_alpha_temporal_certificate;not_prospective_discovery;no_t1_label_used_for_selection
500,raw_topK,Br-Mg,7,0.005877413937867338,0,0,completed_current_MP_hull_shift_utility_audit;not_strict_alpha_temporal_certificate;not_prospective_discovery;no_t1_label_used_for_selection
500,raw_topK,Cl-Sr,7,0.005877413937867338,0,0,completed_current_MP_hull_shift_utility_audit;not_strict_alpha_temporal_certificate;not_prospective_discovery;no_t1_label_used_for_selection
500,raw_topK,Br-Co,6,0.005037783375314861,0,0,completed_current_MP_hull_shift_utility_audit;not_strict_alpha_temporal_certificate;not_prospective_discovery;no_t1_label_used_for_selection
500,raw_topK,Br-Mn,6,0.005037783375314861,0,0,completed_current_MP_hull_shift_utility_audit;not_strict_alpha_temporal_certificate;not_prospective_discovery;no_t1_label_used_for_selection
500,raw_topK,Ca-Cl,6,0.005037783375314861,6,4,completed_current_MP_hull_shift_utility_audit;not_strict_alpha_temporal_certificate;not_prospective_discovery;no_t1_label_used_for_selection
500,raw_topK,Cl-Mn,6,0.005037783375314861,0,0,completed_current_MP_hull_shift_utility_audit;not_strict_alpha_temporal_certificate;not_prospective_discovery;no_t1_label_used_for_selection
500,raw_topK,Ba-Br,5,0.0041981528127623844,0,0,completed_current_MP_hull_shift_utility_audit;not_strict_alpha_temporal_certificate;not_prospective_discovery;no_t1_label_used_for_selection
500,raw_topK,Ba-Cl,5,0.0041981528127623844,5,3,completed_current_MP_hull_shift_utility_audit;not_strict_alpha_temporal_certificate;not_prospective_discovery;no_t1_label_used_for_selection
500,raw_topK,Br-Er-Sn,5,0.0041981528127623844,0,0,completed_current_MP_hull_shift_utility_audit;not_strict_alpha_temporal_certificate;not_prospective_discovery;no_t1_label_used_for_selection
500,raw_topK,Ce-Cl,5,0.0041981528127623844,0,0,completed_current_MP_hull_shift_utility_audit;not_strict_alpha_temporal_certificate;not_prospective_discovery;no_t1_label_used_for_selection
500,raw_topK,Cs-F-Tm,5,0.0041981528127623844,0,0,completed_current_MP_hull_shift_utility_audit;not_strict_alpha_temporal_certificate;not_prospective_discovery;no_t1_label_used_for_selection
500,raw_topK,F-Na-Tm,5,0.0041981528127623844,0,0,completed_current_MP_hull_shift_utility_audit;not_strict_alpha_temporal_certificate;not_prospective_discovery;no_t1_label_used_for_selection
500,raw_topK,Gd-I-N,5,0.0041981528127623844,0,0,completed_current_MP_hull_shift_utility_audit;not_strict_alpha_temporal_certificate;not_prospective_discovery;no_t1_label_used_for_selection
500,raw_topK,Ac-Pt,4,0.0033585222502099076,0,0,completed_current_MP_hull_shift_utility_audit;not_strict_alpha_temporal_certificate;not_prospective_discovery;no_t1_label_used_for_selection
500,raw_topK,Ba-Ca-F,4,0.0033585222502099076,4,0,completed_current_MP_hull_shift_utility_audit;not_strict_alpha_temporal_certificate;not_prospective_discovery;no_t1_label_used_for_selection
500,raw_topK,Br-Er-Ge,4,0.0033585222502099076,0,0,completed_current_MP_hull_shift_utility_audit;not_strict_alpha_temporal_certificate;not_prospective_discovery;no_t1_label_used_for_selection
500,raw_topK,Br-Er-H,4,0.0033585222502099076,0,0,completed_current_MP_hull_shift_utility_audit;not_strict_alpha_temporal_certificate;not_prospective_discovery;no_t1_label_used_for_selection
500,raw_topK,Br-Er-K,4,0.0033585222502099076,0,0,completed_current_MP_hull_shift_utility_audit;not_strict_alpha_temporal_certificate;not_prospective_discovery;no_t1_label_used_for_selection
500,raw_topK,Br-Er-Si,4,0.0033585222502099076,0,0,completed_current_MP_hull_shift_utility_audit;not_strict_alpha_temporal_certificate;not_prospective_discovery;no_t1_label_used_for_selection
500,raw_topK,Br-Ni,4,0.0033585222502099076,0,0,completed_current_MP_hull_shift_utility_audit;not_strict_alpha_temporal_certificate;not_prospective_discovery;no_t1_label_used_for_selection
500,raw_topK,Cl-Er,4,0.0033585222502099076,0,0,completed_current_MP_hull_shift_utility_audit;not_strict_alpha_temporal_certificate;not_prospective_discovery;no_t1_label_used_for_selection
500,raw_topK,Cl-Ho,4,0.0033585222502099076,4,1,completed_current_MP_hull_shift_utility_audit;not_strict_alpha_temporal_certificate;not_prospective_discovery;no_t1_label_used_for_selection
500,raw_topK,Cl-In,4,0.0033585222502099076,4,4,completed_current_MP_hull_shift_utility_audit;not_strict_alpha_temporal_certificate;not_prospective_discovery;no_t1_label_used_for_selection
500,raw_topK,Cl-Sc,4,0.0033585222502099076,0,0,completed_current_MP_hull_shift_utility_audit;not_strict_alpha_temporal_certificate;not_prospective_discovery;no_t1_label_used_for_selection
500,raw_topK,Cl-Sm,4,0.0033585222502099076,4,3,completed_current_MP_hull_shift_utility_audit;not_strict_alpha_temporal_certificate;not_prospective_discovery;no_t1_label_used_for_selection
500,raw_topK,Cr-F-Pa,4,0.0033585222502099076,0,0,completed_current_MP_hull_shift_utility_audit;not_strict_alpha_temporal_certificate;not_prospective_discovery;no_t1_label_used_for_selection
500,raw_topK,Cu-F,4,0.0033585222502099076,0,0,completed_current_MP_hull_shift_utility_audit;not_strict_alpha_temporal_certificate;not_prospective_discovery;no_t1_label_used_for_selection
500,raw_topK,Cu-F-Sr,4,0.0033585222502099076,4,4,completed_current_MP_hull_shift_utility_audit;not_strict_alpha_temporal_certificate;not_prospective_discovery;no_t1_label_used_for_selection
500,raw_topK,I-Sr,4,0.0033585222502099076,4,3,completed_current_MP_hull_shift_utility_audit;not_strict_alpha_temporal_certificate;not_prospective_discovery;no_t1_label_used_for_selection
500,raw_topK,Pa-Se,4,0.0033585222502099076,0,0,completed_current_MP_hull_shift_utility_audit;not_strict_alpha_temporal_certificate;not_prospective_discovery;no_t1_label_used_for_selection
500,raw_topK,Pm-Pt,4,0.0033585222502099076,0,0,completed_current_MP_hull_shift_utility_audit;not_strict_alpha_temporal_certificate;not_prospective_discovery;no_t1_label_used_for_selection
500,raw_topK,Al-Br-Er,3,0.0025188916876574307,0,0,completed_current_MP_hull_shift_utility_audit;not_strict_alpha_temporal_certificate;not_prospective_discovery;no_t1_label_used_for_selection
500,raw_topK,Al-F-Sr,3,0.0025188916876574307,3,0,completed_current_MP_hull_shift_utility_audit;not_strict_alpha_temporal_certificate;not_prospective_discovery;no_t1_label_used_for_selection
500,raw_topK,As-Br-Er,3,0.0025188916876574307,0,0,completed_current_MP_hull_shift_utility_audit;not_strict_alpha_temporal_certificate;not_prospective_discovery;no_t1_label_used_for_selection
500,raw_topK,Ba-F-Gd,3,0.0025188916876574307,3,3,completed_current_MP_hull_shift_utility_audit;not_strict_alpha_temporal_certificate;not_prospective_discovery;no_t1_label_used_for_selection
500,raw_topK,Ba-F-Hg,3,0.0025188916876574307,3,3,completed_current_MP_hull_shift_utility_audit;not_strict_alpha_temporal_certificate;not_prospective_discovery;no_t1_label_used_for_selection
500,raw_topK,Ba-F-Yb,3,0.0025188916876574307,3,0,completed_current_MP_hull_shift_utility_audit;not_strict_alpha_temporal_certificate;not_prospective_discovery;no_t1_label_used_for_selection
500,raw_topK,Ba-I,3,0.0025188916876574307,3,2,completed_current_MP_hull_shift_utility_audit;not_strict_alpha_temporal_certificate;not_prospective_discovery;no_t1_label_used_for_selection
500,raw_topK,Br-Ce,3,0.0025188916876574307,0,0,completed_current_MP_hull_shift_utility_audit;not_strict_alpha_temporal_certificate;not_prospective_discovery;no_t1_label_used_for_selection
500,raw_topK,Br-Dy,3,0.0025188916876574307,0,0,completed_current_MP_hull_shift_utility_audit;not_strict_alpha_temporal_certificate;not_prospective_discovery;no_t1_label_used_for_selection
500,raw_topK,Br-Er-Ga,3,0.0025188916876574307,0,0,completed_current_MP_hull_shift_utility_audit;not_strict_alpha_temporal_certificate;not_prospective_discovery;no_t1_label_used_for_selection
500,raw_topK,Br-Er-In,3,0.0025188916876574307,3,3,completed_current_MP_hull_shift_utility_audit;not_strict_alpha_temporal_certificate;not_prospective_discovery;no_t1_label_used_for_selection
500,raw_topK,Br-Er-P,3,0.0025188916876574307,0,0,completed_current_MP_hull_shift_utility_audit;not_strict_alpha_temporal_certificate;not_prospective_discovery;no_t1_label_used_for_selection
500,raw_topK,Br-Er-Pb,3,0.0025188916876574307,0,0,completed_current_MP_hull_shift_utility_audit;not_strict_alpha_temporal_certificate;not_prospective_discovery;no_t1_label_used_for_selection
500,raw_topK,Br-Er-Rb,3,0.0025188916876574307,0,0,completed_current_MP_hull_shift_utility_audit;not_strict_alpha_temporal_certificate;not_prospective_discovery;no_t1_label_used_for_selection
500,raw_topK,Br-Er-S,3,0.0025188916876574307,0,0,completed_current_MP_hull_shift_utility_audit;not_strict_alpha_temporal_certificate;not_prospective_discovery;no_t1_label_used_for_selection
500,raw_topK,Br-Gd,3,0.0025188916876574307,0,0,completed_current_MP_hull_shift_utility_audit;not_strict_alpha_temporal_certificate;not_prospective_discovery;no_t1_label_used_for_selection
500,raw_topK,Br-Ho,3,0.0025188916876574307,0,0,completed_current_MP_hull_shift_utility_audit;not_strict_alpha_temporal_certificate;not_prospective_discovery;no_t1_label_used_for_selection
500,raw_topK,Br-Lu,3,0.0025188916876574307,0,0,completed_current_MP_hull_shift_utility_audit;not_strict_alpha_temporal_certificate;not_prospective_discovery;no_t1_label_used_for_selection
500,raw_topK,Br-Pb,3,0.0025188916876574307,0,0,completed_current_MP_hull_shift_utility_audit;not_strict_alpha_temporal_certificate;not_prospective_discovery;no_t1_label_used_for_selection
500,raw_topK,Br-Pd,3,0.0025188916876574307,0,0,completed_current_MP_hull_shift_utility_audit;not_strict_alpha_temporal_certificate;not_prospective_discovery;no_t1_label_used_for_selection
500,raw_topK,Br-Pu,3,0.0025188916876574307,0,0,completed_current_MP_hull_shift_utility_audit;not_strict_alpha_temporal_certificate;not_prospective_discovery;no_t1_label_used_for_selection
500,raw_topK,Br-Sc,3,0.0025188916876574307,0,0,completed_current_MP_hull_shift_utility_audit;not_strict_alpha_temporal_certificate;not_prospective_discovery;no_t1_label_used_for_selection
500,raw_topK,Br-Sm,3,0.0025188916876574307,0,0,completed_current_MP_hull_shift_utility_audit;not_strict_alpha_temporal_certificate;not_prospective_discovery;no_t1_label_used_for_selection
500,raw_topK,Br-Tb,3,0.0025188916876574307,0,0,completed_current_MP_hull_shift_utility_audit;not_strict_alpha_temporal_certificate;not_prospective_discovery;no_t1_label_used_for_selection
500,raw_topK,Br-Tm,3,0.0025188916876574307,0,0,completed_current_MP_hull_shift_utility_audit;not_strict_alpha_temporal_certificate;not_prospective_discovery;no_t1_label_used_for_selection
500,raw_topK,Br-Y,3,0.0025188916876574307,0,0,completed_current_MP_hull_shift_utility_audit;not_strict_alpha_temporal_certificate;not_prospective_discovery;no_t1_label_used_for_selection
500,raw_topK,Ca-F-Hg,3,0.0025188916876574307,3,2,completed_current_MP_hull_shift_utility_audit;not_strict_alpha_temporal_certificate;not_prospective_discovery;no_t1_label_used_for_selection
500,raw_topK,Ca-F-Li,3,0.0025188916876574307,3,0,completed_current_MP_hull_shift_utility_audit;not_strict_alpha_temporal_certificate;not_prospective_discovery;no_t1_label_used_for_selection
500,raw_topK,Cl-Co,3,0.0025188916876574307,0,0,completed_current_MP_hull_shift_utility_audit;not_strict_alpha_temporal_certificate;not_prospective_discovery;no_t1_label_used_for_selection
500,raw_topK,Cl-Cs-Dy,3,0.0025188916876574307,3,0,completed_current_MP_hull_shift_utility_audit;not_strict_alpha_temporal_certificate;not_prospective_discovery;no_t1_label_used_for_selection
500,raw_topK,Cl-Cs-Er,3,0.0025188916876574307,1,0,completed_current_MP_hull_shift_utility_audit;not_strict_alpha_temporal_certificate;not_prospective_discovery;no_t1_label_used_for_selection
500,raw_topK,Cl-Cs-Y,3,0.0025188916876574307,1,0,completed_current_MP_hull_shift_utility_audit;not_strict_alpha_temporal_certificate;not_prospective_discovery;no_t1_label_used_for_selection
500,raw_topK,Cl-Cs-Zn,3,0.0025188916876574307,0,0,completed_current_MP_hull_shift_utility_audit;not_strict_alpha_temporal_certificate;not_prospective_discovery;no_t1_label_used_for_selection
500,raw_topK,Cl-Dy,3,0.0025188916876574307,3,1,completed_current_MP_hull_shift_utility_audit;not_strict_alpha_temporal_certificate;not_prospective_discovery;no_t1_label_used_for_selection
500,raw_topK,Cl-Er-K,3,0.0025188916876574307,0,0,completed_current_MP_hull_shift_utility_audit;not_strict_alpha_temporal_certificate;not_prospective_discovery;no_t1_label_used_for_selection
500,raw_topK,Cl-Eu,3,0.0025188916876574307,0,0,completed_current_MP_hull_shift_utility_audit;not_strict_alpha_temporal_certificate;not_prospective_discovery;no_t1_label_used_for_selection
500,raw_topK,Cl-La,3,0.0025188916876574307,0,0,completed_current_MP_hull_shift_utility_audit;not_strict_alpha_temporal_certificate;not_prospective_discovery;no_t1_label_used_for_selection
500,raw_topK,Cl-Lu,3,0.0025188916876574307,0,0,completed_current_MP_hull_shift_utility_audit;not_strict_alpha_temporal_certificate;not_prospective_discovery;no_t1_label_used_for_selection
500,raw_topK,Cl-Mg,3,0.0025188916876574307,0,0,completed_current_MP_hull_shift_utility_audit;not_strict_alpha_temporal_certificate;not_prospective_discovery;no_t1_label_used_for_selection
500,raw_topK,Cl-Nd,3,0.0025188916876574307,3,0,completed_current_MP_hull_shift_utility_audit;not_strict_alpha_temporal_certificate;not_prospective_discovery;no_t1_label_used_for_selection
500,raw_topK,Cl-Ni,3,0.0025188916876574307,0,0,completed_current_MP_hull_shift_utility_audit;not_strict_alpha_temporal_certificate;not_prospective_discovery;no_t1_label_used_for_selection
500,raw_topK,Cl-Pd,3,0.0025188916876574307,3,3,completed_current_MP_hull_shift_utility_audit;not_strict_alpha_temporal_certificate;not_prospective_discovery;no_t1_label_used_for_selection
500,raw_topK,Cl-Pr,3,0.0025188916876574307,0,0,completed_current_MP_hull_shift_utility_audit;not_strict_alpha_temporal_certificate;not_prospective_discovery;no_t1_label_used_for_selection
500,raw_topK,Cl-Tb,3,0.0025188916876574307,3,1,completed_current_MP_hull_shift_utility_audit;not_strict_alpha_temporal_certificate;not_prospective_discovery;no_t1_label_used_for_selection
500,raw_topK,Cl-Y,3,0.0025188916876574307,0,0,completed_current_MP_hull_shift_utility_audit;not_strict_alpha_temporal_certificate;not_prospective_discovery;no_t1_label_used_for_selection
500,raw_topK,Cl-Yb,3,0.0025188916876574307,3,0,completed_current_MP_hull_shift_utility_audit;not_strict_alpha_temporal_certificate;not_prospective_discovery;no_t1_label_used_for_selection
500,raw_topK,Cu-F-K,3,0.0025188916876574307,0,0,completed_current_MP_hull_shift_utility_audit;not_strict_alpha_temporal_certificate;not_prospective_discovery;no_t1_label_used_for_selection
500,raw_topK,Eu-F-K,3,0.0025188916876574307,3,1,completed_current_MP_hull_shift_utility_audit;not_strict_alpha_temporal_certificate;not_prospective_discovery;no_t1_label_used_for_selection
500,raw_topK,Eu-F-Na,3,0.0025188916876574307,3,3,completed_current_MP_hull_shift_utility_audit;not_strict_alpha_temporal_certificate;not_prospective_discovery;no_t1_label_used_for_selection
500,raw_topK,F-Fe-Pa,3,0.0025188916876574307,0,0,completed_current_MP_hull_shift_utility_audit;not_strict_alpha_temporal_certificate;not_prospective_discovery;no_t1_label_used_for_selection
500,raw_topK,F-Hg-Sr,3,0.0025188916876574307,3,3,completed_current_MP_hull_shift_utility_audit;not_strict_alpha_temporal_certificate;not_prospective_discovery;no_t1_label_used_for_selection
500,raw_topK,F-K-La,3,0.0025188916876574307,3,0,completed_current_MP_hull_shift_utility_audit;not_strict_alpha_temporal_certificate;not_prospective_discovery;no_t1_label_used_for_selection
500,raw_topK,F-La-Na,3,0.0025188916876574307,3,1,completed_current_MP_hull_shift_utility_audit;not_strict_alpha_temporal_certificate;not_prospective_discovery;no_t1_label_used_for_selection
500,raw_topK,F-Li-Mg,3,0.0025188916876574307,3,0,completed_current_MP_hull_shift_utility_audit;not_strict_alpha_temporal_certificate;not_prospective_discovery;no_t1_label_used_for_selection
500,raw_topK,F-Rb-Tm,3,0.0025188916876574307,0,0,completed_current_MP_hull_shift_utility_audit;not_strict_alpha_temporal_certificate;not_prospective_discovery;no_t1_label_used_for_selection
500,raw_topK,F-Tm-Zn,3,0.0025188916876574307,0,0,completed_current_MP_hull_shift_utility_audit;not_strict_alpha_temporal_certificate;not_prospective_discovery;no_t1_label_used_for_selection
500,raw_topK,Gd-H-I,3,0.0025188916876574307,0,0,completed_current_MP_hull_shift_utility_audit;not_strict_alpha_temporal_certificate;not_prospective_discovery;no_t1_label_used_for_selection
500,raw_topK,Gd-I-Sb,3,0.0025188916876574307,0,0,completed_current_MP_hull_shift_utility_audit;not_strict_alpha_temporal_certificate;not_prospective_discovery;no_t1_label_used_for_selection
500,raw_topK,Pa-Te,3,0.0025188916876574307,0,0,completed_current_MP_hull_shift_utility_audit;not_strict_alpha_temporal_certificate;not_prospective_discovery;no_t1_label_used_for_selection
500,raw_topK,Pm-Te,3,0.0025188916876574307,0,0,completed_current_MP_hull_shift_utility_audit;not_strict_alpha_temporal_certificate;not_prospective_discovery;no_t1_label_used_for_selection
500,raw_topK,Ac-Pd,2,0.0016792611251049538,0,0,completed_current_MP_hull_shift_utility_audit;not_strict_alpha_temporal_certificate;not_prospective_discovery;no_t1_label_used_for_selection
500,raw_topK,Al-Ca-F,2,0.0016792611251049538,2,0,completed_current_MP_hull_shift_utility_audit;not_strict_alpha_temporal_certificate;not_prospective_discovery;no_t1_label_used_for_selection
500,raw_topK,Al-F-Pa,2,0.0016792611251049538,2,2,completed_current_MP_hull_shift_utility_audit;not_strict_alpha_temporal_certificate;not_prospective_discovery;no_t1_label_used_for_selection
500,raw_topK,Al-Pm-Te,2,0.0016792611251049538,0,0,completed_current_MP_hull_shift_utility_audit;not_strict_alpha_temporal_certificate;not_prospective_discovery;no_t1_label_used_for_selection
500,raw_topK,As-Cl,2,0.0016792611251049538,0,0,completed_current_MP_hull_shift_utility_audit;not_strict_alpha_temporal_certificate;not_prospective_discovery;no_t1_label_used_for_selection
500,raw_topK,As-Gd-I,2,0.0016792611251049538,0,0,completed_current_MP_hull_shift_utility_audit;not_strict_alpha_temporal_certificate;not_prospective_discovery;no_t1_label_used_for_selection
500,raw_topK,Ba-Br-Er,2,0.0016792611251049538,0,0,completed_current_MP_hull_shift_utility_audit;not_strict_alpha_temporal_certificate;not_prospective_discovery;no_t1_label_used_for_selection
500,raw_topK,Ba-Cu-F,2,0.0016792611251049538,2,2,completed_current_MP_hull_shift_utility_audit;not_strict_alpha_temporal_certificate;not_prospective_discovery;no_t1_label_used_for_selection
500,raw_topK,Ba-Eu-F,2,0.0016792611251049538,2,0,completed_current_MP_hull_shift_utility_audit;not_strict_alpha_temporal_certificate;not_prospective_discovery;no_t1_label_used_for_selection
500,raw_topK,Ba-F-La,2,0.0016792611251049538,2,0,completed_current_MP_hull_shift_utility_audit;not_strict_alpha_temporal_certificate;not_prospective_discovery;no_t1_label_used_for_selection
500,raw_topK,Ba-F-Lu,2,0.0016792611251049538,2,0,completed_current_MP_hull_shift_utility_audit;not_strict_alpha_temporal_certificate;not_prospective_discovery;no_t1_label_used_for_selection
500,raw_topK,Ba-F-Mg,2,0.0016792611251049538,2,1,completed_current_MP_hull_shift_utility_audit;not_strict_alpha_temporal_certificate;not_prospective_discovery;no_t1_label_used_for_selection
500,raw_topK,Ba-F-Sc,2,0.0016792611251049538,2,0,completed_current_MP_hull_shift_utility_audit;not_strict_alpha_temporal_certificate;not_prospective_discovery;no_t1_label_used_for_selection
500,raw_topK,Ba-F-Sr,2,0.0016792611251049538,2,1,completed_current_MP_hull_shift_utility_audit;not_strict_alpha_temporal_certificate;not_prospective_discovery;no_t1_label_used_for_selection
500,raw_topK,Ba-F-Y,2,0.0016792611251049538,2,0,completed_current_MP_hull_shift_utility_audit;not_strict_alpha_temporal_certificate;not_prospective_discovery;no_t1_label_used_for_selection
500,raw_topK,Ba-Gd-I,2,0.0016792611251049538,2,2,completed_current_MP_hull_shift_utility_audit;not_strict_alpha_temporal_certificate;not_prospective_discovery;no_t1_label_used_for_selection
500,raw_topK,Bi-Cl,2,0.0016792611251049538,2,2,completed_current_MP_hull_shift_utility_audit;not_strict_alpha_temporal_certificate;not_prospective_discovery;no_t1_label_used_for_selection
500,raw_topK,Bi-Gd-I,2,0.0016792611251049538,2,2,completed_current_MP_hull_shift_utility_audit;not_strict_alpha_temporal_certificate;not_prospective_discovery;no_t1_label_used_for_selection
500,raw_topK,Br-Cr,2,0.0016792611251049538,0,0,completed_current_MP_hull_shift_utility_audit;not_strict_alpha_temporal_certificate;not_prospective_discovery;no_t1_label_used_for_selection
500,raw_topK,Br-Cs-Dy,2,0.0016792611251049538,0,0,completed_current_MP_hull_shift_utility_audit;not_strict_alpha_temporal_certificate;not_prospective_discovery;no_t1_label_used_for_selection
500,raw_topK,Br-Cs-Tm,2,0.0016792611251049538,0,0,completed_current_MP_hull_shift_utility_audit;not_strict_alpha_temporal_certificate;not_prospective_discovery;no_t1_label_used_for_selection
500,raw_topK,Br-Er-Sb,2,0.0016792611251049538,0,0,completed_current_MP_hull_shift_utility_audit;not_strict_alpha_temporal_certificate;not_prospective_discovery;no_t1_label_used_for_selection
500,raw_topK,Br-Er-Se,2,0.0016792611251049538,0,0,completed_current_MP_hull_shift_utility_audit;not_strict_alpha_temporal_certificate;not_prospective_discovery;no_t1_label_used_for_selection
500,raw_topK,Br-Eu,2,0.0016792611251049538,2,2,completed_current_MP_hull_shift_utility_audit;not_strict_alpha_temporal_certificate;not_prospective_discovery;no_t1_label_used_for_selection
500,raw_topK,Br-Fe,2,0.0016792611251049538,0,0,completed_current_MP_hull_shift_utility_audit;not_strict_alpha_temporal_certificate;not_prospective_discovery;no_t1_label_used_for_selection
500,raw_topK,Br-Hf,2,0.0016792611251049538,0,0,completed_current_MP_hull_shift_utility_audit;not_strict_alpha_temporal_certificate;not_prospective_discovery;no_t1_label_used_for_selection
500,raw_topK,Br-La,2,0.0016792611251049538,0,0,completed_current_MP_hull_shift_utility_audit;not_strict_alpha_temporal_certificate;not_prospective_discovery;no_t1_label_used_for_selection
500,raw_topK,Br-Lu-Rb,2,0.0016792611251049538,0,0,completed_current_MP_hull_shift_utility_audit;not_strict_alpha_temporal_certificate;not_prospective_discovery;no_t1_label_used_for_selection
500,raw_topK,Br-Mo,2,0.0016792611251049538,0,0,completed_current_MP_hull_shift_utility_audit;not_strict_alpha_temporal_certificate;not_prospective_discovery;no_t1_label_used_for_selection
500,raw_topK,Br-Nd,2,0.0016792611251049538,0,0,completed_current_MP_hull_shift_utility_audit;not_strict_alpha_temporal_certificate;not_prospective_discovery;no_t1_label_used_for_selection
500,raw_topK,Br-Pr,2,0.0016792611251049538,0,0,completed_current_MP_hull_shift_utility_audit;not_strict_alpha_temporal_certificate;not_prospective_discovery;no_t1_label_used_for_selection
500,raw_topK,Br-Pu-Rb,2,0.0016792611251049538,0,0,completed_current_MP_hull_shift_utility_audit;not_strict_alpha_temporal_certificate;not_prospective_discovery;no_t1_label_used_for_selection
500,raw_topK,Br-Rb-Tm,2,0.0016792611251049538,0,0,completed_current_MP_hull_shift_utility_audit;not_strict_alpha_temporal_certificate;not_prospective_discovery;no_t1_label_used_for_selection
500,raw_topK,Br-Sb,2,0.0016792611251049538,0,0,completed_current_MP_hull_shift_utility_audit;not_strict_alpha_temporal_certificate;not_prospective_discovery;no_t1_label_used_for_selection
500,raw_topK,Br-V,2,0.0016792611251049538,0,0,completed_current_MP_hull_shift_utility_audit;not_strict_alpha_temporal_certificate;not_prospective_discovery;no_t1_label_used_for_selection
500,raw_topK,Ca-F,2,0.0016792611251049538,2,0,completed_current_MP_hull_shift_utility_audit;not_strict_alpha_temporal_certificate;not_prospective_discovery;no_t1_label_used_for_selection
500,raw_topK,Ca-F-Gd,2,0.0016792611251049538,2,1,completed_current_MP_hull_shift_utility_audit;not_strict_alpha_temporal_certificate;not_prospective_discovery;no_t1_label_used_for_selection
500,raw_topK,Ca-F-K,2,0.0016792611251049538,2,0,completed_current_MP_hull_shift_utility_audit;not_strict_alpha_temporal_certificate;not_prospective_discovery;no_t1_label_used_for_selection
500,raw_topK,Ca-F-Na,2,0.0016792611251049538,2,2,completed_current_MP_hull_shift_utility_audit;not_strict_alpha_temporal_certificate;not_prospective_discovery;no_t1_label_used_for_selection
500,raw_topK,Ca-F-Yb,2,0.0016792611251049538,2,0,completed_current_MP_hull_shift_utility_audit;not_strict_alpha_temporal_certificate;not_prospective_discovery;no_t1_label_used_for_selection
500,raw_topK,Cd-Eu-F,2,0.0016792611251049538,2,1,completed_current_MP_hull_shift_utility_audit;not_strict_alpha_temporal_certificate;not_prospective_discovery;no_t1_label_used_for_selection
500,raw_topK,Cd-F,2,0.0016792611251049538,2,0,completed_current_MP_hull_shift_utility_audit;not_strict_alpha_temporal_certificate;not_prospective_discovery;no_t1_label_used_for_selection
500,raw_topK,Cd-F-Gd,2,0.0016792611251049538,2,2,completed_current_MP_hull_shift_utility_audit;not_strict_alpha_temporal_certificate;not_prospective_discovery;no_t1_label_used_for_selection
500,raw_topK,Cd-F-Sc,2,0.0016792611251049538,2,0,completed_current_MP_hull_shift_utility_audit;not_strict_alpha_temporal_certificate;not_prospective_discovery;no_t1_label_used_for_selection
500,raw_topK,Ce-Cl-Rb,2,0.0016792611251049538,0,0,completed_current_MP_hull_shift_utility_audit;not_strict_alpha_temporal_certificate;not_prospective_discovery;no_t1_label_used_for_selection
500,raw_topK,Ce-I,2,0.0016792611251049538,0,0,completed_current_MP_hull_shift_utility_audit;not_strict_alpha_temporal_certificate;not_prospective_discovery;no_t1_label_used_for_selection
500,raw_topK,Cl-Cs,2,0.0016792611251049538,0,0,completed_current_MP_hull_shift_utility_audit;not_strict_alpha_temporal_certificate;not_prospective_discovery;no_t1_label_used_for_selection
500,raw_topK,Cl-Cs-Cu,2,0.0016792611251049538,2,2,completed_current_MP_hull_shift_utility_audit;not_strict_alpha_temporal_certificate;not_prospective_discovery;no_t1_label_used_for_selection
500,raw_topK,Cl-Cs-Ho,2,0.0016792611251049538,2,0,completed_current_MP_hull_shift_utility_audit;not_strict_alpha_temporal_certificate;not_prospective_discovery;no_t1_label_used_for_selection
500,raw_topK,Cl-Cs-I,2,0.0016792611251049538,2,2,completed_current_MP_hull_shift_utility_audit;not_strict_alpha_temporal_certificate;not_prospective_discovery;no_t1_label_used_for_selection
500,raw_topK,Cl-Cs-La,2,0.0016792611251049538,0,0,completed_current_MP_hull_shift_utility_audit;not_strict_alpha_temporal_certificate;not_prospective_discovery;no_t1_label_used_for_selection
500,raw_topK,Cl-Cs-Pr,2,0.0016792611251049538,2,0,completed_current_MP_hull_shift_utility_audit;not_strict_alpha_temporal_certificate;not_prospective_discovery;no_t1_label_used_for_selection
500,raw_topK,Cl-Cs-Sc,2,0.0016792611251049538,0,0,completed_current_MP_hull_shift_utility_audit;not_strict_alpha_temporal_certificate;not_prospective_discovery;no_t1_label_used_for_selection
500,raw_topK,Cl-Cs-Sm,2,0.0016792611251049538,0,0,completed_current_MP_hull_shift_utility_audit;not_strict_alpha_temporal_certificate;not_prospective_discovery;no_t1_label_used_for_selection
500,raw_topK,Cl-Cs-Tb,2,0.0016792611251049538,0,0,completed_current_MP_hull_shift_utility_audit;not_strict_alpha_temporal_certificate;not_prospective_discovery;no_t1_label_used_for_selection
500,raw_topK,Cl-Cs-Tm,2,0.0016792611251049538,2,0,completed_current_MP_hull_shift_utility_audit;not_strict_alpha_temporal_certificate;not_prospective_discovery;no_t1_label_used_for_selection
500,raw_topK,Cl-Cu,2,0.0016792611251049538,2,2,completed_current_MP_hull_shift_utility_audit;not_strict_alpha_temporal_certificate;not_prospective_discovery;no_t1_label_used_for_selection
500,raw_topK,Cl-Cu-Rb,2,0.0016792611251049538,2,2,completed_current_MP_hull_shift_utility_audit;not_strict_alpha_temporal_certificate;not_prospective_discovery;no_t1_label_used_for_selection
500,raw_topK,Cl-Gd,2,0.0016792611251049538,0,0,completed_current_MP_hull_shift_utility_audit;not_strict_alpha_temporal_certificate;not_prospective_discovery;no_t1_label_used_for_selection
500,raw_topK,Cl-Gd-Rb,2,0.0016792611251049538,0,0,completed_current_MP_hull_shift_utility_audit;not_strict_alpha_temporal_certificate;not_prospective_discovery;no_t1_label_used_for_selection
500,raw_topK,Cl-Ho-K,2,0.0016792611251049538,1,0,completed_current_MP_hull_shift_utility_audit;not_strict_alpha_temporal_certificate;not_prospective_discovery;no_t1_label_used_for_selection
500,raw_topK,Cl-In-K,2,0.0016792611251049538,2,0,completed_current_MP_hull_shift_utility_audit;not_strict_alpha_temporal_certificate;not_prospective_discovery;no_t1_label_used_for_selection
500,raw_topK,Cl-In-Rb,2,0.0016792611251049538,2,2,completed_current_MP_hull_shift_utility_audit;not_strict_alpha_temporal_certificate;not_prospective_discovery;no_t1_label_used_for_selection
500,raw_topK,Cl-K-Lu,2,0.0016792611251049538,0,0,completed_current_MP_hull_shift_utility_audit;not_strict_alpha_temporal_certificate;not_prospective_discovery;no_t1_label_used_for_selection
500,raw_topK,Cl-K-Sc,2,0.0016792611251049538,0,0,completed_current_MP_hull_shift_utility_audit;not_strict_alpha_temporal_certificate;not_prospective_discovery;no_t1_label_used_for_selection
500,raw_topK,Cl-K-Tb,2,0.0016792611251049538,1,0,completed_current_MP_hull_shift_utility_audit;not_strict_alpha_temporal_certificate;not_prospective_discovery;no_t1_label_used_for_selection
500,raw_topK,Cl-K-Y,2,0.0016792611251049538,0,0,completed_current_MP_hull_shift_utility_audit;not_strict_alpha_temporal_certificate;not_prospective_discovery;no_t1_label_used_for_selection
500,raw_topK,Cl-Lu-Rb,2,0.0016792611251049538,0,0,completed_current_MP_hull_shift_utility_audit;not_strict_alpha_temporal_certificate;not_prospective_discovery;no_t1_label_used_for_selection
500,raw_topK,Cl-Mg-Rb,2,0.0016792611251049538,2,1,completed_current_MP_hull_shift_utility_audit;not_strict_alpha_temporal_certificate;not_prospective_discovery;no_t1_label_used_for_selection
500,raw_topK,Cl-Ni-Rb,2,0.0016792611251049538,0,0,completed_current_MP_hull_shift_utility_audit;not_strict_alpha_temporal_certificate;not_prospective_discovery;no_t1_label_used_for_selection
500,raw_topK,Cl-Rb,2,0.0016792611251049538,0,0,completed_current_MP_hull_shift_utility_audit;not_strict_alpha_temporal_certificate;not_prospective_discovery;no_t1_label_used_for_selection
500,raw_topK,Cl-Rb-Sc,2,0.0016792611251049538,0,0,completed_current_MP_hull_shift_utility_audit;not_strict_alpha_temporal_certificate;not_prospective_discovery;no_t1_label_used_for_selection
500,raw_topK,Cl-Rb-Sm,2,0.0016792611251049538,0,0,completed_current_MP_hull_shift_utility_audit;not_strict_alpha_temporal_certificate;not_prospective_discovery;no_t1_label_used_for_selection
500,raw_topK,Cl-Rb-Zn,2,0.0016792611251049538,2,1,completed_current_MP_hull_shift_utility_audit;not_strict_alpha_temporal_certificate;not_prospective_discovery;no_t1_label_used_for_selection
500,raw_topK,Cl-Tm,2,0.0016792611251049538,2,0,completed_current_MP_hull_shift_utility_audit;not_strict_alpha_temporal_certificate;not_prospective_discovery;no_t1_label_used_for_selection
500,raw_topK,Cs-F-Gd,2,0.0016792611251049538,0,0,completed_current_MP_hull_shift_utility_audit;not_strict_alpha_temporal_certificate;not_prospective_discovery;no_t1_label_used_for_selection
500,raw_topK,Cs-F-Ti,2,0.0016792611251049538,0,0,completed_current_MP_hull_shift_utility_audit;not_strict_alpha_temporal_certificate;not_prospective_discovery;no_t1_label_used_for_selection
500,raw_topK,Cs-F-Y,2,0.0016792611251049538,2,1,completed_current_MP_hull_shift_utility_audit;not_strict_alpha_temporal_certificate;not_prospective_discovery;no_t1_label_used_for_selection
500,raw_topK,Cs-Pa-Se,2,0.0016792611251049538,0,0,completed_current_MP_hull_shift_utility_audit;not_strict_alpha_temporal_certificate;not_prospective_discovery;no_t1_label_used_for_selection
500,raw_topK,Cu-F-Na,2,0.0016792611251049538,2,2,completed_current_MP_hull_shift_utility_audit;not_strict_alpha_temporal_certificate;not_prospective_discovery;no_t1_label_used_for_selection
500,raw_topK,Cu-F-Yb,2,0.0016792611251049538,2,0,completed_current_MP_hull_shift_utility_audit;not_strict_alpha_temporal_certificate;not_prospective_discovery;no_t1_label_used_for_selection
500,raw_topK,Dy-F-K,2,0.0016792611251049538,2,0,completed_current_MP_hull_shift_utility_audit;not_strict_alpha_temporal_certificate;not_prospective_discovery;no_t1_label_used_for_selection
500,raw_topK,Dy-F-Rb,2,0.0016792611251049538,2,0,completed_current_MP_hull_shift_utility_audit;not_strict_alpha_temporal_certificate;not_prospective_discovery;no_t1_label_used_for_selection
500,raw_topK,Er-F-Zn,2,0.0016792611251049538,2,0,completed_current_MP_hull_shift_utility_audit;not_strict_alpha_temporal_certificate;not_prospective_discovery;no_t1_label_used_for_selection
500,raw_topK,Eu-F-Rb,2,0.0016792611251049538,2,1,completed_current_MP_hull_shift_utility_audit;not_strict_alpha_temporal_certificate;not_prospective_discovery;no_t1_label_used_for_selection
500,raw_topK,F-Ga-Pa,2,0.0016792611251049538,0,0,completed_current_MP_hull_shift_utility_audit;not_strict_alpha_temporal_certificate;not_prospective_discovery;no_t1_label_used_for_selection
500,raw_topK,F-Gd,2,0.0016792611251049538,0,0,completed_current_MP_hull_shift_utility_audit;not_strict_alpha_temporal_certificate;not_prospective_discovery;no_t1_label_used_for_selection
500,raw_topK,F-Hf-K,2,0.0016792611251049538,2,0,completed_current_MP_hull_shift_utility_audit;not_strict_alpha_temporal_certificate;not_prospective_discovery;no_t1_label_used_for_selection
500,raw_topK,F-Hf-Rb,2,0.0016792611251049538,2,0,completed_current_MP_hull_shift_utility_audit;not_strict_alpha_temporal_certificate;not_prospective_discovery;no_t1_label_used_for_selection
500,raw_topK,F-Hg-In,2,0.0016792611251049538,2,1,completed_current_MP_hull_shift_utility_audit;not_strict_alpha_temporal_certificate;not_prospective_discovery;no_t1_label_used_for_selection
500,raw_topK,F-Hg-Mg,2,0.0016792611251049538,2,1,completed_current_MP_hull_shift_utility_audit;not_strict_alpha_temporal_certificate;not_prospective_discovery;no_t1_label_used_for_selection
500,raw_topK,F-Hg-Sc,2,0.0016792611251049538,2,0,completed_current_MP_hull_shift_utility_audit;not_strict_alpha_temporal_certificate;not_prospective_discovery;no_t1_label_used_for_selection
500,raw_topK,F-In-K,2,0.0016792611251049538,0,0,completed_current_MP_hull_shift_utility_audit;not_strict_alpha_temporal_certificate;not_prospective_discovery;no_t1_label_used_for_selection
500,raw_topK,F-In-Na,2,0.0016792611251049538,0,0,completed_current_MP_hull_shift_utility_audit;not_strict_alpha_temporal_certificate;not_prospective_discovery;no_t1_label_used_for_selection
500,raw_topK,F-K-Sc,2,0.0016792611251049538,2,0,completed_current_MP_hull_shift_utility_audit;not_strict_alpha_temporal_certificate;not_prospective_discovery;no_t1_label_used_for_selection
500,raw_topK,F-K-Tm,2,0.0016792611251049538,2,0,completed_current_MP_hull_shift_utility_audit;not_strict_alpha_temporal_certificate;not_prospective_discovery;no_t1_label_used_for_selection
500,raw_topK,F-K-Zr,2,0.0016792611251049538,2,0,completed_current_MP_hull_shift_utility_audit;not_strict_alpha_temporal_certificate;not_prospective_discovery;no_t1_label_used_for_selection
500,raw_topK,F-Li-Pa,2,0.0016792611251049538,0,0,completed_current_MP_hull_shift_utility_audit;not_strict_alpha_temporal_certificate;not_prospective_discovery;no_t1_label_used_for_selection
500,raw_topK,F-Li-Sr,2,0.0016792611251049538,2,0,completed_current_MP_hull_shift_utility_audit;not_strict_alpha_temporal_certificate;not_prospective_discovery;no_t1_label_used_for_selection
500,raw_topK,F-Li-Tm,2,0.0016792611251049538,2,2,completed_current_MP_hull_shift_utility_audit;not_strict_alpha_temporal_certificate;not_prospective_discovery;no_t1_label_used_for_selection
500,raw_topK,F-Mg-Sc,2,0.0016792611251049538,2,0,completed_current_MP_hull_shift_utility_audit;not_strict_alpha_temporal_certificate;not_prospective_discovery;no_t1_label_used_for_selection
500,raw_topK,F-Mn-Na,2,0.0016792611251049538,0,0,completed_current_MP_hull_shift_utility_audit;not_strict_alpha_temporal_certificate;not_prospective_discovery;no_t1_label_used_for_selection
500,raw_topK,F-Mn-Np,2,0.0016792611251049538,2,0,completed_current_MP_hull_shift_utility_audit;not_strict_alpha_temporal_certificate;not_prospective_discovery;no_t1_label_used_for_selection
500,raw_topK,F-Mn-Pa,2,0.0016792611251049538,0,0,completed_current_MP_hull_shift_utility_audit;not_strict_alpha_temporal_certificate;not_prospective_discovery;no_t1_label_used_for_selection
500,raw_topK,F-Na-Pd,2,0.0016792611251049538,2,2,completed_current_MP_hull_shift_utility_audit;not_strict_alpha_temporal_certificate;not_prospective_discovery;no_t1_label_used_for_selection
500,raw_topK,F-Na-Sr,2,0.0016792611251049538,2,2,completed_current_MP_hull_shift_utility_audit;not_strict_alpha_temporal_certificate;not_prospective_discovery;no_t1_label_used_for_selection
500,raw_topK,F-Np,2,0.0016792611251049538,2,0,completed_current_MP_hull_shift_utility_audit;not_strict_alpha_temporal_certificate;not_prospective_discovery;no_t1_label_used_for_selection
500,raw_topK,F-Pa-Pd,2,0.0016792611251049538,0,0,completed_current_MP_hull_shift_utility_audit;not_strict_alpha_temporal_certificate;not_prospective_discovery;no_t1_label_used_for_selection
500,raw_topK,F-Pa-Sn,2,0.0016792611251049538,0,0,completed_current_MP_hull_shift_utility_audit;not_strict_alpha_temporal_certificate;not_prospective_discovery;no_t1_label_used_for_selection
500,raw_topK,F-Pa-Tl,2,0.0016792611251049538,0,0,completed_current_MP_hull_shift_utility_audit;not_strict_alpha_temporal_certificate;not_prospective_discovery;no_t1_label_used_for_selection
500,raw_topK,F-Rb-Zr,2,0.0016792611251049538,2,0,completed_current_MP_hull_shift_utility_audit;not_strict_alpha_temporal_certificate;not_prospective_discovery;no_t1_label_used_for_selection
500,raw_topK,F-Sc-Zn,2,0.0016792611251049538,2,0,completed_current_MP_hull_shift_utility_audit;not_strict_alpha_temporal_certificate;not_prospective_discovery;no_t1_label_used_for_selection
500,raw_topK,F-Se,2,0.0016792611251049538,0,0,completed_current_MP_hull_shift_utility_audit;not_strict_alpha_temporal_certificate;not_prospective_discovery;no_t1_label_used_for_selection
500,raw_topK,F-Sr,2,0.0016792611251049538,2,0,completed_current_MP_hull_shift_utility_audit;not_strict_alpha_temporal_certificate;not_prospective_discovery;no_t1_label_used_for_selection
500,raw_topK,F-Ti,2,0.0016792611251049538,0,0,completed_current_MP_hull_shift_utility_audit;not_strict_alpha_temporal_certificate;not_prospective_discovery;no_t1_label_used_for_selection
500,raw_topK,Ga-Pm-Te,2,0.0016792611251049538,0,0,completed_current_MP_hull_shift_utility_audit;not_strict_alpha_temporal_certificate;not_prospective_discovery;no_t1_label_used_for_selection
500,raw_topK,Gd-Ge-I,2,0.0016792611251049538,0,0,completed_current_MP_hull_shift_utility_audit;not_strict_alpha_temporal_certificate;not_prospective_discovery;no_t1_label_used_for_selection
500,raw_topK,Gd-I-In,2,0.0016792611251049538,0,0,completed_current_MP_hull_shift_utility_audit;not_strict_alpha_temporal_certificate;not_prospective_discovery;no_t1_label_used_for_selection
500,raw_topK,Gd-I-P,2,0.0016792611251049538,0,0,completed_current_MP_hull_shift_utility_audit;not_strict_alpha_temporal_certificate;not_prospective_discovery;no_t1_label_used_for_selection
500,raw_topK,Gd-I-Si,2,0.0016792611251049538,0,0,completed_current_MP_hull_shift_utility_audit;not_strict_alpha_temporal_certificate;not_prospective_discovery;no_t1_label_used_for_selection
500,raw_topK,Gd-I-Sn,2,0.0016792611251049538,0,0,completed_current_MP_hull_shift_utility_audit;not_strict_alpha_temporal_certificate;not_prospective_discovery;no_t1_label_used_for_selection
500,raw_topK,I-Nd,2,0.0016792611251049538,0,0,completed_current_MP_hull_shift_utility_audit;not_strict_alpha_temporal_certificate;not_prospective_discovery;no_t1_label_used_for_selection
500,raw_topK,I-Pr,2,0.0016792611251049538,2,2,completed_current_MP_hull_shift_utility_audit;not_strict_alpha_temporal_certificate;not_prospective_discovery;no_t1_label_used_for_selection
500,raw_topK,I-Ru,2,0.0016792611251049538,0,0,completed_current_MP_hull_shift_utility_audit;not_strict_alpha_temporal_certificate;not_prospective_discovery;no_t1_label_used_for_selection
500,raw_topK,Ir-Pm,2,0.0016792611251049538,0,0,completed_current_MP_hull_shift_utility_audit;not_strict_alpha_temporal_certificate;not_prospective_discovery;no_t1_label_used_for_selection
500,raw_topK,Na-Pa-Se,2,0.0016792611251049538,0,0,completed_current_MP_hull_shift_utility_audit;not_strict_alpha_temporal_certificate;not_prospective_discovery;no_t1_label_used_for_selection
500,raw_topK,Pa-Rb-Se,2,0.0016792611251049538,0,0,completed_current_MP_hull_shift_utility_audit;not_strict_alpha_temporal_certificate;not_prospective_discovery;no_t1_label_used_for_selection
500,raw_topK,Te-Ti,2,0.0016792611251049538,0,0,completed_current_MP_hull_shift_utility_audit;not_strict_alpha_temporal_certificate;not_prospective_discovery;no_t1_label_used_for_selection
500,raw_topK,Te-V,2,0.0016792611251049538,2,2,completed_current_MP_hull_shift_utility_audit;not_strict_alpha_temporal_certificate;not_prospective_discovery;no_t1_label_used_for_selection
500,raw_topK,Ac-Al-Se,1,0.0008396305625524769,0,0,completed_current_MP_hull_shift_utility_audit;not_strict_alpha_temporal_certificate;not_prospective_discovery;no_t1_label_used_for_selection
500,raw_topK,Ac-As-Pd,1,0.0008396305625524769,1,1,completed_current_MP_hull_shift_utility_audit;not_strict_alpha_temporal_certificate;not_prospective_discovery;no_t1_label_used_for_selection
500,raw_topK,Ac-As-Pt,1,0.0008396305625524769,1,1,completed_current_MP_hull_shift_utility_audit;not_strict_alpha_temporal_certificate;not_prospective_discovery;no_t1_label_used_for_selection
500,raw_topK,Ac-Au-Pt,1,0.0008396305625524769,0,0,completed_current_MP_hull_shift_utility_audit;not_strict_alpha_temporal_certificate;not_prospective_discovery;no_t1_label_used_for_selection
500,raw_topK,Ac-Ga-Pt,1,0.0008396305625524769,1,1,completed_current_MP_hull_shift_utility_audit;not_strict_alpha_temporal_certificate;not_prospective_discovery;no_t1_label_used_for_selection
500,raw_topK,Ac-Ga-Se,1,0.0008396305625524769,0,0,completed_current_MP_hull_shift_utility_audit;not_strict_alpha_temporal_certificate;not_prospective_discovery;no_t1_label_used_for_selection
500,raw_topK,Ac-In-Pt,1,0.0008396305625524769,1,1,completed_current_MP_hull_shift_utility_audit;not_strict_alpha_temporal_certificate;not_prospective_discovery;no_t1_label_used_for_selection
500,raw_topK,Ac-Ir-Pt,1,0.0008396305625524769,0,0,completed_current_MP_hull_shift_utility_audit;not_strict_alpha_temporal_certificate;not_prospective_discovery;no_t1_label_used_for_selection
500,raw_topK,Ac-K-Pt,1,0.0008396305625524769,0,0,completed_current_MP_hull_shift_utility_audit;not_strict_alpha_temporal_certificate;not_prospective_discovery;no_t1_label_used_for_selection
500,raw_topK,Ac-K-Se,1,0.0008396305625524769,0,0,completed_current_MP_hull_shift_utility_audit;not_strict_alpha_temporal_certificate;not_prospective_discovery;no_t1_label_used_for_selection
500,raw_topK,Ac-Li-Se,1,0.0008396305625524769,0,0,completed_current_MP_hull_shift_utility_audit;not_strict_alpha_temporal_certificate;not_prospective_discovery;no_t1_label_used_for_selection
500,raw_topK,Ac-Na-Se,1,0.0008396305625524769,0,0,completed_current_MP_hull_shift_utility_audit;not_strict_alpha_temporal_certificate;not_prospective_discovery;no_t1_label_used_for_selection
500,raw_topK,Ac-P-Pt,1,0.0008396305625524769,0,0,completed_current_MP_hull_shift_utility_audit;not_strict_alpha_temporal_certificate;not_prospective_discovery;no_t1_label_used_for_selection
500,raw_topK,Ac-Pb-Se,1,0.0008396305625524769,0,0,completed_current_MP_hull_shift_utility_audit;not_strict_alpha_temporal_certificate;not_prospective_discovery;no_t1_label_used_for_selection
500,raw_topK,Ac-Pd-Pt,1,0.0008396305625524769,0,0,completed_current_MP_hull_shift_utility_audit;not_strict_alpha_temporal_certificate;not_prospective_discovery;no_t1_label_used_for_selection
500,raw_topK,Ac-Pd-Rh,1,0.0008396305625524769,0,0,completed_current_MP_hull_shift_utility_audit;not_strict_alpha_temporal_certificate;not_prospective_discovery;no_t1_label_used_for_selection
500,raw_topK,Ac-Pt-Rh,1,0.0008396305625524769,0,0,completed_current_MP_hull_shift_utility_audit;not_strict_alpha_temporal_certificate;not_prospective_discovery;no_t1_label_used_for_selection
500,raw_topK,Ac-Pt-Sn,1,0.0008396305625524769,0,0,completed_current_MP_hull_shift_utility_audit;not_strict_alpha_temporal_certificate;not_prospective_discovery;no_t1_label_used_for_selection
500,raw_topK,Ac-Rb-Se,1,0.0008396305625524769,0,0,completed_current_MP_hull_shift_utility_audit;not_strict_alpha_temporal_certificate;not_prospective_discovery;no_t1_label_used_for_selection
500,raw_topK,Ac-Se,1,0.0008396305625524769,0,0,completed_current_MP_hull_shift_utility_audit;not_strict_alpha_temporal_certificate;not_prospective_discovery;no_t1_label_used_for_selection
500,raw_topK,Ac-Se-Sn,1,0.0008396305625524769,0,0,completed_current_MP_hull_shift_utility_audit;not_strict_alpha_temporal_certificate;not_prospective_discovery;no_t1_label_used_for_selection
500,raw_topK,Ac-Se-Tl,1,0.0008396305625524769,0,0,completed_current_MP_hull_shift_utility_audit;not_strict_alpha_temporal_certificate;not_prospective_discovery;no_t1_label_used_for_selection
500,raw_topK,Ac-Te,1,0.0008396305625524769,0,0,completed_current_MP_hull_shift_utility_audit;not_strict_alpha_temporal_certificate;not_prospective_discovery;no_t1_label_used_for_selection
500,raw_topK,Ag-Br-Co,1,0.0008396305625524769,0,0,completed_current_MP_hull_shift_utility_audit;not_strict_alpha_temporal_certificate;not_prospective_discovery;no_t1_label_used_for_selection
500,raw_topK,Ag-Cl-Li,1,0.0008396305625524769,0,0,completed_current_MP_hull_shift_utility_audit;not_strict_alpha_temporal_certificate;not_prospective_discovery;no_t1_label_used_for_selection
500,raw_topK,Ag-F,1,0.0008396305625524769,1,1,completed_current_MP_hull_shift_utility_audit;not_strict_alpha_temporal_certificate;not_prospective_discovery;no_t1_label_used_for_selection
500,raw_topK,Ag-F-K,1,0.0008396305625524769,1,1,completed_current_MP_hull_shift_utility_audit;not_strict_alpha_temporal_certificate;not_prospective_discovery;no_t1_label_used_for_selection
500,raw_topK,Ag-F-Na,1,0.0008396305625524769,1,1,completed_current_MP_hull_shift_utility_audit;not_strict_alpha_temporal_certificate;not_prospective_discovery;no_t1_label_used_for_selection
500,raw_topK,Ag-F-Rb,1,0.0008396305625524769,1,1,completed_current_MP_hull_shift_utility_audit;not_strict_alpha_temporal_certificate;not_prospective_discovery;no_t1_label_used_for_selection
500,raw_topK,Ag-Pa-Rb-Se,1,0.0008396305625524769,0,0,completed_current_MP_hull_shift_utility_audit;not_strict_alpha_temporal_certificate;not_prospective_discovery;no_t1_label_used_for_selection
500,raw_topK,Ag-Pm-Te,1,0.0008396305625524769,1,1,completed_current_MP_hull_shift_utility_audit;not_strict_alpha_temporal_certificate;not_prospective_discovery;no_t1_label_used_for_selection
500,raw_topK,Al-Cd-F,1,0.0008396305625524769,1,0,completed_current_MP_hull_shift_utility_audit;not_strict_alpha_temporal_certificate;not_prospective_discovery;no_t1_label_used_for_selection
500,raw_topK,Al-Cl-Cs,1,0.0008396305625524769,0,0,completed_current_MP_hull_shift_utility_audit;not_strict_alpha_temporal_certificate;not_prospective_discovery;no_t1_label_used_for_selection
500,raw_topK,Al-Cl-K,1,0.0008396305625524769,0,0,completed_current_MP_hull_shift_utility_audit;not_strict_alpha_temporal_certificate;not_prospective_discovery;no_t1_label_used_for_selection
500,raw_topK,Al-Cl-Rb,1,0.0008396305625524769,0,0,completed_current_MP_hull_shift_utility_audit;not_strict_alpha_temporal_certificate;not_prospective_discovery;no_t1_label_used_for_selection
500,raw_topK,Al-F-Na,1,0.0008396305625524769,1,0,completed_current_MP_hull_shift_utility_audit;not_strict_alpha_temporal_certificate;not_prospective_discovery;no_t1_label_used_for_selection
500,raw_topK,Al-F-Ni,1,0.0008396305625524769,1,0,completed_current_MP_hull_shift_utility_audit;not_strict_alpha_temporal_certificate;not_prospective_discovery;no_t1_label_used_for_selection
500,raw_topK,Al-F-Yb,1,0.0008396305625524769,1,0,completed_current_MP_hull_shift_utility_audit;not_strict_alpha_temporal_certificate;not_prospective_discovery;no_t1_label_used_for_selection
500,raw_topK,Al-Gd-I,1,0.0008396305625524769,0,0,completed_current_MP_hull_shift_utility_audit;not_strict_alpha_temporal_certificate;not_prospective_discovery;no_t1_label_used_for_selection
500,raw_topK,As-Br,1,0.0008396305625524769,0,0,completed_current_MP_hull_shift_utility_audit;not_strict_alpha_temporal_certificate;not_prospective_discovery;no_t1_label_used_for_selection
500,raw_topK,As-Pm-Pt,1,0.0008396305625524769,1,1,completed_current_MP_hull_shift_utility_audit;not_strict_alpha_temporal_certificate;not_prospective_discovery;no_t1_label_used_for_selection
500,raw_topK,Au-Br-Se,1,0.0008396305625524769,0,0,completed_current_MP_hull_shift_utility_audit;not_strict_alpha_temporal_certificate;not_prospective_discovery;no_t1_label_used_for_selection
500,raw_topK,Au-F-Na,1,0.0008396305625524769,1,1,completed_current_MP_hull_shift_utility_audit;not_strict_alpha_temporal_certificate;not_prospective_discovery;no_t1_label_used_for_selection
500,raw_topK,Au-Pm-Te,1,0.0008396305625524769,1,1,completed_current_MP_hull_shift_utility_audit;not_strict_alpha_temporal_certificate;not_prospective_discovery;no_t1_label_used_for_selection
500,raw_topK,Ba-Br-Ca,1,0.0008396305625524769,0,0,completed_current_MP_hull_shift_utility_audit;not_strict_alpha_temporal_certificate;not_prospective_discovery;no_t1_label_used_for_selection
500,raw_topK,Ba-Br-Sr,1,0.0008396305625524769,1,1,completed_current_MP_hull_shift_utility_audit;not_strict_alpha_temporal_certificate;not_prospective_discovery;no_t1_label_used_for_selection
500,raw_topK,Ba-Br-Yb,1,0.0008396305625524769,1,0,completed_current_MP_hull_shift_utility_audit;not_strict_alpha_temporal_certificate;not_prospective_discovery;no_t1_label_used_for_selection
500,raw_topK,Ba-Ca-Cl,1,0.0008396305625524769,1,1,completed_current_MP_hull_shift_utility_audit;not_strict_alpha_temporal_certificate;not_prospective_discovery;no_t1_label_used_for_selection
500,raw_topK,Ba-Ca-F-Na,1,0.0008396305625524769,1,0,completed_current_MP_hull_shift_utility_audit;not_strict_alpha_temporal_certificate;not_prospective_discovery;no_t1_label_used_for_selection
500,raw_topK,Ba-Cd-F,1,0.0008396305625524769,1,0,completed_current_MP_hull_shift_utility_audit;not_strict_alpha_temporal_certificate;not_prospective_discovery;no_t1_label_used_for_selection
500,raw_topK,Ba-Cl-Sr,1,0.0008396305625524769,0,0,completed_current_MP_hull_shift_utility_audit;not_strict_alpha_temporal_certificate;not_prospective_discovery;no_t1_label_used_for_selection
500,raw_topK,Ba-Cl-Yb,1,0.0008396305625524769,1,0,completed_current_MP_hull_shift_utility_audit;not_strict_alpha_temporal_certificate;not_prospective_discovery;no_t1_label_used_for_selection
500,raw_topK,Ba-Dy-F,1,0.0008396305625524769,1,0,completed_current_MP_hull_shift_utility_audit;not_strict_alpha_temporal_certificate;not_prospective_discovery;no_t1_label_used_for_selection
500,raw_topK,Ba-Dy-F-Li,1,0.0008396305625524769,1,0,completed_current_MP_hull_shift_utility_audit;not_strict_alpha_temporal_certificate;not_prospective_discovery;no_t1_label_used_for_selection
500,raw_topK,Ba-Dy-F-Na,1,0.0008396305625524769,1,0,completed_current_MP_hull_shift_utility_audit;not_strict_alpha_temporal_certificate;not_prospective_discovery;no_t1_label_used_for_selection
500,raw_topK,Ba-Er-F,1,0.0008396305625524769,1,0,completed_current_MP_hull_shift_utility_audit;not_strict_alpha_temporal_certificate;not_prospective_discovery;no_t1_label_used_for_selection
500,raw_topK,Ba-Er-F-Li,1,0.0008396305625524769,1,0,completed_current_MP_hull_shift_utility_audit;not_strict_alpha_temporal_certificate;not_prospective_discovery;no_t1_label_used_for_selection
500,raw_topK,Ba-Eu-F-Na,1,0.0008396305625524769,1,1,completed_current_MP_hull_shift_utility_audit;not_strict_alpha_temporal_certificate;not_prospective_discovery;no_t1_label_used_for_selection
500,raw_topK,Ba-F,1,0.0008396305625524769,1,0,completed_current_MP_hull_shift_utility_audit;not_strict_alpha_temporal_certificate;not_prospective_discovery;no_t1_label_used_for_selection
500,raw_topK,Ba-F-Gd-Li,1,0.0008396305625524769,1,1,completed_current_MP_hull_shift_utility_audit;not_strict_alpha_temporal_certificate;not_prospective_discovery;no_t1_label_used_for_selection
500,raw_topK,Ba-F-Gd-Na,1,0.0008396305625524769,1,0,completed_current_MP_hull_shift_utility_audit;not_strict_alpha_temporal_certificate;not_prospective_discovery;no_t1_label_used_for_selection
500,raw_topK,Ba-F-Ho,1,0.0008396305625524769,1,0,completed_current_MP_hull_shift_utility_audit;not_strict_alpha_temporal_certificate;not_prospective_discovery;no_t1_label_used_for_selection
500,raw_topK,Ba-F-Ho-Li,1,0.0008396305625524769,1,0,completed_current_MP_hull_shift_utility_audit;not_strict_alpha_temporal_certificate;not_prospective_discovery;no_t1_label_used_for_selection
500,raw_topK,Ba-F-In,1,0.0008396305625524769,1,0,completed_current_MP_hull_shift_utility_audit;not_strict_alpha_temporal_certificate;not_prospective_discovery;no_t1_label_used_for_selection
500,raw_topK,Ba-F-La-Na,1,0.0008396305625524769,1,0,completed_current_MP_hull_shift_utility_audit;not_strict_alpha_temporal_certificate;not_prospective_discovery;no_t1_label_used_for_selection
500,raw_topK,Ba-F-Li,1,0.0008396305625524769,1,0,completed_current_MP_hull_shift_utility_audit;not_strict_alpha_temporal_certificate;not_prospective_discovery;no_t1_label_used_for_selection
500,raw_topK,Ba-F-Li-Pa,1,0.0008396305625524769,1,1,completed_current_MP_hull_shift_utility_audit;not_strict_alpha_temporal_certificate;not_prospective_discovery;no_t1_label_used_for_selection
500,raw_topK,Ba-F-Li-Sm,1,0.0008396305625524769,1,0,completed_current_MP_hull_shift_utility_audit;not_strict_alpha_temporal_certificate;not_prospective_discovery;no_t1_label_used_for_selection
500,raw_topK,Ba-F-Li-Tb,1,0.0008396305625524769,1,0,completed_current_MP_hull_shift_utility_audit;not_strict_alpha_temporal_certificate;not_prospective_discovery;no_t1_label_used_for_selection
500,raw_topK,Ba-F-Li-Tm,1,0.0008396305625524769,1,0,completed_current_MP_hull_shift_utility_audit;not_strict_alpha_temporal_certificate;not_prospective_discovery;no_t1_label_used_for_selection
500,raw_topK,Ba-F-Li-Y,1,0.0008396305625524769,1,0,completed_current_MP_hull_shift_utility_audit;not_strict_alpha_temporal_certificate;not_prospective_discovery;no_t1_label_used_for_selection
500,raw_topK,Ba-F-Na,1,0.0008396305625524769,1,0,completed_current_MP_hull_shift_utility_audit;not_strict_alpha_temporal_certificate;not_prospective_discovery;no_t1_label_used_for_selection
500,raw_topK,Ba-F-Na-Sm,1,0.0008396305625524769,1,0,completed_current_MP_hull_shift_utility_audit;not_strict_alpha_temporal_certificate;not_prospective_discovery;no_t1_label_used_for_selection
500,raw_topK,Ba-F-Na-Tb,1,0.0008396305625524769,1,0,completed_current_MP_hull_shift_utility_audit;not_strict_alpha_temporal_certificate;not_prospective_discovery;no_t1_label_used_for_selection
500,raw_topK,Ba-F-Na-Y,1,0.0008396305625524769,1,0,completed_current_MP_hull_shift_utility_audit;not_strict_alpha_temporal_certificate;not_prospective_discovery;no_t1_label_used_for_selection
500,raw_topK,Ba-F-Pa,1,0.0008396305625524769,1,1,completed_current_MP_hull_shift_utility_audit;not_strict_alpha_temporal_certificate;not_prospective_discovery;no_t1_label_used_for_selection
500,raw_topK,Ba-F-Sm,1,0.0008396305625524769,1,0,completed_current_MP_hull_shift_utility_audit;not_strict_alpha_temporal_certificate;not_prospective_discovery;no_t1_label_used_for_selection
500,raw_topK,Ba-F-Tm,1,0.0008396305625524769,1,0,completed_current_MP_hull_shift_utility_audit;not_strict_alpha_temporal_certificate;not_prospective_discovery;no_t1_label_used_for_selection
500,raw_topK,Ba-F-Zn,1,0.0008396305625524769,1,0,completed_current_MP_hull_shift_utility_audit;not_strict_alpha_temporal_certificate;not_prospective_discovery;no_t1_label_used_for_selection
500,raw_topK,Ba-Pa-Se,1,0.0008396305625524769,0,0,completed_current_MP_hull_shift_utility_audit;not_strict_alpha_temporal_certificate;not_prospective_discovery;no_t1_label_used_for_selection
500,raw_topK,Bi-Br,1,0.0008396305625524769,0,0,completed_current_MP_hull_shift_utility_audit;not_strict_alpha_temporal_certificate;not_prospective_discovery;no_t1_label_used_for_selection
500,raw_topK,Bi-Pa-Se,1,0.0008396305625524769,0,0,completed_current_MP_hull_shift_utility_audit;not_strict_alpha_temporal_certificate;not_prospective_discovery;no_t1_label_used_for_selection
500,raw_topK,Bi-Pm-Pt,1,0.0008396305625524769,1,1,completed_current_MP_hull_shift_utility_audit;not_strict_alpha_temporal_certificate;not_prospective_discovery;no_t1_label_used_for_selection
500,raw_topK,Br-C-N-Np,1,0.0008396305625524769,1,0,completed_current_MP_hull_shift_utility_audit;not_strict_alpha_temporal_certificate;not_prospective_discovery;no_t1_label_used_for_selection
500,raw_topK,Br-Cd,1,0.0008396305625524769,0,0,completed_current_MP_hull_shift_utility_audit;not_strict_alpha_temporal_certificate;not_prospective_discovery;no_t1_label_used_for_selection
500,raw_topK,Br-Cd-Se,1,0.0008396305625524769,0,0,completed_current_MP_hull_shift_utility_audit;not_strict_alpha_temporal_certificate;not_prospective_discovery;no_t1_label_used_for_selection
500,raw_topK,Br-Ce-Se,1,0.0008396305625524769,1,1,completed_current_MP_hull_shift_utility_audit;not_strict_alpha_temporal_certificate;not_prospective_discovery;no_t1_label_used_for_selection
500,raw_topK,Br-Cl,1,0.0008396305625524769,0,0,completed_current_MP_hull_shift_utility_audit;not_strict_alpha_temporal_certificate;not_prospective_discovery;no_t1_label_used_for_selection
500,raw_topK,Br-Cl-Er,1,0.0008396305625524769,0,0,completed_current_MP_hull_shift_utility_audit;not_strict_alpha_temporal_certificate;not_prospective_discovery;no_t1_label_used_for_selection
500,raw_topK,Br-Co-Pd,1,0.0008396305625524769,0,0,completed_current_MP_hull_shift_utility_audit;not_strict_alpha_temporal_certificate;not_prospective_discovery;no_t1_label_used_for_selection
500,raw_topK,Br-Co-Zn,1,0.0008396305625524769,0,0,completed_current_MP_hull_shift_utility_audit;not_strict_alpha_temporal_certificate;not_prospective_discovery;no_t1_label_used_for_selection
500,raw_topK,Br-Cs-Lu,1,0.0008396305625524769,0,0,completed_current_MP_hull_shift_utility_audit;not_strict_alpha_temporal_certificate;not_prospective_discovery;no_t1_label_used_for_selection
500,raw_topK,Br-Cs-Pu,1,0.0008396305625524769,0,0,completed_current_MP_hull_shift_utility_audit;not_strict_alpha_temporal_certificate;not_prospective_discovery;no_t1_label_used_for_selection
500,raw_topK,Br-Cu,1,0.0008396305625524769,0,0,completed_current_MP_hull_shift_utility_audit;not_strict_alpha_temporal_certificate;not_prospective_discovery;no_t1_label_used_for_selection
500,raw_topK,Br-Cu-Er,1,0.0008396305625524769,0,0,completed_current_MP_hull_shift_utility_audit;not_strict_alpha_temporal_certificate;not_prospective_discovery;no_t1_label_used_for_selection
500,raw_topK,Br-Dy-K,1,0.0008396305625524769,0,0,completed_current_MP_hull_shift_utility_audit;not_strict_alpha_temporal_certificate;not_prospective_discovery;no_t1_label_used_for_selection
500,raw_topK,Br-Er-F,1,0.0008396305625524769,1,1,completed_current_MP_hull_shift_utility_audit;not_strict_alpha_temporal_certificate;not_prospective_discovery;no_t1_label_used_for_selection
500,raw_topK,Br-Er-K-Rb,1,0.0008396305625524769,0,0,completed_current_MP_hull_shift_utility_audit;not_strict_alpha_temporal_certificate;not_prospective_discovery;no_t1_label_used_for_selection
500,raw_topK,Br-Er-Li-Rb,1,0.0008396305625524769,0,0,completed_current_MP_hull_shift_utility_audit;not_strict_alpha_temporal_certificate;not_prospective_discovery;no_t1_label_used_for_selection
500,raw_topK,Br-Er-Na-Rb,1,0.0008396305625524769,0,0,completed_current_MP_hull_shift_utility_audit;not_strict_alpha_temporal_certificate;not_prospective_discovery;no_t1_label_used_for_selection
500,raw_topK,Br-Er-Ni,1,0.0008396305625524769,1,1,completed_current_MP_hull_shift_utility_audit;not_strict_alpha_temporal_certificate;not_prospective_discovery;no_t1_label_used_for_selection
500,raw_topK,Br-Er-Rh,1,0.0008396305625524769,1,1,completed_current_MP_hull_shift_utility_audit;not_strict_alpha_temporal_certificate;not_prospective_discovery;no_t1_label_used_for_selection
500,raw_topK,Br-Er-Ru,1,0.0008396305625524769,1,1,completed_current_MP_hull_shift_utility_audit;not_strict_alpha_temporal_certificate;not_prospective_discovery;no_t1_label_used_for_selection
500,raw_topK,Br-Er-Zn,1,0.0008396305625524769,0,0,completed_current_MP_hull_shift_utility_audit;not_strict_alpha_temporal_certificate;not_prospective_discovery;no_t1_label_used_for_selection
500,raw_topK,Br-Hg,1,0.0008396305625524769,0,0,completed_current_MP_hull_shift_utility_audit;not_strict_alpha_temporal_certificate;not_prospective_discovery;no_t1_label_used_for_selection
500,raw_topK,Br-Ho-K,1,0.0008396305625524769,0,0,completed_current_MP_hull_shift_utility_audit;not_strict_alpha_temporal_certificate;not_prospective_discovery;no_t1_label_used_for_selection
500,raw_topK,Br-I,1,0.0008396305625524769,0,0,completed_current_MP_hull_shift_utility_audit;not_strict_alpha_temporal_certificate;not_prospective_discovery;no_t1_label_used_for_selection
500,raw_topK,Br-I-V,1,0.0008396305625524769,0,0,completed_current_MP_hull_shift_utility_audit;not_strict_alpha_temporal_certificate;not_prospective_discovery;no_t1_label_used_for_selection
500,raw_topK,Br-K-Mg,1,0.0008396305625524769,0,0,completed_current_MP_hull_shift_utility_audit;not_strict_alpha_temporal_certificate;not_prospective_discovery;no_t1_label_used_for_selection
500,raw_topK,Br-K-Mn,1,0.0008396305625524769,0,0,completed_current_MP_hull_shift_utility_audit;not_strict_alpha_temporal_certificate;not_prospective_discovery;no_t1_label_used_for_selection
500,raw_topK,Br-K-Rb,1,0.0008396305625524769,0,0,completed_current_MP_hull_shift_utility_audit;not_strict_alpha_temporal_certificate;not_prospective_discovery;no_t1_label_used_for_selection
500,raw_topK,Br-Mg-Rb,1,0.0008396305625524769,0,0,completed_current_MP_hull_shift_utility_audit;not_strict_alpha_temporal_certificate;not_prospective_discovery;no_t1_label_used_for_selection
500,raw_topK,Br-Mg-Se,1,0.0008396305625524769,0,0,completed_current_MP_hull_shift_utility_audit;not_strict_alpha_temporal_certificate;not_prospective_discovery;no_t1_label_used_for_selection
500,raw_topK,Br-Mn-Rb,1,0.0008396305625524769,0,0,completed_current_MP_hull_shift_utility_audit;not_strict_alpha_temporal_certificate;not_prospective_discovery;no_t1_label_used_for_selection
500,raw_topK,Br-Mn-Se,1,0.0008396305625524769,0,0,completed_current_MP_hull_shift_utility_audit;not_strict_alpha_temporal_certificate;not_prospective_discovery;no_t1_label_used_for_selection
500,raw_topK,Br-Np,1,0.0008396305625524769,0,0,completed_current_MP_hull_shift_utility_audit;not_strict_alpha_temporal_certificate;not_prospective_discovery;no_t1_label_used_for_selection
500,raw_topK,Br-Pt,1,0.0008396305625524769,1,1,completed_current_MP_hull_shift_utility_audit;not_strict_alpha_temporal_certificate;not_prospective_discovery;no_t1_label_used_for_selection
500,raw_topK,Br-Rb,1,0.0008396305625524769,0,0,completed_current_MP_hull_shift_utility_audit;not_strict_alpha_temporal_certificate;not_prospective_discovery;no_t1_label_used_for_selection
500,raw_topK,Br-Rb-S,1,0.0008396305625524769,0,0,completed_current_MP_hull_shift_utility_audit;not_strict_alpha_temporal_certificate;not_prospective_discovery;no_t1_label_used_for_selection
500,raw_topK,Br-Rh,1,0.0008396305625524769,0,0,completed_current_MP_hull_shift_utility_audit;not_strict_alpha_temporal_certificate;not_prospective_discovery;no_t1_label_used_for_selection
500,raw_topK,Br-Ti,1,0.0008396305625524769,0,0,completed_current_MP_hull_shift_utility_audit;not_strict_alpha_temporal_certificate;not_prospective_discovery;no_t1_label_used_for_selection
500,raw_topK,Br-Zr,1,0.0008396305625524769,0,0,completed_current_MP_hull_shift_utility_audit;not_strict_alpha_temporal_certificate;not_prospective_discovery;no_t1_label_used_for_selection
500,raw_topK,C-Cl-N-Np,1,0.0008396305625524769,1,0,completed_current_MP_hull_shift_utility_audit;not_strict_alpha_temporal_certificate;not_prospective_discovery;no_t1_label_used_for_selection
500,raw_topK,C-Gd-I,1,0.0008396305625524769,0,0,completed_current_MP_hull_shift_utility_audit;not_strict_alpha_temporal_certificate;not_prospective_discovery;no_t1_label_used_for_selection
500,raw_topK,C-Gd-I-N,1,0.0008396305625524769,0,0,completed_current_MP_hull_shift_utility_audit;not_strict_alpha_temporal_certificate;not_prospective_discovery;no_t1_label_used_for_selection
500,raw_topK,C-N-Pr,1,0.0008396305625524769,0,0,completed_current_MP_hull_shift_utility_audit;not_strict_alpha_temporal_certificate;not_prospective_discovery;no_t1_label_used_for_selection
500,raw_topK,Ca-Cd-F,1,0.0008396305625524769,1,0,completed_current_MP_hull_shift_utility_audit;not_strict_alpha_temporal_certificate;not_prospective_discovery;no_t1_label_used_for_selection
500,raw_topK,Ca-Cd-F-Li,1,0.0008396305625524769,1,0,completed_current_MP_hull_shift_utility_audit;not_strict_alpha_temporal_certificate;not_prospective_discovery;no_t1_label_used_for_selection
500,raw_topK,Ca-Cl-K,1,0.0008396305625524769,0,0,completed_current_MP_hull_shift_utility_audit;not_strict_alpha_temporal_certificate;not_prospective_discovery;no_t1_label_used_for_selection
500,raw_topK,Ca-Cl-Sr,1,0.0008396305625524769,0,0,completed_current_MP_hull_shift_utility_audit;not_strict_alpha_temporal_certificate;not_prospective_discovery;no_t1_label_used_for_selection
500,raw_topK,Ca-Cs-F,1,0.0008396305625524769,1,0,completed_current_MP_hull_shift_utility_audit;not_strict_alpha_temporal_certificate;not_prospective_discovery;no_t1_label_used_for_selection
500,raw_topK,Ca-Dy-F-Li,1,0.0008396305625524769,1,1,completed_current_MP_hull_shift_utility_audit;not_strict_alpha_temporal_certificate;not_prospective_discovery;no_t1_label_used_for_selection
500,raw_topK,Ca-Dy-F-Na,1,0.0008396305625524769,1,1,completed_current_MP_hull_shift_utility_audit;not_strict_alpha_temporal_certificate;not_prospective_discovery;no_t1_label_used_for_selection
500,raw_topK,Ca-Er-F-Li,1,0.0008396305625524769,1,1,completed_current_MP_hull_shift_utility_audit;not_strict_alpha_temporal_certificate;not_prospective_discovery;no_t1_label_used_for_selection
500,raw_topK,Ca-Er-F-Na,1,0.0008396305625524769,1,1,completed_current_MP_hull_shift_utility_audit;not_strict_alpha_temporal_certificate;not_prospective_discovery;no_t1_label_used_for_selection
500,raw_topK,Ca-Eu-F,1,0.0008396305625524769,1,0,completed_current_MP_hull_shift_utility_audit;not_strict_alpha_temporal_certificate;not_prospective_discovery;no_t1_label_used_for_selection
500,raw_topK,Ca-Eu-F-Li,1,0.0008396305625524769,1,1,completed_current_MP_hull_shift_utility_audit;not_strict_alpha_temporal_certificate;not_prospective_discovery;no_t1_label_used_for_selection
500,raw_topK,Ca-F-Ga,1,0.0008396305625524769,1,0,completed_current_MP_hull_shift_utility_audit;not_strict_alpha_temporal_certificate;not_prospective_discovery;no_t1_label_used_for_selection
500,raw_topK,Ca-F-Gd-Li,1,0.0008396305625524769,1,1,completed_current_MP_hull_shift_utility_audit;not_strict_alpha_temporal_certificate;not_prospective_discovery;no_t1_label_used_for_selection
500,raw_topK,Ca-F-Gd-Na,1,0.0008396305625524769,1,1,completed_current_MP_hull_shift_utility_audit;not_strict_alpha_temporal_certificate;not_prospective_discovery;no_t1_label_used_for_selection
500,raw_topK,Ca-F-Ho-Li,1,0.0008396305625524769,1,1,completed_current_MP_hull_shift_utility_audit;not_strict_alpha_temporal_certificate;not_prospective_discovery;no_t1_label_used_for_selection
500,raw_topK,Ca-F-Ho-Na,1,0.0008396305625524769,1,1,completed_current_MP_hull_shift_utility_audit;not_strict_alpha_temporal_certificate;not_prospective_discovery;no_t1_label_used_for_selection
500,raw_topK,Ca-F-In,1,0.0008396305625524769,1,0,completed_current_MP_hull_shift_utility_audit;not_strict_alpha_temporal_certificate;not_prospective_discovery;no_t1_label_used_for_selection
500,raw_topK,Ca-F-In-Li,1,0.0008396305625524769,1,0,completed_current_MP_hull_shift_utility_audit;not_strict_alpha_temporal_certificate;not_prospective_discovery;no_t1_label_used_for_selection
500,raw_topK,Ca-F-La-Na,1,0.0008396305625524769,1,1,completed_current_MP_hull_shift_utility_audit;not_strict_alpha_temporal_certificate;not_prospective_discovery;no_t1_label_used_for_selection
500,raw_topK,Ca-F-Li-Mg,1,0.0008396305625524769,1,0,completed_current_MP_hull_shift_utility_audit;not_strict_alpha_temporal_certificate;not_prospective_discovery;no_t1_label_used_for_selection
500,raw_topK,Ca-F-Li-Ni,1,0.0008396305625524769,1,0,completed_current_MP_hull_shift_utility_audit;not_strict_alpha_temporal_certificate;not_prospective_discovery;no_t1_label_used_for_selection
500,raw_topK,Ca-F-Li-Pa,1,0.0008396305625524769,1,1,completed_current_MP_hull_shift_utility_audit;not_strict_alpha_temporal_certificate;not_prospective_discovery;no_t1_label_used_for_selection
500,raw_topK,Ca-F-Li-Pr,1,0.0008396305625524769,1,0,completed_current_MP_hull_shift_utility_audit;not_strict_alpha_temporal_certificate;not_prospective_discovery;no_t1_label_used_for_selection
500,raw_topK,Ca-F-Li-Sc,1,0.0008396305625524769,1,0,completed_current_MP_hull_shift_utility_audit;not_strict_alpha_temporal_certificate;not_prospective_discovery;no_t1_label_used_for_selection
500,raw_topK,Ca-F-Li-Sm,1,0.0008396305625524769,1,0,completed_current_MP_hull_shift_utility_audit;not_strict_alpha_temporal_certificate;not_prospective_discovery;no_t1_label_used_for_selection
500,raw_topK,Ca-F-Li-Sr,1,0.0008396305625524769,1,0,completed_current_MP_hull_shift_utility_audit;not_strict_alpha_temporal_certificate;not_prospective_discovery;no_t1_label_used_for_selection
500,raw_topK,Ca-F-Li-Tb,1,0.0008396305625524769,1,1,completed_current_MP_hull_shift_utility_audit;not_strict_alpha_temporal_certificate;not_prospective_discovery;no_t1_label_used_for_selection
500,raw_topK,Ca-F-Li-Tm,1,0.0008396305625524769,1,1,completed_current_MP_hull_shift_utility_audit;not_strict_alpha_temporal_certificate;not_prospective_discovery;no_t1_label_used_for_selection
500,raw_topK,Ca-F-Li-Y,1,0.0008396305625524769,1,0,completed_current_MP_hull_shift_utility_audit;not_strict_alpha_temporal_certificate;not_prospective_discovery;no_t1_label_used_for_selection
500,raw_topK,Ca-F-Li-Zn,1,0.0008396305625524769,1,0,completed_current_MP_hull_shift_utility_audit;not_strict_alpha_temporal_certificate;not_prospective_discovery;no_t1_label_used_for_selection
500,raw_topK,Ca-F-Lu-Na,1,0.0008396305625524769,1,1,completed_current_MP_hull_shift_utility_audit;not_strict_alpha_temporal_certificate;not_prospective_discovery;no_t1_label_used_for_selection
500,raw_topK,Ca-F-Mg,1,0.0008396305625524769,1,0,completed_current_MP_hull_shift_utility_audit;not_strict_alpha_temporal_certificate;not_prospective_discovery;no_t1_label_used_for_selection
500,raw_topK,Ca-F-Na-Nd,1,0.0008396305625524769,1,0,completed_current_MP_hull_shift_utility_audit;not_strict_alpha_temporal_certificate;not_prospective_discovery;no_t1_label_used_for_selection
500,raw_topK,Ca-F-Na-Pa,1,0.0008396305625524769,1,1,completed_current_MP_hull_shift_utility_audit;not_strict_alpha_temporal_certificate;not_prospective_discovery;no_t1_label_used_for_selection
500,raw_topK,Ca-F-Na-Sc,1,0.0008396305625524769,1,0,completed_current_MP_hull_shift_utility_audit;not_strict_alpha_temporal_certificate;not_prospective_discovery;no_t1_label_used_for_selection
500,raw_topK,Ca-F-Na-Sr,1,0.0008396305625524769,1,1,completed_current_MP_hull_shift_utility_audit;not_strict_alpha_temporal_certificate;not_prospective_discovery;no_t1_label_used_for_selection
500,raw_topK,Ca-F-Na-Tm,1,0.0008396305625524769,1,1,completed_current_MP_hull_shift_utility_audit;not_strict_alpha_temporal_certificate;not_prospective_discovery;no_t1_label_used_for_selection
500,raw_topK,Ca-F-Na-Y,1,0.0008396305625524769,1,1,completed_current_MP_hull_shift_utility_audit;not_strict_alpha_temporal_certificate;not_prospective_discovery;no_t1_label_used_for_selection
500,raw_topK,Ca-F-Ni,1,0.0008396305625524769,1,0,completed_current_MP_hull_shift_utility_audit;not_strict_alpha_temporal_certificate;not_prospective_discovery;no_t1_label_used_for_selection
500,raw_topK,Ca-F-Pa,1,0.0008396305625524769,1,1,completed_current_MP_hull_shift_utility_audit;not_strict_alpha_temporal_certificate;not_prospective_discovery;no_t1_label_used_for_selection
500,raw_topK,Ca-F-Sc,1,0.0008396305625524769,1,0,completed_current_MP_hull_shift_utility_audit;not_strict_alpha_temporal_certificate;not_prospective_discovery;no_t1_label_used_for_selection
500,raw_topK,Ca-F-Sr,1,0.0008396305625524769,1,0,completed_current_MP_hull_shift_utility_audit;not_strict_alpha_temporal_certificate;not_prospective_discovery;no_t1_label_used_for_selection
500,raw_topK,Ca-F-Tm,1,0.0008396305625524769,1,1,completed_current_MP_hull_shift_utility_audit;not_strict_alpha_temporal_certificate;not_prospective_discovery;no_t1_label_used_for_selection
500,raw_topK,Ca-F-Y,1,0.0008396305625524769,1,0,completed_current_MP_hull_shift_utility_audit;not_strict_alpha_temporal_certificate;not_prospective_discovery;no_t1_label_used_for_selection
500,raw_topK,Ca-F-Zn,1,0.0008396305625524769,1,0,completed_current_MP_hull_shift_utility_audit;not_strict_alpha_temporal_certificate;not_prospective_discovery;no_t1_label_used_for_selection
500,raw_topK,Ca-Gd-I,1,0.0008396305625524769,0,0,completed_current_MP_hull_shift_utility_audit;not_strict_alpha_temporal_certificate;not_prospective_discovery;no_t1_label_used_for_selection
500,raw_topK,Ca-I,1,0.0008396305625524769,0,0,completed_current_MP_hull_shift_utility_audit;not_strict_alpha_temporal_certificate;not_prospective_discovery;no_t1_label_used_for_selection
500,raw_topK,Cd-Cl-Cs,1,0.0008396305625524769,1,0,completed_current_MP_hull_shift_utility_audit;not_strict_alpha_temporal_certificate;not_prospective_discovery;no_t1_label_used_for_selection
500,raw_topK,Cd-Cl-Rb,1,0.0008396305625524769,0,0,completed_current_MP_hull_shift_utility_audit;not_strict_alpha_temporal_certificate;not_prospective_discovery;no_t1_label_used_for_selection
500,raw_topK,Cd-Co-F,1,0.0008396305625524769,1,0,completed_current_MP_hull_shift_utility_audit;not_strict_alpha_temporal_certificate;not_prospective_discovery;no_t1_label_used_for_selection
500,raw_topK,Cd-Cs-F,1,0.0008396305625524769,1,1,completed_current_MP_hull_shift_utility_audit;not_strict_alpha_temporal_certificate;not_prospective_discovery;no_t1_label_used_for_selection
500,raw_topK,Cd-Cs-Pa-Se,1,0.0008396305625524769,0,0,completed_current_MP_hull_shift_utility_audit;not_strict_alpha_temporal_certificate;not_prospective_discovery;no_t1_label_used_for_selection
500,raw_topK,Cd-Cu-F,1,0.0008396305625524769,1,1,completed_current_MP_hull_shift_utility_audit;not_strict_alpha_temporal_certificate;not_prospective_discovery;no_t1_label_used_for_selection
500,raw_topK,Cd-Dy-F,1,0.0008396305625524769,1,0,completed_current_MP_hull_shift_utility_audit;not_strict_alpha_temporal_certificate;not_prospective_discovery;no_t1_label_used_for_selection
500,raw_topK,Cd-Er-F,1,0.0008396305625524769,1,0,completed_current_MP_hull_shift_utility_audit;not_strict_alpha_temporal_certificate;not_prospective_discovery;no_t1_label_used_for_selection
500,raw_topK,Cd-F-Ga,1,0.0008396305625524769,1,0,completed_current_MP_hull_shift_utility_audit;not_strict_alpha_temporal_certificate;not_prospective_discovery;no_t1_label_used_for_selection
500,raw_topK,Cd-F-Hg,1,0.0008396305625524769,1,1,completed_current_MP_hull_shift_utility_audit;not_strict_alpha_temporal_certificate;not_prospective_discovery;no_t1_label_used_for_selection
500,raw_topK,Cd-F-Ho,1,0.0008396305625524769,1,0,completed_current_MP_hull_shift_utility_audit;not_strict_alpha_temporal_certificate;not_prospective_discovery;no_t1_label_used_for_selection
500,raw_topK,Cd-F-In,1,0.0008396305625524769,1,0,completed_current_MP_hull_shift_utility_audit;not_strict_alpha_temporal_certificate;not_prospective_discovery;no_t1_label_used_for_selection
500,raw_topK,Cd-F-La,1,0.0008396305625524769,1,0,completed_current_MP_hull_shift_utility_audit;not_strict_alpha_temporal_certificate;not_prospective_discovery;no_t1_label_used_for_selection
500,raw_topK,Cd-F-Mg,1,0.0008396305625524769,1,0,completed_current_MP_hull_shift_utility_audit;not_strict_alpha_temporal_certificate;not_prospective_discovery;no_t1_label_used_for_selection
500,raw_topK,Cd-F-Nd,1,0.0008396305625524769,1,0,completed_current_MP_hull_shift_utility_audit;not_strict_alpha_temporal_certificate;not_prospective_discovery;no_t1_label_used_for_selection
500,raw_topK,Cd-F-Ni,1,0.0008396305625524769,1,1,completed_current_MP_hull_shift_utility_audit;not_strict_alpha_temporal_certificate;not_prospective_discovery;no_t1_label_used_for_selection
500,raw_topK,Cd-F-Pa,1,0.0008396305625524769,1,1,completed_current_MP_hull_shift_utility_audit;not_strict_alpha_temporal_certificate;not_prospective_discovery;no_t1_label_used_for_selection
500,raw_topK,Cd-F-Pb,1,0.0008396305625524769,1,0,completed_current_MP_hull_shift_utility_audit;not_strict_alpha_temporal_certificate;not_prospective_discovery;no_t1_label_used_for_selection
500,raw_topK,Cd-F-Sm,1,0.0008396305625524769,1,0,completed_current_MP_hull_shift_utility_audit;not_strict_alpha_temporal_certificate;not_prospective_discovery;no_t1_label_used_for_selection
500,raw_topK,Cd-F-Sr,1,0.0008396305625524769,1,0,completed_current_MP_hull_shift_utility_audit;not_strict_alpha_temporal_certificate;not_prospective_discovery;no_t1_label_used_for_selection
500,raw_topK,Cd-F-Tl,1,0.0008396305625524769,1,0,completed_current_MP_hull_shift_utility_audit;not_strict_alpha_temporal_certificate;not_prospective_discovery;no_t1_label_used_for_selection
500,raw_topK,Cd-F-Tm,1,0.0008396305625524769,1,1,completed_current_MP_hull_shift_utility_audit;not_strict_alpha_temporal_certificate;not_prospective_discovery;no_t1_label_used_for_selection
500,raw_topK,Cd-F-Y,1,0.0008396305625524769,1,0,completed_current_MP_hull_shift_utility_audit;not_strict_alpha_temporal_certificate;not_prospective_discovery;no_t1_label_used_for_selection
500,raw_topK,Cd-F-Zn,1,0.0008396305625524769,1,0,completed_current_MP_hull_shift_utility_audit;not_strict_alpha_temporal_certificate;not_prospective_discovery;no_t1_label_used_for_selection
500,raw_topK,Ce-Cl-Se,1,0.0008396305625524769,1,1,completed_current_MP_hull_shift_utility_audit;not_strict_alpha_temporal_certificate;not_prospective_discovery;no_t1_label_used_for_selection
500,raw_topK,Ce-F,1,0.0008396305625524769,1,0,completed_current_MP_hull_shift_utility_audit;not_strict_alpha_temporal_certificate;not_prospective_discovery;no_t1_label_used_for_selection
500,raw_topK,Ce-F-I,1,0.0008396305625524769,1,0,completed_current_MP_hull_shift_utility_audit;not_strict_alpha_temporal_certificate;not_prospective_discovery;no_t1_label_used_for_selection
500,raw_topK,Ce-F-K,1,0.0008396305625524769,1,0,completed_current_MP_hull_shift_utility_audit;not_strict_alpha_temporal_certificate;not_prospective_discovery;no_t1_label_used_for_selection
500,raw_topK,Ce-F-Pa,1,0.0008396305625524769,1,1,completed_current_MP_hull_shift_utility_audit;not_strict_alpha_temporal_certificate;not_prospective_discovery;no_t1_label_used_for_selection
500,raw_topK,Ce-Se,1,0.0008396305625524769,1,1,completed_current_MP_hull_shift_utility_audit;not_strict_alpha_temporal_certificate;not_prospective_discovery;no_t1_label_used_for_selection
500,raw_topK,Cl-Co-Cs,1,0.0008396305625524769,0,0,completed_current_MP_hull_shift_utility_audit;not_strict_alpha_temporal_certificate;not_prospective_discovery;no_t1_label_used_for_selection
500,raw_topK,Cl-Co-K,1,0.0008396305625524769,1,1,completed_current_MP_hull_shift_utility_audit;not_strict_alpha_temporal_certificate;not_prospective_discovery;no_t1_label_used_for_selection
500,raw_topK,Cl-Co-Li,1,0.0008396305625524769,0,0,completed_current_MP_hull_shift_utility_audit;not_strict_alpha_temporal_certificate;not_prospective_discovery;no_t1_label_used_for_selection
500,raw_topK,Cl-Co-Pd,1,0.0008396305625524769,1,1,completed_current_MP_hull_shift_utility_audit;not_strict_alpha_temporal_certificate;not_prospective_discovery;no_t1_label_used_for_selection
500,raw_topK,Cl-Co-Rb,1,0.0008396305625524769,0,0,completed_current_MP_hull_shift_utility_audit;not_strict_alpha_temporal_certificate;not_prospective_discovery;no_t1_label_used_for_selection
500,raw_topK,Cl-Cr,1,0.0008396305625524769,0,0,completed_current_MP_hull_shift_utility_audit;not_strict_alpha_temporal_certificate;not_prospective_discovery;no_t1_label_used_for_selection
500,raw_topK,Cl-Cr-K,1,0.0008396305625524769,0,0,completed_current_MP_hull_shift_utility_audit;not_strict_alpha_temporal_certificate;not_prospective_discovery;no_t1_label_used_for_selection
500,raw_topK,Cl-Cr-Rb,1,0.0008396305625524769,0,0,completed_current_MP_hull_shift_utility_audit;not_strict_alpha_temporal_certificate;not_prospective_discovery;no_t1_label_used_for_selection
500,raw_topK,Cl-Cs-Ga,1,0.0008396305625524769,0,0,completed_current_MP_hull_shift_utility_audit;not_strict_alpha_temporal_certificate;not_prospective_discovery;no_t1_label_used_for_selection
500,raw_topK,Cl-Cs-Gd,1,0.0008396305625524769,0,0,completed_current_MP_hull_shift_utility_audit;not_strict_alpha_temporal_certificate;not_prospective_discovery;no_t1_label_used_for_selection
500,raw_topK,Cl-Cs-K-Mg,1,0.0008396305625524769,0,0,completed_current_MP_hull_shift_utility_audit;not_strict_alpha_temporal_certificate;not_prospective_discovery;no_t1_label_used_for_selection
500,raw_topK,Cl-Cs-Lu,1,0.0008396305625524769,1,1,completed_current_MP_hull_shift_utility_audit;not_strict_alpha_temporal_certificate;not_prospective_discovery;no_t1_label_used_for_selection
500,raw_topK,Cl-Cs-Mg,1,0.0008396305625524769,0,0,completed_current_MP_hull_shift_utility_audit;not_strict_alpha_temporal_certificate;not_prospective_discovery;no_t1_label_used_for_selection
500,raw_topK,Cl-Cs-Mg-Rb,1,0.0008396305625524769,1,0,completed_current_MP_hull_shift_utility_audit;not_strict_alpha_temporal_certificate;not_prospective_discovery;no_t1_label_used_for_selection
500,raw_topK,Cl-Cs-Nd,1,0.0008396305625524769,1,0,completed_current_MP_hull_shift_utility_audit;not_strict_alpha_temporal_certificate;not_prospective_discovery;no_t1_label_used_for_selection
500,raw_topK,Cl-Cs-Ni,1,0.0008396305625524769,0,0,completed_current_MP_hull_shift_utility_audit;not_strict_alpha_temporal_certificate;not_prospective_discovery;no_t1_label_used_for_selection
500,raw_topK,Cl-Cs-Rb,1,0.0008396305625524769,0,0,completed_current_MP_hull_shift_utility_audit;not_strict_alpha_temporal_certificate;not_prospective_discovery;no_t1_label_used_for_selection
500,raw_topK,Cl-Cs-Rh,1,0.0008396305625524769,0,0,completed_current_MP_hull_shift_utility_audit;not_strict_alpha_temporal_certificate;not_prospective_discovery;no_t1_label_used_for_selection
500,raw_topK,Cl-Cs-Ru,1,0.0008396305625524769,1,1,completed_current_MP_hull_shift_utility_audit;not_strict_alpha_temporal_certificate;not_prospective_discovery;no_t1_label_used_for_selection
500,raw_topK,Cl-Cs-Sr,1,0.0008396305625524769,0,0,completed_current_MP_hull_shift_utility_audit;not_strict_alpha_temporal_certificate;not_prospective_discovery;no_t1_label_used_for_selection
500,raw_topK,Cl-Cu-K,1,0.0008396305625524769,1,1,completed_current_MP_hull_shift_utility_audit;not_strict_alpha_temporal_certificate;not_prospective_discovery;no_t1_label_used_for_selection
500,raw_topK,Cl-Cu-Li,1,0.0008396305625524769,1,1,completed_current_MP_hull_shift_utility_audit;not_strict_alpha_temporal_certificate;not_prospective_discovery;no_t1_label_used_for_selection
500,raw_topK,Cl-Dy-K,1,0.0008396305625524769,1,0,completed_current_MP_hull_shift_utility_audit;not_strict_alpha_temporal_certificate;not_prospective_discovery;no_t1_label_used_for_selection
500,raw_topK,Cl-Dy-Rb,1,0.0008396305625524769,1,0,completed_current_MP_hull_shift_utility_audit;not_strict_alpha_temporal_certificate;not_prospective_discovery;no_t1_label_used_for_selection
500,raw_topK,Cl-Eu-K,1,0.0008396305625524769,0,0,completed_current_MP_hull_shift_utility_audit;not_strict_alpha_temporal_certificate;not_prospective_discovery;no_t1_label_used_for_selection
500,raw_topK,Cl-Gd-K,1,0.0008396305625524769,0,0,completed_current_MP_hull_shift_utility_audit;not_strict_alpha_temporal_certificate;not_prospective_discovery;no_t1_label_used_for_selection
500,raw_topK,Cl-Hg,1,0.0008396305625524769,0,0,completed_current_MP_hull_shift_utility_audit;not_strict_alpha_temporal_certificate;not_prospective_discovery;no_t1_label_used_for_selection
500,raw_topK,Cl-Ir,1,0.0008396305625524769,1,1,completed_current_MP_hull_shift_utility_audit;not_strict_alpha_temporal_certificate;not_prospective_discovery;no_t1_label_used_for_selection
500,raw_topK,Cl-Ir-K,1,0.0008396305625524769,0,0,completed_current_MP_hull_shift_utility_audit;not_strict_alpha_temporal_certificate;not_prospective_discovery;no_t1_label_used_for_selection
500,raw_topK,Cl-Ir-Rb,1,0.0008396305625524769,0,0,completed_current_MP_hull_shift_utility_audit;not_strict_alpha_temporal_certificate;not_prospective_discovery;no_t1_label_used_for_selection
500,raw_topK,Cl-K-Ni,1,0.0008396305625524769,0,0,completed_current_MP_hull_shift_utility_audit;not_strict_alpha_temporal_certificate;not_prospective_discovery;no_t1_label_used_for_selection
500,raw_topK,Cl-K-Pr,1,0.0008396305625524769,0,0,completed_current_MP_hull_shift_utility_audit;not_strict_alpha_temporal_certificate;not_prospective_discovery;no_t1_label_used_for_selection
500,raw_topK,Cl-K-Rh,1,0.0008396305625524769,0,0,completed_current_MP_hull_shift_utility_audit;not_strict_alpha_temporal_certificate;not_prospective_discovery;no_t1_label_used_for_selection
500,raw_topK,Cl-K-Sm,1,0.0008396305625524769,0,0,completed_current_MP_hull_shift_utility_audit;not_strict_alpha_temporal_certificate;not_prospective_discovery;no_t1_label_used_for_selection
500,raw_topK,Cl-K-Tm,1,0.0008396305625524769,1,0,completed_current_MP_hull_shift_utility_audit;not_strict_alpha_temporal_certificate;not_prospective_discovery;no_t1_label_used_for_selection
500,raw_topK,Cl-K-Zn,1,0.0008396305625524769,1,0,completed_current_MP_hull_shift_utility_audit;not_strict_alpha_temporal_certificate;not_prospective_discovery;no_t1_label_used_for_selection
500,raw_topK,Cl-Li-Ni,1,0.0008396305625524769,0,0,completed_current_MP_hull_shift_utility_audit;not_strict_alpha_temporal_certificate;not_prospective_discovery;no_t1_label_used_for_selection
500,raw_topK,Cl-Li-Pd,1,0.0008396305625524769,1,1,completed_current_MP_hull_shift_utility_audit;not_strict_alpha_temporal_certificate;not_prospective_discovery;no_t1_label_used_for_selection
500,raw_topK,Cl-N-Pa,1,0.0008396305625524769,1,1,completed_current_MP_hull_shift_utility_audit;not_strict_alpha_temporal_certificate;not_prospective_discovery;no_t1_label_used_for_selection
500,raw_topK,Cl-Np,1,0.0008396305625524769,0,0,completed_current_MP_hull_shift_utility_audit;not_strict_alpha_temporal_certificate;not_prospective_discovery;no_t1_label_used_for_selection
500,raw_topK,Cl-Np-P,1,0.0008396305625524769,0,0,completed_current_MP_hull_shift_utility_audit;not_strict_alpha_temporal_certificate;not_prospective_discovery;no_t1_label_used_for_selection
500,raw_topK,Cl-Np-Si,1,0.0008396305625524769,0,0,completed_current_MP_hull_shift_utility_audit;not_strict_alpha_temporal_certificate;not_prospective_discovery;no_t1_label_used_for_selection
500,raw_topK,Cl-Np-Te,1,0.0008396305625524769,1,0,completed_current_MP_hull_shift_utility_audit;not_strict_alpha_temporal_certificate;not_prospective_discovery;no_t1_label_used_for_selection
500,raw_topK,Cl-P,1,0.0008396305625524769,0,0,completed_current_MP_hull_shift_utility_audit;not_strict_alpha_temporal_certificate;not_prospective_discovery;no_t1_label_used_for_selection
500,raw_topK,Cl-P-Yb,1,0.0008396305625524769,1,0,completed_current_MP_hull_shift_utility_audit;not_strict_alpha_temporal_certificate;not_prospective_discovery;no_t1_label_used_for_selection
500,raw_topK,Cl-Pb,1,0.0008396305625524769,1,0,completed_current_MP_hull_shift_utility_audit;not_strict_alpha_temporal_certificate;not_prospective_discovery;no_t1_label_used_for_selection
500,raw_topK,Cl-Pr-Rb,1,0.0008396305625524769,1,0,completed_current_MP_hull_shift_utility_audit;not_strict_alpha_temporal_certificate;not_prospective_discovery;no_t1_label_used_for_selection
500,raw_topK,Cl-Pt,1,0.0008396305625524769,1,1,completed_current_MP_hull_shift_utility_audit;not_strict_alpha_temporal_certificate;not_prospective_discovery;no_t1_label_used_for_selection
500,raw_topK,Cl-Pu,1,0.0008396305625524769,0,0,completed_current_MP_hull_shift_utility_audit;not_strict_alpha_temporal_certificate;not_prospective_discovery;no_t1_label_used_for_selection
500,raw_topK,Cl-Rb-Rh,1,0.0008396305625524769,0,0,completed_current_MP_hull_shift_utility_audit;not_strict_alpha_temporal_certificate;not_prospective_discovery;no_t1_label_used_for_selection
500,raw_topK,Cl-Rb-Ru,1,0.0008396305625524769,1,1,completed_current_MP_hull_shift_utility_audit;not_strict_alpha_temporal_certificate;not_prospective_discovery;no_t1_label_used_for_selection
500,raw_topK,Cl-Rb-Y,1,0.0008396305625524769,1,0,completed_current_MP_hull_shift_utility_audit;not_strict_alpha_temporal_certificate;not_prospective_discovery;no_t1_label_used_for_selection
500,raw_topK,Cl-Rh,1,0.0008396305625524769,0,0,completed_current_MP_hull_shift_utility_audit;not_strict_alpha_temporal_certificate;not_prospective_discovery;no_t1_label_used_for_selection
500,raw_topK,Cl-Ru,1,0.0008396305625524769,1,1,completed_current_MP_hull_shift_utility_audit;not_strict_alpha_temporal_certificate;not_prospective_discovery;no_t1_label_used_for_selection
500,raw_topK,Cl-Sb,1,0.0008396305625524769,1,1,completed_current_MP_hull_shift_utility_audit;not_strict_alpha_temporal_certificate;not_prospective_discovery;no_t1_label_used_for_selection
500,raw_topK,Cl-Ti,1,0.0008396305625524769,0,0,completed_current_MP_hull_shift_utility_audit;not_strict_alpha_temporal_certificate;not_prospective_discovery;no_t1_label_used_for_selection
500,raw_topK,Cl-U,1,0.0008396305625524769,0,0,completed_current_MP_hull_shift_utility_audit;not_strict_alpha_temporal_certificate;not_prospective_discovery;no_t1_label_used_for_selection
500,raw_topK,Cl-Zn,1,0.0008396305625524769,0,0,completed_current_MP_hull_shift_utility_audit;not_strict_alpha_temporal_certificate;not_prospective_discovery;no_t1_label_used_for_selection
500,raw_topK,Co-Cs-F,1,0.0008396305625524769,0,0,completed_current_MP_hull_shift_utility_audit;not_strict_alpha_temporal_certificate;not_prospective_discovery;no_t1_label_used_for_selection
500,raw_topK,Co-Cu-F,1,0.0008396305625524769,0,0,completed_current_MP_hull_shift_utility_audit;not_strict_alpha_temporal_certificate;not_prospective_discovery;no_t1_label_used_for_selection
500,raw_topK,Co-F,1,0.0008396305625524769,0,0,completed_current_MP_hull_shift_utility_audit;not_strict_alpha_temporal_certificate;not_prospective_discovery;no_t1_label_used_for_selection
500,raw_topK,Co-F-K,1,0.0008396305625524769,0,0,completed_current_MP_hull_shift_utility_audit;not_strict_alpha_temporal_certificate;not_prospective_discovery;no_t1_label_used_for_selection
500,raw_topK,Co-F-Na,1,0.0008396305625524769,0,0,completed_current_MP_hull_shift_utility_audit;not_strict_alpha_temporal_certificate;not_prospective_discovery;no_t1_label_used_for_selection
500,raw_topK,Co-F-Pa,1,0.0008396305625524769,0,0,completed_current_MP_hull_shift_utility_audit;not_strict_alpha_temporal_certificate;not_prospective_discovery;no_t1_label_used_for_selection
500,raw_topK,Co-Pm-Te,1,0.0008396305625524769,0,0,completed_current_MP_hull_shift_utility_audit;not_strict_alpha_temporal_certificate;not_prospective_discovery;no_t1_label_used_for_selection
500,raw_topK,Cr-F-Np,1,0.0008396305625524769,1,0,completed_current_MP_hull_shift_utility_audit;not_strict_alpha_temporal_certificate;not_prospective_discovery;no_t1_label_used_for_selection
500,raw_topK,Cr-Pm-Te,1,0.0008396305625524769,0,0,completed_current_MP_hull_shift_utility_audit;not_strict_alpha_temporal_certificate;not_prospective_discovery;no_t1_label_used_for_selection
500,raw_topK,Cs-Dy-F,1,0.0008396305625524769,1,1,completed_current_MP_hull_shift_utility_audit;not_strict_alpha_temporal_certificate;not_prospective_discovery;no_t1_label_used_for_selection
500,raw_topK,Cs-Eu-F,1,0.0008396305625524769,1,1,completed_current_MP_hull_shift_utility_audit;not_strict_alpha_temporal_certificate;not_prospective_discovery;no_t1_label_used_for_selection
500,raw_topK,Cs-F-Fe,1,0.0008396305625524769,0,0,completed_current_MP_hull_shift_utility_audit;not_strict_alpha_temporal_certificate;not_prospective_discovery;no_t1_label_used_for_selection
500,raw_topK,Cs-F-Hg,1,0.0008396305625524769,1,1,completed_current_MP_hull_shift_utility_audit;not_strict_alpha_temporal_certificate;not_prospective_discovery;no_t1_label_used_for_selection
500,raw_topK,Cs-F-Ho,1,0.0008396305625524769,1,1,completed_current_MP_hull_shift_utility_audit;not_strict_alpha_temporal_certificate;not_prospective_discovery;no_t1_label_used_for_selection
500,raw_topK,Cs-F-Lu,1,0.0008396305625524769,1,0,completed_current_MP_hull_shift_utility_audit;not_strict_alpha_temporal_certificate;not_prospective_discovery;no_t1_label_used_for_selection
500,raw_topK,Cs-F-Nd,1,0.0008396305625524769,1,1,completed_current_MP_hull_shift_utility_audit;not_strict_alpha_temporal_certificate;not_prospective_discovery;no_t1_label_used_for_selection
500,raw_topK,Cs-F-Ni,1,0.0008396305625524769,1,1,completed_current_MP_hull_shift_utility_audit;not_strict_alpha_temporal_certificate;not_prospective_discovery;no_t1_label_used_for_selection
500,raw_topK,Cs-F-Os,1,0.0008396305625524769,1,1,completed_current_MP_hull_shift_utility_audit;not_strict_alpha_temporal_certificate;not_prospective_discovery;no_t1_label_used_for_selection
500,raw_topK,Cs-F-Pb,1,0.0008396305625524769,0,0,completed_current_MP_hull_shift_utility_audit;not_strict_alpha_temporal_certificate;not_prospective_discovery;no_t1_label_used_for_selection
500,raw_topK,Cs-F-Ta,1,0.0008396305625524769,0,0,completed_current_MP_hull_shift_utility_audit;not_strict_alpha_temporal_certificate;not_prospective_discovery;no_t1_label_used_for_selection
500,raw_topK,Cs-F-Zr,1,0.0008396305625524769,1,0,completed_current_MP_hull_shift_utility_audit;not_strict_alpha_temporal_certificate;not_prospective_discovery;no_t1_label_used_for_selection
500,raw_topK,Cs-Mn-Pa-Se,1,0.0008396305625524769,0,0,completed_current_MP_hull_shift_utility_audit;not_strict_alpha_temporal_certificate;not_prospective_discovery;no_t1_label_used_for_selection
500,raw_topK,Cs-Np-Te-Zn,1,0.0008396305625524769,1,1,completed_current_MP_hull_shift_utility_audit;not_strict_alpha_temporal_certificate;not_prospective_discovery;no_t1_label_used_for_selection
500,raw_topK,Cs-Pa-Se-Zn,1,0.0008396305625524769,0,0,completed_current_MP_hull_shift_utility_audit;not_strict_alpha_temporal_certificate;not_prospective_discovery;no_t1_label_used_for_selection
500,raw_topK,Cs-Pa-Te,1,0.0008396305625524769,1,1,completed_current_MP_hull_shift_utility_audit;not_strict_alpha_temporal_certificate;not_prospective_discovery;no_t1_label_used_for_selection
500,raw_topK,Cs-Pm-Te,1,0.0008396305625524769,1,1,completed_current_MP_hull_shift_utility_audit;not_strict_alpha_temporal_certificate;not_prospective_discovery;no_t1_label_used_for_selection
500,raw_topK,Cu-Dy-F,1,0.0008396305625524769,1,1,completed_current_MP_hull_shift_utility_audit;not_strict_alpha_temporal_certificate;not_prospective_discovery;no_t1_label_used_for_selection
500,raw_topK,Cu-Er-F,1,0.0008396305625524769,1,1,completed_current_MP_hull_shift_utility_audit;not_strict_alpha_temporal_certificate;not_prospective_discovery;no_t1_label_used_for_selection
500,raw_topK,Cu-F-Hg,1,0.0008396305625524769,1,1,completed_current_MP_hull_shift_utility_audit;not_strict_alpha_temporal_certificate;not_prospective_discovery;no_t1_label_used_for_selection
500,raw_topK,Cu-F-Ho,1,0.0008396305625524769,1,1,completed_current_MP_hull_shift_utility_audit;not_strict_alpha_temporal_certificate;not_prospective_discovery;no_t1_label_used_for_selection
500,raw_topK,Cu-F-Lu,1,0.0008396305625524769,1,1,completed_current_MP_hull_shift_utility_audit;not_strict_alpha_temporal_certificate;not_prospective_discovery;no_t1_label_used_for_selection
500,raw_topK,Cu-F-Ni,1,0.0008396305625524769,0,0,completed_current_MP_hull_shift_utility_audit;not_strict_alpha_temporal_certificate;not_prospective_discovery;no_t1_label_used_for_selection
500,raw_topK,Cu-F-Pa,1,0.0008396305625524769,0,0,completed_current_MP_hull_shift_utility_audit;not_strict_alpha_temporal_certificate;not_prospective_discovery;no_t1_label_used_for_selection
500,raw_topK,Cu-F-Rb,1,0.0008396305625524769,1,1,completed_current_MP_hull_shift_utility_audit;not_strict_alpha_temporal_certificate;not_prospective_discovery;no_t1_label_used_for_selection
500,raw_topK,Cu-F-Sc,1,0.0008396305625524769,1,1,completed_current_MP_hull_shift_utility_audit;not_strict_alpha_temporal_certificate;not_prospective_discovery;no_t1_label_used_for_selection
500,raw_topK,Cu-F-Tb,1,0.0008396305625524769,1,1,completed_current_MP_hull_shift_utility_audit;not_strict_alpha_temporal_certificate;not_prospective_discovery;no_t1_label_used_for_selection
500,raw_topK,Cu-F-Tm,1,0.0008396305625524769,0,0,completed_current_MP_hull_shift_utility_audit;not_strict_alpha_temporal_certificate;not_prospective_discovery;no_t1_label_used_for_selection
500,raw_topK,Cu-F-Y,1,0.0008396305625524769,1,1,completed_current_MP_hull_shift_utility_audit;not_strict_alpha_temporal_certificate;not_prospective_discovery;no_t1_label_used_for_selection
500,raw_topK,Cu-Gd-I,1,0.0008396305625524769,1,1,completed_current_MP_hull_shift_utility_audit;not_strict_alpha_temporal_certificate;not_prospective_discovery;no_t1_label_used_for_selection
500,raw_topK,Cu-K-Pa-Se,1,0.0008396305625524769,1,1,completed_current_MP_hull_shift_utility_audit;not_strict_alpha_temporal_certificate;not_prospective_discovery;no_t1_label_used_for_selection
500,raw_topK,Cu-Pa-Se-Tl,1,0.0008396305625524769,1,1,completed_current_MP_hull_shift_utility_audit;not_strict_alpha_temporal_certificate;not_prospective_discovery;no_t1_label_used_for_selection
500,raw_topK,Cu-Pm-Te,1,0.0008396305625524769,0,0,completed_current_MP_hull_shift_utility_audit;not_strict_alpha_temporal_certificate;not_prospective_discovery;no_t1_label_used_for_selection
500,raw_topK,Dy-F,1,0.0008396305625524769,1,0,completed_current_MP_hull_shift_utility_audit;not_strict_alpha_temporal_certificate;not_prospective_discovery;no_t1_label_used_for_selection
500,raw_topK,Dy-F-Li,1,0.0008396305625524769,1,0,completed_current_MP_hull_shift_utility_audit;not_strict_alpha_temporal_certificate;not_prospective_discovery;no_t1_label_used_for_selection
500,raw_topK,Dy-F-Li-Sr,1,0.0008396305625524769,1,1,completed_current_MP_hull_shift_utility_audit;not_strict_alpha_temporal_certificate;not_prospective_discovery;no_t1_label_used_for_selection
500,raw_topK,Dy-F-Mg,1,0.0008396305625524769,1,0,completed_current_MP_hull_shift_utility_audit;not_strict_alpha_temporal_certificate;not_prospective_discovery;no_t1_label_used_for_selection
500,raw_topK,Dy-F-Na-Sr,1,0.0008396305625524769,1,1,completed_current_MP_hull_shift_utility_audit;not_strict_alpha_temporal_certificate;not_prospective_discovery;no_t1_label_used_for_selection
500,raw_topK,Dy-F-Pa,1,0.0008396305625524769,1,1,completed_current_MP_hull_shift_utility_audit;not_strict_alpha_temporal_certificate;not_prospective_discovery;no_t1_label_used_for_selection
500,raw_topK,Dy-F-Zn,1,0.0008396305625524769,1,0,completed_current_MP_hull_shift_utility_audit;not_strict_alpha_temporal_certificate;not_prospective_discovery;no_t1_label_used_for_selection
500,raw_topK,Dy-I,1,0.0008396305625524769,0,0,completed_current_MP_hull_shift_utility_audit;not_strict_alpha_temporal_certificate;not_prospective_discovery;no_t1_label_used_for_selection
500,raw_topK,Dy-La-O,1,0.0008396305625524769,1,0,completed_current_MP_hull_shift_utility_audit;not_strict_alpha_temporal_certificate;not_prospective_discovery;no_t1_label_used_for_selection
500,raw_topK,Dy-Se,1,0.0008396305625524769,0,0,completed_current_MP_hull_shift_utility_audit;not_strict_alpha_temporal_certificate;not_prospective_discovery;no_t1_label_used_for_selection
500,raw_topK,Er-F-Li,1,0.0008396305625524769,1,0,completed_current_MP_hull_shift_utility_audit;not_strict_alpha_temporal_certificate;not_prospective_discovery;no_t1_label_used_for_selection
500,raw_topK,Er-F-Li-Sr,1,0.0008396305625524769,1,1,completed_current_MP_hull_shift_utility_audit;not_strict_alpha_temporal_certificate;not_prospective_discovery;no_t1_label_used_for_selection
500,raw_topK,Er-F-Mg,1,0.0008396305625524769,1,0,completed_current_MP_hull_shift_utility_audit;not_strict_alpha_temporal_certificate;not_prospective_discovery;no_t1_label_used_for_selection
500,raw_topK,Er-F-Na-Sr,1,0.0008396305625524769,1,1,completed_current_MP_hull_shift_utility_audit;not_strict_alpha_temporal_certificate;not_prospective_discovery;no_t1_label_used_for_selection
500,raw_topK,Er-F-Pa,1,0.0008396305625524769,1,1,completed_current_MP_hull_shift_utility_audit;not_strict_alpha_temporal_certificate;not_prospective_discovery;no_t1_label_used_for_selection
500,raw_topK,Er-F-Rb,1,0.0008396305625524769,1,0,completed_current_MP_hull_shift_utility_audit;not_strict_alpha_temporal_certificate;not_prospective_discovery;no_t1_label_used_for_selection
500,raw_topK,Er-I,1,0.0008396305625524769,0,0,completed_current_MP_hull_shift_utility_audit;not_strict_alpha_temporal_certificate;not_prospective_discovery;no_t1_label_used_for_selection
500,raw_topK,Er-La-O,1,0.0008396305625524769,1,0,completed_current_MP_hull_shift_utility_audit;not_strict_alpha_temporal_certificate;not_prospective_discovery;no_t1_label_used_for_selection
500,raw_topK,Er-Se,1,0.0008396305625524769,0,0,completed_current_MP_hull_shift_utility_audit;not_strict_alpha_temporal_certificate;not_prospective_discovery;no_t1_label_used_for_selection
500,raw_topK,Eu-F-Li,1,0.0008396305625524769,1,1,completed_current_MP_hull_shift_utility_audit;not_strict_alpha_temporal_certificate;not_prospective_discovery;no_t1_label_used_for_selection
500,raw_topK,Eu-F-Mg,1,0.0008396305625524769,1,0,completed_current_MP_hull_shift_utility_audit;not_strict_alpha_temporal_certificate;not_prospective_discovery;no_t1_label_used_for_selection
500,raw_topK,Eu-F-Na-Sr,1,0.0008396305625524769,1,1,completed_current_MP_hull_shift_utility_audit;not_strict_alpha_temporal_certificate;not_prospective_discovery;no_t1_label_used_for_selection
500,raw_topK,Eu-F-Sr,1,0.0008396305625524769,1,0,completed_current_MP_hull_shift_utility_audit;not_strict_alpha_temporal_certificate;not_prospective_discovery;no_t1_label_used_for_selection
500,raw_topK,Eu-F-Tm,1,0.0008396305625524769,1,1,completed_current_MP_hull_shift_utility_audit;not_strict_alpha_temporal_certificate;not_prospective_discovery;no_t1_label_used_for_selection
500,raw_topK,Eu-F-Yb,1,0.0008396305625524769,1,0,completed_current_MP_hull_shift_utility_audit;not_strict_alpha_temporal_certificate;not_prospective_discovery;no_t1_label_used_for_selection
500,raw_topK,Eu-F-Zn,1,0.0008396305625524769,1,1,completed_current_MP_hull_shift_utility_audit;not_strict_alpha_temporal_certificate;not_prospective_discovery;no_t1_label_used_for_selection
500,raw_topK,F-Ga-Mg,1,0.0008396305625524769,1,0,completed_current_MP_hull_shift_utility_audit;not_strict_alpha_temporal_certificate;not_prospective_discovery;no_t1_label_used_for_selection
500,raw_topK,F-Ga-Np,1,0.0008396305625524769,1,0,completed_current_MP_hull_shift_utility_audit;not_strict_alpha_temporal_certificate;not_prospective_discovery;no_t1_label_used_for_selection
500,raw_topK,F-Ga-Sr,1,0.0008396305625524769,1,0,completed_current_MP_hull_shift_utility_audit;not_strict_alpha_temporal_certificate;not_prospective_discovery;no_t1_label_used_for_selection
500,raw_topK,F-Ga-Zn,1,0.0008396305625524769,0,0,completed_current_MP_hull_shift_utility_audit;not_strict_alpha_temporal_certificate;not_prospective_discovery;no_t1_label_used_for_selection
500,raw_topK,F-Gd-I,1,0.0008396305625524769,1,1,completed_current_MP_hull_shift_utility_audit;not_strict_alpha_temporal_certificate;not_prospective_discovery;no_t1_label_used_for_selection
500,raw_topK,F-Gd-Li,1,0.0008396305625524769,0,0,completed_current_MP_hull_shift_utility_audit;not_strict_alpha_temporal_certificate;not_prospective_discovery;no_t1_label_used_for_selection
500,raw_topK,F-Gd-Li-Sr,1,0.0008396305625524769,1,1,completed_current_MP_hull_shift_utility_audit;not_strict_alpha_temporal_certificate;not_prospective_discovery;no_t1_label_used_for_selection
500,raw_topK,F-Gd-Mg,1,0.0008396305625524769,1,1,completed_current_MP_hull_shift_utility_audit;not_strict_alpha_temporal_certificate;not_prospective_discovery;no_t1_label_used_for_selection
500,raw_topK,F-Gd-Na,1,0.0008396305625524769,0,0,completed_current_MP_hull_shift_utility_audit;not_strict_alpha_temporal_certificate;not_prospective_discovery;no_t1_label_used_for_selection
500,raw_topK,F-Gd-Na-Sr,1,0.0008396305625524769,1,1,completed_current_MP_hull_shift_utility_audit;not_strict_alpha_temporal_certificate;not_prospective_discovery;no_t1_label_used_for_selection
500,raw_topK,F-Gd-Ni,1,0.0008396305625524769,0,0,completed_current_MP_hull_shift_utility_audit;not_strict_alpha_temporal_certificate;not_prospective_discovery;no_t1_label_used_for_selection
500,raw_topK,F-Gd-Rb,1,0.0008396305625524769,1,0,completed_current_MP_hull_shift_utility_audit;not_strict_alpha_temporal_certificate;not_prospective_discovery;no_t1_label_used_for_selection
500,raw_topK,F-Gd-Sr,1,0.0008396305625524769,1,1,completed_current_MP_hull_shift_utility_audit;not_strict_alpha_temporal_certificate;not_prospective_discovery;no_t1_label_used_for_selection
500,raw_topK,F-Gd-Zn,1,0.0008396305625524769,0,0,completed_current_MP_hull_shift_utility_audit;not_strict_alpha_temporal_certificate;not_prospective_discovery;no_t1_label_used_for_selection
500,raw_topK,F-Ge-Pa,1,0.0008396305625524769,0,0,completed_current_MP_hull_shift_utility_audit;not_strict_alpha_temporal_certificate;not_prospective_discovery;no_t1_label_used_for_selection
500,raw_topK,F-Hf-Li,1,0.0008396305625524769,1,1,completed_current_MP_hull_shift_utility_audit;not_strict_alpha_temporal_certificate;not_prospective_discovery;no_t1_label_used_for_selection
500,raw_topK,F-Hf-Na,1,0.0008396305625524769,1,0,completed_current_MP_hull_shift_utility_audit;not_strict_alpha_temporal_certificate;not_prospective_discovery;no_t1_label_used_for_selection
500,raw_topK,F-Hg-Ni,1,0.0008396305625524769,1,1,completed_current_MP_hull_shift_utility_audit;not_strict_alpha_temporal_certificate;not_prospective_discovery;no_t1_label_used_for_selection
500,raw_topK,F-Hg-Pa,1,0.0008396305625524769,0,0,completed_current_MP_hull_shift_utility_audit;not_strict_alpha_temporal_certificate;not_prospective_discovery;no_t1_label_used_for_selection
500,raw_topK,F-Hg-Rb,1,0.0008396305625524769,1,1,completed_current_MP_hull_shift_utility_audit;not_strict_alpha_temporal_certificate;not_prospective_discovery;no_t1_label_used_for_selection
500,raw_topK,F-Hg-Tm,1,0.0008396305625524769,0,0,completed_current_MP_hull_shift_utility_audit;not_strict_alpha_temporal_certificate;not_prospective_discovery;no_t1_label_used_for_selection
500,raw_topK,F-Hg-Zn,1,0.0008396305625524769,1,1,completed_current_MP_hull_shift_utility_audit;not_strict_alpha_temporal_certificate;not_prospective_discovery;no_t1_label_used_for_selection
500,raw_topK,F-Ho-K,1,0.0008396305625524769,1,0,completed_current_MP_hull_shift_utility_audit;not_strict_alpha_temporal_certificate;not_prospective_discovery;no_t1_label_used_for_selection
500,raw_topK,F-Ho-Li,1,0.0008396305625524769,1,0,completed_current_MP_hull_shift_utility_audit;not_strict_alpha_temporal_certificate;not_prospective_discovery;no_t1_label_used_for_selection
500,raw_topK,F-Ho-Li-Sr,1,0.0008396305625524769,1,1,completed_current_MP_hull_shift_utility_audit;not_strict_alpha_temporal_certificate;not_prospective_discovery;no_t1_label_used_for_selection
500,raw_topK,F-Ho-Mg,1,0.0008396305625524769,1,0,completed_current_MP_hull_shift_utility_audit;not_strict_alpha_temporal_certificate;not_prospective_discovery;no_t1_label_used_for_selection
500,raw_topK,F-Ho-Na-Sr,1,0.0008396305625524769,1,1,completed_current_MP_hull_shift_utility_audit;not_strict_alpha_temporal_certificate;not_prospective_discovery;no_t1_label_used_for_selection
500,raw_topK,F-Ho-Pa,1,0.0008396305625524769,1,1,completed_current_MP_hull_shift_utility_audit;not_strict_alpha_temporal_certificate;not_prospective_discovery;no_t1_label_used_for_selection
500,raw_topK,F-Ho-Rb,1,0.0008396305625524769,1,0,completed_current_MP_hull_shift_utility_audit;not_strict_alpha_temporal_certificate;not_prospective_discovery;no_t1_label_used_for_selection
500,raw_topK,F-Ho-Zn,1,0.0008396305625524769,1,0,completed_current_MP_hull_shift_utility_audit;not_strict_alpha_temporal_certificate;not_prospective_discovery;no_t1_label_used_for_selection
500,raw_topK,F-In,1,0.0008396305625524769,0,0,completed_current_MP_hull_shift_utility_audit;not_strict_alpha_temporal_certificate;not_prospective_discovery;no_t1_label_used_for_selection
500,raw_topK,F-In-Mg,1,0.0008396305625524769,1,0,completed_current_MP_hull_shift_utility_audit;not_strict_alpha_temporal_certificate;not_prospective_discovery;no_t1_label_used_for_selection
500,raw_topK,F-In-Ni,1,0.0008396305625524769,0,0,completed_current_MP_hull_shift_utility_audit;not_strict_alpha_temporal_certificate;not_prospective_discovery;no_t1_label_used_for_selection
500,raw_topK,F-In-Pa,1,0.0008396305625524769,0,0,completed_current_MP_hull_shift_utility_audit;not_strict_alpha_temporal_certificate;not_prospective_discovery;no_t1_label_used_for_selection
500,raw_topK,F-In-Tm,1,0.0008396305625524769,0,0,completed_current_MP_hull_shift_utility_audit;not_strict_alpha_temporal_certificate;not_prospective_discovery;no_t1_label_used_for_selection
500,raw_topK,F-Ir-Na,1,0.0008396305625524769,1,1,completed_current_MP_hull_shift_utility_audit;not_strict_alpha_temporal_certificate;not_prospective_discovery;no_t1_label_used_for_selection
500,raw_topK,F-K-Lu,1,0.0008396305625524769,1,0,completed_current_MP_hull_shift_utility_audit;not_strict_alpha_temporal_certificate;not_prospective_discovery;no_t1_label_used_for_selection
500,raw_topK,F-K-Mn,1,0.0008396305625524769,0,0,completed_current_MP_hull_shift_utility_audit;not_strict_alpha_temporal_certificate;not_prospective_discovery;no_t1_label_used_for_selection
500,raw_topK,F-K-Nd,1,0.0008396305625524769,1,0,completed_current_MP_hull_shift_utility_audit;not_strict_alpha_temporal_certificate;not_prospective_discovery;no_t1_label_used_for_selection
500,raw_topK,F-K-Sm,1,0.0008396305625524769,1,0,completed_current_MP_hull_shift_utility_audit;not_strict_alpha_temporal_certificate;not_prospective_discovery;no_t1_label_used_for_selection
500,raw_topK,F-K-Ti,1,0.0008396305625524769,0,0,completed_current_MP_hull_shift_utility_audit;not_strict_alpha_temporal_certificate;not_prospective_discovery;no_t1_label_used_for_selection
500,raw_topK,F-K-Y,1,0.0008396305625524769,1,0,completed_current_MP_hull_shift_utility_audit;not_strict_alpha_temporal_certificate;not_prospective_discovery;no_t1_label_used_for_selection
500,raw_topK,F-La-Li,1,0.0008396305625524769,1,0,completed_current_MP_hull_shift_utility_audit;not_strict_alpha_temporal_certificate;not_prospective_discovery;no_t1_label_used_for_selection
500,raw_topK,F-La-Mg,1,0.0008396305625524769,1,0,completed_current_MP_hull_shift_utility_audit;not_strict_alpha_temporal_certificate;not_prospective_discovery;no_t1_label_used_for_selection
500,raw_topK,F-La-Ni,1,0.0008396305625524769,1,0,completed_current_MP_hull_shift_utility_audit;not_strict_alpha_temporal_certificate;not_prospective_discovery;no_t1_label_used_for_selection
500,raw_topK,F-La-Pa,1,0.0008396305625524769,1,1,completed_current_MP_hull_shift_utility_audit;not_strict_alpha_temporal_certificate;not_prospective_discovery;no_t1_label_used_for_selection
500,raw_topK,F-La-Sr,1,0.0008396305625524769,1,0,completed_current_MP_hull_shift_utility_audit;not_strict_alpha_temporal_certificate;not_prospective_discovery;no_t1_label_used_for_selection
500,raw_topK,F-Li-Lu,1,0.0008396305625524769,1,0,completed_current_MP_hull_shift_utility_audit;not_strict_alpha_temporal_certificate;not_prospective_discovery;no_t1_label_used_for_selection
500,raw_topK,F-Li-Nd,1,0.0008396305625524769,1,0,completed_current_MP_hull_shift_utility_audit;not_strict_alpha_temporal_certificate;not_prospective_discovery;no_t1_label_used_for_selection
500,raw_topK,F-Li-Nd-Sr,1,0.0008396305625524769,1,0,completed_current_MP_hull_shift_utility_audit;not_strict_alpha_temporal_certificate;not_prospective_discovery;no_t1_label_used_for_selection
500,raw_topK,F-Li-Pa-Sr,1,0.0008396305625524769,1,1,completed_current_MP_hull_shift_utility_audit;not_strict_alpha_temporal_certificate;not_prospective_discovery;no_t1_label_used_for_selection
500,raw_topK,F-Li-Pa-Yb,1,0.0008396305625524769,1,0,completed_current_MP_hull_shift_utility_audit;not_strict_alpha_temporal_certificate;not_prospective_discovery;no_t1_label_used_for_selection
500,raw_topK,F-Li-Pr,1,0.0008396305625524769,1,0,completed_current_MP_hull_shift_utility_audit;not_strict_alpha_temporal_certificate;not_prospective_discovery;no_t1_label_used_for_selection
500,raw_topK,F-Li-Pr-Sr,1,0.0008396305625524769,1,0,completed_current_MP_hull_shift_utility_audit;not_strict_alpha_temporal_certificate;not_prospective_discovery;no_t1_label_used_for_selection
500,raw_topK,F-Li-Sc,1,0.0008396305625524769,1,0,completed_current_MP_hull_shift_utility_audit;not_strict_alpha_temporal_certificate;not_prospective_discovery;no_t1_label_used_for_selection
500,raw_topK,F-Li-Sc-Sr,1,0.0008396305625524769,1,0,completed_current_MP_hull_shift_utility_audit;not_strict_alpha_temporal_certificate;not_prospective_discovery;no_t1_label_used_for_selection
500,raw_topK,F-Li-Sm,1,0.0008396305625524769,1,0,completed_current_MP_hull_shift_utility_audit;not_strict_alpha_temporal_certificate;not_prospective_discovery;no_t1_label_used_for_selection
500,raw_topK,F-Li-Sm-Sr,1,0.0008396305625524769,1,0,completed_current_MP_hull_shift_utility_audit;not_strict_alpha_temporal_certificate;not_prospective_discovery;no_t1_label_used_for_selection
500,raw_topK,F-Li-Sr-Tb,1,0.0008396305625524769,1,1,completed_current_MP_hull_shift_utility_audit;not_strict_alpha_temporal_certificate;not_prospective_discovery;no_t1_label_used_for_selection
500,raw_topK,F-Li-Sr-Tm,1,0.0008396305625524769,1,1,completed_current_MP_hull_shift_utility_audit;not_strict_alpha_temporal_certificate;not_prospective_discovery;no_t1_label_used_for_selection
500,raw_topK,F-Li-Sr-Y,1,0.0008396305625524769,1,0,completed_current_MP_hull_shift_utility_audit;not_strict_alpha_temporal_certificate;not_prospective_discovery;no_t1_label_used_for_selection
500,raw_topK,F-Li-Sr-Yb,1,0.0008396305625524769,1,0,completed_current_MP_hull_shift_utility_audit;not_strict_alpha_temporal_certificate;not_prospective_discovery;no_t1_label_used_for_selection
500,raw_topK,F-Li-Tb,1,0.0008396305625524769,1,0,completed_current_MP_hull_shift_utility_audit;not_strict_alpha_temporal_certificate;not_prospective_discovery;no_t1_label_used_for_selection
500,raw_topK,F-Li-Ti,1,0.0008396305625524769,0,0,completed_current_MP_hull_shift_utility_audit;not_strict_alpha_temporal_certificate;not_prospective_discovery;no_t1_label_used_for_selection
500,raw_topK,F-Li-Tm-Yb,1,0.0008396305625524769,1,0,completed_current_MP_hull_shift_utility_audit;not_strict_alpha_temporal_certificate;not_prospective_discovery;no_t1_label_used_for_selection
500,raw_topK,F-Li-Y,1,0.0008396305625524769,1,0,completed_current_MP_hull_shift_utility_audit;not_strict_alpha_temporal_certificate;not_prospective_discovery;no_t1_label_used_for_selection
500,raw_topK,F-Li-Zn,1,0.0008396305625524769,0,0,completed_current_MP_hull_shift_utility_audit;not_strict_alpha_temporal_certificate;not_prospective_discovery;no_t1_label_used_for_selection
500,raw_topK,F-Li-Zr,1,0.0008396305625524769,1,0,completed_current_MP_hull_shift_utility_audit;not_strict_alpha_temporal_certificate;not_prospective_discovery;no_t1_label_used_for_selection
500,raw_topK,F-Lu,1,0.0008396305625524769,1,0,completed_current_MP_hull_shift_utility_audit;not_strict_alpha_temporal_certificate;not_prospective_discovery;no_t1_label_used_for_selection
500,raw_topK,F-Lu-Mg,1,0.0008396305625524769,1,0,completed_current_MP_hull_shift_utility_audit;not_strict_alpha_temporal_certificate;not_prospective_discovery;no_t1_label_used_for_selection
500,raw_topK,F-Lu-Na,1,0.0008396305625524769,1,1,completed_current_MP_hull_shift_utility_audit;not_strict_alpha_temporal_certificate;not_prospective_discovery;no_t1_label_used_for_selection
500,raw_topK,F-Lu-Pa,1,0.0008396305625524769,1,1,completed_current_MP_hull_shift_utility_audit;not_strict_alpha_temporal_certificate;not_prospective_discovery;no_t1_label_used_for_selection
500,raw_topK,F-Lu-Rb,1,0.0008396305625524769,1,0,completed_current_MP_hull_shift_utility_audit;not_strict_alpha_temporal_certificate;not_prospective_discovery;no_t1_label_used_for_selection
500,raw_topK,F-Lu-Zn,1,0.0008396305625524769,1,0,completed_current_MP_hull_shift_utility_audit;not_strict_alpha_temporal_certificate;not_prospective_discovery;no_t1_label_used_for_selection
500,raw_topK,F-Mg,1,0.0008396305625524769,1,0,completed_current_MP_hull_shift_utility_audit;not_strict_alpha_temporal_certificate;not_prospective_discovery;no_t1_label_used_for_selection
500,raw_topK,F-Mg-Ni,1,0.0008396305625524769,1,0,completed_current_MP_hull_shift_utility_audit;not_strict_alpha_temporal_certificate;not_prospective_discovery;no_t1_label_used_for_selection
500,raw_topK,F-Mg-Pa,1,0.0008396305625524769,1,1,completed_current_MP_hull_shift_utility_audit;not_strict_alpha_temporal_certificate;not_prospective_discovery;no_t1_label_used_for_selection
500,raw_topK,F-Mg-Sr,1,0.0008396305625524769,1,0,completed_current_MP_hull_shift_utility_audit;not_strict_alpha_temporal_certificate;not_prospective_discovery;no_t1_label_used_for_selection
500,raw_topK,F-Mg-Tm,1,0.0008396305625524769,1,1,completed_current_MP_hull_shift_utility_audit;not_strict_alpha_temporal_certificate;not_prospective_discovery;no_t1_label_used_for_selection
500,raw_topK,F-Mg-Y,1,0.0008396305625524769,1,0,completed_current_MP_hull_shift_utility_audit;not_strict_alpha_temporal_certificate;not_prospective_discovery;no_t1_label_used_for_selection
500,raw_topK,F-Mg-Zn,1,0.0008396305625524769,1,0,completed_current_MP_hull_shift_utility_audit;not_strict_alpha_temporal_certificate;not_prospective_discovery;no_t1_label_used_for_selection
500,raw_topK,F-Mn-Rb,1,0.0008396305625524769,0,0,completed_current_MP_hull_shift_utility_audit;not_strict_alpha_temporal_certificate;not_prospective_discovery;no_t1_label_used_for_selection
500,raw_topK,F-N-Pa,1,0.0008396305625524769,0,0,completed_current_MP_hull_shift_utility_audit;not_strict_alpha_temporal_certificate;not_prospective_discovery;no_t1_label_used_for_selection
500,raw_topK,F-N-Pu,1,0.0008396305625524769,0,0,completed_current_MP_hull_shift_utility_audit;not_strict_alpha_temporal_certificate;not_prospective_discovery;no_t1_label_used_for_selection
500,raw_topK,F-Na-Nd-Sr,1,0.0008396305625524769,1,0,completed_current_MP_hull_shift_utility_audit;not_strict_alpha_temporal_certificate;not_prospective_discovery;no_t1_label_used_for_selection
500,raw_topK,F-Na-Ni,1,0.0008396305625524769,1,1,completed_current_MP_hull_shift_utility_audit;not_strict_alpha_temporal_certificate;not_prospective_discovery;no_t1_label_used_for_selection
500,raw_topK,F-Na-Pa,1,0.0008396305625524769,0,0,completed_current_MP_hull_shift_utility_audit;not_strict_alpha_temporal_certificate;not_prospective_discovery;no_t1_label_used_for_selection
500,raw_topK,F-Na-Pr-Sr,1,0.0008396305625524769,1,0,completed_current_MP_hull_shift_utility_audit;not_strict_alpha_temporal_certificate;not_prospective_discovery;no_t1_label_used_for_selection
500,raw_topK,F-Na-Rh,1,0.0008396305625524769,1,1,completed_current_MP_hull_shift_utility_audit;not_strict_alpha_temporal_certificate;not_prospective_discovery;no_t1_label_used_for_selection
500,raw_topK,F-Na-Sc,1,0.0008396305625524769,1,0,completed_current_MP_hull_shift_utility_audit;not_strict_alpha_temporal_certificate;not_prospective_discovery;no_t1_label_used_for_selection
500,raw_topK,F-Na-Sc-Sr,1,0.0008396305625524769,1,0,completed_current_MP_hull_shift_utility_audit;not_strict_alpha_temporal_certificate;not_prospective_discovery;no_t1_label_used_for_selection
500,raw_topK,F-Na-Sm,1,0.0008396305625524769,1,0,completed_current_MP_hull_shift_utility_audit;not_strict_alpha_temporal_certificate;not_prospective_discovery;no_t1_label_used_for_selection
500,raw_topK,F-Na-Sm-Sr,1,0.0008396305625524769,1,0,completed_current_MP_hull_shift_utility_audit;not_strict_alpha_temporal_certificate;not_prospective_discovery;no_t1_label_used_for_selection
500,raw_topK,F-Na-Sr-Tb,1,0.0008396305625524769,1,1,completed_current_MP_hull_shift_utility_audit;not_strict_alpha_temporal_certificate;not_prospective_discovery;no_t1_label_used_for_selection
500,raw_topK,F-Na-Sr-Tm,1,0.0008396305625524769,1,1,completed_current_MP_hull_shift_utility_audit;not_strict_alpha_temporal_certificate;not_prospective_discovery;no_t1_label_used_for_selection
500,raw_topK,F-Na-Sr-Y,1,0.0008396305625524769,1,0,completed_current_MP_hull_shift_utility_audit;not_strict_alpha_temporal_certificate;not_prospective_discovery;no_t1_label_used_for_selection
500,raw_topK,F-Na-Ti,1,0.0008396305625524769,0,0,completed_current_MP_hull_shift_utility_audit;not_strict_alpha_temporal_certificate;not_prospective_discovery;no_t1_label_used_for_selection
500,raw_topK,F-Na-Tm-Yb,1,0.0008396305625524769,1,0,completed_current_MP_hull_shift_utility_audit;not_strict_alpha_temporal_certificate;not_prospective_discovery;no_t1_label_used_for_selection
500,raw_topK,F-Na-Zn,1,0.0008396305625524769,0,0,completed_current_MP_hull_shift_utility_audit;not_strict_alpha_temporal_certificate;not_prospective_discovery;no_t1_label_used_for_selection
500,raw_topK,F-Na-Zr,1,0.0008396305625524769,1,0,completed_current_MP_hull_shift_utility_audit;not_strict_alpha_temporal_certificate;not_prospective_discovery;no_t1_label_used_for_selection
500,raw_topK,F-Nb-Pa,1,0.0008396305625524769,0,0,completed_current_MP_hull_shift_utility_audit;not_strict_alpha_temporal_certificate;not_prospective_discovery;no_t1_label_used_for_selection
500,raw_topK,F-Nd-Pa,1,0.0008396305625524769,1,1,completed_current_MP_hull_shift_utility_audit;not_strict_alpha_temporal_certificate;not_prospective_discovery;no_t1_label_used_for_selection
500,raw_topK,F-Nd-Rb,1,0.0008396305625524769,1,0,completed_current_MP_hull_shift_utility_audit;not_strict_alpha_temporal_certificate;not_prospective_discovery;no_t1_label_used_for_selection
500,raw_topK,F-Ni,1,0.0008396305625524769,1,0,completed_current_MP_hull_shift_utility_audit;not_strict_alpha_temporal_certificate;not_prospective_discovery;no_t1_label_used_for_selection
500,raw_topK,F-Ni-Pa,1,0.0008396305625524769,0,0,completed_current_MP_hull_shift_utility_audit;not_strict_alpha_temporal_certificate;not_prospective_discovery;no_t1_label_used_for_selection
500,raw_topK,F-Ni-Rb,1,0.0008396305625524769,1,0,completed_current_MP_hull_shift_utility_audit;not_strict_alpha_temporal_certificate;not_prospective_discovery;no_t1_label_used_for_selection
500,raw_topK,F-Ni-Sr,1,0.0008396305625524769,1,0,completed_current_MP_hull_shift_utility_audit;not_strict_alpha_temporal_certificate;not_prospective_discovery;no_t1_label_used_for_selection
500,raw_topK,F-Ni-Tm,1,0.0008396305625524769,0,0,completed_current_MP_hull_shift_utility_audit;not_strict_alpha_temporal_certificate;not_prospective_discovery;no_t1_label_used_for_selection
500,raw_topK,F-Ni-Zn,1,0.0008396305625524769,0,0,completed_current_MP_hull_shift_utility_audit;not_strict_alpha_temporal_certificate;not_prospective_discovery;no_t1_label_used_for_selection
500,raw_topK,F-Np-Pa,1,0.0008396305625524769,1,1,completed_current_MP_hull_shift_utility_audit;not_strict_alpha_temporal_certificate;not_prospective_discovery;no_t1_label_used_for_selection
500,raw_topK,F-Np-V,1,0.0008396305625524769,1,1,completed_current_MP_hull_shift_utility_audit;not_strict_alpha_temporal_certificate;not_prospective_discovery;no_t1_label_used_for_selection
500,raw_topK,F-O-Pa,1,0.0008396305625524769,0,0,completed_current_MP_hull_shift_utility_audit;not_strict_alpha_temporal_certificate;not_prospective_discovery;no_t1_label_used_for_selection
500,raw_topK,F-Os-Rb,1,0.0008396305625524769,1,1,completed_current_MP_hull_shift_utility_audit;not_strict_alpha_temporal_certificate;not_prospective_discovery;no_t1_label_used_for_selection
500,raw_topK,F-P-Rb,1,0.0008396305625524769,0,0,completed_current_MP_hull_shift_utility_audit;not_strict_alpha_temporal_certificate;not_prospective_discovery;no_t1_label_used_for_selection
500,raw_topK,F-Pa-Pb,1,0.0008396305625524769,0,0,completed_current_MP_hull_shift_utility_audit;not_strict_alpha_temporal_certificate;not_prospective_discovery;no_t1_label_used_for_selection
500,raw_topK,F-Pa-Pr,1,0.0008396305625524769,1,1,completed_current_MP_hull_shift_utility_audit;not_strict_alpha_temporal_certificate;not_prospective_discovery;no_t1_label_used_for_selection
500,raw_topK,F-Pa-Pt,1,0.0008396305625524769,1,1,completed_current_MP_hull_shift_utility_audit;not_strict_alpha_temporal_certificate;not_prospective_discovery;no_t1_label_used_for_selection
500,raw_topK,F-Pa-Pu,1,0.0008396305625524769,0,0,completed_current_MP_hull_shift_utility_audit;not_strict_alpha_temporal_certificate;not_prospective_discovery;no_t1_label_used_for_selection
500,raw_topK,F-Pa-Rh,1,0.0008396305625524769,1,1,completed_current_MP_hull_shift_utility_audit;not_strict_alpha_temporal_certificate;not_prospective_discovery;no_t1_label_used_for_selection
500,raw_topK,F-Pa-Ru,1,0.0008396305625524769,1,1,completed_current_MP_hull_shift_utility_audit;not_strict_alpha_temporal_certificate;not_prospective_discovery;no_t1_label_used_for_selection
500,raw_topK,F-Pa-Sc,1,0.0008396305625524769,1,1,completed_current_MP_hull_shift_utility_audit;not_strict_alpha_temporal_certificate;not_prospective_discovery;no_t1_label_used_for_selection
500,raw_topK,F-Pa-Si,1,0.0008396305625524769,0,0,completed_current_MP_hull_shift_utility_audit;not_strict_alpha_temporal_certificate;not_prospective_discovery;no_t1_label_used_for_selection
500,raw_topK,F-Pa-Sm,1,0.0008396305625524769,1,1,completed_current_MP_hull_shift_utility_audit;not_strict_alpha_temporal_certificate;not_prospective_discovery;no_t1_label_used_for_selection
500,raw_topK,F-Pa-Sr,1,0.0008396305625524769,1,1,completed_current_MP_hull_shift_utility_audit;not_strict_alpha_temporal_certificate;not_prospective_discovery;no_t1_label_used_for_selection
500,raw_topK,F-Pa-Tb,1,0.0008396305625524769,1,1,completed_current_MP_hull_shift_utility_audit;not_strict_alpha_temporal_certificate;not_prospective_discovery;no_t1_label_used_for_selection
500,raw_topK,F-Pa-Th,1,0.0008396305625524769,1,1,completed_current_MP_hull_shift_utility_audit;not_strict_alpha_temporal_certificate;not_prospective_discovery;no_t1_label_used_for_selection
500,raw_topK,F-Pa-Tm,1,0.0008396305625524769,0,0,completed_current_MP_hull_shift_utility_audit;not_strict_alpha_temporal_certificate;not_prospective_discovery;no_t1_label_used_for_selection
500,raw_topK,F-Pa-U,1,0.0008396305625524769,0,0,completed_current_MP_hull_shift_utility_audit;not_strict_alpha_temporal_certificate;not_prospective_discovery;no_t1_label_used_for_selection
500,raw_topK,F-Pa-V,1,0.0008396305625524769,1,1,completed_current_MP_hull_shift_utility_audit;not_strict_alpha_temporal_certificate;not_prospective_discovery;no_t1_label_used_for_selection
500,raw_topK,F-Pa-Y,1,0.0008396305625524769,1,1,completed_current_MP_hull_shift_utility_audit;not_strict_alpha_temporal_certificate;not_prospective_discovery;no_t1_label_used_for_selection
500,raw_topK,F-Pa-Yb,1,0.0008396305625524769,1,0,completed_current_MP_hull_shift_utility_audit;not_strict_alpha_temporal_certificate;not_prospective_discovery;no_t1_label_used_for_selection
500,raw_topK,F-Pa-Zn,1,0.0008396305625524769,0,0,completed_current_MP_hull_shift_utility_audit;not_strict_alpha_temporal_certificate;not_prospective_discovery;no_t1_label_used_for_selection
500,raw_topK,F-Pa-Zr,1,0.0008396305625524769,1,1,completed_current_MP_hull_shift_utility_audit;not_strict_alpha_temporal_certificate;not_prospective_discovery;no_t1_label_used_for_selection
500,raw_topK,F-Pb-Sr,1,0.0008396305625524769,1,1,completed_current_MP_hull_shift_utility_audit;not_strict_alpha_temporal_certificate;not_prospective_discovery;no_t1_label_used_for_selection
500,raw_topK,F-Pd,1,0.0008396305625524769,1,1,completed_current_MP_hull_shift_utility_audit;not_strict_alpha_temporal_certificate;not_prospective_discovery;no_t1_label_used_for_selection
500,raw_topK,F-Pd-Rb,1,0.0008396305625524769,1,1,completed_current_MP_hull_shift_utility_audit;not_strict_alpha_temporal_certificate;not_prospective_discovery;no_t1_label_used_for_selection
500,raw_topK,F-Pr,1,0.0008396305625524769,1,0,completed_current_MP_hull_shift_utility_audit;not_strict_alpha_temporal_certificate;not_prospective_discovery;no_t1_label_used_for_selection
500,raw_topK,F-Pr-Rb,1,0.0008396305625524769,1,0,completed_current_MP_hull_shift_utility_audit;not_strict_alpha_temporal_certificate;not_prospective_discovery;no_t1_label_used_for_selection
500,raw_topK,F-Pu-Rb,1,0.0008396305625524769,0,0,completed_current_MP_hull_shift_utility_audit;not_strict_alpha_temporal_certificate;not_prospective_discovery;no_t1_label_used_for_selection
500,raw_topK,F-Rb-Sm,1,0.0008396305625524769,1,0,completed_current_MP_hull_shift_utility_audit;not_strict_alpha_temporal_certificate;not_prospective_discovery;no_t1_label_used_for_selection
500,raw_topK,F-Rb-Ti,1,0.0008396305625524769,0,0,completed_current_MP_hull_shift_utility_audit;not_strict_alpha_temporal_certificate;not_prospective_discovery;no_t1_label_used_for_selection
500,raw_topK,F-Rb-Y,1,0.0008396305625524769,1,0,completed_current_MP_hull_shift_utility_audit;not_strict_alpha_temporal_certificate;not_prospective_discovery;no_t1_label_used_for_selection
500,raw_topK,F-Sc,1,0.0008396305625524769,1,0,completed_current_MP_hull_shift_utility_audit;not_strict_alpha_temporal_certificate;not_prospective_discovery;no_t1_label_used_for_selection
500,raw_topK,F-Sc-Sr,1,0.0008396305625524769,1,0,completed_current_MP_hull_shift_utility_audit;not_strict_alpha_temporal_certificate;not_prospective_discovery;no_t1_label_used_for_selection
500,raw_topK,F-Sc-Yb,1,0.0008396305625524769,1,0,completed_current_MP_hull_shift_utility_audit;not_strict_alpha_temporal_certificate;not_prospective_discovery;no_t1_label_used_for_selection
500,raw_topK,F-Sr-Tm,1,0.0008396305625524769,1,1,completed_current_MP_hull_shift_utility_audit;not_strict_alpha_temporal_certificate;not_prospective_discovery;no_t1_label_used_for_selection
500,raw_topK,F-Sr-Yb,1,0.0008396305625524769,1,0,completed_current_MP_hull_shift_utility_audit;not_strict_alpha_temporal_certificate;not_prospective_discovery;no_t1_label_used_for_selection
500,raw_topK,F-Sr-Zn,1,0.0008396305625524769,1,0,completed_current_MP_hull_shift_utility_audit;not_strict_alpha_temporal_certificate;not_prospective_discovery;no_t1_label_used_for_selection
500,raw_topK,F-Tl-Tm,1,0.0008396305625524769,0,0,completed_current_MP_hull_shift_utility_audit;not_strict_alpha_temporal_certificate;not_prospective_discovery;no_t1_label_used_for_selection
500,raw_topK,F-Tl-Zn,1,0.0008396305625524769,0,0,completed_current_MP_hull_shift_utility_audit;not_strict_alpha_temporal_certificate;not_prospective_discovery;no_t1_label_used_for_selection
500,raw_topK,F-Tm,1,0.0008396305625524769,0,0,completed_current_MP_hull_shift_utility_audit;not_strict_alpha_temporal_certificate;not_prospective_discovery;no_t1_label_used_for_selection
500,raw_topK,F-V,1,0.0008396305625524769,1,0,completed_current_MP_hull_shift_utility_audit;not_strict_alpha_temporal_certificate;not_prospective_discovery;no_t1_label_used_for_selection
500,raw_topK,F-Y-Zn,1,0.0008396305625524769,1,0,completed_current_MP_hull_shift_utility_audit;not_strict_alpha_temporal_certificate;not_prospective_discovery;no_t1_label_used_for_selection
500,raw_topK,F-Yb-Zn,1,0.0008396305625524769,1,0,completed_current_MP_hull_shift_utility_audit;not_strict_alpha_temporal_certificate;not_prospective_discovery;no_t1_label_used_for_selection
500,raw_topK,F-Zn,1,0.0008396305625524769,0,0,completed_current_MP_hull_shift_utility_audit;not_strict_alpha_temporal_certificate;not_prospective_discovery;no_t1_label_used_for_selection
500,raw_topK,F-Zr,1,0.0008396305625524769,1,0,completed_current_MP_hull_shift_utility_audit;not_strict_alpha_temporal_certificate;not_prospective_discovery;no_t1_label_used_for_selection
500,raw_topK,Ga-Gd-I,1,0.0008396305625524769,1,1,completed_current_MP_hull_shift_utility_audit;not_strict_alpha_temporal_certificate;not_prospective_discovery;no_t1_label_used_for_selection
500,raw_topK,Ga-Pm-Pt,1,0.0008396305625524769,1,1,completed_current_MP_hull_shift_utility_audit;not_strict_alpha_temporal_certificate;not_prospective_discovery;no_t1_label_used_for_selection
500,raw_topK,Gd-I-Li,1,0.0008396305625524769,0,0,completed_current_MP_hull_shift_utility_audit;not_strict_alpha_temporal_certificate;not_prospective_discovery;no_t1_label_used_for_selection
500,raw_topK,Gd-I-Na,1,0.0008396305625524769,0,0,completed_current_MP_hull_shift_utility_audit;not_strict_alpha_temporal_certificate;not_prospective_discovery;no_t1_label_used_for_selection
500,raw_topK,Gd-I-O,1,0.0008396305625524769,1,1,completed_current_MP_hull_shift_utility_audit;not_strict_alpha_temporal_certificate;not_prospective_discovery;no_t1_label_used_for_selection
500,raw_topK,Gd-I-Pb,1,0.0008396305625524769,1,1,completed_current_MP_hull_shift_utility_audit;not_strict_alpha_temporal_certificate;not_prospective_discovery;no_t1_label_used_for_selection
500,raw_topK,Gd-I-Rh,1,0.0008396305625524769,1,1,completed_current_MP_hull_shift_utility_audit;not_strict_alpha_temporal_certificate;not_prospective_discovery;no_t1_label_used_for_selection
500,raw_topK,Gd-I-Ru,1,0.0008396305625524769,0,0,completed_current_MP_hull_shift_utility_audit;not_strict_alpha_temporal_certificate;not_prospective_discovery;no_t1_label_used_for_selection
500,raw_topK,Gd-I-S,1,0.0008396305625524769,0,0,completed_current_MP_hull_shift_utility_audit;not_strict_alpha_temporal_certificate;not_prospective_discovery;no_t1_label_used_for_selection
500,raw_topK,Gd-I-Se,1,0.0008396305625524769,0,0,completed_current_MP_hull_shift_utility_audit;not_strict_alpha_temporal_certificate;not_prospective_discovery;no_t1_label_used_for_selection
500,raw_topK,Gd-I-Sr,1,0.0008396305625524769,1,1,completed_current_MP_hull_shift_utility_audit;not_strict_alpha_temporal_certificate;not_prospective_discovery;no_t1_label_used_for_selection
500,raw_topK,Gd-I-Te,1,0.0008396305625524769,1,1,completed_current_MP_hull_shift_utility_audit;not_strict_alpha_temporal_certificate;not_prospective_discovery;no_t1_label_used_for_selection
500,raw_topK,Ge-Pm-Pt,1,0.0008396305625524769,0,0,completed_current_MP_hull_shift_utility_audit;not_strict_alpha_temporal_certificate;not_prospective_discovery;no_t1_label_used_for_selection
500,raw_topK,Ge-Pm-Te,1,0.0008396305625524769,0,0,completed_current_MP_hull_shift_utility_audit;not_strict_alpha_temporal_certificate;not_prospective_discovery;no_t1_label_used_for_selection
500,raw_topK,H-I-Np,1,0.0008396305625524769,0,0,completed_current_MP_hull_shift_utility_audit;not_strict_alpha_temporal_certificate;not_prospective_discovery;no_t1_label_used_for_selection
500,raw_topK,Ho-La-O,1,0.0008396305625524769,1,0,completed_current_MP_hull_shift_utility_audit;not_strict_alpha_temporal_certificate;not_prospective_discovery;no_t1_label_used_for_selection
500,raw_topK,Ho-Se,1,0.0008396305625524769,0,0,completed_current_MP_hull_shift_utility_audit;not_strict_alpha_temporal_certificate;not_prospective_discovery;no_t1_label_used_for_selection
500,raw_topK,I-La,1,0.0008396305625524769,0,0,completed_current_MP_hull_shift_utility_audit;not_strict_alpha_temporal_certificate;not_prospective_discovery;no_t1_label_used_for_selection
500,raw_topK,I-La-N,1,0.0008396305625524769,1,0,completed_current_MP_hull_shift_utility_audit;not_strict_alpha_temporal_certificate;not_prospective_discovery;no_t1_label_used_for_selection
500,raw_topK,I-Mo,1,0.0008396305625524769,1,1,completed_current_MP_hull_shift_utility_audit;not_strict_alpha_temporal_certificate;not_prospective_discovery;no_t1_label_used_for_selection
500,raw_topK,I-Np,1,0.0008396305625524769,0,0,completed_current_MP_hull_shift_utility_audit;not_strict_alpha_temporal_certificate;not_prospective_discovery;no_t1_label_used_for_selection
500,raw_topK,I-Sm,1,0.0008396305625524769,1,1,completed_current_MP_hull_shift_utility_audit;not_strict_alpha_temporal_certificate;not_prospective_discovery;no_t1_label_used_for_selection
500,raw_topK,I-V,1,0.0008396305625524769,0,0,completed_current_MP_hull_shift_utility_audit;not_strict_alpha_temporal_certificate;not_prospective_discovery;no_t1_label_used_for_selection
500,raw_topK,I-W,1,0.0008396305625524769,1,1,completed_current_MP_hull_shift_utility_audit;not_strict_alpha_temporal_certificate;not_prospective_discovery;no_t1_label_used_for_selection
500,raw_topK,In-Pa-Se,1,0.0008396305625524769,0,0,completed_current_MP_hull_shift_utility_audit;not_strict_alpha_temporal_certificate;not_prospective_discovery;no_t1_label_used_for_selection
500,raw_topK,In-Pm-Te,1,0.0008396305625524769,0,0,completed_current_MP_hull_shift_utility_audit;not_strict_alpha_temporal_certificate;not_prospective_discovery;no_t1_label_used_for_selection
500,raw_topK,K-Pa-Se,1,0.0008396305625524769,0,0,completed_current_MP_hull_shift_utility_audit;not_strict_alpha_temporal_certificate;not_prospective_discovery;no_t1_label_used_for_selection
500,raw_topK,K-Pa-Se-Zn,1,0.0008396305625524769,0,0,completed_current_MP_hull_shift_utility_audit;not_strict_alpha_temporal_certificate;not_prospective_discovery;no_t1_label_used_for_selection
500,raw_topK,K-Pa-Te,1,0.0008396305625524769,0,0,completed_current_MP_hull_shift_utility_audit;not_strict_alpha_temporal_certificate;not_prospective_discovery;no_t1_label_used_for_selection
500,raw_topK,K-Pm-Te,1,0.0008396305625524769,0,0,completed_current_MP_hull_shift_utility_audit;not_strict_alpha_temporal_certificate;not_prospective_discovery;no_t1_label_used_for_selection
500,raw_topK,La-Lu-O,1,0.0008396305625524769,1,0,completed_current_MP_hull_shift_utility_audit;not_strict_alpha_temporal_certificate;not_prospective_discovery;no_t1_label_used_for_selection
500,raw_topK,La-O,1,0.0008396305625524769,1,0,completed_current_MP_hull_shift_utility_audit;not_strict_alpha_temporal_certificate;not_prospective_discovery;no_t1_label_used_for_selection
500,raw_topK,La-O-Tm,1,0.0008396305625524769,1,0,completed_current_MP_hull_shift_utility_audit;not_strict_alpha_temporal_certificate;not_prospective_discovery;no_t1_label_used_for_selection
500,raw_topK,Li-Pm-Te,1,0.0008396305625524769,1,1,completed_current_MP_hull_shift_utility_audit;not_strict_alpha_temporal_certificate;not_prospective_discovery;no_t1_label_used_for_selection
500,raw_topK,Mg-Pm-Te,1,0.0008396305625524769,0,0,completed_current_MP_hull_shift_utility_audit;not_strict_alpha_temporal_certificate;not_prospective_discovery;no_t1_label_used_for_selection
500,raw_topK,Mn-Pm-Te,1,0.0008396305625524769,0,0,completed_current_MP_hull_shift_utility_audit;not_strict_alpha_temporal_certificate;not_prospective_discovery;no_t1_label_used_for_selection
500,raw_topK,Mn-Se,1,0.0008396305625524769,0,0,completed_current_MP_hull_shift_utility_audit;not_strict_alpha_temporal_certificate;not_prospective_discovery;no_t1_label_used_for_selection
500,raw_topK,Na-Pa-Te,1,0.0008396305625524769,1,1,completed_current_MP_hull_shift_utility_audit;not_strict_alpha_temporal_certificate;not_prospective_discovery;no_t1_label_used_for_selection
500,raw_topK,Ni-Pm-Te,1,0.0008396305625524769,1,1,completed_current_MP_hull_shift_utility_audit;not_strict_alpha_temporal_certificate;not_prospective_discovery;no_t1_label_used_for_selection
500,raw_topK,Np-Pt-Rb-Te,1,0.0008396305625524769,1,0,completed_current_MP_hull_shift_utility_audit;not_strict_alpha_temporal_certificate;not_prospective_discovery;no_t1_label_used_for_selection
500,raw_topK,Np-S-Te,1,0.0008396305625524769,1,1,completed_current_MP_hull_shift_utility_audit;not_strict_alpha_temporal_certificate;not_prospective_discovery;no_t1_label_used_for_selection
500,raw_topK,Np-Se,1,0.0008396305625524769,0,0,completed_current_MP_hull_shift_utility_audit;not_strict_alpha_temporal_certificate;not_prospective_discovery;no_t1_label_used_for_selection
500,raw_topK,Np-Se-Te,1,0.0008396305625524769,1,1,completed_current_MP_hull_shift_utility_audit;not_strict_alpha_temporal_certificate;not_prospective_discovery;no_t1_label_used_for_selection
500,raw_topK,P-Pa-Se,1,0.0008396305625524769,0,0,completed_current_MP_hull_shift_utility_audit;not_strict_alpha_temporal_certificate;not_prospective_discovery;no_t1_label_used_for_selection
500,raw_topK,P-Pm-Pt,1,0.0008396305625524769,0,0,completed_current_MP_hull_shift_utility_audit;not_strict_alpha_temporal_certificate;not_prospective_discovery;no_t1_label_used_for_selection
500,raw_topK,Pa-Pb-Se,1,0.0008396305625524769,0,0,completed_current_MP_hull_shift_utility_audit;not_strict_alpha_temporal_certificate;not_prospective_discovery;no_t1_label_used_for_selection
500,raw_topK,Pa-Rb-Se-Zn,1,0.0008396305625524769,0,0,completed_current_MP_hull_shift_utility_audit;not_strict_alpha_temporal_certificate;not_prospective_discovery;no_t1_label_used_for_selection
500,raw_topK,Pa-Rb-Te,1,0.0008396305625524769,0,0,completed_current_MP_hull_shift_utility_audit;not_strict_alpha_temporal_certificate;not_prospective_discovery;no_t1_label_used_for_selection
500,raw_topK,Pa-Se-Sn,1,0.0008396305625524769,0,0,completed_current_MP_hull_shift_utility_audit;not_strict_alpha_temporal_certificate;not_prospective_discovery;no_t1_label_used_for_selection
500,raw_topK,Pa-Se-Tl,1,0.0008396305625524769,0,0,completed_current_MP_hull_shift_utility_audit;not_strict_alpha_temporal_certificate;not_prospective_discovery;no_t1_label_used_for_selection
500,raw_topK,Pa-Te-Tl,1,0.0008396305625524769,1,1,completed_current_MP_hull_shift_utility_audit;not_strict_alpha_temporal_certificate;not_prospective_discovery;no_t1_label_used_for_selection
500,raw_topK,Pb-Pm-Te,1,0.0008396305625524769,0,0,completed_current_MP_hull_shift_utility_audit;not_strict_alpha_temporal_certificate;not_prospective_discovery;no_t1_label_used_for_selection
500,raw_topK,Pm-Pt-Sb,1,0.0008396305625524769,0,0,completed_current_MP_hull_shift_utility_audit;not_strict_alpha_temporal_certificate;not_prospective_discovery;no_t1_label_used_for_selection
500,raw_topK,Pm-Pt-Tl,1,0.0008396305625524769,0,0,completed_current_MP_hull_shift_utility_audit;not_strict_alpha_temporal_certificate;not_prospective_discovery;no_t1_label_used_for_selection
500,raw_topK,Pm-Rb-Te,1,0.0008396305625524769,0,0,completed_current_MP_hull_shift_utility_audit;not_strict_alpha_temporal_certificate;not_prospective_discovery;no_t1_label_used_for_selection
500,raw_topK,Pm-Si-Te,1,0.0008396305625524769,0,0,completed_current_MP_hull_shift_utility_audit;not_strict_alpha_temporal_certificate;not_prospective_discovery;no_t1_label_used_for_selection
500,raw_topK,Pm-Sn-Te,1,0.0008396305625524769,0,0,completed_current_MP_hull_shift_utility_audit;not_strict_alpha_temporal_certificate;not_prospective_discovery;no_t1_label_used_for_selection
500,raw_topK,Pm-Te-Zn,1,0.0008396305625524769,0,0,completed_current_MP_hull_shift_utility_audit;not_strict_alpha_temporal_certificate;not_prospective_discovery;no_t1_label_used_for_selection
500,raw_topK,Sc-Se,1,0.0008396305625524769,0,0,completed_current_MP_hull_shift_utility_audit;not_strict_alpha_temporal_certificate;not_prospective_discovery;no_t1_label_used_for_selection
500,raw_topK,Sc-Te,1,0.0008396305625524769,1,1,completed_current_MP_hull_shift_utility_audit;not_strict_alpha_temporal_certificate;not_prospective_discovery;no_t1_label_used_for_selection
500,raw_topK,Se-Tc,1,0.0008396305625524769,0,0,completed_current_MP_hull_shift_utility_audit;not_strict_alpha_temporal_certificate;not_prospective_discovery;no_t1_label_used_for_selection
500,raw_topK,Se-Ti,1,0.0008396305625524769,0,0,completed_current_MP_hull_shift_utility_audit;not_strict_alpha_temporal_certificate;not_prospective_discovery;no_t1_label_used_for_selection
500,raw_topK,Sr-Te,1,0.0008396305625524769,0,0,completed_current_MP_hull_shift_utility_audit;not_strict_alpha_temporal_certificate;not_prospective_discovery;no_t1_label_used_for_selection
500,raw_topR,Br-Er,14,0.06481481481481481,0,0,completed_current_MP_hull_shift_utility_audit;not_strict_alpha_temporal_certificate;not_prospective_discovery;no_t1_label_used_for_selection
500,raw_topR,Gd-I,12,0.05555555555555555,0,0,completed_current_MP_hull_shift_utility_audit;not_strict_alpha_temporal_certificate;not_prospective_discovery;no_t1_label_used_for_selection
500,raw_topR,Br-Er-N,6,0.027777777777777776,0,0,completed_current_MP_hull_shift_utility_audit;not_strict_alpha_temporal_certificate;not_prospective_discovery;no_t1_label_used_for_selection
500,raw_topR,Br-Er-Ge,4,0.018518518518518517,0,0,completed_current_MP_hull_shift_utility_audit;not_strict_alpha_temporal_certificate;not_prospective_discovery;no_t1_label_used_for_selection
500,raw_topR,Br-Er-H,4,0.018518518518518517,0,0,completed_current_MP_hull_shift_utility_audit;not_strict_alpha_temporal_certificate;not_prospective_discovery;no_t1_label_used_for_selection
500,raw_topR,Br-Er-K,4,0.018518518518518517,0,0,completed_current_MP_hull_shift_utility_audit;not_strict_alpha_temporal_certificate;not_prospective_discovery;no_t1_label_used_for_selection
500,raw_topR,Br-Er-Si,4,0.018518518518518517,0,0,completed_current_MP_hull_shift_utility_audit;not_strict_alpha_temporal_certificate;not_prospective_discovery;no_t1_label_used_for_selection
500,raw_topR,Br-Er-Sn,4,0.018518518518518517,0,0,completed_current_MP_hull_shift_utility_audit;not_strict_alpha_temporal_certificate;not_prospective_discovery;no_t1_label_used_for_selection
500,raw_topR,Cr-F-Pa,4,0.018518518518518517,0,0,completed_current_MP_hull_shift_utility_audit;not_strict_alpha_temporal_certificate;not_prospective_discovery;no_t1_label_used_for_selection
500,raw_topR,As-Br-Er,3,0.013888888888888888,0,0,completed_current_MP_hull_shift_utility_audit;not_strict_alpha_temporal_certificate;not_prospective_discovery;no_t1_label_used_for_selection
500,raw_topR,Br-Er-P,3,0.013888888888888888,0,0,completed_current_MP_hull_shift_utility_audit;not_strict_alpha_temporal_certificate;not_prospective_discovery;no_t1_label_used_for_selection
500,raw_topR,Br-Er-Rb,3,0.013888888888888888,0,0,completed_current_MP_hull_shift_utility_audit;not_strict_alpha_temporal_certificate;not_prospective_discovery;no_t1_label_used_for_selection
500,raw_topR,F-Fe-Pa,3,0.013888888888888888,0,0,completed_current_MP_hull_shift_utility_audit;not_strict_alpha_temporal_certificate;not_prospective_discovery;no_t1_label_used_for_selection
500,raw_topR,Gd-H-I,3,0.013888888888888888,0,0,completed_current_MP_hull_shift_utility_audit;not_strict_alpha_temporal_certificate;not_prospective_discovery;no_t1_label_used_for_selection
500,raw_topR,Pm-Te,3,0.013888888888888888,0,0,completed_current_MP_hull_shift_utility_audit;not_strict_alpha_temporal_certificate;not_prospective_discovery;no_t1_label_used_for_selection
500,raw_topR,Al-F-Pa,2,0.009259259259259259,2,2,completed_current_MP_hull_shift_utility_audit;not_strict_alpha_temporal_certificate;not_prospective_discovery;no_t1_label_used_for_selection
500,raw_topR,Ba-Br-Er,2,0.009259259259259259,0,0,completed_current_MP_hull_shift_utility_audit;not_strict_alpha_temporal_certificate;not_prospective_discovery;no_t1_label_used_for_selection
500,raw_topR,Ba-Ca-F,2,0.009259259259259259,2,0,completed_current_MP_hull_shift_utility_audit;not_strict_alpha_temporal_certificate;not_prospective_discovery;no_t1_label_used_for_selection
500,raw_topR,Ba-Cl,2,0.009259259259259259,2,1,completed_current_MP_hull_shift_utility_audit;not_strict_alpha_temporal_certificate;not_prospective_discovery;no_t1_label_used_for_selection
500,raw_topR,Bi-Gd-I,2,0.009259259259259259,2,2,completed_current_MP_hull_shift_utility_audit;not_strict_alpha_temporal_certificate;not_prospective_discovery;no_t1_label_used_for_selection
500,raw_topR,Br-Er-Ga,2,0.009259259259259259,0,0,completed_current_MP_hull_shift_utility_audit;not_strict_alpha_temporal_certificate;not_prospective_discovery;no_t1_label_used_for_selection
500,raw_topR,Br-Er-In,2,0.009259259259259259,2,2,completed_current_MP_hull_shift_utility_audit;not_strict_alpha_temporal_certificate;not_prospective_discovery;no_t1_label_used_for_selection
500,raw_topR,Br-Er-S,2,0.009259259259259259,0,0,completed_current_MP_hull_shift_utility_audit;not_strict_alpha_temporal_certificate;not_prospective_discovery;no_t1_label_used_for_selection
500,raw_topR,Br-Er-Sb,2,0.009259259259259259,0,0,completed_current_MP_hull_shift_utility_audit;not_strict_alpha_temporal_certificate;not_prospective_discovery;no_t1_label_used_for_selection
500,raw_topR,Br-Er-Se,2,0.009259259259259259,0,0,completed_current_MP_hull_shift_utility_audit;not_strict_alpha_temporal_certificate;not_prospective_discovery;no_t1_label_used_for_selection
500,raw_topR,Br-Mg,2,0.009259259259259259,0,0,completed_current_MP_hull_shift_utility_audit;not_strict_alpha_temporal_certificate;not_prospective_discovery;no_t1_label_used_for_selection
500,raw_topR,Ca-F,2,0.009259259259259259,2,0,completed_current_MP_hull_shift_utility_audit;not_strict_alpha_temporal_certificate;not_prospective_discovery;no_t1_label_used_for_selection
500,raw_topR,Ca-F-Yb,2,0.009259259259259259,2,0,completed_current_MP_hull_shift_utility_audit;not_strict_alpha_temporal_certificate;not_prospective_discovery;no_t1_label_used_for_selection
500,raw_topR,Ce-Cl,2,0.009259259259259259,0,0,completed_current_MP_hull_shift_utility_audit;not_strict_alpha_temporal_certificate;not_prospective_discovery;no_t1_label_used_for_selection
500,raw_topR,F-Li-Pa,2,0.009259259259259259,0,0,completed_current_MP_hull_shift_utility_audit;not_strict_alpha_temporal_certificate;not_prospective_discovery;no_t1_label_used_for_selection
500,raw_topR,F-Mn-Pa,2,0.009259259259259259,0,0,completed_current_MP_hull_shift_utility_audit;not_strict_alpha_temporal_certificate;not_prospective_discovery;no_t1_label_used_for_selection
500,raw_topR,F-Pa-Pd,2,0.009259259259259259,0,0,completed_current_MP_hull_shift_utility_audit;not_strict_alpha_temporal_certificate;not_prospective_discovery;no_t1_label_used_for_selection
500,raw_topR,F-Pa-Sn,2,0.009259259259259259,0,0,completed_current_MP_hull_shift_utility_audit;not_strict_alpha_temporal_certificate;not_prospective_discovery;no_t1_label_used_for_selection
500,raw_topR,F-Pa-Tl,2,0.009259259259259259,0,0,completed_current_MP_hull_shift_utility_audit;not_strict_alpha_temporal_certificate;not_prospective_discovery;no_t1_label_used_for_selection
500,raw_topR,F-Sr,2,0.009259259259259259,2,0,completed_current_MP_hull_shift_utility_audit;not_strict_alpha_temporal_certificate;not_prospective_discovery;no_t1_label_used_for_selection
500,raw_topR,Gd-I-Sb,2,0.009259259259259259,0,0,completed_current_MP_hull_shift_utility_audit;not_strict_alpha_temporal_certificate;not_prospective_discovery;no_t1_label_used_for_selection
500,raw_topR,Pm-Pt,2,0.009259259259259259,0,0,completed_current_MP_hull_shift_utility_audit;not_strict_alpha_temporal_certificate;not_prospective_discovery;no_t1_label_used_for_selection
500,raw_topR,Ac-K-Se,1,0.004629629629629629,0,0,completed_current_MP_hull_shift_utility_audit;not_strict_alpha_temporal_certificate;not_prospective_discovery;no_t1_label_used_for_selection
500,raw_topR,Ac-Na-Se,1,0.004629629629629629,0,0,completed_current_MP_hull_shift_utility_audit;not_strict_alpha_temporal_certificate;not_prospective_discovery;no_t1_label_used_for_selection
500,raw_topR,Ac-Pt,1,0.004629629629629629,0,0,completed_current_MP_hull_shift_utility_audit;not_strict_alpha_temporal_certificate;not_prospective_discovery;no_t1_label_used_for_selection
500,raw_topR,Ac-Se,1,0.004629629629629629,0,0,completed_current_MP_hull_shift_utility_audit;not_strict_alpha_temporal_certificate;not_prospective_discovery;no_t1_label_used_for_selection
500,raw_topR,Ac-Te,1,0.004629629629629629,0,0,completed_current_MP_hull_shift_utility_audit;not_strict_alpha_temporal_certificate;not_prospective_discovery;no_t1_label_used_for_selection
500,raw_topR,Ag-Pm-Te,1,0.004629629629629629,1,1,completed_current_MP_hull_shift_utility_audit;not_strict_alpha_temporal_certificate;not_prospective_discovery;no_t1_label_used_for_selection
500,raw_topR,As-Gd-I,1,0.004629629629629629,0,0,completed_current_MP_hull_shift_utility_audit;not_strict_alpha_temporal_certificate;not_prospective_discovery;no_t1_label_used_for_selection
500,raw_topR,Ba-Br,1,0.004629629629629629,0,0,completed_current_MP_hull_shift_utility_audit;not_strict_alpha_temporal_certificate;not_prospective_discovery;no_t1_label_used_for_selection
500,raw_topR,Ba-Cd-F,1,0.004629629629629629,1,0,completed_current_MP_hull_shift_utility_audit;not_strict_alpha_temporal_certificate;not_prospective_discovery;no_t1_label_used_for_selection
500,raw_topR,Ba-F,1,0.004629629629629629,1,0,completed_current_MP_hull_shift_utility_audit;not_strict_alpha_temporal_certificate;not_prospective_discovery;no_t1_label_used_for_selection
500,raw_topR,Ba-F-Hg,1,0.004629629629629629,1,1,completed_current_MP_hull_shift_utility_audit;not_strict_alpha_temporal_certificate;not_prospective_discovery;no_t1_label_used_for_selection
500,raw_topR,Ba-F-Li-Pa,1,0.004629629629629629,1,1,completed_current_MP_hull_shift_utility_audit;not_strict_alpha_temporal_certificate;not_prospective_discovery;no_t1_label_used_for_selection
500,raw_topR,Ba-F-Mg,1,0.004629629629629629,1,0,completed_current_MP_hull_shift_utility_audit;not_strict_alpha_temporal_certificate;not_prospective_discovery;no_t1_label_used_for_selection
500,raw_topR,Ba-F-Pa,1,0.004629629629629629,1,1,completed_current_MP_hull_shift_utility_audit;not_strict_alpha_temporal_certificate;not_prospective_discovery;no_t1_label_used_for_selection
500,raw_topR,Ba-F-Sr,1,0.004629629629629629,1,0,completed_current_MP_hull_shift_utility_audit;not_strict_alpha_temporal_certificate;not_prospective_discovery;no_t1_label_used_for_selection
500,raw_topR,Ba-Gd-I,1,0.004629629629629629,1,1,completed_current_MP_hull_shift_utility_audit;not_strict_alpha_temporal_certificate;not_prospective_discovery;no_t1_label_used_for_selection
500,raw_topR,Br-Ce,1,0.004629629629629629,0,0,completed_current_MP_hull_shift_utility_audit;not_strict_alpha_temporal_certificate;not_prospective_discovery;no_t1_label_used_for_selection
500,raw_topR,Br-Cl-Er,1,0.004629629629629629,0,0,completed_current_MP_hull_shift_utility_audit;not_strict_alpha_temporal_certificate;not_prospective_discovery;no_t1_label_used_for_selection
500,raw_topR,Br-Cu-Er,1,0.004629629629629629,0,0,completed_current_MP_hull_shift_utility_audit;not_strict_alpha_temporal_certificate;not_prospective_discovery;no_t1_label_used_for_selection
500,raw_topR,Br-Er-F,1,0.004629629629629629,1,1,completed_current_MP_hull_shift_utility_audit;not_strict_alpha_temporal_certificate;not_prospective_discovery;no_t1_label_used_for_selection
500,raw_topR,Br-Er-K-Rb,1,0.004629629629629629,0,0,completed_current_MP_hull_shift_utility_audit;not_strict_alpha_temporal_certificate;not_prospective_discovery;no_t1_label_used_for_selection
500,raw_topR,Br-Er-Li-Rb,1,0.004629629629629629,0,0,completed_current_MP_hull_shift_utility_audit;not_strict_alpha_temporal_certificate;not_prospective_discovery;no_t1_label_used_for_selection
500,raw_topR,Br-Er-Na-Rb,1,0.004629629629629629,0,0,completed_current_MP_hull_shift_utility_audit;not_strict_alpha_temporal_certificate;not_prospective_discovery;no_t1_label_used_for_selection
500,raw_topR,Br-Er-Ni,1,0.004629629629629629,1,1,completed_current_MP_hull_shift_utility_audit;not_strict_alpha_temporal_certificate;not_prospective_discovery;no_t1_label_used_for_selection
500,raw_topR,Br-Er-Pb,1,0.004629629629629629,0,0,completed_current_MP_hull_shift_utility_audit;not_strict_alpha_temporal_certificate;not_prospective_discovery;no_t1_label_used_for_selection
500,raw_topR,Ca-Cd-F,1,0.004629629629629629,1,0,completed_current_MP_hull_shift_utility_audit;not_strict_alpha_temporal_certificate;not_prospective_discovery;no_t1_label_used_for_selection
500,raw_topR,Ca-F-Li-Pa,1,0.004629629629629629,1,1,completed_current_MP_hull_shift_utility_audit;not_strict_alpha_temporal_certificate;not_prospective_discovery;no_t1_label_used_for_selection
500,raw_topR,Ca-F-Pa,1,0.004629629629629629,1,1,completed_current_MP_hull_shift_utility_audit;not_strict_alpha_temporal_certificate;not_prospective_discovery;no_t1_label_used_for_selection
500,raw_topR,Ca-F-Sr,1,0.004629629629629629,1,0,completed_current_MP_hull_shift_utility_audit;not_strict_alpha_temporal_certificate;not_prospective_discovery;no_t1_label_used_for_selection
500,raw_topR,Ca-Gd-I,1,0.004629629629629629,0,0,completed_current_MP_hull_shift_utility_audit;not_strict_alpha_temporal_certificate;not_prospective_discovery;no_t1_label_used_for_selection
500,raw_topR,Cd-F,1,0.004629629629629629,1,0,completed_current_MP_hull_shift_utility_audit;not_strict_alpha_temporal_certificate;not_prospective_discovery;no_t1_label_used_for_selection
500,raw_topR,Cd-F-Pa,1,0.004629629629629629,1,1,completed_current_MP_hull_shift_utility_audit;not_strict_alpha_temporal_certificate;not_prospective_discovery;no_t1_label_used_for_selection
500,raw_topR,Cd-F-Sr,1,0.004629629629629629,1,0,completed_current_MP_hull_shift_utility_audit;not_strict_alpha_temporal_certificate;not_prospective_discovery;no_t1_label_used_for_selection
500,raw_topR,Ce-F-Pa,1,0.004629629629629629,1,1,completed_current_MP_hull_shift_utility_audit;not_strict_alpha_temporal_certificate;not_prospective_discovery;no_t1_label_used_for_selection
500,raw_topR,Cl-Co,1,0.004629629629629629,0,0,completed_current_MP_hull_shift_utility_audit;not_strict_alpha_temporal_certificate;not_prospective_discovery;no_t1_label_used_for_selection
500,raw_topR,Cl-Dy,1,0.004629629629629629,1,0,completed_current_MP_hull_shift_utility_audit;not_strict_alpha_temporal_certificate;not_prospective_discovery;no_t1_label_used_for_selection
500,raw_topR,Cl-Ho,1,0.004629629629629629,1,0,completed_current_MP_hull_shift_utility_audit;not_strict_alpha_temporal_certificate;not_prospective_discovery;no_t1_label_used_for_selection
500,raw_topR,Cl-La,1,0.004629629629629629,0,0,completed_current_MP_hull_shift_utility_audit;not_strict_alpha_temporal_certificate;not_prospective_discovery;no_t1_label_used_for_selection
500,raw_topR,Cl-Mn,1,0.004629629629629629,0,0,completed_current_MP_hull_shift_utility_audit;not_strict_alpha_temporal_certificate;not_prospective_discovery;no_t1_label_used_for_selection
500,raw_topR,Co-F-Pa,1,0.004629629629629629,0,0,completed_current_MP_hull_shift_utility_audit;not_strict_alpha_temporal_certificate;not_prospective_discovery;no_t1_label_used_for_selection
500,raw_topR,Cu-F-Pa,1,0.004629629629629629,0,0,completed_current_MP_hull_shift_utility_audit;not_strict_alpha_temporal_certificate;not_prospective_discovery;no_t1_label_used_for_selection
500,raw_topR,Dy-F-Pa,1,0.004629629629629629,1,1,completed_current_MP_hull_shift_utility_audit;not_strict_alpha_temporal_certificate;not_prospective_discovery;no_t1_label_used_for_selection
500,raw_topR,Er-F-Pa,1,0.004629629629629629,1,1,completed_current_MP_hull_shift_utility_audit;not_strict_alpha_temporal_certificate;not_prospective_discovery;no_t1_label_used_for_selection
500,raw_topR,F-Ga-Pa,1,0.004629629629629629,0,0,completed_current_MP_hull_shift_utility_audit;not_strict_alpha_temporal_certificate;not_prospective_discovery;no_t1_label_used_for_selection
500,raw_topR,F-Gd-I,1,0.004629629629629629,1,1,completed_current_MP_hull_shift_utility_audit;not_strict_alpha_temporal_certificate;not_prospective_discovery;no_t1_label_used_for_selection
500,raw_topR,F-Ge-Pa,1,0.004629629629629629,0,0,completed_current_MP_hull_shift_utility_audit;not_strict_alpha_temporal_certificate;not_prospective_discovery;no_t1_label_used_for_selection
500,raw_topR,F-Hg-Pa,1,0.004629629629629629,0,0,completed_current_MP_hull_shift_utility_audit;not_strict_alpha_temporal_certificate;not_prospective_discovery;no_t1_label_used_for_selection
500,raw_topR,F-Hg-Sr,1,0.004629629629629629,1,1,completed_current_MP_hull_shift_utility_audit;not_strict_alpha_temporal_certificate;not_prospective_discovery;no_t1_label_used_for_selection
500,raw_topR,F-Ho-Pa,1,0.004629629629629629,1,1,completed_current_MP_hull_shift_utility_audit;not_strict_alpha_temporal_certificate;not_prospective_discovery;no_t1_label_used_for_selection
500,raw_topR,F-In-Pa,1,0.004629629629629629,0,0,completed_current_MP_hull_shift_utility_audit;not_strict_alpha_temporal_certificate;not_prospective_discovery;no_t1_label_used_for_selection
500,raw_topR,F-K-La,1,0.004629629629629629,1,0,completed_current_MP_hull_shift_utility_audit;not_strict_alpha_temporal_certificate;not_prospective_discovery;no_t1_label_used_for_selection
500,raw_topR,F-La-Pa,1,0.004629629629629629,1,1,completed_current_MP_hull_shift_utility_audit;not_strict_alpha_temporal_certificate;not_prospective_discovery;no_t1_label_used_for_selection
500,raw_topR,F-Li-Pa-Sr,1,0.004629629629629629,1,1,completed_current_MP_hull_shift_utility_audit;not_strict_alpha_temporal_certificate;not_prospective_discovery;no_t1_label_used_for_selection
500,raw_topR,F-Li-Pa-Yb,1,0.004629629629629629,1,0,completed_current_MP_hull_shift_utility_audit;not_strict_alpha_temporal_certificate;not_prospective_discovery;no_t1_label_used_for_selection
500,raw_topR,F-Lu-Pa,1,0.004629629629629629,1,1,completed_current_MP_hull_shift_utility_audit;not_strict_alpha_temporal_certificate;not_prospective_discovery;no_t1_label_used_for_selection
500,raw_topR,F-Mg-Pa,1,0.004629629629629629,1,1,completed_current_MP_hull_shift_utility_audit;not_strict_alpha_temporal_certificate;not_prospective_discovery;no_t1_label_used_for_selection
500,raw_topR,F-Mg-Tm,1,0.004629629629629629,1,1,completed_current_MP_hull_shift_utility_audit;not_strict_alpha_temporal_certificate;not_prospective_discovery;no_t1_label_used_for_selection
500,raw_topR,F-N-Pa,1,0.004629629629629629,0,0,completed_current_MP_hull_shift_utility_audit;not_strict_alpha_temporal_certificate;not_prospective_discovery;no_t1_label_used_for_selection
500,raw_topR,F-Na-Pa,1,0.004629629629629629,0,0,completed_current_MP_hull_shift_utility_audit;not_strict_alpha_temporal_certificate;not_prospective_discovery;no_t1_label_used_for_selection
500,raw_topR,F-Nb-Pa,1,0.004629629629629629,0,0,completed_current_MP_hull_shift_utility_audit;not_strict_alpha_temporal_certificate;not_prospective_discovery;no_t1_label_used_for_selection
500,raw_topR,F-Nd-Pa,1,0.004629629629629629,1,1,completed_current_MP_hull_shift_utility_audit;not_strict_alpha_temporal_certificate;not_prospective_discovery;no_t1_label_used_for_selection
500,raw_topR,F-Ni-Pa,1,0.004629629629629629,0,0,completed_current_MP_hull_shift_utility_audit;not_strict_alpha_temporal_certificate;not_prospective_discovery;no_t1_label_used_for_selection
500,raw_topR,F-O-Pa,1,0.004629629629629629,0,0,completed_current_MP_hull_shift_utility_audit;not_strict_alpha_temporal_certificate;not_prospective_discovery;no_t1_label_used_for_selection
500,raw_topR,F-Pa-Pb,1,0.004629629629629629,0,0,completed_current_MP_hull_shift_utility_audit;not_strict_alpha_temporal_certificate;not_prospective_discovery;no_t1_label_used_for_selection
500,raw_topR,F-Pa-Pr,1,0.004629629629629629,1,1,completed_current_MP_hull_shift_utility_audit;not_strict_alpha_temporal_certificate;not_prospective_discovery;no_t1_label_used_for_selection
500,raw_topR,F-Pa-Pt,1,0.004629629629629629,1,1,completed_current_MP_hull_shift_utility_audit;not_strict_alpha_temporal_certificate;not_prospective_discovery;no_t1_label_used_for_selection
500,raw_topR,F-Pa-Pu,1,0.004629629629629629,0,0,completed_current_MP_hull_shift_utility_audit;not_strict_alpha_temporal_certificate;not_prospective_discovery;no_t1_label_used_for_selection
500,raw_topR,F-Pa-Rh,1,0.004629629629629629,1,1,completed_current_MP_hull_shift_utility_audit;not_strict_alpha_temporal_certificate;not_prospective_discovery;no_t1_label_used_for_selection
500,raw_topR,F-Pa-Ru,1,0.004629629629629629,1,1,completed_current_MP_hull_shift_utility_audit;not_strict_alpha_temporal_certificate;not_prospective_discovery;no_t1_label_used_for_selection
500,raw_topR,F-Pa-Sc,1,0.004629629629629629,1,1,completed_current_MP_hull_shift_utility_audit;not_strict_alpha_temporal_certificate;not_prospective_discovery;no_t1_label_used_for_selection
500,raw_topR,F-Pa-Si,1,0.004629629629629629,0,0,completed_current_MP_hull_shift_utility_audit;not_strict_alpha_temporal_certificate;not_prospective_discovery;no_t1_label_used_for_selection
500,raw_topR,F-Pa-Sm,1,0.004629629629629629,1,1,completed_current_MP_hull_shift_utility_audit;not_strict_alpha_temporal_certificate;not_prospective_discovery;no_t1_label_used_for_selection
500,raw_topR,F-Pa-Sr,1,0.004629629629629629,1,1,completed_current_MP_hull_shift_utility_audit;not_strict_alpha_temporal_certificate;not_prospective_discovery;no_t1_label_used_for_selection
500,raw_topR,F-Pa-Tb,1,0.004629629629629629,1,1,completed_current_MP_hull_shift_utility_audit;not_strict_alpha_temporal_certificate;not_prospective_discovery;no_t1_label_used_for_selection
500,raw_topR,F-Pa-Th,1,0.004629629629629629,1,1,completed_current_MP_hull_shift_utility_audit;not_strict_alpha_temporal_certificate;not_prospective_discovery;no_t1_label_used_for_selection
500,raw_topR,F-Pa-Tm,1,0.004629629629629629,0,0,completed_current_MP_hull_shift_utility_audit;not_strict_alpha_temporal_certificate;not_prospective_discovery;no_t1_label_used_for_selection
500,raw_topR,F-Pa-V,1,0.004629629629629629,1,1,completed_current_MP_hull_shift_utility_audit;not_strict_alpha_temporal_certificate;not_prospective_discovery;no_t1_label_used_for_selection
500,raw_topR,F-Pa-Y,1,0.004629629629629629,1,1,completed_current_MP_hull_shift_utility_audit;not_strict_alpha_temporal_certificate;not_prospective_discovery;no_t1_label_used_for_selection
500,raw_topR,F-Pa-Yb,1,0.004629629629629629,1,0,completed_current_MP_hull_shift_utility_audit;not_strict_alpha_temporal_certificate;not_prospective_discovery;no_t1_label_used_for_selection
500,raw_topR,F-Pa-Zn,1,0.004629629629629629,0,0,completed_current_MP_hull_shift_utility_audit;not_strict_alpha_temporal_certificate;not_prospective_discovery;no_t1_label_used_for_selection
500,raw_topR,F-Pa-Zr,1,0.004629629629629629,1,1,completed_current_MP_hull_shift_utility_audit;not_strict_alpha_temporal_certificate;not_prospective_discovery;no_t1_label_used_for_selection
500,raw_topR,F-Sr-Zn,1,0.004629629629629629,1,0,completed_current_MP_hull_shift_utility_audit;not_strict_alpha_temporal_certificate;not_prospective_discovery;no_t1_label_used_for_selection
500,raw_topR,F-Tm,1,0.004629629629629629,0,0,completed_current_MP_hull_shift_utility_audit;not_strict_alpha_temporal_certificate;not_prospective_discovery;no_t1_label_used_for_selection
500,raw_topR,F-Tm-Zn,1,0.004629629629629629,0,0,completed_current_MP_hull_shift_utility_audit;not_strict_alpha_temporal_certificate;not_prospective_discovery;no_t1_label_used_for_selection
500,raw_topR,Gd-Ge-I,1,0.004629629629629629,0,0,completed_current_MP_hull_shift_utility_audit;not_strict_alpha_temporal_certificate;not_prospective_discovery;no_t1_label_used_for_selection
500,raw_topR,Gd-I-Li,1,0.004629629629629629,0,0,completed_current_MP_hull_shift_utility_audit;not_strict_alpha_temporal_certificate;not_prospective_discovery;no_t1_label_used_for_selection
500,raw_topR,Gd-I-N,1,0.004629629629629629,0,0,completed_current_MP_hull_shift_utility_audit;not_strict_alpha_temporal_certificate;not_prospective_discovery;no_t1_label_used_for_selection
500,raw_topR,Gd-I-P,1,0.004629629629629629,0,0,completed_current_MP_hull_shift_utility_audit;not_strict_alpha_temporal_certificate;not_prospective_discovery;no_t1_label_used_for_selection
500,raw_topR,Gd-I-Se,1,0.004629629629629629,0,0,completed_current_MP_hull_shift_utility_audit;not_strict_alpha_temporal_certificate;not_prospective_discovery;no_t1_label_used_for_selection
500,raw_topR,Gd-I-Si,1,0.004629629629629629,0,0,completed_current_MP_hull_shift_utility_audit;not_strict_alpha_temporal_certificate;not_prospective_discovery;no_t1_label_used_for_selection
500,raw_topR,Gd-I-Sn,1,0.004629629629629629,0,0,completed_current_MP_hull_shift_utility_audit;not_strict_alpha_temporal_certificate;not_prospective_discovery;no_t1_label_used_for_selection
500,raw_topR,Gd-I-Sr,1,0.004629629629629629,1,1,completed_current_MP_hull_shift_utility_audit;not_strict_alpha_temporal_certificate;not_prospective_discovery;no_t1_label_used_for_selection
500,raw_topR,Gd-I-Te,1,0.004629629629629629,1,1,completed_current_MP_hull_shift_utility_audit;not_strict_alpha_temporal_certificate;not_prospective_discovery;no_t1_label_used_for_selection
500,raw_topR,K-Pm-Te,1,0.004629629629629629,0,0,completed_current_MP_hull_shift_utility_audit;not_strict_alpha_temporal_certificate;not_prospective_discovery;no_t1_label_used_for_selection
500,raw_topR,Li-Pm-Te,1,0.004629629629629629,1,1,completed_current_MP_hull_shift_utility_audit;not_strict_alpha_temporal_certificate;not_prospective_discovery;no_t1_label_used_for_selection
500,raw_topR,Np-Se,1,0.004629629629629629,0,0,completed_current_MP_hull_shift_utility_audit;not_strict_alpha_temporal_certificate;not_prospective_discovery;no_t1_label_used_for_selection
500,raw_topR,Pa-Rb-Se,1,0.004629629629629629,0,0,completed_current_MP_hull_shift_utility_audit;not_strict_alpha_temporal_certificate;not_prospective_discovery;no_t1_label_used_for_selection
500,raw_topR,Se-Tc,1,0.004629629629629629,0,0,completed_current_MP_hull_shift_utility_audit;not_strict_alpha_temporal_certificate;not_prospective_discovery;no_t1_label_used_for_selection
