candidate_id,formula,block_id,stable_DFT,mace_energy_per_atom,mace_score_status,mace_error,score_order,structure_source
wbm-1-1,Ac6 U2,2|Ac-U,False,-5.327646255493164,scored,,1,local_private_WBM_raw_structure_cache_not_distributed
wbm-1-2,Ac1 Th3,2|Ac-Th,False,-6.447301387786865,scored,,2,local_private_WBM_raw_structure_cache_not_distributed
wbm-1-4,Ag2 Au1 Hg1,3|Ag-Au,False,-2.2824761867523193,scored,,3,local_private_WBM_raw_structure_cache_not_distributed
wbm-1-5,Ag2 Ba1 La1,3|Ag-Ba,False,-3.3314290046691895,scored,,4,local_private_WBM_raw_structure_cache_not_distributed
wbm-1-9,Ac1 Ag2 Bi1,3|Ac-Ag,True,-3.786324977874756,scored,,5,local_private_WBM_raw_structure_cache_not_distributed
wbm-1-10,Ag4 Bi2,2|Ag-Bi,False,-3.1029675801595054,scored,,6,local_private_WBM_raw_structure_cache_not_distributed
wbm-1-11,Ag2 Cd1 Hf1,3|Ag-Cd,False,-4.156299114227295,scored,,7,local_private_WBM_raw_structure_cache_not_distributed
wbm-1-18,Ag2 Ce1 Hg1,3|Ag-Ce,False,-3.1440269947052,scored,,8,local_private_WBM_raw_structure_cache_not_distributed
wbm-1-19,Ag2 Ce1,2|Ag-Ce,False,-3.9793504079182944,scored,,9,local_private_WBM_raw_structure_cache_not_distributed
wbm-1-22,Ag2 Cs1 La1,3|Ag-Cs,False,-2.62780499458313,scored,,10,local_private_WBM_raw_structure_cache_not_distributed
wbm-1-23,Ag8 Cs4,2|Ag-Cs,False,-2.026352882385254,scored,,11,local_private_WBM_raw_structure_cache_not_distributed
wbm-1-24,Ag2 Dy1 Tl1,3|Ag-Dy,False,-3.405397415161133,scored,,12,local_private_WBM_raw_structure_cache_not_distributed
wbm-1-25,Ag4 Dy2,2|Ag-Dy,False,-3.7247581481933594,scored,,13,local_private_WBM_raw_structure_cache_not_distributed
wbm-1-26,Ag2 Er1 Tl1,3|Ag-Er,False,-3.3804783821105957,scored,,14,local_private_WBM_raw_structure_cache_not_distributed
wbm-1-27,Ag4 Er2,2|Ag-Er,False,-3.6998538970947266,scored,,15,local_private_WBM_raw_structure_cache_not_distributed
wbm-1-28,Ag2 Eu1,2|Ag-Eu,False,-5.53369140625,scored,,16,local_private_WBM_raw_structure_cache_not_distributed
wbm-1-29,Ag2 Hf1,2|Ag-Hf,False,-5.254452069600423,scored,,17,local_private_WBM_raw_structure_cache_not_distributed
wbm-1-31,Ag2 Ho1 Tl1,3|Ag-Ho,False,-3.3933217525482178,scored,,18,local_private_WBM_raw_structure_cache_not_distributed
wbm-1-32,Ag4 Ho2,2|Ag-Ho,False,-3.710127512613932,scored,,19,local_private_WBM_raw_structure_cache_not_distributed
wbm-1-36,Ag2 Hf1 In1,3|Ag-Hf,False,-4.679840564727783,scored,,20,local_private_WBM_raw_structure_cache_not_distributed
wbm-1-37,Ag2 In1 U1,3|Ag-In,False,-4.717224597930908,scored,,21,local_private_WBM_raw_structure_cache_not_distributed
wbm-1-38,Ag2 In1,2|Ag-In,False,-2.833065668741862,scored,,22,local_private_WBM_raw_structure_cache_not_distributed
wbm-1-41,Ag2 Bi1 La1,3|Ag-Bi,False,-4.026106834411621,scored,,23,local_private_WBM_raw_structure_cache_not_distributed
wbm-1-44,Ag2 La1 Pb1,3|Ag-La,False,-3.9146358966827393,scored,,24,local_private_WBM_raw_structure_cache_not_distributed
wbm-1-45,Ag2 La1,2|Ag-La,False,-3.784994125366211,scored,,25,local_private_WBM_raw_structure_cache_not_distributed
wbm-1-47,Ag2 Lu1 Tl1,3|Ag-Lu,False,-3.3516862392425537,scored,,26,local_private_WBM_raw_structure_cache_not_distributed
wbm-1-48,Ag4 Lu2,2|Ag-Lu,False,-3.6750497817993164,scored,,27,local_private_WBM_raw_structure_cache_not_distributed
wbm-1-49,Ag2 Nd1,2|Ag-Nd,False,-3.7367242177327475,scored,,28,local_private_WBM_raw_structure_cache_not_distributed
wbm-1-52,Ag4 Pb2,2|Ag-Pb,False,-3.073284149169922,scored,,29,local_private_WBM_raw_structure_cache_not_distributed
wbm-1-53,Ag2 Pr1,2|Ag-Pr,False,-3.729792594909668,scored,,30,local_private_WBM_raw_structure_cache_not_distributed
wbm-1-55,Ag2 Pu1,2|Ag-Pu,False,-6.566277186075847,scored,,31,local_private_WBM_raw_structure_cache_not_distributed
wbm-1-58,Ag2 Sm1,2|Ag-Sm,True,-3.738295555114746,scored,,32,local_private_WBM_raw_structure_cache_not_distributed
wbm-1-67,Ag2 Np1 Sn1,3|Ag-Np,False,-5.511106491088867,scored,,33,local_private_WBM_raw_structure_cache_not_distributed
wbm-1-68,Ag2 Pr1 Sn1,3|Ag-Pr,False,-4.0216264724731445,scored,,34,local_private_WBM_raw_structure_cache_not_distributed
wbm-1-69,Ag2 Sn1 Ta1,3|Ag-Sn,False,-5.15313196182251,scored,,35,local_private_WBM_raw_structure_cache_not_distributed
wbm-1-71,Ag2 Ba1 Sn1 Te4,4|Ag-Ba,False,-3.5506629943847656,scored,,36,local_private_WBM_raw_structure_cache_not_distributed
wbm-1-75,Ag6 Sn3,2|Ag-Sn,False,-3.1892401377360025,scored,,37,local_private_WBM_raw_structure_cache_not_distributed
wbm-1-77,Ag2 Ta1 Tl1,3|Ag-Ta,False,-4.614592552185059,scored,,38,local_private_WBM_raw_structure_cache_not_distributed
wbm-1-78,Ag2 Ta1,2|Ag-Ta,False,-5.599301656087239,scored,,39,local_private_WBM_raw_structure_cache_not_distributed
wbm-1-79,Ag4 Tb2,2|Ag-Tb,False,-3.7326927185058594,scored,,40,local_private_WBM_raw_structure_cache_not_distributed
wbm-1-80,Ag8 Te4,2|Ag-Te,False,-2.9768848419189453,scored,,41,local_private_WBM_raw_structure_cache_not_distributed
wbm-1-82,Ag2 Th1,2|Ag-Th,False,-4.494912147521973,scored,,42,local_private_WBM_raw_structure_cache_not_distributed
wbm-1-86,Ag2 Pu1 Tl1,3|Ag-Pu,False,-5.541601657867432,scored,,43,local_private_WBM_raw_structure_cache_not_distributed
wbm-1-87,Ag2 Th1 Tl1,3|Ag-Th,False,-4.004387855529785,scored,,44,local_private_WBM_raw_structure_cache_not_distributed
wbm-1-88,Ag2 Tl1 U1,3|Ag-Tl,False,-4.556705474853516,scored,,45,local_private_WBM_raw_structure_cache_not_distributed
wbm-1-90,Ag4 Tm2,2|Ag-Tm,False,-3.6668612162272134,scored,,46,local_private_WBM_raw_structure_cache_not_distributed
wbm-1-91,Ag2 U1,2|Ag-U,False,-5.4461415608723955,scored,,47,local_private_WBM_raw_structure_cache_not_distributed
wbm-1-94,Ac1 Ag3,2|Ac-Ag,False,-3.3295481204986572,scored,,48,local_private_WBM_raw_structure_cache_not_distributed
wbm-1-100,Ag3 Cd1,2|Ag-Cd,False,-2.3730554580688477,scored,,49,local_private_WBM_raw_structure_cache_not_distributed
wbm-1-104,Ag6 Gd2,2|Ag-Gd,False,-5.853532791137695,scored,,50,local_private_WBM_raw_structure_cache_not_distributed
wbm-1-109,Ag3 Ir1,2|Ag-Ir,False,-3.9661214351654053,scored,,51,local_private_WBM_raw_structure_cache_not_distributed
wbm-1-114,Ag6 Np2,2|Ag-Np,False,-5.033546447753906,scored,,52,local_private_WBM_raw_structure_cache_not_distributed
wbm-1-119,Ag3 Pt1,2|Ag-Pt,False,-3.6217474937438965,scored,,53,local_private_WBM_raw_structure_cache_not_distributed
wbm-1-126,Ag3 Tl1,2|Ag-Tl,False,-2.627427339553833,scored,,54,local_private_WBM_raw_structure_cache_not_distributed
wbm-1-144,Ag4 Yb1,2|Ag-Yb,False,-2.8154937744140627,scored,,55,local_private_WBM_raw_structure_cache_not_distributed
wbm-1-159,Ag2 Ba2,2|Ag-Ba,False,-2.6641669273376465,scored,,56,local_private_WBM_raw_structure_cache_not_distributed
wbm-1-215,Ag1 Eu2 Ir1,3|Ag-Eu,False,-8.358240127563477,scored,,57,local_private_WBM_raw_structure_cache_not_distributed
wbm-1-220,Ag2 Gd2 Pb2,3|Ag-Gd,True,-7.298376719156901,scored,,58,local_private_WBM_raw_structure_cache_not_distributed
wbm-1-228,Ag1 Hg2 Np1,3|Ag-Hg,False,-3.910226821899414,scored,,59,local_private_WBM_raw_structure_cache_not_distributed
wbm-1-244,Ag2 I4 Pb2,3|Ag-I,False,-2.7004354000091553,scored,,60,local_private_WBM_raw_structure_cache_not_distributed
wbm-1-280,Ag1 Ir1 Np2,3|Ag-Ir,False,-9.11295223236084,scored,,61,local_private_WBM_raw_structure_cache_not_distributed
wbm-1-284,Ag4 I4,2|Ag-I,False,-2.285390853881836,scored,,62,local_private_WBM_raw_structure_cache_not_distributed
wbm-1-302,Ag1 Nd2 Os1,3|Ag-Nd,False,-6.020525932312012,scored,,63,local_private_WBM_raw_structure_cache_not_distributed
wbm-1-306,Ag1 Os1 Pu2,3|Ag-Os,False,-10.495189666748047,scored,,64,local_private_WBM_raw_structure_cache_not_distributed
wbm-1-310,Ag3 Pb3 Pu3,3|Ag-Pb,False,-6.845116509331597,scored,,65,local_private_WBM_raw_structure_cache_not_distributed
wbm-1-315,Ag1 Pm1,2|Ag-Pm,True,-4.05888557434082,scored,,66,local_private_WBM_raw_structure_cache_not_distributed
wbm-1-332,Ag2 Sb4 Sm2,3|Ag-Sb,True,-4.609315395355225,scored,,67,local_private_WBM_raw_structure_cache_not_distributed
wbm-1-337,Ag4 Sb8,2|Ag-Sb,False,-3.5799070994059243,scored,,68,local_private_WBM_raw_structure_cache_not_distributed
wbm-1-366,Ag2 Sm2 Sn2,3|Ag-Sm,True,-4.462557156880696,scored,,69,local_private_WBM_raw_structure_cache_not_distributed
wbm-1-387,Ag1 Tb2 Tl1,3|Ag-Tb,True,-3.9461302757263184,scored,,70,local_private_WBM_raw_structure_cache_not_distributed
wbm-1-415,Ag2 Pt2 Te4,3|Ag-Pt,False,-3.9506404399871826,scored,,71,local_private_WBM_raw_structure_cache_not_distributed
wbm-1-422,Ag2 Te4 Th2,3|Ag-Te,False,-4.92035436630249,scored,,72,local_private_WBM_raw_structure_cache_not_distributed
wbm-1-451,Ag2 Cs2 Hf2 Te6,4|Ag-Cs,True,-4.635436375935872,scored,,73,local_private_WBM_raw_structure_cache_not_distributed
wbm-1-483,Al11 Ba1,2|Al-Ba,False,-3.556535085042318,scored,,74,local_private_WBM_raw_structure_cache_not_distributed
wbm-1-484,Ag3 Al2 Ce1,3|Ag-Al,False,-3.8299430211385093,scored,,75,local_private_WBM_raw_structure_cache_not_distributed
wbm-1-504,Ag2 Al4,2|Ag-Al,False,-3.3674322764078775,scored,,76,local_private_WBM_raw_structure_cache_not_distributed
wbm-1-506,Al2 As2 Ba1,3|Al-As,False,-4.413348007202148,scored,,77,local_private_WBM_raw_structure_cache_not_distributed
wbm-1-510,Al2 As1,2|Al-As,False,-4.100954055786133,scored,,78,local_private_WBM_raw_structure_cache_not_distributed
wbm-1-511,Al2 Au3,2|Al-Au,False,-3.801725387573242,scored,,79,local_private_WBM_raw_structure_cache_not_distributed
wbm-1-512,Al2 Ba3 Pb2,3|Al-Ba,False,-3.335491180419922,scored,,80,local_private_WBM_raw_structure_cache_not_distributed
wbm-1-517,Al2 Bi1,2|Al-Bi,False,-3.400393486022949,scored,,81,local_private_WBM_raw_structure_cache_not_distributed
wbm-1-519,Al2 Br8 Pd1,3|Al-Br,True,-3.265363866632635,scored,,82,local_private_WBM_raw_structure_cache_not_distributed
wbm-1-521,Al4 Ca4 I2,3|Al-Ca,False,-3.2577880859375,scored,,83,local_private_WBM_raw_structure_cache_not_distributed
wbm-1-524,Ac1 Al2 Ca1,3|Ac-Al,False,-3.5902252197265625,scored,,84,local_private_WBM_raw_structure_cache_not_distributed
wbm-1-526,Al4 Au2 Ca2,3|Al-Au,True,-3.7435429096221924,scored,,85,local_private_WBM_raw_structure_cache_not_distributed
wbm-1-545,Al2 Ca1,2|Al-Ca,False,-3.399970054626465,scored,,86,local_private_WBM_raw_structure_cache_not_distributed
wbm-1-550,Al2 Cd2 La1,3|Al-Cd,False,-3.0795413970947267,scored,,87,local_private_WBM_raw_structure_cache_not_distributed
wbm-1-558,Al2 Ce1 Ir3,3|Al-Ce,False,-7.524161020914714,scored,,88,local_private_WBM_raw_structure_cache_not_distributed
wbm-1-559,Al2 Ce1,2|Al-Ce,False,-4.858669281005859,scored,,89,local_private_WBM_raw_structure_cache_not_distributed
wbm-1-561,Al4 Cl2 La4,3|Al-Cl,False,-4.777072906494141,scored,,90,local_private_WBM_raw_structure_cache_not_distributed
wbm-1-562,Al2 Co2 Se5,3|Al-Co,False,-4.801390753851996,scored,,91,local_private_WBM_raw_structure_cache_not_distributed
wbm-1-594,Al2 Co1,2|Al-Co,False,-5.26002311706543,scored,,92,local_private_WBM_raw_structure_cache_not_distributed
wbm-1-602,Al2 Cr1 Ir1,3|Al-Cr,False,-7.1121416091918945,scored,,93,local_private_WBM_raw_structure_cache_not_distributed
wbm-1-606,Al2 Cr1,2|Al-Cr,False,-5.829898198445638,scored,,94,local_private_WBM_raw_structure_cache_not_distributed
wbm-1-612,Al2 Cu3 La1,3|Al-Cu,False,-4.436543782552083,scored,,95,local_private_WBM_raw_structure_cache_not_distributed
wbm-1-627,Al2 Dy1 Pt3,3|Al-Dy,False,-6.110498428344727,scored,,96,local_private_WBM_raw_structure_cache_not_distributed
wbm-1-628,Al8 Dy4,2|Al-Dy,False,-4.538990656534831,scored,,97,local_private_WBM_raw_structure_cache_not_distributed
wbm-1-629,Al2 Er1 Pt3,3|Al-Er,False,-6.092444101969401,scored,,98,local_private_WBM_raw_structure_cache_not_distributed
wbm-1-630,Al8 Er4,2|Al-Er,False,-4.513308207194011,scored,,99,local_private_WBM_raw_structure_cache_not_distributed
wbm-1-631,Al4 Eu2,2|Al-Eu,False,-6.287930806477864,scored,,100,local_private_WBM_raw_structure_cache_not_distributed
wbm-1-632,Al2 Fe2 La1,3|Al-Fe,False,-6.039992141723633,scored,,101,local_private_WBM_raw_structure_cache_not_distributed
wbm-1-652,Al2 Fe1,2|Al-Fe,True,-5.588176727294922,scored,,102,local_private_WBM_raw_structure_cache_not_distributed
wbm-1-663,Al2 Ga2 Ho1,3|Al-Ga,False,-4.007794570922852,scored,,103,local_private_WBM_raw_structure_cache_not_distributed
wbm-1-684,Al8 Gd4,2|Al-Gd,False,-7.700925191243489,scored,,104,local_private_WBM_raw_structure_cache_not_distributed
wbm-1-688,Al2 Eu3 Ge2,3|Al-Eu,False,-7.234103611537388,scored,,105,local_private_WBM_raw_structure_cache_not_distributed
wbm-1-690,Al2 Ge2 La1,3|Al-Ge,False,-4.794369888305664,scored,,106,local_private_WBM_raw_structure_cache_not_distributed
wbm-1-703,Al8 Ge4,2|Al-Ge,False,-3.940204938252767,scored,,107,local_private_WBM_raw_structure_cache_not_distributed
wbm-1-704,Al8 Hf4,2|Al-Hf,False,-6.247591654459636,scored,,108,local_private_WBM_raw_structure_cache_not_distributed
wbm-1-707,Al2 Ho1 Pt3,3|Al-Ho,False,-6.096722920735677,scored,,109,local_private_WBM_raw_structure_cache_not_distributed
wbm-1-708,Al8 Ho4,2|Al-Ho,False,-4.5166473388671875,scored,,110,local_private_WBM_raw_structure_cache_not_distributed
wbm-1-713,Al4 Gd4 I2,3|Al-Gd,True,-8.216134643554687,scored,,111,local_private_WBM_raw_structure_cache_not_distributed
wbm-1-715,Al4 I2 Lu4,3|Al-I,False,-4.224113082885742,scored,,112,local_private_WBM_raw_structure_cache_not_distributed
wbm-1-717,Al2 In2 La1,3|Al-In,False,-3.889656829833984,scored,,113,local_private_WBM_raw_structure_cache_not_distributed
wbm-1-719,Al2 Hf1 In1,3|Al-Hf,False,-5.082672119140625,scored,,114,local_private_WBM_raw_structure_cache_not_distributed
wbm-1-721,Al4 In2,2|Al-In,False,-3.2758410771687827,scored,,115,local_private_WBM_raw_structure_cache_not_distributed
wbm-1-724,Al2 Ir1 Pt1,3|Al-Ir,False,-6.553316116333008,scored,,116,local_private_WBM_raw_structure_cache_not_distributed
wbm-1-725,Al2 Ir1,2|Al-Ir,False,-6.201361974080403,scored,,117,local_private_WBM_raw_structure_cache_not_distributed
wbm-1-739,Al2 La1,2|Al-La,False,-4.611951192220052,scored,,118,local_private_WBM_raw_structure_cache_not_distributed
wbm-1-741,Al2 Lu1 Pt3,3|Al-Lu,False,-6.062719345092773,scored,,119,local_private_WBM_raw_structure_cache_not_distributed
wbm-1-742,Al8 Lu4,2|Al-Lu,False,-4.472159703572591,scored,,120,local_private_WBM_raw_structure_cache_not_distributed
wbm-1-743,Al2 La1 Mn2,3|Al-La,False,-6.211606216430664,scored,,121,local_private_WBM_raw_structure_cache_not_distributed
wbm-1-744,Al2 Mn2 Se5,3|Al-Mn,True,-5.434179517957899,scored,,122,local_private_WBM_raw_structure_cache_not_distributed
wbm-1-762,Al2 Mn1,2|Al-Mn,False,-5.766173680623372,scored,,123,local_private_WBM_raw_structure_cache_not_distributed
wbm-1-770,Al6 Mo3,2|Al-Mo,False,-6.379342820909288,scored,,124,local_private_WBM_raw_structure_cache_not_distributed
wbm-1-771,Al4 Nb6,2|Al-Nb,False,-7.769233703613281,scored,,125,local_private_WBM_raw_structure_cache_not_distributed
wbm-1-779,Al2 Ni2 Se5,3|Al-Ni,False,-4.548128763834636,scored,,126,local_private_WBM_raw_structure_cache_not_distributed
wbm-1-794,Al2 Nb6 Ni1,3|Al-Nb,False,-8.314185248480904,scored,,127,local_private_WBM_raw_structure_cache_not_distributed
wbm-1-816,Al2 Ni1,2|Al-Ni,False,-4.793969472249349,scored,,128,local_private_WBM_raw_structure_cache_not_distributed
wbm-1-823,Al2 Os1 Pt1,3|Al-Os,False,-6.895506381988525,scored,,129,local_private_WBM_raw_structure_cache_not_distributed
wbm-1-824,Al4 Os2,2|Al-Os,False,-6.766835530598958,scored,,130,local_private_WBM_raw_structure_cache_not_distributed
wbm-1-828,Al2 K1 P2,3|Al-K,False,-4.510400772094727,scored,,131,local_private_WBM_raw_structure_cache_not_distributed
wbm-1-830,Al2 P2 Sr1,3|Al-P,False,-4.6948600769042965,scored,,132,local_private_WBM_raw_structure_cache_not_distributed
wbm-1-838,Al2 Pd1 Pt1,3|Al-Pd,False,-5.654615879058838,scored,,133,local_private_WBM_raw_structure_cache_not_distributed
wbm-1-839,Al2 Pd1,2|Al-Pd,False,-4.730806032816569,scored,,134,local_private_WBM_raw_structure_cache_not_distributed
wbm-1-841,Al2 Pr1 Pt3,3|Al-Pr,True,-6.148902893066406,scored,,135,local_private_WBM_raw_structure_cache_not_distributed
wbm-1-842,Al2 Np1 Pt3,3|Al-Np,False,-7.1381276448567705,scored,,136,local_private_WBM_raw_structure_cache_not_distributed
wbm-1-843,Al2 Pt3 Pu1,3|Al-Pt,False,-7.2572072347005205,scored,,137,local_private_WBM_raw_structure_cache_not_distributed
wbm-1-846,Al2 Pt1,2|Al-Pt,False,-5.116849899291992,scored,,138,local_private_WBM_raw_structure_cache_not_distributed
wbm-1-849,Al8 Pu4,2|Al-Pu,True,-7.313330332438151,scored,,139,local_private_WBM_raw_structure_cache_not_distributed
wbm-1-850,Al2 P1,2|Al-P,False,-4.461865107218425,scored,,140,local_private_WBM_raw_structure_cache_not_distributed
wbm-1-852,Al2 Re1,2|Al-Re,False,-7.0011138916015625,scored,,141,local_private_WBM_raw_structure_cache_not_distributed
wbm-1-859,Al2 Rh1,2|Al-Rh,False,-5.734741846720378,scored,,142,local_private_WBM_raw_structure_cache_not_distributed
wbm-1-868,Al2 Ru1,2|Al-Ru,False,-5.9821523030598955,scored,,143,local_private_WBM_raw_structure_cache_not_distributed
wbm-1-871,Al4 S4 Te2,3|Al-S,True,-4.60499267578125,scored,,144,local_private_WBM_raw_structure_cache_not_distributed
wbm-1-873,Al4 Cs2 S6,3|Al-Cs,False,-4.504764556884766,scored,,145,local_private_WBM_raw_structure_cache_not_distributed
wbm-1-874,Al4 Rb2 S6,3|Al-Rb,False,-4.494613965352376,scored,,146,local_private_WBM_raw_structure_cache_not_distributed
wbm-1-875,Al4 S6,2|Al-S,False,-4.967970275878907,scored,,147,local_private_WBM_raw_structure_cache_not_distributed
wbm-1-894,Al8 Sb4,2|Al-Sb,False,-3.7168331146240234,scored,,148,local_private_WBM_raw_structure_cache_not_distributed
wbm-1-907,Al2 Pb1 Sc1,3|Al-Pb,False,-4.364644527435303,scored,,149,local_private_WBM_raw_structure_cache_not_distributed
wbm-1-911,Al4 Rh2 Sc2,3|Al-Rh,False,-6.184145450592041,scored,,150,local_private_WBM_raw_structure_cache_not_distributed
wbm-1-912,Al2 Ru1 Sc1,3|Al-Ru,False,-6.404572486877441,scored,,151,local_private_WBM_raw_structure_cache_not_distributed
wbm-1-913,Al2 Sb1 Sc1,3|Al-Sb,False,-4.433285713195801,scored,,152,local_private_WBM_raw_structure_cache_not_distributed
wbm-1-914,Al2 Sc1 Sn1,3|Al-Sc,False,-4.482147216796875,scored,,153,local_private_WBM_raw_structure_cache_not_distributed
wbm-1-917,Al8 Sc4,2|Al-Sc,False,-5.044030507405599,scored,,154,local_private_WBM_raw_structure_cache_not_distributed
wbm-1-922,Al4 Se4 Te2,3|Al-Se,True,-4.221224594116211,scored,,155,local_private_WBM_raw_structure_cache_not_distributed
wbm-1-924,Al2 Se3,2|Al-Se,False,-4.393378829956054,scored,,156,local_private_WBM_raw_structure_cache_not_distributed
wbm-1-955,Al2 Pu1 Si2,3|Al-Pu,False,-6.625745391845703,scored,,157,local_private_WBM_raw_structure_cache_not_distributed
wbm-1-958,Al2 Si2 Sr1,3|Al-Si,False,-4.3104698181152346,scored,,158,local_private_WBM_raw_structure_cache_not_distributed
wbm-1-973,Al8 Si4,2|Al-Si,False,-4.187311172485352,scored,,159,local_private_WBM_raw_structure_cache_not_distributed
wbm-1-983,Al8 Sn4,2|Al-Sn,False,-3.632282257080078,scored,,160,local_private_WBM_raw_structure_cache_not_distributed
wbm-1-988,Al2 Sn4 Sr3,3|Al-Sn,False,-3.622094472249349,scored,,161,local_private_WBM_raw_structure_cache_not_distributed
wbm-1-997,Al2 Sr1 Te4,3|Al-Sr,False,-3.878164291381836,scored,,162,local_private_WBM_raw_structure_cache_not_distributed
wbm-1-998,Al2 Sr1,2|Al-Sr,False,-3.2661848068237305,scored,,163,local_private_WBM_raw_structure_cache_not_distributed
wbm-1-1000,Al4 Ta6,2|Al-Ta,False,-8.70923309326172,scored,,164,local_private_WBM_raw_structure_cache_not_distributed
wbm-1-1003,Al8 Tb4,2|Al-Tb,False,-4.55391279856364,scored,,165,local_private_WBM_raw_structure_cache_not_distributed
wbm-1-1009,Al2 Tc1 Tl1,3|Al-Tc,False,-4.729549884796143,scored,,166,local_private_WBM_raw_structure_cache_not_distributed
wbm-1-1010,Al4 Te6,2|Al-Te,False,-3.6503932952880858,scored,,167,local_private_WBM_raw_structure_cache_not_distributed
wbm-1-1014,Al8 Th4,2|Al-Th,False,-5.414251327514648,scored,,168,local_private_WBM_raw_structure_cache_not_distributed
wbm-1-1025,Al8 Ti4,2|Al-Ti,False,-5.456487655639648,scored,,169,local_private_WBM_raw_structure_cache_not_distributed
wbm-1-1027,Al2 Ti1 Zn1,3|Al-Ti,False,-4.313480377197266,scored,,170,local_private_WBM_raw_structure_cache_not_distributed
wbm-1-1029,Al8 Tm4,2|Al-Tm,False,-4.470681826273601,scored,,171,local_private_WBM_raw_structure_cache_not_distributed
wbm-1-1030,Al8 U4,2|Al-U,False,-6.436377207438151,scored,,172,local_private_WBM_raw_structure_cache_not_distributed
wbm-1-1035,Al8 V4,2|Al-V,False,-5.720247268676758,scored,,173,local_private_WBM_raw_structure_cache_not_distributed
wbm-1-1049,Al2 Y1,2|Al-Y,False,-5.11111577351888,scored,,174,local_private_WBM_raw_structure_cache_not_distributed
wbm-1-1056,Al2 Nd1 Zn2,3|Al-Nd,True,-3.3907142639160157,scored,,175,local_private_WBM_raw_structure_cache_not_distributed
wbm-1-1059,Al2 Tb1 Zn2,3|Al-Tb,True,-3.348929595947266,scored,,176,local_private_WBM_raw_structure_cache_not_distributed
wbm-1-1060,Al2 Th1 Zn2,3|Al-Th,True,-3.8675121307373046,scored,,177,local_private_WBM_raw_structure_cache_not_distributed
wbm-1-1061,Al2 Tm1 Zn2,3|Al-Tm,True,-3.281281280517578,scored,,178,local_private_WBM_raw_structure_cache_not_distributed
wbm-1-1062,Al2 U1 Zn2,3|Al-U,False,-4.326717758178711,scored,,179,local_private_WBM_raw_structure_cache_not_distributed
wbm-1-1063,Al2 Yb1 Zn2,3|Al-Yb,True,-2.653570556640625,scored,,180,local_private_WBM_raw_structure_cache_not_distributed
wbm-1-1064,Al2 Y1 Zn2,3|Al-Y,True,-3.7150291442871093,scored,,181,local_private_WBM_raw_structure_cache_not_distributed
wbm-1-1075,Al2 Ta1 Zn1,3|Al-Ta,False,-5.195684432983398,scored,,182,local_private_WBM_raw_structure_cache_not_distributed
wbm-1-1079,Al2 Zn1 Zr6,3|Al-Zn,False,-6.9604543050130205,scored,,183,local_private_WBM_raw_structure_cache_not_distributed
wbm-1-1081,Al4 Zr6,2|Al-Zr,False,-7.026876831054688,scored,,184,local_private_WBM_raw_structure_cache_not_distributed
wbm-1-1096,Al3 Ca3 Ge2 Ni1,4|Al-Ca,False,-4.085282219780816,scored,,185,local_private_WBM_raw_structure_cache_not_distributed
wbm-1-1104,Al3 Cd1,2|Al-Cd,False,-2.8095574378967285,scored,,186,local_private_WBM_raw_structure_cache_not_distributed
wbm-1-1115,Al3 Co1 Ge2 Y3,4|Al-Co,True,-5.936437818739149,scored,,187,local_private_WBM_raw_structure_cache_not_distributed
wbm-1-1124,Al6 Cs4,2|Al-Cs,False,-2.4370059967041016,scored,,188,local_private_WBM_raw_structure_cache_not_distributed
wbm-1-1126,Al3 Cu5,2|Al-Cu,False,-4.159858226776123,scored,,189,local_private_WBM_raw_structure_cache_not_distributed
wbm-1-1127,Al3 Cu1 Ge2 Y3,4|Al-Cu,True,-5.585803561740452,scored,,190,local_private_WBM_raw_structure_cache_not_distributed
wbm-1-1146,Al3 Fe1 Ge2 Y3,4|Al-Fe,True,-6.0277760823567705,scored,,191,local_private_WBM_raw_structure_cache_not_distributed
wbm-1-1150,Al3 Ga1,2|Al-Ga,False,-3.489358425140381,scored,,192,local_private_WBM_raw_structure_cache_not_distributed
wbm-1-1157,Al3 Ge2 Pd1 Y3,4|Al-Ge,True,-5.845435248480903,scored,,193,local_private_WBM_raw_structure_cache_not_distributed
wbm-1-1174,Al6 K4,2|Al-K,False,-2.6317874908447267,scored,,194,local_private_WBM_raw_structure_cache_not_distributed
wbm-1-1207,Al3 Nd1,2|Al-Nd,False,-4.252216339111328,scored,,195,local_private_WBM_raw_structure_cache_not_distributed
wbm-1-1215,Al3 Ce3 Ge2 Ni1,4|Al-Ce,False,-5.535674201117621,scored,,196,local_private_WBM_raw_structure_cache_not_distributed
wbm-1-1216,Al3 Dy3 Ge2 Ni1,4|Al-Dy,True,-5.189651913113064,scored,,197,local_private_WBM_raw_structure_cache_not_distributed
wbm-1-1217,Al3 Eu3 Ge2 Ni1,4|Al-Eu,False,-6.899104648166233,scored,,198,local_private_WBM_raw_structure_cache_not_distributed
wbm-1-1218,Al3 Gd3 Ge2 Ni1,4|Al-Gd,True,-8.33540259467231,scored,,199,local_private_WBM_raw_structure_cache_not_distributed
wbm-1-1246,Al3 Ni1 Sn2 Y3,4|Al-Ni,False,-5.571382310655382,scored,,200,local_private_WBM_raw_structure_cache_not_distributed
wbm-1-1251,Al3 Pb1,2|Al-Pb,False,-3.4246444702148438,scored,,201,local_private_WBM_raw_structure_cache_not_distributed
wbm-1-1265,Al3 Pr1,2|Al-Pr,False,-4.22332239151001,scored,,202,local_private_WBM_raw_structure_cache_not_distributed
wbm-1-1277,Al6 Rb4,2|Al-Rb,False,-2.5429414749145507,scored,,203,local_private_WBM_raw_structure_cache_not_distributed
wbm-1-1356,Al3 Sm1,2|Al-Sm,False,-4.259947776794434,scored,,204,local_private_WBM_raw_structure_cache_not_distributed
wbm-1-1376,Al6 Tc2,2|Al-Tc,False,-5.725281238555908,scored,,205,local_private_WBM_raw_structure_cache_not_distributed
wbm-1-1413,Al6 W2,2|Al-W,False,-6.091763019561768,scored,,206,local_private_WBM_raw_structure_cache_not_distributed
wbm-1-1417,Al3 Yb1,2|Al-Yb,False,-3.316978931427002,scored,,207,local_private_WBM_raw_structure_cache_not_distributed
wbm-1-1426,Al3 Zn2,2|Al-Zn,False,-2.6879501342773438,scored,,208,local_private_WBM_raw_structure_cache_not_distributed
wbm-1-1506,Al4 V2 Zr1,3|Al-V,True,-6.327188764299665,scored,,209,local_private_WBM_raw_structure_cache_not_distributed
wbm-1-1743,Al2 Br6,2|Al-Br,False,-3.2358558177948,scored,,210,local_private_WBM_raw_structure_cache_not_distributed
wbm-1-1838,Al2 Cl6,2|Al-Cl,False,-3.824688196182251,scored,,211,local_private_WBM_raw_structure_cache_not_distributed
wbm-1-2192,Al1 Hg2,2|Al-Hg,False,-1.1839590867360432,scored,,212,local_private_WBM_raw_structure_cache_not_distributed
wbm-1-2206,Al2 I4,2|Al-I,False,-2.773710250854492,scored,,213,local_private_WBM_raw_structure_cache_not_distributed
wbm-1-2250,Al1 Hg2 La1,3|Al-Hg,False,-2.6790401935577393,scored,,214,local_private_WBM_raw_structure_cache_not_distributed
wbm-1-2309,Al1 Mo1 Ta2,3|Al-Mo,False,-9.78783893585205,scored,,215,local_private_WBM_raw_structure_cache_not_distributed
wbm-1-2399,Al1 Bi1 Ni1,3|Al-Bi,False,-4.592899640401204,scored,,216,local_private_WBM_raw_structure_cache_not_distributed
wbm-1-2443,Al1 K1 P2 S7,4|Al-K,False,-4.688534823330966,scored,,217,local_private_WBM_raw_structure_cache_not_distributed
wbm-1-2644,Al1 Bi2 Cl1 S4,4|Al-Bi,False,-4.382795333862305,scored,,218,local_private_WBM_raw_structure_cache_not_distributed
wbm-1-2667,Al1 Re1 Sc2,3|Al-Re,False,-7.460375785827637,scored,,219,local_private_WBM_raw_structure_cache_not_distributed
wbm-1-2929,Al1 Sm2 Tc1,3|Al-Sm,False,-5.901618003845215,scored,,220,local_private_WBM_raw_structure_cache_not_distributed
wbm-1-2938,Al2 Te4 Tl2,3|Al-Te,True,-3.5345520973205566,scored,,221,local_private_WBM_raw_structure_cache_not_distributed
wbm-1-3191,Ag3 As2 Cs3,3|Ag-As,True,-2.9035885334014893,scored,,222,local_private_WBM_raw_structure_cache_not_distributed
wbm-1-3194,Ag4 As8,2|Ag-As,False,-3.9545911153157554,scored,,223,local_private_WBM_raw_structure_cache_not_distributed
wbm-1-3195,As4 Au4 Pb2,3|As-Au,False,-3.911450958251953,scored,,224,local_private_WBM_raw_structure_cache_not_distributed
wbm-1-3198,As8 Au4,2|As-Au,False,-4.181336720784505,scored,,225,local_private_WBM_raw_structure_cache_not_distributed
wbm-1-3205,As2 Ba1 Hg2,3|As-Ba,False,-2.8604930877685546,scored,,226,local_private_WBM_raw_structure_cache_not_distributed
wbm-1-3214,As4 Ba2,2|As-Ba,False,-4.5265153249104815,scored,,227,local_private_WBM_raw_structure_cache_not_distributed
wbm-1-3217,As2 Cd3,2|As-Cd,False,-2.4508270263671874,scored,,228,local_private_WBM_raw_structure_cache_not_distributed
wbm-1-3220,As2 Cd1 Cs4,3|As-Cd,True,-2.3481434413364957,scored,,229,local_private_WBM_raw_structure_cache_not_distributed
wbm-1-3226,As4 Ce2 Pt4,3|As-Ce,False,-6.318890762329102,scored,,230,local_private_WBM_raw_structure_cache_not_distributed
wbm-1-3230,As4 Cs4 Ir2,3|As-Cs,False,-4.3410602569580075,scored,,231,local_private_WBM_raw_structure_cache_not_distributed
wbm-1-3239,As8 Dy4,2|As-Dy,False,-5.607690811157227,scored,,232,local_private_WBM_raw_structure_cache_not_distributed
wbm-1-3241,As8 Er4,2|As-Er,False,-5.565472920735677,scored,,233,local_private_WBM_raw_structure_cache_not_distributed
wbm-1-3244,As8 Gd4,2|As-Gd,False,-8.777663548787435,scored,,234,local_private_WBM_raw_structure_cache_not_distributed
wbm-1-3245,As4 Hf2,2|As-Hf,False,-7.021103541056315,scored,,235,local_private_WBM_raw_structure_cache_not_distributed
wbm-1-3247,As4 Hg2,2|As-Hg,False,-3.1230901082356772,scored,,236,local_private_WBM_raw_structure_cache_not_distributed
wbm-1-3249,As8 Ho4,2|As-Ho,False,-5.5823822021484375,scored,,237,local_private_WBM_raw_structure_cache_not_distributed
wbm-1-3251,As8 Ir4,2|As-Ir,False,-6.573967615763347,scored,,238,local_private_WBM_raw_structure_cache_not_distributed
wbm-1-3255,As2 Ir2 La1,3|As-Ir,False,-7.182617950439453,scored,,239,local_private_WBM_raw_structure_cache_not_distributed
wbm-1-3256,As2 La1 Os2,3|As-La,False,-7.821282196044922,scored,,240,local_private_WBM_raw_structure_cache_not_distributed
wbm-1-3261,As8 Lu4,2|As-Lu,False,-5.497778574625651,scored,,241,local_private_WBM_raw_structure_cache_not_distributed
wbm-1-3262,As4 Mo2,2|As-Mo,False,-6.922318776448567,scored,,242,local_private_WBM_raw_structure_cache_not_distributed
wbm-1-3263,As8 Nb4 Pd4,3|As-Nb,True,-6.646592617034912,scored,,243,local_private_WBM_raw_structure_cache_not_distributed
wbm-1-3266,As8 Nb4,2|As-Nb,False,-6.91383171081543,scored,,244,local_private_WBM_raw_structure_cache_not_distributed
wbm-1-3272,As2 Dy1 Pd2,3|As-Dy,False,-5.6449432373046875,scored,,245,local_private_WBM_raw_structure_cache_not_distributed
wbm-1-3273,As2 Er1 Pd2,3|As-Er,False,-5.604818344116211,scored,,246,local_private_WBM_raw_structure_cache_not_distributed
wbm-1-3274,As2 Ho1 Pd2,3|As-Ho,False,-5.619432830810547,scored,,247,local_private_WBM_raw_structure_cache_not_distributed
wbm-1-3276,As2 Lu1 Pd2,3|As-Lu,False,-5.5471549987792965,scored,,248,local_private_WBM_raw_structure_cache_not_distributed
wbm-1-3277,As2 Pd2 Tb1,3|As-Pd,False,-5.663622665405273,scored,,249,local_private_WBM_raw_structure_cache_not_distributed
wbm-1-3283,As4 Pd2,2|As-Pd,False,-4.9609800974528,scored,,250,local_private_WBM_raw_structure_cache_not_distributed
wbm-1-3289,As4 Pt6,2|As-Pt,False,-5.856273651123047,scored,,251,local_private_WBM_raw_structure_cache_not_distributed
wbm-1-3293,As8 Pu4,2|As-Pu,False,-8.581399281819662,scored,,252,local_private_WBM_raw_structure_cache_not_distributed
wbm-1-3295,As4 In2 Rb4,3|As-In,False,-3.20703125,scored,,253,local_private_WBM_raw_structure_cache_not_distributed
wbm-1-3297,As4 Pb2 Rb4,3|As-Pb,False,-3.2804096221923826,scored,,254,local_private_WBM_raw_structure_cache_not_distributed
wbm-1-3299,As4 Rb4 Rh2,3|As-Rb,False,-4.189702987670898,scored,,255,local_private_WBM_raw_structure_cache_not_distributed
wbm-1-3304,As2 Hg1 Rb4,3|As-Hg,True,-2.332073756626674,scored,,256,local_private_WBM_raw_structure_cache_not_distributed
wbm-1-3307,As4 Rb2,2|As-Rb,False,-3.729371706644694,scored,,257,local_private_WBM_raw_structure_cache_not_distributed
wbm-1-3309,As4 Re2,2|As-Re,False,-7.35812505086263,scored,,258,local_private_WBM_raw_structure_cache_not_distributed
wbm-1-3316,As2 Rh3,2|As-Rh,False,-6.703234100341797,scored,,259,local_private_WBM_raw_structure_cache_not_distributed
wbm-1-3328,As2 Nd1 Ru2,3|As-Nd,True,-7.318673706054687,scored,,260,local_private_WBM_raw_structure_cache_not_distributed
wbm-1-3329,As2 Pr1 Ru2,3|As-Pr,True,-7.3170616149902346,scored,,261,local_private_WBM_raw_structure_cache_not_distributed
wbm-1-3330,As2 Ru2 Tb1,3|As-Ru,False,-7.2718452453613285,scored,,262,local_private_WBM_raw_structure_cache_not_distributed
wbm-1-3337,As8 Ru4,2|As-Ru,False,-6.533744812011719,scored,,263,local_private_WBM_raw_structure_cache_not_distributed
wbm-1-3338,As2 Se2 Te1,3|As-Se,False,-3.9497798919677733,scored,,264,local_private_WBM_raw_structure_cache_not_distributed
wbm-1-3341,As2 Se3,2|As-Se,False,-4.0570526123046875,scored,,265,local_private_WBM_raw_structure_cache_not_distributed
wbm-1-3345,As2 Se6 Sn1 Tl2,4|As-Se,True,-3.8192225369540127,scored,,266,local_private_WBM_raw_structure_cache_not_distributed
wbm-1-3349,As2 Eu1 Sn2,3|As-Eu,True,-6.070984268188477,scored,,267,local_private_WBM_raw_structure_cache_not_distributed
wbm-1-3350,As2 Sn2 Te5,3|As-Sn,True,-3.77791510687934,scored,,268,local_private_WBM_raw_structure_cache_not_distributed
wbm-1-3361,As2 Os2 Sr1,3|As-Os,False,-7.041136932373047,scored,,269,local_private_WBM_raw_structure_cache_not_distributed
wbm-1-3368,As2 Pt2 Sr1,3|As-Pt,False,-5.354087066650391,scored,,270,local_private_WBM_raw_structure_cache_not_distributed
wbm-1-3370,As4 Sr2,2|As-Sr,False,-4.435142517089844,scored,,271,local_private_WBM_raw_structure_cache_not_distributed
wbm-1-3371,As8 Ta4,2|As-Ta,False,-7.413297653198242,scored,,272,local_private_WBM_raw_structure_cache_not_distributed
wbm-1-3373,As8 Tb4,2|As-Tb,False,-5.596963882446289,scored,,273,local_private_WBM_raw_structure_cache_not_distributed
wbm-1-3376,As4 I2 Te2,3|As-I,True,-3.508624315261841,scored,,274,local_private_WBM_raw_structure_cache_not_distributed
wbm-1-3377,As6 Te3,2|As-Te,True,-4.115835401746962,scored,,275,local_private_WBM_raw_structure_cache_not_distributed
wbm-1-3378,As8 Th4,2|As-Th,True,-6.615828196207683,scored,,276,local_private_WBM_raw_structure_cache_not_distributed
wbm-1-3379,As2 Tl1,2|As-Tl,False,-3.585193951924642,scored,,277,local_private_WBM_raw_structure_cache_not_distributed
wbm-1-3381,As8 Tm4,2|As-Tm,False,-5.50629997253418,scored,,278,local_private_WBM_raw_structure_cache_not_distributed
wbm-1-3384,As4 W2,2|As-W,False,-7.437602996826172,scored,,279,local_private_WBM_raw_structure_cache_not_distributed
wbm-1-3389,As8 Y4,2|As-Y,False,-6.202040990193685,scored,,280,local_private_WBM_raw_structure_cache_not_distributed
wbm-1-3392,As4 Rh2 Zr4,3|As-Rh,False,-7.800789642333984,scored,,281,local_private_WBM_raw_structure_cache_not_distributed
wbm-1-3396,As4 Zr2,2|As-Zr,False,-6.634461085001628,scored,,282,local_private_WBM_raw_structure_cache_not_distributed
wbm-1-3401,As6 Eu2,2|As-Eu,False,-6.5639214515686035,scored,,283,local_private_WBM_raw_structure_cache_not_distributed
wbm-1-3404,As3 In4,2|As-In,False,-3.631080082484654,scored,,284,local_private_WBM_raw_structure_cache_not_distributed
wbm-1-3406,As3 La1,2|As-La,False,-5.370261192321777,scored,,285,local_private_WBM_raw_structure_cache_not_distributed
wbm-1-3407,As3 Pb4,2|As-Pb,True,-4.113759449550083,scored,,286,local_private_WBM_raw_structure_cache_not_distributed
wbm-1-3412,As6 Sn2,2|As-Sn,False,-4.4993696212768555,scored,,287,local_private_WBM_raw_structure_cache_not_distributed
wbm-1-3415,As6 Tc4,2|As-Tc,False,-7.219290924072266,scored,,288,local_private_WBM_raw_structure_cache_not_distributed
wbm-1-3416,As6 Yb2,2|As-Yb,True,-4.446660995483398,scored,,289,local_private_WBM_raw_structure_cache_not_distributed
wbm-1-3419,As4 Cs5,2|As-Cs,True,-2.972412533230252,scored,,290,local_private_WBM_raw_structure_cache_not_distributed
wbm-1-3458,Ac1 As1 Au2,3|Ac-As,True,-4.4071784019470215,scored,,291,local_private_WBM_raw_structure_cache_not_distributed
wbm-1-3475,As1 Br2 La2,3|As-Br,True,-5.399325942993164,scored,,292,local_private_WBM_raw_structure_cache_not_distributed
wbm-1-3480,As2 Br6,2|As-Br,True,-2.8608992099761963,scored,,293,local_private_WBM_raw_structure_cache_not_distributed
wbm-1-3497,As4 Ce4,2|As-Ce,False,-6.649421215057373,scored,,294,local_private_WBM_raw_structure_cache_not_distributed
wbm-1-3509,As4 Gd4 Pt4,3|As-Gd,True,-9.472821553548178,scored,,295,local_private_WBM_raw_structure_cache_not_distributed
wbm-1-3520,As2 I4,2|As-I,False,-2.750473658243815,scored,,296,local_private_WBM_raw_structure_cache_not_distributed
wbm-1-3525,As1 Bi1 In2,3|As-Bi,False,-3.5614914894104004,scored,,297,local_private_WBM_raw_structure_cache_not_distributed
wbm-1-3554,As3 Hf3 Mo3,3|As-Hf,True,-9.124034457736546,scored,,298,local_private_WBM_raw_structure_cache_not_distributed
wbm-1-3555,As4 Mo4 Ru4,3|As-Mo,False,-8.384981791178385,scored,,299,local_private_WBM_raw_structure_cache_not_distributed
wbm-1-3568,As1 Os2,2|As-Os,False,-8.25361188252767,scored,,300,local_private_WBM_raw_structure_cache_not_distributed
wbm-1-3662,As4 Np4 Rh4,3|As-Np,True,-8.910921732584635,scored,,301,local_private_WBM_raw_structure_cache_not_distributed
wbm-1-3665,As4 Pu4 Rh4,3|As-Pu,True,-9.22299575805664,scored,,302,local_private_WBM_raw_structure_cache_not_distributed
wbm-1-3705,As2 Cd2 I2 Se4,4|As-Cd,False,-3.1204662322998047,scored,,303,local_private_WBM_raw_structure_cache_not_distributed
wbm-1-3716,Ag2 As2 Hg2 Se6,4|Ag-As,False,-3.157043139139811,scored,,304,local_private_WBM_raw_structure_cache_not_distributed
wbm-1-3717,As2 Au2 Se6 Tl2,4|As-Au,False,-3.598114331563314,scored,,305,local_private_WBM_raw_structure_cache_not_distributed
wbm-1-3782,As4 Sr4 Te4,3|As-Sr,False,-4.125673611958821,scored,,306,local_private_WBM_raw_structure_cache_not_distributed
wbm-1-3789,As1 Te2 Tl1,3|As-Te,False,-3.3078863620758057,scored,,307,local_private_WBM_raw_structure_cache_not_distributed
wbm-1-3809,As4 Tb4 Te4,3|As-Tb,True,-5.311496416727702,scored,,308,local_private_WBM_raw_structure_cache_not_distributed
wbm-1-3820,As4 U4,2|As-U,False,-8.640056610107422,scored,,309,local_private_WBM_raw_structure_cache_not_distributed
wbm-1-3848,As2 Y2 Zr2,3|As-Y,False,-7.57646369934082,scored,,310,local_private_WBM_raw_structure_cache_not_distributed
wbm-1-3849,As2 Sb2 Zr4,3|As-Sb,True,-7.422211647033691,scored,,311,local_private_WBM_raw_structure_cache_not_distributed
wbm-1-3872,Au2 Bi1 Np1,3|Au-Bi,False,-5.835203647613525,scored,,312,local_private_WBM_raw_structure_cache_not_distributed
wbm-1-3877,Au2 Hg1 Np1,3|Au-Hg,False,-4.889764308929443,scored,,313,local_private_WBM_raw_structure_cache_not_distributed
wbm-1-3884,Au2 Pb1 U1,3|Au-Pb,False,-5.47642707824707,scored,,314,local_private_WBM_raw_structure_cache_not_distributed
wbm-1-3885,Au2 Th1,2|Au-Th,False,-5.382330576578776,scored,,315,local_private_WBM_raw_structure_cache_not_distributed
wbm-1-3887,Au2 Pu1 Tl1,3|Au-Pu,True,-5.694217205047607,scored,,316,local_private_WBM_raw_structure_cache_not_distributed
wbm-1-3888,Au2 Th1 Tl1,3|Au-Th,False,-4.596767902374268,scored,,317,local_private_WBM_raw_structure_cache_not_distributed
wbm-1-3889,Au2 Tl1 U1,3|Au-Tl,False,-5.123505592346191,scored,,318,local_private_WBM_raw_structure_cache_not_distributed
wbm-1-3890,Au2 U1,2|Au-U,False,-6.099534352620442,scored,,319,local_private_WBM_raw_structure_cache_not_distributed
wbm-1-3891,Ac1 Au3,2|Ac-Au,False,-4.130681037902832,scored,,320,local_private_WBM_raw_structure_cache_not_distributed
wbm-1-3892,Au6 Bi2,2|Au-Bi,False,-3.412238359451294,scored,,321,local_private_WBM_raw_structure_cache_not_distributed
wbm-1-3894,Au3 Hg1,2|Au-Hg,False,-2.4932167530059814,scored,,322,local_private_WBM_raw_structure_cache_not_distributed
wbm-1-3896,Au6 Np2,2|Au-Np,False,-5.666161060333252,scored,,323,local_private_WBM_raw_structure_cache_not_distributed
wbm-1-3897,Au3 Pb1,2|Au-Pb,False,-3.3538594245910645,scored,,324,local_private_WBM_raw_structure_cache_not_distributed
wbm-1-3900,Au3 Pu1,2|Au-Pu,False,-5.851833820343018,scored,,325,local_private_WBM_raw_structure_cache_not_distributed
wbm-1-3902,Au3 Tl2,2|Au-Tl,False,-2.9017545700073244,scored,,326,local_private_WBM_raw_structure_cache_not_distributed
wbm-1-3917,Ac1 Au1 Hg2,3|Ac-Au,False,-2.4213778972625732,scored,,327,local_private_WBM_raw_structure_cache_not_distributed
wbm-1-3953,Al2 B2 Ba1,3|Al-B,False,-4.604172897338867,scored,,328,local_private_WBM_raw_structure_cache_not_distributed
wbm-1-3978,Au2 B2 Ba1,3|Au-B,False,-4.1904541015625,scored,,329,local_private_WBM_raw_structure_cache_not_distributed
wbm-1-3979,B4 Ba2 Ir4,3|B-Ba,False,-7.075971984863282,scored,,330,local_private_WBM_raw_structure_cache_not_distributed
wbm-1-3983,B4 C4 Ca2,3|B-C,False,-7.080274200439453,scored,,331,local_private_WBM_raw_structure_cache_not_distributed
wbm-1-3994,B2 Ca3 Co7,3|B-Ca,False,-5.852124532063802,scored,,332,local_private_WBM_raw_structure_cache_not_distributed
wbm-1-4015,Al2 B2 C1 Ce1,4|Al-B,False,-6.431185404459636,scored,,333,local_private_WBM_raw_structure_cache_not_distributed
wbm-1-4032,B2 C1 Ca1 Co2,4|B-C,False,-6.728809992472331,scored,,334,local_private_WBM_raw_structure_cache_not_distributed
wbm-1-4040,Au2 B2 C1 Ce1,4|Au-B,False,-6.1743418375651045,scored,,335,local_private_WBM_raw_structure_cache_not_distributed
wbm-1-4065,B2 Cd1 Ir2,3|B-Cd,True,-6.546419525146485,scored,,336,local_private_WBM_raw_structure_cache_not_distributed
wbm-1-4066,B2 Cd1,2|B-Cd,False,-4.162181854248047,scored,,337,local_private_WBM_raw_structure_cache_not_distributed
wbm-1-4070,B4 Ce2 Pt4,3|B-Ce,False,-6.934034729003907,scored,,338,local_private_WBM_raw_structure_cache_not_distributed
wbm-1-4077,B2 Ce1,2|B-Ce,False,-6.936641693115234,scored,,339,local_private_WBM_raw_structure_cache_not_distributed
wbm-1-4112,B2 Co2 Lu1,3|B-Co,True,-6.9959968566894535,scored,,340,local_private_WBM_raw_structure_cache_not_distributed
wbm-1-4137,B2 Co1,2|B-Co,False,-6.914065043131511,scored,,341,local_private_WBM_raw_structure_cache_not_distributed
wbm-1-4160,B2 Cr2 Fe1,3|B-Cr,False,-8.602923583984374,scored,,342,local_private_WBM_raw_structure_cache_not_distributed
wbm-1-4166,B4 Cr6,2|B-Cr,False,-8.88002700805664,scored,,343,local_private_WBM_raw_structure_cache_not_distributed
wbm-1-4201,B2 Cu2 La1,3|B-Cu,False,-5.36287841796875,scored,,344,local_private_WBM_raw_structure_cache_not_distributed
wbm-1-4229,B4 Er2 Ir4,3|B-Er,True,-7.854179382324219,scored,,345,local_private_WBM_raw_structure_cache_not_distributed
wbm-1-4230,B2 Eu1 Ir3,3|B-Eu,False,-8.923391977945963,scored,,346,local_private_WBM_raw_structure_cache_not_distributed
wbm-1-4232,B2 F8 Sr1,3|B-F,False,-5.923977938565341,scored,,347,local_private_WBM_raw_structure_cache_not_distributed
wbm-1-4235,B2 Fe2 La1,3|B-Fe,True,-7.443912506103516,scored,,348,local_private_WBM_raw_structure_cache_not_distributed
wbm-1-4244,B4 Fe6,2|B-Fe,False,-8.046259307861328,scored,,349,local_private_WBM_raw_structure_cache_not_distributed
wbm-1-4253,B2 Ga2 Ru3,3|B-Ga,False,-6.9729734148297995,scored,,350,local_private_WBM_raw_structure_cache_not_distributed
wbm-1-4254,B2 Ga1,2|B-Ga,False,-4.93668270111084,scored,,351,local_private_WBM_raw_structure_cache_not_distributed
wbm-1-4255,B4 Gd2 Ir4,3|B-Gd,True,-9.768912506103515,scored,,352,local_private_WBM_raw_structure_cache_not_distributed
wbm-1-4257,B4 Hf4 Re2,3|B-Hf,False,-9.822773742675782,scored,,353,local_private_WBM_raw_structure_cache_not_distributed
wbm-1-4258,B4 Hf6,2|B-Hf,False,-9.139159393310546,scored,,354,local_private_WBM_raw_structure_cache_not_distributed
wbm-1-4260,B4 Ho2 Ir4,3|B-Ho,True,-7.864126586914063,scored,,355,local_private_WBM_raw_structure_cache_not_distributed
wbm-1-4262,B2 In1,2|B-In,False,-4.715362548828125,scored,,356,local_private_WBM_raw_structure_cache_not_distributed
wbm-1-4263,B4 Ir4 Pu2,3|B-Ir,True,-9.386868286132813,scored,,357,local_private_WBM_raw_structure_cache_not_distributed
wbm-1-4267,B4 Ir2,2|B-Ir,False,-7.566373825073242,scored,,358,local_private_WBM_raw_structure_cache_not_distributed
wbm-1-4270,B2 La1 Os3,3|B-La,False,-8.938824971516928,scored,,359,local_private_WBM_raw_structure_cache_not_distributed
wbm-1-4272,B2 La1,2|B-La,False,-6.324363072713216,scored,,360,local_private_WBM_raw_structure_cache_not_distributed
wbm-1-4278,B4 Mn4 Re2,3|B-Mn,False,-9.111398315429687,scored,,361,local_private_WBM_raw_structure_cache_not_distributed
wbm-1-4286,B4 Mn6,2|B-Mn,False,-8.521713256835938,scored,,362,local_private_WBM_raw_structure_cache_not_distributed
wbm-1-4296,B2 Mo2 Pd1,3|B-Mo,False,-8.350667572021484,scored,,363,local_private_WBM_raw_structure_cache_not_distributed
wbm-1-4299,B8 Mo4,2|B-Mo,True,-8.498333613077799,scored,,364,local_private_WBM_raw_structure_cache_not_distributed
wbm-1-4300,B2 Ca3 N3 Ni2,4|B-Ca,False,-6.337134170532226,scored,,365,local_private_WBM_raw_structure_cache_not_distributed
wbm-1-4301,B2 Ce3 N3 Pt2,4|B-Ce,False,-8.024964904785156,scored,,366,local_private_WBM_raw_structure_cache_not_distributed
wbm-1-4303,B2 Co2 La3 N3,4|B-Co,True,-7.671202087402344,scored,,367,local_private_WBM_raw_structure_cache_not_distributed
wbm-1-4305,B2 Cu2 La3 N3,4|B-Cu,False,-7.1295616149902346,scored,,368,local_private_WBM_raw_structure_cache_not_distributed
wbm-1-4307,B2 Fe2 La3 N3,4|B-Fe,False,-7.866936492919922,scored,,369,local_private_WBM_raw_structure_cache_not_distributed
wbm-1-4308,B2 La3 N3 Pt2,4|B-La,False,-7.716393280029297,scored,,370,local_private_WBM_raw_structure_cache_not_distributed
wbm-1-4313,B2 Eu3 N3 Ni2,4|B-Eu,True,-8.893535614013672,scored,,371,local_private_WBM_raw_structure_cache_not_distributed
wbm-1-4314,B2 Gd3 N3 Ni2,4|B-Gd,True,-10.360785675048827,scored,,372,local_private_WBM_raw_structure_cache_not_distributed
wbm-1-4316,B2 Lu3 N3 Ni2,4|B-Lu,True,-7.616249847412109,scored,,373,local_private_WBM_raw_structure_cache_not_distributed
wbm-1-4317,B2 N3 Nd3 Ni2,4|B-N,True,-7.456377410888672,scored,,374,local_private_WBM_raw_structure_cache_not_distributed
wbm-1-4337,B2 Dy3 N4,3|B-Dy,False,-8.177527533637154,scored,,375,local_private_WBM_raw_structure_cache_not_distributed
wbm-1-4342,B2 Lu3 N4,3|B-Lu,False,-8.176355150010851,scored,,376,local_private_WBM_raw_structure_cache_not_distributed
wbm-1-4343,B2 N4 Sm3,3|B-N,True,-8.162085639105904,scored,,377,local_private_WBM_raw_structure_cache_not_distributed
wbm-1-4351,B4 Nb4 Re2,3|B-Nb,True,-9.828359985351563,scored,,378,local_private_WBM_raw_structure_cache_not_distributed
wbm-1-4355,B2 Nd1,2|B-Nd,False,-6.372785568237305,scored,,379,local_private_WBM_raw_structure_cache_not_distributed
wbm-1-4359,B4 Ni4 Sr2,3|B-Ni,False,-5.503577423095703,scored,,380,local_private_WBM_raw_structure_cache_not_distributed
wbm-1-4372,B2 Ni1,2|B-Ni,False,-6.3099931081136065,scored,,381,local_private_WBM_raw_structure_cache_not_distributed
wbm-1-4374,B2 Bi1 Na1 O5,4|B-Bi,False,-6.823324839274089,scored,,382,local_private_WBM_raw_structure_cache_not_distributed
wbm-1-4375,B2 Ba2 Eu1 O6,4|B-Ba,True,-8.003604542125355,scored,,383,local_private_WBM_raw_structure_cache_not_distributed
wbm-1-4386,B2 Cd1 O6 Sn1,4|B-Cd,True,-6.76404037475586,scored,,384,local_private_WBM_raw_structure_cache_not_distributed
wbm-1-4395,B2 Ge1 O6 Sr1,4|B-Ge,False,-7.328181457519531,scored,,385,local_private_WBM_raw_structure_cache_not_distributed
wbm-1-4397,B2 Hf1 K2 O6,4|B-Hf,True,-7.694131331010298,scored,,386,local_private_WBM_raw_structure_cache_not_distributed
wbm-1-4398,B2 K2 Nb1 O6,4|B-K,False,-7.352562644264915,scored,,387,local_private_WBM_raw_structure_cache_not_distributed
wbm-1-4411,B2 In1 Mg1 O6,4|B-In,False,-6.899431610107422,scored,,388,local_private_WBM_raw_structure_cache_not_distributed
wbm-1-4412,B2 Mg1 O6 Pb1,4|B-Mg,True,-6.870616912841797,scored,,389,local_private_WBM_raw_structure_cache_not_distributed
wbm-1-4417,B2 Mn1 O6 Sr2,4|B-Mn,False,-7.504337657581676,scored,,390,local_private_WBM_raw_structure_cache_not_distributed
wbm-1-4420,B2 Ni1 O6 Sn1,4|B-Ni,False,-6.932763671875,scored,,391,local_private_WBM_raw_structure_cache_not_distributed
wbm-1-4422,B2 O6 Rb2 Zr1,4|B-O,True,-7.43876856023615,scored,,392,local_private_WBM_raw_structure_cache_not_distributed
wbm-1-4439,B2 Cs2 O6 Zr1,4|B-Cs,False,-7.39343955300071,scored,,393,local_private_WBM_raw_structure_cache_not_distributed
wbm-1-4445,B2 Ga2 O7 Sr1,4|B-Ga,False,-6.985979080200195,scored,,394,local_private_WBM_raw_structure_cache_not_distributed
wbm-1-4448,B4 Os2,2|B-Os,False,-8.397346496582031,scored,,395,local_private_WBM_raw_structure_cache_not_distributed
wbm-1-4453,B8 Pd4 Ta4,3|B-Pd,False,-8.048287391662598,scored,,396,local_private_WBM_raw_structure_cache_not_distributed
wbm-1-4454,B4 Pd2,2|B-Pd,False,-6.197099685668945,scored,,397,local_private_WBM_raw_structure_cache_not_distributed
wbm-1-4456,B2 Pr1,2|B-Pr,False,-6.366925557454427,scored,,398,local_private_WBM_raw_structure_cache_not_distributed
wbm-1-4457,B2 P1 Sb1,3|B-P,False,-5.706286907196045,scored,,399,local_private_WBM_raw_structure_cache_not_distributed
wbm-1-4458,B4 Pt2,2|B-Pt,False,-6.510154088338216,scored,,400,local_private_WBM_raw_structure_cache_not_distributed
wbm-1-4460,B4 Re2,2|B-Re,False,-8.998485565185547,scored,,401,local_private_WBM_raw_structure_cache_not_distributed
wbm-1-4465,B4 Rh4 Yb2,3|B-Rh,True,-6.607342529296875,scored,,402,local_private_WBM_raw_structure_cache_not_distributed
wbm-1-4474,B4 Rh2,2|B-Rh,False,-7.180877685546875,scored,,403,local_private_WBM_raw_structure_cache_not_distributed
wbm-1-4483,B4 Np2 Ru4,3|B-Np,False,-8.917623901367188,scored,,404,local_private_WBM_raw_structure_cache_not_distributed
wbm-1-4485,B4 Ru4 Tb2,3|B-Ru,True,-7.839458465576172,scored,,405,local_private_WBM_raw_structure_cache_not_distributed
wbm-1-4492,B2 In2 Ru3,3|B-In,False,-6.774505070277622,scored,,406,local_private_WBM_raw_structure_cache_not_distributed
wbm-1-4497,B4 Ru2,2|B-Ru,False,-7.792473475138347,scored,,407,local_private_WBM_raw_structure_cache_not_distributed
wbm-1-4498,B4 Re2 Sc4,3|B-Re,False,-8.191326904296876,scored,,408,local_private_WBM_raw_structure_cache_not_distributed
wbm-1-4509,B2 Sc1 Zn3,3|B-Sc,False,-3.7429720560709634,scored,,409,local_private_WBM_raw_structure_cache_not_distributed
wbm-1-4510,B4 Se6,2|B-Se,False,-4.813325500488281,scored,,410,local_private_WBM_raw_structure_cache_not_distributed
wbm-1-4516,B4 Os4 Sr2,3|B-Os,False,-7.7288360595703125,scored,,411,local_private_WBM_raw_structure_cache_not_distributed
wbm-1-4518,B4 Pt4 Sr2,3|B-Pt,False,-6.064338302612304,scored,,412,local_private_WBM_raw_structure_cache_not_distributed
wbm-1-4525,B2 Th1,2|B-Th,False,-7.401323954264323,scored,,413,local_private_WBM_raw_structure_cache_not_distributed
wbm-1-4526,B4 Ti4 W2,3|B-Ti,False,-9.188819122314452,scored,,414,local_private_WBM_raw_structure_cache_not_distributed
wbm-1-4527,B4 Ti6,2|B-Ti,False,-8.037992095947265,scored,,415,local_private_WBM_raw_structure_cache_not_distributed
wbm-1-4538,B4 W2,2|B-W,True,-9.09316317240397,scored,,416,local_private_WBM_raw_structure_cache_not_distributed
wbm-1-4552,B2 Y1 Zn2,3|B-Y,False,-4.6952472686767575,scored,,417,local_private_WBM_raw_structure_cache_not_distributed
wbm-1-4556,B2 Zn3 Zr1,3|B-Zn,False,-4.142504374186198,scored,,418,local_private_WBM_raw_structure_cache_not_distributed
wbm-1-4562,B8 Ta4 Zn4,3|B-Ta,False,-6.842111587524414,scored,,419,local_private_WBM_raw_structure_cache_not_distributed
wbm-1-4563,B2 W2 Zn1,3|B-W,False,-8.322018432617188,scored,,420,local_private_WBM_raw_structure_cache_not_distributed
wbm-1-4564,B2 Zn1,2|B-Zn,False,-4.542297999064128,scored,,421,local_private_WBM_raw_structure_cache_not_distributed
wbm-1-4566,B4 Zr6,2|B-Zr,False,-8.289676666259766,scored,,422,local_private_WBM_raw_structure_cache_not_distributed
wbm-1-4600,As1 B3 O6,3|As-B,True,-7.517751312255859,scored,,423,local_private_WBM_raw_structure_cache_not_distributed
wbm-1-4601,B3 O6 Sb1,3|B-O,True,-7.5227302551269535,scored,,424,local_private_WBM_raw_structure_cache_not_distributed
wbm-1-4614,B6 V2 Zn2,3|B-V,False,-6.355349731445313,scored,,425,local_private_WBM_raw_structure_cache_not_distributed
wbm-1-4704,B4 Nd2 Rh5,3|B-Nd,True,-7.312110900878906,scored,,426,local_private_WBM_raw_structure_cache_not_distributed
wbm-1-4705,B4 Pr2 Rh5,3|B-Pr,True,-7.321868896484375,scored,,427,local_private_WBM_raw_structure_cache_not_distributed
wbm-1-4714,B4 Sc3,2|B-Sc,False,-7.25688716343471,scored,,428,local_private_WBM_raw_structure_cache_not_distributed
wbm-1-4727,B4 V1,2|B-V,False,-7.485182189941407,scored,,429,local_private_WBM_raw_structure_cache_not_distributed
wbm-1-4766,B6 Cs1,2|B-Cs,False,-5.696294512067523,scored,,430,local_private_WBM_raw_structure_cache_not_distributed
wbm-1-4772,B6 Rb1,2|B-Rb,False,-5.772510528564453,scored,,431,local_private_WBM_raw_structure_cache_not_distributed
wbm-1-4778,B6 U1,2|B-U,False,-7.638296944754464,scored,,432,local_private_WBM_raw_structure_cache_not_distributed
wbm-1-4808,Al8 B4,2|Al-B,False,-4.591753005981445,scored,,433,local_private_WBM_raw_structure_cache_not_distributed
wbm-1-4826,Au4 B2,2|Au-B,False,-4.119960784912109,scored,,434,local_private_WBM_raw_structure_cache_not_distributed
wbm-1-4928,B2 Cu4,2|B-Cu,False,-4.770950635274251,scored,,435,local_private_WBM_raw_structure_cache_not_distributed
wbm-1-4969,B1 Br2 Cs1 F4 Pb1,5|B-Br,False,-4.756609174940321,scored,,436,local_private_WBM_raw_structure_cache_not_distributed
wbm-1-4970,B1 Cl2 Cs1 F4 Pb1,5|B-Cl,False,-4.887228647867839,scored,,437,local_private_WBM_raw_structure_cache_not_distributed
wbm-1-4971,B1 Cs1 F4,3|B-Cs,False,-5.535032272338867,scored,,438,local_private_WBM_raw_structure_cache_not_distributed
wbm-1-4972,B1 Cs1 F4 I2 In1,5|B-Cs,False,-4.429232703314887,scored,,439,local_private_WBM_raw_structure_cache_not_distributed
wbm-1-4973,B1 F4 I2 K1 Pb1,5|B-F,False,-4.589302486843533,scored,,440,local_private_WBM_raw_structure_cache_not_distributed
wbm-1-5053,B2 K6 Sb4,3|B-K,False,-3.2412261962890625,scored,,441,local_private_WBM_raw_structure_cache_not_distributed
wbm-1-5072,B2 Mg4,2|B-Mg,False,-2.921955108642578,scored,,442,local_private_WBM_raw_structure_cache_not_distributed
wbm-1-5114,As4 B2 K4 Na2,4|As-B,False,-3.591249148050944,scored,,443,local_private_WBM_raw_structure_cache_not_distributed
wbm-1-5115,B2 Na2 Ni6,3|B-Na,False,-5.069983673095703,scored,,444,local_private_WBM_raw_structure_cache_not_distributed
wbm-1-5117,B2 Na2 P4 Rb4,4|B-Na,True,-3.840965906778971,scored,,445,local_private_WBM_raw_structure_cache_not_distributed
wbm-1-5122,B2 Na2,2|B-Na,False,-3.831758499145508,scored,,446,local_private_WBM_raw_structure_cache_not_distributed
wbm-1-5125,B2 Nb4,2|B-Nb,False,-9.439380009969076,scored,,447,local_private_WBM_raw_structure_cache_not_distributed
wbm-1-5184,B2 Dy2 N2 Ni2,4|B-Dy,True,-7.444272041320801,scored,,448,local_private_WBM_raw_structure_cache_not_distributed
wbm-1-5185,B2 Er2 N2 Ni2,4|B-Er,True,-7.46136999130249,scored,,449,local_private_WBM_raw_structure_cache_not_distributed
wbm-1-5188,B2 Ho2 N2 Ni2,4|B-Ho,False,-7.474583625793457,scored,,450,local_private_WBM_raw_structure_cache_not_distributed
wbm-1-5211,B2 Bi2 O6,3|B-Bi,False,-6.9595703125,scored,,451,local_private_WBM_raw_structure_cache_not_distributed
wbm-1-5308,B1 Pb1 Pu3,3|B-Pb,False,-10.525834655761718,scored,,452,local_private_WBM_raw_structure_cache_not_distributed
wbm-1-5343,B2 Rb6 Sb4,3|B-Rb,False,-3.1678568522135415,scored,,453,local_private_WBM_raw_structure_cache_not_distributed
wbm-1-5350,B1 Pu1 Rh3,3|B-Pu,False,-8.707342529296875,scored,,454,local_private_WBM_raw_structure_cache_not_distributed
wbm-1-5380,B6 S12 Sn6,3|B-S,False,-5.119320233662923,scored,,455,local_private_WBM_raw_structure_cache_not_distributed
wbm-1-5387,B2 Sb2,2|B-Sb,False,-4.9923624992370605,scored,,456,local_private_WBM_raw_structure_cache_not_distributed
wbm-1-5391,B1 Ge1 Sc3,3|B-Ge,False,-6.5816703796386715,scored,,457,local_private_WBM_raw_structure_cache_not_distributed
wbm-1-5406,B6 Se12 Tl6,3|B-Se,True,-4.281706174214681,scored,,458,local_private_WBM_raw_structure_cache_not_distributed
wbm-1-5424,B1 Si2 V6,3|B-Si,False,-8.565686543782553,scored,,459,local_private_WBM_raw_structure_cache_not_distributed
wbm-1-5429,B1 Sm3 Tl1,3|B-Sm,False,-4.81946029663086,scored,,460,local_private_WBM_raw_structure_cache_not_distributed
wbm-1-5445,B1 Sn1 Tb3,3|B-Sn,False,-5.3313438415527346,scored,,461,local_private_WBM_raw_structure_cache_not_distributed
wbm-1-5453,B1 Tb3 Tl1,3|B-Tb,False,-4.831640625,scored,,462,local_private_WBM_raw_structure_cache_not_distributed
wbm-1-5457,B2 Te6 Tl2,3|B-Te,True,-3.6103843688964843,scored,,463,local_private_WBM_raw_structure_cache_not_distributed
wbm-1-5480,B1 Th3 Tl1,3|B-Th,False,-6.523590087890625,scored,,464,local_private_WBM_raw_structure_cache_not_distributed
wbm-1-5481,B1 Tl1 U3,3|B-Tl,False,-8.472113800048827,scored,,465,local_private_WBM_raw_structure_cache_not_distributed
wbm-1-5542,Au4 Ba4 Pb2,3|Au-Ba,False,-3.487363815307617,scored,,466,local_private_WBM_raw_structure_cache_not_distributed
wbm-1-5544,Ba4 Pb6,2|Ba-Pb,False,-3.4861495971679686,scored,,467,local_private_WBM_raw_structure_cache_not_distributed
wbm-1-5547,Ba2 Pb1 Tl1,3|Ba-Pb,False,-2.9886932373046875,scored,,468,local_private_WBM_raw_structure_cache_not_distributed
wbm-1-5548,Ba6 Hg4,2|Ba-Hg,False,-1.720055389404297,scored,,469,local_private_WBM_raw_structure_cache_not_distributed
wbm-1-5550,Ba6 Tl2,2|Ba-Tl,True,-2.217121124267578,scored,,470,local_private_WBM_raw_structure_cache_not_distributed
wbm-1-5552,Ac3 Ba1,2|Ac-Ba,False,-3.4662435054779053,scored,,471,local_private_WBM_raw_structure_cache_not_distributed
wbm-1-5556,Au4 Ba2,2|Au-Ba,False,-3.3956276575724282,scored,,472,local_private_WBM_raw_structure_cache_not_distributed
wbm-1-5562,Ba2 Bi4,2|Ba-Bi,True,-3.8442204793294272,scored,,473,local_private_WBM_raw_structure_cache_not_distributed
wbm-1-5564,Ba2 Eu6,2|Ba-Eu,False,-8.125174522399902,scored,,474,local_private_WBM_raw_structure_cache_not_distributed
wbm-1-5565,Ac1 Ba1 Hg2,3|Ac-Ba,True,-2.162651538848877,scored,,475,local_private_WBM_raw_structure_cache_not_distributed
wbm-1-5569,Ba2 Bi4 Hg2,3|Ba-Bi,True,-2.9342496395111084,scored,,476,local_private_WBM_raw_structure_cache_not_distributed
wbm-1-5570,Ba2 Hg2 Pb2,3|Ba-Hg,True,-2.45349915822347,scored,,477,local_private_WBM_raw_structure_cache_not_distributed
wbm-1-5573,Ba2 Ir4,2|Ba-Ir,True,-6.627007166544597,scored,,478,local_private_WBM_raw_structure_cache_not_distributed
wbm-1-5575,Ba2 Ir2 Tl4,3|Ba-Ir,False,-4.006967544555664,scored,,479,local_private_WBM_raw_structure_cache_not_distributed
wbm-1-5587,Ba1 Pt2,2|Ba-Pt,False,-5.252572059631348,scored,,480,local_private_WBM_raw_structure_cache_not_distributed
wbm-1-5590,Ba2 Pt2 Tl4,3|Ba-Pt,True,-3.658900022506714,scored,,481,local_private_WBM_raw_structure_cache_not_distributed
wbm-1-5605,Al1 Be2 Ni1,3|Al-Be,False,-4.5092339515686035,scored,,482,local_private_WBM_raw_structure_cache_not_distributed
wbm-1-5610,As2 Be2 Cd1,3|As-Be,False,-3.6097122192382813,scored,,483,local_private_WBM_raw_structure_cache_not_distributed
wbm-1-5613,Au2 Be4,2|Au-Be,False,-3.6117375691731772,scored,,484,local_private_WBM_raw_structure_cache_not_distributed
wbm-1-5614,Be2 Ca1 Sb2,3|Be-Ca,False,-3.8820377349853517,scored,,485,local_private_WBM_raw_structure_cache_not_distributed
wbm-1-5616,Be2 Ce1,2|Be-Ce,False,-4.404800732930501,scored,,486,local_private_WBM_raw_structure_cache_not_distributed
wbm-1-5618,Au1 Be2 Co1,3|Au-Be,False,-4.649816036224365,scored,,487,local_private_WBM_raw_structure_cache_not_distributed
wbm-1-5619,Be2 Co1 Cu1,3|Be-Co,False,-4.9169182777404785,scored,,488,local_private_WBM_raw_structure_cache_not_distributed
wbm-1-5622,Be8 Co4,2|Be-Co,False,-5.147852261861165,scored,,489,local_private_WBM_raw_structure_cache_not_distributed
wbm-1-5624,Be2 Cr1 Cu1,3|Be-Cr,False,-5.1148881912231445,scored,,490,local_private_WBM_raw_structure_cache_not_distributed
wbm-1-5629,Be2 Cu1 Os1,3|Be-Cu,False,-5.827029705047607,scored,,491,local_private_WBM_raw_structure_cache_not_distributed
wbm-1-5631,Be2 Dy1,2|Be-Dy,False,-4.101098696390788,scored,,492,local_private_WBM_raw_structure_cache_not_distributed
wbm-1-5632,Be2 Er1,2|Be-Er,False,-4.0743405024210615,scored,,493,local_private_WBM_raw_structure_cache_not_distributed
wbm-1-5633,Be2 F5 K1,3|Be-F,True,-5.442645072937012,scored,,494,local_private_WBM_raw_structure_cache_not_distributed
wbm-1-5638,Be2 Fe1 Ir1,3|Be-Fe,True,-6.612844467163086,scored,,495,local_private_WBM_raw_structure_cache_not_distributed
wbm-1-5643,Be2 Gd1,2|Be-Gd,False,-7.206409454345703,scored,,496,local_private_WBM_raw_structure_cache_not_distributed
wbm-1-5644,Ba2 Be4 Ge4,3|Ba-Be,False,-3.88843994140625,scored,,497,local_private_WBM_raw_structure_cache_not_distributed
wbm-1-5645,Be4 Eu2 Ge4,3|Be-Eu,False,-5.729275512695312,scored,,498,local_private_WBM_raw_structure_cache_not_distributed
wbm-1-5646,Be4 Ge4 Sr2,3|Be-Ge,False,-3.911328887939453,scored,,499,local_private_WBM_raw_structure_cache_not_distributed
wbm-1-5648,Be4 Hf6,2|Be-Hf,False,-7.509883880615234,scored,,500,local_private_WBM_raw_structure_cache_not_distributed
wbm-1-5650,Be2 Ho1,2|Be-Ho,False,-4.091965039571126,scored,,501,local_private_WBM_raw_structure_cache_not_distributed
wbm-1-5652,Be2 Lu1,2|Be-Lu,False,-4.094075838724772,scored,,502,local_private_WBM_raw_structure_cache_not_distributed
wbm-1-5653,Be2 Mg1 Sb2,3|Be-Mg,False,-3.470509719848633,scored,,503,local_private_WBM_raw_structure_cache_not_distributed
wbm-1-5657,Be2 Mn1 Ni1,3|Be-Mn,False,-5.777765274047852,scored,,504,local_private_WBM_raw_structure_cache_not_distributed
wbm-1-5659,Be2 Mn1,2|Be-Mn,False,-5.695615768432617,scored,,505,local_private_WBM_raw_structure_cache_not_distributed
wbm-1-5660,Be2 Cd1 N2,3|Be-Cd,False,-5.4216163635253904,scored,,506,local_private_WBM_raw_structure_cache_not_distributed
wbm-1-5665,Be2 N2 Ni1,3|Be-N,False,-6.441297149658203,scored,,507,local_private_WBM_raw_structure_cache_not_distributed
wbm-1-5668,Be2 Ir1 Na1,3|Be-Ir,False,-4.193289756774902,scored,,508,local_private_WBM_raw_structure_cache_not_distributed
wbm-1-5670,Be2 Nb1,2|Be-Nb,False,-6.025995254516602,scored,,509,local_private_WBM_raw_structure_cache_not_distributed
wbm-1-5675,Be2 Ni1 Os1,3|Be-Ni,False,-6.399829864501953,scored,,510,local_private_WBM_raw_structure_cache_not_distributed
wbm-1-5678,Be8 Ni4,2|Be-Ni,False,-4.699197769165039,scored,,511,local_private_WBM_raw_structure_cache_not_distributed
wbm-1-5681,Be2 Os1 Pt1,3|Be-Os,True,-6.650575637817383,scored,,512,local_private_WBM_raw_structure_cache_not_distributed
wbm-1-5689,Be2 P2 Sr1,3|Be-P,True,-4.643777465820312,scored,,513,local_private_WBM_raw_structure_cache_not_distributed
wbm-1-5695,Be2 Pu1,2|Be-Pu,False,-6.657328923543294,scored,,514,local_private_WBM_raw_structure_cache_not_distributed
wbm-1-5696,Ag1 Be2 Rh1,3|Ag-Be,False,-4.616580486297607,scored,,515,local_private_WBM_raw_structure_cache_not_distributed
wbm-1-5699,Be8 Rh4,2|Be-Rh,False,-5.478577295939128,scored,,516,local_private_WBM_raw_structure_cache_not_distributed
wbm-1-5702,Be2 Pd1 Ru1,3|Be-Pd,False,-5.901256561279297,scored,,517,local_private_WBM_raw_structure_cache_not_distributed
wbm-1-5703,Be2 Rh1 Ru1,3|Be-Rh,False,-6.497036457061768,scored,,518,local_private_WBM_raw_structure_cache_not_distributed
wbm-1-5705,Be2 Sc1,2|Be-Sc,False,-4.726171493530273,scored,,519,local_private_WBM_raw_structure_cache_not_distributed
wbm-1-5708,Be2 Ta1,2|Be-Ta,False,-6.596778233846028,scored,,520,local_private_WBM_raw_structure_cache_not_distributed
wbm-1-5709,Be2 Tb1,2|Be-Tb,False,-4.077637672424316,scored,,521,local_private_WBM_raw_structure_cache_not_distributed
wbm-1-5710,Be2 Th1,2|Be-Th,False,-4.922779083251953,scored,,522,local_private_WBM_raw_structure_cache_not_distributed
wbm-1-5711,Be4 Ti6,2|Be-Ti,False,-6.331117248535156,scored,,523,local_private_WBM_raw_structure_cache_not_distributed
wbm-1-5719,Be2 Tm1,2|Be-Tm,False,-4.08682918548584,scored,,524,local_private_WBM_raw_structure_cache_not_distributed
wbm-1-5720,Be2 U1,2|Be-U,False,-6.136343002319336,scored,,525,local_private_WBM_raw_structure_cache_not_distributed
wbm-1-5721,Be4 V6,2|Be-V,False,-6.909547424316406,scored,,526,local_private_WBM_raw_structure_cache_not_distributed
wbm-1-5725,Be2 Y1,2|Be-Y,False,-4.696858088175456,scored,,527,local_private_WBM_raw_structure_cache_not_distributed
wbm-1-5728,Be2 Pt1 Zn1,3|Be-Pt,False,-4.115818023681641,scored,,528,local_private_WBM_raw_structure_cache_not_distributed
wbm-1-5730,Be4 Zr6,2|Be-Zr,False,-6.741506958007813,scored,,529,local_private_WBM_raw_structure_cache_not_distributed
wbm-1-5732,Al1 Be3,2|Al-Be,False,-3.6265368461608887,scored,,530,local_private_WBM_raw_structure_cache_not_distributed
wbm-1-5737,Be6 Cr2,2|Be-Cr,False,-5.279902458190918,scored,,531,local_private_WBM_raw_structure_cache_not_distributed
wbm-1-5738,Be3 Cu1,2|Be-Cu,False,-3.886490821838379,scored,,532,local_private_WBM_raw_structure_cache_not_distributed
wbm-1-5740,Be3 Fe1,2|Be-Fe,False,-5.1315412521362305,scored,,533,local_private_WBM_raw_structure_cache_not_distributed
wbm-1-5743,Be6 Ir2,2|Be-Ir,False,-5.481895446777344,scored,,534,local_private_WBM_raw_structure_cache_not_distributed
wbm-1-5746,Be3 Os1,2|Be-Os,True,-5.8789520263671875,scored,,535,local_private_WBM_raw_structure_cache_not_distributed
wbm-1-5750,Be6 Pd2,2|Be-Pd,False,-4.370660781860352,scored,,536,local_private_WBM_raw_structure_cache_not_distributed
wbm-1-5751,Be3 Pt1,2|Be-Pt,True,-4.798635005950928,scored,,537,local_private_WBM_raw_structure_cache_not_distributed
wbm-1-5754,Be3 Re1,2|Be-Re,False,-6.220330238342285,scored,,538,local_private_WBM_raw_structure_cache_not_distributed
wbm-1-5756,Be3 Ru1,2|Be-Ru,False,-5.50514554977417,scored,,539,local_private_WBM_raw_structure_cache_not_distributed
wbm-1-5760,Be3 Zn1,2|Be-Zn,False,-2.9633629322052,scored,,540,local_private_WBM_raw_structure_cache_not_distributed
wbm-1-5762,Be4 O7 Se1,3|Be-O,False,-6.412782669067383,scored,,541,local_private_WBM_raw_structure_cache_not_distributed
wbm-1-5764,Ag1 Be5,2|Ag-Be,False,-3.5266806284586587,scored,,542,local_private_WBM_raw_structure_cache_not_distributed
wbm-1-5774,Be5 In1,2|Be-In,False,-3.358891805013021,scored,,543,local_private_WBM_raw_structure_cache_not_distributed
wbm-1-5776,Be5 La1,2|Be-La,False,-3.933502197265625,scored,,544,local_private_WBM_raw_structure_cache_not_distributed
wbm-1-5780,Be5 Nd1,2|Be-Nd,False,-3.9890562693277993,scored,,545,local_private_WBM_raw_structure_cache_not_distributed
wbm-1-5782,Be5 Pr1,2|Be-Pr,False,-3.9450225830078125,scored,,546,local_private_WBM_raw_structure_cache_not_distributed
wbm-1-5786,Be5 Sm1,2|Be-Sm,False,-3.9769210815429688,scored,,547,local_private_WBM_raw_structure_cache_not_distributed
wbm-1-5794,Be5 Yb1,2|Be-Yb,False,-3.3767617543538413,scored,,548,local_private_WBM_raw_structure_cache_not_distributed
wbm-1-5823,B1 Be1 Fe1,3|B-Be,False,-6.326180140177409,scored,,549,local_private_WBM_raw_structure_cache_not_distributed
wbm-1-5827,B2 Be2 Na2 O6,4|B-Be,False,-6.853159586588542,scored,,550,local_private_WBM_raw_structure_cache_not_distributed
wbm-1-5880,Be1 Ga1 Os2,3|Be-Ga,False,-7.363656044006348,scored,,551,local_private_WBM_raw_structure_cache_not_distributed
wbm-1-5895,Be1 Hf1 Os2,3|Be-Hf,False,-9.329444885253906,scored,,552,local_private_WBM_raw_structure_cache_not_distributed
wbm-1-5896,Be1 In1 Ir2,3|Be-In,False,-6.09320068359375,scored,,553,local_private_WBM_raw_structure_cache_not_distributed
wbm-1-5901,Be1 K4 Sb2,3|Be-K,False,-2.6554339272635326,scored,,554,local_private_WBM_raw_structure_cache_not_distributed
wbm-1-5904,Be2 Mg6,2|Be-Mg,False,-1.821129322052002,scored,,555,local_private_WBM_raw_structure_cache_not_distributed
wbm-1-5924,Be1 Mo1 Ru2,3|Be-Mo,False,-8.470404624938965,scored,,556,local_private_WBM_raw_structure_cache_not_distributed
wbm-1-5928,Be2 Bi2 Na2,3|Be-Bi,False,-2.6713282267252603,scored,,557,local_private_WBM_raw_structure_cache_not_distributed
wbm-1-5929,Be1 Na1 Pd2,3|Be-Na,False,-3.91854190826416,scored,,558,local_private_WBM_raw_structure_cache_not_distributed
wbm-1-5934,Be1 Nb2 Tc1,3|Be-Nb,False,-8.661972999572754,scored,,559,local_private_WBM_raw_structure_cache_not_distributed
wbm-1-5959,Ba1 Be1 Ge1 O4,4|Ba-Be,False,-6.709529331752232,scored,,560,local_private_WBM_raw_structure_cache_not_distributed
wbm-1-5961,Be1 Ca1 O4 Si1,4|Be-Ca,False,-7.321428571428571,scored,,561,local_private_WBM_raw_structure_cache_not_distributed
wbm-1-5962,Be1 O4 Si1 Sr1,4|Be-O,False,-7.314073835100446,scored,,562,local_private_WBM_raw_structure_cache_not_distributed
wbm-1-5964,Be1 Cs4 P2,3|Be-Cs,True,-2.9120423453194753,scored,,563,local_private_WBM_raw_structure_cache_not_distributed
wbm-1-5977,Be1 Ce1 Rh2,3|Be-Ce,False,-6.607179164886475,scored,,564,local_private_WBM_raw_structure_cache_not_distributed
wbm-1-5978,Be1 Dy1 Rh2,3|Be-Dy,False,-6.271544456481934,scored,,565,local_private_WBM_raw_structure_cache_not_distributed
wbm-1-5979,Be1 Er1 Rh2,3|Be-Er,False,-6.314681053161621,scored,,566,local_private_WBM_raw_structure_cache_not_distributed
wbm-1-5980,Be1 Ho1 Rh2,3|Be-Ho,False,-6.290128231048584,scored,,567,local_private_WBM_raw_structure_cache_not_distributed
wbm-1-5981,Be1 Lu1 Rh2,3|Be-Lu,False,-6.395180702209473,scored,,568,local_private_WBM_raw_structure_cache_not_distributed
wbm-1-5982,Be1 Pu1 Rh2,3|Be-Pu,False,-8.29780387878418,scored,,569,local_private_WBM_raw_structure_cache_not_distributed
wbm-1-5994,Be1 Ru2 Sn1,3|Be-Ru,False,-6.6632609367370605,scored,,570,local_private_WBM_raw_structure_cache_not_distributed
wbm-1-6001,Be1 La2 Ru1,3|Be-La,False,-5.651725769042969,scored,,571,local_private_WBM_raw_structure_cache_not_distributed
wbm-1-6003,Be1 Nd2 Ru1,3|Be-Nd,False,-5.575743198394775,scored,,572,local_private_WBM_raw_structure_cache_not_distributed
wbm-1-6004,Be1 Pr2 Ru1,3|Be-Pr,False,-5.523284435272217,scored,,573,local_private_WBM_raw_structure_cache_not_distributed
wbm-1-6022,Be1 Re1 Sc2,3|Be-Re,False,-7.245638370513916,scored,,574,local_private_WBM_raw_structure_cache_not_distributed
wbm-1-6024,Be1 Sc2 Ti1,3|Be-Sc,False,-5.876952171325684,scored,,575,local_private_WBM_raw_structure_cache_not_distributed
wbm-1-6033,Be2 Gd2 Si2,3|Be-Gd,True,-8.348860422770182,scored,,576,local_private_WBM_raw_structure_cache_not_distributed
wbm-1-6043,Be2 Sb4 Si2,3|Be-Sb,True,-4.314006805419922,scored,,577,local_private_WBM_raw_structure_cache_not_distributed
wbm-1-6045,Be2 Si2 Ta2,3|Be-Si,False,-7.429728825887044,scored,,578,local_private_WBM_raw_structure_cache_not_distributed
wbm-1-6070,Be1 Sm2 Tc1,3|Be-Sm,False,-5.648728370666504,scored,,579,local_private_WBM_raw_structure_cache_not_distributed
wbm-1-6071,Be1 Tb2 Tc1,3|Be-Tb,False,-5.704743385314941,scored,,580,local_private_WBM_raw_structure_cache_not_distributed
wbm-1-6072,Be1 Tc1 Th2,3|Be-Tc,False,-7.163357734680176,scored,,581,local_private_WBM_raw_structure_cache_not_distributed
wbm-1-6083,Be1 Ti2 Zn1,3|Be-Ti,False,-5.312355041503906,scored,,582,local_private_WBM_raw_structure_cache_not_distributed
wbm-1-6124,Bi3 U1,2|Bi-U,False,-5.596188545227051,scored,,583,local_private_WBM_raw_structure_cache_not_distributed
wbm-1-6125,Bi1 Pu3,2|Bi-Pu,False,-11.924731254577637,scored,,584,local_private_WBM_raw_structure_cache_not_distributed
wbm-1-6126,Bi1 Th3,2|Bi-Th,False,-6.698714256286621,scored,,585,local_private_WBM_raw_structure_cache_not_distributed
wbm-1-6134,Ag2 Br4 Tl2,3|Ag-Br,False,-2.722780466079712,scored,,586,local_private_WBM_raw_structure_cache_not_distributed
wbm-1-6135,Au4 Br8,2|Au-Br,False,-2.3449376424153647,scored,,587,local_private_WBM_raw_structure_cache_not_distributed
wbm-1-6136,Ba2 Br4,2|Ba-Br,False,-3.8984855016072593,scored,,588,local_private_WBM_raw_structure_cache_not_distributed
wbm-1-6140,Br2 Cd1,2|Br-Cd,False,-2.279132525126139,scored,,589,local_private_WBM_raw_structure_cache_not_distributed
wbm-1-6154,Au2 Br4 Cs2,3|Au-Br,False,-2.6498637199401855,scored,,590,local_private_WBM_raw_structure_cache_not_distributed
wbm-1-6156,Br8 Eu4,2|Br-Eu,True,-6.577599207560222,scored,,591,local_private_WBM_raw_structure_cache_not_distributed
wbm-1-6157,Br4 Hg2,2|Br-Hg,True,-1.6257578531901042,scored,,592,local_private_WBM_raw_structure_cache_not_distributed
wbm-1-6161,Br4 I4 Ta2,3|Br-I,True,-4.322624969482422,scored,,593,local_private_WBM_raw_structure_cache_not_distributed
wbm-1-6162,Br4 In2,2|Br-In,False,-2.777900060017904,scored,,594,local_private_WBM_raw_structure_cache_not_distributed
wbm-1-6164,Br2 La1,2|Br-La,False,-4.5084654490153,scored,,595,local_private_WBM_raw_structure_cache_not_distributed
wbm-1-6165,Br4 Nb2 Te4,3|Br-Nb,False,-4.51921272277832,scored,,596,local_private_WBM_raw_structure_cache_not_distributed
wbm-1-6167,Br4 Pb2,2|Br-Pb,False,-3.169976234436035,scored,,597,local_private_WBM_raw_structure_cache_not_distributed
wbm-1-6176,Br2 Pd1 Te6,3|Br-Pd,False,-3.183173073662652,scored,,598,local_private_WBM_raw_structure_cache_not_distributed
wbm-1-6179,Br8 Pd4,2|Br-Pd,True,-3.1580918629964194,scored,,599,local_private_WBM_raw_structure_cache_not_distributed
wbm-1-6182,Br8 Pt4,2|Br-Pt,False,-3.2939697901407876,scored,,600,local_private_WBM_raw_structure_cache_not_distributed
wbm-1-6186,Br4 Rh2,2|Br-Rh,False,-3.7920796076456704,scored,,601,local_private_WBM_raw_structure_cache_not_distributed
wbm-1-6187,Br6 Sn3,2|Br-Sn,False,-3.2078348795572915,scored,,602,local_private_WBM_raw_structure_cache_not_distributed
wbm-1-6190,Br2 Sr1,2|Br-Sr,False,-3.773397445678711,scored,,603,local_private_WBM_raw_structure_cache_not_distributed
wbm-1-6192,Br2 La2 Te1,3|Br-La,False,-4.984590911865235,scored,,604,local_private_WBM_raw_structure_cache_not_distributed
wbm-1-6193,Br8 Tl4,2|Br-Tl,False,-2.540325959523519,scored,,605,local_private_WBM_raw_structure_cache_not_distributed
wbm-1-6195,Br8 Zr4,2|Br-Zr,True,-5.199359893798828,scored,,606,local_private_WBM_raw_structure_cache_not_distributed
wbm-1-6211,Bi2 Br6,2|Bi-Br,False,-2.9754443168640137,scored,,607,local_private_WBM_raw_structure_cache_not_distributed
wbm-1-6214,Br12 Cd4 Sn4,3|Br-Cd,False,-2.6391036987304686,scored,,608,local_private_WBM_raw_structure_cache_not_distributed
wbm-1-6215,Br6 Ce2,2|Br-Ce,False,-4.511351585388184,scored,,609,local_private_WBM_raw_structure_cache_not_distributed
wbm-1-6223,Ba2 Br6 Cs2,3|Ba-Br,False,-3.588917541503906,scored,,610,local_private_WBM_raw_structure_cache_not_distributed
wbm-1-6225,Br6 Cs2 Hg2,3|Br-Cs,False,-2.2202735900878907,scored,,611,local_private_WBM_raw_structure_cache_not_distributed
wbm-1-6235,Br6 Dy2,2|Br-Dy,True,-4.264376640319824,scored,,612,local_private_WBM_raw_structure_cache_not_distributed
wbm-1-6243,Br6 Gd2,2|Br-Gd,False,-6.586328029632568,scored,,613,local_private_WBM_raw_structure_cache_not_distributed
wbm-1-6244,Br6 Hf2,2|Br-Hf,True,-5.033487319946289,scored,,614,local_private_WBM_raw_structure_cache_not_distributed
wbm-1-6245,Br6 Ho2,2|Br-Ho,True,-4.284735679626465,scored,,615,local_private_WBM_raw_structure_cache_not_distributed
wbm-1-6255,Br6 Eu2 In2,3|Br-Eu,True,-5.080739593505859,scored,,616,local_private_WBM_raw_structure_cache_not_distributed
wbm-1-6256,Br3 In1 La3,3|Br-In,False,-4.457436425345285,scored,,617,local_private_WBM_raw_structure_cache_not_distributed
wbm-1-6271,Br6 Lu2,2|Br-Lu,True,-4.2416229248046875,scored,,618,local_private_WBM_raw_structure_cache_not_distributed
wbm-1-6273,Br6 Nb2,2|Br-Nb,False,-4.4798583984375,scored,,619,local_private_WBM_raw_structure_cache_not_distributed
wbm-1-6275,Br6 Nd2,2|Br-Nd,False,-4.294963359832764,scored,,620,local_private_WBM_raw_structure_cache_not_distributed
wbm-1-6278,Br6 Os2,2|Br-Os,False,-4.104572772979736,scored,,621,local_private_WBM_raw_structure_cache_not_distributed
wbm-1-6281,Br6 Pm2,2|Br-Pm,True,-4.3084259033203125,scored,,622,local_private_WBM_raw_structure_cache_not_distributed
wbm-1-6282,Br6 Pr2,2|Br-Pr,False,-4.317291736602783,scored,,623,local_private_WBM_raw_structure_cache_not_distributed
wbm-1-6285,Br6 Pu2,2|Br-Pu,True,-6.4147820472717285,scored,,624,local_private_WBM_raw_structure_cache_not_distributed
wbm-1-6288,Br6 Rb4,2|Br-Rb,False,-2.7593053817749023,scored,,625,local_private_WBM_raw_structure_cache_not_distributed
wbm-1-6301,Br3 Hg1 Rb1,3|Br-Hg,False,-2.185141372680664,scored,,626,local_private_WBM_raw_structure_cache_not_distributed
wbm-1-6306,Br3 Ir1 Rb1,3|Br-Ir,False,-3.539470672607422,scored,,627,local_private_WBM_raw_structure_cache_not_distributed
wbm-1-6307,Br6 Pb2 Rb2,3|Br-Pb,False,-3.2023761749267576,scored,,628,local_private_WBM_raw_structure_cache_not_distributed
wbm-1-6317,Br6 Pt2 Rb2,3|Br-Pt,False,-3.2179813385009766,scored,,629,local_private_WBM_raw_structure_cache_not_distributed
wbm-1-6319,Br6 Rb2 Rh2,3|Br-Rb,False,-3.4892711639404297,scored,,630,local_private_WBM_raw_structure_cache_not_distributed
wbm-1-6338,Br6 Sb2,2|Br-Sb,True,-2.8835036754608154,scored,,631,local_private_WBM_raw_structure_cache_not_distributed
wbm-1-6340,Br6 Sm2,2|Br-Sm,True,-4.290928363800049,scored,,632,local_private_WBM_raw_structure_cache_not_distributed
wbm-1-6352,Br3 Sn1 Tl1,3|Br-Sn,False,-3.044784736633301,scored,,633,local_private_WBM_raw_structure_cache_not_distributed
wbm-1-6359,Br6 Ta2,2|Br-Ta,False,-4.849033832550049,scored,,634,local_private_WBM_raw_structure_cache_not_distributed
wbm-1-6361,Br6 Tb2,2|Br-Tb,True,-4.301356315612793,scored,,635,local_private_WBM_raw_structure_cache_not_distributed
wbm-1-6366,Br12 Hf4 Te4,3|Br-Hf,False,-4.733745956420899,scored,,636,local_private_WBM_raw_structure_cache_not_distributed
wbm-1-6367,Br12 Ta4 Te4,3|Br-Ta,False,-4.723311996459961,scored,,637,local_private_WBM_raw_structure_cache_not_distributed
wbm-1-6368,Br6 Th2,2|Br-Th,False,-4.695826530456543,scored,,638,local_private_WBM_raw_structure_cache_not_distributed
wbm-1-6373,Br6 Tm2,2|Br-Tm,True,-4.2086663246154785,scored,,639,local_private_WBM_raw_structure_cache_not_distributed
wbm-1-6376,Br6 U2,2|Br-U,True,-5.317388534545898,scored,,640,local_private_WBM_raw_structure_cache_not_distributed
wbm-1-6383,Br6 Y2,2|Br-Y,True,-4.762661457061768,scored,,641,local_private_WBM_raw_structure_cache_not_distributed
wbm-1-6386,Br12 Te4 Zr4,3|Br-Te,False,-4.477521514892578,scored,,642,local_private_WBM_raw_structure_cache_not_distributed
wbm-1-6417,Au1 Br4 Cs2 I2,4|Au-Br,False,-2.514496273464627,scored,,643,local_private_WBM_raw_structure_cache_not_distributed
wbm-1-6419,Br4 Cs2 I2 Ir1,4|Br-Cs,False,-3.188849131266276,scored,,644,local_private_WBM_raw_structure_cache_not_distributed
wbm-1-6429,Br8 Np2,2|Br-Np,True,-5.094563674926758,scored,,645,local_private_WBM_raw_structure_cache_not_distributed
wbm-1-6440,Br4 I2 Ir1 Rb2,4|Br-I,False,-3.172116173638238,scored,,646,local_private_WBM_raw_structure_cache_not_distributed
wbm-1-6480,Ag1 Au1 Br6 Cs2,4|Ag-Au,True,-2.6991245269775392,scored,,647,local_private_WBM_raw_structure_cache_not_distributed
wbm-1-6498,Bi1 Br6 Rb2,3|Bi-Br,True,-2.913542005750868,scored,,648,local_private_WBM_raw_structure_cache_not_distributed
wbm-1-6537,Ag2 Br2,2|Ag-Br,False,-2.5463404655456543,scored,,649,local_private_WBM_raw_structure_cache_not_distributed
wbm-1-6569,Br2 Rh2 Te2,3|Br-Rh,True,-4.462153434753418,scored,,650,local_private_WBM_raw_structure_cache_not_distributed
wbm-1-6573,Br2 Sb2 Te2,3|Br-Sb,False,-3.311618169148763,scored,,651,local_private_WBM_raw_structure_cache_not_distributed
wbm-1-6591,Br4 Te4,2|Br-Te,False,-2.638305187225342,scored,,652,local_private_WBM_raw_structure_cache_not_distributed
wbm-1-6598,Al2 C2 Cd1,3|Al-C,False,-4.865451812744141,scored,,653,local_private_WBM_raw_structure_cache_not_distributed
wbm-1-6614,Ba2 C4,2|Ba-C,False,-6.691242218017578,scored,,654,local_private_WBM_raw_structure_cache_not_distributed
wbm-1-6617,Br5 C2 Dy4,3|Br-C,False,-5.454801732843572,scored,,655,local_private_WBM_raw_structure_cache_not_distributed
wbm-1-6633,C2 Ca1 Co1,3|C-Ca,True,-7.0219502449035645,scored,,656,local_private_WBM_raw_structure_cache_not_distributed
wbm-1-6638,C2 Cl5 Dy4,3|C-Cl,True,-5.794239044189453,scored,,657,local_private_WBM_raw_structure_cache_not_distributed
wbm-1-6668,C4 Co6,2|C-Co,False,-7.61895980834961,scored,,658,local_private_WBM_raw_structure_cache_not_distributed
wbm-1-6669,C4 Ce2 Co2,3|C-Ce,False,-8.051613807678223,scored,,659,local_private_WBM_raw_structure_cache_not_distributed
wbm-1-6671,C2 Co1 Cs2,3|C-Co,False,-5.25001106262207,scored,,660,local_private_WBM_raw_structure_cache_not_distributed
wbm-1-6718,C4 Cr4 Fe2,3|C-Cr,False,-9.138215637207031,scored,,661,local_private_WBM_raw_structure_cache_not_distributed
wbm-1-6745,C2 Cs2 Ir1,3|C-Cs,False,-5.698935317993164,scored,,662,local_private_WBM_raw_structure_cache_not_distributed
wbm-1-6748,C2 Cu1 La1,3|C-Cu,False,-7.060376167297363,scored,,663,local_private_WBM_raw_structure_cache_not_distributed
wbm-1-6753,C4 Fe6,2|C-Fe,False,-8.476943969726562,scored,,664,local_private_WBM_raw_structure_cache_not_distributed
wbm-1-6755,C2 Fe1 La1,3|C-Fe,True,-8.215431213378906,scored,,665,local_private_WBM_raw_structure_cache_not_distributed
wbm-1-6761,C4 Ga2 Nb6,3|C-Ga,True,-9.129860560099283,scored,,666,local_private_WBM_raw_structure_cache_not_distributed
wbm-1-6763,C2 I5 La4,3|C-I,False,-5.341760115189985,scored,,667,local_private_WBM_raw_structure_cache_not_distributed
wbm-1-6764,C4 In2 Ta6,3|C-In,False,-9.910120010375977,scored,,668,local_private_WBM_raw_structure_cache_not_distributed
wbm-1-6765,Au1 C2 K2,3|Au-C,False,-4.863440704345703,scored,,669,local_private_WBM_raw_structure_cache_not_distributed
wbm-1-6769,C2 Ir1 K2,3|C-Ir,False,-5.808884048461914,scored,,670,local_private_WBM_raw_structure_cache_not_distributed
wbm-1-6770,C2 K2 Ni1,3|C-K,False,-5.0284687042236325,scored,,671,local_private_WBM_raw_structure_cache_not_distributed
wbm-1-6774,Ag2 C4 K2,3|Ag-C,False,-5.196013450622559,scored,,672,local_private_WBM_raw_structure_cache_not_distributed
wbm-1-6780,C8 La4 Os4,3|C-La,False,-8.78330135345459,scored,,673,local_private_WBM_raw_structure_cache_not_distributed
wbm-1-6786,C4 Mn6 Sn2,3|C-Mn,False,-8.146231969197592,scored,,674,local_private_WBM_raw_structure_cache_not_distributed
wbm-1-6787,C4 Mn6,2|C-Mn,False,-9.122692108154297,scored,,675,local_private_WBM_raw_structure_cache_not_distributed
wbm-1-6796,C2 Na2 Ni1,3|C-Na,False,-5.124881744384766,scored,,676,local_private_WBM_raw_structure_cache_not_distributed
wbm-1-6804,C4 Nb6 Sn2,3|C-Nb,False,-9.24769401550293,scored,,677,local_private_WBM_raw_structure_cache_not_distributed
wbm-1-6805,C4 Ni6,2|C-Ni,False,-6.6796730041503904,scored,,678,local_private_WBM_raw_structure_cache_not_distributed
wbm-1-6808,C2 Ni1 Rb2,3|C-Ni,False,-4.934916305541992,scored,,679,local_private_WBM_raw_structure_cache_not_distributed
wbm-1-6813,C2 Np1,2|C-Np,False,-10.230721155802408,scored,,680,local_private_WBM_raw_structure_cache_not_distributed
wbm-1-6815,C2 Ca1 Co1 O6,4|C-Ca,False,-7.308192443847656,scored,,681,local_private_WBM_raw_structure_cache_not_distributed
wbm-1-6822,Ba1 C2 Cd1 O6,4|Ba-C,False,-6.865396118164062,scored,,682,local_private_WBM_raw_structure_cache_not_distributed
wbm-1-6826,C2 Cd1 K2 O6,4|C-Cd,False,-6.24140722101385,scored,,683,local_private_WBM_raw_structure_cache_not_distributed
wbm-1-6827,C2 Co1 K2 O6,4|C-Co,False,-6.589578108354048,scored,,684,local_private_WBM_raw_structure_cache_not_distributed
wbm-1-6828,C2 Eu1 K2 O6,4|C-Eu,False,-7.485858570445668,scored,,685,local_private_WBM_raw_structure_cache_not_distributed
wbm-1-6829,C2 Fe1 K2 O6,4|C-Fe,False,-6.71212421764027,scored,,686,local_private_WBM_raw_structure_cache_not_distributed
wbm-1-6830,C2 K2 Mn1 O6,4|C-K,True,-6.955182855779475,scored,,687,local_private_WBM_raw_structure_cache_not_distributed
wbm-1-6837,C2 Cs2 Mg1 O6,4|C-Cs,False,-6.505962718616832,scored,,688,local_private_WBM_raw_structure_cache_not_distributed
wbm-1-6840,C2 Mg1 O6 Rb2,4|C-Mg,False,-6.561155145818537,scored,,689,local_private_WBM_raw_structure_cache_not_distributed
wbm-1-6848,C2 Mn1 Na2 O6,4|C-Mn,True,-6.974062139337713,scored,,690,local_private_WBM_raw_structure_cache_not_distributed
wbm-1-6849,C2 Na2 Ni1 O6,4|C-Na,False,-6.405582774769176,scored,,691,local_private_WBM_raw_structure_cache_not_distributed
wbm-1-6858,C2 Rb2 Rh1,3|C-Rb,False,-5.439049530029297,scored,,692,local_private_WBM_raw_structure_cache_not_distributed
wbm-1-6861,C2 Pd1 Rb1,3|C-Pd,False,-5.724556922912598,scored,,693,local_private_WBM_raw_structure_cache_not_distributed
wbm-1-6862,C2 Pt1 Rb1,3|C-Pt,False,-5.988015651702881,scored,,694,local_private_WBM_raw_structure_cache_not_distributed
wbm-1-6864,C4 Rh6,2|C-Rh,False,-7.582955169677734,scored,,695,local_private_WBM_raw_structure_cache_not_distributed
wbm-1-6866,C8 Dy4 Rh4,3|C-Dy,False,-7.893585205078125,scored,,696,local_private_WBM_raw_structure_cache_not_distributed
wbm-1-6867,C8 Er4 Rh4,3|C-Er,False,-7.867264270782471,scored,,697,local_private_WBM_raw_structure_cache_not_distributed
wbm-1-6871,C4 Sc6 Sn2,3|C-Sc,False,-7.441860198974609,scored,,698,local_private_WBM_raw_structure_cache_not_distributed
wbm-1-6882,C4 Rh2 Sc2,3|C-Rh,False,-8.2626953125,scored,,699,local_private_WBM_raw_structure_cache_not_distributed
wbm-1-6884,C4 Ru2 Sc2,3|C-Ru,False,-8.652960777282715,scored,,700,local_private_WBM_raw_structure_cache_not_distributed
wbm-1-6887,C2 Sc1,2|C-Sc,False,-8.346249262491861,scored,,701,local_private_WBM_raw_structure_cache_not_distributed
wbm-1-6891,C4 Hf6 Si2,3|C-Hf,False,-9.829160690307617,scored,,702,local_private_WBM_raw_structure_cache_not_distributed
wbm-1-6895,C4 Si2 V6,3|C-Si,False,-9.057470321655273,scored,,703,local_private_WBM_raw_structure_cache_not_distributed
wbm-1-6898,C4 Sr2,2|C-Sr,False,-6.679452260335286,scored,,704,local_private_WBM_raw_structure_cache_not_distributed
wbm-1-6901,C2 Th1,2|C-Th,False,-8.861148834228516,scored,,705,local_private_WBM_raw_structure_cache_not_distributed
wbm-1-6902,C4 Ti4 V2,3|C-Ti,False,-9.295263671875,scored,,706,local_private_WBM_raw_structure_cache_not_distributed
wbm-1-6907,C4 Pb2 Ti6,3|C-Pb,True,-8.312074661254883,scored,,707,local_private_WBM_raw_structure_cache_not_distributed
wbm-1-6908,C4 Ti6,2|C-Ti,False,-9.121253204345702,scored,,708,local_private_WBM_raw_structure_cache_not_distributed
wbm-1-6912,C4 Sn2 V6,3|C-Sn,False,-8.660717010498047,scored,,709,local_private_WBM_raw_structure_cache_not_distributed
wbm-1-6913,C4 V6,2|C-V,False,-9.635492706298828,scored,,710,local_private_WBM_raw_structure_cache_not_distributed
wbm-1-6921,C4 Yb2,2|C-Yb,False,-6.59378178914388,scored,,711,local_private_WBM_raw_structure_cache_not_distributed
wbm-1-6929,C2 Y1 Zn1,3|C-Y,False,-6.477330684661865,scored,,712,local_private_WBM_raw_structure_cache_not_distributed
wbm-1-6931,C2 Zr1,2|C-Zr,False,-9.000385920206705,scored,,713,local_private_WBM_raw_structure_cache_not_distributed
wbm-1-6935,C3 Ga4,2|C-Ga,False,-5.037622724260602,scored,,714,local_private_WBM_raw_structure_cache_not_distributed
wbm-1-6936,C3 In4,2|C-In,False,-4.489001137869699,scored,,715,local_private_WBM_raw_structure_cache_not_distributed
wbm-1-6937,C3 Eu2 Mo2,3|C-Eu,False,-9.87778799874442,scored,,716,local_private_WBM_raw_structure_cache_not_distributed
wbm-1-6939,C3 Mo2 Nd2,3|C-Mo,True,-8.66968481881278,scored,,717,local_private_WBM_raw_structure_cache_not_distributed
wbm-1-6985,C4 Ho3 Ni1,3|C-Ho,False,-7.278448104858398,scored,,718,local_private_WBM_raw_structure_cache_not_distributed
wbm-1-6987,C4 Lu3 Ni1,3|C-Lu,False,-7.33146858215332,scored,,719,local_private_WBM_raw_structure_cache_not_distributed
wbm-1-6989,C4 Nd3 Ni1,3|C-Nd,False,-7.234217643737793,scored,,720,local_private_WBM_raw_structure_cache_not_distributed
wbm-1-7003,C4 Gd3 Ru1,3|C-Gd,False,-11.041072845458984,scored,,721,local_private_WBM_raw_structure_cache_not_distributed
wbm-1-7010,C4 Pr3 Ru1,3|C-Pr,False,-7.621583461761475,scored,,722,local_private_WBM_raw_structure_cache_not_distributed
wbm-1-7011,C4 Pu3 Ru1,3|C-Pu,False,-10.905496597290039,scored,,723,local_private_WBM_raw_structure_cache_not_distributed
wbm-1-7063,C5 Hf6,2|C-Hf,True,-10.528979908336293,scored,,724,local_private_WBM_raw_structure_cache_not_distributed
wbm-1-7065,Ba4 C5 Ni3,3|Ba-C,False,-5.995265960693359,scored,,725,local_private_WBM_raw_structure_cache_not_distributed
wbm-1-7069,C5 Ta6,2|C-Ta,True,-11.233285383744674,scored,,726,local_private_WBM_raw_structure_cache_not_distributed
wbm-1-7074,C6 Na1,2|C-Na,False,-8.125382014683314,scored,,727,local_private_WBM_raw_structure_cache_not_distributed
wbm-1-7078,Al2 C1 La2 Si2,4|Al-C,False,-5.848795209612165,scored,,728,local_private_WBM_raw_structure_cache_not_distributed
wbm-1-7088,Al4 C1,2|Al-C,False,-4.437583160400391,scored,,729,local_private_WBM_raw_structure_cache_not_distributed
wbm-1-7133,As2 C2 Hf4,3|As-C,True,-9.494489669799805,scored,,730,local_private_WBM_raw_structure_cache_not_distributed
wbm-1-7166,C2 Cd2 Hf4,3|C-Cd,True,-8.16443920135498,scored,,731,local_private_WBM_raw_structure_cache_not_distributed
wbm-1-7252,C4 Cr8,2|C-Cr,False,-9.570291519165039,scored,,732,local_private_WBM_raw_structure_cache_not_distributed
wbm-1-7272,C2 Cu6,2|C-Cu,False,-4.932338714599609,scored,,733,local_private_WBM_raw_structure_cache_not_distributed
wbm-1-7277,C1 Dy1,2|C-Dy,False,-6.936527252197266,scored,,734,local_private_WBM_raw_structure_cache_not_distributed
wbm-1-7280,C1 Er1,2|C-Er,False,-6.904438018798828,scored,,735,local_private_WBM_raw_structure_cache_not_distributed
wbm-1-7285,C8 F16 Se8,3|C-F,False,-4.876550674438477,scored,,736,local_private_WBM_raw_structure_cache_not_distributed
wbm-1-7363,C1 Gd1,2|C-Gd,False,-11.651257514953613,scored,,737,local_private_WBM_raw_structure_cache_not_distributed
wbm-1-7364,C1 Ge2 La2 Re2,4|C-Ge,False,-8.075305938720703,scored,,738,local_private_WBM_raw_structure_cache_not_distributed
wbm-1-7365,C1 Ce1 Ge2 Mo2,4|C-Ce,True,-8.035031000773111,scored,,739,local_private_WBM_raw_structure_cache_not_distributed
wbm-1-7367,C2 Ge2 Hf4,3|C-Ge,True,-9.315421104431152,scored,,740,local_private_WBM_raw_structure_cache_not_distributed
wbm-1-7374,C5 Ge5,2|C-Ge,False,-6.492373657226563,scored,,741,local_private_WBM_raw_structure_cache_not_distributed
wbm-1-7392,C1 Ho1,2|C-Ho,False,-6.97020149230957,scored,,742,local_private_WBM_raw_structure_cache_not_distributed
wbm-1-7470,C1 Lu1,2|C-Lu,False,-7.075179576873779,scored,,743,local_private_WBM_raw_structure_cache_not_distributed
wbm-1-7474,C1 Mg3 Mn1,3|C-Mg,False,-4.295077514648438,scored,,744,local_private_WBM_raw_structure_cache_not_distributed
wbm-1-7513,C3 Mo6,2|C-Mo,False,-10.413082546657986,scored,,745,local_private_WBM_raw_structure_cache_not_distributed
wbm-1-7517,Br2 C1 N2 Sr2,4|Br-C,True,-6.0855849129813055,scored,,746,local_private_WBM_raw_structure_cache_not_distributed
wbm-1-7527,C2 Cl2 Dy2 N4,4|C-Cl,True,-7.659054565429687,scored,,747,local_private_WBM_raw_structure_cache_not_distributed
wbm-1-7549,C2 Dy2 F2 N4,4|C-Dy,True,-8.158463287353516,scored,,748,local_private_WBM_raw_structure_cache_not_distributed
wbm-1-7550,C2 Er2 F2 N4,4|C-Er,True,-8.130066680908204,scored,,749,local_private_WBM_raw_structure_cache_not_distributed
wbm-1-7554,C2 F2 Gd2 N4,4|C-F,True,-10.022911834716798,scored,,750,local_private_WBM_raw_structure_cache_not_distributed
wbm-1-7567,C1 Hg1 N2,3|C-Hg,False,-6.034971714019775,scored,,751,local_private_WBM_raw_structure_cache_not_distributed
wbm-1-7571,C1 N2 Na2,3|C-N,True,-6.115631103515625,scored,,752,local_private_WBM_raw_structure_cache_not_distributed
wbm-1-7574,C1 La2 N2 O2,4|C-La,True,-8.68810762677874,scored,,753,local_private_WBM_raw_structure_cache_not_distributed
wbm-1-7575,C1 Lu2 N2 O2,4|C-Lu,True,-8.629511151994977,scored,,754,local_private_WBM_raw_structure_cache_not_distributed
wbm-1-7576,C1 N2 O2 Pu2,4|C-N,True,-11.034772600446429,scored,,755,local_private_WBM_raw_structure_cache_not_distributed
wbm-1-7596,C4 Nb8,2|C-Nb,False,-10.21980349222819,scored,,756,local_private_WBM_raw_structure_cache_not_distributed
wbm-1-7607,Ba2 C2 Cl2 N2 Se2,5|Ba-C,False,-5.973796081542969,scored,,757,local_private_WBM_raw_structure_cache_not_distributed
wbm-1-7618,Ba2 Br2 C2 N2 S2,5|Ba-Br,False,-6.0698188781738285,scored,,758,local_private_WBM_raw_structure_cache_not_distributed
wbm-1-7619,C2 Ca2 Cl2 N2 S2,5|C-Ca,False,-6.106871032714844,scored,,759,local_private_WBM_raw_structure_cache_not_distributed
wbm-1-7620,C2 Cl2 N2 S2 Sr2,5|C-Cl,False,-6.112939834594727,scored,,760,local_private_WBM_raw_structure_cache_not_distributed
wbm-1-7631,C4 O8 Rb4,3|C-O,False,-6.5546112060546875,scored,,761,local_private_WBM_raw_structure_cache_not_distributed
wbm-1-7657,C1 Eu1 F1 K1 O3,5|C-Eu,True,-7.711266653878348,scored,,762,local_private_WBM_raw_structure_cache_not_distributed
wbm-1-7658,C1 F1 K1 O3 Yb1,5|C-F,True,-6.616304125104632,scored,,763,local_private_WBM_raw_structure_cache_not_distributed
wbm-1-7661,C1 Cs1 F1 O3 Sr1,5|C-Cs,True,-6.496426173618862,scored,,764,local_private_WBM_raw_structure_cache_not_distributed
wbm-1-7670,C2 Cu2 Na2 O6,4|C-Cu,False,-6.122509638468425,scored,,765,local_private_WBM_raw_structure_cache_not_distributed
wbm-1-7701,C1 Np1 O5,3|C-Np,True,-8.864302498953682,scored,,766,local_private_WBM_raw_structure_cache_not_distributed
wbm-1-7745,C2 Ga2 O2 Sc2,4|C-Ga,False,-7.142045974731445,scored,,767,local_private_WBM_raw_structure_cache_not_distributed
wbm-1-7746,C2 In2 O2 Sc2,4|C-In,False,-6.845417499542236,scored,,768,local_private_WBM_raw_structure_cache_not_distributed
wbm-1-7762,C2 Pd6,2|C-Pd,False,-5.871054172515869,scored,,769,local_private_WBM_raw_structure_cache_not_distributed
wbm-1-7770,C2 Pt6,2|C-Pt,False,-6.11011266708374,scored,,770,local_private_WBM_raw_structure_cache_not_distributed
wbm-1-7771,C2 P2 Ta4,3|C-P,False,-10.255097389221191,scored,,771,local_private_WBM_raw_structure_cache_not_distributed
wbm-1-7805,C1 S2 Ti2,3|C-S,False,-7.743235778808594,scored,,772,local_private_WBM_raw_structure_cache_not_distributed
wbm-1-7840,C1 Os3 Sc1,3|C-Os,False,-9.51536865234375,scored,,773,local_private_WBM_raw_structure_cache_not_distributed
wbm-1-7846,C1 Se2 Ta2,3|C-Se,True,-8.73416748046875,scored,,774,local_private_WBM_raw_structure_cache_not_distributed
wbm-1-7862,C1 Cr2 La2 Si2,4|C-Cr,False,-7.427437373570034,scored,,775,local_private_WBM_raw_structure_cache_not_distributed
wbm-1-7877,C1 Gd1 Mo2 Si2,4|C-Gd,True,-9.767414093017578,scored,,776,local_private_WBM_raw_structure_cache_not_distributed
wbm-1-7878,C1 Ho1 Mo2 Si2,4|C-Ho,False,-8.203679402669271,scored,,777,local_private_WBM_raw_structure_cache_not_distributed
wbm-1-7881,C1 Mo2 Nd1 Si2,4|C-Mo,True,-8.218361536661783,scored,,778,local_private_WBM_raw_structure_cache_not_distributed
wbm-1-7891,C1 Ni2 Si2 Y2,4|C-Ni,False,-7.039131709507534,scored,,779,local_private_WBM_raw_structure_cache_not_distributed
wbm-1-7892,C1 Pu2 Re2 Si2,4|C-Pu,True,-10.552533830915179,scored,,780,local_private_WBM_raw_structure_cache_not_distributed
wbm-1-7893,C1 Re2 Si2 Th2,4|C-Re,True,-9.137640816824776,scored,,781,local_private_WBM_raw_structure_cache_not_distributed
wbm-1-7901,C1 Si2 W2 Y2,4|C-Si,True,-8.851466042654854,scored,,782,local_private_WBM_raw_structure_cache_not_distributed
wbm-1-7913,C2 Sm4 Tl2,3|C-Sm,False,-5.59804105758667,scored,,783,local_private_WBM_raw_structure_cache_not_distributed
wbm-1-7937,C1 Sr3 Tl1,3|C-Sr,False,-3.170682907104492,scored,,784,local_private_WBM_raw_structure_cache_not_distributed
wbm-1-7946,C2 Ta4 Tl2,3|C-Ta,False,-9.060638427734375,scored,,785,local_private_WBM_raw_structure_cache_not_distributed
wbm-1-7951,C2 Tb4 Tl2,3|C-Tb,True,-5.580356121063232,scored,,786,local_private_WBM_raw_structure_cache_not_distributed
wbm-1-7953,C1 Tb1,2|C-Tb,False,-6.905707359313965,scored,,787,local_private_WBM_raw_structure_cache_not_distributed
wbm-1-7979,C2 Th4 Tl2,3|C-Th,True,-6.9218316078186035,scored,,788,local_private_WBM_raw_structure_cache_not_distributed
wbm-1-7981,C2 Tl2 U4,3|C-Tl,False,-8.152321815490723,scored,,789,local_private_WBM_raw_structure_cache_not_distributed
wbm-1-7985,C1 Tm1,2|C-Tm,False,-6.942911624908447,scored,,790,local_private_WBM_raw_structure_cache_not_distributed
wbm-1-7990,C2 Sb2 V4,3|C-Sb,False,-8.202580451965332,scored,,791,local_private_WBM_raw_structure_cache_not_distributed
wbm-1-8011,C2 W4,2|C-W,False,-11.500287373860678,scored,,792,local_private_WBM_raw_structure_cache_not_distributed
wbm-1-8024,C2 Zn6,2|C-Zn,False,-2.7687644958496094,scored,,793,local_private_WBM_raw_structure_cache_not_distributed
wbm-1-8047,Ag4 Ca4 Pb2,3|Ag-Ca,False,-3.0446445465087892,scored,,794,local_private_WBM_raw_structure_cache_not_distributed
wbm-1-8057,As1 Ca2 Pd1,3|As-Ca,False,-4.383340835571289,scored,,795,local_private_WBM_raw_structure_cache_not_distributed
wbm-1-8061,Au4 Ca8,2|Au-Ca,False,-3.0461483001708984,scored,,796,local_private_WBM_raw_structure_cache_not_distributed
wbm-1-8062,Bi3 Ca2,2|Bi-Ca,False,-3.7630756378173826,scored,,797,local_private_WBM_raw_structure_cache_not_distributed
wbm-1-8064,Br6 Ca2 Sr1,3|Br-Ca,False,-3.795995076497396,scored,,798,local_private_WBM_raw_structure_cache_not_distributed
wbm-1-8065,Ca2 Cd1 Cs1,3|Ca-Cd,False,-1.3282465934753418,scored,,799,local_private_WBM_raw_structure_cache_not_distributed
wbm-1-8066,Ca2 Cd1,2|Ca-Cd,True,-1.875940163930257,scored,,800,local_private_WBM_raw_structure_cache_not_distributed
wbm-1-8067,Ca4 Co4 In2,3|Ca-Co,False,-4.224523544311523,scored,,801,local_private_WBM_raw_structure_cache_not_distributed
wbm-1-8072,Ca2 Cr1 Zn1,3|Ca-Cr,False,-3.4520010948181152,scored,,802,local_private_WBM_raw_structure_cache_not_distributed
wbm-1-8073,Ca2 Cs1 Pb1,3|Ca-Cs,False,-2.2655892372131348,scored,,803,local_private_WBM_raw_structure_cache_not_distributed
wbm-1-8074,Ca4 Cu4 In2,3|Ca-Cu,False,-3.2355892181396486,scored,,804,local_private_WBM_raw_structure_cache_not_distributed
wbm-1-8081,Au1 Ca2 Cu1,3|Au-Ca,False,-3.263615131378174,scored,,805,local_private_WBM_raw_structure_cache_not_distributed
wbm-1-8082,Bi1 Ca2 Cu1,3|Bi-Ca,False,-3.4884209632873535,scored,,806,local_private_WBM_raw_structure_cache_not_distributed
wbm-1-8092,Ca4 Fe4 In2,3|Ca-Fe,False,-4.544207382202148,scored,,807,local_private_WBM_raw_structure_cache_not_distributed
wbm-1-8100,Ca2 Ga1 Pb1,3|Ca-Ga,False,-3.188551425933838,scored,,808,local_private_WBM_raw_structure_cache_not_distributed
wbm-1-8103,Ca8 Ga4,2|Ca-Ga,False,-2.690893809000651,scored,,809,local_private_WBM_raw_structure_cache_not_distributed
wbm-1-8104,Ca4 Ge4 In2,3|Ca-Ge,False,-3.740019607543945,scored,,810,local_private_WBM_raw_structure_cache_not_distributed
wbm-1-8114,Ca2 Hg1,2|Ca-Hg,False,-1.812942345937093,scored,,811,local_private_WBM_raw_structure_cache_not_distributed
wbm-1-8115,Ca2 Eu1 I6,3|Ca-Eu,False,-4.20578130086263,scored,,812,local_private_WBM_raw_structure_cache_not_distributed
wbm-1-8116,Ba1 Ca2 I8,3|Ba-Ca,False,-2.951384110884233,scored,,813,local_private_WBM_raw_structure_cache_not_distributed
wbm-1-8120,Ca4 In2 Ir4,3|Ca-In,False,-5.273138809204101,scored,,814,local_private_WBM_raw_structure_cache_not_distributed
wbm-1-8124,Ca2 In1,2|Ca-In,False,-2.561481475830078,scored,,815,local_private_WBM_raw_structure_cache_not_distributed
wbm-1-8127,Ca2 Mn1 Pb1,3|Ca-Mn,False,-4.224432945251465,scored,,816,local_private_WBM_raw_structure_cache_not_distributed
wbm-1-8136,Ca4 Ni4 Pb2,3|Ca-Ni,False,-4.085533905029297,scored,,817,local_private_WBM_raw_structure_cache_not_distributed
wbm-1-8139,Ca4 Ni6,2|Ca-Ni,True,-4.421339416503907,scored,,818,local_private_WBM_raw_structure_cache_not_distributed
wbm-1-8145,Ca2 Ir1 Ni1,3|Ca-Ir,False,-4.72581672668457,scored,,819,local_private_WBM_raw_structure_cache_not_distributed
wbm-1-8153,Ca4 Pb6,2|Ca-Pb,False,-3.4336334228515626,scored,,820,local_private_WBM_raw_structure_cache_not_distributed
wbm-1-8155,Ca4 Pb2 Pd4,3|Ca-Pb,True,-4.281700134277344,scored,,821,local_private_WBM_raw_structure_cache_not_distributed
wbm-1-8156,Ca4 Pd4 Sn2,3|Ca-Pd,True,-4.472953414916992,scored,,822,local_private_WBM_raw_structure_cache_not_distributed
wbm-1-8164,Ca4 Pt4 Tl2,3|Ca-Pt,True,-4.486219787597657,scored,,823,local_private_WBM_raw_structure_cache_not_distributed
wbm-1-8180,Ca2 Rh1 Sb1,3|Ca-Rh,False,-4.378366470336914,scored,,824,local_private_WBM_raw_structure_cache_not_distributed
wbm-1-8185,Ca2 I1 Sb1,3|Ca-I,True,-3.656750202178955,scored,,825,local_private_WBM_raw_structure_cache_not_distributed
wbm-1-8187,Ca2 Se4 Sn1,3|Ca-Se,False,-4.413509913853237,scored,,826,local_private_WBM_raw_structure_cache_not_distributed
wbm-1-8195,Ca8 Tl4,2|Ca-Tl,True,-2.5106170972188315,scored,,827,local_private_WBM_raw_structure_cache_not_distributed
wbm-1-8202,Ca2 Os1 Zn1,3|Ca-Os,False,-3.8292994499206543,scored,,828,local_private_WBM_raw_structure_cache_not_distributed
wbm-1-8220,Ca6 Co2,2|Ca-Co,False,-3.1228349208831787,scored,,829,local_private_WBM_raw_structure_cache_not_distributed
wbm-1-8221,Ca6 Cs2,2|Ca-Cs,False,-1.5012454986572266,scored,,830,local_private_WBM_raw_structure_cache_not_distributed
wbm-1-8225,As4 Ca3 Cu2 Zn2,4|As-Ca,True,-3.9668457724831323,scored,,831,local_private_WBM_raw_structure_cache_not_distributed
wbm-1-8232,Ca3 Fe8,2|Ca-Fe,False,-6.274783741344105,scored,,832,local_private_WBM_raw_structure_cache_not_distributed
wbm-1-8253,Ca6 Mn2,2|Ca-Mn,False,-3.4323272705078125,scored,,833,local_private_WBM_raw_structure_cache_not_distributed
wbm-1-8261,Ca6 Rb2,2|Ca-Rb,False,-1.5307049751281738,scored,,834,local_private_WBM_raw_structure_cache_not_distributed
wbm-1-8264,Ca3 Sn8,2|Ca-Sn,False,-3.7692815607244317,scored,,835,local_private_WBM_raw_structure_cache_not_distributed
wbm-1-8270,Ca6 Zn4,2|Ca-Zn,False,-1.9147346496582032,scored,,836,local_private_WBM_raw_structure_cache_not_distributed
wbm-1-8276,Ac3 Ca1,2|Ac-Ca,False,-3.516401767730713,scored,,837,local_private_WBM_raw_structure_cache_not_distributed
wbm-1-8292,Ag2 Ca1,2|Ag-Ca,False,-2.807159741719564,scored,,838,local_private_WBM_raw_structure_cache_not_distributed
wbm-1-8329,As4 Ca2,2|As-Ca,False,-4.509840965270996,scored,,839,local_private_WBM_raw_structure_cache_not_distributed
wbm-1-8385,Br2 Ca1,2|Br-Ca,True,-3.8111279805501304,scored,,840,local_private_WBM_raw_structure_cache_not_distributed
wbm-1-8417,Br6 Ca1 Cs2 Sn1,4|Br-Ca,False,-3.3520069122314453,scored,,841,local_private_WBM_raw_structure_cache_not_distributed
wbm-1-8421,Ac1 Ca1 Cd2,3|Ac-Ca,True,-2.315091848373413,scored,,842,local_private_WBM_raw_structure_cache_not_distributed
wbm-1-8451,Ca2 Cd2 Cs2 Te6,4|Ca-Cd,False,-3.186382611592611,scored,,843,local_private_WBM_raw_structure_cache_not_distributed
wbm-1-8454,Ca2 Ce6,2|Ca-Ce,False,-4.669740676879883,scored,,844,local_private_WBM_raw_structure_cache_not_distributed
wbm-1-8502,Ca2 Cr6,2|Ca-Cr,False,-7.009678840637207,scored,,845,local_private_WBM_raw_structure_cache_not_distributed
wbm-1-8527,Ca1 Cu2,2|Ca-Cu,False,-3.5111818313598633,scored,,846,local_private_WBM_raw_structure_cache_not_distributed
wbm-1-8563,Ba2 Ca2 Cu2 Te6,4|Ba-Ca,False,-4.068344434102376,scored,,847,local_private_WBM_raw_structure_cache_not_distributed
wbm-1-8568,Ca2 Cu2 Te6 Y2,4|Ca-Cu,False,-4.816031773885091,scored,,848,local_private_WBM_raw_structure_cache_not_distributed
wbm-1-8569,Ca2 Er6,2|Ca-Er,False,-3.8125181198120117,scored,,849,local_private_WBM_raw_structure_cache_not_distributed
wbm-1-8570,Ca1 Er1 Hg2,3|Ca-Er,True,-2.3118903636932373,scored,,850,local_private_WBM_raw_structure_cache_not_distributed
wbm-1-8665,Ca2 Gd6,2|Ca-Gd,False,-10.95616340637207,scored,,851,local_private_WBM_raw_structure_cache_not_distributed
wbm-1-8676,Ca2 Ge4,2|Ca-Ge,False,-4.1605879465738935,scored,,852,local_private_WBM_raw_structure_cache_not_distributed
wbm-1-8707,Ag2 Ca1 Ge1 Se4,4|Ag-Ca,False,-3.8946688175201416,scored,,853,local_private_WBM_raw_structure_cache_not_distributed
wbm-1-8711,Ca1 Hg2 Np1,3|Ca-Hg,False,-3.962427854537964,scored,,854,local_private_WBM_raw_structure_cache_not_distributed
wbm-1-8726,Ca2 Ho6,2|Ca-Ho,False,-3.796273946762085,scored,,855,local_private_WBM_raw_structure_cache_not_distributed
wbm-1-8729,Ca4 I8,2|Ca-I,False,-3.282102584838867,scored,,856,local_private_WBM_raw_structure_cache_not_distributed
wbm-1-8758,Ca1 Dy1 In2,3|Ca-Dy,False,-3.5019915103912354,scored,,857,local_private_WBM_raw_structure_cache_not_distributed
wbm-1-8760,Ca1 Ho1 In2,3|Ca-Ho,False,-3.4774699211120605,scored,,858,local_private_WBM_raw_structure_cache_not_distributed
wbm-1-8812,Ca3 Ir9,2|Ca-Ir,False,-7.469949722290039,scored,,859,local_private_WBM_raw_structure_cache_not_distributed
wbm-1-8819,Ca2 La6,2|Ca-La,False,-4.121639728546143,scored,,860,local_private_WBM_raw_structure_cache_not_distributed
wbm-1-8821,Ca2 Lu6,2|Ca-Lu,False,-3.7554843425750732,scored,,861,local_private_WBM_raw_structure_cache_not_distributed
wbm-1-8826,Ca1 La1 Mn2,3|Ca-La,False,-5.846645355224609,scored,,862,local_private_WBM_raw_structure_cache_not_distributed
wbm-1-8858,Ca2 Nb6,2|Ca-Nb,False,-7.503429412841797,scored,,863,local_private_WBM_raw_structure_cache_not_distributed
wbm-1-8861,Ca1 Nb1 Ru2,3|Ca-Nb,False,-7.635600566864014,scored,,864,local_private_WBM_raw_structure_cache_not_distributed
wbm-1-8924,Ca2 Np6,2|Ca-Np,False,-9.753056526184082,scored,,865,local_private_WBM_raw_structure_cache_not_distributed
wbm-1-8925,Ca4 Os8,2|Ca-Os,False,-8.041407903035482,scored,,866,local_private_WBM_raw_structure_cache_not_distributed
wbm-1-8941,Ca2 Pd4,2|Ca-Pd,False,-4.705249150594075,scored,,867,local_private_WBM_raw_structure_cache_not_distributed
wbm-1-8971,Ca2 Pt4,2|Ca-Pt,False,-5.247905413309733,scored,,868,local_private_WBM_raw_structure_cache_not_distributed
wbm-1-8984,Ca2 Pu6,2|Ca-Pu,False,-11.092048645019531,scored,,869,local_private_WBM_raw_structure_cache_not_distributed
wbm-1-8986,Ca1 Rb2 Sr1,3|Ca-Rb,False,-1.126326084136963,scored,,870,local_private_WBM_raw_structure_cache_not_distributed
wbm-1-8991,Ca4 Re8,2|Ca-Re,False,-8.749456405639648,scored,,871,local_private_WBM_raw_structure_cache_not_distributed
wbm-1-8996,Ca1 Hf1 Rh2,3|Ca-Hf,False,-7.289297103881836,scored,,872,local_private_WBM_raw_structure_cache_not_distributed
wbm-1-9006,Ca2 Rh4,2|Ca-Rh,False,-5.7245667775472,scored,,873,local_private_WBM_raw_structure_cache_not_distributed
wbm-1-9033,Ca1 Ru2 Sn2,3|Ca-Ru,False,-5.973115921020508,scored,,874,local_private_WBM_raw_structure_cache_not_distributed
wbm-1-9036,Ca4 Ru8,2|Ca-Ru,False,-6.812480926513672,scored,,875,local_private_WBM_raw_structure_cache_not_distributed
wbm-1-9049,Ca2 Sb6,2|Ca-Sb,True,-4.024611949920654,scored,,876,local_private_WBM_raw_structure_cache_not_distributed
wbm-1-9060,Ca2 Sb2 Te2,3|Ca-Sb,False,-4.010461171468099,scored,,877,local_private_WBM_raw_structure_cache_not_distributed
wbm-1-9063,Ca2 Sc6,2|Ca-Sc,False,-5.049167156219482,scored,,878,local_private_WBM_raw_structure_cache_not_distributed
wbm-1-9066,Ca1 Sc1 Zn2,3|Ca-Sc,False,-2.948326587677002,scored,,879,local_private_WBM_raw_structure_cache_not_distributed
wbm-1-9069,Ca2 Se4,2|Ca-Se,False,-4.169217745463054,scored,,880,local_private_WBM_raw_structure_cache_not_distributed
wbm-1-9076,Ca2 Cs2 Hg2 Se6,4|Ca-Cs,False,-3.31766668955485,scored,,881,local_private_WBM_raw_structure_cache_not_distributed
wbm-1-9099,Ca1 Sn2 Te4,3|Ca-Sn,False,-3.730253219604492,scored,,882,local_private_WBM_raw_structure_cache_not_distributed
wbm-1-9145,Ca2 Ta6,2|Ca-Ta,False,-8.832895278930664,scored,,883,local_private_WBM_raw_structure_cache_not_distributed
wbm-1-9147,Ca2 Tb6,2|Ca-Tb,False,-3.8514716625213623,scored,,884,local_private_WBM_raw_structure_cache_not_distributed
wbm-1-9149,Ca2 Te4,2|Ca-Te,False,-3.812755266825358,scored,,885,local_private_WBM_raw_structure_cache_not_distributed
wbm-1-9153,Ca1 Te4 Tl2,3|Ca-Te,False,-3.167853219168527,scored,,886,local_private_WBM_raw_structure_cache_not_distributed
wbm-1-9155,Ca2 Ti6,2|Ca-Ti,False,-5.980467796325684,scored,,887,local_private_WBM_raw_structure_cache_not_distributed
wbm-1-9160,Ca1 Ti1 Zn2,3|Ca-Ti,False,-3.120784282684326,scored,,888,local_private_WBM_raw_structure_cache_not_distributed
wbm-1-9166,Ca2 Tm6,2|Ca-Tm,False,-3.7113544940948486,scored,,889,local_private_WBM_raw_structure_cache_not_distributed
wbm-1-9168,Ca2 U6,2|Ca-U,False,-8.428241729736328,scored,,890,local_private_WBM_raw_structure_cache_not_distributed
wbm-1-9169,Ca2 V6,2|Ca-V,False,-6.827773571014404,scored,,891,local_private_WBM_raw_structure_cache_not_distributed
wbm-1-9172,Ca1 V1 Zn2,3|Ca-V,False,-3.309563159942627,scored,,892,local_private_WBM_raw_structure_cache_not_distributed
wbm-1-9177,Ca2 Y6,2|Ca-Y,False,-5.244647979736328,scored,,893,local_private_WBM_raw_structure_cache_not_distributed
wbm-1-9201,Ca1 Lu1 Zn2,3|Ca-Lu,False,-2.5328574180603027,scored,,894,local_private_WBM_raw_structure_cache_not_distributed
wbm-1-9203,Ca1 Np1 Zn2,3|Ca-Np,False,-4.1052398681640625,scored,,895,local_private_WBM_raw_structure_cache_not_distributed
wbm-1-9208,Ca1 Sr1 Zn2,3|Ca-Sr,False,-1.7611684799194336,scored,,896,local_private_WBM_raw_structure_cache_not_distributed
wbm-1-9209,Ca1 Ta1 Zn2,3|Ca-Ta,False,-3.986203193664551,scored,,897,local_private_WBM_raw_structure_cache_not_distributed
wbm-1-9210,Ca1 Tb1 Zn2,3|Ca-Tb,False,-2.5916450023651123,scored,,898,local_private_WBM_raw_structure_cache_not_distributed
wbm-1-9211,Ca1 Th1 Zn2,3|Ca-Th,False,-3.1840522289276123,scored,,899,local_private_WBM_raw_structure_cache_not_distributed
wbm-1-9213,Ca1 U1 Zn2,3|Ca-U,False,-3.729578733444214,scored,,900,local_private_WBM_raw_structure_cache_not_distributed
wbm-1-9218,Ca1 Zn2 Zr1,3|Ca-Zn,False,-3.438824415206909,scored,,901,local_private_WBM_raw_structure_cache_not_distributed
wbm-1-9248,Ca1 Tl2 Zn1,3|Ca-Tl,False,-2.171027183532715,scored,,902,local_private_WBM_raw_structure_cache_not_distributed
wbm-1-9253,Ca2 Zr6,2|Ca-Zr,False,-6.694584369659424,scored,,903,local_private_WBM_raw_structure_cache_not_distributed
wbm-1-9260,Au4 Cd8,2|Au-Cd,False,-1.843239148457845,scored,,904,local_private_WBM_raw_structure_cache_not_distributed
wbm-1-9263,Ba1 Cd2 La1,3|Ba-Cd,False,-2.45810866355896,scored,,905,local_private_WBM_raw_structure_cache_not_distributed
wbm-1-9266,Ba1 Cd2,2|Ba-Cd,False,-1.5737021764119465,scored,,906,local_private_WBM_raw_structure_cache_not_distributed
wbm-1-9268,Bi2 Cd4,2|Bi-Cd,False,-1.8250481287638347,scored,,907,local_private_WBM_raw_structure_cache_not_distributed
wbm-1-9269,Cd8 Eu4,2|Cd-Eu,False,-4.34149710337321,scored,,908,local_private_WBM_raw_structure_cache_not_distributed
wbm-1-9270,Cd8 Hg4,2|Cd-Hg,False,-0.6702044804890951,scored,,909,local_private_WBM_raw_structure_cache_not_distributed
wbm-1-9271,Ac1 Cd2 In1,3|Ac-Cd,False,-2.452192544937134,scored,,910,local_private_WBM_raw_structure_cache_not_distributed
wbm-1-9272,Cd2 In1 La1,3|Cd-In,False,-2.7201766967773438,scored,,911,local_private_WBM_raw_structure_cache_not_distributed
wbm-1-9273,Cd6 In3,2|Cd-In,False,-1.4588250054253473,scored,,912,local_private_WBM_raw_structure_cache_not_distributed
wbm-1-9274,Cd2 Ir1 Pt1,3|Cd-Ir,False,-4.143729209899902,scored,,913,local_private_WBM_raw_structure_cache_not_distributed
wbm-1-9275,Au2 Cd4 La2,3|Au-Cd,True,-3.0394740104675293,scored,,914,local_private_WBM_raw_structure_cache_not_distributed
wbm-1-9278,Cd4 La2 Pt2,3|Cd-La,True,-3.8944969177246094,scored,,915,local_private_WBM_raw_structure_cache_not_distributed
wbm-1-9280,Cd4 La2,2|Cd-La,False,-2.505575180053711,scored,,916,local_private_WBM_raw_structure_cache_not_distributed
wbm-1-9282,Cd2 Os1 Pt1,3|Cd-Os,False,-4.387644290924072,scored,,917,local_private_WBM_raw_structure_cache_not_distributed
wbm-1-9283,Cd2 Pb1,2|Cd-Pb,False,-1.709557056427002,scored,,918,local_private_WBM_raw_structure_cache_not_distributed
wbm-1-9285,Cd2 Pt1,2|Cd-Pt,True,-2.9075393676757812,scored,,919,local_private_WBM_raw_structure_cache_not_distributed
wbm-1-9287,Cd2 Pu1,2|Cd-Pu,True,-5.27303409576416,scored,,920,local_private_WBM_raw_structure_cache_not_distributed
wbm-1-9288,Cd4 Sb4 Tl2,3|Cd-Sb,False,-2.500057029724121,scored,,921,local_private_WBM_raw_structure_cache_not_distributed
wbm-1-9289,Cd4 I2 Sb6,3|Cd-I,True,-2.76466433207194,scored,,922,local_private_WBM_raw_structure_cache_not_distributed
wbm-1-9291,Cd4 Sn2,2|Cd-Sn,False,-1.8630434672037761,scored,,923,local_private_WBM_raw_structure_cache_not_distributed
wbm-1-9294,Cd2 Pb1 Tl1,3|Cd-Pb,False,-1.9199275970458984,scored,,924,local_private_WBM_raw_structure_cache_not_distributed
wbm-1-9295,Cd6 Tl3,2|Cd-Tl,False,-1.3125903871324327,scored,,925,local_private_WBM_raw_structure_cache_not_distributed
wbm-1-9296,Cd2 U1,2|Cd-U,False,-4.151513735453288,scored,,926,local_private_WBM_raw_structure_cache_not_distributed
wbm-1-9299,Cd4 Yb2,2|Cd-Yb,True,-1.4775848388671875,scored,,927,local_private_WBM_raw_structure_cache_not_distributed
wbm-1-9300,Ac1 Cd3,2|Ac-Cd,False,-1.935471773147583,scored,,928,local_private_WBM_raw_structure_cache_not_distributed
wbm-1-9304,Cd6 Ce2,2|Cd-Ce,False,-2.3657915592193604,scored,,929,local_private_WBM_raw_structure_cache_not_distributed
wbm-1-9307,Cd6 Dy2,2|Cd-Dy,False,-2.1097307205200195,scored,,930,local_private_WBM_raw_structure_cache_not_distributed
wbm-1-9309,Cd6 Er2,2|Cd-Er,False,-2.075495481491089,scored,,931,local_private_WBM_raw_structure_cache_not_distributed
wbm-1-9313,Cd3 Gd1,2|Cd-Gd,False,-4.453610897064209,scored,,932,local_private_WBM_raw_structure_cache_not_distributed
wbm-1-9315,Cd6 Hf2,2|Cd-Hf,False,-3.165705919265747,scored,,933,local_private_WBM_raw_structure_cache_not_distributed
wbm-1-9319,Cd6 Ho2,2|Cd-Ho,False,-2.089660167694092,scored,,934,local_private_WBM_raw_structure_cache_not_distributed
wbm-1-9324,Cd6 Ir2,2|Cd-Ir,False,-2.784139394760132,scored,,935,local_private_WBM_raw_structure_cache_not_distributed
wbm-1-9327,Cd6 Lu2,2|Cd-Lu,False,-1.9652178287506104,scored,,936,local_private_WBM_raw_structure_cache_not_distributed
wbm-1-9331,Cd6 Nd2,2|Cd-Nd,False,-2.177793025970459,scored,,937,local_private_WBM_raw_structure_cache_not_distributed
wbm-1-9332,Cd6 Np2,2|Cd-Np,False,-3.7609901428222656,scored,,938,local_private_WBM_raw_structure_cache_not_distributed
wbm-1-9336,Cd6 Pr2,2|Cd-Pr,False,-2.1771183013916016,scored,,939,local_private_WBM_raw_structure_cache_not_distributed
wbm-1-9342,Cd3 Sb2,2|Cd-Sb,False,-2.2230012893676756,scored,,940,local_private_WBM_raw_structure_cache_not_distributed
wbm-1-9344,Cd6 Sm2,2|Cd-Sm,False,-2.1570663452148438,scored,,941,local_private_WBM_raw_structure_cache_not_distributed
wbm-1-9346,Cd6 Ta2,2|Cd-Ta,False,-3.314354181289673,scored,,942,local_private_WBM_raw_structure_cache_not_distributed
wbm-1-9347,Cd3 Tb1,2|Cd-Tb,False,-2.026017904281616,scored,,943,local_private_WBM_raw_structure_cache_not_distributed
wbm-1-9349,Cd3 Th1,2|Cd-Th,False,-2.6393017768859863,scored,,944,local_private_WBM_raw_structure_cache_not_distributed
wbm-1-9353,Cd6 Tm2,2|Cd-Tm,False,-2.045206308364868,scored,,945,local_private_WBM_raw_structure_cache_not_distributed
wbm-1-9362,Cd4 I7,2|Cd-I,False,-1.8807985132390803,scored,,946,local_private_WBM_raw_structure_cache_not_distributed
wbm-1-9384,Cd1 Ce2 Tl1,3|Cd-Ce,False,-3.9396512508392334,scored,,947,local_private_WBM_raw_structure_cache_not_distributed
wbm-1-9389,Cd2 Cs4 Pb2,3|Cd-Cs,True,-1.7521352767944336,scored,,948,local_private_WBM_raw_structure_cache_not_distributed
wbm-1-9390,Cd1 Cs3,2|Cd-Cs,False,-0.7794246673583984,scored,,949,local_private_WBM_raw_structure_cache_not_distributed
wbm-1-9398,Cd2 Dy2 Tl2,3|Cd-Dy,False,-2.8906968434651694,scored,,950,local_private_WBM_raw_structure_cache_not_distributed
wbm-1-9405,Cd2 Er2 Tl2,3|Cd-Er,False,-2.8481534322102866,scored,,951,local_private_WBM_raw_structure_cache_not_distributed
wbm-1-9410,Bi4 Cd2 Eu2,3|Bi-Cd,True,-5.222988128662109,scored,,952,local_private_WBM_raw_structure_cache_not_distributed
wbm-1-9411,Cd3 Eu3 Pb3,3|Cd-Eu,False,-5.36195543077257,scored,,953,local_private_WBM_raw_structure_cache_not_distributed
wbm-1-9414,Cd2 Gd2 Tl2,3|Cd-Gd,False,-6.091424942016602,scored,,954,local_private_WBM_raw_structure_cache_not_distributed
wbm-1-9416,Cd1 Hf2 Re1,3|Cd-Hf,False,-8.455260276794434,scored,,955,local_private_WBM_raw_structure_cache_not_distributed
wbm-1-9422,Cd1 Hg2 Np1,3|Cd-Hg,False,-3.501796007156372,scored,,956,local_private_WBM_raw_structure_cache_not_distributed
wbm-1-9430,Cd2 Ho2 Tl2,3|Cd-Ho,False,-2.8647899627685547,scored,,957,local_private_WBM_raw_structure_cache_not_distributed
wbm-1-9439,Cd1 In2 Sn1 Te4,4|Cd-In,False,-3.0957703590393066,scored,,958,local_private_WBM_raw_structure_cache_not_distributed
wbm-1-9489,Cd1 Nd1 Pt2,3|Cd-Nd,False,-5.176673889160156,scored,,959,local_private_WBM_raw_structure_cache_not_distributed
wbm-1-9498,Cd1 Pr1 Pt2,3|Cd-Pr,False,-5.156639575958252,scored,,960,local_private_WBM_raw_structure_cache_not_distributed
wbm-1-9501,Cd1 Pt2 Tl1,3|Cd-Pt,False,-3.9363749027252197,scored,,961,local_private_WBM_raw_structure_cache_not_distributed
wbm-1-9513,Ba2 Cd2 Cs4 Sb4,4|Ba-Cd,True,-2.7093029022216797,scored,,962,local_private_WBM_raw_structure_cache_not_distributed
wbm-1-9522,Cd1 Sn2 Te4,3|Cd-Sn,False,-3.3025910513741628,scored,,963,local_private_WBM_raw_structure_cache_not_distributed
wbm-1-9546,Cd1 Lu2 Sn1,3|Cd-Lu,False,-3.9873247146606445,scored,,964,local_private_WBM_raw_structure_cache_not_distributed
wbm-1-9550,Cd1 Pu2 Sn1,3|Cd-Pu,False,-8.454638481140137,scored,,965,local_private_WBM_raw_structure_cache_not_distributed
wbm-1-9552,Cd1 Sm2 Sn1,3|Cd-Sm,False,-4.157176494598389,scored,,966,local_private_WBM_raw_structure_cache_not_distributed
wbm-1-9556,Cd1 Cs2 Sn1 Te4,4|Cd-Cs,False,-3.0717825889587402,scored,,967,local_private_WBM_raw_structure_cache_not_distributed
wbm-1-9557,Cd1 Pb2 Sn1 Te4,4|Cd-Pb,False,-3.3439416885375977,scored,,968,local_private_WBM_raw_structure_cache_not_distributed
wbm-1-9567,Cd1 Tb2 Tl1,3|Cd-Tb,True,-3.466580867767334,scored,,969,local_private_WBM_raw_structure_cache_not_distributed
wbm-1-9575,Bi2 Cd2 I2 Te4,4|Bi-Cd,False,-2.854059600830078,scored,,970,local_private_WBM_raw_structure_cache_not_distributed
wbm-1-9577,Cd4 Te8,2|Cd-Te,True,-2.6162535349527993,scored,,971,local_private_WBM_raw_structure_cache_not_distributed
wbm-1-9578,Cd2 Ce2 Cs2 Te6,4|Cd-Ce,False,-3.934785842895508,scored,,972,local_private_WBM_raw_structure_cache_not_distributed
wbm-1-9599,Cd1 Th2 Tl1,3|Cd-Th,False,-4.673530578613281,scored,,973,local_private_WBM_raw_structure_cache_not_distributed
wbm-1-9601,Cd1 Tl1 U2,3|Cd-Tl,False,-5.869294166564941,scored,,974,local_private_WBM_raw_structure_cache_not_distributed
wbm-1-9630,Au1 Ce2,2|Au-Ce,False,-5.3582108815511065,scored,,975,local_private_WBM_raw_structure_cache_not_distributed
wbm-1-9632,Ce2 Hg1,2|Ce-Hg,True,-4.17723814646403,scored,,976,local_private_WBM_raw_structure_cache_not_distributed
wbm-1-9633,Au1 Ce2 Ir1,3|Au-Ce,False,-6.621016979217529,scored,,977,local_private_WBM_raw_structure_cache_not_distributed
wbm-1-9635,Ce2 Os1 Pt1,3|Ce-Os,False,-7.860838890075684,scored,,978,local_private_WBM_raw_structure_cache_not_distributed
wbm-1-9636,Ce4 Pt4 Tl2,3|Ce-Pt,True,-6.209531021118164,scored,,979,local_private_WBM_raw_structure_cache_not_distributed
wbm-1-9637,Ce8 Pt4,2|Ce-Pt,False,-6.6591447194417315,scored,,980,local_private_WBM_raw_structure_cache_not_distributed
wbm-1-9638,Ce2 Ir1 Re1,3|Ce-Ir,False,-8.504690170288086,scored,,981,local_private_WBM_raw_structure_cache_not_distributed
wbm-1-9643,Bi1 Ce3,2|Bi-Ce,False,-5.713718414306641,scored,,982,local_private_WBM_raw_structure_cache_not_distributed
wbm-1-9645,Ce6 Pb2,2|Ce-Pb,False,-5.553945064544678,scored,,983,local_private_WBM_raw_structure_cache_not_distributed
wbm-1-9647,Ce3 Tl1,2|Ce-Tl,False,-5.105142116546631,scored,,984,local_private_WBM_raw_structure_cache_not_distributed
wbm-1-9661,Ce1 Hf5,2|Ce-Hf,False,-9.181777954101562,scored,,985,local_private_WBM_raw_structure_cache_not_distributed
wbm-1-9662,Ce1 Hf1 Ir2,3|Ce-Hf,False,-9.131936073303223,scored,,986,local_private_WBM_raw_structure_cache_not_distributed
wbm-1-9665,Ce1 Hg2 Tl1,3|Ce-Hg,False,-2.5173559188842773,scored,,987,local_private_WBM_raw_structure_cache_not_distributed
wbm-1-9670,Ce1 Ir3,2|Ce-Ir,False,-8.628159523010254,scored,,988,local_private_WBM_raw_structure_cache_not_distributed
wbm-1-9680,Ce3 Os9,2|Ce-Os,False,-9.97758420308431,scored,,989,local_private_WBM_raw_structure_cache_not_distributed
wbm-1-9685,Ce2 Pb4 Pt4,3|Ce-Pb,False,-5.534289932250976,scored,,990,local_private_WBM_raw_structure_cache_not_distributed
wbm-1-9691,Ce4 Re8,2|Ce-Re,True,-10.437392552693685,scored,,991,local_private_WBM_raw_structure_cache_not_distributed
wbm-1-9694,Ce1 Re2 Ta1,3|Ce-Re,False,-10.722400665283203,scored,,992,local_private_WBM_raw_structure_cache_not_distributed
wbm-1-9696,Ce2 W4,2|Ce-W,False,-10.518412907918295,scored,,993,local_private_WBM_raw_structure_cache_not_distributed
wbm-1-9700,Ag2 Cl4 Tl2,3|Ag-Cl,False,-2.937046766281128,scored,,994,local_private_WBM_raw_structure_cache_not_distributed
wbm-1-9701,Ag4 Cl8,2|Ag-Cl,True,-2.5608701705932617,scored,,995,local_private_WBM_raw_structure_cache_not_distributed
wbm-1-9703,As2 Cl4 Hg4,3|As-Cl,False,-2.199960136413574,scored,,996,local_private_WBM_raw_structure_cache_not_distributed
wbm-1-9704,Au2 Cl4,2|Au-Cl,False,-2.57332181930542,scored,,997,local_private_WBM_raw_structure_cache_not_distributed
wbm-1-9708,Ba2 Cl4,2|Ba-Cl,False,-4.354515075683594,scored,,998,local_private_WBM_raw_structure_cache_not_distributed
wbm-1-9711,Br4 Cl4 Ta2,3|Br-Cl,False,-4.876951599121094,scored,,999,local_private_WBM_raw_structure_cache_not_distributed
wbm-1-9712,Br4 Cl2 Cs2 Pd1,4|Br-Cl,False,-2.8544188605414496,scored,,1000,local_private_WBM_raw_structure_cache_not_distributed
wbm-1-9716,Ca1 Cl2,2|Ca-Cl,False,-4.2819671630859375,scored,,1001,local_private_WBM_raw_structure_cache_not_distributed
wbm-1-9720,Cd2 Cl4,2|Cd-Cl,False,-2.572172164916992,scored,,1002,local_private_WBM_raw_structure_cache_not_distributed
wbm-1-9734,Ce1 Cl2,2|Ce-Cl,False,-5.255735397338867,scored,,1003,local_private_WBM_raw_structure_cache_not_distributed
wbm-1-9735,Cl4 Co2,2|Cl-Co,False,-3.767248789469401,scored,,1004,local_private_WBM_raw_structure_cache_not_distributed
wbm-1-9742,Au2 Cl4 Cs2,3|Au-Cl,False,-2.903316020965576,scored,,1005,local_private_WBM_raw_structure_cache_not_distributed
wbm-1-9746,Cl4 Cu4 I2 Rb2,4|Cl-Cu,True,-3.2535597483317056,scored,,1006,local_private_WBM_raw_structure_cache_not_distributed
wbm-1-9747,Cl4 Cs2 Cu2,3|Cl-Cs,False,-3.326663017272949,scored,,1007,local_private_WBM_raw_structure_cache_not_distributed
wbm-1-9748,Bi2 Cl4 Cu2 Se2,4|Bi-Cl,False,-3.5417125701904295,scored,,1008,local_private_WBM_raw_structure_cache_not_distributed
wbm-1-9749,Cl4 Cu2,2|Cl-Cu,False,-3.0600735346476235,scored,,1009,local_private_WBM_raw_structure_cache_not_distributed
wbm-1-9753,Cl8 Eu4,2|Cl-Eu,True,-7.01365343729655,scored,,1010,local_private_WBM_raw_structure_cache_not_distributed
wbm-1-9754,Cl4 Fe2,2|Cl-Fe,False,-4.487179438273112,scored,,1011,local_private_WBM_raw_structure_cache_not_distributed
wbm-1-9761,Cl8 Ga4,2|Cl-Ga,False,-3.239248275756836,scored,,1012,local_private_WBM_raw_structure_cache_not_distributed
wbm-1-9762,Cl2 Ge1 La2,3|Cl-Ge,True,-5.3459007263183596,scored,,1013,local_private_WBM_raw_structure_cache_not_distributed
wbm-1-9764,Cl2 Ge1,2|Cl-Ge,False,-3.5114062627156577,scored,,1014,local_private_WBM_raw_structure_cache_not_distributed
wbm-1-9768,Cl2 Hf1,2|Cl-Hf,False,-5.8045698801676435,scored,,1015,local_private_WBM_raw_structure_cache_not_distributed
wbm-1-9769,Cl2 Hg1,2|Cl-Hg,True,-1.9411436716715496,scored,,1016,local_private_WBM_raw_structure_cache_not_distributed
wbm-1-9775,Cl4 Hf2 I4,3|Cl-Hf,False,-4.694052505493164,scored,,1017,local_private_WBM_raw_structure_cache_not_distributed
wbm-1-9776,Cl4 In2,2|Cl-In,False,-3.145074208577474,scored,,1018,local_private_WBM_raw_structure_cache_not_distributed
wbm-1-9780,Cl4 Ir2,2|Cl-Ir,False,-4.118903477986653,scored,,1019,local_private_WBM_raw_structure_cache_not_distributed
wbm-1-9787,Cl2 I1 K1,3|Cl-I,False,-2.5768539905548096,scored,,1020,local_private_WBM_raw_structure_cache_not_distributed
wbm-1-9788,Cl8 K4,2|Cl-K,True,-2.8444789250691733,scored,,1021,local_private_WBM_raw_structure_cache_not_distributed
wbm-1-9789,Cl2 La1,2|Cl-La,False,-4.934820175170898,scored,,1022,local_private_WBM_raw_structure_cache_not_distributed
wbm-1-9791,Cl4 Mn2,2|Cl-Mn,False,-5.230297088623047,scored,,1023,local_private_WBM_raw_structure_cache_not_distributed
wbm-1-9797,Cl4 Nb2 Te4,3|Cl-Nb,False,-4.790612411499024,scored,,1024,local_private_WBM_raw_structure_cache_not_distributed
wbm-1-9798,Cl2 Nb1,2|Cl-Nb,False,-5.821992874145508,scored,,1025,local_private_WBM_raw_structure_cache_not_distributed
wbm-1-9799,Cl4 Cs2 I2 Ni4,4|Cl-Cs,False,-3.631476084391276,scored,,1026,local_private_WBM_raw_structure_cache_not_distributed
wbm-1-9801,Cl2 Ni1,2|Cl-Ni,False,-3.39073117574056,scored,,1027,local_private_WBM_raw_structure_cache_not_distributed
wbm-1-9807,Cl4 Pb2,2|Cl-Pb,False,-3.550421396891276,scored,,1028,local_private_WBM_raw_structure_cache_not_distributed
wbm-1-9817,Cl4 Pd2 Te2,3|Cl-Pd,True,-3.4695446491241455,scored,,1029,local_private_WBM_raw_structure_cache_not_distributed
wbm-1-9818,Cl8 Pd4,2|Cl-Pd,False,-3.400612195332845,scored,,1030,local_private_WBM_raw_structure_cache_not_distributed
wbm-1-9821,Cl8 Pt4,2|Cl-Pt,False,-3.5616579055786133,scored,,1031,local_private_WBM_raw_structure_cache_not_distributed
wbm-1-9829,Cl4 Rh2,2|Cl-Rh,False,-3.9818153381347656,scored,,1032,local_private_WBM_raw_structure_cache_not_distributed
wbm-1-9833,Cl4 Ru2,2|Cl-Ru,False,-4.307793617248535,scored,,1033,local_private_WBM_raw_structure_cache_not_distributed
wbm-1-9834,Cl2 Sc1,2|Cl-Sc,False,-5.239854176839192,scored,,1034,local_private_WBM_raw_structure_cache_not_distributed
wbm-1-9837,Cl4 Se4 Ta2,3|Cl-Se,False,-5.416054153442383,scored,,1035,local_private_WBM_raw_structure_cache_not_distributed
wbm-1-9839,Cd5 Cl2 Se4,3|Cd-Cl,False,-2.7282264015891333,scored,,1036,local_private_WBM_raw_structure_cache_not_distributed
wbm-1-9841,Ag2 Bi2 Cl4 Se2,4|Ag-Bi,True,-3.344542694091797,scored,,1037,local_private_WBM_raw_structure_cache_not_distributed
wbm-1-9842,Cl4 Se2,2|Cl-Se,False,-2.568960507710775,scored,,1038,local_private_WBM_raw_structure_cache_not_distributed
wbm-1-9843,Cl6 Sn3,2|Cl-Sn,False,-3.5543721516927085,scored,,1039,local_private_WBM_raw_structure_cache_not_distributed
wbm-1-9848,Cl4 Sr2,2|Cl-Sr,False,-4.246542612711589,scored,,1040,local_private_WBM_raw_structure_cache_not_distributed
wbm-1-9853,Cl2 Ta1,2|Cl-Ta,False,-6.188306172688802,scored,,1041,local_private_WBM_raw_structure_cache_not_distributed
wbm-1-9854,Cl2 Tb1,2|Cl-Tb,False,-4.816153844197591,scored,,1042,local_private_WBM_raw_structure_cache_not_distributed
wbm-1-9855,Cl2 La2 Te1,3|Cl-La,False,-5.242534637451172,scored,,1043,local_private_WBM_raw_structure_cache_not_distributed
wbm-1-9856,Cl4 Te2,2|Cl-Te,False,-2.6384148597717285,scored,,1044,local_private_WBM_raw_structure_cache_not_distributed
wbm-1-9859,Cl2 Ti1,2|Cl-Ti,True,-5.2150115966796875,scored,,1045,local_private_WBM_raw_structure_cache_not_distributed
wbm-1-9860,Cl2 Tm1,2|Cl-Tm,False,-4.613585789998372,scored,,1046,local_private_WBM_raw_structure_cache_not_distributed
wbm-1-9861,Cl2 U1,2|Cl-U,False,-6.260918935139974,scored,,1047,local_private_WBM_raw_structure_cache_not_distributed
wbm-1-9868,Cl4 Yb2,2|Cl-Yb,False,-4.194878578186035,scored,,1048,local_private_WBM_raw_structure_cache_not_distributed
wbm-1-9870,Cl2 Y1,2|Cl-Y,False,-5.400774002075195,scored,,1049,local_private_WBM_raw_structure_cache_not_distributed
wbm-1-9871,Cl2 Zn1,2|Cl-Zn,False,-2.7933136622111,scored,,1050,local_private_WBM_raw_structure_cache_not_distributed
wbm-1-9878,Cl8 Zr4,2|Cl-Zr,False,-5.692640940348308,scored,,1051,local_private_WBM_raw_structure_cache_not_distributed
wbm-1-9880,Ac2 Cl6,2|Ac-Cl,False,-4.708086013793945,scored,,1052,local_private_WBM_raw_structure_cache_not_distributed
wbm-1-9897,As2 Cl6,2|As-Cl,True,-3.260294198989868,scored,,1053,local_private_WBM_raw_structure_cache_not_distributed
wbm-1-9902,Ba2 Cl6 Tl2,3|Ba-Cl,False,-3.842227554321289,scored,,1054,local_private_WBM_raw_structure_cache_not_distributed
wbm-1-9904,Bi2 Cl6,2|Bi-Cl,True,-3.343055009841919,scored,,1055,local_private_WBM_raw_structure_cache_not_distributed
wbm-1-9911,Ca3 Cl3 Sb1,3|Ca-Cl,False,-4.0622741154262,scored,,1056,local_private_WBM_raw_structure_cache_not_distributed
wbm-1-9934,Cl18 Co6 Ga6,3|Cl-Co,False,-3.7165186564127604,scored,,1057,local_private_WBM_raw_structure_cache_not_distributed
wbm-1-9949,Cl12 Cr4 In4,3|Cl-Cr,False,-4.487582397460938,scored,,1058,local_private_WBM_raw_structure_cache_not_distributed
wbm-1-9952,Cl6 Cr2,2|Cl-Cr,False,-4.686915397644043,scored,,1059,local_private_WBM_raw_structure_cache_not_distributed
wbm-1-9969,Cl3 Cu1 Ga1,3|Cl-Cu,False,-3.0802663803100585,scored,,1060,local_private_WBM_raw_structure_cache_not_distributed
wbm-1-9983,Cl6 Dy4,2|Cl-Dy,True,-4.67182502746582,scored,,1061,local_private_WBM_raw_structure_cache_not_distributed
wbm-1-9987,Cl6 Er4,2|Cl-Er,True,-4.696447372436523,scored,,1062,local_private_WBM_raw_structure_cache_not_distributed
wbm-1-9992,Cl3 Eu1 Tl1,3|Cl-Eu,False,-5.439046096801758,scored,,1063,local_private_WBM_raw_structure_cache_not_distributed
wbm-1-9995,Cl12 Fe4 In4,3|Cl-Fe,False,-4.033341979980468,scored,,1064,local_private_WBM_raw_structure_cache_not_distributed
wbm-1-10008,Cl6 Ga2 Ge2,3|Cl-Ga,False,-3.378461456298828,scored,,1065,local_private_WBM_raw_structure_cache_not_distributed
wbm-1-10024,Cl6 Gd2,2|Cl-Gd,True,-7.178788185119629,scored,,1066,local_private_WBM_raw_structure_cache_not_distributed
wbm-1-10045,Cl6 Ho4,2|Cl-Ho,True,-4.682395935058594,scored,,1067,local_private_WBM_raw_structure_cache_not_distributed
wbm-1-10058,Cl6 In2 Pb2,3|Cl-In,False,-3.41607666015625,scored,,1068,local_private_WBM_raw_structure_cache_not_distributed
wbm-1-10096,Cl3 Hg1 K1,3|Cl-Hg,False,-2.473060417175293,scored,,1069,local_private_WBM_raw_structure_cache_not_distributed
wbm-1-10102,Cl6 K2 Mn2,3|Cl-K,False,-4.473773193359375,scored,,1070,local_private_WBM_raw_structure_cache_not_distributed
wbm-1-10136,Cl6 Lu4,2|Cl-Lu,True,-4.606296157836914,scored,,1071,local_private_WBM_raw_structure_cache_not_distributed
wbm-1-10148,Cl9 Mn3 Rb3,3|Cl-Mn,True,-4.6035888671875,scored,,1072,local_private_WBM_raw_structure_cache_not_distributed
wbm-1-10161,Cl6 Nd4,2|Cl-Nd,True,-4.80546875,scored,,1073,local_private_WBM_raw_structure_cache_not_distributed
wbm-1-10170,Cl6 Os2,2|Cl-Os,False,-4.444267272949219,scored,,1074,local_private_WBM_raw_structure_cache_not_distributed
wbm-1-10176,Cl6 Pm2,2|Cl-Pm,True,-4.8756303787231445,scored,,1075,local_private_WBM_raw_structure_cache_not_distributed
wbm-1-10177,Cl6 Pr4,2|Cl-Pr,True,-4.801704025268554,scored,,1076,local_private_WBM_raw_structure_cache_not_distributed
wbm-1-10181,Cl6 Pu4,2|Cl-Pu,False,-7.513811492919922,scored,,1077,local_private_WBM_raw_structure_cache_not_distributed
wbm-1-10204,Cl3 Ir1 Rb1,3|Cl-Ir,False,-3.877658462524414,scored,,1078,local_private_WBM_raw_structure_cache_not_distributed
wbm-1-10205,Cl3 Pb1 Rb1,3|Cl-Pb,False,-3.5107753753662108,scored,,1079,local_private_WBM_raw_structure_cache_not_distributed
wbm-1-10213,Cl6 Pt2 Rb2,3|Cl-Pt,False,-3.452271270751953,scored,,1080,local_private_WBM_raw_structure_cache_not_distributed
wbm-1-10215,Cl6 Rb2 Rh2,3|Cl-Rb,False,-3.8259960174560548,scored,,1081,local_private_WBM_raw_structure_cache_not_distributed
wbm-1-10236,Cl18 Rh6 Tl6,3|Cl-Rh,False,-3.7269625345865887,scored,,1082,local_private_WBM_raw_structure_cache_not_distributed
wbm-1-10254,Cl6 Sm4,2|Cl-Sm,True,-4.86681900024414,scored,,1083,local_private_WBM_raw_structure_cache_not_distributed
wbm-1-10270,Cl6 Sn2 Tl2,3|Cl-Sn,True,-3.4030231475830077,scored,,1084,local_private_WBM_raw_structure_cache_not_distributed
wbm-1-10279,Cl6 Sr2 Tl2,3|Cl-Sr,False,-3.7961849212646483,scored,,1085,local_private_WBM_raw_structure_cache_not_distributed
wbm-1-10289,Cl6 Th2,2|Cl-Th,False,-5.205643177032471,scored,,1086,local_private_WBM_raw_structure_cache_not_distributed
wbm-1-10298,Cl6 Tl4,2|Cl-Tl,False,-2.959030532836914,scored,,1087,local_private_WBM_raw_structure_cache_not_distributed
wbm-1-10318,Cl6 V2,2|Cl-V,False,-4.8228864669799805,scored,,1088,local_private_WBM_raw_structure_cache_not_distributed
wbm-1-10321,Cl6 Tl2 Yb2,3|Cl-Tl,True,-3.7756576538085938,scored,,1089,local_private_WBM_raw_structure_cache_not_distributed
wbm-1-10413,Au1 Cl4 Cs2 I2,4|Au-Cl,False,-2.7194086710611978,scored,,1090,local_private_WBM_raw_structure_cache_not_distributed
wbm-1-10431,Cl4 I2 K2 Pd1,4|Cl-I,False,-2.990022235446506,scored,,1091,local_private_WBM_raw_structure_cache_not_distributed
wbm-1-10448,Cl8 Mo2,2|Cl-Mo,True,-4.463601684570312,scored,,1092,local_private_WBM_raw_structure_cache_not_distributed
wbm-1-10454,Cl4 Ni1 Rb2,3|Cl-Ni,False,-3.439240046909877,scored,,1093,local_private_WBM_raw_structure_cache_not_distributed
wbm-1-10553,Ag1 Cl6 Cs2 Pt1,4|Ag-Cl,False,-3.310953903198242,scored,,1094,local_private_WBM_raw_structure_cache_not_distributed
wbm-1-10555,As1 Br2 Cl6 I3,4|As-Br,False,-2.2106305758158364,scored,,1095,local_private_WBM_raw_structure_cache_not_distributed
wbm-1-10557,As1 Cl6 Cs2 I1,4|As-Cl,False,-2.938711738586426,scored,,1096,local_private_WBM_raw_structure_cache_not_distributed
wbm-1-10559,Bi1 Br2 Cl6 I3,4|Bi-Br,False,-2.2300990422566733,scored,,1097,local_private_WBM_raw_structure_cache_not_distributed
wbm-1-10567,Ca1 Cl6 Cs2 Pb1,4|Ca-Cl,False,-3.7547088623046876,scored,,1098,local_private_WBM_raw_structure_cache_not_distributed
wbm-1-10580,Ce1 Cl6 Cs2,3|Ce-Cl,True,-4.125744289822048,scored,,1099,local_private_WBM_raw_structure_cache_not_distributed
wbm-1-10673,Cl6 K1 Rb2 Sb1,4|Cl-K,False,-3.340386962890625,scored,,1100,local_private_WBM_raw_structure_cache_not_distributed
wbm-1-10704,Cl6 In1 Pb1 Rb2,4|Cl-In,False,-3.3875770568847656,scored,,1101,local_private_WBM_raw_structure_cache_not_distributed
wbm-1-10711,Cl6 Rb2 Sn1 Tl1,4|Cl-Rb,False,-3.3369800567626955,scored,,1102,local_private_WBM_raw_structure_cache_not_distributed
wbm-1-10726,Cl6 Ru1 Tl2,3|Cl-Ru,True,-3.5776574876573353,scored,,1103,local_private_WBM_raw_structure_cache_not_distributed
wbm-1-10733,Cl6 Sc1 Te4,3|Cl-Sc,False,-3.662836941805753,scored,,1104,local_private_WBM_raw_structure_cache_not_distributed
wbm-1-10744,Ba1 Cl6 Cs2 Sn1,4|Ba-Cl,False,-3.7249118804931642,scored,,1105,local_private_WBM_raw_structure_cache_not_distributed
wbm-1-10754,Cl6 Dy1 Te4,3|Cl-Dy,False,-3.5712980790571733,scored,,1106,local_private_WBM_raw_structure_cache_not_distributed
wbm-1-10755,Cl6 Er1 Te4,3|Cl-Er,False,-3.56167914650657,scored,,1107,local_private_WBM_raw_structure_cache_not_distributed
wbm-1-10756,Cl6 Gd1 Te4,3|Cl-Gd,False,-4.423286437988281,scored,,1108,local_private_WBM_raw_structure_cache_not_distributed
wbm-1-10757,Cl6 Ho1 Te4,3|Cl-Ho,False,-3.565921089865945,scored,,1109,local_private_WBM_raw_structure_cache_not_distributed
wbm-1-10758,Cl6 Lu1 Te4,3|Cl-Lu,False,-3.554425673051314,scored,,1110,local_private_WBM_raw_structure_cache_not_distributed
wbm-1-10759,Cl6 Pu1 Te4,3|Cl-Pu,False,-4.358315554532138,scored,,1111,local_private_WBM_raw_structure_cache_not_distributed
wbm-1-10760,Cl6 Ta1 Te4,3|Cl-Ta,False,-4.009068575772372,scored,,1112,local_private_WBM_raw_structure_cache_not_distributed
wbm-1-10761,Cl6 Tb1 Te4,3|Cl-Tb,False,-3.568219618363814,scored,,1113,local_private_WBM_raw_structure_cache_not_distributed
wbm-1-10762,Cl6 Te4 Th1,3|Cl-Te,False,-3.926177284934304,scored,,1114,local_private_WBM_raw_structure_cache_not_distributed
wbm-1-10787,Ba1 Ce2 Cl8,3|Ba-Ce,False,-4.878914919766513,scored,,1115,local_private_WBM_raw_structure_cache_not_distributed
wbm-1-10809,Bi1 Cl8 I3,3|Bi-Cl,False,-2.3127894401550293,scored,,1116,local_private_WBM_raw_structure_cache_not_distributed
wbm-1-10820,Cl8 Nd2 Sr1,3|Cl-Nd,False,-4.654531652277166,scored,,1117,local_private_WBM_raw_structure_cache_not_distributed
wbm-1-10821,Cl8 Pr2 Sr1,3|Cl-Pr,False,-4.661222631281072,scored,,1118,local_private_WBM_raw_structure_cache_not_distributed
wbm-1-10822,Cl8 Sm2 Sr1,3|Cl-Sm,False,-4.623709245161577,scored,,1119,local_private_WBM_raw_structure_cache_not_distributed
wbm-1-10902,Cl2 I2,2|Cl-I,False,-1.6626924276351929,scored,,1120,local_private_WBM_raw_structure_cache_not_distributed
wbm-1-10909,Cl2 Mo2 Te8,3|Cl-Mo,True,-4.489548047383626,scored,,1121,local_private_WBM_raw_structure_cache_not_distributed
wbm-1-10927,Cl2 Sb2 Te2,3|Cl-Sb,False,-3.4376405080159507,scored,,1122,local_private_WBM_raw_structure_cache_not_distributed
wbm-1-10959,Cl2 Os2 Te2,3|Cl-Os,False,-5.442458470662435,scored,,1123,local_private_WBM_raw_structure_cache_not_distributed
wbm-1-10977,Ag1 Co2 Hg1,3|Ag-Co,False,-3.893568992614746,scored,,1124,local_private_WBM_raw_structure_cache_not_distributed
wbm-1-10985,As4 Co4 La2,3|As-Co,True,-6.489532470703125,scored,,1125,local_private_WBM_raw_structure_cache_not_distributed
wbm-1-10988,As1 Co2,2|As-Co,False,-6.281511942545573,scored,,1126,local_private_WBM_raw_structure_cache_not_distributed
wbm-1-10990,Au1 Co2 Hg1,3|Au-Co,False,-3.995466709136963,scored,,1127,local_private_WBM_raw_structure_cache_not_distributed
wbm-1-10992,Au4 Co8,2|Au-Co,False,-5.456856409708659,scored,,1128,local_private_WBM_raw_structure_cache_not_distributed
wbm-1-10995,Ba2 Co4 Pb4,3|Ba-Co,False,-4.634379196166992,scored,,1129,local_private_WBM_raw_structure_cache_not_distributed
wbm-1-10996,Ba4 Co8,2|Ba-Co,False,-4.922997156778972,scored,,1130,local_private_WBM_raw_structure_cache_not_distributed
wbm-1-10999,Bi2 Co4,2|Bi-Co,False,-5.713586171468099,scored,,1131,local_private_WBM_raw_structure_cache_not_distributed
wbm-1-11001,Cd1 Co2 Hf1,3|Cd-Co,False,-6.340864658355713,scored,,1132,local_private_WBM_raw_structure_cache_not_distributed
wbm-1-11007,Co2 Cu1 Ga1,3|Co-Cu,False,-5.379637241363525,scored,,1133,local_private_WBM_raw_structure_cache_not_distributed
wbm-1-11018,Co8 Cu4,2|Co-Cu,False,-5.950948079427083,scored,,1134,local_private_WBM_raw_structure_cache_not_distributed
wbm-1-11021,Ce1 Co2 Ga3,3|Ce-Co,False,-5.248687744140625,scored,,1135,local_private_WBM_raw_structure_cache_not_distributed
wbm-1-11022,Co2 Ga3 La1,3|Co-Ga,False,-5.074344635009766,scored,,1136,local_private_WBM_raw_structure_cache_not_distributed
wbm-1-11023,Co2 Ga3,2|Co-Ga,False,-4.974221038818359,scored,,1137,local_private_WBM_raw_structure_cache_not_distributed
wbm-1-11027,Co2 Dy1 Ga1,3|Co-Dy,False,-5.727169990539551,scored,,1138,local_private_WBM_raw_structure_cache_not_distributed
wbm-1-11028,Co2 Er1 Ga1,3|Co-Er,False,-5.740727424621582,scored,,1139,local_private_WBM_raw_structure_cache_not_distributed
wbm-1-11029,Co2 Eu1 Ga1,3|Co-Eu,False,-6.732789516448975,scored,,1140,local_private_WBM_raw_structure_cache_not_distributed
wbm-1-11056,Co2 Ge2 Hf1,3|Co-Ge,False,-7.118651580810547,scored,,1141,local_private_WBM_raw_structure_cache_not_distributed
wbm-1-11064,Co4 Ge2,2|Co-Ge,False,-6.398012797037761,scored,,1142,local_private_WBM_raw_structure_cache_not_distributed
wbm-1-11069,Co8 Hf4,2|Co-Hf,True,-8.401849110921225,scored,,1143,local_private_WBM_raw_structure_cache_not_distributed
wbm-1-11070,Co8 Hg4,2|Co-Hg,False,-4.351046562194824,scored,,1144,local_private_WBM_raw_structure_cache_not_distributed
wbm-1-11072,Co2 In3,2|Co-In,False,-4.427294158935547,scored,,1145,local_private_WBM_raw_structure_cache_not_distributed
wbm-1-11074,Co2 Hf4 In5,3|Co-Hf,True,-6.451067837801847,scored,,1146,local_private_WBM_raw_structure_cache_not_distributed
wbm-1-11075,Co2 In5 Ta4,3|Co-In,False,-6.815249356356534,scored,,1147,local_private_WBM_raw_structure_cache_not_distributed
wbm-1-11081,Co2 Cs1 In9,3|Co-Cs,True,-3.3331047693888345,scored,,1148,local_private_WBM_raw_structure_cache_not_distributed
wbm-1-11096,Co4 La4 Pb2,3|Co-La,False,-5.728850555419922,scored,,1149,local_private_WBM_raw_structure_cache_not_distributed
wbm-1-11098,Co4 La2,2|Co-La,False,-6.474867502848308,scored,,1150,local_private_WBM_raw_structure_cache_not_distributed
wbm-1-11099,Co2 Mo1,2|Co-Mo,False,-8.318183898925781,scored,,1151,local_private_WBM_raw_structure_cache_not_distributed
wbm-1-11104,Co2 Nb1,2|Co-Nb,False,-8.14250628153483,scored,,1152,local_private_WBM_raw_structure_cache_not_distributed
wbm-1-11109,Co2 Ir1 Ni1,3|Co-Ir,False,-6.9396748542785645,scored,,1153,local_private_WBM_raw_structure_cache_not_distributed
wbm-1-11111,Co2 Ni1 Rh1,3|Co-Ni,False,-6.690811634063721,scored,,1154,local_private_WBM_raw_structure_cache_not_distributed
wbm-1-11115,Bi2 Co4 Pb2,3|Bi-Co,False,-5.146915912628174,scored,,1155,local_private_WBM_raw_structure_cache_not_distributed
wbm-1-11116,Co2 Pb1,2|Co-Pb,False,-4.984424591064453,scored,,1156,local_private_WBM_raw_structure_cache_not_distributed
wbm-1-11119,Co2 Pd1 Pt1,3|Co-Pd,False,-6.361403465270996,scored,,1157,local_private_WBM_raw_structure_cache_not_distributed
wbm-1-11120,Co4 Pt2,2|Co-Pt,False,-6.485546112060547,scored,,1158,local_private_WBM_raw_structure_cache_not_distributed
wbm-1-11127,Co2 Pt1 Rh1,3|Co-Pt,False,-6.934582710266113,scored,,1159,local_private_WBM_raw_structure_cache_not_distributed
wbm-1-11128,Co2 Rh1,2|Co-Rh,False,-7.105147043863933,scored,,1160,local_private_WBM_raw_structure_cache_not_distributed
wbm-1-11130,Co4 Sb4 Tl2,3|Co-Sb,False,-4.826295471191406,scored,,1161,local_private_WBM_raw_structure_cache_not_distributed
wbm-1-11132,Co8 Sb4,2|Co-Sb,False,-6.069147109985352,scored,,1162,local_private_WBM_raw_structure_cache_not_distributed
wbm-1-11134,Co4 Rb2 Se6,3|Co-Rb,False,-4.489164034525554,scored,,1163,local_private_WBM_raw_structure_cache_not_distributed
wbm-1-11135,Co4 Se6 Tl2,3|Co-Se,False,-4.672642707824707,scored,,1164,local_private_WBM_raw_structure_cache_not_distributed
wbm-1-11138,Co2 Rh1 Se4,3|Co-Rh,False,-5.35944584437779,scored,,1165,local_private_WBM_raw_structure_cache_not_distributed
wbm-1-11143,Co4 Sn6,2|Co-Sn,False,-5.310198974609375,scored,,1166,local_private_WBM_raw_structure_cache_not_distributed
wbm-1-11150,Co2 Ho3 Sn7,3|Co-Ho,False,-5.068677266438802,scored,,1167,local_private_WBM_raw_structure_cache_not_distributed
wbm-1-11151,Co2 Lu3 Sn7,3|Co-Lu,False,-4.973436037699382,scored,,1168,local_private_WBM_raw_structure_cache_not_distributed
wbm-1-11152,Co2 Nd3 Sn7,3|Co-Nd,True,-5.209402402242024,scored,,1169,local_private_WBM_raw_structure_cache_not_distributed
wbm-1-11153,Co2 Pr3 Sn7,3|Co-Pr,True,-5.223004341125488,scored,,1170,local_private_WBM_raw_structure_cache_not_distributed
wbm-1-11154,Co2 Sm3 Sn7,3|Co-Sm,True,-5.177038192749023,scored,,1171,local_private_WBM_raw_structure_cache_not_distributed
wbm-1-11155,Co2 Sn7 Tb3,3|Co-Sn,False,-5.115918159484863,scored,,1172,local_private_WBM_raw_structure_cache_not_distributed
wbm-1-11163,Co2 Gd1 Sn1,3|Co-Gd,False,-8.282649040222168,scored,,1173,local_private_WBM_raw_structure_cache_not_distributed
wbm-1-11168,Co2 Pu1 Sn1,3|Co-Pu,False,-7.940013885498047,scored,,1174,local_private_WBM_raw_structure_cache_not_distributed
wbm-1-11182,Ac1 Co2 Sr1,3|Ac-Co,False,-4.512353897094727,scored,,1175,local_private_WBM_raw_structure_cache_not_distributed
wbm-1-11189,Co8 Sr4,2|Co-Sr,False,-4.930452664693196,scored,,1176,local_private_WBM_raw_structure_cache_not_distributed
wbm-1-11192,Co2 Ta1,2|Co-Ta,False,-8.815032958984375,scored,,1177,local_private_WBM_raw_structure_cache_not_distributed
wbm-1-11195,Co4 Ta2 Te6,3|Co-Ta,False,-6.199368794759114,scored,,1178,local_private_WBM_raw_structure_cache_not_distributed
wbm-1-11196,Co4 Te6 Tl2,3|Co-Te,False,-4.426946640014648,scored,,1179,local_private_WBM_raw_structure_cache_not_distributed
wbm-1-11197,Co4 Te6,2|Co-Te,False,-4.856182861328125,scored,,1180,local_private_WBM_raw_structure_cache_not_distributed
wbm-1-11200,Co4 Th2,2|Co-Th,False,-7.429065068562825,scored,,1181,local_private_WBM_raw_structure_cache_not_distributed
wbm-1-11201,Co2 Pb1 Tl1,3|Co-Pb,False,-4.532163619995117,scored,,1182,local_private_WBM_raw_structure_cache_not_distributed
wbm-1-11202,Co6 Tl3,2|Co-Tl,False,-4.949571821424696,scored,,1183,local_private_WBM_raw_structure_cache_not_distributed
wbm-1-11203,Co2 W1,2|Co-W,False,-9.143828709920248,scored,,1184,local_private_WBM_raw_structure_cache_not_distributed
wbm-1-11211,Co2 Hg1 Y1,3|Co-Hg,False,-5.096575736999512,scored,,1185,local_private_WBM_raw_structure_cache_not_distributed
wbm-1-11214,Co2 Nb1 Y1,3|Co-Nb,False,-7.66271448135376,scored,,1186,local_private_WBM_raw_structure_cache_not_distributed
wbm-1-11220,Co8 Y4,2|Co-Y,False,-7.048803965250651,scored,,1187,local_private_WBM_raw_structure_cache_not_distributed
wbm-1-11221,Co2 Y1 Zr1,3|Co-Y,False,-7.474128723144531,scored,,1188,local_private_WBM_raw_structure_cache_not_distributed
wbm-1-11239,Co2 Tb1 Zn1,3|Co-Tb,False,-5.045529365539551,scored,,1189,local_private_WBM_raw_structure_cache_not_distributed
wbm-1-11240,Co2 Th1 Zn1,3|Co-Th,False,-5.846399307250977,scored,,1190,local_private_WBM_raw_structure_cache_not_distributed
wbm-1-11241,Co2 Tm1 Zn1,3|Co-Tm,False,-5.104373931884766,scored,,1191,local_private_WBM_raw_structure_cache_not_distributed
wbm-1-11242,Co2 U1 Zn1,3|Co-U,False,-6.8144354820251465,scored,,1192,local_private_WBM_raw_structure_cache_not_distributed
wbm-1-11246,Co4 Tl2 Zr4,3|Co-Tl,False,-6.990160369873047,scored,,1193,local_private_WBM_raw_structure_cache_not_distributed
wbm-1-11254,Co2 Zr1,2|Co-Zr,False,-7.676659266153972,scored,,1194,local_private_WBM_raw_structure_cache_not_distributed
wbm-1-11256,Ac2 Co6,2|Ac-Co,False,-6.226054668426514,scored,,1195,local_private_WBM_raw_structure_cache_not_distributed
wbm-1-11258,Ag2 Co6,2|Ag-Co,False,-5.735701084136963,scored,,1196,local_private_WBM_raw_structure_cache_not_distributed
wbm-1-11265,Cd1 Co3,2|Cd-Co,False,-5.180978298187256,scored,,1197,local_private_WBM_raw_structure_cache_not_distributed
wbm-1-11268,Ce1 Co3,2|Ce-Co,False,-6.879642486572266,scored,,1198,local_private_WBM_raw_structure_cache_not_distributed
wbm-1-11292,Co3 Ir1,2|Co-Ir,False,-7.431849956512451,scored,,1199,local_private_WBM_raw_structure_cache_not_distributed
wbm-1-11304,Co3 Ni1,2|Co-Ni,False,-6.724498271942139,scored,,1200,local_private_WBM_raw_structure_cache_not_distributed
wbm-1-11306,Co6 Os2,2|Co-Os,False,-8.02824878692627,scored,,1201,local_private_WBM_raw_structure_cache_not_distributed
wbm-1-11310,Co3 Pd1,2|Co-Pd,False,-6.507797718048096,scored,,1202,local_private_WBM_raw_structure_cache_not_distributed
wbm-1-11314,Co3 Pu1,2|Co-Pu,False,-8.419279098510742,scored,,1203,local_private_WBM_raw_structure_cache_not_distributed
wbm-1-11315,Co6 Re2,2|Co-Re,False,-8.33864974975586,scored,,1204,local_private_WBM_raw_structure_cache_not_distributed
wbm-1-11319,Co3 Ru1,2|Co-Ru,False,-7.587268829345703,scored,,1205,local_private_WBM_raw_structure_cache_not_distributed
wbm-1-11332,Co3 Se2,2|Co-Se,False,-5.791508483886719,scored,,1206,local_private_WBM_raw_structure_cache_not_distributed
wbm-1-11344,Co3 Tc1,2|Co-Tc,False,-7.890108108520508,scored,,1207,local_private_WBM_raw_structure_cache_not_distributed
wbm-1-11361,Co6 Zn2,2|Co-Zn,False,-5.583836078643799,scored,,1208,local_private_WBM_raw_structure_cache_not_distributed
wbm-1-11377,Co4 Zn1 Zr1,3|Co-Zn,True,-6.591077168782552,scored,,1209,local_private_WBM_raw_structure_cache_not_distributed
wbm-1-11494,Br6 Co2 Cs2,3|Br-Co,False,-3.489959716796875,scored,,1210,local_private_WBM_raw_structure_cache_not_distributed
wbm-1-11502,Br4 Co1 Cs2 I2,4|Br-Co,False,-2.959459728664822,scored,,1211,local_private_WBM_raw_structure_cache_not_distributed
wbm-1-11527,Bi2 Ce6 Co1,3|Bi-Ce,False,-5.95182122124566,scored,,1212,local_private_WBM_raw_structure_cache_not_distributed
wbm-1-11532,Co1 Cu2 Ge1 Se4,4|Co-Cu,False,-4.421375751495361,scored,,1213,local_private_WBM_raw_structure_cache_not_distributed
wbm-1-11572,Co2 Dy4,2|Co-Dy,False,-5.588280995686849,scored,,1214,local_private_WBM_raw_structure_cache_not_distributed
wbm-1-11578,Co2 Er4,2|Co-Er,False,-5.599706649780273,scored,,1215,local_private_WBM_raw_structure_cache_not_distributed
wbm-1-11582,Co2 Eu4,2|Co-Eu,False,-9.069008509318033,scored,,1216,local_private_WBM_raw_structure_cache_not_distributed
wbm-1-11645,Co2 Gd4,2|Co-Gd,False,-11.857837677001953,scored,,1217,local_private_WBM_raw_structure_cache_not_distributed
wbm-1-11739,Co2 Ho4,2|Co-Ho,False,-5.5905806223551435,scored,,1218,local_private_WBM_raw_structure_cache_not_distributed
wbm-1-11741,Co2 I4,2|Co-I,False,-3.330296198527018,scored,,1219,local_private_WBM_raw_structure_cache_not_distributed
wbm-1-11744,Co4 I12 Tl4,3|Co-I,False,-3.0248594284057617,scored,,1220,local_private_WBM_raw_structure_cache_not_distributed
wbm-1-11809,Co2 Lu4,2|Co-Lu,False,-5.632321039835612,scored,,1221,local_private_WBM_raw_structure_cache_not_distributed
wbm-1-11837,Co2 Nd4,2|Co-Nd,False,-5.527616500854492,scored,,1222,local_private_WBM_raw_structure_cache_not_distributed
wbm-1-11878,Co1 Os1 Pu2,3|Co-Os,False,-11.255120277404785,scored,,1223,local_private_WBM_raw_structure_cache_not_distributed
wbm-1-11911,Co2 Pr4,2|Co-Pr,False,-5.50799560546875,scored,,1224,local_private_WBM_raw_structure_cache_not_distributed
wbm-1-11923,Co1 Re1 Th2,3|Co-Re,False,-8.575587272644043,scored,,1225,local_private_WBM_raw_structure_cache_not_distributed
wbm-1-11942,Co1 Ru2 Sb1,3|Co-Ru,False,-7.322232723236084,scored,,1226,local_private_WBM_raw_structure_cache_not_distributed
wbm-1-11995,Co2 Cs2 Se6 Y2,4|Co-Cs,False,-5.342709223429362,scored,,1227,local_private_WBM_raw_structure_cache_not_distributed
wbm-1-12012,Co2 Sm4,2|Co-Sm,False,-5.551656087239583,scored,,1228,local_private_WBM_raw_structure_cache_not_distributed
wbm-1-12061,Co1 Sr1 Tl2,3|Co-Sr,False,-3.1781980991363525,scored,,1229,local_private_WBM_raw_structure_cache_not_distributed
wbm-1-12079,Co2 Tb4,2|Co-Tb,False,-5.590943654378255,scored,,1230,local_private_WBM_raw_structure_cache_not_distributed
wbm-1-12090,Co1 Tc1 Th2,3|Co-Tc,False,-8.211858749389648,scored,,1231,local_private_WBM_raw_structure_cache_not_distributed
wbm-1-12134,Co2 Tm4,2|Co-Tm,False,-5.552077611287435,scored,,1232,local_private_WBM_raw_structure_cache_not_distributed
wbm-1-12138,Co2 U4,2|Co-U,False,-9.948221206665039,scored,,1233,local_private_WBM_raw_structure_cache_not_distributed
wbm-1-12164,Co2 Yb4,2|Co-Yb,False,-3.2776362101236978,scored,,1234,local_private_WBM_raw_structure_cache_not_distributed
wbm-1-12207,Co2 Yb2 Zn4,3|Co-Yb,False,-2.8975400924682617,scored,,1235,local_private_WBM_raw_structure_cache_not_distributed
wbm-1-12255,Ag1 Cr2 Hg1,3|Ag-Cr,False,-5.031020641326904,scored,,1236,local_private_WBM_raw_structure_cache_not_distributed
wbm-1-12260,Ag1 Cr2,2|Ag-Cr,False,-7.095521291097005,scored,,1237,local_private_WBM_raw_structure_cache_not_distributed
wbm-1-12261,As2 Cr2 Cs1,3|As-Cr,False,-6.072543716430664,scored,,1238,local_private_WBM_raw_structure_cache_not_distributed
wbm-1-12262,As1 Cr2,2|As-Cr,False,-7.829326629638672,scored,,1239,local_private_WBM_raw_structure_cache_not_distributed
wbm-1-12264,Cd1 Cr2 Hf1,3|Cd-Cr,False,-7.082627296447754,scored,,1240,local_private_WBM_raw_structure_cache_not_distributed
wbm-1-12269,Cd1 Cr2,2|Cd-Cr,False,-6.292304356892903,scored,,1241,local_private_WBM_raw_structure_cache_not_distributed
wbm-1-12270,Ce4 Cr8,2|Ce-Cr,False,-8.090134302775065,scored,,1242,local_private_WBM_raw_structure_cache_not_distributed
wbm-1-12272,Co1 Cr2 Ir1,3|Co-Cr,True,-8.795083999633789,scored,,1243,local_private_WBM_raw_structure_cache_not_distributed
wbm-1-12277,Co2 Cr4,2|Co-Cr,False,-8.580161412556967,scored,,1244,local_private_WBM_raw_structure_cache_not_distributed
wbm-1-12278,Au1 Cr2 Cu1,3|Au-Cr,False,-6.31255578994751,scored,,1245,local_private_WBM_raw_structure_cache_not_distributed
wbm-1-12279,Cr2 Cu1 Ga1,3|Cr-Cu,False,-6.330572605133057,scored,,1246,local_private_WBM_raw_structure_cache_not_distributed
wbm-1-12289,Cr2 Cu1,2|Cr-Cu,False,-7.594275156656901,scored,,1247,local_private_WBM_raw_structure_cache_not_distributed
wbm-1-12291,Cr8 Dy4,2|Cr-Dy,False,-7.5346120198567705,scored,,1248,local_private_WBM_raw_structure_cache_not_distributed
wbm-1-12293,Cr8 Er4,2|Cr-Er,False,-7.594776789347331,scored,,1249,local_private_WBM_raw_structure_cache_not_distributed
wbm-1-12295,Cr2 Fe1,2|Cr-Fe,False,-9.146857579549154,scored,,1250,local_private_WBM_raw_structure_cache_not_distributed
wbm-1-12298,Cr4 Ga6,2|Cr-Ga,False,-5.5919746398925785,scored,,1251,local_private_WBM_raw_structure_cache_not_distributed
wbm-1-12299,Cr2 Ga4 Hf1,3|Cr-Ga,False,-6.069273812430246,scored,,1252,local_private_WBM_raw_structure_cache_not_distributed
wbm-1-12316,Cr8 Gd4,2|Cr-Gd,False,-10.552166620890299,scored,,1253,local_private_WBM_raw_structure_cache_not_distributed
wbm-1-12318,Ba1 Cr2 Ge2,3|Ba-Cr,False,-6.067847442626953,scored,,1254,local_private_WBM_raw_structure_cache_not_distributed
wbm-1-12319,Cr2 Ge2 La1,3|Cr-Ge,False,-6.941701507568359,scored,,1255,local_private_WBM_raw_structure_cache_not_distributed
wbm-1-12324,Cr8 Ge4,2|Cr-Ge,False,-7.940919876098633,scored,,1256,local_private_WBM_raw_structure_cache_not_distributed
wbm-1-12325,Cr8 Ho4,2|Cr-Ho,False,-7.57760492960612,scored,,1257,local_private_WBM_raw_structure_cache_not_distributed
wbm-1-12327,Cr2 Hf1 In1,3|Cr-Hf,False,-7.754557132720947,scored,,1258,local_private_WBM_raw_structure_cache_not_distributed
wbm-1-12328,Cr4 In2 La4,3|Cr-In,False,-6.1052814483642575,scored,,1259,local_private_WBM_raw_structure_cache_not_distributed
wbm-1-12329,Cr2 In1,2|Cr-In,False,-7.043212890625,scored,,1260,local_private_WBM_raw_structure_cache_not_distributed
wbm-1-12330,Cr4 La2,2|Cr-La,False,-7.5157826741536455,scored,,1261,local_private_WBM_raw_structure_cache_not_distributed
wbm-1-12331,Cr8 Lu4,2|Cr-Lu,False,-7.6648406982421875,scored,,1262,local_private_WBM_raw_structure_cache_not_distributed
wbm-1-12334,Cr2 Ir1 Mn1,3|Cr-Ir,False,-9.374751091003418,scored,,1263,local_private_WBM_raw_structure_cache_not_distributed
wbm-1-12335,Cr2 Mn1 Ni1,3|Cr-Mn,False,-8.443406105041504,scored,,1264,local_private_WBM_raw_structure_cache_not_distributed
wbm-1-12338,Cr8 Mn4,2|Cr-Mn,False,-9.2184206644694,scored,,1265,local_private_WBM_raw_structure_cache_not_distributed
wbm-1-12341,Cr2 Mo1 Pt1,3|Cr-Mo,False,-9.232465744018555,scored,,1266,local_private_WBM_raw_structure_cache_not_distributed
wbm-1-12347,Cr4 Ni4 Sn2,3|Cr-Ni,False,-6.723188018798828,scored,,1267,local_private_WBM_raw_structure_cache_not_distributed
wbm-1-12348,Cr2 La1 Ni3,3|Cr-La,False,-6.797911326090495,scored,,1268,local_private_WBM_raw_structure_cache_not_distributed
wbm-1-12359,Cr2 Os1 Pt1,3|Cr-Os,False,-9.147603988647461,scored,,1269,local_private_WBM_raw_structure_cache_not_distributed
wbm-1-12360,Cr4 Pd6,2|Cr-Pd,False,-6.914118957519531,scored,,1270,local_private_WBM_raw_structure_cache_not_distributed
wbm-1-12364,Cr2 Pd1 Pt1,3|Cr-Pd,False,-7.644339561462402,scored,,1271,local_private_WBM_raw_structure_cache_not_distributed
wbm-1-12367,Cr8 Pt4,2|Cr-Pt,False,-8.328081766764322,scored,,1272,local_private_WBM_raw_structure_cache_not_distributed
wbm-1-12368,Cr8 Pu4,2|Cr-Pu,False,-10.366711934407553,scored,,1273,local_private_WBM_raw_structure_cache_not_distributed
wbm-1-12372,Cr2 Pt1 Re1,3|Cr-Pt,False,-9.489767074584961,scored,,1274,local_private_WBM_raw_structure_cache_not_distributed
wbm-1-12373,Cr2 Re1,2|Cr-Re,False,-10.573709487915039,scored,,1275,local_private_WBM_raw_structure_cache_not_distributed
wbm-1-12375,Cr2 Re1 Rh1,3|Cr-Re,False,-9.741023063659668,scored,,1276,local_private_WBM_raw_structure_cache_not_distributed
wbm-1-12376,Cr2 Rh1,2|Cr-Rh,False,-8.862106323242188,scored,,1277,local_private_WBM_raw_structure_cache_not_distributed
wbm-1-12383,Cr2 Rh1 Ru1,3|Cr-Rh,False,-8.972297668457031,scored,,1278,local_private_WBM_raw_structure_cache_not_distributed
wbm-1-12384,Cr8 Sb4,2|Cr-Sb,False,-7.388694127400716,scored,,1279,local_private_WBM_raw_structure_cache_not_distributed
wbm-1-12386,Cr4 Se6,2|Cr-Se,False,-6.330223846435547,scored,,1280,local_private_WBM_raw_structure_cache_not_distributed
wbm-1-12388,Cr2 Hg1 Sn1,3|Cr-Hg,False,-5.4541850090026855,scored,,1281,local_private_WBM_raw_structure_cache_not_distributed
wbm-1-12389,Cr4 Sn2,2|Cr-Sn,False,-7.334037144978841,scored,,1282,local_private_WBM_raw_structure_cache_not_distributed
wbm-1-12392,Cr4 Sr2,2|Cr-Sr,False,-5.990723292032878,scored,,1283,local_private_WBM_raw_structure_cache_not_distributed
wbm-1-12393,Cr8 Tb4,2|Cr-Tb,False,-7.533050537109375,scored,,1284,local_private_WBM_raw_structure_cache_not_distributed
wbm-1-12405,Cr2 Ru1 Tc1,3|Cr-Ru,False,-9.686010360717773,scored,,1285,local_private_WBM_raw_structure_cache_not_distributed
wbm-1-12406,Cr2 Tc1 Tl1,3|Cr-Tc,False,-7.283052921295166,scored,,1286,local_private_WBM_raw_structure_cache_not_distributed
wbm-1-12407,Cr4 Te6,2|Cr-Te,False,-5.438437271118164,scored,,1287,local_private_WBM_raw_structure_cache_not_distributed
wbm-1-12408,Cr8 Th4,2|Cr-Th,False,-8.538874308268229,scored,,1288,local_private_WBM_raw_structure_cache_not_distributed
wbm-1-12410,Cr8 Tm4,2|Cr-Tm,False,-7.599274317423503,scored,,1289,local_private_WBM_raw_structure_cache_not_distributed
wbm-1-12412,Cr8 U4,2|Cr-U,False,-9.961971918741861,scored,,1290,local_private_WBM_raw_structure_cache_not_distributed
wbm-1-12417,Cr8 Y4,2|Cr-Y,False,-8.16218376159668,scored,,1291,local_private_WBM_raw_structure_cache_not_distributed
wbm-1-12423,Cr2 Nb1 Zn1,3|Cr-Nb,False,-7.502890110015869,scored,,1292,local_private_WBM_raw_structure_cache_not_distributed
wbm-1-12427,Cr2 Ta1 Zn1,3|Cr-Ta,False,-7.9817214012146,scored,,1293,local_private_WBM_raw_structure_cache_not_distributed
wbm-1-12429,Cr2 Zn1,2|Cr-Zn,False,-6.695496877034505,scored,,1294,local_private_WBM_raw_structure_cache_not_distributed
wbm-1-12430,Cr2 Y1 Zn1,3|Cr-Y,False,-6.20143985748291,scored,,1295,local_private_WBM_raw_structure_cache_not_distributed
wbm-1-12431,Cr2 Zn1 Zr1,3|Cr-Zn,False,-7.008309841156006,scored,,1296,local_private_WBM_raw_structure_cache_not_distributed
wbm-1-12434,Cr2 Sn1 Zr1,3|Cr-Sn,False,-7.767512798309326,scored,,1297,local_private_WBM_raw_structure_cache_not_distributed
wbm-1-12435,Cr2 Zr1,2|Cr-Zr,False,-8.943035761515299,scored,,1298,local_private_WBM_raw_structure_cache_not_distributed
wbm-1-12437,Au2 Cr6,2|Au-Cr,False,-7.578550815582275,scored,,1299,local_private_WBM_raw_structure_cache_not_distributed
wbm-1-12445,Cr3 Hf1,2|Cr-Hf,False,-9.403779029846191,scored,,1300,local_private_WBM_raw_structure_cache_not_distributed
wbm-1-12446,Cr3 Hg1,2|Cr-Hg,False,-6.582927227020264,scored,,1301,local_private_WBM_raw_structure_cache_not_distributed
wbm-1-12450,Cr6 Ir2,2|Cr-Ir,False,-9.48526382446289,scored,,1302,local_private_WBM_raw_structure_cache_not_distributed
wbm-1-12455,Cr6 Mo2,2|Cr-Mo,False,-9.776764869689941,scored,,1303,local_private_WBM_raw_structure_cache_not_distributed
wbm-1-12459,Cr6 Ni2,2|Cr-Ni,False,-8.62906265258789,scored,,1304,local_private_WBM_raw_structure_cache_not_distributed
wbm-1-12460,Cr3 Os1,2|Cr-Os,False,-9.958684921264648,scored,,1305,local_private_WBM_raw_structure_cache_not_distributed
wbm-1-12461,Cr3 Pb1,2|Cr-Pb,False,-7.460596561431885,scored,,1306,local_private_WBM_raw_structure_cache_not_distributed
wbm-1-12472,Cr6 Ru2,2|Cr-Ru,False,-9.433120727539062,scored,,1307,local_private_WBM_raw_structure_cache_not_distributed
wbm-1-12484,Cr3 Ta1,2|Cr-Ta,False,-10.003846168518066,scored,,1308,local_private_WBM_raw_structure_cache_not_distributed
wbm-1-12485,Cr6 Tc2,2|Cr-Tc,False,-9.679281234741211,scored,,1309,local_private_WBM_raw_structure_cache_not_distributed
wbm-1-12490,Cr3 Tl1,2|Cr-Tl,False,-6.83752965927124,scored,,1310,local_private_WBM_raw_structure_cache_not_distributed
wbm-1-12491,Cr6 W2,2|Cr-W,False,-10.326988220214844,scored,,1311,local_private_WBM_raw_structure_cache_not_distributed
wbm-1-12502,Cr6 Fe1 Te2,3|Cr-Fe,False,-7.414149814181858,scored,,1312,local_private_WBM_raw_structure_cache_not_distributed
wbm-1-12541,Bi8 Cr4,2|Bi-Cr,False,-5.291309674580892,scored,,1313,local_private_WBM_raw_structure_cache_not_distributed
wbm-1-12542,Br6 Cr2 Rb2,3|Br-Cr,False,-4.2100982666015625,scored,,1314,local_private_WBM_raw_structure_cache_not_distributed
wbm-1-12544,Br6 Cr2,2|Br-Cr,False,-4.44146728515625,scored,,1315,local_private_WBM_raw_structure_cache_not_distributed
wbm-1-12580,Cr2 Cu2 Te6 Tl2,4|Cr-Cu,False,-4.435400009155273,scored,,1316,local_private_WBM_raw_structure_cache_not_distributed
wbm-1-12592,Co1 Cr1 Fe1 Ga1,4|Co-Cr,False,-7.145595073699951,scored,,1317,local_private_WBM_raw_structure_cache_not_distributed
wbm-1-12627,Ce1 Cr1 Ge3,3|Ce-Cr,False,-6.2216644287109375,scored,,1318,local_private_WBM_raw_structure_cache_not_distributed
wbm-1-12628,Cr2 Dy2 Ge6,3|Cr-Dy,False,-5.9873920440673825,scored,,1319,local_private_WBM_raw_structure_cache_not_distributed
wbm-1-12629,Cr2 Er2 Ge6,3|Cr-Er,False,-5.958727645874023,scored,,1320,local_private_WBM_raw_structure_cache_not_distributed
wbm-1-12661,Cr2 I4,2|Cr-I,False,-4.511561393737793,scored,,1321,local_private_WBM_raw_structure_cache_not_distributed
wbm-1-12685,Bi12 Cr4 La4,3|Bi-Cr,False,-5.505376815795898,scored,,1322,local_private_WBM_raw_structure_cache_not_distributed
wbm-1-12709,Cr2 Nb6,2|Cr-Nb,False,-9.842355728149414,scored,,1323,local_private_WBM_raw_structure_cache_not_distributed
wbm-1-12761,Cr2 I6 Rb2,3|Cr-I,False,-3.80224723815918,scored,,1324,local_private_WBM_raw_structure_cache_not_distributed
wbm-1-12763,Cr1 Rb1 Te2,3|Cr-Rb,False,-4.751363277435303,scored,,1325,local_private_WBM_raw_structure_cache_not_distributed
wbm-1-12803,Cr1 Se2 Tl1,3|Cr-Se,False,-5.116346836090088,scored,,1326,local_private_WBM_raw_structure_cache_not_distributed
wbm-1-12828,Cr4 Sb4 Sn4,3|Cr-Sb,False,-5.758352915445964,scored,,1327,local_private_WBM_raw_structure_cache_not_distributed
wbm-1-12834,Cr1 Sr1 Tl2,3|Cr-Sr,False,-3.824359178543091,scored,,1328,local_private_WBM_raw_structure_cache_not_distributed
wbm-1-12847,Cr1 Te2 Tl1,3|Cr-Te,False,-4.672865390777588,scored,,1329,local_private_WBM_raw_structure_cache_not_distributed
wbm-1-12895,Au6 Cs4 Tl2,3|Au-Cs,True,-2.58938995997111,scored,,1330,local_private_WBM_raw_structure_cache_not_distributed
wbm-1-12897,Ba2 Cs4,2|Ba-Cs,False,-0.8738810221354166,scored,,1331,local_private_WBM_raw_structure_cache_not_distributed
wbm-1-12898,Cs2 Hg7,2|Cs-Hg,False,-0.6532519658406576,scored,,1332,local_private_WBM_raw_structure_cache_not_distributed
wbm-1-12899,Cs4 Tl6,2|Cs-Tl,True,-1.8178508758544922,scored,,1333,local_private_WBM_raw_structure_cache_not_distributed
wbm-1-12900,Au7 Cs3,2|Au-Cs,True,-2.8183212280273438,scored,,1334,local_private_WBM_raw_structure_cache_not_distributed
wbm-1-12901,Bi2 Cs6,2|Bi-Cs,True,-1.898676872253418,scored,,1335,local_private_WBM_raw_structure_cache_not_distributed
wbm-1-12908,Cs1 Hf2,2|Cs-Hf,False,-5.955656051635742,scored,,1336,local_private_WBM_raw_structure_cache_not_distributed
wbm-1-12910,Ac1 Cs1 Hg2,3|Ac-Cs,False,-1.6024882793426514,scored,,1337,local_private_WBM_raw_structure_cache_not_distributed
wbm-1-12916,Cs1 Hg2 La1,3|Cs-Hg,False,-1.7993608713150024,scored,,1338,local_private_WBM_raw_structure_cache_not_distributed
wbm-1-12917,Cs1 La1,2|Cs-La,False,-2.107534885406494,scored,,1339,local_private_WBM_raw_structure_cache_not_distributed
wbm-1-12918,Cs4 Pb8,2|Cs-Pb,False,-2.9570655822753906,scored,,1340,local_private_WBM_raw_structure_cache_not_distributed
wbm-1-12919,Cs1 Pt1,2|Cs-Pt,False,-2.9878251552581787,scored,,1341,local_private_WBM_raw_structure_cache_not_distributed
wbm-1-12920,Bi1 Cs1 Tl2,3|Bi-Cs,False,-2.5232300758361816,scored,,1342,local_private_WBM_raw_structure_cache_not_distributed
wbm-1-12932,Ag1 Cu2 Hg1,3|Ag-Cu,False,-2.669910430908203,scored,,1343,local_private_WBM_raw_structure_cache_not_distributed
wbm-1-12939,As2 Cu2 Hf1,3|As-Cu,False,-5.873966979980469,scored,,1344,local_private_WBM_raw_structure_cache_not_distributed
wbm-1-12945,As1 Cu2,2|As-Cu,False,-4.194311141967773,scored,,1345,local_private_WBM_raw_structure_cache_not_distributed
wbm-1-12947,Au1 Cu2 Hg1,3|Au-Cu,False,-2.8318231105804443,scored,,1346,local_private_WBM_raw_structure_cache_not_distributed
wbm-1-12950,Ba1 Cu2,2|Ba-Cu,False,-3.332154909769694,scored,,1347,local_private_WBM_raw_structure_cache_not_distributed
wbm-1-12953,Ac1 Bi1 Cu2,3|Ac-Bi,True,-4.278223037719727,scored,,1348,local_private_WBM_raw_structure_cache_not_distributed
wbm-1-12954,Bi2 Cu4,2|Bi-Cu,False,-3.8864059448242188,scored,,1349,local_private_WBM_raw_structure_cache_not_distributed
wbm-1-12956,Br4 Cu2 Hg1,3|Br-Cu,True,-2.505328859601702,scored,,1350,local_private_WBM_raw_structure_cache_not_distributed
wbm-1-12961,Cd1 Cu2 Dy1,3|Cd-Cu,False,-3.6420364379882812,scored,,1351,local_private_WBM_raw_structure_cache_not_distributed
wbm-1-12985,Cd2 Cu4,2|Cd-Cu,False,-3.0276034673055015,scored,,1352,local_private_WBM_raw_structure_cache_not_distributed
wbm-1-12987,Ce1 Cu2,2|Ce-Cu,False,-4.728155136108398,scored,,1353,local_private_WBM_raw_structure_cache_not_distributed
wbm-1-12990,Cu2 Dy1,2|Cu-Dy,False,-4.408607800801595,scored,,1354,local_private_WBM_raw_structure_cache_not_distributed
wbm-1-12993,Cu2 Er1,2|Cu-Er,False,-4.412108739217122,scored,,1355,local_private_WBM_raw_structure_cache_not_distributed
wbm-1-12995,Cu2 Eu1,2|Cu-Eu,True,-6.278502146402995,scored,,1356,local_private_WBM_raw_structure_cache_not_distributed
wbm-1-12997,Cu4 Ga4 Sr2,3|Cu-Ga,False,-3.4899826049804688,scored,,1357,local_private_WBM_raw_structure_cache_not_distributed
wbm-1-12998,Ce1 Cu2 Ga3,3|Ce-Cu,False,-4.229470252990723,scored,,1358,local_private_WBM_raw_structure_cache_not_distributed
wbm-1-13000,Cu2 Ga3,2|Cu-Ga,False,-3.550920867919922,scored,,1359,local_private_WBM_raw_structure_cache_not_distributed
wbm-1-13002,Ba2 Cu2 Ga1,3|Ba-Cu,False,-3.1321487426757812,scored,,1360,local_private_WBM_raw_structure_cache_not_distributed
wbm-1-13005,Cu2 Dy1 Ga1,3|Cu-Dy,False,-4.315685272216797,scored,,1361,local_private_WBM_raw_structure_cache_not_distributed
wbm-1-13006,Cu2 Er1 Ga1,3|Cu-Er,False,-4.314941883087158,scored,,1362,local_private_WBM_raw_structure_cache_not_distributed
wbm-1-13007,Cu2 Eu1 Ga1,3|Cu-Eu,False,-5.682085990905762,scored,,1363,local_private_WBM_raw_structure_cache_not_distributed
wbm-1-13037,Cu4 Ge4 La2,3|Cu-Ge,False,-5.011348724365234,scored,,1364,local_private_WBM_raw_structure_cache_not_distributed
wbm-1-13042,Ba1 Cu2 Ge1 Se4,4|Ba-Cu,False,-4.2658796310424805,scored,,1365,local_private_WBM_raw_structure_cache_not_distributed
wbm-1-13044,Cu2 Ge1 Hg1 Te4,4|Cu-Ge,True,-3.3255679607391357,scored,,1366,local_private_WBM_raw_structure_cache_not_distributed
wbm-1-13046,Cu6 Ge3,2|Cu-Ge,False,-4.2224171956380205,scored,,1367,local_private_WBM_raw_structure_cache_not_distributed
wbm-1-13049,Cu2 Hf1 Hg1,3|Cu-Hf,False,-4.69729471206665,scored,,1368,local_private_WBM_raw_structure_cache_not_distributed
wbm-1-13051,Cu2 Hf1,2|Cu-Hf,False,-6.192284266153972,scored,,1369,local_private_WBM_raw_structure_cache_not_distributed
wbm-1-13053,Ac1 Cu2 Hg1,3|Ac-Cu,False,-3.2487282752990723,scored,,1370,local_private_WBM_raw_structure_cache_not_distributed
wbm-1-13054,Cu2 Hg1 U1,3|Cu-Hg,False,-4.625987529754639,scored,,1371,local_private_WBM_raw_structure_cache_not_distributed
wbm-1-13055,Cu8 Hg4,2|Cu-Hg,False,-2.6539206504821777,scored,,1372,local_private_WBM_raw_structure_cache_not_distributed
wbm-1-13056,Cu2 Ho1,2|Cu-Ho,False,-4.413087844848633,scored,,1373,local_private_WBM_raw_structure_cache_not_distributed
wbm-1-13059,Cu4 In4 La2,3|Cu-In,False,-4.015603637695312,scored,,1374,local_private_WBM_raw_structure_cache_not_distributed
wbm-1-13060,Cu2 In3,2|Cu-In,False,-3.2386741638183594,scored,,1375,local_private_WBM_raw_structure_cache_not_distributed
wbm-1-13068,Cu4 Gd4 In2,3|Cu-Gd,True,-8.18823699951172,scored,,1376,local_private_WBM_raw_structure_cache_not_distributed
wbm-1-13069,Cu4 Ho4 In2,3|Cu-Ho,True,-4.41467056274414,scored,,1377,local_private_WBM_raw_structure_cache_not_distributed
wbm-1-13090,Cu4 La4 Pb2,3|Cu-La,False,-4.688912200927734,scored,,1378,local_private_WBM_raw_structure_cache_not_distributed
wbm-1-13092,Bi1 Cu2 La1,3|Bi-Cu,False,-4.558875560760498,scored,,1379,local_private_WBM_raw_structure_cache_not_distributed
wbm-1-13097,Cu2 La1,2|Cu-La,False,-4.387451807657878,scored,,1380,local_private_WBM_raw_structure_cache_not_distributed
wbm-1-13100,Cu2 Lu1,2|Cu-Lu,False,-4.435150146484375,scored,,1381,local_private_WBM_raw_structure_cache_not_distributed
wbm-1-13102,Cu2 Mo1,2|Cu-Mo,False,-6.200440724690755,scored,,1382,local_private_WBM_raw_structure_cache_not_distributed
wbm-1-13103,Cu2 Nb3,2|Cu-Nb,False,-7.639186096191406,scored,,1383,local_private_WBM_raw_structure_cache_not_distributed
wbm-1-13107,Cu2 Nb1 Sn1,3|Cu-Nb,False,-5.469756603240967,scored,,1384,local_private_WBM_raw_structure_cache_not_distributed
wbm-1-13112,Cu2 Nd1,2|Cu-Nd,False,-4.323620796203613,scored,,1385,local_private_WBM_raw_structure_cache_not_distributed
wbm-1-13117,Cu4 Pb2,2|Cu-Pb,False,-3.8152793248494468,scored,,1386,local_private_WBM_raw_structure_cache_not_distributed
wbm-1-13119,Cu2 Pd1 Pt1,3|Cu-Pd,False,-4.982516288757324,scored,,1387,local_private_WBM_raw_structure_cache_not_distributed
wbm-1-13121,Cu2 Pr1,2|Cu-Pr,False,-4.321818987528483,scored,,1388,local_private_WBM_raw_structure_cache_not_distributed
wbm-1-13126,Cu2 Rb1 Te2,3|Cu-Rb,True,-3.5080951690673827,scored,,1389,local_private_WBM_raw_structure_cache_not_distributed
wbm-1-13130,Cu2 Rh1 Sn1,3|Cu-Rh,False,-4.950497150421143,scored,,1390,local_private_WBM_raw_structure_cache_not_distributed
wbm-1-13135,Cu4 Sb2 Te4,3|Cu-Sb,True,-3.765040969848633,scored,,1391,local_private_WBM_raw_structure_cache_not_distributed
wbm-1-13137,Cu8 Sb4,2|Cu-Sb,False,-3.9975385665893555,scored,,1392,local_private_WBM_raw_structure_cache_not_distributed
wbm-1-13140,Cu2 Pb1 Se2,3|Cu-Pb,False,-3.9735557556152346,scored,,1393,local_private_WBM_raw_structure_cache_not_distributed
wbm-1-13142,Cu2 Se2 Sn1,3|Cu-Se,False,-3.9924530029296874,scored,,1394,local_private_WBM_raw_structure_cache_not_distributed
wbm-1-13144,Cs2 Cu4 Se6,3|Cs-Cu,False,-3.5526294708251953,scored,,1395,local_private_WBM_raw_structure_cache_not_distributed
wbm-1-13152,Cd1 Cu2 In1 Se4,4|Cd-Cu,False,-3.633805274963379,scored,,1396,local_private_WBM_raw_structure_cache_not_distributed
wbm-1-13154,Cu2 Hg1 Pb1 Se4,4|Cu-Hg,False,-3.4721972942352295,scored,,1397,local_private_WBM_raw_structure_cache_not_distributed
wbm-1-13157,Cu2 Mo1 Se4,3|Cu-Mo,False,-5.082693372453962,scored,,1398,local_private_WBM_raw_structure_cache_not_distributed
wbm-1-13160,Cu8 Se4,2|Cu-Se,False,-3.9142278035481772,scored,,1399,local_private_WBM_raw_structure_cache_not_distributed
wbm-1-13165,Cu2 Sm1,2|Cu-Sm,False,-4.361019452412923,scored,,1400,local_private_WBM_raw_structure_cache_not_distributed
wbm-1-13178,Cu4 Nd2 Sn4,3|Cu-Nd,True,-4.610687255859375,scored,,1401,local_private_WBM_raw_structure_cache_not_distributed
wbm-1-13181,Cu4 Sn4 Tb2,3|Cu-Sn,False,-4.522666931152344,scored,,1402,local_private_WBM_raw_structure_cache_not_distributed
wbm-1-13186,Cu4 Sn6,2|Cu-Sn,False,-4.037926864624024,scored,,1403,local_private_WBM_raw_structure_cache_not_distributed
wbm-1-13195,Cu2 Pt1 Sn1,3|Cu-Pt,False,-4.736820697784424,scored,,1404,local_private_WBM_raw_structure_cache_not_distributed
wbm-1-13213,Cu2 Sr1,2|Cu-Sr,False,-3.3436056772867837,scored,,1405,local_private_WBM_raw_structure_cache_not_distributed
wbm-1-13217,Cu2 Ta1,2|Cu-Ta,False,-6.636072158813477,scored,,1406,local_private_WBM_raw_structure_cache_not_distributed
wbm-1-13220,Cu2 Tb1,2|Cu-Tb,False,-4.398084322611491,scored,,1407,local_private_WBM_raw_structure_cache_not_distributed
wbm-1-13229,Cu4 Lu2 Te6,3|Cu-Lu,False,-4.271612167358398,scored,,1408,local_private_WBM_raw_structure_cache_not_distributed
wbm-1-13231,Cu4 Pu2 Te6,3|Cu-Pu,False,-5.761543909708659,scored,,1409,local_private_WBM_raw_structure_cache_not_distributed
wbm-1-13232,Cu4 Ta2 Te6,3|Cu-Ta,False,-5.160437266031901,scored,,1410,local_private_WBM_raw_structure_cache_not_distributed
wbm-1-13234,Cu4 Tb2 Te6,3|Cu-Tb,False,-4.302858670552571,scored,,1411,local_private_WBM_raw_structure_cache_not_distributed
wbm-1-13235,Cu4 Te6 Th2,3|Cu-Te,False,-4.755186080932617,scored,,1412,local_private_WBM_raw_structure_cache_not_distributed
wbm-1-13239,Cu4 Te6,2|Cu-Te,False,-3.4970531463623047,scored,,1413,local_private_WBM_raw_structure_cache_not_distributed
wbm-1-13244,Cu2 Th1,2|Cu-Th,False,-5.194937070210774,scored,,1414,local_private_WBM_raw_structure_cache_not_distributed
wbm-1-13247,Cu4 Tl2,2|Cu-Tl,False,-3.2337942123413086,scored,,1415,local_private_WBM_raw_structure_cache_not_distributed
wbm-1-13249,Cu2 Tm1,2|Cu-Tm,False,-4.402893702189128,scored,,1416,local_private_WBM_raw_structure_cache_not_distributed
wbm-1-13252,Cu2 U1,2|Cu-U,False,-6.379191716512044,scored,,1417,local_private_WBM_raw_structure_cache_not_distributed
wbm-1-13254,Cu2 W1,2|Cu-W,False,-6.873477935791016,scored,,1418,local_private_WBM_raw_structure_cache_not_distributed
wbm-1-13261,Cu2 Yb1,2|Cu-Yb,False,-3.4040145874023438,scored,,1419,local_private_WBM_raw_structure_cache_not_distributed
wbm-1-13271,Cu2 Tl1 Y1,3|Cu-Tl,False,-4.404116630554199,scored,,1420,local_private_WBM_raw_structure_cache_not_distributed
wbm-1-13272,Cu2 Y1,2|Cu-Y,False,-4.997606913248698,scored,,1421,local_private_WBM_raw_structure_cache_not_distributed
wbm-1-13287,Cu2 I4 Zn1,3|Cu-I,False,-2.5716590881347656,scored,,1422,local_private_WBM_raw_structure_cache_not_distributed
wbm-1-13298,Cu2 Pr1 Zn1,3|Cu-Pr,False,-3.692190647125244,scored,,1423,local_private_WBM_raw_structure_cache_not_distributed
wbm-1-13302,Cu2 In1 Se4 Zn1,4|Cu-In,False,-3.6992712020874023,scored,,1424,local_private_WBM_raw_structure_cache_not_distributed
wbm-1-13303,Cu2 Pb1 Se4 Zn1,4|Cu-Pb,False,-3.6964550018310547,scored,,1425,local_private_WBM_raw_structure_cache_not_distributed
wbm-1-13304,Cu2 Sm1 Zn1,3|Cu-Sm,False,-3.728032112121582,scored,,1426,local_private_WBM_raw_structure_cache_not_distributed
wbm-1-13309,Cu2 Th1 Zn1,3|Cu-Th,False,-4.3557047843933105,scored,,1427,local_private_WBM_raw_structure_cache_not_distributed
wbm-1-13310,Cu2 Tm1 Zn1,3|Cu-Tm,False,-3.739680528640747,scored,,1428,local_private_WBM_raw_structure_cache_not_distributed
wbm-1-13312,Cu8 Zn4,2|Cu-Zn,False,-3.146521886189779,scored,,1429,local_private_WBM_raw_structure_cache_not_distributed
wbm-1-13314,Cu4 Y4 Zn2,3|Cu-Y,False,-4.75262680053711,scored,,1430,local_private_WBM_raw_structure_cache_not_distributed
wbm-1-13315,Cu2 Yb1 Zn1,3|Cu-Yb,False,-2.963270664215088,scored,,1431,local_private_WBM_raw_structure_cache_not_distributed
wbm-1-13324,Cu2 Zr1,2|Cu-Zr,False,-5.709187189737956,scored,,1432,local_private_WBM_raw_structure_cache_not_distributed
wbm-1-13328,Ag2 Cu6,2|Ag-Cu,False,-3.6893703937530518,scored,,1433,local_private_WBM_raw_structure_cache_not_distributed
wbm-1-13338,Au1 Cu3,2|Au-Cu,False,-3.87511944770813,scored,,1434,local_private_WBM_raw_structure_cache_not_distributed
wbm-1-13380,Cu3 Ir1,2|Cu-Ir,False,-5.15216064453125,scored,,1435,local_private_WBM_raw_structure_cache_not_distributed
wbm-1-13403,Cu3 Pd1,2|Cu-Pd,False,-4.442584037780762,scored,,1436,local_private_WBM_raw_structure_cache_not_distributed
wbm-1-13406,Cu3 Pt1,2|Cu-Pt,False,-4.706362724304199,scored,,1437,local_private_WBM_raw_structure_cache_not_distributed
wbm-1-13407,Cu3 Pu1,2|Cu-Pu,False,-6.476294994354248,scored,,1438,local_private_WBM_raw_structure_cache_not_distributed
wbm-1-13411,Cu3 Rb2,2|Cu-Rb,False,-2.5218326568603517,scored,,1439,local_private_WBM_raw_structure_cache_not_distributed
wbm-1-13414,Cu6 Re2,2|Cu-Re,False,-5.637752056121826,scored,,1440,local_private_WBM_raw_structure_cache_not_distributed
wbm-1-13417,Cu3 Rh1,2|Cu-Rh,False,-4.8749165534973145,scored,,1441,local_private_WBM_raw_structure_cache_not_distributed
wbm-1-13419,Cu3 Ru1,2|Cu-Ru,False,-5.12161922454834,scored,,1442,local_private_WBM_raw_structure_cache_not_distributed
wbm-1-13452,Cu3 Tc1,2|Cu-Tc,False,-5.292323112487793,scored,,1443,local_private_WBM_raw_structure_cache_not_distributed
wbm-1-13582,Ac1 Cu1,2|Ac-Cu,True,-4.182831287384033,scored,,1444,local_private_WBM_raw_structure_cache_not_distributed
wbm-1-13671,Br4 Cu1 I2 Rb2,4|Br-Cu,False,-2.612572775946723,scored,,1445,local_private_WBM_raw_structure_cache_not_distributed
wbm-1-13711,Cs1 Cu1,2|Cs-Cu,False,-1.9363627433776855,scored,,1446,local_private_WBM_raw_structure_cache_not_distributed
wbm-1-13781,Cu2 Ga2 Hf2 Se6,4|Cu-Ga,False,-5.283822059631348,scored,,1447,local_private_WBM_raw_structure_cache_not_distributed
wbm-1-13897,Cu1 I2,2|Cu-I,True,-2.4647130966186523,scored,,1448,local_private_WBM_raw_structure_cache_not_distributed
wbm-1-13975,Cu2 Nb2 Te6 Tl2,4|Cu-Nb,False,-4.668163617451985,scored,,1449,local_private_WBM_raw_structure_cache_not_distributed
wbm-1-13986,Cu1 Os1 Pu2,3|Cu-Os,False,-10.843098640441895,scored,,1450,local_private_WBM_raw_structure_cache_not_distributed
wbm-1-14059,Cu2 Hf2 Rb2 Te6,4|Cu-Hf,True,-4.840689341227214,scored,,1451,local_private_WBM_raw_structure_cache_not_distributed
wbm-1-14065,Cu1 Re1 Th2,3|Cu-Re,False,-7.756629467010498,scored,,1452,local_private_WBM_raw_structure_cache_not_distributed
wbm-1-14095,Cu1 Ru2 Sb1,3|Cu-Ru,False,-6.64237117767334,scored,,1453,local_private_WBM_raw_structure_cache_not_distributed
wbm-1-14140,Cu1 Ir2 Sb1,3|Cu-Ir,False,-6.4037322998046875,scored,,1454,local_private_WBM_raw_structure_cache_not_distributed
wbm-1-14194,Ce2 Cu2 Se6 Tl2,4|Ce-Cu,True,-4.79939333597819,scored,,1455,local_private_WBM_raw_structure_cache_not_distributed
wbm-1-14195,Ce2 Cs2 Cu2 Se6,4|Ce-Cs,True,-4.84162171681722,scored,,1456,local_private_WBM_raw_structure_cache_not_distributed
wbm-1-14196,Cs2 Cu2 Hf2 Se6,4|Cs-Cu,True,-5.371835072835286,scored,,1457,local_private_WBM_raw_structure_cache_not_distributed
wbm-1-14199,Cu2 Dy2 Se6 Tl2,4|Cu-Dy,False,-4.557346026102702,scored,,1458,local_private_WBM_raw_structure_cache_not_distributed
wbm-1-14200,Cu2 Er2 Se6 Tl2,4|Cu-Er,False,-4.544101715087891,scored,,1459,local_private_WBM_raw_structure_cache_not_distributed
wbm-1-14201,Cu2 Gd2 Se6 Tl2,4|Cu-Gd,False,-6.141295750935872,scored,,1460,local_private_WBM_raw_structure_cache_not_distributed
wbm-1-14203,Cu2 Ho2 Se6 Tl2,4|Cu-Ho,False,-4.550918261210124,scored,,1461,local_private_WBM_raw_structure_cache_not_distributed
wbm-1-14206,Cu2 Lu2 Se6 Tl2,4|Cu-Lu,False,-4.52762508392334,scored,,1462,local_private_WBM_raw_structure_cache_not_distributed
wbm-1-14210,Cu2 Rb2 Se6 Zr2,4|Cu-Rb,True,-5.1442610422770185,scored,,1463,local_private_WBM_raw_structure_cache_not_distributed
wbm-1-14212,Cu2 Se6 Ta2 Tl2,4|Cu-Se,False,-5.3463700612386065,scored,,1464,local_private_WBM_raw_structure_cache_not_distributed
wbm-1-14215,Cu2 Pu2 Se6 Tl2,4|Cu-Pu,True,-6.009134292602539,scored,,1465,local_private_WBM_raw_structure_cache_not_distributed
wbm-1-14280,Cu1 Np2 Sn1,3|Cu-Np,False,-8.171521186828613,scored,,1466,local_private_WBM_raw_structure_cache_not_distributed
wbm-1-14327,Cu2 Sr2 Te6 Y2,4|Cu-Sr,True,-4.815565745035808,scored,,1467,local_private_WBM_raw_structure_cache_not_distributed
wbm-1-14355,Cu1 Tc1 Yb2,3|Cu-Tc,False,-4.056729793548584,scored,,1468,local_private_WBM_raw_structure_cache_not_distributed
wbm-1-14389,Ba2 Ce2 Cu2 Te6,4|Ba-Ce,False,-4.788336435953776,scored,,1469,local_private_WBM_raw_structure_cache_not_distributed
wbm-1-14518,Cu1 U2 Zn1,3|Cu-U,False,-6.555786609649658,scored,,1470,local_private_WBM_raw_structure_cache_not_distributed
wbm-1-14526,Cu1 Zn1 Zr2,3|Cu-Zn,False,-5.809200286865234,scored,,1471,local_private_WBM_raw_structure_cache_not_distributed
wbm-1-14556,Cu2 Te6 Tl2 Zr2,4|Cu-Te,True,-4.628067970275879,scored,,1472,local_private_WBM_raw_structure_cache_not_distributed
wbm-1-14563,Au1 Dy2,2|Au-Dy,False,-4.7411190668741865,scored,,1473,local_private_WBM_raw_structure_cache_not_distributed
wbm-1-14565,Dy2 Hg1,2|Dy-Hg,False,-3.4587154388427734,scored,,1474,local_private_WBM_raw_structure_cache_not_distributed
wbm-1-14566,Au1 Dy2 Os1,3|Au-Dy,False,-6.390056133270264,scored,,1475,local_private_WBM_raw_structure_cache_not_distributed
wbm-1-14567,Dy2 Os1 Pt1,3|Dy-Os,False,-7.260238170623779,scored,,1476,local_private_WBM_raw_structure_cache_not_distributed
wbm-1-14569,Dy2 Ir1 Re1,3|Dy-Ir,False,-7.805979251861572,scored,,1477,local_private_WBM_raw_structure_cache_not_distributed
wbm-1-14571,Bi1 Dy3,2|Bi-Dy,False,-4.714463233947754,scored,,1478,local_private_WBM_raw_structure_cache_not_distributed
wbm-1-14572,Dy6 Pb2,2|Dy-Pb,False,-4.681767463684082,scored,,1479,local_private_WBM_raw_structure_cache_not_distributed
wbm-1-14574,Dy3 Tl1,2|Dy-Tl,False,-4.203030586242676,scored,,1480,local_private_WBM_raw_structure_cache_not_distributed
wbm-1-14588,Dy1 Hf5,2|Dy-Hf,False,-8.934720357259115,scored,,1481,local_private_WBM_raw_structure_cache_not_distributed
wbm-1-14589,Dy1 Hf1 Ir2,3|Dy-Hf,False,-8.88904857635498,scored,,1482,local_private_WBM_raw_structure_cache_not_distributed
wbm-1-14591,Dy1 Hg2 Tl1,3|Dy-Hg,False,-2.1721110343933105,scored,,1483,local_private_WBM_raw_structure_cache_not_distributed
wbm-1-14592,Dy3 Ir9,2|Dy-Ir,False,-8.390702565511068,scored,,1484,local_private_WBM_raw_structure_cache_not_distributed
wbm-1-14598,Dy2 Os4,2|Dy-Os,False,-9.286591211954752,scored,,1485,local_private_WBM_raw_structure_cache_not_distributed
wbm-1-14601,Dy1 Pt5,2|Dy-Pt,False,-6.481647491455078,scored,,1486,local_private_WBM_raw_structure_cache_not_distributed
wbm-1-14607,Dy1 Re2 Ta1,3|Dy-Re,False,-10.36716079711914,scored,,1487,local_private_WBM_raw_structure_cache_not_distributed
wbm-1-14608,Dy2 W4,2|Dy-W,False,-10.204121907552084,scored,,1488,local_private_WBM_raw_structure_cache_not_distributed
wbm-1-14614,Au1 Er2,2|Au-Er,False,-4.717674255371094,scored,,1489,local_private_WBM_raw_structure_cache_not_distributed
wbm-1-14616,Er2 Hg1,2|Er-Hg,False,-3.421311060587565,scored,,1490,local_private_WBM_raw_structure_cache_not_distributed
wbm-1-14618,Au1 Er2 Os1,3|Au-Er,False,-6.414112091064453,scored,,1491,local_private_WBM_raw_structure_cache_not_distributed
wbm-1-14619,Er2 Os1 Pt1,3|Er-Os,False,-7.312565803527832,scored,,1492,local_private_WBM_raw_structure_cache_not_distributed
wbm-1-14620,Er2 Ir1 Re1,3|Er-Ir,False,-7.929605484008789,scored,,1493,local_private_WBM_raw_structure_cache_not_distributed
wbm-1-14623,Ac1 Er3,2|Ac-Er,False,-4.368041038513184,scored,,1494,local_private_WBM_raw_structure_cache_not_distributed
wbm-1-14624,Bi1 Er3,2|Bi-Er,False,-4.657418727874756,scored,,1495,local_private_WBM_raw_structure_cache_not_distributed
wbm-1-14626,Er3 Pb1,2|Er-Pb,False,-4.637286186218262,scored,,1496,local_private_WBM_raw_structure_cache_not_distributed
wbm-1-14627,Er3 Tl1,2|Er-Tl,False,-4.170718669891357,scored,,1497,local_private_WBM_raw_structure_cache_not_distributed
wbm-1-14640,Er1 Hf5,2|Er-Hf,False,-8.96162478129069,scored,,1498,local_private_WBM_raw_structure_cache_not_distributed
wbm-1-14642,Er1 Hf1 Os2,3|Er-Hf,False,-9.644356727600098,scored,,1499,local_private_WBM_raw_structure_cache_not_distributed
wbm-1-14643,Er1 Hg2 Tl1,3|Er-Hg,False,-2.124757766723633,scored,,1500,local_private_WBM_raw_structure_cache_not_distributed
wbm-1-14644,Er3 Ir9,2|Er-Ir,False,-8.383297602335611,scored,,1501,local_private_WBM_raw_structure_cache_not_distributed
wbm-1-14650,Er2 Os4,2|Er-Os,False,-9.318658828735352,scored,,1502,local_private_WBM_raw_structure_cache_not_distributed
wbm-1-14653,Er1 Pt1,2|Er-Pt,False,-6.564943313598633,scored,,1503,local_private_WBM_raw_structure_cache_not_distributed
wbm-1-14656,Er1 Re2 Ta1,3|Er-Re,False,-10.447503089904785,scored,,1504,local_private_WBM_raw_structure_cache_not_distributed
wbm-1-14657,Er2 W4,2|Er-W,False,-10.161092122395834,scored,,1505,local_private_WBM_raw_structure_cache_not_distributed
wbm-1-14663,Au4 Eu4 Pb2,3|Au-Eu,True,-6.87292251586914,scored,,1506,local_private_WBM_raw_structure_cache_not_distributed
wbm-1-14664,Au4 Eu8,2|Au-Eu,False,-8.536818186442057,scored,,1507,local_private_WBM_raw_structure_cache_not_distributed
wbm-1-14665,Bi2 Eu4,2|Bi-Eu,False,-8.897582372029623,scored,,1508,local_private_WBM_raw_structure_cache_not_distributed
wbm-1-14668,Eu2 Os1 Pt1,3|Eu-Os,False,-9.506136894226074,scored,,1509,local_private_WBM_raw_structure_cache_not_distributed
wbm-1-14669,Eu4 Pb6,2|Eu-Pb,False,-6.741290283203125,scored,,1510,local_private_WBM_raw_structure_cache_not_distributed
wbm-1-14671,Eu8 Pt4,2|Eu-Pt,False,-9.639043172200521,scored,,1511,local_private_WBM_raw_structure_cache_not_distributed
wbm-1-14672,Eu2 Pb1 Tl1,3|Eu-Pb,True,-7.144550323486328,scored,,1512,local_private_WBM_raw_structure_cache_not_distributed
wbm-1-14673,Eu6 Hg4,2|Eu-Hg,False,-6.74731216430664,scored,,1513,local_private_WBM_raw_structure_cache_not_distributed
wbm-1-14684,Eu1 Hf1 Ir2,3|Eu-Hf,False,-9.977113723754883,scored,,1514,local_private_WBM_raw_structure_cache_not_distributed
wbm-1-14688,Eu3 Ir9,2|Eu-Ir,False,-9.114541371663412,scored,,1515,local_private_WBM_raw_structure_cache_not_distributed
wbm-1-14690,Eu4 Os8,2|Eu-Os,False,-10.76428476969401,scored,,1516,local_private_WBM_raw_structure_cache_not_distributed
wbm-1-14696,Ac1 Eu1 Tl2,3|Ac-Eu,True,-5.18686580657959,scored,,1517,local_private_WBM_raw_structure_cache_not_distributed
wbm-1-14701,Ag4 F8,2|Ag-F,False,-3.307023366292318,scored,,1518,local_private_WBM_raw_structure_cache_not_distributed
wbm-1-14702,Au4 F8,2|Au-F,False,-3.1967957814534507,scored,,1519,local_private_WBM_raw_structure_cache_not_distributed
wbm-1-14706,Cd2 F4,2|Cd-F,False,-3.733002026875814,scored,,1520,local_private_WBM_raw_structure_cache_not_distributed
wbm-1-14709,Co1 F2,2|Co-F,False,-4.991135279337565,scored,,1521,local_private_WBM_raw_structure_cache_not_distributed
wbm-1-14712,Cr2 F4,2|Cr-F,False,-6.298027038574219,scored,,1522,local_private_WBM_raw_structure_cache_not_distributed
wbm-1-14713,Cu4 F8,2|Cu-F,False,-4.0605166753133135,scored,,1523,local_private_WBM_raw_structure_cache_not_distributed
wbm-1-14715,Eu4 F8,2|Eu-F,False,-8.425772349039713,scored,,1524,local_private_WBM_raw_structure_cache_not_distributed
wbm-1-14716,F2 Fe1,2|F-Fe,False,-5.510220845540364,scored,,1525,local_private_WBM_raw_structure_cache_not_distributed
wbm-1-14719,F8 Ge4,2|F-Ge,False,-4.889355023701985,scored,,1526,local_private_WBM_raw_structure_cache_not_distributed
wbm-1-14720,F8 In4,2|F-In,False,-4.259864489237468,scored,,1527,local_private_WBM_raw_structure_cache_not_distributed
wbm-1-14725,F8 Ir4,2|F-Ir,False,-4.823724746704102,scored,,1528,local_private_WBM_raw_structure_cache_not_distributed
wbm-1-14726,F2 Mg1,2|F-Mg,False,-5.182592709859212,scored,,1529,local_private_WBM_raw_structure_cache_not_distributed
wbm-1-14729,F2 Mn1,2|F-Mn,False,-6.369279861450195,scored,,1530,local_private_WBM_raw_structure_cache_not_distributed
wbm-1-14732,Ag2 F4 Na2,3|Ag-F,False,-3.7636818885803223,scored,,1531,local_private_WBM_raw_structure_cache_not_distributed
wbm-1-14739,Cu1 F2 Na1,3|Cu-F,False,-4.226388454437256,scored,,1532,local_private_WBM_raw_structure_cache_not_distributed
wbm-1-14740,F2 Ni1,2|F-Ni,False,-4.098641077677409,scored,,1533,local_private_WBM_raw_structure_cache_not_distributed
wbm-1-14743,F8 Pb4,2|F-Pb,False,-4.785201708475749,scored,,1534,local_private_WBM_raw_structure_cache_not_distributed
wbm-1-14746,F2 Pd1,2|F-Pd,False,-4.063665390014648,scored,,1535,local_private_WBM_raw_structure_cache_not_distributed
wbm-1-14747,F8 Pt4,2|F-Pt,False,-3.9139328002929688,scored,,1536,local_private_WBM_raw_structure_cache_not_distributed
wbm-1-14748,F8 Rh4,2|F-Rh,False,-4.895809491475423,scored,,1537,local_private_WBM_raw_structure_cache_not_distributed
wbm-1-14749,F8 Si4,2|F-Si,False,-5.535412470499675,scored,,1538,local_private_WBM_raw_structure_cache_not_distributed
wbm-1-14751,F8 Sn4,2|F-Sn,False,-4.82430362701416,scored,,1539,local_private_WBM_raw_structure_cache_not_distributed
wbm-1-14757,F2 V1,2|F-V,False,-6.323727925618489,scored,,1540,local_private_WBM_raw_structure_cache_not_distributed
wbm-1-14758,F4 Xe2,2|F-Xe,False,-1.7509188652038574,scored,,1541,local_private_WBM_raw_structure_cache_not_distributed
wbm-1-14759,F2 Yb1,2|F-Yb,True,-5.993011474609375,scored,,1542,local_private_WBM_raw_structure_cache_not_distributed
wbm-1-14761,F2 Zn1,2|F-Zn,False,-3.846914291381836,scored,,1543,local_private_WBM_raw_structure_cache_not_distributed
wbm-1-14773,As2 F6,2|As-F,False,-4.715763568878174,scored,,1544,local_private_WBM_raw_structure_cache_not_distributed
wbm-1-14774,Au1 F3 Tl1,3|Au-F,False,-3.4880653381347657,scored,,1545,local_private_WBM_raw_structure_cache_not_distributed
wbm-1-14777,Ba2 F6 Tl2,3|Ba-F,False,-4.924556732177734,scored,,1546,local_private_WBM_raw_structure_cache_not_distributed
wbm-1-14779,Bi1 F3,2|Bi-F,False,-4.535976886749268,scored,,1547,local_private_WBM_raw_structure_cache_not_distributed
wbm-1-14784,Br2 F6 Sn4,3|Br-F,False,-4.450554211934407,scored,,1548,local_private_WBM_raw_structure_cache_not_distributed
wbm-1-14789,Ca1 F3 Ga1,3|Ca-F,False,-5.020423507690429,scored,,1549,local_private_WBM_raw_structure_cache_not_distributed
wbm-1-14800,Ca2 F6,2|Ca-F,False,-4.644124984741211,scored,,1550,local_private_WBM_raw_structure_cache_not_distributed
wbm-1-14802,Cd1 F3 In1,3|Cd-F,False,-3.8271724700927736,scored,,1551,local_private_WBM_raw_structure_cache_not_distributed
wbm-1-14807,Ce1 F3,2|Ce-F,False,-6.696961402893066,scored,,1552,local_private_WBM_raw_structure_cache_not_distributed
wbm-1-14812,Cl2 F6 Rb2 Sb2,4|Cl-F,False,-4.359813690185547,scored,,1553,local_private_WBM_raw_structure_cache_not_distributed
wbm-1-14813,Cl2 F6 Sn4,3|Cl-F,False,-4.541461944580078,scored,,1554,local_private_WBM_raw_structure_cache_not_distributed
wbm-1-14816,Cl2 F6,2|Cl-F,False,-2.4895687103271484,scored,,1555,local_private_WBM_raw_structure_cache_not_distributed
wbm-1-14822,Cr2 F6 Rb2,3|Cr-F,True,-5.501528930664063,scored,,1556,local_private_WBM_raw_structure_cache_not_distributed
wbm-1-14831,Ba1 Cs1 F3,3|Ba-Cs,False,-4.988890838623047,scored,,1557,local_private_WBM_raw_structure_cache_not_distributed
wbm-1-14832,Cs1 F3 Pb1,3|Cs-F,False,-4.574184417724609,scored,,1558,local_private_WBM_raw_structure_cache_not_distributed
wbm-1-14850,Dy1 F3,2|Dy-F,False,-6.390536308288574,scored,,1559,local_private_WBM_raw_structure_cache_not_distributed
wbm-1-14855,Er1 F3,2|Er-F,False,-6.358480453491211,scored,,1560,local_private_WBM_raw_structure_cache_not_distributed
wbm-1-14860,Eu2 F6 Tl2,3|Eu-F,False,-6.6076408386230465,scored,,1561,local_private_WBM_raw_structure_cache_not_distributed
wbm-1-14868,F18 Fe6 Rb6,3|F-Fe,False,-5.049083455403646,scored,,1562,local_private_WBM_raw_structure_cache_not_distributed
wbm-1-14876,F6 Ga2 Ge2,3|F-Ga,False,-4.538093185424804,scored,,1563,local_private_WBM_raw_structure_cache_not_distributed
wbm-1-14883,F3 Ga1,2|F-Ga,False,-4.74957799911499,scored,,1564,local_private_WBM_raw_structure_cache_not_distributed
wbm-1-14886,F6 Ge4 I2,3|F-Ge,False,-4.33804448445638,scored,,1565,local_private_WBM_raw_structure_cache_not_distributed
wbm-1-14901,F3 Hf1,2|F-Hf,False,-7.176575660705566,scored,,1566,local_private_WBM_raw_structure_cache_not_distributed
wbm-1-14903,F3 Hg1 Pb1,3|F-Hg,False,-3.634252166748047,scored,,1567,local_private_WBM_raw_structure_cache_not_distributed
wbm-1-14905,F3 Ho1,2|F-Ho,False,-6.357213497161865,scored,,1568,local_private_WBM_raw_structure_cache_not_distributed
wbm-1-14910,F6 I2 In4,3|F-I,False,-3.7779086430867515,scored,,1569,local_private_WBM_raw_structure_cache_not_distributed
wbm-1-14918,F6 In2 Tl2,3|F-In,True,-4.219557571411133,scored,,1570,local_private_WBM_raw_structure_cache_not_distributed
wbm-1-14924,F3 Ir1 Tl1,3|F-Ir,False,-4.525119018554688,scored,,1571,local_private_WBM_raw_structure_cache_not_distributed
wbm-1-14925,F6 I2,2|F-I,False,-3.1689260005950928,scored,,1572,local_private_WBM_raw_structure_cache_not_distributed
wbm-1-14932,Br2 F6 K2 Sb2,4|Br-F,True,-4.287650108337402,scored,,1573,local_private_WBM_raw_structure_cache_not_distributed
wbm-1-14938,Co2 F6 K2,3|Co-F,True,-4.791963958740235,scored,,1574,local_private_WBM_raw_structure_cache_not_distributed
wbm-1-14964,F18 K6 Mn6,3|F-K,False,-5.5880889892578125,scored,,1575,local_private_WBM_raw_structure_cache_not_distributed
wbm-1-14996,F3 La1,2|F-La,False,-6.771944046020508,scored,,1576,local_private_WBM_raw_structure_cache_not_distributed
wbm-1-14998,F3 Lu1,2|F-Lu,False,-6.282705307006836,scored,,1577,local_private_WBM_raw_structure_cache_not_distributed
wbm-1-15012,F3 Mg1 Pb1,3|F-Mg,False,-4.7055198669433596,scored,,1578,local_private_WBM_raw_structure_cache_not_distributed
wbm-1-15020,F6 Mn2 Rb2,3|F-Mn,False,-5.575589370727539,scored,,1579,local_private_WBM_raw_structure_cache_not_distributed
wbm-1-15046,F3 Na1 Ni1,3|F-Na,False,-4.316172790527344,scored,,1580,local_private_WBM_raw_structure_cache_not_distributed
wbm-1-15055,F3 Nb1,2|F-Nb,False,-6.052626609802246,scored,,1581,local_private_WBM_raw_structure_cache_not_distributed
wbm-1-15058,F3 Nd1,2|F-Nd,False,-6.499743938446045,scored,,1582,local_private_WBM_raw_structure_cache_not_distributed
wbm-1-15066,F6 Ni2 Rb2,3|F-Ni,False,-4.315819549560547,scored,,1583,local_private_WBM_raw_structure_cache_not_distributed
wbm-1-15072,F6 Os2,2|F-Os,False,-5.404514789581299,scored,,1584,local_private_WBM_raw_structure_cache_not_distributed
wbm-1-15077,F3 Pb1 Pd1,3|F-Pb,False,-4.4534767150878904,scored,,1585,local_private_WBM_raw_structure_cache_not_distributed
wbm-1-15078,F3 Pm1,2|F-Pm,False,-6.467831611633301,scored,,1586,local_private_WBM_raw_structure_cache_not_distributed
wbm-1-15079,F3 Pr1,2|F-Pr,False,-6.51503849029541,scored,,1587,local_private_WBM_raw_structure_cache_not_distributed
wbm-1-15084,F3 Pt1 Tl1,3|F-Pt,False,-4.030768966674804,scored,,1588,local_private_WBM_raw_structure_cache_not_distributed
wbm-1-15086,F3 Pu1,2|F-Pu,False,-8.52628231048584,scored,,1589,local_private_WBM_raw_structure_cache_not_distributed
wbm-1-15089,F6 P2,2|F-P,True,-5.082607746124268,scored,,1590,local_private_WBM_raw_structure_cache_not_distributed
wbm-1-15090,F6 Rb4,2|F-Rb,False,-3.6973892211914063,scored,,1591,local_private_WBM_raw_structure_cache_not_distributed
wbm-1-15114,F18 Pd6 Rb6,3|F-Pd,False,-4.1962331136067705,scored,,1592,local_private_WBM_raw_structure_cache_not_distributed
wbm-1-15117,F18 Rb6 Rh6,3|F-Rb,False,-4.6814697265625,scored,,1593,local_private_WBM_raw_structure_cache_not_distributed
wbm-1-15119,F6 I2 Rb2 Sb2,4|F-I,True,-4.151990572611491,scored,,1594,local_private_WBM_raw_structure_cache_not_distributed
wbm-1-15131,F3 Rh1 Tl1,3|F-Rh,False,-4.535178375244141,scored,,1595,local_private_WBM_raw_structure_cache_not_distributed
wbm-1-15132,F3 Sc1,2|F-Sc,False,-6.338642597198486,scored,,1596,local_private_WBM_raw_structure_cache_not_distributed
wbm-1-15134,F3 Se1,2|F-Se,False,-1.4222087860107422,scored,,1597,local_private_WBM_raw_structure_cache_not_distributed
wbm-1-15142,F6 Si2 Tl2,3|F-Si,False,-4.858193969726562,scored,,1598,local_private_WBM_raw_structure_cache_not_distributed
wbm-1-15145,F3 Sm1,2|F-Sm,False,-6.4834465980529785,scored,,1599,local_private_WBM_raw_structure_cache_not_distributed
wbm-1-15155,F6 Sn2 Tl2,3|F-Sn,True,-4.500163269042969,scored,,1600,local_private_WBM_raw_structure_cache_not_distributed
wbm-1-15158,F6 Sr2 Tl2,3|F-Sr,False,-4.959341812133789,scored,,1601,local_private_WBM_raw_structure_cache_not_distributed
wbm-1-15160,F6 Sr2,2|F-Sr,False,-4.620384216308594,scored,,1602,local_private_WBM_raw_structure_cache_not_distributed
wbm-1-15161,F3 S1,2|F-S,False,-2.918586492538452,scored,,1603,local_private_WBM_raw_structure_cache_not_distributed
wbm-1-15163,F3 Ta1,2|F-Ta,False,-6.337479591369629,scored,,1604,local_private_WBM_raw_structure_cache_not_distributed
wbm-1-15165,F3 Tb1,2|F-Tb,False,-6.385693550109863,scored,,1605,local_private_WBM_raw_structure_cache_not_distributed
wbm-1-15170,F3 Th1,2|F-Th,False,-6.966358661651611,scored,,1606,local_private_WBM_raw_structure_cache_not_distributed
wbm-1-15174,F3 Ti1,2|F-Ti,False,-6.224634647369385,scored,,1607,local_private_WBM_raw_structure_cache_not_distributed
wbm-1-15178,F6 Tl2,2|F-Tl,True,-3.8145642280578613,scored,,1608,local_private_WBM_raw_structure_cache_not_distributed
wbm-1-15179,F3 Tm1,2|F-Tm,True,-6.682187080383301,scored,,1609,local_private_WBM_raw_structure_cache_not_distributed
wbm-1-15183,F6 U2,2|F-U,False,-7.586418151855469,scored,,1610,local_private_WBM_raw_structure_cache_not_distributed
wbm-1-15190,F6 Tl2 Yb2,3|F-Tl,True,-5.072538757324219,scored,,1611,local_private_WBM_raw_structure_cache_not_distributed
wbm-1-15197,F3 Y1,2|F-Y,False,-6.821964740753174,scored,,1612,local_private_WBM_raw_structure_cache_not_distributed
wbm-1-15214,F3 Zr1,2|F-Zr,False,-6.176950931549072,scored,,1613,local_private_WBM_raw_structure_cache_not_distributed
wbm-1-15225,Al1 F4 Ga1,3|Al-F,False,-5.250316619873047,scored,,1614,local_private_WBM_raw_structure_cache_not_distributed
wbm-1-15241,As2 F8 Rb2,3|As-F,True,-4.617632865905762,scored,,1615,local_private_WBM_raw_structure_cache_not_distributed
wbm-1-15354,Bi2 F8 Na2,3|Bi-F,True,-4.709599494934082,scored,,1616,local_private_WBM_raw_structure_cache_not_distributed
wbm-1-15359,Dy2 F8 Na2,3|Dy-F,True,-5.953840255737305,scored,,1617,local_private_WBM_raw_structure_cache_not_distributed
wbm-1-15361,F8 Gd2 Na2,3|F-Gd,True,-7.476023991902669,scored,,1618,local_private_WBM_raw_structure_cache_not_distributed
wbm-1-15362,F8 La2 Na2,3|F-La,True,-5.996172587076823,scored,,1619,local_private_WBM_raw_structure_cache_not_distributed
wbm-1-15363,F8 Lu2 Na2,3|F-Lu,True,-5.944775263468425,scored,,1620,local_private_WBM_raw_structure_cache_not_distributed
wbm-1-15411,F8 Ru2,2|F-Ru,False,-4.982017898559571,scored,,1621,local_private_WBM_raw_structure_cache_not_distributed
wbm-1-15438,F8 Yb2 Zn2,3|F-Yb,True,-4.978343963623047,scored,,1622,local_private_WBM_raw_structure_cache_not_distributed
wbm-1-15450,Ba1 Dy1 F5,3|Ba-Dy,False,-6.296375819614956,scored,,1623,local_private_WBM_raw_structure_cache_not_distributed
wbm-1-15451,Ba1 Er1 F5,3|Ba-Er,False,-6.289654867989676,scored,,1624,local_private_WBM_raw_structure_cache_not_distributed
wbm-1-15452,Ba1 Eu1 F5,3|Ba-Eu,True,-6.733376094273159,scored,,1625,local_private_WBM_raw_structure_cache_not_distributed
wbm-1-15498,F10 Sb2,2|F-Sb,False,-4.396299044291179,scored,,1626,local_private_WBM_raw_structure_cache_not_distributed
wbm-1-15501,F5 Sc1 Sn1,3|F-Sc,False,-5.987710135323661,scored,,1627,local_private_WBM_raw_structure_cache_not_distributed
wbm-1-15504,Ce1 F5 Sn1,3|Ce-F,False,-5.898399353027344,scored,,1628,local_private_WBM_raw_structure_cache_not_distributed
wbm-1-15506,Er1 F5 Sn1,3|Er-F,False,-5.792150224958148,scored,,1629,local_private_WBM_raw_structure_cache_not_distributed
wbm-1-15509,F5 Ho1 Sn1,3|F-Ho,False,-5.7798903329031805,scored,,1630,local_private_WBM_raw_structure_cache_not_distributed
wbm-1-15512,F5 Nd1 Sn1,3|F-Nd,False,-5.728397914341518,scored,,1631,local_private_WBM_raw_structure_cache_not_distributed
wbm-1-15513,F5 Pr1 Sn1,3|F-Pr,False,-5.70763179234096,scored,,1632,local_private_WBM_raw_structure_cache_not_distributed
wbm-1-15514,F5 Pu1 Sn1,3|F-Pu,False,-6.794038500104632,scored,,1633,local_private_WBM_raw_structure_cache_not_distributed
wbm-1-15515,F5 Sm1 Sn1,3|F-Sm,False,-5.73045894077846,scored,,1634,local_private_WBM_raw_structure_cache_not_distributed
wbm-1-15535,Al1 F6 Ga1 Rb2,4|Al-F,False,-4.426292800903321,scored,,1635,local_private_WBM_raw_structure_cache_not_distributed
wbm-1-15551,As1 Cs1 F6 I2 Pb1,5|As-Cs,False,-4.047078912908381,scored,,1636,local_private_WBM_raw_structure_cache_not_distributed
wbm-1-15567,Ca1 Ce1 F6,3|Ca-Ce,True,-6.248459815979004,scored,,1637,local_private_WBM_raw_structure_cache_not_distributed
wbm-1-15632,Ce1 Cs2 F6,3|Ce-Cs,True,-5.4990039401584205,scored,,1638,local_private_WBM_raw_structure_cache_not_distributed
wbm-1-15639,Bi1 Cs2 F6 Pb1,4|Bi-Cs,False,-4.547224426269532,scored,,1639,local_private_WBM_raw_structure_cache_not_distributed
wbm-1-15650,Cs3 Er1 F6,3|Cs-Er,True,-5.124901580810547,scored,,1640,local_private_WBM_raw_structure_cache_not_distributed
wbm-1-15683,F6 Fe1 In1 Tl2,4|F-Fe,False,-4.507347106933594,scored,,1641,local_private_WBM_raw_structure_cache_not_distributed
wbm-1-15705,Cs2 F6 Ga1 Pb1,4|Cs-F,False,-4.50361442565918,scored,,1642,local_private_WBM_raw_structure_cache_not_distributed
wbm-1-15710,F6 Ga1 In1 Pb2,4|F-Ga,False,-4.284718322753906,scored,,1643,local_private_WBM_raw_structure_cache_not_distributed
wbm-1-15727,F6 Hf1 Hg3,3|F-Hf,False,-4.502649307250977,scored,,1644,local_private_WBM_raw_structure_cache_not_distributed
wbm-1-15742,F6 In1 Sn1 Tl2,4|F-In,False,-4.283877182006836,scored,,1645,local_private_WBM_raw_structure_cache_not_distributed
wbm-1-15840,Cr1 F6 K1 Rb2,4|Cr-F,False,-5.032363510131836,scored,,1646,local_private_WBM_raw_structure_cache_not_distributed
wbm-1-15843,Cs2 Dy1 F6 K1,4|Cs-Dy,True,-5.22728271484375,scored,,1647,local_private_WBM_raw_structure_cache_not_distributed
wbm-1-15844,Cs2 Er1 F6 K1,4|Cs-Er,True,-5.234717178344726,scored,,1648,local_private_WBM_raw_structure_cache_not_distributed
wbm-1-15845,Cs2 Eu1 F6 K1,4|Cs-Eu,True,-5.515147018432617,scored,,1649,local_private_WBM_raw_structure_cache_not_distributed
wbm-1-15868,F6 K1 Mn1 Rb2,4|F-K,True,-4.9052276611328125,scored,,1650,local_private_WBM_raw_structure_cache_not_distributed
wbm-1-15875,Ce1 F6 K1 Rb2,4|Ce-F,False,-5.240078735351562,scored,,1651,local_private_WBM_raw_structure_cache_not_distributed
wbm-1-15877,Dy1 F6 K1 Rb2,4|Dy-F,True,-5.214530944824219,scored,,1652,local_private_WBM_raw_structure_cache_not_distributed
wbm-1-15879,Er1 F6 K1 Rb2,4|Er-F,True,-5.222055435180664,scored,,1653,local_private_WBM_raw_structure_cache_not_distributed
wbm-1-15881,Eu1 F6 K1 Rb2,4|Eu-F,False,-5.504458999633789,scored,,1654,local_private_WBM_raw_structure_cache_not_distributed
wbm-1-15883,F6 Gd1 K1 Rb2,4|F-Gd,False,-6.110821151733399,scored,,1655,local_private_WBM_raw_structure_cache_not_distributed
wbm-1-15885,F6 Hf1 K1 Rb2,4|F-Hf,False,-5.677104949951172,scored,,1656,local_private_WBM_raw_structure_cache_not_distributed
wbm-1-15887,F6 Ho1 K1 Rb2,4|F-Ho,True,-5.216124725341797,scored,,1657,local_private_WBM_raw_structure_cache_not_distributed
wbm-1-16026,Au1 F6 Na1 Tl2,4|Au-F,False,-3.7378005981445312,scored,,1658,local_private_WBM_raw_structure_cache_not_distributed
wbm-1-16028,Ca1 F6 Na1 Rb2,4|Ca-F,False,-4.534181213378906,scored,,1659,local_private_WBM_raw_structure_cache_not_distributed
wbm-1-16030,Co1 F6 Na1 Tl2,4|Co-F,False,-4.3409770965576175,scored,,1660,local_private_WBM_raw_structure_cache_not_distributed
wbm-1-16031,Cr1 Cs2 F6 Na1,4|Cr-Cs,False,-5.037968444824219,scored,,1661,local_private_WBM_raw_structure_cache_not_distributed
wbm-1-16052,Cu1 F6 Na1 Tl2,4|Cu-F,False,-4.040070724487305,scored,,1662,local_private_WBM_raw_structure_cache_not_distributed
wbm-1-16065,F6 Ir1 Na1 Tl2,4|F-Ir,True,-4.477622604370117,scored,,1663,local_private_WBM_raw_structure_cache_not_distributed
wbm-1-16109,F6 Mn1 Na1 Tl2,4|F-Mn,False,-4.792376327514648,scored,,1664,local_private_WBM_raw_structure_cache_not_distributed
wbm-1-16111,F6 Na1 Ni1 Tl2,4|F-Na,False,-4.053322982788086,scored,,1665,local_private_WBM_raw_structure_cache_not_distributed
wbm-1-16124,F6 La1 Na1 Rb2,4|F-La,False,-5.227671813964844,scored,,1666,local_private_WBM_raw_structure_cache_not_distributed
wbm-1-16125,F6 Lu1 Na1 Rb2,4|F-Lu,True,-5.27673225402832,scored,,1667,local_private_WBM_raw_structure_cache_not_distributed
wbm-1-16165,F6 Nb1 Tl2,3|F-Nb,True,-5.371463775634766,scored,,1668,local_private_WBM_raw_structure_cache_not_distributed
wbm-1-16182,Br2 Cs1 F6 P1 Pb1,5|Br-Cs,False,-4.455793900923296,scored,,1669,local_private_WBM_raw_structure_cache_not_distributed
wbm-1-16183,Cl2 Cs1 F6 P1 Pb1,5|Cl-Cs,False,-4.546284415505149,scored,,1670,local_private_WBM_raw_structure_cache_not_distributed
wbm-1-16194,Cs1 F6 I2 In1 P1,5|Cs-F,False,-4.184475638649681,scored,,1671,local_private_WBM_raw_structure_cache_not_distributed
wbm-1-16196,F6 I2 K1 P1 Pb1,5|F-I,False,-4.29669224132191,scored,,1672,local_private_WBM_raw_structure_cache_not_distributed
wbm-1-16198,F6 P1 Pb1,3|F-P,False,-4.915294647216797,scored,,1673,local_private_WBM_raw_structure_cache_not_distributed
wbm-1-16242,F6 Rb2 Sn1 Tl1,4|F-Rb,False,-4.40440559387207,scored,,1674,local_private_WBM_raw_structure_cache_not_distributed
wbm-1-16317,F6 Ge1 Hg3 S2,4|F-Ge,True,-3.583388646443685,scored,,1675,local_private_WBM_raw_structure_cache_not_distributed
wbm-1-16321,F6 Sb1 Tl1,3|F-Sb,False,-4.519344329833984,scored,,1676,local_private_WBM_raw_structure_cache_not_distributed
wbm-1-16337,F6 Se1 Sn4,3|F-Se,False,-4.703909440474077,scored,,1677,local_private_WBM_raw_structure_cache_not_distributed
wbm-1-16342,F6 S1 Si4,3|F-S,False,-5.007981040261009,scored,,1678,local_private_WBM_raw_structure_cache_not_distributed
wbm-1-16356,Cd3 F6 S2 Si1,4|Cd-F,False,-4.253003120422363,scored,,1679,local_private_WBM_raw_structure_cache_not_distributed
wbm-1-16357,F6 S2 Si1 Zn3,4|F-S,False,-4.289989789326985,scored,,1680,local_private_WBM_raw_structure_cache_not_distributed
wbm-1-16358,F6 Hg3 Se2 Si1,4|F-Hg,True,-3.8406588236490884,scored,,1681,local_private_WBM_raw_structure_cache_not_distributed
wbm-1-16411,F6 Ti1 Yb1,3|F-Ti,True,-6.335566520690918,scored,,1682,local_private_WBM_raw_structure_cache_not_distributed
wbm-1-16424,F6 W1,2|F-W,False,-5.25538090297154,scored,,1683,local_private_WBM_raw_structure_cache_not_distributed
wbm-1-16443,F6 Ru1 Zn1,3|F-Ru,True,-4.656201362609863,scored,,1684,local_private_WBM_raw_structure_cache_not_distributed
wbm-1-16447,F6 Ta1 Zn1,3|F-Ta,False,-5.848106384277344,scored,,1685,local_private_WBM_raw_structure_cache_not_distributed
wbm-1-16448,F6 Tb1 Zn1,3|F-Tb,False,-4.976971626281738,scored,,1686,local_private_WBM_raw_structure_cache_not_distributed
wbm-1-16452,F6 Zn1 Zr1,3|F-Zn,False,-5.805009365081787,scored,,1687,local_private_WBM_raw_structure_cache_not_distributed
wbm-1-16650,As2 F2 Se4 Sr2,4|As-F,False,-4.649455261230469,scored,,1688,local_private_WBM_raw_structure_cache_not_distributed
wbm-1-16660,Br4 F4,2|Br-F,False,-2.2933406829833984,scored,,1689,local_private_WBM_raw_structure_cache_not_distributed
wbm-1-16703,Ba2 F2 Ni2 Se2,4|Ba-F,False,-5.098715305328369,scored,,1690,local_private_WBM_raw_structure_cache_not_distributed
wbm-1-16704,F2 Ni2 Se2 Sr2,4|F-Ni,False,-5.011534214019775,scored,,1691,local_private_WBM_raw_structure_cache_not_distributed
wbm-1-16710,F2 P2 Se4 Sr2,4|F-P,False,-4.666913223266602,scored,,1692,local_private_WBM_raw_structure_cache_not_distributed
wbm-1-16726,Bi2 F2 Se4 Sr2,4|Bi-F,False,-4.646762847900391,scored,,1693,local_private_WBM_raw_structure_cache_not_distributed
wbm-1-16785,F2 Sb2 Sr2 Te4,4|F-Sb,False,-4.3128807067871096,scored,,1694,local_private_WBM_raw_structure_cache_not_distributed
wbm-1-16802,Au2 Ba2 F2 Te2,4|Au-Ba,False,-4.463430881500244,scored,,1695,local_private_WBM_raw_structure_cache_not_distributed
wbm-1-16804,F4 Te4 Y4,3|F-Te,False,-6.3522294362386065,scored,,1696,local_private_WBM_raw_structure_cache_not_distributed
wbm-1-16806,Ba1 Fe11,2|Ba-Fe,False,-7.513444264729817,scored,,1697,local_private_WBM_raw_structure_cache_not_distributed
wbm-1-16807,Ag3 Fe2 La1,3|Ag-Fe,False,-4.8645782470703125,scored,,1698,local_private_WBM_raw_structure_cache_not_distributed
wbm-1-16812,Ag1 Fe2,2|Ag-Fe,False,-6.281467437744141,scored,,1699,local_private_WBM_raw_structure_cache_not_distributed
wbm-1-16817,As4 Fe4 La2,3|As-Fe,False,-6.850751495361328,scored,,1700,local_private_WBM_raw_structure_cache_not_distributed
wbm-1-16821,As1 Fe2,2|As-Fe,False,-7.023008982340495,scored,,1701,local_private_WBM_raw_structure_cache_not_distributed
wbm-1-16822,Au1 Fe2 Hg1,3|Au-Fe,False,-4.726367950439453,scored,,1702,local_private_WBM_raw_structure_cache_not_distributed
wbm-1-16824,Au1 Fe2,2|Au-Fe,False,-6.087180455525716,scored,,1703,local_private_WBM_raw_structure_cache_not_distributed
wbm-1-16828,Ba2 Fe4 Pb4,3|Ba-Fe,False,-4.938343048095703,scored,,1704,local_private_WBM_raw_structure_cache_not_distributed
wbm-1-16833,Bi2 Fe4,2|Bi-Fe,False,-6.522935231526692,scored,,1705,local_private_WBM_raw_structure_cache_not_distributed
wbm-1-16834,Br8 Fe2 Pd1,3|Br-Fe,True,-3.614500565962358,scored,,1706,local_private_WBM_raw_structure_cache_not_distributed
wbm-1-16836,Cd1 Fe2 Hf1,3|Cd-Fe,False,-6.913723945617676,scored,,1707,local_private_WBM_raw_structure_cache_not_distributed
wbm-1-16842,Cd1 Fe2,2|Cd-Fe,False,-5.666395823160808,scored,,1708,local_private_WBM_raw_structure_cache_not_distributed
wbm-1-16843,Ce1 Fe2 Pt3,3|Ce-Fe,False,-7.34336535135905,scored,,1709,local_private_WBM_raw_structure_cache_not_distributed
wbm-1-16845,Co1 Fe2 Ge1,3|Co-Fe,True,-7.297335624694824,scored,,1710,local_private_WBM_raw_structure_cache_not_distributed
wbm-1-16863,Cu1 Fe2 Ga1,3|Cu-Fe,False,-6.014867782592773,scored,,1711,local_private_WBM_raw_structure_cache_not_distributed
wbm-1-16874,Cu1 Fe2,2|Cu-Fe,False,-6.666951497395833,scored,,1712,local_private_WBM_raw_structure_cache_not_distributed
wbm-1-16881,Dy1 Fe2 Ta1,3|Dy-Fe,False,-8.258522987365723,scored,,1713,local_private_WBM_raw_structure_cache_not_distributed
wbm-1-16882,Er1 Fe2 Ta1,3|Er-Fe,False,-8.306971549987793,scored,,1714,local_private_WBM_raw_structure_cache_not_distributed
wbm-1-16883,Fe2 Ga2 La1,3|Fe-Ga,False,-5.793362808227539,scored,,1715,local_private_WBM_raw_structure_cache_not_distributed
wbm-1-16886,Fe2 Ga3,2|Fe-Ga,False,-5.411967849731445,scored,,1716,local_private_WBM_raw_structure_cache_not_distributed
wbm-1-16906,Fe4 Ge4 La2,3|Fe-Ge,False,-6.544383239746094,scored,,1717,local_private_WBM_raw_structure_cache_not_distributed
wbm-1-16918,Fe6 Ge3,2|Fe-Ge,False,-7.1854705810546875,scored,,1718,local_private_WBM_raw_structure_cache_not_distributed
wbm-1-16922,Fe2 Hf1 Pb1,3|Fe-Hf,False,-7.513040542602539,scored,,1719,local_private_WBM_raw_structure_cache_not_distributed
wbm-1-16925,Fe8 Hf4,2|Fe-Hf,False,-9.010346094767252,scored,,1720,local_private_WBM_raw_structure_cache_not_distributed
wbm-1-16926,Fe8 Hg4,2|Fe-Hg,False,-5.2814280192057295,scored,,1721,local_private_WBM_raw_structure_cache_not_distributed
wbm-1-16927,Fe2 Ho1 Ta1,3|Fe-Ho,False,-8.268205642700195,scored,,1722,local_private_WBM_raw_structure_cache_not_distributed
wbm-1-16929,Fe2 In3,2|Fe-In,False,-4.824539566040039,scored,,1723,local_private_WBM_raw_structure_cache_not_distributed
wbm-1-16935,Fe4 In2 La4,3|Fe-In,False,-5.82536506652832,scored,,1724,local_private_WBM_raw_structure_cache_not_distributed
wbm-1-16942,Fe4 La4 Pb2,3|Fe-La,False,-5.963997268676758,scored,,1725,local_private_WBM_raw_structure_cache_not_distributed
wbm-1-16944,Fe2 La1,2|Fe-La,False,-7.094449361165364,scored,,1726,local_private_WBM_raw_structure_cache_not_distributed
wbm-1-16947,Fe2 Lu1 Ta1,3|Fe-Lu,False,-8.366538047790527,scored,,1727,local_private_WBM_raw_structure_cache_not_distributed
wbm-1-16949,Fe2 Ir1 Mo1,3|Fe-Ir,False,-9.121005058288574,scored,,1728,local_private_WBM_raw_structure_cache_not_distributed
wbm-1-16950,Fe2 Mo1 Os1,3|Fe-Mo,False,-9.527353286743164,scored,,1729,local_private_WBM_raw_structure_cache_not_distributed
wbm-1-16954,Fe2 Mo1,2|Fe-Mo,False,-9.128620147705078,scored,,1730,local_private_WBM_raw_structure_cache_not_distributed
wbm-1-16955,Fe4 Nb6,2|Fe-Nb,False,-9.41302947998047,scored,,1731,local_private_WBM_raw_structure_cache_not_distributed
wbm-1-16959,Fe2 Nb1 Ta1,3|Fe-Nb,False,-9.788976669311523,scored,,1732,local_private_WBM_raw_structure_cache_not_distributed
wbm-1-16962,Fe2 Nd1 Ta1,3|Fe-Nd,False,-8.118767738342285,scored,,1733,local_private_WBM_raw_structure_cache_not_distributed
wbm-1-16972,Fe2 Ni1 Re1,3|Fe-Ni,False,-8.725765228271484,scored,,1734,local_private_WBM_raw_structure_cache_not_distributed
wbm-1-16982,Fe2 Os1,2|Fe-Os,False,-9.27212651570638,scored,,1735,local_private_WBM_raw_structure_cache_not_distributed
wbm-1-16984,Bi2 Fe4 Pb2,3|Bi-Fe,False,-5.633151531219482,scored,,1736,local_private_WBM_raw_structure_cache_not_distributed
wbm-1-16985,Fe2 Pb1,2|Fe-Pb,False,-5.678590774536133,scored,,1737,local_private_WBM_raw_structure_cache_not_distributed
wbm-1-16986,Fe4 Pd6,2|Fe-Pd,False,-6.498451232910156,scored,,1738,local_private_WBM_raw_structure_cache_not_distributed
wbm-1-16988,Fe2 I8 Pd1,3|Fe-I,True,-3.3173696344549004,scored,,1739,local_private_WBM_raw_structure_cache_not_distributed
wbm-1-16990,Fe2 Pd1 Pt1,3|Fe-Pd,False,-7.011809349060059,scored,,1740,local_private_WBM_raw_structure_cache_not_distributed
wbm-1-16994,Fe2 Pr1 Ta1,3|Fe-Pr,False,-8.05754280090332,scored,,1741,local_private_WBM_raw_structure_cache_not_distributed
wbm-1-16995,Fe4 Pt2,2|Fe-Pt,False,-7.476900736490886,scored,,1742,local_private_WBM_raw_structure_cache_not_distributed
wbm-1-16998,Fe2 Os1 Re1,3|Fe-Os,False,-10.043025016784668,scored,,1743,local_private_WBM_raw_structure_cache_not_distributed
wbm-1-16999,Fe2 Pt1 Re1,3|Fe-Pt,False,-8.840808868408203,scored,,1744,local_private_WBM_raw_structure_cache_not_distributed
wbm-1-17000,Fe2 Re1,2|Fe-Re,False,-9.807669957478842,scored,,1745,local_private_WBM_raw_structure_cache_not_distributed
wbm-1-17007,Fe2 Re1 Rh1,3|Fe-Re,False,-9.098551750183105,scored,,1746,local_private_WBM_raw_structure_cache_not_distributed
wbm-1-17008,Fe2 Rh1,2|Fe-Rh,True,-8.091011047363281,scored,,1747,local_private_WBM_raw_structure_cache_not_distributed
wbm-1-17014,Fe2 Rh1 Ru1,3|Fe-Rh,False,-8.249582290649414,scored,,1748,local_private_WBM_raw_structure_cache_not_distributed
wbm-1-17015,Fe2 Ru1,2|Fe-Ru,False,-8.593437194824219,scored,,1749,local_private_WBM_raw_structure_cache_not_distributed
wbm-1-17019,Fe4 Sb4 Tl2,3|Fe-Sb,False,-5.260139083862304,scored,,1750,local_private_WBM_raw_structure_cache_not_distributed
wbm-1-17023,Fe8 Sb4,2|Fe-Sb,False,-6.821523030598958,scored,,1751,local_private_WBM_raw_structure_cache_not_distributed
wbm-1-17025,Fe4 Se4 Te2,3|Fe-Se,False,-5.453900909423828,scored,,1752,local_private_WBM_raw_structure_cache_not_distributed
wbm-1-17027,Cs2 Fe4 Se6,3|Cs-Fe,False,-4.990386962890625,scored,,1753,local_private_WBM_raw_structure_cache_not_distributed
wbm-1-17028,Fe4 Rb2 Se6,3|Fe-Rb,False,-5.000646273295085,scored,,1754,local_private_WBM_raw_structure_cache_not_distributed
wbm-1-17030,Fe4 Se6,2|Fe-Se,False,-5.572542953491211,scored,,1755,local_private_WBM_raw_structure_cache_not_distributed
wbm-1-17032,Fe2 Hg1 Se4,3|Fe-Hg,False,-4.513217381068638,scored,,1756,local_private_WBM_raw_structure_cache_not_distributed
wbm-1-17036,Fe4 Sn6,2|Fe-Sn,False,-5.691979598999024,scored,,1757,local_private_WBM_raw_structure_cache_not_distributed
wbm-1-17043,Fe2 Gd1 Sn1,3|Fe-Gd,False,-8.66971206665039,scored,,1758,local_private_WBM_raw_structure_cache_not_distributed
wbm-1-17047,Fe2 Pu1 Sn1,3|Fe-Pu,False,-8.383699417114258,scored,,1759,local_private_WBM_raw_structure_cache_not_distributed
wbm-1-17049,Fe2 Sn1 Th1,3|Fe-Sn,False,-7.069895267486572,scored,,1760,local_private_WBM_raw_structure_cache_not_distributed
wbm-1-17058,Ac1 Fe2 Sr1,3|Ac-Fe,False,-4.919216632843018,scored,,1761,local_private_WBM_raw_structure_cache_not_distributed
wbm-1-17065,Fe2 Sr1 Te4,3|Fe-Sr,False,-4.796928950718471,scored,,1762,local_private_WBM_raw_structure_cache_not_distributed
wbm-1-17066,Fe2 Sr1,2|Fe-Sr,False,-5.674200057983398,scored,,1763,local_private_WBM_raw_structure_cache_not_distributed
wbm-1-17070,Fe4 Ta6,2|Fe-Ta,False,-10.6254638671875,scored,,1764,local_private_WBM_raw_structure_cache_not_distributed
wbm-1-17072,Fe2 Ta1 Th1,3|Fe-Ta,False,-8.981236457824707,scored,,1765,local_private_WBM_raw_structure_cache_not_distributed
wbm-1-17083,Fe4 Te6 Tl2,3|Fe-Te,False,-4.653001149495442,scored,,1766,local_private_WBM_raw_structure_cache_not_distributed
wbm-1-17084,Fe4 Te6,2|Fe-Te,False,-5.270455932617187,scored,,1767,local_private_WBM_raw_structure_cache_not_distributed
wbm-1-17092,Fe2 Pb1 Tl1,3|Fe-Pb,False,-4.880679130554199,scored,,1768,local_private_WBM_raw_structure_cache_not_distributed
wbm-1-17093,Fe6 Tl3,2|Fe-Tl,False,-5.749438815646702,scored,,1769,local_private_WBM_raw_structure_cache_not_distributed
wbm-1-17097,Fe6 W3,2|Fe-W,False,-9.849507649739584,scored,,1770,local_private_WBM_raw_structure_cache_not_distributed
wbm-1-17111,Fe2 Y1,2|Fe-Y,False,-7.713438669840495,scored,,1771,local_private_WBM_raw_structure_cache_not_distributed
wbm-1-17128,Fe2 Zn1,2|Fe-Zn,False,-6.05093510945638,scored,,1772,local_private_WBM_raw_structure_cache_not_distributed
wbm-1-17129,Fe2 Y1 Zn1,3|Fe-Y,False,-5.9699387550354,scored,,1773,local_private_WBM_raw_structure_cache_not_distributed
wbm-1-17130,Fe2 Zn1 Zr1,3|Fe-Zn,False,-6.814079284667969,scored,,1774,local_private_WBM_raw_structure_cache_not_distributed
wbm-1-17133,Fe4 Zr6,2|Fe-Zr,False,-8.668787384033203,scored,,1775,local_private_WBM_raw_structure_cache_not_distributed
wbm-1-17143,Fe2 W1 Zr1,3|Fe-W,False,-9.616657257080078,scored,,1776,local_private_WBM_raw_structure_cache_not_distributed
wbm-1-17148,Ac2 Fe6,2|Ac-Fe,False,-7.142224311828613,scored,,1777,local_private_WBM_raw_structure_cache_not_distributed
wbm-1-17163,Ce3 Fe9,2|Ce-Fe,False,-7.823851267496745,scored,,1778,local_private_WBM_raw_structure_cache_not_distributed
wbm-1-17165,Co1 Fe3,2|Co-Fe,False,-8.040787696838379,scored,,1779,local_private_WBM_raw_structure_cache_not_distributed
wbm-1-17195,Fe3 Ir1,2|Fe-Ir,False,-8.578717231750488,scored,,1780,local_private_WBM_raw_structure_cache_not_distributed
wbm-1-17209,Fe3 Ni2,2|Fe-Ni,False,-7.025167083740234,scored,,1781,local_private_WBM_raw_structure_cache_not_distributed
wbm-1-17211,Fe3 Ge2 Ni1 Y3,4|Fe-Ge,False,-6.9664938184950085,scored,,1782,local_private_WBM_raw_structure_cache_not_distributed
wbm-1-17232,Fe3 Pu1,2|Fe-Pu,False,-9.527164459228516,scored,,1783,local_private_WBM_raw_structure_cache_not_distributed
wbm-1-17233,Fe9 Rb3,2|Fe-Rb,False,-5.765307744344075,scored,,1784,local_private_WBM_raw_structure_cache_not_distributed
wbm-1-17267,Fe3 Tc1,2|Fe-Tc,False,-8.836252212524414,scored,,1785,local_private_WBM_raw_structure_cache_not_distributed
wbm-1-17454,Br6 Fe2,2|Br-Fe,False,-3.7321717739105225,scored,,1786,local_private_WBM_raw_structure_cache_not_distributed
wbm-1-17457,Br4 Fe1 I2 Rb2,4|Br-Fe,False,-3.146392822265625,scored,,1787,local_private_WBM_raw_structure_cache_not_distributed
wbm-1-17487,Co1 Fe1 Ga1 Hf1,4|Co-Fe,False,-7.542227745056152,scored,,1788,local_private_WBM_raw_structure_cache_not_distributed
wbm-1-17498,Cu2 Fe1 Ge1 Te4,4|Cu-Fe,False,-4.242403984069824,scored,,1789,local_private_WBM_raw_structure_cache_not_distributed
wbm-1-17606,Eu1 Fe1 Ge3,3|Eu-Fe,True,-6.902720642089844,scored,,1790,local_private_WBM_raw_structure_cache_not_distributed
wbm-1-17674,Fe2 I4,2|Fe-I,False,-3.6623636881510415,scored,,1791,local_private_WBM_raw_structure_cache_not_distributed
wbm-1-17883,Fe1 Ru2 Sb1,3|Fe-Ru,False,-7.721775531768799,scored,,1792,local_private_WBM_raw_structure_cache_not_distributed
wbm-1-18016,Fe2 Tb6,2|Fe-Tb,False,-5.527029991149902,scored,,1793,local_private_WBM_raw_structure_cache_not_distributed
wbm-1-18020,Fe1 Tc2 W1,3|Fe-Tc,False,-10.446013450622559,scored,,1794,local_private_WBM_raw_structure_cache_not_distributed
wbm-1-18030,Fe1 Tb2 Tc1,3|Fe-Tb,False,-6.878289699554443,scored,,1795,local_private_WBM_raw_structure_cache_not_distributed
wbm-1-18049,Fe1 Sm6 Te2,3|Fe-Sm,False,-5.385810004340278,scored,,1796,local_private_WBM_raw_structure_cache_not_distributed
wbm-1-18064,Cs2 Fe2 La2 Te6,4|Cs-Fe,False,-4.890603383382161,scored,,1797,local_private_WBM_raw_structure_cache_not_distributed
wbm-1-18086,Fe2 Tm4,2|Fe-Tm,False,-5.77694829305013,scored,,1798,local_private_WBM_raw_structure_cache_not_distributed
wbm-1-18088,Fe2 U6,2|Fe-U,False,-10.631647109985352,scored,,1799,local_private_WBM_raw_structure_cache_not_distributed
wbm-1-18132,Fe3 Tl3 Y3,3|Fe-Tl,False,-5.726159413655599,scored,,1800,local_private_WBM_raw_structure_cache_not_distributed
wbm-1-18198,Ag3 Ga2 La1,3|Ag-Ga,False,-3.5360234578450522,scored,,1801,local_private_WBM_raw_structure_cache_not_distributed
wbm-1-18199,Ag2 Ga4,2|Ag-Ga,False,-2.9366467793782554,scored,,1802,local_private_WBM_raw_structure_cache_not_distributed
wbm-1-18201,As1 Ga2 Sb1,3|As-Ga,False,-3.923358678817749,scored,,1803,local_private_WBM_raw_structure_cache_not_distributed
wbm-1-18202,Au3 Ga2,2|Au-Ga,False,-3.3542457580566407,scored,,1804,local_private_WBM_raw_structure_cache_not_distributed
wbm-1-18205,Ba2 Ga4 Ir2,3|Ba-Ga,True,-4.7903289794921875,scored,,1805,local_private_WBM_raw_structure_cache_not_distributed
wbm-1-18207,Ba2 Ga4,2|Ba-Ga,False,-3.0636399586995444,scored,,1806,local_private_WBM_raw_structure_cache_not_distributed
wbm-1-18209,Bi1 Ga2,2|Bi-Ga,False,-3.2040815353393555,scored,,1807,local_private_WBM_raw_structure_cache_not_distributed
wbm-1-18212,Br8 Ga2 Ir1,3|Br-Ga,False,-3.1236100630326704,scored,,1808,local_private_WBM_raw_structure_cache_not_distributed
wbm-1-18217,Cd1 Ga2 Sn1 Te4,4|Cd-Ga,False,-3.0655789375305176,scored,,1809,local_private_WBM_raw_structure_cache_not_distributed
wbm-1-18218,Cd1 Ga2 Te4,3|Cd-Ga,False,-3.1627886635916576,scored,,1810,local_private_WBM_raw_structure_cache_not_distributed
wbm-1-18219,Cd2 Ga4,2|Cd-Ga,False,-2.228651841481527,scored,,1811,local_private_WBM_raw_structure_cache_not_distributed
wbm-1-18220,Ce6 Ga4,2|Ce-Ga,False,-5.125469970703125,scored,,1812,local_private_WBM_raw_structure_cache_not_distributed
wbm-1-18221,Ce1 Ga2 Pt3,3|Ce-Ga,True,-5.8768049875895185,scored,,1813,local_private_WBM_raw_structure_cache_not_distributed
wbm-1-18225,Dy4 Ga8,2|Dy-Ga,False,-4.0662587483723955,scored,,1814,local_private_WBM_raw_structure_cache_not_distributed
wbm-1-18228,Er4 Ga8,2|Er-Ga,False,-4.056586583455403,scored,,1815,local_private_WBM_raw_structure_cache_not_distributed
wbm-1-18232,Ga8 Gd4,2|Ga-Gd,False,-7.223485946655273,scored,,1816,local_private_WBM_raw_structure_cache_not_distributed
wbm-1-18237,Ga2 Ge2 Sr3,3|Ga-Ge,True,-3.4986204419817244,scored,,1817,local_private_WBM_raw_structure_cache_not_distributed
wbm-1-18241,Ga2 Ge1 Hg1 Te4,4|Ga-Ge,False,-2.962212085723877,scored,,1818,local_private_WBM_raw_structure_cache_not_distributed
wbm-1-18242,Ga4 Hf6,2|Ga-Hf,False,-7.652445220947266,scored,,1819,local_private_WBM_raw_structure_cache_not_distributed
wbm-1-18246,Ga8 Ho4,2|Ga-Ho,False,-4.061108907063802,scored,,1820,local_private_WBM_raw_structure_cache_not_distributed
wbm-1-18249,Au1 Ga2 I8,3|Au-Ga,True,-2.353321075439453,scored,,1821,local_private_WBM_raw_structure_cache_not_distributed
wbm-1-18250,Ga2 I8 Ir1,3|Ga-I,False,-2.781966122713956,scored,,1822,local_private_WBM_raw_structure_cache_not_distributed
wbm-1-18253,Ga2 In2 La1,3|Ga-In,False,-3.7159679412841795,scored,,1823,local_private_WBM_raw_structure_cache_not_distributed
wbm-1-18254,Ga4 In2,2|Ga-In,False,-2.8711980183919272,scored,,1824,local_private_WBM_raw_structure_cache_not_distributed
wbm-1-18257,Ga2 Ir1 Pt1,3|Ga-Ir,False,-5.659875869750977,scored,,1825,local_private_WBM_raw_structure_cache_not_distributed
wbm-1-18258,Ga2 Ir1,2|Ga-Ir,False,-5.400547027587891,scored,,1826,local_private_WBM_raw_structure_cache_not_distributed
wbm-1-18261,Ga2 La3 Pt4,3|Ga-La,False,-6.03626463148329,scored,,1827,local_private_WBM_raw_structure_cache_not_distributed
wbm-1-18263,Ga4 La2,2|Ga-La,False,-4.260911305745442,scored,,1828,local_private_WBM_raw_structure_cache_not_distributed
wbm-1-18266,Ga8 Lu4,2|Ga-Lu,False,-4.033028920491536,scored,,1829,local_private_WBM_raw_structure_cache_not_distributed
wbm-1-18270,Ga2 Nb1 Ru1,3|Ga-Nb,False,-6.605912685394287,scored,,1830,local_private_WBM_raw_structure_cache_not_distributed
wbm-1-18271,Ga8 Nb4,2|Ga-Nb,False,-5.6905778249104815,scored,,1831,local_private_WBM_raw_structure_cache_not_distributed
wbm-1-18274,Ga4 Nd2,2|Ga-Nd,False,-4.100152969360352,scored,,1832,local_private_WBM_raw_structure_cache_not_distributed
wbm-1-18276,Ga2 Os1,2|Ga-Os,False,-5.833632151285808,scored,,1833,local_private_WBM_raw_structure_cache_not_distributed
wbm-1-18279,Ga20 Hf10 Pd10,3|Ga-Hf,False,-5.918693161010742,scored,,1834,local_private_WBM_raw_structure_cache_not_distributed
wbm-1-18282,Ga4 Pd2,2|Ga-Pd,False,-4.190852165222168,scored,,1835,local_private_WBM_raw_structure_cache_not_distributed
wbm-1-18286,Ga4 Pr2,2|Ga-Pr,False,-4.219491322835286,scored,,1836,local_private_WBM_raw_structure_cache_not_distributed
wbm-1-18287,Ga4 Pt2,2|Ga-Pt,False,-4.520869255065918,scored,,1837,local_private_WBM_raw_structure_cache_not_distributed
wbm-1-18289,Ga8 Pu4,2|Ga-Pu,False,-6.665597915649414,scored,,1838,local_private_WBM_raw_structure_cache_not_distributed
wbm-1-18291,Bi1 Ga2 Rb1,3|Bi-Ga,False,-2.7351303100585938,scored,,1839,local_private_WBM_raw_structure_cache_not_distributed
wbm-1-18292,Ga4 Re2,2|Ga-Re,False,-6.104920705159505,scored,,1840,local_private_WBM_raw_structure_cache_not_distributed
wbm-1-18298,Ga2 Os1 Rh1,3|Ga-Os,False,-6.518143653869629,scored,,1841,local_private_WBM_raw_structure_cache_not_distributed
wbm-1-18299,Ga2 Pd1 Rh1,3|Ga-Pd,False,-5.279341220855713,scored,,1842,local_private_WBM_raw_structure_cache_not_distributed
wbm-1-18300,Ga2 Pt1 Rh1,3|Ga-Pt,False,-5.464025497436523,scored,,1843,local_private_WBM_raw_structure_cache_not_distributed
wbm-1-18301,Ga2 Rh1,2|Ga-Rh,False,-5.016193707784017,scored,,1844,local_private_WBM_raw_structure_cache_not_distributed
wbm-1-18305,Dy1 Ga2 Ru1,3|Dy-Ga,False,-5.504652500152588,scored,,1845,local_private_WBM_raw_structure_cache_not_distributed
wbm-1-18306,Er1 Ga2 Ru1,3|Er-Ga,False,-5.514612674713135,scored,,1846,local_private_WBM_raw_structure_cache_not_distributed
wbm-1-18307,Eu1 Ga2 Ru1,3|Eu-Ga,False,-6.685904026031494,scored,,1847,local_private_WBM_raw_structure_cache_not_distributed
wbm-1-18309,Ga2 Ho1 Ru1,3|Ga-Ho,False,-5.509138107299805,scored,,1848,local_private_WBM_raw_structure_cache_not_distributed
wbm-1-18313,Ga2 Lu1 Ru1,3|Ga-Lu,False,-5.505281925201416,scored,,1849,local_private_WBM_raw_structure_cache_not_distributed
wbm-1-18314,Ga2 Nd1 Ru1,3|Ga-Nd,False,-5.473752975463867,scored,,1850,local_private_WBM_raw_structure_cache_not_distributed
wbm-1-18316,Ga2 Pr1 Ru1,3|Ga-Pr,False,-5.436005592346191,scored,,1851,local_private_WBM_raw_structure_cache_not_distributed
wbm-1-18318,Ga2 Pu1 Ru1,3|Ga-Pu,False,-7.274588584899902,scored,,1852,local_private_WBM_raw_structure_cache_not_distributed
wbm-1-18319,Ga2 Ru1 Sm1,3|Ga-Ru,False,-5.4899444580078125,scored,,1853,local_private_WBM_raw_structure_cache_not_distributed
wbm-1-18323,Ga2 Ru1,2|Ga-Ru,False,-5.406801223754883,scored,,1854,local_private_WBM_raw_structure_cache_not_distributed
wbm-1-18328,Ga4 Se6,2|Ga-Se,False,-3.885194778442383,scored,,1855,local_private_WBM_raw_structure_cache_not_distributed
wbm-1-18336,Ga2 Se4 Sr1,3|Ga-Se,False,-4.153755732945034,scored,,1856,local_private_WBM_raw_structure_cache_not_distributed
wbm-1-18338,Ga4 Sm2,2|Ga-Sm,False,-4.096453348795573,scored,,1857,local_private_WBM_raw_structure_cache_not_distributed
wbm-1-18341,Ga2 Hg1 Sn1 Te4,4|Ga-Hg,False,-2.9100899696350098,scored,,1858,local_private_WBM_raw_structure_cache_not_distributed
wbm-1-18342,Ga2 Sn2 Sr3,3|Ga-Sn,True,-3.3434835161481584,scored,,1859,local_private_WBM_raw_structure_cache_not_distributed
wbm-1-18345,Ga2 Hg2 Sr1,3|Ga-Hg,False,-2.000505256652832,scored,,1860,local_private_WBM_raw_structure_cache_not_distributed
wbm-1-18351,Ga4 Rh4 Sr2,3|Ga-Rh,False,-5.142681503295899,scored,,1861,local_private_WBM_raw_structure_cache_not_distributed
wbm-1-18353,Ga2 Sr1 Te4,3|Ga-Sr,False,-3.5923233032226562,scored,,1862,local_private_WBM_raw_structure_cache_not_distributed
wbm-1-18354,Ga4 Sr2,2|Ga-Sr,False,-2.9790566762288413,scored,,1863,local_private_WBM_raw_structure_cache_not_distributed
wbm-1-18356,Ga8 Ta4,2|Ga-Ta,False,-6.141491572062175,scored,,1864,local_private_WBM_raw_structure_cache_not_distributed
wbm-1-18358,Ga4 Tb6,2|Ga-Tb,False,-4.528470993041992,scored,,1865,local_private_WBM_raw_structure_cache_not_distributed
wbm-1-18362,Ga4 Te6,2|Ga-Te,False,-3.3906105041503904,scored,,1866,local_private_WBM_raw_structure_cache_not_distributed
wbm-1-18365,Ga8 Th4,2|Ga-Th,False,-4.951281865437825,scored,,1867,local_private_WBM_raw_structure_cache_not_distributed
wbm-1-18367,Ga4 Tm6,2|Ga-Tm,False,-4.421720886230469,scored,,1868,local_private_WBM_raw_structure_cache_not_distributed
wbm-1-18371,Ga4 U6,2|Ga-U,False,-7.735771942138672,scored,,1869,local_private_WBM_raw_structure_cache_not_distributed
wbm-1-18375,Ga6 W3,2|Ga-W,False,-6.2238718668619795,scored,,1870,local_private_WBM_raw_structure_cache_not_distributed
wbm-1-18376,Ga4 Y6,2|Ga-Y,False,-5.6493476867675785,scored,,1871,local_private_WBM_raw_structure_cache_not_distributed
wbm-1-18377,Ga4 Yb2,2|Ga-Yb,False,-2.9546213150024414,scored,,1872,local_private_WBM_raw_structure_cache_not_distributed
wbm-1-18389,Ga8 Zr4,2|Ga-Zr,False,-5.441277186075847,scored,,1873,local_private_WBM_raw_structure_cache_not_distributed
wbm-1-18407,Cs4 Ga6,2|Cs-Ga,False,-2.303197479248047,scored,,1874,local_private_WBM_raw_structure_cache_not_distributed
wbm-1-18419,Ga3 Hg1,2|Ga-Hg,False,-2.263242244720459,scored,,1875,local_private_WBM_raw_structure_cache_not_distributed
wbm-1-18438,Ga6 Np2,2|Ga-Np,False,-5.6505231857299805,scored,,1876,local_private_WBM_raw_structure_cache_not_distributed
wbm-1-18439,Ga6 Pb2,2|Ga-Pb,False,-3.1562483310699463,scored,,1877,local_private_WBM_raw_structure_cache_not_distributed
wbm-1-18446,Ga3 Np1 Pd2,3|Ga-Np,False,-5.793792724609375,scored,,1878,local_private_WBM_raw_structure_cache_not_distributed
wbm-1-18460,Ga6 Rb4,2|Ga-Rb,False,-2.346373748779297,scored,,1879,local_private_WBM_raw_structure_cache_not_distributed
wbm-1-18470,Ga6 Sb2 Te4,3|Ga-Sb,False,-3.380784352620443,scored,,1880,local_private_WBM_raw_structure_cache_not_distributed
wbm-1-18471,Ga3 Sb1,2|Ga-Sb,False,-3.225196123123169,scored,,1881,local_private_WBM_raw_structure_cache_not_distributed
wbm-1-18519,Ga4 Y1 Zr2,3|Ga-Y,False,-5.690126691545759,scored,,1882,local_private_WBM_raw_structure_cache_not_distributed
wbm-1-18529,Ga10 Mo2,2|Ga-Mo,False,-4.399628639221191,scored,,1883,local_private_WBM_raw_structure_cache_not_distributed
wbm-1-18537,Ga5 Pb1 Sr5,3|Ga-Pb,False,-2.9222821322354404,scored,,1884,local_private_WBM_raw_structure_cache_not_distributed
wbm-1-18550,Ga6 Gd1 Pd1,3|Ga-Gd,False,-5.145153045654297,scored,,1885,local_private_WBM_raw_structure_cache_not_distributed
wbm-1-18633,Br3 Dy3 Ga1,3|Br-Dy,False,-4.463074002947126,scored,,1886,local_private_WBM_raw_structure_cache_not_distributed
wbm-1-18651,Br6 Ga2,2|Br-Ga,False,-2.730851173400879,scored,,1887,local_private_WBM_raw_structure_cache_not_distributed
wbm-1-18711,Eu3 Ga1,2|Eu-Ga,False,-8.595802307128906,scored,,1888,local_private_WBM_raw_structure_cache_not_distributed
wbm-1-18753,Ac1 Ga1 Hg2,3|Ac-Ga,False,-2.3291914463043213,scored,,1889,local_private_WBM_raw_structure_cache_not_distributed
wbm-1-18767,Cs1 Ga1 I3,3|Cs-Ga,False,-2.5719989776611327,scored,,1890,local_private_WBM_raw_structure_cache_not_distributed
wbm-1-18797,Ga1 I1,2|Ga-I,False,-2.4943840503692627,scored,,1891,local_private_WBM_raw_structure_cache_not_distributed
wbm-1-18821,Ga1 Mo1 Tc2,3|Ga-Mo,True,-8.812776565551758,scored,,1892,local_private_WBM_raw_structure_cache_not_distributed
wbm-1-18916,Ga2 Rb2 Te4,3|Ga-Rb,True,-3.255105972290039,scored,,1893,local_private_WBM_raw_structure_cache_not_distributed
wbm-1-19035,Ga1 Sn1,2|Ga-Sn,False,-3.4444732666015625,scored,,1894,local_private_WBM_raw_structure_cache_not_distributed
wbm-1-19053,Ga1 Re2 Ta1,3|Ga-Re,False,-9.961915016174316,scored,,1895,local_private_WBM_raw_structure_cache_not_distributed
wbm-1-19065,Ga1 Tc2,2|Ga-Tc,True,-7.979626337687175,scored,,1896,local_private_WBM_raw_structure_cache_not_distributed
wbm-1-19077,Ga1 Sm2 Tc1,3|Ga-Sm,False,-5.833282470703125,scored,,1897,local_private_WBM_raw_structure_cache_not_distributed
wbm-1-19078,Ga1 Tb2 Tc1,3|Ga-Tb,False,-5.854511260986328,scored,,1898,local_private_WBM_raw_structure_cache_not_distributed
wbm-1-19079,Ga1 Tc1 Th2,3|Ga-Tc,False,-7.308793067932129,scored,,1899,local_private_WBM_raw_structure_cache_not_distributed
wbm-1-19099,Ga1 Ta1 Te2,3|Ga-Ta,False,-4.993346214294434,scored,,1900,local_private_WBM_raw_structure_cache_not_distributed
wbm-1-19101,Ga1 Te2 Tm1,3|Ga-Te,False,-4.123600482940674,scored,,1901,local_private_WBM_raw_structure_cache_not_distributed
wbm-1-19203,Au4 Gd8,2|Au-Gd,True,-11.076370239257812,scored,,1902,local_private_WBM_raw_structure_cache_not_distributed
wbm-1-19204,Gd2 Hg1,2|Gd-Hg,True,-9.781027475992838,scored,,1903,local_private_WBM_raw_structure_cache_not_distributed
wbm-1-19206,Gd8 Pt4,2|Gd-Pt,True,-12.288012186686197,scored,,1904,local_private_WBM_raw_structure_cache_not_distributed
wbm-1-19207,Gd2 Ir1 Re1,3|Gd-Ir,False,-12.4456787109375,scored,,1905,local_private_WBM_raw_structure_cache_not_distributed
wbm-1-19208,Gd2 Tl1,2|Gd-Tl,False,-10.435642878214518,scored,,1906,local_private_WBM_raw_structure_cache_not_distributed
wbm-1-19209,Bi1 Gd3,2|Bi-Gd,False,-11.899721145629883,scored,,1907,local_private_WBM_raw_structure_cache_not_distributed
wbm-1-19210,Gd6 Pb2,2|Gd-Pb,False,-11.800615310668945,scored,,1908,local_private_WBM_raw_structure_cache_not_distributed
wbm-1-19215,Ac6 Gd2,2|Ac-Gd,False,-6.53117036819458,scored,,1909,local_private_WBM_raw_structure_cache_not_distributed
wbm-1-19217,Gd1 Hf1 Ir2,3|Gd-Hf,True,-11.185037612915039,scored,,1910,local_private_WBM_raw_structure_cache_not_distributed
wbm-1-19218,Gd1 Hg2 Tl1,3|Gd-Hg,False,-4.580723285675049,scored,,1911,local_private_WBM_raw_structure_cache_not_distributed
wbm-1-19220,Gd1 Ir5,2|Gd-Ir,False,-10.023385365804037,scored,,1912,local_private_WBM_raw_structure_cache_not_distributed
wbm-1-19224,Gd2 Os4,2|Gd-Os,False,-12.389036814371744,scored,,1913,local_private_WBM_raw_structure_cache_not_distributed
wbm-1-19227,Gd1 Re2 Ta1,3|Gd-Re,False,-12.70954704284668,scored,,1914,local_private_WBM_raw_structure_cache_not_distributed
wbm-1-19231,Ag2 Ge2 Yb1,3|Ag-Ge,True,-3.625290298461914,scored,,1915,local_private_WBM_raw_structure_cache_not_distributed
wbm-1-19233,As2 Ge2 Se5,3|As-Ge,False,-4.15261967976888,scored,,1916,local_private_WBM_raw_structure_cache_not_distributed
wbm-1-19235,Au6 Ge4,2|Au-Ge,False,-3.785723114013672,scored,,1917,local_private_WBM_raw_structure_cache_not_distributed
wbm-1-19239,Ba2 Ge4 Ir4,3|Ba-Ge,True,-6.364423370361328,scored,,1918,local_private_WBM_raw_structure_cache_not_distributed
wbm-1-19244,Ba1 Ge2,2|Ba-Ge,False,-4.200191179911296,scored,,1919,local_private_WBM_raw_structure_cache_not_distributed
wbm-1-19251,Ce6 Ge4,2|Ce-Ge,False,-6.037801361083984,scored,,1920,local_private_WBM_raw_structure_cache_not_distributed
wbm-1-19253,Ce1 Ge2 Ir2,3|Ce-Ge,False,-7.320950317382812,scored,,1921,local_private_WBM_raw_structure_cache_not_distributed
wbm-1-19261,Dy6 Ge4,2|Dy-Ge,False,-5.406346130371094,scored,,1922,local_private_WBM_raw_structure_cache_not_distributed
wbm-1-19262,Dy1 Ge2 Ir3,3|Dy-Ge,False,-7.339914957682292,scored,,1923,local_private_WBM_raw_structure_cache_not_distributed
wbm-1-19267,Er6 Ge4,2|Er-Ge,False,-5.376694107055664,scored,,1924,local_private_WBM_raw_structure_cache_not_distributed
wbm-1-19268,Er1 Ge2 Ir3,3|Er-Ge,False,-7.333688100179036,scored,,1925,local_private_WBM_raw_structure_cache_not_distributed
wbm-1-19273,Eu1 Ge2 Ir3,3|Eu-Ge,False,-8.268140157063803,scored,,1926,local_private_WBM_raw_structure_cache_not_distributed
wbm-1-19276,Gd2 Ge4 Pt4,3|Gd-Ge,True,-7.972683715820312,scored,,1927,local_private_WBM_raw_structure_cache_not_distributed
wbm-1-19280,Ge6 Hf3,2|Ge-Hf,False,-6.84953138563368,scored,,1928,local_private_WBM_raw_structure_cache_not_distributed
wbm-1-19282,Ge4 Ho6,2|Ge-Ho,False,-5.391306304931641,scored,,1929,local_private_WBM_raw_structure_cache_not_distributed
wbm-1-19283,Ge2 Ho1 Ir3,3|Ge-Ho,False,-7.34010124206543,scored,,1930,local_private_WBM_raw_structure_cache_not_distributed
wbm-1-19292,Ge4 In2 Lu4,3|Ge-In,False,-4.843064498901367,scored,,1931,local_private_WBM_raw_structure_cache_not_distributed
wbm-1-19296,Ge4 In2,2|Ge-In,False,-3.7720209757486978,scored,,1932,local_private_WBM_raw_structure_cache_not_distributed
wbm-1-19297,Ge2 Ir3 Th1,3|Ge-Ir,False,-7.843467712402344,scored,,1933,local_private_WBM_raw_structure_cache_not_distributed
wbm-1-19299,Ge4 Ir6,2|Ge-Ir,False,-7.378048706054687,scored,,1934,local_private_WBM_raw_structure_cache_not_distributed
wbm-1-19304,Ge4 La4 Tl2,3|Ge-La,True,-5.017233276367188,scored,,1935,local_private_WBM_raw_structure_cache_not_distributed
wbm-1-19314,Ge4 La2,2|Ge-La,False,-5.376717885335286,scored,,1936,local_private_WBM_raw_structure_cache_not_distributed
wbm-1-19315,Ge4 Lu6,2|Ge-Lu,False,-5.343379974365234,scored,,1937,local_private_WBM_raw_structure_cache_not_distributed
wbm-1-19318,Ge4 Lu2 Pt4,3|Ge-Lu,False,-5.983269882202149,scored,,1938,local_private_WBM_raw_structure_cache_not_distributed
wbm-1-19321,Ge6 Mo3,2|Ge-Mo,False,-6.815488179524739,scored,,1939,local_private_WBM_raw_structure_cache_not_distributed
wbm-1-19322,Ge4 Nb6,2|Ge-Nb,False,-8.352070617675782,scored,,1940,local_private_WBM_raw_structure_cache_not_distributed
wbm-1-19329,Ge4 Nd2,2|Ge-Nd,False,-5.292838414510091,scored,,1941,local_private_WBM_raw_structure_cache_not_distributed
wbm-1-19336,Ge2 Pd2 Pu1,3|Ge-Pd,True,-7.004167175292968,scored,,1942,local_private_WBM_raw_structure_cache_not_distributed
wbm-1-19339,Ge4 Pd6,2|Ge-Pd,False,-5.431792831420898,scored,,1943,local_private_WBM_raw_structure_cache_not_distributed
wbm-1-19347,Ge4 Pr2 Pt4,3|Ge-Pr,True,-6.141975784301758,scored,,1944,local_private_WBM_raw_structure_cache_not_distributed
wbm-1-19348,Ge4 Pr2,2|Ge-Pr,False,-5.299420674641927,scored,,1945,local_private_WBM_raw_structure_cache_not_distributed
wbm-1-19349,Ge4 Pt4 Th2,3|Ge-Pt,False,-6.670964050292969,scored,,1946,local_private_WBM_raw_structure_cache_not_distributed
wbm-1-19351,Ge4 Pt2,2|Ge-Pt,False,-5.365918477376302,scored,,1947,local_private_WBM_raw_structure_cache_not_distributed
wbm-1-19354,Ge4 Pu2,2|Ge-Pu,False,-7.8705495198567705,scored,,1948,local_private_WBM_raw_structure_cache_not_distributed
wbm-1-19358,Ge2 Pu1 Rh2,3|Ge-Pu,True,-7.924244689941406,scored,,1949,local_private_WBM_raw_structure_cache_not_distributed
wbm-1-19360,Ge4 Rh6,2|Ge-Rh,False,-6.778445434570313,scored,,1950,local_private_WBM_raw_structure_cache_not_distributed
wbm-1-19381,Ge4 Ru6,2|Ge-Ru,False,-7.557046508789062,scored,,1951,local_private_WBM_raw_structure_cache_not_distributed
wbm-1-19384,Ge2 Os1 Ru1,3|Ge-Os,False,-7.387904167175293,scored,,1952,local_private_WBM_raw_structure_cache_not_distributed
wbm-1-19386,Ge2 Sb2 Se5,3|Ge-Sb,False,-4.131562974717882,scored,,1953,local_private_WBM_raw_structure_cache_not_distributed
wbm-1-19391,Ge4 Sm2,2|Ge-Sm,False,-5.270557403564453,scored,,1954,local_private_WBM_raw_structure_cache_not_distributed
wbm-1-19395,Ge2 Hg2 Sr1,3|Ge-Hg,False,-2.5729480743408204,scored,,1955,local_private_WBM_raw_structure_cache_not_distributed
wbm-1-19404,Ge4 Rh6 Sr2,3|Ge-Rh,False,-6.0867258707682295,scored,,1956,local_private_WBM_raw_structure_cache_not_distributed
wbm-1-19406,Ge4 Ru4 Sr2,3|Ge-Ru,False,-6.401675415039063,scored,,1957,local_private_WBM_raw_structure_cache_not_distributed
wbm-1-19407,Ge4 Sr2,2|Ge-Sr,False,-4.093278249104817,scored,,1958,local_private_WBM_raw_structure_cache_not_distributed
wbm-1-19413,Ge4 Ta6,2|Ge-Ta,False,-9.316033935546875,scored,,1959,local_private_WBM_raw_structure_cache_not_distributed
wbm-1-19417,Ge4 Tb6,2|Ge-Tb,False,-5.4297035217285154,scored,,1960,local_private_WBM_raw_structure_cache_not_distributed
wbm-1-19423,Bi2 Ge2 Te5,3|Bi-Ge,False,-3.769844479031033,scored,,1961,local_private_WBM_raw_structure_cache_not_distributed
wbm-1-19424,Ge4 Tm6,2|Ge-Tm,False,-5.301083374023437,scored,,1962,local_private_WBM_raw_structure_cache_not_distributed
wbm-1-19430,Ge4 U6,2|Ge-U,False,-8.67938690185547,scored,,1963,local_private_WBM_raw_structure_cache_not_distributed
wbm-1-19432,Ge4 W2,2|Ge-W,False,-7.3666426340738935,scored,,1964,local_private_WBM_raw_structure_cache_not_distributed
wbm-1-19438,Ge4 Y6,2|Ge-Y,False,-6.544483184814453,scored,,1965,local_private_WBM_raw_structure_cache_not_distributed
wbm-1-19439,Au2 Ge2 Y1,3|Au-Ge,False,-4.901303100585937,scored,,1966,local_private_WBM_raw_structure_cache_not_distributed
wbm-1-19446,Ge4 Yb2,2|Ge-Yb,False,-4.060654322306315,scored,,1967,local_private_WBM_raw_structure_cache_not_distributed
wbm-1-19468,Ge4 Zr6,2|Ge-Zr,True,-7.805012512207031,scored,,1968,local_private_WBM_raw_structure_cache_not_distributed
wbm-1-19481,Bi2 Ge6,2|Bi-Ge,False,-4.054353713989258,scored,,1969,local_private_WBM_raw_structure_cache_not_distributed
wbm-1-19482,Cd6 Ge3 La2,3|Cd-Ge,False,-2.9788728193803267,scored,,1970,local_private_WBM_raw_structure_cache_not_distributed
wbm-1-19489,Cs2 Ge6,2|Cs-Ge,False,-3.7117648124694824,scored,,1971,local_private_WBM_raw_structure_cache_not_distributed
wbm-1-19496,Gd2 Ge6,2|Gd-Ge,True,-7.429412841796875,scored,,1972,local_private_WBM_raw_structure_cache_not_distributed
wbm-1-19502,Ge6 Hf2 La2,3|Ge-Hf,True,-6.424309539794922,scored,,1973,local_private_WBM_raw_structure_cache_not_distributed
wbm-1-19510,Ge6 Mo2 Pt4,3|Ge-Mo,True,-6.427661895751953,scored,,1974,local_private_WBM_raw_structure_cache_not_distributed
wbm-1-19516,Ge6 Np2,2|Ge-Np,False,-6.683629512786865,scored,,1975,local_private_WBM_raw_structure_cache_not_distributed
wbm-1-19533,Ge3 Nd1 Rh1,3|Ge-Nd,True,-5.884089660644531,scored,,1976,local_private_WBM_raw_structure_cache_not_distributed
wbm-1-19534,Ge3 Np1 Rh1,3|Ge-Np,False,-6.997416687011719,scored,,1977,local_private_WBM_raw_structure_cache_not_distributed
wbm-1-19546,Ge3 Sb4,2|Ge-Sb,False,-4.1930501120431085,scored,,1978,local_private_WBM_raw_structure_cache_not_distributed
wbm-1-19548,Ge6 Se2,2|Ge-Se,False,-4.294197082519531,scored,,1979,local_private_WBM_raw_structure_cache_not_distributed
wbm-1-19558,Ge6 Th2,2|Ge-Th,False,-5.747889041900635,scored,,1980,local_private_WBM_raw_structure_cache_not_distributed
wbm-1-19576,As3 Ge4,2|As-Ge,False,-4.580371856689453,scored,,1981,local_private_WBM_raw_structure_cache_not_distributed
wbm-1-19640,Ag6 Ge2,2|Ag-Ge,False,-3.1991262435913086,scored,,1982,local_private_WBM_raw_structure_cache_not_distributed
wbm-1-19692,Br2 Ge1 La2,3|Br-Ge,True,-5.106221008300781,scored,,1983,local_private_WBM_raw_structure_cache_not_distributed
wbm-1-19695,Br2 Ge1,2|Br-Ge,True,-3.198939005533854,scored,,1984,local_private_WBM_raw_structure_cache_not_distributed
wbm-1-19713,Cd2 Ge1,2|Cd-Ge,False,-2.027918974558512,scored,,1985,local_private_WBM_raw_structure_cache_not_distributed
wbm-1-19718,Cd1 Ge1 In2 Te4,4|Cd-Ge,False,-3.132761001586914,scored,,1986,local_private_WBM_raw_structure_cache_not_distributed
wbm-1-19744,Eu4 Ge4,2|Eu-Ge,False,-8.166656494140625,scored,,1987,local_private_WBM_raw_structure_cache_not_distributed
wbm-1-19771,Ge1 I2 Lu2,3|Ge-I,True,-4.5198406219482425,scored,,1988,local_private_WBM_raw_structure_cache_not_distributed
wbm-1-19786,Ge3 I6,2|Ge-I,False,-2.821222093370226,scored,,1989,local_private_WBM_raw_structure_cache_not_distributed
wbm-1-19790,Cs2 Ge2 I6,3|Cs-Ge,False,-2.8532087326049806,scored,,1990,local_private_WBM_raw_structure_cache_not_distributed
wbm-1-19800,Ge1 Hg1 In2 Te4,4|Ge-Hg,False,-2.978468179702759,scored,,1991,local_private_WBM_raw_structure_cache_not_distributed
wbm-1-19816,Ac2 Ge1 Ir1,3|Ac-Ge,True,-5.918439865112305,scored,,1992,local_private_WBM_raw_structure_cache_not_distributed
wbm-1-19849,Ge1 Nb2 Pd1,3|Ge-Nb,False,-7.760054588317871,scored,,1993,local_private_WBM_raw_structure_cache_not_distributed
wbm-1-19877,Ge4 Os8,2|Ge-Os,False,-8.699039459228516,scored,,1994,local_private_WBM_raw_structure_cache_not_distributed
wbm-1-19881,Ge1 Pb1,2|Ge-Pb,False,-3.8795435428619385,scored,,1995,local_private_WBM_raw_structure_cache_not_distributed
wbm-1-19925,Ge1 Pb1 Pt5,3|Ge-Pb,False,-5.737237657819476,scored,,1996,local_private_WBM_raw_structure_cache_not_distributed
wbm-1-19935,Ge2 Rb4 Te6,3|Ge-Rb,True,-3.316681226094564,scored,,1997,local_private_WBM_raw_structure_cache_not_distributed
wbm-1-19940,Ge4 Re4,2|Ge-Re,False,-8.491674423217773,scored,,1998,local_private_WBM_raw_structure_cache_not_distributed
wbm-1-20033,Ge8 Se16 Tl8,3|Ge-Se,True,-3.8298285007476807,scored,,1999,local_private_WBM_raw_structure_cache_not_distributed
wbm-1-20052,Ag2 Ge1 Se4 Sr1,4|Ag-Ge,True,-3.923391342163086,scored,,2000,local_private_WBM_raw_structure_cache_not_distributed
wbm-1-20086,Ge2 Sn2 Te2,3|Ge-Sn,False,-4.018469492594401,scored,,2001,local_private_WBM_raw_structure_cache_not_distributed
wbm-1-20116,Ge4 Sr4 Yb4,3|Ge-Sr,True,-3.1875460942586265,scored,,2002,local_private_WBM_raw_structure_cache_not_distributed
wbm-1-20130,Ge1 Tc2 W1,3|Ge-Tc,True,-9.640947341918945,scored,,2003,local_private_WBM_raw_structure_cache_not_distributed
wbm-1-20132,Ge2 Te4,2|Ge-Te,True,-3.630887031555176,scored,,2004,local_private_WBM_raw_structure_cache_not_distributed
wbm-1-20135,Cs2 Ge1 Hg1 Te4,4|Cs-Ge,False,-2.9452433586120605,scored,,2005,local_private_WBM_raw_structure_cache_not_distributed
wbm-1-20144,Ge2 Ta2 Te8,3|Ge-Ta,False,-5.078804969787598,scored,,2006,local_private_WBM_raw_structure_cache_not_distributed
wbm-1-20145,Ge2 Tb2 Te8,3|Ge-Tb,False,-4.247673352559407,scored,,2007,local_private_WBM_raw_structure_cache_not_distributed
wbm-1-20146,Ge2 Te8 Th2,3|Ge-Te,False,-4.750730514526367,scored,,2008,local_private_WBM_raw_structure_cache_not_distributed
wbm-1-20165,Ge1 Tl1,2|Ge-Tl,False,-3.1632704734802246,scored,,2009,local_private_WBM_raw_structure_cache_not_distributed
wbm-1-20238,Al1 H2,2|Al-H,False,-2.9678401947021484,scored,,2010,local_private_WBM_raw_structure_cache_not_distributed
wbm-1-20240,Bi1 H2,2|Bi-H,False,-2.870695114135742,scored,,2011,local_private_WBM_raw_structure_cache_not_distributed
wbm-1-20242,Ca6 H4 In2,3|Ca-H,False,-3.1088078816731772,scored,,2012,local_private_WBM_raw_structure_cache_not_distributed
wbm-1-20244,Ca6 H4,2|Ca-H,False,-3.003061294555664,scored,,2013,local_private_WBM_raw_structure_cache_not_distributed
wbm-1-20249,Cd2 H4,2|Cd-H,False,-2.1058529218037925,scored,,2014,local_private_WBM_raw_structure_cache_not_distributed
wbm-1-20254,Ce6 H4,2|Ce-H,False,-5.077253723144532,scored,,2015,local_private_WBM_raw_structure_cache_not_distributed
wbm-1-20257,C1 H2 Ho2,3|C-H,False,-5.516438293457031,scored,,2016,local_private_WBM_raw_structure_cache_not_distributed
wbm-1-20261,Co1 H2 Ni1,3|Co-H,False,-4.825563430786133,scored,,2017,local_private_WBM_raw_structure_cache_not_distributed
wbm-1-20262,Co2 H4,2|Co-H,False,-4.433661778767903,scored,,2018,local_private_WBM_raw_structure_cache_not_distributed
wbm-1-20277,Dy6 H4,2|Dy-H,False,-4.458127212524414,scored,,2019,local_private_WBM_raw_structure_cache_not_distributed
wbm-1-20279,Er6 H4,2|Er-H,False,-4.460662460327148,scored,,2020,local_private_WBM_raw_structure_cache_not_distributed
wbm-1-20281,Eu6 H4,2|Eu-H,False,-7.913143920898437,scored,,2021,local_private_WBM_raw_structure_cache_not_distributed
wbm-1-20284,Fe2 H2 Sr1,3|Fe-H,False,-4.9277595520019535,scored,,2022,local_private_WBM_raw_structure_cache_not_distributed
wbm-1-20286,Fe2 H4,2|Fe-H,False,-4.876512845357259,scored,,2023,local_private_WBM_raw_structure_cache_not_distributed
wbm-1-20294,Gd6 H4,2|Gd-H,False,-9.67393798828125,scored,,2024,local_private_WBM_raw_structure_cache_not_distributed
wbm-1-20296,H2 Hf1,2|H-Hf,False,-6.02359135945638,scored,,2025,local_private_WBM_raw_structure_cache_not_distributed
wbm-1-20297,H4 Ho6,2|H-Ho,False,-4.480923461914062,scored,,2026,local_private_WBM_raw_structure_cache_not_distributed
wbm-1-20299,H2 In1,2|H-In,False,-2.5733869870503745,scored,,2027,local_private_WBM_raw_structure_cache_not_distributed
wbm-1-20300,H2 K2 Pd1,3|H-K,False,-3.0773672103881835,scored,,2028,local_private_WBM_raw_structure_cache_not_distributed
wbm-1-20302,H4 La6,2|H-La,False,-4.681753540039063,scored,,2029,local_private_WBM_raw_structure_cache_not_distributed
wbm-1-20303,Au1 H2 Li2,3|Au-H,False,-3.111730194091797,scored,,2030,local_private_WBM_raw_structure_cache_not_distributed
wbm-1-20307,Cu1 H2 Li2,3|Cu-H,False,-3.2089797973632814,scored,,2031,local_private_WBM_raw_structure_cache_not_distributed
wbm-1-20311,H2 Ir1 Li2,3|H-Ir,False,-4.218485641479492,scored,,2032,local_private_WBM_raw_structure_cache_not_distributed
wbm-1-20313,H2 Li2 Ni1,3|H-Li,False,-3.485601043701172,scored,,2033,local_private_WBM_raw_structure_cache_not_distributed
wbm-1-20320,As2 H4 Li2 O4,4|As-H,False,-4.739988009134929,scored,,2034,local_private_WBM_raw_structure_cache_not_distributed
wbm-1-20321,Br2 H4 Li2 O2,4|Br-H,False,-4.319551849365235,scored,,2035,local_private_WBM_raw_structure_cache_not_distributed
wbm-1-20322,Cl2 H4 Li2 O2,4|Cl-H,False,-4.444358444213867,scored,,2036,local_private_WBM_raw_structure_cache_not_distributed
wbm-1-20323,H4 Lu6,2|H-Lu,False,-4.474760437011719,scored,,2037,local_private_WBM_raw_structure_cache_not_distributed
wbm-1-20328,H2 Mg1 Mn1,3|H-Mg,False,-4.460427761077881,scored,,2038,local_private_WBM_raw_structure_cache_not_distributed
wbm-1-20333,H2 Mn1 Ni1,3|H-Mn,False,-5.403708457946777,scored,,2039,local_private_WBM_raw_structure_cache_not_distributed
wbm-1-20334,H4 Mn2,2|H-Mn,True,-5.096258799235026,scored,,2040,local_private_WBM_raw_structure_cache_not_distributed
wbm-1-20345,H2 Na2 Ni1,3|H-Na,False,-2.965801239013672,scored,,2041,local_private_WBM_raw_structure_cache_not_distributed
wbm-1-20351,Cs1 H2 Na1,3|Cs-H,False,-2.2502455711364746,scored,,2042,local_private_WBM_raw_structure_cache_not_distributed
wbm-1-20360,H4 Nd6,2|H-Nd,False,-4.550596237182617,scored,,2043,local_private_WBM_raw_structure_cache_not_distributed
wbm-1-20361,Cd1 H2 Ni1,3|Cd-H,False,-3.168692111968994,scored,,2044,local_private_WBM_raw_structure_cache_not_distributed
wbm-1-20362,H4 Ni2,2|H-Ni,False,-4.057558695475261,scored,,2045,local_private_WBM_raw_structure_cache_not_distributed
wbm-1-20366,H2 Ni1 Zn1,3|H-Ni,False,-3.2289280891418457,scored,,2046,local_private_WBM_raw_structure_cache_not_distributed
wbm-1-20367,Ba1 H2 O2,3|Ba-H,False,-5.4859870910644535,scored,,2047,local_private_WBM_raw_structure_cache_not_distributed
wbm-1-20371,H2 Hg1 O2,3|H-Hg,False,-4.031396484375,scored,,2048,local_private_WBM_raw_structure_cache_not_distributed
wbm-1-20379,H4 Na2 O4 P2,4|H-Na,True,-5.210905075073242,scored,,2049,local_private_WBM_raw_structure_cache_not_distributed
wbm-1-20380,Cs2 H4 O4 P2,4|Cs-H,False,-5.1747697194417315,scored,,2050,local_private_WBM_raw_structure_cache_not_distributed
wbm-1-20381,H4 O4 P2 Rb2,4|H-O,False,-5.182921091715495,scored,,2051,local_private_WBM_raw_structure_cache_not_distributed
wbm-1-20382,H2 O2 Sr1,3|H-O,False,-5.500456237792969,scored,,2052,local_private_WBM_raw_structure_cache_not_distributed
wbm-1-20393,H2 K1 O3 P1 Se1,5|H-K,False,-5.422271728515625,scored,,2053,local_private_WBM_raw_structure_cache_not_distributed
wbm-1-20394,Cs1 H2 O3 P1 S1,5|Cs-H,True,-5.536795616149902,scored,,2054,local_private_WBM_raw_structure_cache_not_distributed
wbm-1-20395,H2 O3 P1 Rb1 S1,5|H-O,True,-5.5474629402160645,scored,,2055,local_private_WBM_raw_structure_cache_not_distributed
wbm-1-20396,As1 H2 K1 O3 S1,5|As-H,False,-5.119400978088379,scored,,2056,local_private_WBM_raw_structure_cache_not_distributed
wbm-1-20406,Ce1 H2 O6 P2,4|Ce-H,False,-6.95829287442294,scored,,2057,local_private_WBM_raw_structure_cache_not_distributed
wbm-1-20408,H2 Hf1 O6 P2,4|H-Hf,True,-7.375617980957031,scored,,2058,local_private_WBM_raw_structure_cache_not_distributed
wbm-1-20410,H2 Nb1 O6 P2,4|H-Nb,False,-6.994858481667259,scored,,2059,local_private_WBM_raw_structure_cache_not_distributed
wbm-1-20426,Ba1 H2 O7 Ta2,4|Ba-H,False,-7.985935211181641,scored,,2060,local_private_WBM_raw_structure_cache_not_distributed
wbm-1-20427,Ca1 H2 O7 Ta2,4|Ca-H,False,-8.00797971089681,scored,,2061,local_private_WBM_raw_structure_cache_not_distributed
wbm-1-20428,Eu1 H2 O7 Ta2,4|Eu-H,False,-8.75747553507487,scored,,2062,local_private_WBM_raw_structure_cache_not_distributed
wbm-1-20434,H4 I2 Na2 O2,4|H-I,False,-4.039849853515625,scored,,2063,local_private_WBM_raw_structure_cache_not_distributed
wbm-1-20435,H2 Pm1,2|H-Pm,True,-4.4525143305460615,scored,,2064,local_private_WBM_raw_structure_cache_not_distributed
wbm-1-20436,H4 Pr6,2|H-Pr,False,-4.543994903564453,scored,,2065,local_private_WBM_raw_structure_cache_not_distributed
wbm-1-20438,H8 In4 Rb4,3|H-In,True,-2.6982204914093018,scored,,2066,local_private_WBM_raw_structure_cache_not_distributed
wbm-1-20439,H4 Sc6,2|H-Sc,False,-5.505637359619141,scored,,2067,local_private_WBM_raw_structure_cache_not_distributed
wbm-1-20441,H8 Se4,2|H-Se,True,-3.223639806111654,scored,,2068,local_private_WBM_raw_structure_cache_not_distributed
wbm-1-20443,H4 Sm6,2|H-Sm,False,-4.53848876953125,scored,,2069,local_private_WBM_raw_structure_cache_not_distributed
wbm-1-20445,Eu6 H4 Sn2,3|Eu-H,False,-7.496448516845703,scored,,2070,local_private_WBM_raw_structure_cache_not_distributed
wbm-1-20447,H4 Sn2 Sr6,3|H-Sn,False,-3.221510569254557,scored,,2071,local_private_WBM_raw_structure_cache_not_distributed
wbm-1-20450,H2 Sr1,2|H-Sr,False,-3.3595352172851562,scored,,2072,local_private_WBM_raw_structure_cache_not_distributed
wbm-1-20452,H4 Tb6,2|H-Tb,False,-4.477832412719726,scored,,2073,local_private_WBM_raw_structure_cache_not_distributed
wbm-1-20454,H4 Th6,2|H-Th,False,-6.012234497070312,scored,,2074,local_private_WBM_raw_structure_cache_not_distributed
wbm-1-20455,H4 Tm6,2|H-Tm,False,-4.342184448242188,scored,,2075,local_private_WBM_raw_structure_cache_not_distributed
wbm-1-20457,H4 U6,2|H-U,False,-7.759542083740234,scored,,2076,local_private_WBM_raw_structure_cache_not_distributed
wbm-1-20461,H4 Yb6,2|H-Yb,False,-2.777459716796875,scored,,2077,local_private_WBM_raw_structure_cache_not_distributed
wbm-1-20464,H4 Zn2,2|H-Zn,False,-2.387254556020101,scored,,2078,local_private_WBM_raw_structure_cache_not_distributed
wbm-1-20468,H4 Zr6,2|H-Zr,False,-6.784959411621093,scored,,2079,local_private_WBM_raw_structure_cache_not_distributed
wbm-1-20470,Al2 H6 Rb2,3|Al-H,False,-2.9909122467041014,scored,,2080,local_private_WBM_raw_structure_cache_not_distributed
wbm-1-20472,Be2 H6 K2,3|Be-H,False,-3.0897274017333984,scored,,2081,local_private_WBM_raw_structure_cache_not_distributed
wbm-1-20477,Br1 H3 Sr2,3|Br-H,False,-3.5031000773111978,scored,,2082,local_private_WBM_raw_structure_cache_not_distributed
wbm-1-20485,Cl2 H6 Sn2,3|Cl-H,False,-2.871836853027344,scored,,2083,local_private_WBM_raw_structure_cache_not_distributed
wbm-1-20490,Cr1 H3,2|Cr-H,False,-4.124418258666992,scored,,2084,local_private_WBM_raw_structure_cache_not_distributed
wbm-1-20504,Ga2 H6,2|Ga-H,False,-3.1195006370544434,scored,,2085,local_private_WBM_raw_structure_cache_not_distributed
wbm-1-20547,H3 N2 Na3,3|H-N,False,-4.08749532699585,scored,,2086,local_private_WBM_raw_structure_cache_not_distributed
wbm-1-20554,Ba2 Co2 H6 Na2,4|Ba-Co,False,-3.623814900716146,scored,,2087,local_private_WBM_raw_structure_cache_not_distributed
wbm-1-20557,Ba2 Fe2 H6 Na2,4|Ba-Fe,False,-3.7053324381510415,scored,,2088,local_private_WBM_raw_structure_cache_not_distributed
wbm-1-20564,H3 Nb1,2|H-Nb,False,-5.159423351287842,scored,,2089,local_private_WBM_raw_structure_cache_not_distributed
wbm-1-20568,Ce2 H6 Ni2,3|Ce-H,True,-4.824972534179688,scored,,2090,local_private_WBM_raw_structure_cache_not_distributed
wbm-1-20569,H6 Hf2 Ni2,3|H-Hf,True,-5.551210021972656,scored,,2091,local_private_WBM_raw_structure_cache_not_distributed
wbm-1-20570,H6 Nb2 Ni2,3|H-Nb,True,-5.312302780151367,scored,,2092,local_private_WBM_raw_structure_cache_not_distributed
wbm-1-20577,H3 Np1,2|H-Np,False,-5.920779228210449,scored,,2093,local_private_WBM_raw_structure_cache_not_distributed
wbm-1-20586,Ag2 Br1 H3 O6,4|Ag-Br,False,-3.982399304707845,scored,,2094,local_private_WBM_raw_structure_cache_not_distributed
wbm-1-20588,Cu2 H3 I1 O6,4|Cu-H,False,-4.577646255493164,scored,,2095,local_private_WBM_raw_structure_cache_not_distributed
wbm-1-20589,Au2 H3 I1 O6,4|Au-H,False,-4.252809524536133,scored,,2096,local_private_WBM_raw_structure_cache_not_distributed
wbm-1-20591,H3 I1 O1,3|H-I,True,-3.9734363555908203,scored,,2097,local_private_WBM_raw_structure_cache_not_distributed
wbm-1-20594,H3 Pu1,2|H-Pu,True,-6.409914493560791,scored,,2098,local_private_WBM_raw_structure_cache_not_distributed
wbm-1-20599,H3 Rb1 Sr1,3|H-Rb,False,-2.8962162017822264,scored,,2099,local_private_WBM_raw_structure_cache_not_distributed
wbm-1-20610,H3 S1,2|H-S,False,-2.4272100925445557,scored,,2100,local_private_WBM_raw_structure_cache_not_distributed
wbm-1-20611,H3 Ta1,2|H-Ta,False,-5.436066150665283,scored,,2101,local_private_WBM_raw_structure_cache_not_distributed
wbm-1-20615,H3 Ti1,2|H-Ti,False,-4.770321369171143,scored,,2102,local_private_WBM_raw_structure_cache_not_distributed
wbm-1-20619,H3 V1,2|H-V,False,-4.696009635925293,scored,,2103,local_private_WBM_raw_structure_cache_not_distributed
wbm-1-20620,H3 Y1,2|H-Y,False,-4.655320167541504,scored,,2104,local_private_WBM_raw_structure_cache_not_distributed
wbm-1-20622,H6 Zn2 Zr2,3|H-Zn,False,-4.308885955810547,scored,,2105,local_private_WBM_raw_structure_cache_not_distributed
wbm-1-20623,H6 Pd2 Zr2,3|H-Pd,False,-5.177053451538086,scored,,2106,local_private_WBM_raw_structure_cache_not_distributed
wbm-1-20624,H6 Pt2 Zr2,3|H-Pt,False,-5.371589660644531,scored,,2107,local_private_WBM_raw_structure_cache_not_distributed
wbm-1-20625,H6 Rh2 Zr2,3|H-Rh,False,-5.664074325561524,scored,,2108,local_private_WBM_raw_structure_cache_not_distributed
wbm-1-20632,As2 H8 I2,3|As-H,False,-3.1685797373453775,scored,,2109,local_private_WBM_raw_structure_cache_not_distributed
wbm-1-20634,B2 H8 K2,3|B-H,False,-3.939063390096029,scored,,2110,local_private_WBM_raw_structure_cache_not_distributed
wbm-1-20647,Cr2 H4 Pd1,3|Cr-H,False,-5.354313441685268,scored,,2111,local_private_WBM_raw_structure_cache_not_distributed
wbm-1-20655,Ga2 H8 Rb2,3|Ga-H,False,-3.1071208318074546,scored,,2112,local_private_WBM_raw_structure_cache_not_distributed
wbm-1-20656,Ge2 H8,2|Ge-H,False,-3.452632522583008,scored,,2113,local_private_WBM_raw_structure_cache_not_distributed
wbm-1-20694,H4 Li1 O5 Rb1 S1,5|H-Li,False,-5.17485237121582,scored,,2114,local_private_WBM_raw_structure_cache_not_distributed
wbm-1-20705,F2 H4 In1 N2,4|F-H,False,-4.917519039577908,scored,,2115,local_private_WBM_raw_structure_cache_not_distributed
wbm-1-20735,Cu1 H4 N1 S4 W1,5|Cu-H,True,-5.476181377064098,scored,,2116,local_private_WBM_raw_structure_cache_not_distributed
wbm-1-20737,Au1 H4 N1 S4 W1,5|Au-H,False,-5.32963735407049,scored,,2117,local_private_WBM_raw_structure_cache_not_distributed
wbm-1-20738,Ag1 H4 N1 Se4 W1,5|Ag-H,True,-5.0171990828080615,scored,,2118,local_private_WBM_raw_structure_cache_not_distributed
wbm-1-20740,Cd1 Cl2 H4 O2,4|Cd-Cl,False,-4.149498833550347,scored,,2119,local_private_WBM_raw_structure_cache_not_distributed
wbm-1-20751,H8 Pb2,2|H-Pb,False,-3.2439979553222655,scored,,2120,local_private_WBM_raw_structure_cache_not_distributed
wbm-1-20754,Dy1 H4 Pd3,3|Dy-H,False,-4.529731273651123,scored,,2121,local_private_WBM_raw_structure_cache_not_distributed
wbm-1-20755,Er1 H4 Pd3,3|Er-H,False,-4.54574728012085,scored,,2122,local_private_WBM_raw_structure_cache_not_distributed
wbm-1-20757,Gd1 H4 Pd3,3|Gd-H,False,-5.715185165405273,scored,,2123,local_private_WBM_raw_structure_cache_not_distributed
wbm-1-20759,H4 Ho1 Pd3,3|H-Ho,False,-4.542489051818848,scored,,2124,local_private_WBM_raw_structure_cache_not_distributed
wbm-1-20761,H4 La1 Pd3,3|H-La,False,-4.523730278015137,scored,,2125,local_private_WBM_raw_structure_cache_not_distributed
wbm-1-20762,H4 Lu1 Pd3,3|H-Lu,False,-4.571601867675781,scored,,2126,local_private_WBM_raw_structure_cache_not_distributed
wbm-1-20763,H4 Nd1 Pd3,3|H-Nd,False,-4.483554363250732,scored,,2127,local_private_WBM_raw_structure_cache_not_distributed
wbm-1-20788,H8 Si2,2|H-Si,False,-3.5452430725097654,scored,,2128,local_private_WBM_raw_structure_cache_not_distributed
wbm-1-20806,H8 Sr2 Zn2,3|H-Sr,True,-3.0516770680745444,scored,,2129,local_private_WBM_raw_structure_cache_not_distributed
wbm-1-20811,Br3 C1 H5 N2 Pb1,5|Br-C,False,-4.742881139119466,scored,,2130,local_private_WBM_raw_structure_cache_not_distributed
wbm-1-20813,C1 H5 I3 In1 N2,5|C-H,False,-4.485241254170735,scored,,2131,local_private_WBM_raw_structure_cache_not_distributed
wbm-1-20825,H5 Os1 Sr2,3|H-Os,False,-4.437680721282959,scored,,2132,local_private_WBM_raw_structure_cache_not_distributed
wbm-1-20828,H5 Ru1 Sr2,3|H-Ru,False,-4.252108097076416,scored,,2133,local_private_WBM_raw_structure_cache_not_distributed
wbm-1-20829,Al1 Cs2 H6 Pb1,4|Al-Cs,False,-2.9911272048950197,scored,,2134,local_private_WBM_raw_structure_cache_not_distributed
wbm-1-20833,Al1 Ga1 H6 Rb2,4|Al-Ga,False,-2.964649772644043,scored,,2135,local_private_WBM_raw_structure_cache_not_distributed
wbm-1-20835,Al1 H6 In1 K2,4|Al-H,False,-2.9920358657836914,scored,,2136,local_private_WBM_raw_structure_cache_not_distributed
wbm-1-20882,Fe1 H6 In1 Rb2,4|Fe-H,False,-3.3683216094970705,scored,,2137,local_private_WBM_raw_structure_cache_not_distributed
wbm-1-20888,Cs2 Ga1 H6 In1,4|Cs-Ga,False,-2.7316070556640626,scored,,2138,local_private_WBM_raw_structure_cache_not_distributed
wbm-1-20889,Ga1 H6 In1 Rb2,4|Ga-H,False,-2.79998664855957,scored,,2139,local_private_WBM_raw_structure_cache_not_distributed
wbm-1-20899,H6 In1 K2 Tl1,4|H-In,False,-2.735014724731445,scored,,2140,local_private_WBM_raw_structure_cache_not_distributed
wbm-1-20974,H6 K2 Si1 Tl1,4|H-K,False,-3.1930591583251955,scored,,2141,local_private_WBM_raw_structure_cache_not_distributed
wbm-1-20976,H6 Rb2 Si1 Tl1,4|H-Rb,False,-3.1422666549682616,scored,,2142,local_private_WBM_raw_structure_cache_not_distributed
wbm-1-21000,B2 H8 Na1 Rb1,4|B-H,False,-3.905213991800944,scored,,2143,local_private_WBM_raw_structure_cache_not_distributed
wbm-1-21011,Cd2 Fe1 H8 Sr1,4|Cd-Fe,False,-3.2530349095662436,scored,,2144,local_private_WBM_raw_structure_cache_not_distributed
wbm-1-21015,Al1 Ba1 H8 Mg2,4|Al-Ba,False,-3.2510010401407876,scored,,2145,local_private_WBM_raw_structure_cache_not_distributed
wbm-1-21017,Ca1 Fe1 H8 Mg2,4|Ca-Fe,False,-3.740422248840332,scored,,2146,local_private_WBM_raw_structure_cache_not_distributed
wbm-1-21019,Co1 H8 Mg2 Sr1,4|Co-H,True,-3.628533363342285,scored,,2147,local_private_WBM_raw_structure_cache_not_distributed
wbm-1-21020,Cr1 H8 Mg2 Sr1,4|Cr-H,True,-3.7974208196004233,scored,,2148,local_private_WBM_raw_structure_cache_not_distributed
wbm-1-21021,Eu1 Fe1 H8 Mg2,4|Eu-Fe,True,-4.447366714477539,scored,,2149,local_private_WBM_raw_structure_cache_not_distributed
wbm-1-21023,H8 Mg2 Mn1 Sr1,4|H-Mg,True,-3.7428417205810547,scored,,2150,local_private_WBM_raw_structure_cache_not_distributed
wbm-1-21038,Au1 H1,2|Au-H,False,-2.6499717235565186,scored,,2151,local_private_WBM_raw_structure_cache_not_distributed
wbm-1-21040,Br4 Ce4 H2,3|Br-Ce,False,-4.76630859375,scored,,2152,local_private_WBM_raw_structure_cache_not_distributed
wbm-1-21045,Br4 Gd2 H2,3|Br-Gd,True,-6.686357021331787,scored,,2153,local_private_WBM_raw_structure_cache_not_distributed
wbm-1-21065,Br1 H1,2|Br-H,False,-2.7153379917144775,scored,,2154,local_private_WBM_raw_structure_cache_not_distributed
wbm-1-21072,Ca1 Ga1 H1 In1,4|Ca-Ga,False,-3.082334280014038,scored,,2155,local_private_WBM_raw_structure_cache_not_distributed
wbm-1-21074,Ca1 Ge1 H1 In1,4|Ca-Ge,False,-3.4896717071533203,scored,,2156,local_private_WBM_raw_structure_cache_not_distributed
wbm-1-21110,Cl4 H4,2|Cl-H,False,-3.1134305000305176,scored,,2157,local_private_WBM_raw_structure_cache_not_distributed
wbm-1-21117,C2 H2 K2 O4,4|C-H,False,-6.033692932128906,scored,,2158,local_private_WBM_raw_structure_cache_not_distributed
wbm-1-21127,Cu2 H1,2|Cu-H,False,-3.741273880004883,scored,,2159,local_private_WBM_raw_structure_cache_not_distributed
wbm-1-21129,F2 H1 K1,3|F-H,True,-4.359346389770508,scored,,2160,local_private_WBM_raw_structure_cache_not_distributed
wbm-1-21141,Ba1 Ga1 H1 Pb1,4|Ba-Ga,False,-3.3580291271209717,scored,,2161,local_private_WBM_raw_structure_cache_not_distributed
wbm-1-21149,Ba1 Ge1 H1 In1,4|Ba-Ge,True,-3.5771472454071045,scored,,2162,local_private_WBM_raw_structure_cache_not_distributed
wbm-1-21151,Ge1 H1 In1 Sr1,4|Ge-H,False,-3.4848265647888184,scored,,2163,local_private_WBM_raw_structure_cache_not_distributed
wbm-1-21159,H1 Ir1,2|H-Ir,False,-5.751376152038574,scored,,2164,local_private_WBM_raw_structure_cache_not_distributed
wbm-1-21160,H4 I4,2|H-I,False,-2.3919358253479004,scored,,2165,local_private_WBM_raw_structure_cache_not_distributed
wbm-1-21166,H1 K1,2|H-K,False,-2.3491339683532715,scored,,2166,local_private_WBM_raw_structure_cache_not_distributed
wbm-1-21173,Dy2 H1 Li1 O3,4|Dy-H,False,-6.723249162946429,scored,,2167,local_private_WBM_raw_structure_cache_not_distributed
wbm-1-21174,Er2 H1 Li1 O3,4|Er-H,False,-6.732389177594866,scored,,2168,local_private_WBM_raw_structure_cache_not_distributed
wbm-1-21176,Gd2 H1 Li1 O3,4|Gd-H,False,-9.383791242327009,scored,,2169,local_private_WBM_raw_structure_cache_not_distributed
wbm-1-21177,H1 Ho2 Li1 O3,4|H-Ho,False,-6.727338518415179,scored,,2170,local_private_WBM_raw_structure_cache_not_distributed
wbm-1-21178,H1 Li1 Lu2 O3,4|H-Li,False,-6.724903651646206,scored,,2171,local_private_WBM_raw_structure_cache_not_distributed
wbm-1-21231,Ag1 H1 O2,3|Ag-H,False,-4.310973644256592,scored,,2172,local_private_WBM_raw_structure_cache_not_distributed
wbm-1-21403,Bi4 H4 O12,3|Bi-H,False,-5.112830352783203,scored,,2173,local_private_WBM_raw_structure_cache_not_distributed
wbm-1-21411,H1 La2 Na1 O3,4|H-La,False,-6.46995598929269,scored,,2174,local_private_WBM_raw_structure_cache_not_distributed
wbm-1-21426,Br2 Cd2 H2 O2,4|Br-Cd,False,-3.7032601833343506,scored,,2175,local_private_WBM_raw_structure_cache_not_distributed
wbm-1-21431,Cl2 Eu2 H2 O2,4|Cl-Eu,True,-7.173614025115967,scored,,2176,local_private_WBM_raw_structure_cache_not_distributed
wbm-1-21459,H1 Pd2,2|H-Pd,False,-4.655470212300618,scored,,2177,local_private_WBM_raw_structure_cache_not_distributed
wbm-1-21460,H1 Pt2,2|H-Pt,False,-4.939788818359375,scored,,2178,local_private_WBM_raw_structure_cache_not_distributed
wbm-1-21461,H1 Rb1,2|H-Rb,False,-2.3079793453216553,scored,,2179,local_private_WBM_raw_structure_cache_not_distributed
wbm-1-21462,H1 Rh2,2|H-Rh,False,-6.054663340250651,scored,,2180,local_private_WBM_raw_structure_cache_not_distributed
wbm-1-21465,H1 Sc1 Se1,3|H-Sc,True,-5.641781489054362,scored,,2181,local_private_WBM_raw_structure_cache_not_distributed
wbm-1-21476,H1 Pr1 Se1,3|H-Pr,True,-5.305313428243001,scored,,2182,local_private_WBM_raw_structure_cache_not_distributed
wbm-1-21477,H1 Pu1 Se1,3|H-Pu,True,-8.157368977864584,scored,,2183,local_private_WBM_raw_structure_cache_not_distributed
wbm-1-21479,H1 Se1 Sm1,3|H-Se,True,-5.289955139160156,scored,,2184,local_private_WBM_raw_structure_cache_not_distributed
wbm-1-21495,H1 Si1 Sn1 Sr1,4|H-Si,False,-3.93275785446167,scored,,2185,local_private_WBM_raw_structure_cache_not_distributed
wbm-1-21500,H1 S1 Y1,3|H-S,True,-6.215590159098308,scored,,2186,local_private_WBM_raw_structure_cache_not_distributed
wbm-1-21522,H1 Te1 Y1,3|H-Te,True,-5.465272267659505,scored,,2187,local_private_WBM_raw_structure_cache_not_distributed
wbm-1-21528,Au1 Hf2 Ir1,3|Au-Hf,False,-8.683022499084473,scored,,2188,local_private_WBM_raw_structure_cache_not_distributed
wbm-1-21529,Hf2 Ir1 Pt1,3|Hf-Ir,False,-9.680325508117676,scored,,2189,local_private_WBM_raw_structure_cache_not_distributed
wbm-1-21530,Hf2 Ir1,2|Hf-Ir,False,-10.247711817423502,scored,,2190,local_private_WBM_raw_structure_cache_not_distributed
wbm-1-21533,Hf2 Os1 Pt1,3|Hf-Os,False,-10.162667274475098,scored,,2191,local_private_WBM_raw_structure_cache_not_distributed
wbm-1-21534,Hf2 Pb1,2|Hf-Pb,True,-7.868513743082683,scored,,2192,local_private_WBM_raw_structure_cache_not_distributed
wbm-1-21536,Hf4 Pt2,2|Hf-Pt,False,-9.444805145263672,scored,,2193,local_private_WBM_raw_structure_cache_not_distributed
wbm-1-21539,Hf2 Pt1 Re1,3|Hf-Pt,False,-10.354629516601562,scored,,2194,local_private_WBM_raw_structure_cache_not_distributed
wbm-1-21540,Hf2 Re1,2|Hf-Re,False,-10.918917338053385,scored,,2195,local_private_WBM_raw_structure_cache_not_distributed
wbm-1-21543,Au2 Hf3,2|Au-Hf,False,-7.710244750976562,scored,,2196,local_private_WBM_raw_structure_cache_not_distributed
wbm-1-21545,Bi2 Hf6,2|Bi-Hf,False,-8.55201530456543,scored,,2197,local_private_WBM_raw_structure_cache_not_distributed
wbm-1-21546,Hf3 Hg1,2|Hf-Hg,False,-7.578418254852295,scored,,2198,local_private_WBM_raw_structure_cache_not_distributed
wbm-1-21549,Hf6 Os2,2|Hf-Os,False,-10.6255464553833,scored,,2199,local_private_WBM_raw_structure_cache_not_distributed
wbm-1-21553,Hf3 Tl1,2|Hf-Tl,False,-7.972210884094238,scored,,2200,local_private_WBM_raw_structure_cache_not_distributed
wbm-1-21554,Hf5 Th1,2|Hf-Th,False,-9.42563501993815,scored,,2201,local_private_WBM_raw_structure_cache_not_distributed
wbm-1-21555,Hf5 U1,2|Hf-U,False,-10.02698834737142,scored,,2202,local_private_WBM_raw_structure_cache_not_distributed
wbm-1-21604,Hf1 Ta1 W2,3|Hf-Ta,False,-11.8709077835083,scored,,2203,local_private_WBM_raw_structure_cache_not_distributed
wbm-1-21605,Hf1 Ta1,2|Hf-Ta,False,-10.763344764709473,scored,,2204,local_private_WBM_raw_structure_cache_not_distributed
wbm-1-21607,Hf4 W8,2|Hf-W,False,-12.089996337890625,scored,,2205,local_private_WBM_raw_structure_cache_not_distributed
wbm-1-21611,Hf1 Re2 W1,3|Hf-Re,False,-12.253229141235352,scored,,2206,local_private_WBM_raw_structure_cache_not_distributed
wbm-1-21615,Ac1 Hg2 Pb1,3|Ac-Hg,True,-2.4900197982788086,scored,,2207,local_private_WBM_raw_structure_cache_not_distributed
wbm-1-21617,Hg2 Th1,2|Hg-Th,False,-2.9603214263916016,scored,,2208,local_private_WBM_raw_structure_cache_not_distributed
wbm-1-21618,Bi1 Hg2 Tl1,3|Bi-Hg,False,-1.6815075874328613,scored,,2209,local_private_WBM_raw_structure_cache_not_distributed
wbm-1-21619,Hg2 Np1 Tl1,3|Hg-Np,False,-3.835387945175171,scored,,2210,local_private_WBM_raw_structure_cache_not_distributed
wbm-1-21620,Hg2 Pu1 Tl1,3|Hg-Pu,True,-4.4738240242004395,scored,,2211,local_private_WBM_raw_structure_cache_not_distributed
wbm-1-21621,Hg2 Th1 Tl1,3|Hg-Th,False,-2.815491199493408,scored,,2212,local_private_WBM_raw_structure_cache_not_distributed
wbm-1-21622,Hg2 Tl1 U1,3|Hg-Tl,False,-3.36208438873291,scored,,2213,local_private_WBM_raw_structure_cache_not_distributed
wbm-1-21623,Ac1 Hg3,2|Ac-Hg,False,-1.6500164270401,scored,,2214,local_private_WBM_raw_structure_cache_not_distributed
wbm-1-21624,Bi2 Hg6,2|Bi-Hg,False,-1.1129614114761353,scored,,2215,local_private_WBM_raw_structure_cache_not_distributed
wbm-1-21625,Hg6 Np2,2|Hg-Np,False,-3.331789493560791,scored,,2216,local_private_WBM_raw_structure_cache_not_distributed
wbm-1-21626,Hg3 Pb1,2|Hg-Pb,False,-1.1162292957305908,scored,,2217,local_private_WBM_raw_structure_cache_not_distributed
wbm-1-21627,Hg6 Pu2,2|Hg-Pu,True,-3.998500108718872,scored,,2218,local_private_WBM_raw_structure_cache_not_distributed
wbm-1-21629,Hg3 U1,2|Hg-U,False,-2.828075408935547,scored,,2219,local_private_WBM_raw_structure_cache_not_distributed
wbm-1-21642,Au1 Ho2,2|Au-Ho,False,-4.710434595743815,scored,,2220,local_private_WBM_raw_structure_cache_not_distributed
wbm-1-21643,Hg1 Ho2,2|Hg-Ho,False,-3.4115015665690103,scored,,2221,local_private_WBM_raw_structure_cache_not_distributed
wbm-1-21646,Ho2 Ir1 Re1,3|Ho-Ir,False,-7.867565155029297,scored,,2222,local_private_WBM_raw_structure_cache_not_distributed
wbm-1-21647,Ho2 Tl1,2|Ho-Tl,False,-4.0255584716796875,scored,,2223,local_private_WBM_raw_structure_cache_not_distributed
wbm-1-21648,Ac1 Ho3,2|Ac-Ho,False,-4.37614631652832,scored,,2224,local_private_WBM_raw_structure_cache_not_distributed
wbm-1-21649,Bi1 Ho3,2|Bi-Ho,False,-4.671858787536621,scored,,2225,local_private_WBM_raw_structure_cache_not_distributed
wbm-1-21650,Ho6 Pb2,2|Ho-Pb,False,-4.629018783569336,scored,,2226,local_private_WBM_raw_structure_cache_not_distributed
wbm-1-21658,Au2 Ho1 Pb1,3|Au-Ho,False,-4.295650005340576,scored,,2227,local_private_WBM_raw_structure_cache_not_distributed
wbm-1-21666,Hf5 Ho1,2|Hf-Ho,False,-8.939356486002604,scored,,2228,local_private_WBM_raw_structure_cache_not_distributed
wbm-1-21667,Hf1 Ho1 Ir2,3|Hf-Ho,False,-8.91259765625,scored,,2229,local_private_WBM_raw_structure_cache_not_distributed
wbm-1-21668,Hg2 Ho1 Tl1,3|Hg-Ho,False,-2.1440296173095703,scored,,2230,local_private_WBM_raw_structure_cache_not_distributed
wbm-1-21669,Ho3 Ir9,2|Ho-Ir,False,-8.387235005696615,scored,,2231,local_private_WBM_raw_structure_cache_not_distributed
wbm-1-21675,Ho2 Os4,2|Ho-Os,False,-9.295188268025717,scored,,2232,local_private_WBM_raw_structure_cache_not_distributed
wbm-1-21678,Ho1 Pt5,2|Ho-Pt,False,-6.474875132242839,scored,,2233,local_private_WBM_raw_structure_cache_not_distributed
wbm-1-21683,Ho1 Re2 Ta1,3|Ho-Re,False,-10.397156715393066,scored,,2234,local_private_WBM_raw_structure_cache_not_distributed
wbm-1-21684,Ho2 W4,2|Ho-W,False,-10.157914479573568,scored,,2235,local_private_WBM_raw_structure_cache_not_distributed
wbm-1-21689,Au2 I4 Tl2,3|Au-I,False,-2.3627212047576904,scored,,2236,local_private_WBM_raw_structure_cache_not_distributed
wbm-1-21690,Au2 I4,2|Au-I,True,-2.237055778503418,scored,,2237,local_private_WBM_raw_structure_cache_not_distributed
wbm-1-21693,Ba2 I4,2|Ba-I,False,-3.420522371927897,scored,,2238,local_private_WBM_raw_structure_cache_not_distributed
wbm-1-21706,Ce4 I8,2|Ce-I,True,-4.261953671773274,scored,,2239,local_private_WBM_raw_structure_cache_not_distributed
wbm-1-21710,Dy2 I4,2|Dy-I,False,-3.536238670349121,scored,,2240,local_private_WBM_raw_structure_cache_not_distributed
wbm-1-21712,Er2 I4,2|Er-I,False,-3.6410935719807944,scored,,2241,local_private_WBM_raw_structure_cache_not_distributed
wbm-1-21714,Eu2 I4,2|Eu-I,False,-5.9196351369222,scored,,2242,local_private_WBM_raw_structure_cache_not_distributed
wbm-1-21718,Hf4 I8,2|Hf-I,False,-5.028424898783366,scored,,2243,local_private_WBM_raw_structure_cache_not_distributed
wbm-1-21721,Hg3 I6,2|Hg-I,False,-1.3661233054267035,scored,,2244,local_private_WBM_raw_structure_cache_not_distributed
wbm-1-21733,Ho2 I4,2|Ho-I,False,-3.6323630015055337,scored,,2245,local_private_WBM_raw_structure_cache_not_distributed
wbm-1-21735,I4 Ir2,2|I-Ir,False,-3.8762842814127603,scored,,2246,local_private_WBM_raw_structure_cache_not_distributed
wbm-1-21738,I4 La2,2|I-La,False,-4.015735944112142,scored,,2247,local_private_WBM_raw_structure_cache_not_distributed
wbm-1-21739,I4 Lu2,2|I-Lu,False,-3.5884017944335938,scored,,2248,local_private_WBM_raw_structure_cache_not_distributed
wbm-1-21741,I4 Nd2,2|I-Nd,False,-3.7529872258504233,scored,,2249,local_private_WBM_raw_structure_cache_not_distributed
wbm-1-21742,I4 Np2,2|I-Np,False,-5.638671875,scored,,2250,local_private_WBM_raw_structure_cache_not_distributed
wbm-1-21743,I4 Os2,2|I-Os,False,-4.218794186909993,scored,,2251,local_private_WBM_raw_structure_cache_not_distributed
wbm-1-21744,I6 Pb3,2|I-Pb,False,-2.8735508388943143,scored,,2252,local_private_WBM_raw_structure_cache_not_distributed
wbm-1-21747,I4 Pr2,2|I-Pr,False,-3.847609519958496,scored,,2253,local_private_WBM_raw_structure_cache_not_distributed
wbm-1-21749,I4 Pt2,2|I-Pt,False,-3.2292168935139975,scored,,2254,local_private_WBM_raw_structure_cache_not_distributed
wbm-1-21751,I4 Sm2,2|I-Sm,False,-3.677779197692871,scored,,2255,local_private_WBM_raw_structure_cache_not_distributed
wbm-1-21753,I8 Ta4,2|I-Ta,False,-5.272966702779134,scored,,2256,local_private_WBM_raw_structure_cache_not_distributed
wbm-1-21756,I8 Tb4,2|I-Tb,True,-3.823812484741211,scored,,2257,local_private_WBM_raw_structure_cache_not_distributed
wbm-1-21760,I4 Th2,2|I-Th,False,-4.284742991129558,scored,,2258,local_private_WBM_raw_structure_cache_not_distributed
wbm-1-21762,I8 Tm4,2|I-Tm,False,-3.6396423975626626,scored,,2259,local_private_WBM_raw_structure_cache_not_distributed
wbm-1-21766,I4 U2,2|I-U,False,-5.167585372924805,scored,,2260,local_private_WBM_raw_structure_cache_not_distributed
wbm-1-21769,I4 Yb2,2|I-Yb,False,-3.163397789001465,scored,,2261,local_private_WBM_raw_structure_cache_not_distributed
wbm-1-21771,Ac2 I6,2|Ac-I,True,-3.7442092895507812,scored,,2262,local_private_WBM_raw_structure_cache_not_distributed
wbm-1-21772,Bi2 I6,2|Bi-I,False,-2.594005823135376,scored,,2263,local_private_WBM_raw_structure_cache_not_distributed
wbm-1-21778,Cs1 Eu1 I3,3|Cs-Eu,False,-4.733316421508789,scored,,2264,local_private_WBM_raw_structure_cache_not_distributed
wbm-1-21780,Cs2 I6 Pb2,3|Cs-I,False,-2.861791229248047,scored,,2265,local_private_WBM_raw_structure_cache_not_distributed
wbm-1-21815,I6 Pu2,2|I-Pu,True,-5.88386344909668,scored,,2266,local_private_WBM_raw_structure_cache_not_distributed
wbm-1-21846,Ba2 Ho2 I8,3|Ba-Ho,False,-3.56695556640625,scored,,2267,local_private_WBM_raw_structure_cache_not_distributed
wbm-1-21847,Ba2 I8 Lu2,3|Ba-I,False,-3.5077638626098633,scored,,2268,local_private_WBM_raw_structure_cache_not_distributed
wbm-1-21871,I4 Pb1 Yb1,3|I-Pb,False,-3.0595086415608725,scored,,2269,local_private_WBM_raw_structure_cache_not_distributed
wbm-1-21883,Cs2 Dy1 I6,3|Cs-Dy,False,-3.129813300238715,scored,,2270,local_private_WBM_raw_structure_cache_not_distributed
wbm-1-21885,Cs2 Ho1 I6,3|Cs-Ho,False,-3.1430897182888455,scored,,2271,local_private_WBM_raw_structure_cache_not_distributed
wbm-1-21941,Au2 In4,2|Au-In,False,-3.028273264567057,scored,,2272,local_private_WBM_raw_structure_cache_not_distributed
wbm-1-21944,Ba8 In16 Ir8,3|Ba-In,False,-4.401333332061768,scored,,2273,local_private_WBM_raw_structure_cache_not_distributed
wbm-1-21946,Ba1 In2,2|Ba-In,False,-2.897830009460449,scored,,2274,local_private_WBM_raw_structure_cache_not_distributed
wbm-1-21950,Ce2 In4 Ir4,3|Ce-In,False,-6.094570541381836,scored,,2275,local_private_WBM_raw_structure_cache_not_distributed
wbm-1-21953,Ce4 In8,2|Ce-In,False,-4.1844790776570635,scored,,2276,local_private_WBM_raw_structure_cache_not_distributed
wbm-1-21956,Dy2 In4 Ir2,3|Dy-In,False,-5.279793739318848,scored,,2277,local_private_WBM_raw_structure_cache_not_distributed
wbm-1-21957,Dy2 In4,2|Dy-In,False,-3.78834597269694,scored,,2278,local_private_WBM_raw_structure_cache_not_distributed
wbm-1-21958,Er2 In4 Ir2,3|Er-In,True,-5.2593488693237305,scored,,2279,local_private_WBM_raw_structure_cache_not_distributed
wbm-1-21959,Eu2 In4 Ir2,3|Eu-In,True,-6.6226043701171875,scored,,2280,local_private_WBM_raw_structure_cache_not_distributed
wbm-1-21961,Eu2 In4,2|Eu-In,False,-5.711729049682617,scored,,2281,local_private_WBM_raw_structure_cache_not_distributed
wbm-1-21962,Gd2 In4 Ir2,3|Gd-In,True,-7.657406806945801,scored,,2282,local_private_WBM_raw_structure_cache_not_distributed
wbm-1-21963,Hf4 In8,2|Hf-In,False,-5.23249085744222,scored,,2283,local_private_WBM_raw_structure_cache_not_distributed
wbm-1-21965,Ho2 In4 Ir2,3|Ho-In,False,-5.272670745849609,scored,,2284,local_private_WBM_raw_structure_cache_not_distributed
wbm-1-21966,Ho2 In4,2|Ho-In,False,-3.7595529556274414,scored,,2285,local_private_WBM_raw_structure_cache_not_distributed
wbm-1-21967,I2 In4 La4,3|I-In,False,-4.0432182312011715,scored,,2286,local_private_WBM_raw_structure_cache_not_distributed
wbm-1-21968,In4 Ir2 Th2,3|In-Ir,True,-5.96539306640625,scored,,2287,local_private_WBM_raw_structure_cache_not_distributed
wbm-1-21970,In2 Ir1,2|In-Ir,False,-5.020467440287272,scored,,2288,local_private_WBM_raw_structure_cache_not_distributed
wbm-1-21971,Au2 In4 La2,3|Au-In,False,-4.01605749130249,scored,,2289,local_private_WBM_raw_structure_cache_not_distributed
wbm-1-21972,In4 La2 Os2,3|In-La,False,-5.6096415519714355,scored,,2290,local_private_WBM_raw_structure_cache_not_distributed
wbm-1-21974,In2 La1,2|In-La,False,-3.978973388671875,scored,,2291,local_private_WBM_raw_structure_cache_not_distributed
wbm-1-21977,In4 Lu2,2|In-Lu,False,-3.666994094848633,scored,,2292,local_private_WBM_raw_structure_cache_not_distributed
wbm-1-21978,In4 Nd2,2|In-Nd,False,-3.9117565155029297,scored,,2293,local_private_WBM_raw_structure_cache_not_distributed
wbm-1-21981,In2 Os1 Pt1,3|In-Os,False,-5.576925754547119,scored,,2294,local_private_WBM_raw_structure_cache_not_distributed
wbm-1-21982,In2 Os1,2|In-Os,False,-5.095596631368001,scored,,2295,local_private_WBM_raw_structure_cache_not_distributed
wbm-1-21986,In4 Pr2,2|In-Pr,False,-3.923218091328939,scored,,2296,local_private_WBM_raw_structure_cache_not_distributed
wbm-1-21987,In2 Pt3,2|In-Pt,False,-5.117281341552735,scored,,2297,local_private_WBM_raw_structure_cache_not_distributed
wbm-1-21992,In2 Sb1,2|In-Sb,False,-3.1122026443481445,scored,,2298,local_private_WBM_raw_structure_cache_not_distributed
wbm-1-21994,In4 Sm2,2|In-Sm,False,-3.8741626739501953,scored,,2299,local_private_WBM_raw_structure_cache_not_distributed
wbm-1-21996,Hg1 In2 Sn1 Te4,4|Hg-In,False,-2.9379189014434814,scored,,2300,local_private_WBM_raw_structure_cache_not_distributed
wbm-1-21997,In4 Ta6,2|In-Ta,False,-7.717963409423828,scored,,2301,local_private_WBM_raw_structure_cache_not_distributed
wbm-1-22001,In8 Tb4,2|In-Tb,False,-3.801876703898112,scored,,2302,local_private_WBM_raw_structure_cache_not_distributed
wbm-1-22003,In4 Te6,2|In-Te,False,-3.1699079513549804,scored,,2303,local_private_WBM_raw_structure_cache_not_distributed
wbm-1-22011,In2 Te4 Yb1,3|In-Te,False,-3.4117319924490794,scored,,2304,local_private_WBM_raw_structure_cache_not_distributed
wbm-1-22012,Bi2 In2 Te5,3|Bi-In,False,-3.4433460235595703,scored,,2305,local_private_WBM_raw_structure_cache_not_distributed
wbm-1-22015,In4 Th2,2|In-Th,False,-4.6194305419921875,scored,,2306,local_private_WBM_raw_structure_cache_not_distributed
wbm-1-22017,In8 Tm4,2|In-Tm,True,-3.7023839950561523,scored,,2307,local_private_WBM_raw_structure_cache_not_distributed
wbm-1-22019,In8 U4,2|In-U,False,-5.538279215494792,scored,,2308,local_private_WBM_raw_structure_cache_not_distributed
wbm-1-22021,In6 W3,2|In-W,False,-5.391871982150608,scored,,2309,local_private_WBM_raw_structure_cache_not_distributed
wbm-1-22022,Ac1 In2 Yb1,3|Ac-In,True,-3.2327721118927,scored,,2310,local_private_WBM_raw_structure_cache_not_distributed
wbm-1-22026,In4 Yb2,2|In-Yb,False,-2.7631540298461914,scored,,2311,local_private_WBM_raw_structure_cache_not_distributed
wbm-1-22031,Bi2 In6,2|Bi-In,False,-2.9981443881988525,scored,,2312,local_private_WBM_raw_structure_cache_not_distributed
wbm-1-22038,Cs4 In6,2|Cs-In,True,-2.150776481628418,scored,,2313,local_private_WBM_raw_structure_cache_not_distributed
wbm-1-22041,Er2 In6,2|Er-In,False,-3.547379493713379,scored,,2314,local_private_WBM_raw_structure_cache_not_distributed
wbm-1-22044,Gd2 In6,2|Gd-In,False,-5.97412633895874,scored,,2315,local_private_WBM_raw_structure_cache_not_distributed
wbm-1-22050,Hg1 In3,2|Hg-In,False,-2.110945701599121,scored,,2316,local_private_WBM_raw_structure_cache_not_distributed
wbm-1-22057,In6 Np2,2|In-Np,False,-5.254708766937256,scored,,2317,local_private_WBM_raw_structure_cache_not_distributed
wbm-1-22060,In6 Pm2,2|In-Pm,False,-3.665255069732666,scored,,2318,local_private_WBM_raw_structure_cache_not_distributed
wbm-1-22067,In3 Sn1,2|In-Sn,False,-3.017760992050171,scored,,2319,local_private_WBM_raw_structure_cache_not_distributed
wbm-1-22123,In7 Lu1 Pt2,3|In-Lu,False,-3.9335166931152346,scored,,2320,local_private_WBM_raw_structure_cache_not_distributed
wbm-1-22124,In7 Nd1 Pt2,3|In-Nd,False,-4.013623046875,scored,,2321,local_private_WBM_raw_structure_cache_not_distributed
wbm-1-22125,In7 Pr1 Pt2,3|In-Pr,False,-4.018381500244141,scored,,2322,local_private_WBM_raw_structure_cache_not_distributed
wbm-1-22126,In7 Np1 Pt2,3|In-Np,False,-4.650688552856446,scored,,2323,local_private_WBM_raw_structure_cache_not_distributed
wbm-1-22128,In7 Pt2 Th1,3|In-Pt,False,-4.238974380493164,scored,,2324,local_private_WBM_raw_structure_cache_not_distributed
wbm-1-22213,Hf1 In1 Os2,3|Hf-In,False,-8.9005126953125,scored,,2325,local_private_WBM_raw_structure_cache_not_distributed
wbm-1-22219,Hg2 In1 Np1,3|Hg-In,False,-4.008574962615967,scored,,2326,local_private_WBM_raw_structure_cache_not_distributed
wbm-1-22232,I6 In3,2|I-In,False,-2.4307437472873263,scored,,2327,local_private_WBM_raw_structure_cache_not_distributed
wbm-1-22302,In1 Pb1,2|In-Pb,False,-3.1960039138793945,scored,,2328,local_private_WBM_raw_structure_cache_not_distributed
wbm-1-22334,In1 Re2,2|In-Re,False,-8.845422744750977,scored,,2329,local_private_WBM_raw_structure_cache_not_distributed
wbm-1-22336,In1 Sb2 Te4,3|In-Sb,False,-3.5422537667410716,scored,,2330,local_private_WBM_raw_structure_cache_not_distributed
wbm-1-22356,In2 Sn2 Te4,3|In-Sn,False,-3.4370598793029785,scored,,2331,local_private_WBM_raw_structure_cache_not_distributed
wbm-1-22387,In2 Pb2 Te4,3|In-Pb,False,-3.449442148208618,scored,,2332,local_private_WBM_raw_structure_cache_not_distributed
wbm-1-22390,In1 Sm1 Te2,3|In-Sm,False,-4.3072428703308105,scored,,2333,local_private_WBM_raw_structure_cache_not_distributed
wbm-1-22391,In1 Ta1 Te2,3|In-Ta,False,-5.444561958312988,scored,,2334,local_private_WBM_raw_structure_cache_not_distributed
wbm-1-22393,In1 Tb1 Te2,3|In-Tb,False,-4.228063106536865,scored,,2335,local_private_WBM_raw_structure_cache_not_distributed
wbm-1-22410,In2 Tl6,2|In-Tl,False,-2.42510724067688,scored,,2336,local_private_WBM_raw_structure_cache_not_distributed
wbm-1-22446,Bi2 Ir4 Pb2,3|Bi-Ir,False,-5.977383613586426,scored,,2337,local_private_WBM_raw_structure_cache_not_distributed
wbm-1-22447,Au1 Ir3,2|Au-Ir,False,-7.081023693084717,scored,,2338,local_private_WBM_raw_structure_cache_not_distributed
wbm-1-22449,Hg2 Ir6,2|Hg-Ir,False,-6.27353572845459,scored,,2339,local_private_WBM_raw_structure_cache_not_distributed
wbm-1-22450,Ir9 Np3,2|Ir-Np,True,-10.076865514119467,scored,,2340,local_private_WBM_raw_structure_cache_not_distributed
wbm-1-22453,Ir3 Pt1,2|Ir-Pt,False,-8.112258911132812,scored,,2341,local_private_WBM_raw_structure_cache_not_distributed
wbm-1-22456,Ir9 Pu3,2|Ir-Pu,True,-10.182575861612955,scored,,2342,local_private_WBM_raw_structure_cache_not_distributed
wbm-1-22458,Ir9 Th3,2|Ir-Th,True,-9.157614390055338,scored,,2343,local_private_WBM_raw_structure_cache_not_distributed
wbm-1-22460,Ir3 Tl1,2|Ir-Tl,False,-6.618690490722656,scored,,2344,local_private_WBM_raw_structure_cache_not_distributed
wbm-1-22462,Ir9 U3,2|Ir-U,False,-9.860193252563477,scored,,2345,local_private_WBM_raw_structure_cache_not_distributed
wbm-1-22464,Ir5 Pb7,2|Ir-Pb,False,-5.6432342529296875,scored,,2346,local_private_WBM_raw_structure_cache_not_distributed
wbm-1-22467,Ac2 Ir2,2|Ac-Ir,True,-6.940802574157715,scored,,2347,local_private_WBM_raw_structure_cache_not_distributed
wbm-1-22471,Au1 Ir1 Np2,3|Au-Ir,False,-9.355792999267578,scored,,2348,local_private_WBM_raw_structure_cache_not_distributed
wbm-1-22474,Bi4 Ir2,2|Bi-Ir,False,-5.557562510172526,scored,,2349,local_private_WBM_raw_structure_cache_not_distributed
wbm-1-22508,Ag3 K2,2|Ag-K,True,-2.1989749908447265,scored,,2350,local_private_WBM_raw_structure_cache_not_distributed
wbm-1-22510,As4 Ba2 Cd2 K4,4|As-Ba,False,-3.020899772644043,scored,,2351,local_private_WBM_raw_structure_cache_not_distributed
wbm-1-22513,As4 K4 Rh2,3|As-K,False,-4.258860015869141,scored,,2352,local_private_WBM_raw_structure_cache_not_distributed
wbm-1-22514,As2 K2 Se6 Sn1,4|As-K,True,-3.862104589288885,scored,,2353,local_private_WBM_raw_structure_cache_not_distributed
wbm-1-22517,As6 K4,2|As-K,True,-3.619424819946289,scored,,2354,local_private_WBM_raw_structure_cache_not_distributed
wbm-1-22521,Au6 K4 Tl2,3|Au-K,True,-2.6858059565226235,scored,,2355,local_private_WBM_raw_structure_cache_not_distributed
wbm-1-22524,Au2 K4,2|Au-K,False,-1.9731351534525554,scored,,2356,local_private_WBM_raw_structure_cache_not_distributed
wbm-1-22525,Ba4 K8,2|Ba-K,False,-1.187395731608073,scored,,2357,local_private_WBM_raw_structure_cache_not_distributed
wbm-1-22531,Br4 K2 Rh1,3|Br-K,False,-3.406672613961356,scored,,2358,local_private_WBM_raw_structure_cache_not_distributed
wbm-1-22546,Ca1 K2 Sr1,3|Ca-K,False,-1.2452664375305176,scored,,2359,local_private_WBM_raw_structure_cache_not_distributed
wbm-1-22547,Cd7 K2,2|Cd-K,False,-1.0467474195692275,scored,,2360,local_private_WBM_raw_structure_cache_not_distributed
wbm-1-22548,Ba2 Bi4 Cd2 K4,4|Ba-Bi,True,-2.672025998433431,scored,,2361,local_private_WBM_raw_structure_cache_not_distributed
wbm-1-22551,Cd1 K2 Pb1,3|Cd-K,False,-1.786895751953125,scored,,2362,local_private_WBM_raw_structure_cache_not_distributed
wbm-1-22552,Cd2 Eu2 K4 Sb4,4|Cd-Eu,False,-4.180609385172526,scored,,2363,local_private_WBM_raw_structure_cache_not_distributed
wbm-1-22553,Cd1 K2 Sn1 Te4,4|Cd-K,True,-3.115551471710205,scored,,2364,local_private_WBM_raw_structure_cache_not_distributed
wbm-1-22562,Co1 K2 Se2,3|Co-K,False,-3.788582992553711,scored,,2365,local_private_WBM_raw_structure_cache_not_distributed
wbm-1-22565,Cu3 K2,2|Cu-K,False,-2.6299570083618162,scored,,2366,local_private_WBM_raw_structure_cache_not_distributed
wbm-1-22570,Cu1 K2 Se2,3|Cu-K,False,-3.4020919799804688,scored,,2367,local_private_WBM_raw_structure_cache_not_distributed
wbm-1-22572,Fe6 K4,2|Fe-K,False,-4.728794860839844,scored,,2368,local_private_WBM_raw_structure_cache_not_distributed
wbm-1-22576,Fe1 K2 Se2,3|Fe-K,False,-4.156645965576172,scored,,2369,local_private_WBM_raw_structure_cache_not_distributed
wbm-1-22581,Ge2 K4 Sb4,3|Ge-K,False,-3.3294647216796873,scored,,2370,local_private_WBM_raw_structure_cache_not_distributed
wbm-1-22586,Hg2 K4 Pb2,3|Hg-K,False,-1.7515766620635986,scored,,2371,local_private_WBM_raw_structure_cache_not_distributed
wbm-1-22587,I4 K2 Pt1,3|I-K,False,-2.9656154087611606,scored,,2372,local_private_WBM_raw_structure_cache_not_distributed
wbm-1-22588,Hf1 I6 K2,3|Hf-I,False,-3.5441407097710504,scored,,2373,local_private_WBM_raw_structure_cache_not_distributed
wbm-1-22590,In6 K4,2|In-K,False,-2.2303110122680665,scored,,2374,local_private_WBM_raw_structure_cache_not_distributed
wbm-1-22594,K4 Mn2 Pb2,3|K-Mn,False,-3.495528221130371,scored,,2375,local_private_WBM_raw_structure_cache_not_distributed
wbm-1-22595,Ba2 K4 Mn2 Sb4,4|Ba-K,False,-4.013438860575358,scored,,2376,local_private_WBM_raw_structure_cache_not_distributed
wbm-1-22596,K4 Mn2 Sb4 Sr2,4|K-Mn,False,-3.9939022064208984,scored,,2377,local_private_WBM_raw_structure_cache_not_distributed
wbm-1-22597,K2 Ni3 Se4,3|K-Ni,False,-4.351632012261285,scored,,2378,local_private_WBM_raw_structure_cache_not_distributed
wbm-1-22598,K2 Ni3,2|K-Ni,False,-3.358127975463867,scored,,2379,local_private_WBM_raw_structure_cache_not_distributed
wbm-1-22606,K2 Pd3,2|K-Pd,False,-3.5473575592041016,scored,,2380,local_private_WBM_raw_structure_cache_not_distributed
wbm-1-22610,K4 Pd2 Sb4,3|K-Pd,True,-3.609529495239258,scored,,2381,local_private_WBM_raw_structure_cache_not_distributed
wbm-1-22614,K2 Pt3,2|K-Pt,True,-4.200764846801758,scored,,2382,local_private_WBM_raw_structure_cache_not_distributed
wbm-1-22618,K8 Rb4,2|K-Rb,False,-0.996340274810791,scored,,2383,local_private_WBM_raw_structure_cache_not_distributed
wbm-1-22619,K2 Rh3,2|K-Rh,False,-4.34465217590332,scored,,2384,local_private_WBM_raw_structure_cache_not_distributed
wbm-1-22620,K4 Rh2 Sb2,3|K-Rh,False,-3.5718491077423096,scored,,2385,local_private_WBM_raw_structure_cache_not_distributed
wbm-1-22622,K2 Ru1 Te2,3|K-Ru,False,-4.100546646118164,scored,,2386,local_private_WBM_raw_structure_cache_not_distributed
wbm-1-22623,Ba2 Hg2 K4 Sb4,4|Ba-Hg,True,-2.726524035135905,scored,,2387,local_private_WBM_raw_structure_cache_not_distributed
wbm-1-22624,K4 Pt2 Sb2,3|K-Pt,False,-3.542541742324829,scored,,2388,local_private_WBM_raw_structure_cache_not_distributed
wbm-1-22625,K2 Sb1 Tl1,3|K-Sb,False,-2.4199323654174805,scored,,2389,local_private_WBM_raw_structure_cache_not_distributed
wbm-1-22627,Ir1 K2 Se2,3|Ir-K,False,-4.120874404907227,scored,,2390,local_private_WBM_raw_structure_cache_not_distributed
wbm-1-22633,In2 K4 Se6,3|In-K,False,-3.400477727254232,scored,,2391,local_private_WBM_raw_structure_cache_not_distributed
wbm-1-22634,K4 Pb2 Se6,3|K-Pb,False,-3.399468739827474,scored,,2392,local_private_WBM_raw_structure_cache_not_distributed
wbm-1-22635,K4 Se6 Zr2,3|K-Se,True,-4.875372568766276,scored,,2393,local_private_WBM_raw_structure_cache_not_distributed
wbm-1-22638,Hg1 K2 Pb1 Se4,4|Hg-K,False,-3.1120190620422363,scored,,2394,local_private_WBM_raw_structure_cache_not_distributed
wbm-1-22643,K8 Se4,2|K-Se,False,-2.9682639439900718,scored,,2395,local_private_WBM_raw_structure_cache_not_distributed
wbm-1-22647,K4 Sn6,2|K-Sn,False,-3.0219682693481444,scored,,2396,local_private_WBM_raw_structure_cache_not_distributed
wbm-1-22649,K4 Sn2 Te6,3|K-Sn,False,-3.307287851969401,scored,,2397,local_private_WBM_raw_structure_cache_not_distributed
wbm-1-22651,Ac1 K2 Sr1,3|Ac-K,False,-1.5412423610687256,scored,,2398,local_private_WBM_raw_structure_cache_not_distributed
wbm-1-22653,K4 Sr2,2|K-Sr,False,-1.1547107696533203,scored,,2399,local_private_WBM_raw_structure_cache_not_distributed
wbm-1-22656,K4 Te6,2|K-Te,False,-3.003022575378418,scored,,2400,local_private_WBM_raw_structure_cache_not_distributed
wbm-1-22665,Bi1 K2 Tl1,3|Bi-K,False,-2.3490262031555176,scored,,2401,local_private_WBM_raw_structure_cache_not_distributed
wbm-1-22666,K2 Zn7,2|K-Zn,False,-1.1798606448703342,scored,,2402,local_private_WBM_raw_structure_cache_not_distributed
wbm-1-22672,K2 Se4 Sn1 Zn1,4|K-Se,False,-3.5190927982330322,scored,,2403,local_private_WBM_raw_structure_cache_not_distributed
wbm-1-22673,K4 Sb4 Sr2 Zn2,4|K-Sb,True,-2.798175811767578,scored,,2404,local_private_WBM_raw_structure_cache_not_distributed
wbm-1-22674,Ag3 K3 Sb2,3|Ag-K,True,-2.8602261543273926,scored,,2405,local_private_WBM_raw_structure_cache_not_distributed
wbm-1-22693,Hg1 K3,2|Hg-K,False,-0.9266633987426758,scored,,2406,local_private_WBM_raw_structure_cache_not_distributed
wbm-1-22694,K3 La1,2|K-La,False,-1.5342216491699219,scored,,2407,local_private_WBM_raw_structure_cache_not_distributed
wbm-1-22700,K6 Pb2,2|K-Pb,False,-1.8116129636764526,scored,,2408,local_private_WBM_raw_structure_cache_not_distributed
wbm-1-22714,K3 Nb1 Se4,3|K-Nb,False,-4.513751029968262,scored,,2409,local_private_WBM_raw_structure_cache_not_distributed
wbm-1-22722,K3 Y1,2|K-Y,False,-1.862370491027832,scored,,2410,local_private_WBM_raw_structure_cache_not_distributed
wbm-1-22736,Bi4 K5,2|Bi-K,False,-2.683587816026476,scored,,2411,local_private_WBM_raw_structure_cache_not_distributed
wbm-1-22752,Ag2 Hf2 K2 Te6,4|Ag-Hf,True,-4.657731691996257,scored,,2412,local_private_WBM_raw_structure_cache_not_distributed
wbm-1-22839,Br2 K2,2|Br-K,False,-3.0818443298339844,scored,,2413,local_private_WBM_raw_structure_cache_not_distributed
wbm-1-22844,Ca6 K2,2|Ca-K,False,-1.6047053337097168,scored,,2414,local_private_WBM_raw_structure_cache_not_distributed
wbm-1-22892,Cr1 K1 Se2,3|Cr-K,True,-5.227885723114014,scored,,2415,local_private_WBM_raw_structure_cache_not_distributed
wbm-1-22916,Cu2 K2 Nb2 Se6,4|Cu-K,False,-5.100816408793132,scored,,2416,local_private_WBM_raw_structure_cache_not_distributed
wbm-1-22941,Ga6 K2,2|Ga-K,False,-2.6755456924438477,scored,,2417,local_private_WBM_raw_structure_cache_not_distributed
wbm-1-22946,Ga2 K2 Se4,3|Ga-K,True,-3.717137098312378,scored,,2418,local_private_WBM_raw_structure_cache_not_distributed
wbm-1-22950,Ge6 K2,2|Ge-K,False,-3.7672486305236816,scored,,2419,local_private_WBM_raw_structure_cache_not_distributed
wbm-1-22962,Hf2 K1,2|Hf-K,False,-6.5449879964192705,scored,,2420,local_private_WBM_raw_structure_cache_not_distributed
wbm-1-22989,I2 K2,2|I-K,False,-2.7556865215301514,scored,,2421,local_private_WBM_raw_structure_cache_not_distributed
wbm-1-22993,K1 La1 Tl2,3|K-La,False,-2.943765878677368,scored,,2422,local_private_WBM_raw_structure_cache_not_distributed
wbm-1-23026,K2 Ni2 Se6 Zr2,4|K-Ni,True,-5.42753791809082,scored,,2423,local_private_WBM_raw_structure_cache_not_distributed
wbm-1-23054,K1 Rb2 Sb1,3|K-Rb,False,-2.1020891666412354,scored,,2424,local_private_WBM_raw_structure_cache_not_distributed
wbm-1-23067,K2 Sb4,2|K-Sb,False,-3.370957374572754,scored,,2425,local_private_WBM_raw_structure_cache_not_distributed
wbm-1-23073,K1 Sc2 Tc1,3|K-Sc,False,-5.367897033691406,scored,,2426,local_private_WBM_raw_structure_cache_not_distributed
wbm-1-23089,Hf2 K2 Se4,3|Hf-K,True,-5.825157165527344,scored,,2427,local_private_WBM_raw_structure_cache_not_distributed
wbm-1-23122,Ag2 K1 Sb1 Se4,4|Ag-K,False,-3.474961280822754,scored,,2428,local_private_WBM_raw_structure_cache_not_distributed
wbm-1-23156,K1 Sr2 Tl1,3|K-Sr,False,-1.8024896383285522,scored,,2429,local_private_WBM_raw_structure_cache_not_distributed
wbm-1-23167,Ce1 K1 Te2,3|Ce-K,True,-4.688547134399414,scored,,2430,local_private_WBM_raw_structure_cache_not_distributed
wbm-1-23168,Dy1 K1 Te2,3|Dy-K,True,-4.389962673187256,scored,,2431,local_private_WBM_raw_structure_cache_not_distributed
wbm-1-23169,Eu1 K1 Te2,3|Eu-K,False,-5.573799133300781,scored,,2432,local_private_WBM_raw_structure_cache_not_distributed
wbm-1-23170,Ho1 K1 Te2,3|Ho-K,True,-4.370438098907471,scored,,2433,local_private_WBM_raw_structure_cache_not_distributed
wbm-1-23173,K1 Lu1 Te2,3|K-Lu,True,-4.320904731750488,scored,,2434,local_private_WBM_raw_structure_cache_not_distributed
wbm-1-23175,K1 Nd1 Te2,3|K-Nd,False,-4.234208583831787,scored,,2435,local_private_WBM_raw_structure_cache_not_distributed
wbm-1-23177,K1 Pr1 Te2,3|K-Pr,False,-4.264438152313232,scored,,2436,local_private_WBM_raw_structure_cache_not_distributed
wbm-1-23178,K1 Ta1 Te2,3|K-Ta,False,-4.875952243804932,scored,,2437,local_private_WBM_raw_structure_cache_not_distributed
wbm-1-23179,K1 Tb1 Te2,3|K-Tb,True,-4.401076793670654,scored,,2438,local_private_WBM_raw_structure_cache_not_distributed
wbm-1-23180,K1 Te2 Th1,3|K-Te,True,-5.011821269989014,scored,,2439,local_private_WBM_raw_structure_cache_not_distributed
wbm-1-23201,K1 Tl3,2|K-Tl,False,-2.123913288116455,scored,,2440,local_private_WBM_raw_structure_cache_not_distributed
wbm-1-23240,Ba2 K1 Zn1,3|Ba-K,False,-1.4622893333435059,scored,,2441,local_private_WBM_raw_structure_cache_not_distributed
wbm-1-23247,K2 La2 Te6 Zn2,4|K-La,False,-3.9252150853474936,scored,,2442,local_private_WBM_raw_structure_cache_not_distributed
wbm-1-23249,K1 Zr3,2|K-Zr,False,-5.773888111114502,scored,,2443,local_private_WBM_raw_structure_cache_not_distributed
wbm-1-23252,Au4 La4 Pb2,3|Au-La,True,-4.827409362792968,scored,,2444,local_private_WBM_raw_structure_cache_not_distributed
wbm-1-23254,Ir4 La4 Pb2,3|Ir-La,False,-6.798743438720703,scored,,2445,local_private_WBM_raw_structure_cache_not_distributed
wbm-1-23257,La2 Os1 Pt1,3|La-Os,False,-7.217563629150391,scored,,2446,local_private_WBM_raw_structure_cache_not_distributed
wbm-1-23258,La4 Pb2 Pt4,3|La-Pb,True,-6.156975936889649,scored,,2447,local_private_WBM_raw_structure_cache_not_distributed
wbm-1-23259,La4 Pt6,2|La-Pt,False,-6.700143432617187,scored,,2448,local_private_WBM_raw_structure_cache_not_distributed
wbm-1-23262,Bi1 La3,2|Bi-La,False,-5.111793518066406,scored,,2449,local_private_WBM_raw_structure_cache_not_distributed
wbm-1-23268,La3 Pr1,2|La-Pr,False,-4.883447647094727,scored,,2450,local_private_WBM_raw_structure_cache_not_distributed
wbm-1-23269,La3 Pu1,2|La-Pu,False,-6.916259288787842,scored,,2451,local_private_WBM_raw_structure_cache_not_distributed
wbm-1-23274,La3 U1,2|La-U,False,-6.119817733764648,scored,,2452,local_private_WBM_raw_structure_cache_not_distributed
wbm-1-23276,Au2 La1,2|Au-La,False,-4.641480445861816,scored,,2453,local_private_WBM_raw_structure_cache_not_distributed
wbm-1-23291,Ce6 La2,2|Ce-La,False,-5.588957786560059,scored,,2454,local_private_WBM_raw_structure_cache_not_distributed
wbm-1-23292,Dy6 La2,2|Dy-La,False,-4.647165298461914,scored,,2455,local_private_WBM_raw_structure_cache_not_distributed
wbm-1-23293,Er6 La2,2|Er-La,False,-4.624403953552246,scored,,2456,local_private_WBM_raw_structure_cache_not_distributed
wbm-1-23294,Eu6 La2,2|Eu-La,False,-8.885019302368164,scored,,2457,local_private_WBM_raw_structure_cache_not_distributed
wbm-1-23295,Hf5 La1,2|Hf-La,False,-8.932446797688803,scored,,2458,local_private_WBM_raw_structure_cache_not_distributed
wbm-1-23297,Hf1 La1 Os2,3|Hf-La,False,-9.420747756958008,scored,,2459,local_private_WBM_raw_structure_cache_not_distributed
wbm-1-23298,Hg2 La1 Pb1,3|Hg-La,False,-2.734351634979248,scored,,2460,local_private_WBM_raw_structure_cache_not_distributed
wbm-1-23299,Hg3 La1,2|Hg-La,False,-1.8677725791931152,scored,,2461,local_private_WBM_raw_structure_cache_not_distributed
wbm-1-23301,Ho6 La2,2|Ho-La,False,-4.632244110107422,scored,,2462,local_private_WBM_raw_structure_cache_not_distributed
wbm-1-23303,Ir3 La1,2|Ir-La,False,-7.977908134460449,scored,,2463,local_private_WBM_raw_structure_cache_not_distributed
wbm-1-23311,La2 Lu6,2|La-Lu,False,-4.59528923034668,scored,,2464,local_private_WBM_raw_structure_cache_not_distributed
wbm-1-23312,La2 Np6,2|La-Np,False,-10.31951904296875,scored,,2465,local_private_WBM_raw_structure_cache_not_distributed
wbm-1-23315,La1 Os5,2|La-Os,False,-9.93995221455892,scored,,2466,local_private_WBM_raw_structure_cache_not_distributed
wbm-1-23317,La2 Pb4,2|La-Pb,False,-4.571614583333333,scored,,2467,local_private_WBM_raw_structure_cache_not_distributed
wbm-1-23324,La1 Pt2 Tl1,3|La-Pt,False,-5.542834758758545,scored,,2468,local_private_WBM_raw_structure_cache_not_distributed
wbm-1-23335,La4 Re8,2|La-Re,False,-9.97349484761556,scored,,2469,local_private_WBM_raw_structure_cache_not_distributed
wbm-1-23338,La2 Ta6,2|La-Ta,False,-9.66350269317627,scored,,2470,local_private_WBM_raw_structure_cache_not_distributed
wbm-1-23341,La2 Tl4,2|La-Tl,False,-3.5800787607828775,scored,,2471,local_private_WBM_raw_structure_cache_not_distributed
wbm-1-23342,La2 Tm6,2|La-Tm,False,-4.540067672729492,scored,,2472,local_private_WBM_raw_structure_cache_not_distributed
wbm-1-23350,La2 Yb6,2|La-Yb,False,-2.3262763023376465,scored,,2473,local_private_WBM_raw_structure_cache_not_distributed
wbm-1-23356,Ag1 Li2 Pt1,3|Ag-Li,False,-3.5273075103759766,scored,,2474,local_private_WBM_raw_structure_cache_not_distributed
wbm-1-23373,Al1 Li2 Mn1,3|Al-Li,False,-4.203094959259033,scored,,2475,local_private_WBM_raw_structure_cache_not_distributed
wbm-1-23384,As2 Li2 Lu1,3|As-Li,False,-4.464975357055664,scored,,2476,local_private_WBM_raw_structure_cache_not_distributed
wbm-1-23403,Au2 Li4 Pb4,3|Au-Li,False,-3.2052276611328123,scored,,2477,local_private_WBM_raw_structure_cache_not_distributed
wbm-1-23405,Au1 Li2,2|Au-Li,False,-2.819782257080078,scored,,2478,local_private_WBM_raw_structure_cache_not_distributed
wbm-1-23406,Ba1 Li2 Pb1,3|Ba-Li,False,-2.699247360229492,scored,,2479,local_private_WBM_raw_structure_cache_not_distributed
wbm-1-23407,Ba4 Li8,2|Ba-Li,False,-1.8924899101257324,scored,,2480,local_private_WBM_raw_structure_cache_not_distributed
wbm-1-23410,Br3 Li2 Rb1,3|Br-Li,False,-3.2353153228759766,scored,,2481,local_private_WBM_raw_structure_cache_not_distributed
wbm-1-23420,Cd1 Li2 Sn1,3|Cd-Li,False,-2.5397260189056396,scored,,2482,local_private_WBM_raw_structure_cache_not_distributed
wbm-1-23422,Cd2 Li4,2|Cd-Li,False,-1.7624435424804688,scored,,2483,local_private_WBM_raw_structure_cache_not_distributed
wbm-1-23428,Cl3 Li2 Rb1,3|Cl-Li,False,-3.58090877532959,scored,,2484,local_private_WBM_raw_structure_cache_not_distributed
wbm-1-23443,Co1 Li2 Pb1,3|Co-Li,False,-3.5161185264587402,scored,,2485,local_private_WBM_raw_structure_cache_not_distributed
wbm-1-23447,Co2 Li4,2|Co-Li,False,-3.43151060740153,scored,,2486,local_private_WBM_raw_structure_cache_not_distributed
wbm-1-23456,Cr1 Li2 Pb1,3|Cr-Li,False,-4.1373796463012695,scored,,2487,local_private_WBM_raw_structure_cache_not_distributed
wbm-1-23463,Cs1 La1 Li2,3|Cs-La,False,-1.9993109703063965,scored,,2488,local_private_WBM_raw_structure_cache_not_distributed
wbm-1-23464,Cs1 Li2 Pt1,3|Cs-Li,False,-2.5995469093322754,scored,,2489,local_private_WBM_raw_structure_cache_not_distributed
wbm-1-23475,Cu1 Li2 Pb1,3|Cu-Li,False,-3.113898992538452,scored,,2490,local_private_WBM_raw_structure_cache_not_distributed
wbm-1-23485,Cu1 Li2,2|Cu-Li,False,-2.643568992614746,scored,,2491,local_private_WBM_raw_structure_cache_not_distributed
wbm-1-23487,Dy1 Li2 Pb1,3|Dy-Li,False,-3.366387128829956,scored,,2492,local_private_WBM_raw_structure_cache_not_distributed
wbm-1-23488,Er1 Li2 Pb1,3|Er-Li,False,-3.323733329772949,scored,,2493,local_private_WBM_raw_structure_cache_not_distributed
wbm-1-23489,Eu1 Li2 Pb1,3|Eu-Li,True,-4.810486793518066,scored,,2494,local_private_WBM_raw_structure_cache_not_distributed
wbm-1-23491,Eu4 Li8,2|Eu-Li,False,-4.66224988301595,scored,,2495,local_private_WBM_raw_structure_cache_not_distributed
wbm-1-23501,F3 Li2 Rb1,3|F-Li,False,-4.564627011617024,scored,,2496,local_private_WBM_raw_structure_cache_not_distributed
wbm-1-23518,Ca1 Ce1 F8 Li2,4|Ca-Ce,True,-5.783410390218099,scored,,2497,local_private_WBM_raw_structure_cache_not_distributed
wbm-1-23554,Fe1 Li2 Pb1,3|Fe-Li,False,-3.724616050720215,scored,,2498,local_private_WBM_raw_structure_cache_not_distributed
wbm-1-23562,Fe2 Li4,2|Fe-Li,False,-3.788243611653646,scored,,2499,local_private_WBM_raw_structure_cache_not_distributed
wbm-1-23575,Ga1 Li2 Os1,3|Ga-Li,False,-4.521265029907227,scored,,2500,local_private_WBM_raw_structure_cache_not_distributed
wbm-1-23584,Gd1 Li2 Pb1,3|Gd-Li,False,-5.746451377868652,scored,,2501,local_private_WBM_raw_structure_cache_not_distributed
wbm-1-23600,Ge1 Li2 Pt1,3|Ge-Li,True,-4.247142791748047,scored,,2502,local_private_WBM_raw_structure_cache_not_distributed
wbm-1-23604,Ge1 Li2 Pb1 Se4,4|Ge-Li,True,-3.9852585792541504,scored,,2503,local_private_WBM_raw_structure_cache_not_distributed
wbm-1-23607,Ge2 Li4,2|Ge-Li,False,-3.1418628692626953,scored,,2504,local_private_WBM_raw_structure_cache_not_distributed
wbm-1-23609,Hg1 Li2 Pb1,3|Hg-Li,False,-2.226734161376953,scored,,2505,local_private_WBM_raw_structure_cache_not_distributed
wbm-1-23611,Ho1 Li2 Pb1,3|Ho-Li,False,-3.341304302215576,scored,,2506,local_private_WBM_raw_structure_cache_not_distributed
wbm-1-23619,In1 Li2 Np1,3|In-Li,False,-4.650884628295898,scored,,2507,local_private_WBM_raw_structure_cache_not_distributed
wbm-1-23632,Hg1 Ir1 Li2,3|Hg-Ir,False,-3.313321352005005,scored,,2508,local_private_WBM_raw_structure_cache_not_distributed
wbm-1-23633,Ir1 Li2 Tl1,3|Ir-Li,False,-3.912480115890503,scored,,2509,local_private_WBM_raw_structure_cache_not_distributed
wbm-1-23635,Ir1 Li2,2|Ir-Li,True,-4.3948109944661455,scored,,2510,local_private_WBM_raw_structure_cache_not_distributed
wbm-1-23644,K1 Li2 Pb1,3|K-Li,False,-2.3388586044311523,scored,,2511,local_private_WBM_raw_structure_cache_not_distributed
wbm-1-23651,Li2 Lu1 Pb1,3|Li-Lu,False,-3.2804133892059326,scored,,2512,local_private_WBM_raw_structure_cache_not_distributed
wbm-1-23655,Ca1 Li2 Mg2 Si2,4|Ca-Li,False,-3.131110600062779,scored,,2513,local_private_WBM_raw_structure_cache_not_distributed
wbm-1-23656,Li2 Mg2 Si2 Sr1,4|Li-Mg,True,-3.0985499790736606,scored,,2514,local_private_WBM_raw_structure_cache_not_distributed
wbm-1-23664,I4 Li2 Mg1,3|I-Li,False,-2.7774881635393416,scored,,2515,local_private_WBM_raw_structure_cache_not_distributed
wbm-1-23666,Li2 Mg1 Mn1,3|Li-Mg,False,-3.470106601715088,scored,,2516,local_private_WBM_raw_structure_cache_not_distributed
wbm-1-23682,Li2 Mn1 Pb1,3|Li-Mn,False,-4.156882286071777,scored,,2517,local_private_WBM_raw_structure_cache_not_distributed
wbm-1-23688,Li4 Mn2,2|Li-Mn,False,-3.999600092569987,scored,,2518,local_private_WBM_raw_structure_cache_not_distributed
wbm-1-23697,La1 Li2 N2,3|La-Li,False,-5.783950424194336,scored,,2519,local_private_WBM_raw_structure_cache_not_distributed
wbm-1-23699,Li2 N2 Nb1,3|Li-N,False,-6.928926849365235,scored,,2520,local_private_WBM_raw_structure_cache_not_distributed
wbm-1-23717,Li2 Na1 P1,3|Li-Na,False,-3.1795248985290527,scored,,2521,local_private_WBM_raw_structure_cache_not_distributed
wbm-1-23720,Li2 Nb1 Pb1,3|Li-Nb,False,-4.089940071105957,scored,,2522,local_private_WBM_raw_structure_cache_not_distributed
wbm-1-23728,Bi1 Li2 Ni1,3|Bi-Li,False,-3.653275728225708,scored,,2523,local_private_WBM_raw_structure_cache_not_distributed
wbm-1-23738,Li2 Ni1 Pb1,3|Li-Ni,False,-3.5178027153015137,scored,,2524,local_private_WBM_raw_structure_cache_not_distributed
wbm-1-23747,Li4 Ni2,2|Li-Ni,False,-3.1585521697998047,scored,,2525,local_private_WBM_raw_structure_cache_not_distributed
wbm-1-23755,As2 Li4 N2 O4,4|As-Li,False,-5.794094085693359,scored,,2526,local_private_WBM_raw_structure_cache_not_distributed
wbm-1-23759,F2 Li4 O4 Rh2,4|F-Li,False,-5.592990875244141,scored,,2527,local_private_WBM_raw_structure_cache_not_distributed
wbm-1-23764,Li2 O2 Rh1,3|Li-O,False,-5.538755798339844,scored,,2528,local_private_WBM_raw_structure_cache_not_distributed
wbm-1-23771,Ca1 Li2 O3,3|Ca-Li,False,-5.2601470947265625,scored,,2529,local_private_WBM_raw_structure_cache_not_distributed
wbm-1-23772,Ce2 Li4 O6,3|Ce-Li,False,-6.653470993041992,scored,,2530,local_private_WBM_raw_structure_cache_not_distributed
wbm-1-23801,Li2 Nd1 O3,3|Li-Nd,False,-6.016191482543945,scored,,2531,local_private_WBM_raw_structure_cache_not_distributed
wbm-1-23802,Li2 Np1 O3,3|Li-Np,False,-7.748716354370117,scored,,2532,local_private_WBM_raw_structure_cache_not_distributed
wbm-1-23852,Al1 Li2 Ni1 O4,4|Al-Li,False,-5.756751537322998,scored,,2533,local_private_WBM_raw_structure_cache_not_distributed
wbm-1-23854,Cr1 Li2 Ni1 O4,4|Cr-Li,False,-5.92661190032959,scored,,2534,local_private_WBM_raw_structure_cache_not_distributed
wbm-1-23857,Cu1 Li2 Nb1 O4,4|Cu-Li,False,-6.622303485870361,scored,,2535,local_private_WBM_raw_structure_cache_not_distributed
wbm-1-23863,Fe1 Li2 O4 Pd1,4|Fe-Li,False,-5.631948471069336,scored,,2536,local_private_WBM_raw_structure_cache_not_distributed
wbm-1-23868,Eu1 Ge1 Li2 O4,4|Eu-Ge,True,-7.024012088775635,scored,,2537,local_private_WBM_raw_structure_cache_not_distributed
wbm-1-23871,Li2 Ni1 O4 Zr1,4|Li-Ni,False,-6.625709056854248,scored,,2538,local_private_WBM_raw_structure_cache_not_distributed
wbm-1-23873,Ba1 Li2 O4 Si1,4|Ba-Li,False,-6.468114852905273,scored,,2539,local_private_WBM_raw_structure_cache_not_distributed
wbm-1-23874,Eu1 Li2 O4 Si1,4|Eu-Li,False,-7.537723064422607,scored,,2540,local_private_WBM_raw_structure_cache_not_distributed
wbm-1-23875,Li2 O4 Si1 Sr1,4|Li-O,False,-6.509644985198975,scored,,2541,local_private_WBM_raw_structure_cache_not_distributed
wbm-1-23877,Li2 Nb1 O6 Te1,4|Li-Nb,False,-6.557362365722656,scored,,2542,local_private_WBM_raw_structure_cache_not_distributed
wbm-1-23881,Ce1 Li2 O6 Te1,4|Ce-Li,False,-6.353748321533203,scored,,2543,local_private_WBM_raw_structure_cache_not_distributed
wbm-1-23882,Hf1 Li2 O6 Te1,4|Hf-Li,False,-6.81136474609375,scored,,2544,local_private_WBM_raw_structure_cache_not_distributed
wbm-1-23890,Ca1 Hf2 Li2 O7,4|Ca-Hf,False,-7.6605072021484375,scored,,2545,local_private_WBM_raw_structure_cache_not_distributed
wbm-1-23896,Dy1 Li2 O7 Ta2,4|Dy-Li,False,-8.318516413370768,scored,,2546,local_private_WBM_raw_structure_cache_not_distributed
wbm-1-23897,Er1 Li2 O7 Ta2,4|Er-Li,False,-8.301995595296225,scored,,2547,local_private_WBM_raw_structure_cache_not_distributed
wbm-1-23899,Gd1 Li2 O7 Ta2,4|Gd-Li,False,-9.126450856526693,scored,,2548,local_private_WBM_raw_structure_cache_not_distributed
wbm-1-23900,Ho1 Li2 O7 Ta2,4|Ho-Li,False,-8.30701764424642,scored,,2549,local_private_WBM_raw_structure_cache_not_distributed
wbm-1-23901,Hf2 La1 Li2 O7,4|Hf-La,False,-8.2471923828125,scored,,2550,local_private_WBM_raw_structure_cache_not_distributed
wbm-1-23902,Li2 Lu1 O7 Ta2,4|Li-Lu,False,-8.270572662353516,scored,,2551,local_private_WBM_raw_structure_cache_not_distributed
wbm-1-23905,La1 Li2 Nb2 O7,4|La-Li,False,-7.968527475992839,scored,,2552,local_private_WBM_raw_structure_cache_not_distributed
wbm-1-23940,Li2 P2 Pu1,3|Li-P,False,-6.675099182128906,scored,,2553,local_private_WBM_raw_structure_cache_not_distributed
wbm-1-23954,Li2 Pb1 Pu1,3|Li-Pb,False,-5.5222649574279785,scored,,2554,local_private_WBM_raw_structure_cache_not_distributed
wbm-1-23962,Li2 Pd1 Pt1,3|Li-Pd,False,-4.25356388092041,scored,,2555,local_private_WBM_raw_structure_cache_not_distributed
wbm-1-23980,Li2 Pt1 Tl1,3|Li-Pt,False,-3.5057427883148193,scored,,2556,local_private_WBM_raw_structure_cache_not_distributed
wbm-1-23981,Ac1 Li2 Rb1,3|Ac-Li,False,-1.8888111114501953,scored,,2557,local_private_WBM_raw_structure_cache_not_distributed
wbm-1-23990,Li2 Rb1 Sn1,3|Li-Rb,False,-2.33483624458313,scored,,2558,local_private_WBM_raw_structure_cache_not_distributed
wbm-1-24000,Li2 Rh1 Sb1,3|Li-Rh,False,-4.412052631378174,scored,,2559,local_private_WBM_raw_structure_cache_not_distributed
wbm-1-24006,Li2 Rh1,2|Li-Rh,True,-3.8168207804361978,scored,,2560,local_private_WBM_raw_structure_cache_not_distributed
wbm-1-24009,Li2 Ru1 Sb1,3|Li-Ru,False,-4.628015041351318,scored,,2561,local_private_WBM_raw_structure_cache_not_distributed
wbm-1-24012,Li2 Ru1,2|Li-Ru,False,-4.170556386311849,scored,,2562,local_private_WBM_raw_structure_cache_not_distributed
wbm-1-24016,Li2 S2 Sb1,3|Li-S,False,-3.9654144287109374,scored,,2563,local_private_WBM_raw_structure_cache_not_distributed
wbm-1-24020,Ge1 In1 Li2 S4,4|Ge-In,False,-4.282451152801514,scored,,2564,local_private_WBM_raw_structure_cache_not_distributed
wbm-1-24022,Li2 Mo1 S4,3|Li-Mo,False,-5.245794568743024,scored,,2565,local_private_WBM_raw_structure_cache_not_distributed
wbm-1-24024,Li2 Pb1 S4 Sn1,4|Li-Pb,False,-4.293583869934082,scored,,2566,local_private_WBM_raw_structure_cache_not_distributed
wbm-1-24031,Li2 Sc1 Sn1,3|Li-Sc,False,-3.9598522186279297,scored,,2567,local_private_WBM_raw_structure_cache_not_distributed
wbm-1-24036,Li2 Se4 W1,3|Li-Se,False,-5.079844883510044,scored,,2568,local_private_WBM_raw_structure_cache_not_distributed
wbm-1-24042,Li8 Se4,2|Li-Se,False,-3.6167732874552407,scored,,2569,local_private_WBM_raw_structure_cache_not_distributed
wbm-1-24072,In1 Li2 S4 Si1,4|In-Li,False,-4.498789310455322,scored,,2570,local_private_WBM_raw_structure_cache_not_distributed
wbm-1-24074,Li2 Se4 Si1 Sn1,4|Li-Se,True,-4.1398773193359375,scored,,2571,local_private_WBM_raw_structure_cache_not_distributed
wbm-1-24075,Li2 Si1 Sr1,3|Li-Si,False,-2.974196434020996,scored,,2572,local_private_WBM_raw_structure_cache_not_distributed
wbm-1-24098,Li2 Pr1 Sn1,3|Li-Pr,False,-3.6533257961273193,scored,,2573,local_private_WBM_raw_structure_cache_not_distributed
wbm-1-24100,Li2 Sb1 Sn1,3|Li-Sb,False,-3.3124725818634033,scored,,2574,local_private_WBM_raw_structure_cache_not_distributed
wbm-1-24101,Li2 Sm1 Sn1,3|Li-Sm,False,-3.644237995147705,scored,,2575,local_private_WBM_raw_structure_cache_not_distributed
wbm-1-24102,Li2 Sn1 Tb1,3|Li-Sn,False,-3.602499485015869,scored,,2576,local_private_WBM_raw_structure_cache_not_distributed
wbm-1-24106,Li4 Sn2,2|Li-Sn,True,-2.972438176472982,scored,,2577,local_private_WBM_raw_structure_cache_not_distributed
wbm-1-24109,Li2 Sr1 Tl1,3|Li-Sr,False,-2.198634147644043,scored,,2578,local_private_WBM_raw_structure_cache_not_distributed
wbm-1-24110,Li8 Sr4,2|Li-Sr,False,-1.8415505091349285,scored,,2579,local_private_WBM_raw_structure_cache_not_distributed
wbm-1-24115,Li2 Ta1 Tl1,3|Li-Ta,False,-4.0480499267578125,scored,,2580,local_private_WBM_raw_structure_cache_not_distributed
wbm-1-24117,Li2 Tb1 Tl1,3|Li-Tb,True,-2.9355273246765137,scored,,2581,local_private_WBM_raw_structure_cache_not_distributed
wbm-1-24120,Li2 Ti1 Tl1,3|Li-Ti,False,-3.3456027507781982,scored,,2582,local_private_WBM_raw_structure_cache_not_distributed
wbm-1-24122,Li2 Pu1 Tl1,3|Li-Pu,False,-5.141973495483398,scored,,2583,local_private_WBM_raw_structure_cache_not_distributed
wbm-1-24123,Li2 Th1 Tl1,3|Li-Th,False,-3.4320781230926514,scored,,2584,local_private_WBM_raw_structure_cache_not_distributed
wbm-1-24124,Li2 Tl1 U1,3|Li-Tl,False,-4.097428321838379,scored,,2585,local_private_WBM_raw_structure_cache_not_distributed
wbm-1-24125,Li4 Tl2,2|Li-Tl,False,-2.290424029032389,scored,,2586,local_private_WBM_raw_structure_cache_not_distributed
wbm-1-24133,Li8 Yb4,2|Li-Yb,False,-1.7790357271830242,scored,,2587,local_private_WBM_raw_structure_cache_not_distributed
wbm-1-24154,Li4 Zn2,2|Li-Zn,False,-1.770962397257487,scored,,2588,local_private_WBM_raw_structure_cache_not_distributed
wbm-1-24162,Al1 Li3,2|Al-Li,False,-2.4694902896881104,scored,,2589,local_private_WBM_raw_structure_cache_not_distributed
wbm-1-24178,As1 Li3,2|As-Li,False,-3.2888927459716797,scored,,2590,local_private_WBM_raw_structure_cache_not_distributed
wbm-1-24199,Bi2 Dy1 Li3,3|Bi-Dy,True,-3.679078737894694,scored,,2591,local_private_WBM_raw_structure_cache_not_distributed
wbm-1-24200,Bi2 Er1 Li3,3|Bi-Er,True,-3.653432846069336,scored,,2592,local_private_WBM_raw_structure_cache_not_distributed
wbm-1-24201,Bi2 Eu1 Li3,3|Bi-Eu,False,-4.630216280619304,scored,,2593,local_private_WBM_raw_structure_cache_not_distributed
wbm-1-24220,Bi2 Ho1 Li3,3|Bi-Ho,True,-3.6650832494099936,scored,,2594,local_private_WBM_raw_structure_cache_not_distributed
wbm-1-24226,K2 Li6,2|K-Li,False,-1.5726008415222168,scored,,2595,local_private_WBM_raw_structure_cache_not_distributed
wbm-1-24237,Hf1 Li3 O4,3|Hf-Li,False,-6.805885314941406,scored,,2596,local_private_WBM_raw_structure_cache_not_distributed
wbm-1-24241,Cd2 Li3 O6 Sb1,4|Cd-Li,False,-5.018553733825684,scored,,2597,local_private_WBM_raw_structure_cache_not_distributed
wbm-1-24242,Co1 Li3 Nb2 O6,4|Co-Li,False,-7.0726057688395185,scored,,2598,local_private_WBM_raw_structure_cache_not_distributed
wbm-1-24244,Li3 Mn2 O6 Sb1,4|Li-Mn,False,-6.312337875366211,scored,,2599,local_private_WBM_raw_structure_cache_not_distributed
wbm-1-24255,Bi1 Li3 O6 Zn2,4|Bi-Li,False,-4.959220886230469,scored,,2600,local_private_WBM_raw_structure_cache_not_distributed
wbm-1-24276,Li3 P1,2|Li-P,False,-3.428860664367676,scored,,2601,local_private_WBM_raw_structure_cache_not_distributed
wbm-1-24278,Li3 Rb1,2|Li-Rb,False,-1.406923532485962,scored,,2602,local_private_WBM_raw_structure_cache_not_distributed
wbm-1-24313,Li3 Si1,2|Li-Si,False,-3.040266752243042,scored,,2603,local_private_WBM_raw_structure_cache_not_distributed
wbm-1-24383,Cs2 Li5,2|Cs-Li,False,-1.2976619175502233,scored,,2604,local_private_WBM_raw_structure_cache_not_distributed
wbm-1-24389,Ga2 Li5,2|Ga-Li,True,-2.509965079171317,scored,,2605,local_private_WBM_raw_structure_cache_not_distributed
wbm-1-24391,In2 Li5,2|In-Li,True,-2.4246278490339006,scored,,2606,local_private_WBM_raw_structure_cache_not_distributed
wbm-1-24436,Li5 Pb2,2|Li-Pb,False,-2.738140651157924,scored,,2607,local_private_WBM_raw_structure_cache_not_distributed
wbm-1-24437,Cl2 Li5 P1 Se4,4|Cl-Li,True,-3.804349899291992,scored,,2608,local_private_WBM_raw_structure_cache_not_distributed
wbm-1-24438,Br2 Li5 P1 S4,4|Br-Li,False,-3.9963436126708984,scored,,2609,local_private_WBM_raw_structure_cache_not_distributed
wbm-1-24511,Al1 Br6 Cs2 Li1,4|Al-Br,False,-3.2042705535888674,scored,,2610,local_private_WBM_raw_structure_cache_not_distributed
wbm-1-24514,Al1 Cl6 Li1 Rb2,4|Al-Cl,False,-3.651082992553711,scored,,2611,local_private_WBM_raw_structure_cache_not_distributed
wbm-1-24531,Al2 As4 K4 Li2,4|Al-As,True,-3.5279099146525064,scored,,2612,local_private_WBM_raw_structure_cache_not_distributed
wbm-1-24596,B2 Li1 O5 Sb1,4|B-Li,False,-6.937960730658637,scored,,2613,local_private_WBM_raw_structure_cache_not_distributed
wbm-1-24610,Be2 Li1 Mn1,3|Be-Li,False,-4.447053909301758,scored,,2614,local_private_WBM_raw_structure_cache_not_distributed
wbm-1-24630,B4 Li4 Mn4,3|B-Li,False,-6.002789815266927,scored,,2615,local_private_WBM_raw_structure_cache_not_distributed
wbm-1-24649,Br6 In1 Li1 Tl2,4|Br-In,False,-2.863259124755859,scored,,2616,local_private_WBM_raw_structure_cache_not_distributed
wbm-1-24656,Br2 Li2,2|Br-Li,False,-3.2949421405792236,scored,,2617,local_private_WBM_raw_structure_cache_not_distributed
wbm-1-24658,C2 Li1 Pd1,3|C-Li,False,-5.973659992218018,scored,,2618,local_private_WBM_raw_structure_cache_not_distributed
wbm-1-24706,Au1 Cd1 Li1 Sn1,4|Au-Cd,False,-2.8259544372558594,scored,,2619,local_private_WBM_raw_structure_cache_not_distributed
wbm-1-24756,Cl6 Ga2 In1 Li1,4|Cl-Ga,False,-3.1945384979248046,scored,,2620,local_private_WBM_raw_structure_cache_not_distributed
wbm-1-24777,Cl2 Li2,2|Cl-Li,False,-3.6564459800720215,scored,,2621,local_private_WBM_raw_structure_cache_not_distributed
wbm-1-24806,C2 Li2 Ni2 O6,4|C-Li,False,-6.07530148824056,scored,,2622,local_private_WBM_raw_structure_cache_not_distributed
wbm-1-24832,Au1 Co1 Li1 Sn1,4|Au-Co,False,-4.02504301071167,scored,,2623,local_private_WBM_raw_structure_cache_not_distributed
wbm-1-24861,Cr3 Li1,2|Cr-Li,False,-7.304939270019531,scored,,2624,local_private_WBM_raw_structure_cache_not_distributed
wbm-1-24882,As2 Cu2 Li1 Y1,4|As-Cu,True,-5.0183718999226885,scored,,2625,local_private_WBM_raw_structure_cache_not_distributed
wbm-1-24945,Eu1 Hg2 Li1,3|Eu-Hg,False,-3.5947892665863037,scored,,2626,local_private_WBM_raw_structure_cache_not_distributed
wbm-1-25163,Au1 Fe1 Li1 Sn1,4|Au-Fe,False,-4.4134016036987305,scored,,2627,local_private_WBM_raw_structure_cache_not_distributed
wbm-1-25288,Hf1 Hg2 Li1,3|Hf-Hg,False,-3.236300468444824,scored,,2628,local_private_WBM_raw_structure_cache_not_distributed
wbm-1-25296,Hg2 Li2,2|Hg-Li,False,-1.407457947731018,scored,,2629,local_private_WBM_raw_structure_cache_not_distributed
wbm-1-25302,Ce2 I6 Li2,3|Ce-I,False,-3.6892745971679686,scored,,2630,local_private_WBM_raw_structure_cache_not_distributed
wbm-1-25303,Dy2 I6 Li2,3|Dy-I,False,-3.4073863983154298,scored,,2631,local_private_WBM_raw_structure_cache_not_distributed
wbm-1-25304,Er2 I6 Li2,3|Er-I,False,-3.4038745880126955,scored,,2632,local_private_WBM_raw_structure_cache_not_distributed
wbm-1-25306,Ho2 I6 Li2,3|Ho-I,False,-3.4191963195800783,scored,,2633,local_private_WBM_raw_structure_cache_not_distributed
wbm-1-25307,I6 La2 Li2,3|I-La,False,-3.5999099731445314,scored,,2634,local_private_WBM_raw_structure_cache_not_distributed
wbm-1-25330,Cs2 I6 In1 Li1,4|Cs-I,False,-2.613474655151367,scored,,2635,local_private_WBM_raw_structure_cache_not_distributed
wbm-1-25377,K1 Li1 Se2 Zn1,4|K-Li,True,-3.3224308013916017,scored,,2636,local_private_WBM_raw_structure_cache_not_distributed
wbm-1-25409,Ag1 Li1 Mg1 Sn1,4|Ag-Li,False,-2.887068271636963,scored,,2637,local_private_WBM_raw_structure_cache_not_distributed
wbm-1-25411,Au1 Li1 Mg1 Pb1,4|Au-Li,False,-2.983978748321533,scored,,2638,local_private_WBM_raw_structure_cache_not_distributed
wbm-1-25425,Au1 Ge1 Li1 Mg1,4|Au-Ge,False,-3.2515110969543457,scored,,2639,local_private_WBM_raw_structure_cache_not_distributed
wbm-1-25430,Au1 In1 Li1 Mg1,4|Au-In,True,-2.82495379447937,scored,,2640,local_private_WBM_raw_structure_cache_not_distributed
wbm-1-25455,Ir1 Li1 Mg1 Sb1,4|Ir-Li,False,-4.609424591064453,scored,,2641,local_private_WBM_raw_structure_cache_not_distributed
wbm-1-25466,Li2 Mg2,2|Li-Mg,False,-1.7904951572418213,scored,,2642,local_private_WBM_raw_structure_cache_not_distributed
wbm-1-25714,Fe2 K2 Li2 O4,4|Fe-K,False,-5.186876678466797,scored,,2643,local_private_WBM_raw_structure_cache_not_distributed
wbm-1-25778,Cs2 Li2 O4 Zn2,4|Cs-Li,False,-4.265857315063476,scored,,2644,local_private_WBM_raw_structure_cache_not_distributed
wbm-1-25844,Li1 Mo1 O4 Rb1,4|Li-Mo,False,-6.164632524762835,scored,,2645,local_private_WBM_raw_structure_cache_not_distributed
wbm-1-25850,Ba1 Ca1 Li1 O6 Te1,5|Ba-Ca,False,-5.787792205810547,scored,,2646,local_private_WBM_raw_structure_cache_not_distributed
wbm-1-25851,Ca1 La1 Li1 O6 Te1,5|Ca-La,False,-6.422875213623047,scored,,2647,local_private_WBM_raw_structure_cache_not_distributed
wbm-1-25862,Ca1 F1 Li1 Nb2 O6,5|Ca-F,False,-7.787320223721591,scored,,2648,local_private_WBM_raw_structure_cache_not_distributed
wbm-1-25864,Ba1 F1 Li1 Nb2 O6,5|Ba-F,False,-7.797670537775213,scored,,2649,local_private_WBM_raw_structure_cache_not_distributed
wbm-1-25865,Eu1 F1 Li1 Nb2 O6,5|Eu-F,True,-8.555649497292258,scored,,2650,local_private_WBM_raw_structure_cache_not_distributed
wbm-1-25866,F1 Hf2 Li1 O6 Sr1,5|F-Hf,False,-7.764690745960582,scored,,2651,local_private_WBM_raw_structure_cache_not_distributed
wbm-1-25867,F1 Li1 O6 Sr1 Ta2,5|F-Li,False,-8.302789167924361,scored,,2652,local_private_WBM_raw_structure_cache_not_distributed
wbm-1-25875,Ba1 La1 Li1 O6 S1,5|Ba-La,False,-6.185372543334961,scored,,2653,local_private_WBM_raw_structure_cache_not_distributed
wbm-1-25878,Ba1 Li1 O6 Sr1 Te1,5|Ba-Li,False,-5.804313278198242,scored,,2654,local_private_WBM_raw_structure_cache_not_distributed
wbm-1-25879,La1 Li1 O6 Sr1 Te1,5|La-Li,False,-6.42468490600586,scored,,2655,local_private_WBM_raw_structure_cache_not_distributed
wbm-1-25880,Ba1 Ce1 Li1 O6 Te1,5|Ba-Ce,False,-6.421967315673828,scored,,2656,local_private_WBM_raw_structure_cache_not_distributed
wbm-1-25881,Ba1 Dy1 Li1 O6 Te1,5|Ba-Dy,False,-6.361093139648437,scored,,2657,local_private_WBM_raw_structure_cache_not_distributed
wbm-1-25882,Ba1 Er1 Li1 O6 Te1,5|Ba-Er,False,-6.364146423339844,scored,,2658,local_private_WBM_raw_structure_cache_not_distributed
wbm-1-25883,Ba1 Eu1 Li1 O6 Te1,5|Ba-Eu,False,-6.718395233154297,scored,,2659,local_private_WBM_raw_structure_cache_not_distributed
wbm-1-25884,Ba1 Gd1 Li1 O6 Te1,5|Ba-Gd,False,-7.21326904296875,scored,,2660,local_private_WBM_raw_structure_cache_not_distributed
wbm-1-25885,Ba1 Ho1 Li1 O6 Te1,5|Ba-Ho,False,-6.360781860351563,scored,,2661,local_private_WBM_raw_structure_cache_not_distributed
wbm-1-25898,As2 Bi1 Li1 O7,4|As-Bi,False,-5.908883528275923,scored,,2662,local_private_WBM_raw_structure_cache_not_distributed
wbm-1-25899,As2 Ce1 Li1 O7,4|As-Ce,False,-6.619058088822798,scored,,2663,local_private_WBM_raw_structure_cache_not_distributed
wbm-1-25900,As2 Dy1 Li1 O7,4|As-Dy,False,-6.547413219105113,scored,,2664,local_private_WBM_raw_structure_cache_not_distributed
wbm-1-25901,As2 Er1 Li1 O7,4|As-Er,False,-6.554310885342685,scored,,2665,local_private_WBM_raw_structure_cache_not_distributed
wbm-1-25902,As2 Eu1 Li1 O7,4|As-Eu,False,-6.856538252397017,scored,,2666,local_private_WBM_raw_structure_cache_not_distributed
wbm-1-25903,As2 Gd1 Li1 O7,4|As-Gd,False,-7.389948064630682,scored,,2667,local_private_WBM_raw_structure_cache_not_distributed
wbm-1-25904,As2 Hf1 Li1 O7,4|As-Hf,False,-7.012679360129616,scored,,2668,local_private_WBM_raw_structure_cache_not_distributed
wbm-1-25905,As2 Ho1 Li1 O7,4|As-Ho,False,-6.55118144642223,scored,,2669,local_private_WBM_raw_structure_cache_not_distributed
wbm-1-25906,As2 In1 Li1 O7,4|As-In,True,-5.875133861194957,scored,,2670,local_private_WBM_raw_structure_cache_not_distributed
wbm-1-25907,As2 La1 Li1 O7,4|As-La,False,-6.566001892089844,scored,,2671,local_private_WBM_raw_structure_cache_not_distributed
wbm-1-25923,As2 Cr1 Li1 O7,4|As-Cr,False,-6.395949623801491,scored,,2672,local_private_WBM_raw_structure_cache_not_distributed
wbm-1-25924,Ga1 Li1 O7 Sb2,4|Ga-Li,False,-5.823725613680753,scored,,2673,local_private_WBM_raw_structure_cache_not_distributed
wbm-1-25979,Li1 Os2 Pb1,3|Li-Os,False,-6.1931257247924805,scored,,2674,local_private_WBM_raw_structure_cache_not_distributed
wbm-1-25980,Li1 Os3,2|Li-Os,False,-8.577964782714844,scored,,2675,local_private_WBM_raw_structure_cache_not_distributed
wbm-1-25990,Cu2 Eu1 Li1 P2,4|Cu-Eu,True,-5.894142150878906,scored,,2676,local_private_WBM_raw_structure_cache_not_distributed
wbm-1-25992,Cu2 La1 Li1 P2,4|Cu-La,True,-5.111562093098958,scored,,2677,local_private_WBM_raw_structure_cache_not_distributed
wbm-1-26003,Ga2 K4 Li2 P4,4|Ga-K,True,-3.5407775243123374,scored,,2678,local_private_WBM_raw_structure_cache_not_distributed
wbm-1-26004,In2 K4 Li2 P4,4|In-K,True,-3.454196294148763,scored,,2679,local_private_WBM_raw_structure_cache_not_distributed
wbm-1-26044,Li2 Pd4,2|Li-Pd,False,-4.288565317789714,scored,,2680,local_private_WBM_raw_structure_cache_not_distributed
wbm-1-26098,Li1 Pt3,2|Li-Pt,False,-5.431735992431641,scored,,2681,local_private_WBM_raw_structure_cache_not_distributed
wbm-1-26106,Li1 P1 Se4 Zn1,4|Li-P,True,-3.7061361585344588,scored,,2682,local_private_WBM_raw_structure_cache_not_distributed
wbm-1-26118,Li1 Re1 Th2,3|Li-Re,False,-7.131575584411621,scored,,2683,local_private_WBM_raw_structure_cache_not_distributed
wbm-1-26227,Co1 K1 Li1 S2,4|Co-K,False,-4.484714508056641,scored,,2684,local_private_WBM_raw_structure_cache_not_distributed
wbm-1-26599,Li1 Tc1 U2,3|Li-Tc,False,-8.337739944458008,scored,,2685,local_private_WBM_raw_structure_cache_not_distributed
wbm-1-26615,Li2 Te4 Tl2,3|Li-Te,False,-3.094482421875,scored,,2686,local_private_WBM_raw_structure_cache_not_distributed
wbm-1-26736,Li1 Y1 Zn2,3|Li-Y,False,-2.9957942962646484,scored,,2687,local_private_WBM_raw_structure_cache_not_distributed
wbm-1-26743,Li1 Pd1 Sb1 Zn1,4|Li-Pd,False,-3.569563388824463,scored,,2688,local_private_WBM_raw_structure_cache_not_distributed
wbm-1-26747,Li1 Pt1 Sb1 Zn1,4|Li-Pt,False,-3.8110766410827637,scored,,2689,local_private_WBM_raw_structure_cache_not_distributed
wbm-1-26762,Li1 W1 Zr2,3|Li-W,False,-7.701543807983398,scored,,2690,local_private_WBM_raw_structure_cache_not_distributed
wbm-1-26772,Au1 Lu2,2|Au-Lu,False,-4.729083061218262,scored,,2691,local_private_WBM_raw_structure_cache_not_distributed
wbm-1-26774,Hg1 Lu2,2|Hg-Lu,False,-3.429706573486328,scored,,2692,local_private_WBM_raw_structure_cache_not_distributed
wbm-1-26776,Au1 Lu2 Os1,3|Au-Lu,False,-6.439688205718994,scored,,2693,local_private_WBM_raw_structure_cache_not_distributed
wbm-1-26777,Lu2 Os1 Pt1,3|Lu-Os,False,-7.356122016906738,scored,,2694,local_private_WBM_raw_structure_cache_not_distributed
wbm-1-26779,Ir1 Lu2 Re1,3|Ir-Lu,False,-7.962131023406982,scored,,2695,local_private_WBM_raw_structure_cache_not_distributed
wbm-1-26781,Lu2 Tl1,2|Lu-Tl,False,-4.003442128499349,scored,,2696,local_private_WBM_raw_structure_cache_not_distributed
wbm-1-26782,Ac1 Lu3,2|Ac-Lu,False,-4.343667507171631,scored,,2697,local_private_WBM_raw_structure_cache_not_distributed
wbm-1-26783,Bi1 Lu3,2|Bi-Lu,False,-4.565254211425781,scored,,2698,local_private_WBM_raw_structure_cache_not_distributed
wbm-1-26784,Lu6 Pb2,2|Lu-Pb,False,-4.550004005432129,scored,,2699,local_private_WBM_raw_structure_cache_not_distributed
wbm-1-26800,Hf5 Lu1,2|Hf-Lu,False,-8.98333740234375,scored,,2700,local_private_WBM_raw_structure_cache_not_distributed
wbm-1-26802,Hf1 Lu1 Os2,3|Hf-Lu,False,-9.701845169067383,scored,,2701,local_private_WBM_raw_structure_cache_not_distributed
wbm-1-26803,Hg2 Lu1 Tl1,3|Hg-Lu,False,-2.0761337280273438,scored,,2702,local_private_WBM_raw_structure_cache_not_distributed
wbm-1-26806,Ir9 Lu3,2|Ir-Lu,False,-8.365662256876627,scored,,2703,local_private_WBM_raw_structure_cache_not_distributed
wbm-1-26811,Lu2 Os4,2|Lu-Os,False,-9.340904235839844,scored,,2704,local_private_WBM_raw_structure_cache_not_distributed
wbm-1-26814,Lu2 Pt4,2|Lu-Pt,False,-6.67019780476888,scored,,2705,local_private_WBM_raw_structure_cache_not_distributed
wbm-1-26820,Lu1 Re2 Ta1,3|Lu-Re,False,-10.512763023376465,scored,,2706,local_private_WBM_raw_structure_cache_not_distributed
wbm-1-26822,Lu2 W4,2|Lu-W,False,-10.252765655517578,scored,,2707,local_private_WBM_raw_structure_cache_not_distributed
wbm-1-26829,Ag1 Mg2 Os1,3|Ag-Mg,False,-4.197645664215088,scored,,2708,local_private_WBM_raw_structure_cache_not_distributed
wbm-1-26830,Ag4 Mg8,2|Ag-Mg,False,-2.188076655069987,scored,,2709,local_private_WBM_raw_structure_cache_not_distributed
wbm-1-26833,Al2 Mg2 S5,3|Al-Mg,False,-4.7034962972005205,scored,,2710,local_private_WBM_raw_structure_cache_not_distributed
wbm-1-26840,Al1 Mg2,2|Al-Mg,False,-2.269855499267578,scored,,2711,local_private_WBM_raw_structure_cache_not_distributed
wbm-1-26845,As2 Mg2 Yb1,3|As-Mg,True,-3.7466064453125,scored,,2712,local_private_WBM_raw_structure_cache_not_distributed
wbm-1-26848,As2 Mg4,2|As-Mg,False,-3.1123037338256836,scored,,2713,local_private_WBM_raw_structure_cache_not_distributed
wbm-1-26849,Au1 Mg2,2|Au-Mg,False,-2.6171433130900064,scored,,2714,local_private_WBM_raw_structure_cache_not_distributed
wbm-1-26851,Ba1 La1 Mg2,3|Ba-La,False,-2.5438344478607178,scored,,2715,local_private_WBM_raw_structure_cache_not_distributed
wbm-1-26852,Ba2 Mg4,2|Ba-Mg,False,-1.792256196339925,scored,,2716,local_private_WBM_raw_structure_cache_not_distributed
wbm-1-26857,Ca1 Gd1 Mg2,3|Ca-Gd,False,-4.885926246643066,scored,,2717,local_private_WBM_raw_structure_cache_not_distributed
wbm-1-26861,Ca1 Mg2 Nd1,3|Ca-Mg,True,-2.5811054706573486,scored,,2718,local_private_WBM_raw_structure_cache_not_distributed
wbm-1-26874,Ca2 Mg4,2|Ca-Mg,False,-1.7962835629781086,scored,,2719,local_private_WBM_raw_structure_cache_not_distributed
wbm-1-26877,Cd1 Mg2 Pt1,3|Cd-Mg,False,-3.021176815032959,scored,,2720,local_private_WBM_raw_structure_cache_not_distributed
wbm-1-26879,Cd4 Mg8,2|Cd-Mg,False,-1.444729169209798,scored,,2721,local_private_WBM_raw_structure_cache_not_distributed
wbm-1-26882,Cl7 Mg2 Rb3,3|Cl-Mg,False,-3.510678291320801,scored,,2722,local_private_WBM_raw_structure_cache_not_distributed
wbm-1-26886,Co1 Mg2 Pd1,3|Co-Mg,False,-4.157893657684326,scored,,2723,local_private_WBM_raw_structure_cache_not_distributed
wbm-1-26889,Co1 Mg2,2|Co-Mg,False,-3.355436325073242,scored,,2724,local_private_WBM_raw_structure_cache_not_distributed
wbm-1-26894,Cr1 Mg2 Pd1,3|Cr-Mg,False,-4.638801574707031,scored,,2725,local_private_WBM_raw_structure_cache_not_distributed
wbm-1-26896,Cr1 Mg2,2|Cr-Mg,False,-3.838320732116699,scored,,2726,local_private_WBM_raw_structure_cache_not_distributed
wbm-1-26899,Cs1 Mg2 Pb1,3|Cs-Mg,False,-1.7932924032211304,scored,,2727,local_private_WBM_raw_structure_cache_not_distributed
wbm-1-26900,Cs3 Mg6,2|Cs-Mg,False,-0.978997548421224,scored,,2728,local_private_WBM_raw_structure_cache_not_distributed
wbm-1-26909,Cu1 Mg2 Pd1,3|Cu-Mg,False,-3.557572603225708,scored,,2729,local_private_WBM_raw_structure_cache_not_distributed
wbm-1-26915,Cu4 Mg8,2|Cu-Mg,False,-2.486689726511637,scored,,2730,local_private_WBM_raw_structure_cache_not_distributed
wbm-1-26920,Fe2 Mg2 Se5,3|Fe-Mg,False,-4.663208855523004,scored,,2731,local_private_WBM_raw_structure_cache_not_distributed
wbm-1-26927,Fe1 Mg2,2|Fe-Mg,False,-3.6089280446370444,scored,,2732,local_private_WBM_raw_structure_cache_not_distributed
wbm-1-26930,Ga2 Mg2 Se5,3|Ga-Mg,False,-3.8374896579318576,scored,,2733,local_private_WBM_raw_structure_cache_not_distributed
wbm-1-26933,Ga3 Mg6,2|Ga-Mg,True,-2.2075763278537326,scored,,2734,local_private_WBM_raw_structure_cache_not_distributed
wbm-1-26934,Gd4 Mg8,2|Gd-Mg,True,-5.870357513427734,scored,,2735,local_private_WBM_raw_structure_cache_not_distributed
wbm-1-26935,Ge2 Mg2 Sr1,3|Ge-Mg,True,-3.3087303161621096,scored,,2736,local_private_WBM_raw_structure_cache_not_distributed
wbm-1-26940,Hg1 Mg2,2|Hg-Mg,False,-1.317240873972575,scored,,2737,local_private_WBM_raw_structure_cache_not_distributed
wbm-1-26943,In1 Mg2 Pb1,3|In-Mg,False,-2.4680309295654297,scored,,2738,local_private_WBM_raw_structure_cache_not_distributed
wbm-1-26945,In2 Mg4,2|In-Mg,False,-2.050393581390381,scored,,2739,local_private_WBM_raw_structure_cache_not_distributed
wbm-1-26949,Ir1 Mg2,2|Ir-Mg,False,-4.352338155110677,scored,,2740,local_private_WBM_raw_structure_cache_not_distributed
wbm-1-26951,K1 Mg2 Pb1,3|K-Mg,False,-1.9770618677139282,scored,,2741,local_private_WBM_raw_structure_cache_not_distributed
wbm-1-26952,K3 Mg6,2|K-Mg,False,-1.1744473775227864,scored,,2742,local_private_WBM_raw_structure_cache_not_distributed
wbm-1-26954,Eu1 La1 Mg2,3|Eu-La,False,-4.679803371429443,scored,,2743,local_private_WBM_raw_structure_cache_not_distributed
wbm-1-26956,La2 Mg4 Pt2,3|La-Mg,True,-4.244987964630127,scored,,2744,local_private_WBM_raw_structure_cache_not_distributed
wbm-1-26959,La2 Mg4,2|La-Mg,False,-2.8041229248046875,scored,,2745,local_private_WBM_raw_structure_cache_not_distributed
wbm-1-26961,Lu4 Mg8,2|Lu-Mg,True,-2.6109954516092935,scored,,2746,local_private_WBM_raw_structure_cache_not_distributed
wbm-1-26966,Mg2 Mn1 Pd1,3|Mg-Mn,False,-4.587924957275391,scored,,2747,local_private_WBM_raw_structure_cache_not_distributed
wbm-1-26969,Mg2 Mn1,2|Mg-Mn,False,-3.919520696004232,scored,,2748,local_private_WBM_raw_structure_cache_not_distributed
wbm-1-26972,Mg8 Nb4,2|Mg-Nb,False,-4.060848871866862,scored,,2749,local_private_WBM_raw_structure_cache_not_distributed
wbm-1-26973,Mg8 Nd4,2|Mg-Nd,False,-2.7814915974934897,scored,,2750,local_private_WBM_raw_structure_cache_not_distributed
wbm-1-26977,Au1 Mg2 Ni1,3|Au-Mg,False,-3.4598448276519775,scored,,2751,local_private_WBM_raw_structure_cache_not_distributed
wbm-1-26978,Ce2 Mg4 Ni2,3|Ce-Mg,False,-3.876441717147827,scored,,2752,local_private_WBM_raw_structure_cache_not_distributed
wbm-1-26979,Dy2 Mg4 Ni2,3|Dy-Mg,False,-3.6300787925720215,scored,,2753,local_private_WBM_raw_structure_cache_not_distributed
wbm-1-26980,Er2 Mg4 Ni2,3|Er-Mg,False,-3.608553647994995,scored,,2754,local_private_WBM_raw_structure_cache_not_distributed
wbm-1-26981,Eu2 Mg4 Ni2,3|Eu-Mg,True,-4.971172332763672,scored,,2755,local_private_WBM_raw_structure_cache_not_distributed
wbm-1-26982,Gd2 Mg4 Ni2,3|Gd-Mg,True,-5.9911789894104,scored,,2756,local_private_WBM_raw_structure_cache_not_distributed
wbm-1-26984,Ho2 Mg4 Ni2,3|Ho-Mg,False,-3.616119146347046,scored,,2757,local_private_WBM_raw_structure_cache_not_distributed
wbm-1-26986,Lu2 Mg4 Ni2,3|Lu-Mg,False,-3.594514846801758,scored,,2758,local_private_WBM_raw_structure_cache_not_distributed
wbm-1-26987,Mg4 Nd2 Ni2,3|Mg-Nd,True,-3.6534829139709473,scored,,2759,local_private_WBM_raw_structure_cache_not_distributed
wbm-1-26988,Mg2 Ni1 Pd1,3|Mg-Ni,False,-3.9900875091552734,scored,,2760,local_private_WBM_raw_structure_cache_not_distributed
wbm-1-26998,Mg2 Ni1,2|Mg-Ni,False,-3.114612261454264,scored,,2761,local_private_WBM_raw_structure_cache_not_distributed
wbm-1-27007,Mg2 Os1 Pt1,3|Mg-Os,False,-5.326402187347412,scored,,2762,local_private_WBM_raw_structure_cache_not_distributed
wbm-1-27008,Mg2 Os1,2|Mg-Os,False,-4.575876235961914,scored,,2763,local_private_WBM_raw_structure_cache_not_distributed
wbm-1-27009,Ba1 Mg2 P2,3|Ba-Mg,False,-4.114330673217774,scored,,2764,local_private_WBM_raw_structure_cache_not_distributed
wbm-1-27011,Mg2 P2 Sr1,3|Mg-P,True,-4.112854766845703,scored,,2765,local_private_WBM_raw_structure_cache_not_distributed
wbm-1-27012,Br2 Mg4 P6,3|Br-Mg,False,-4.116813023885091,scored,,2766,local_private_WBM_raw_structure_cache_not_distributed
wbm-1-27015,I2 Mg4 P6,3|I-Mg,False,-3.990937868754069,scored,,2767,local_private_WBM_raw_structure_cache_not_distributed
wbm-1-27017,Mg6 Pb3,2|Mg-Pb,False,-2.344696468777127,scored,,2768,local_private_WBM_raw_structure_cache_not_distributed
wbm-1-27033,Mg4 Pd2 Pr2,3|Mg-Pd,True,-3.803396701812744,scored,,2769,local_private_WBM_raw_structure_cache_not_distributed
wbm-1-27040,Mg4 Pd2,2|Mg-Pd,True,-3.3344809214274087,scored,,2770,local_private_WBM_raw_structure_cache_not_distributed
wbm-1-27047,Mg8 Pr4,2|Mg-Pr,False,-2.7896817525227866,scored,,2771,local_private_WBM_raw_structure_cache_not_distributed
wbm-1-27050,Mg8 Pt4,2|Mg-Pt,False,-3.7734769185384116,scored,,2772,local_private_WBM_raw_structure_cache_not_distributed
wbm-1-27051,Mg8 Pu4,2|Mg-Pu,False,-5.5854746500651045,scored,,2773,local_private_WBM_raw_structure_cache_not_distributed
wbm-1-27053,Mg2 Pb1 Rb1,3|Mg-Pb,False,-1.866387128829956,scored,,2774,local_private_WBM_raw_structure_cache_not_distributed
wbm-1-27054,Mg6 Rb3,2|Mg-Rb,False,-1.0582516988118489,scored,,2775,local_private_WBM_raw_structure_cache_not_distributed
wbm-1-27059,Mg4 Rh2,2|Mg-Rh,False,-3.9044936498006186,scored,,2776,local_private_WBM_raw_structure_cache_not_distributed
wbm-1-27064,Mg2 Pt1 Ru1,3|Mg-Pt,False,-5.02537202835083,scored,,2777,local_private_WBM_raw_structure_cache_not_distributed
wbm-1-27065,Mg2 Rh1 Ru1,3|Mg-Rh,False,-5.182559967041016,scored,,2778,local_private_WBM_raw_structure_cache_not_distributed
wbm-1-27066,Mg2 Ru1,2|Mg-Ru,False,-4.122949600219727,scored,,2779,local_private_WBM_raw_structure_cache_not_distributed
wbm-1-27068,Mg4 S6,2|Mg-S,False,-3.9650989532470704,scored,,2780,local_private_WBM_raw_structure_cache_not_distributed
wbm-1-27071,Mg4 Sb4 Tl2,3|Mg-Sb,False,-2.9172794342041017,scored,,2781,local_private_WBM_raw_structure_cache_not_distributed
wbm-1-27084,Mg2 Pr1 Sc1,3|Mg-Pr,False,-3.662238597869873,scored,,2782,local_private_WBM_raw_structure_cache_not_distributed
wbm-1-27086,Mg2 Pu1 Sc1,3|Mg-Pu,False,-5.701231956481934,scored,,2783,local_private_WBM_raw_structure_cache_not_distributed
wbm-1-27087,Mg2 Sc1 Tb1,3|Mg-Sc,False,-3.612234115600586,scored,,2784,local_private_WBM_raw_structure_cache_not_distributed
wbm-1-27090,Mg8 Sc4,2|Mg-Sc,False,-3.194944381713867,scored,,2785,local_private_WBM_raw_structure_cache_not_distributed
wbm-1-27095,Mg2 Si2 Sr1,3|Mg-Si,True,-3.51539306640625,scored,,2786,local_private_WBM_raw_structure_cache_not_distributed
wbm-1-27105,Hg1 Mg2 Si1,3|Hg-Mg,False,-2.2447285652160645,scored,,2787,local_private_WBM_raw_structure_cache_not_distributed
wbm-1-27106,Ir2 Mg4 Si2,3|Ir-Mg,True,-4.854846477508545,scored,,2788,local_private_WBM_raw_structure_cache_not_distributed
wbm-1-27116,Mg4 Ru2 Si2,3|Mg-Ru,True,-4.736848831176758,scored,,2789,local_private_WBM_raw_structure_cache_not_distributed
wbm-1-27119,Mg8 Sm4,2|Mg-Sm,False,-2.7554855346679688,scored,,2790,local_private_WBM_raw_structure_cache_not_distributed
wbm-1-27124,Mg2 Sn1 Tl1,3|Mg-Sn,False,-2.4781694412231445,scored,,2791,local_private_WBM_raw_structure_cache_not_distributed
wbm-1-27125,Mg6 Sn3,2|Mg-Sn,False,-2.5373132493760853,scored,,2792,local_private_WBM_raw_structure_cache_not_distributed
wbm-1-27126,Ac1 Mg2 Sr1,3|Ac-Mg,False,-2.2878799438476562,scored,,2793,local_private_WBM_raw_structure_cache_not_distributed
wbm-1-27132,Mg4 Sr2,2|Mg-Sr,False,-1.7040012677510579,scored,,2794,local_private_WBM_raw_structure_cache_not_distributed
wbm-1-27133,Mg4 Tb2,2|Mg-Tb,False,-2.683956782023112,scored,,2795,local_private_WBM_raw_structure_cache_not_distributed
wbm-1-27134,Mg8 Th4,2|Mg-Th,False,-3.5376914342244468,scored,,2796,local_private_WBM_raw_structure_cache_not_distributed
wbm-1-27135,Mg2 Ta1 Ti1,3|Mg-Ta,False,-5.335042953491211,scored,,2797,local_private_WBM_raw_structure_cache_not_distributed
wbm-1-27136,Mg2 Ti1 W1,3|Mg-Ti,False,-5.4454169273376465,scored,,2798,local_private_WBM_raw_structure_cache_not_distributed
wbm-1-27137,Mg8 Ti4,2|Mg-Ti,False,-3.3912277221679688,scored,,2799,local_private_WBM_raw_structure_cache_not_distributed
wbm-1-27140,Mg8 U4,2|Mg-U,False,-4.466879208882649,scored,,2800,local_private_WBM_raw_structure_cache_not_distributed
wbm-1-27142,Mg2 V1 Y1,3|Mg-V,False,-4.482193946838379,scored,,2801,local_private_WBM_raw_structure_cache_not_distributed
wbm-1-27147,Hf1 Mg2 Y1,3|Hf-Mg,False,-4.827637672424316,scored,,2802,local_private_WBM_raw_structure_cache_not_distributed
wbm-1-27151,Mg2 Nb1 Y1,3|Mg-Nb,False,-4.732386589050293,scored,,2803,local_private_WBM_raw_structure_cache_not_distributed
wbm-1-27155,Mg2 Tb1 Y1,3|Mg-Tb,False,-3.6674423217773438,scored,,2804,local_private_WBM_raw_structure_cache_not_distributed
wbm-1-27156,Mg2 Th1 Y1,3|Mg-Th,False,-4.261565208435059,scored,,2805,local_private_WBM_raw_structure_cache_not_distributed
wbm-1-27157,Mg2 U1 Y1,3|Mg-U,False,-4.874855995178223,scored,,2806,local_private_WBM_raw_structure_cache_not_distributed
wbm-1-27158,Mg6 Y3,2|Mg-Y,False,-3.2584167056613498,scored,,2807,local_private_WBM_raw_structure_cache_not_distributed
wbm-1-27161,Mg2 Y1 Yb1,3|Mg-Y,False,-2.8592934608459473,scored,,2808,local_private_WBM_raw_structure_cache_not_distributed
wbm-1-27169,Mg8 Zn4,2|Mg-Zn,False,-1.5593676567077637,scored,,2809,local_private_WBM_raw_structure_cache_not_distributed
wbm-1-27171,Mg8 Zr4,2|Mg-Zr,False,-3.8561366399129233,scored,,2810,local_private_WBM_raw_structure_cache_not_distributed
wbm-1-27190,Eu2 Mg6,2|Eu-Mg,False,-3.826903820037842,scored,,2811,local_private_WBM_raw_structure_cache_not_distributed
wbm-1-27196,Ge1 Mg3,2|Ge-Mg,False,-2.423896074295044,scored,,2812,local_private_WBM_raw_structure_cache_not_distributed
wbm-1-27212,Mg3 P2,2|Mg-P,False,-3.707520294189453,scored,,2813,local_private_WBM_raw_structure_cache_not_distributed
wbm-1-27232,Mg3 Se1,2|Mg-Se,False,-2.244978666305542,scored,,2814,local_private_WBM_raw_structure_cache_not_distributed
wbm-1-27233,Mg3 Si1,2|Mg-Si,False,-2.5131397247314453,scored,,2815,local_private_WBM_raw_structure_cache_not_distributed
wbm-1-27239,Mg3 Ta1,2|Mg-Ta,False,-3.7090582847595215,scored,,2816,local_private_WBM_raw_structure_cache_not_distributed
wbm-1-27249,Mg3 V1,2|Mg-V,False,-3.1601428985595703,scored,,2817,local_private_WBM_raw_structure_cache_not_distributed
wbm-1-27268,Ce1 Mg5,2|Ce-Mg,False,-2.270840644836426,scored,,2818,local_private_WBM_raw_structure_cache_not_distributed
wbm-1-27274,Dy1 Mg5,2|Dy-Mg,False,-2.129592259724935,scored,,2819,local_private_WBM_raw_structure_cache_not_distributed
wbm-1-27276,Er1 Mg5,2|Er-Mg,False,-2.0911760330200195,scored,,2820,local_private_WBM_raw_structure_cache_not_distributed
wbm-1-27282,Hf1 Mg5,2|Hf-Mg,False,-2.903440475463867,scored,,2821,local_private_WBM_raw_structure_cache_not_distributed
wbm-1-27284,Ho1 Mg5,2|Ho-Mg,False,-2.1134034792582193,scored,,2822,local_private_WBM_raw_structure_cache_not_distributed
wbm-1-27300,Mg5 Pm1,2|Mg-Pm,False,-2.1789251963297525,scored,,2823,local_private_WBM_raw_structure_cache_not_distributed
wbm-1-27323,Mg5 Tm1,2|Mg-Tm,False,-2.073033650716146,scored,,2824,local_private_WBM_raw_structure_cache_not_distributed
wbm-1-27331,Mg5 Yb1,2|Mg-Yb,False,-1.594470500946045,scored,,2825,local_private_WBM_raw_structure_cache_not_distributed
wbm-1-27342,Mg7 Mo1,2|Mg-Mo,False,-2.5311145782470703,scored,,2826,local_private_WBM_raw_structure_cache_not_distributed
wbm-1-27528,Bi1 Mg1,2|Bi-Mg,False,-2.832580327987671,scored,,2827,local_private_WBM_raw_structure_cache_not_distributed
wbm-1-27529,Br2 Mg1,2|Br-Mg,False,-3.034656842549642,scored,,2828,local_private_WBM_raw_structure_cache_not_distributed
wbm-1-27631,Cl4 Mg2,2|Cl-Mg,False,-3.553531010945638,scored,,2829,local_private_WBM_raw_structure_cache_not_distributed
wbm-1-27750,Cu2 Mg1 Se4 Sn1,4|Cu-Mg,False,-3.9837799072265625,scored,,2830,local_private_WBM_raw_structure_cache_not_distributed
wbm-1-27979,Ge1 Mg1 Te4 Tl2,4|Ge-Mg,False,-3.2973780632019043,scored,,2831,local_private_WBM_raw_structure_cache_not_distributed
wbm-1-28004,I4 Mg2,2|I-Mg,False,-2.52716859181722,scored,,2832,local_private_WBM_raw_structure_cache_not_distributed
wbm-1-28082,K4 Mg2 Sb4 Sr2,4|K-Mg,True,-2.946821848551432,scored,,2833,local_private_WBM_raw_structure_cache_not_distributed
wbm-1-28190,Bi1 Mg1 Ni2,3|Bi-Mg,False,-4.2790069580078125,scored,,2834,local_private_WBM_raw_structure_cache_not_distributed
wbm-1-28264,Mg1 Np1,2|Mg-Np,False,-6.870060443878174,scored,,2835,local_private_WBM_raw_structure_cache_not_distributed
wbm-1-28405,Mg1 Rb2 Sr1,3|Mg-Rb,False,-1.0172829627990723,scored,,2836,local_private_WBM_raw_structure_cache_not_distributed
wbm-1-28500,Br2 Mg2 S4 Sb2,4|Br-Mg,True,-3.993180847167969,scored,,2837,local_private_WBM_raw_structure_cache_not_distributed
wbm-1-28502,Au2 Cs2 Mg2 S4,4|Au-Cs,False,-3.8407123565673826,scored,,2838,local_private_WBM_raw_structure_cache_not_distributed
wbm-1-28503,Mg1 S2 Sn1,3|Mg-S,False,-3.8551790714263916,scored,,2839,local_private_WBM_raw_structure_cache_not_distributed
wbm-1-28551,Mg1 Re1 Sc2,3|Mg-Re,False,-6.713382720947266,scored,,2840,local_private_WBM_raw_structure_cache_not_distributed
wbm-1-28590,Bi2 I2 Mg2 Se4,4|Bi-I,False,-3.5215476989746093,scored,,2841,local_private_WBM_raw_structure_cache_not_distributed
wbm-1-28591,Mg1 Se2 Sn1,3|Mg-Se,False,-3.4965245723724365,scored,,2842,local_private_WBM_raw_structure_cache_not_distributed
wbm-1-28595,Cs2 Mg2 Se6 Y2,4|Cs-Mg,True,-4.798669815063477,scored,,2843,local_private_WBM_raw_structure_cache_not_distributed
wbm-1-28645,Mg1 Sm1 Tl2,3|Mg-Sm,False,-3.047858715057373,scored,,2844,local_private_WBM_raw_structure_cache_not_distributed
wbm-1-28675,Mg1 Np2 Sn1,3|Mg-Np,False,-7.60944128036499,scored,,2845,local_private_WBM_raw_structure_cache_not_distributed
wbm-1-28685,Mg1 Sn1 Te4 Tl2,4|Mg-Sn,False,-3.2587645053863525,scored,,2846,local_private_WBM_raw_structure_cache_not_distributed
wbm-1-28710,Mg1 Sr1 Tl3,3|Mg-Sr,False,-2.248377799987793,scored,,2847,local_private_WBM_raw_structure_cache_not_distributed
wbm-1-28750,Mg1 Tc1 Th2,3|Mg-Tc,False,-6.686299800872803,scored,,2848,local_private_WBM_raw_structure_cache_not_distributed
wbm-1-28754,Mg1 Te2 Tl1,3|Mg-Te,False,-3.057832717895508,scored,,2849,local_private_WBM_raw_structure_cache_not_distributed
wbm-1-28756,Cs2 La2 Mg2 Te6,4|Cs-La,True,-4.0716094970703125,scored,,2850,local_private_WBM_raw_structure_cache_not_distributed
wbm-1-28757,Mg1 Te3,2|Mg-Te,False,-2.8394947052001953,scored,,2851,local_private_WBM_raw_structure_cache_not_distributed
wbm-1-28799,Mg1 Tl2 U1,3|Mg-Tl,False,-4.2101945877075195,scored,,2852,local_private_WBM_raw_structure_cache_not_distributed
wbm-1-28801,Mg1 Tl3,2|Mg-Tl,False,-2.1474623680114746,scored,,2853,local_private_WBM_raw_structure_cache_not_distributed
wbm-1-28905,Mg1 Yb1 Zn2,3|Mg-Yb,False,-1.667410135269165,scored,,2854,local_private_WBM_raw_structure_cache_not_distributed
wbm-1-28939,Mg3 Tm3 Zn3,3|Mg-Tm,True,-2.7091272142198353,scored,,2855,local_private_WBM_raw_structure_cache_not_distributed
wbm-1-28946,Mg3 Zn3 Zr3,3|Mg-Zn,False,-3.9617546929253473,scored,,2856,local_private_WBM_raw_structure_cache_not_distributed
wbm-1-28975,Ag1 Mn2 Os1,3|Ag-Mn,False,-7.722017765045166,scored,,2857,local_private_WBM_raw_structure_cache_not_distributed
wbm-1-28978,Ag1 Mn2,2|Ag-Mn,False,-6.730540593465169,scored,,2858,local_private_WBM_raw_structure_cache_not_distributed
wbm-1-28985,As2 Mn2 Sr1,3|As-Mn,True,-6.391085815429688,scored,,2859,local_private_WBM_raw_structure_cache_not_distributed
wbm-1-28988,As1 Mn2,2|As-Mn,False,-7.555489857991536,scored,,2860,local_private_WBM_raw_structure_cache_not_distributed
wbm-1-28989,Au4 Mn8,2|Au-Mn,False,-6.875001271565755,scored,,2861,local_private_WBM_raw_structure_cache_not_distributed
wbm-1-28991,Ba2 Mn4 Pb4,3|Ba-Mn,False,-5.371283340454101,scored,,2862,local_private_WBM_raw_structure_cache_not_distributed
wbm-1-28992,Ba4 Mn8,2|Ba-Mn,False,-5.904935836791992,scored,,2863,local_private_WBM_raw_structure_cache_not_distributed
wbm-1-28994,Bi2 Mn4,2|Bi-Mn,False,-6.806552251180013,scored,,2864,local_private_WBM_raw_structure_cache_not_distributed
wbm-1-28999,Cd1 Mn2 Sn1,3|Cd-Mn,False,-5.623716354370117,scored,,2865,local_private_WBM_raw_structure_cache_not_distributed
wbm-1-29001,Cd1 Mn2,2|Cd-Mn,False,-6.039817174275716,scored,,2866,local_private_WBM_raw_structure_cache_not_distributed
wbm-1-29002,Ce4 Mn8,2|Ce-Mn,False,-7.9785512288411455,scored,,2867,local_private_WBM_raw_structure_cache_not_distributed
wbm-1-29007,Co1 Mn2 Os1,3|Co-Mn,False,-9.011384963989258,scored,,2868,local_private_WBM_raw_structure_cache_not_distributed
wbm-1-29020,Cu1 Mn2 Os1,3|Cu-Mn,False,-8.28614330291748,scored,,2869,local_private_WBM_raw_structure_cache_not_distributed
wbm-1-29029,Cu1 Mn2,2|Cu-Mn,False,-7.201269785563151,scored,,2870,local_private_WBM_raw_structure_cache_not_distributed
wbm-1-29033,Eu4 Mn8,2|Eu-Mn,False,-9.132704416910807,scored,,2871,local_private_WBM_raw_structure_cache_not_distributed
wbm-1-29037,Fe1 Mn2 Os1,3|Fe-Mn,False,-9.374152183532715,scored,,2872,local_private_WBM_raw_structure_cache_not_distributed
wbm-1-29044,Fe4 Mn8,2|Fe-Mn,False,-8.702658335367838,scored,,2873,local_private_WBM_raw_structure_cache_not_distributed
wbm-1-29045,Ga6 Mn4,2|Ga-Mn,False,-5.5147560119628904,scored,,2874,local_private_WBM_raw_structure_cache_not_distributed
wbm-1-29048,Ga4 Mn2 Y1,3|Ga-Mn,False,-5.53404290335519,scored,,2875,local_private_WBM_raw_structure_cache_not_distributed
wbm-1-29064,Gd4 Mn8,2|Gd-Mn,False,-10.566362380981445,scored,,2876,local_private_WBM_raw_structure_cache_not_distributed
wbm-1-29066,Ge1 Mn2 Nb1,3|Ge-Mn,False,-8.393011093139648,scored,,2877,local_private_WBM_raw_structure_cache_not_distributed
wbm-1-29070,Ge2 Mn4,2|Ge-Mn,False,-7.54008420308431,scored,,2878,local_private_WBM_raw_structure_cache_not_distributed
wbm-1-29074,Hf1 Mn2 Ta1,3|Hf-Mn,False,-10.160713195800781,scored,,2879,local_private_WBM_raw_structure_cache_not_distributed
wbm-1-29076,Hf2 Mn4,2|Hf-Mn,False,-9.685174942016602,scored,,2880,local_private_WBM_raw_structure_cache_not_distributed
wbm-1-29077,Hg1 Mn2,2|Hg-Mn,False,-5.69976806640625,scored,,2881,local_private_WBM_raw_structure_cache_not_distributed
wbm-1-29081,In3 Mn2,2|In-Mn,False,-5.131345748901367,scored,,2882,local_private_WBM_raw_structure_cache_not_distributed
wbm-1-29086,In1 Mn2 Re1,3|In-Mn,False,-8.040892601013184,scored,,2883,local_private_WBM_raw_structure_cache_not_distributed
wbm-1-29092,La1 Mn2,2|La-Mn,False,-7.501537322998047,scored,,2884,local_private_WBM_raw_structure_cache_not_distributed
wbm-1-29097,Mn2 Mo1 Os1,3|Mn-Mo,False,-9.98259162902832,scored,,2885,local_private_WBM_raw_structure_cache_not_distributed
wbm-1-29103,Mn2 Mo1,2|Mn-Mo,False,-9.658367792765299,scored,,2886,local_private_WBM_raw_structure_cache_not_distributed
wbm-1-29106,Mn2 Nb1 Sn1,3|Mn-Nb,False,-8.159439086914062,scored,,2887,local_private_WBM_raw_structure_cache_not_distributed
wbm-1-29108,Mn4 Nb2,2|Mn-Nb,False,-9.6353759765625,scored,,2888,local_private_WBM_raw_structure_cache_not_distributed
wbm-1-29110,Mn4 Ni4 Sn2,3|Mn-Ni,False,-6.842581176757813,scored,,2889,local_private_WBM_raw_structure_cache_not_distributed
wbm-1-29111,Ir1 Mn2 Ni1,3|Ir-Mn,False,-8.235344886779785,scored,,2890,local_private_WBM_raw_structure_cache_not_distributed
wbm-1-29112,La2 Mn4 Ni2,3|La-Mn,False,-7.095312595367432,scored,,2891,local_private_WBM_raw_structure_cache_not_distributed
wbm-1-29121,Mn4 Ni2,2|Mn-Ni,False,-7.810240427652995,scored,,2892,local_private_WBM_raw_structure_cache_not_distributed
wbm-1-29122,Au1 Mn2 Os1,3|Au-Mn,False,-7.934195041656494,scored,,2893,local_private_WBM_raw_structure_cache_not_distributed
wbm-1-29123,Mn2 Os1 Pt1,3|Mn-Os,False,-8.884136199951172,scored,,2894,local_private_WBM_raw_structure_cache_not_distributed
wbm-1-29124,Mn2 Pb1,2|Mn-Pb,False,-6.455715179443359,scored,,2895,local_private_WBM_raw_structure_cache_not_distributed
wbm-1-29125,Mn4 Pd6,2|Mn-Pd,False,-6.834613037109375,scored,,2896,local_private_WBM_raw_structure_cache_not_distributed
wbm-1-29131,Mn2 Pd1 Re1,3|Mn-Pd,False,-8.705573081970215,scored,,2897,local_private_WBM_raw_structure_cache_not_distributed
wbm-1-29134,Mn4 Pt2,2|Mn-Pt,False,-7.924109776814778,scored,,2898,local_private_WBM_raw_structure_cache_not_distributed
wbm-1-29136,Mn8 Pu4,2|Mn-Pu,False,-10.480281194051107,scored,,2899,local_private_WBM_raw_structure_cache_not_distributed
wbm-1-29139,Mn2 Pt1 Re1,3|Mn-Pt,False,-9.058215141296387,scored,,2900,local_private_WBM_raw_structure_cache_not_distributed
wbm-1-29140,Mn2 Re1,2|Mn-Re,False,-10.16956647237142,scored,,2901,local_private_WBM_raw_structure_cache_not_distributed
wbm-1-29149,Mn2 Re1 Rh1,3|Mn-Re,False,-9.374067306518555,scored,,2902,local_private_WBM_raw_structure_cache_not_distributed
wbm-1-29150,Mn2 Rh1 Sb1,3|Mn-Rh,False,-7.4739179611206055,scored,,2903,local_private_WBM_raw_structure_cache_not_distributed
wbm-1-29152,Mn2 Rh1,2|Mn-Rh,False,-8.555580774943033,scored,,2904,local_private_WBM_raw_structure_cache_not_distributed
wbm-1-29162,Mn4 Sb4 Tl2,3|Mn-Sb,False,-5.4117584228515625,scored,,2905,local_private_WBM_raw_structure_cache_not_distributed
wbm-1-29167,Mn8 Sb4,2|Mn-Sb,False,-7.310211817423503,scored,,2906,local_private_WBM_raw_structure_cache_not_distributed
wbm-1-29168,Mn2 Se2 Tl1,3|Mn-Se,False,-5.821113204956054,scored,,2907,local_private_WBM_raw_structure_cache_not_distributed
wbm-1-29169,Mn4 Se6,2|Mn-Se,True,-6.026035308837891,scored,,2908,local_private_WBM_raw_structure_cache_not_distributed
wbm-1-29171,Ce2 Mn4 Sn4,3|Ce-Mn,False,-6.533308410644532,scored,,2909,local_private_WBM_raw_structure_cache_not_distributed
wbm-1-29178,Mn2 Sn1,2|Mn-Sn,False,-6.912343978881836,scored,,2910,local_private_WBM_raw_structure_cache_not_distributed
wbm-1-29181,Ac1 Mn2 Sr1,3|Ac-Mn,False,-5.488617420196533,scored,,2911,local_private_WBM_raw_structure_cache_not_distributed
wbm-1-29183,Mn8 Sr4,2|Mn-Sr,False,-5.98470942179362,scored,,2912,local_private_WBM_raw_structure_cache_not_distributed
wbm-1-29186,Mn2 Ta1,2|Mn-Ta,False,-10.143579483032227,scored,,2913,local_private_WBM_raw_structure_cache_not_distributed
wbm-1-29191,Hg1 Mn2 Tc1,3|Hg-Mn,False,-6.739422798156738,scored,,2914,local_private_WBM_raw_structure_cache_not_distributed
wbm-1-29197,Mn2 Ru1 Tc1,3|Mn-Ru,False,-9.43635368347168,scored,,2915,local_private_WBM_raw_structure_cache_not_distributed
wbm-1-29198,Mn2 Tc1 Tl1,3|Mn-Tc,False,-7.19584846496582,scored,,2916,local_private_WBM_raw_structure_cache_not_distributed
wbm-1-29199,Mn4 Ta2 Te6,3|Mn-Ta,False,-6.829172134399414,scored,,2917,local_private_WBM_raw_structure_cache_not_distributed
wbm-1-29200,Mn4 Te6,2|Mn-Te,True,-5.590050125122071,scored,,2918,local_private_WBM_raw_structure_cache_not_distributed
wbm-1-29202,Mn2 Pb1 Tl1,3|Mn-Pb,False,-5.525827407836914,scored,,2919,local_private_WBM_raw_structure_cache_not_distributed
wbm-1-29203,Mn2 Tl1,2|Mn-Tl,False,-6.28622563680013,scored,,2920,local_private_WBM_raw_structure_cache_not_distributed
wbm-1-29205,Mn8 U4,2|Mn-U,False,-9.917378743489584,scored,,2921,local_private_WBM_raw_structure_cache_not_distributed
wbm-1-29214,Mn2 Y1 Zr1,3|Mn-Y,False,-8.139857292175293,scored,,2922,local_private_WBM_raw_structure_cache_not_distributed
wbm-1-29230,Mn2 Zn1,2|Mn-Zn,False,-6.404840469360352,scored,,2923,local_private_WBM_raw_structure_cache_not_distributed
wbm-1-29232,Mn2 Zn1 Zr1,3|Mn-Zn,False,-6.937359809875488,scored,,2924,local_private_WBM_raw_structure_cache_not_distributed
wbm-1-29234,Mn4 Sn2 Zr4,3|Mn-Sn,False,-8.06775131225586,scored,,2925,local_private_WBM_raw_structure_cache_not_distributed
wbm-1-29244,Mn2 W1 Zr1,3|Mn-W,False,-9.951472282409668,scored,,2926,local_private_WBM_raw_structure_cache_not_distributed
wbm-1-29245,Mn2 Zr1,2|Mn-Zr,False,-9.052230834960938,scored,,2927,local_private_WBM_raw_structure_cache_not_distributed
wbm-1-29246,Ac2 Mn6,2|Ac-Mn,False,-7.345880508422852,scored,,2928,local_private_WBM_raw_structure_cache_not_distributed
wbm-1-29261,Co1 Mn3,2|Co-Mn,False,-8.58007526397705,scored,,2929,local_private_WBM_raw_structure_cache_not_distributed
wbm-1-29291,Ir1 Mn3,2|Ir-Mn,False,-9.144091606140137,scored,,2930,local_private_WBM_raw_structure_cache_not_distributed
wbm-1-29309,Mn6 Os2,2|Mn-Os,False,-9.6251802444458,scored,,2931,local_private_WBM_raw_structure_cache_not_distributed
wbm-1-29328,Mn3 Ru1,2|Mn-Ru,False,-9.105073928833008,scored,,2932,local_private_WBM_raw_structure_cache_not_distributed
wbm-1-29342,Cs2 Mn3 Se4,3|Cs-Mn,False,-5.32431877983941,scored,,2933,local_private_WBM_raw_structure_cache_not_distributed
wbm-1-29355,Mn6 Tc2,2|Mn-Tc,False,-9.484050750732422,scored,,2934,local_private_WBM_raw_structure_cache_not_distributed
wbm-1-29363,Mn6 W2,2|Mn-W,False,-10.102020263671875,scored,,2935,local_private_WBM_raw_structure_cache_not_distributed
wbm-1-29365,Mn6 Y2,2|Mn-Y,False,-8.119651794433594,scored,,2936,local_private_WBM_raw_structure_cache_not_distributed
wbm-1-29472,Br4 Mn2,2|Br-Mn,False,-4.95663579305013,scored,,2937,local_private_WBM_raw_structure_cache_not_distributed
wbm-1-29553,Cu2 Mn2 Se6 Tl2,4|Cu-Mn,True,-4.650953928629558,scored,,2938,local_private_WBM_raw_structure_cache_not_distributed
wbm-1-29664,Bi2 Hf6 Mn1,3|Bi-Hf,True,-8.742463853624132,scored,,2939,local_private_WBM_raw_structure_cache_not_distributed
wbm-1-29683,I4 Mn2,2|I-Mn,False,-4.443251927693685,scored,,2940,local_private_WBM_raw_structure_cache_not_distributed
wbm-1-29765,Bi1 Mn1 Ni2,3|Bi-Mn,False,-6.023158073425293,scored,,2941,local_private_WBM_raw_structure_cache_not_distributed
wbm-1-29846,Mn1 Rb3,2|Mn-Rb,False,-2.3254623413085938,scored,,2942,local_private_WBM_raw_structure_cache_not_distributed
wbm-1-29848,Ag2 Mn2 Rb2 Te6,4|Ag-Mn,True,-4.093242645263672,scored,,2943,local_private_WBM_raw_structure_cache_not_distributed
wbm-1-29849,I6 Mn2 Rb2,3|I-Mn,False,-3.798908996582031,scored,,2944,local_private_WBM_raw_structure_cache_not_distributed
wbm-1-29871,Dy2 Mn1 Rh1,3|Dy-Mn,False,-6.734897613525391,scored,,2945,local_private_WBM_raw_structure_cache_not_distributed
wbm-1-29872,Er2 Mn1 Rh1,3|Er-Mn,False,-6.7602458000183105,scored,,2946,local_private_WBM_raw_structure_cache_not_distributed
wbm-1-29873,Ho2 Mn1 Rh1,3|Ho-Mn,False,-6.740610122680664,scored,,2947,local_private_WBM_raw_structure_cache_not_distributed
wbm-1-29874,Lu2 Mn1 Rh1,3|Lu-Mn,False,-6.79612922668457,scored,,2948,local_private_WBM_raw_structure_cache_not_distributed
wbm-1-29875,Mn1 Pu2 Rh1,3|Mn-Pu,False,-10.401071548461914,scored,,2949,local_private_WBM_raw_structure_cache_not_distributed
wbm-1-29955,Mn1 Sr2 Tl1,3|Mn-Sr,False,-3.6213278770446777,scored,,2950,local_private_WBM_raw_structure_cache_not_distributed
wbm-1-29991,Mn1 Te2 Tl1,3|Mn-Te,False,-4.574756145477295,scored,,2951,local_private_WBM_raw_structure_cache_not_distributed
wbm-1-30028,Mn1 Tl1 Y2,3|Mn-Tl,False,-6.086746692657471,scored,,2952,local_private_WBM_raw_structure_cache_not_distributed
wbm-1-30120,Ce2 Mo4,2|Ce-Mo,False,-8.970507303873697,scored,,2953,local_private_WBM_raw_structure_cache_not_distributed
wbm-1-30121,Dy2 Mo4,2|Dy-Mo,False,-8.683883666992188,scored,,2954,local_private_WBM_raw_structure_cache_not_distributed
wbm-1-30122,Er2 Mo4,2|Er-Mo,False,-8.706825892130533,scored,,2955,local_private_WBM_raw_structure_cache_not_distributed
wbm-1-30123,Gd2 Mo4,2|Gd-Mo,False,-11.834861755371094,scored,,2956,local_private_WBM_raw_structure_cache_not_distributed
wbm-1-30124,Ho2 Mo4,2|Ho-Mo,False,-8.710992813110352,scored,,2957,local_private_WBM_raw_structure_cache_not_distributed
wbm-1-30125,Lu2 Mo4,2|Lu-Mo,False,-8.790568669637045,scored,,2958,local_private_WBM_raw_structure_cache_not_distributed
wbm-1-30126,Mo4 Pu2,2|Mo-Pu,False,-11.53765869140625,scored,,2959,local_private_WBM_raw_structure_cache_not_distributed
wbm-1-30127,Mo4 Sb6,2|Mo-Sb,False,-6.773827362060547,scored,,2960,local_private_WBM_raw_structure_cache_not_distributed
wbm-1-30128,Mo4 Ta2,2|Mo-Ta,False,-11.2151247660319,scored,,2961,local_private_WBM_raw_structure_cache_not_distributed
wbm-1-30129,Mo4 Tb2,2|Mo-Tb,False,-8.698413213094076,scored,,2962,local_private_WBM_raw_structure_cache_not_distributed
wbm-1-30130,Mo4 Th2,2|Mo-Th,False,-9.431618372599283,scored,,2963,local_private_WBM_raw_structure_cache_not_distributed
wbm-1-30131,Mo4 Tm2,2|Mo-Tm,False,-8.713196436564127,scored,,2964,local_private_WBM_raw_structure_cache_not_distributed
wbm-1-30132,Mo4 U2,2|Mo-U,False,-10.66230837504069,scored,,2965,local_private_WBM_raw_structure_cache_not_distributed
wbm-1-30133,Au2 Mo6,2|Au-Mo,False,-8.762839317321777,scored,,2966,local_private_WBM_raw_structure_cache_not_distributed
wbm-1-30134,Hf1 Mo3,2|Hf-Mo,False,-10.592814445495605,scored,,2967,local_private_WBM_raw_structure_cache_not_distributed
wbm-1-30135,In8 Mo3,2|In-Mo,False,-4.483320756392046,scored,,2968,local_private_WBM_raw_structure_cache_not_distributed
wbm-1-30137,Mo6 Pb2,2|Mo-Pb,False,-8.476364135742188,scored,,2969,local_private_WBM_raw_structure_cache_not_distributed
wbm-1-30138,Mo6 Pd2,2|Mo-Pd,False,-9.407891273498535,scored,,2970,local_private_WBM_raw_structure_cache_not_distributed
wbm-1-30139,Mo6 Re2,2|Mo-Re,False,-11.234212875366211,scored,,2971,local_private_WBM_raw_structure_cache_not_distributed
wbm-1-30140,Mo6 Rh2,2|Mo-Rh,False,-10.003321647644043,scored,,2972,local_private_WBM_raw_structure_cache_not_distributed
wbm-1-30141,Mo6 Ru2,2|Mo-Ru,False,-10.464424133300781,scored,,2973,local_private_WBM_raw_structure_cache_not_distributed
wbm-1-30147,Cd7 Mo1,2|Cd-Mo,False,-1.9381103515625,scored,,2974,local_private_WBM_raw_structure_cache_not_distributed
wbm-1-30153,Hf2 Mo1 Re1,3|Hf-Mo,False,-11.083993911743164,scored,,2975,local_private_WBM_raw_structure_cache_not_distributed
wbm-1-30157,Ir2 Mo1,2|Ir-Mo,False,-9.814399083455404,scored,,2976,local_private_WBM_raw_structure_cache_not_distributed
wbm-1-30158,Ir1 Mo1 Th2,3|Ir-Mo,False,-8.685089111328125,scored,,2977,local_private_WBM_raw_structure_cache_not_distributed
wbm-1-30161,Mo2 Os6,2|Mo-Os,True,-11.15904426574707,scored,,2978,local_private_WBM_raw_structure_cache_not_distributed
wbm-1-30168,Mo1 Pd1 Ta2,3|Mo-Pd,False,-10.094542503356934,scored,,2979,local_private_WBM_raw_structure_cache_not_distributed
wbm-1-30170,Mo1 Pt3,2|Mo-Pt,False,-7.546638488769531,scored,,2980,local_private_WBM_raw_structure_cache_not_distributed
wbm-1-30177,Er2 Mo1 Rh1,3|Er-Mo,False,-6.966825008392334,scored,,2981,local_private_WBM_raw_structure_cache_not_distributed
wbm-1-30178,Gd2 Mo1 Rh1,3|Gd-Mo,False,-11.56567096710205,scored,,2982,local_private_WBM_raw_structure_cache_not_distributed
wbm-1-30179,Ho2 Mo1 Rh1,3|Ho-Mo,False,-6.918824195861816,scored,,2983,local_private_WBM_raw_structure_cache_not_distributed
wbm-1-30180,Lu2 Mo1 Rh1,3|Lu-Mo,False,-7.066073417663574,scored,,2984,local_private_WBM_raw_structure_cache_not_distributed
wbm-1-30181,Mo1 Rh1 Tb2,3|Mo-Rh,False,-6.859862804412842,scored,,2985,local_private_WBM_raw_structure_cache_not_distributed
wbm-1-30189,Mo1 Sn2,2|Mo-Sn,False,-5.759965896606445,scored,,2986,local_private_WBM_raw_structure_cache_not_distributed
wbm-1-30192,Mo1 Pt1 Ta2,3|Mo-Pt,False,-10.568188667297363,scored,,2987,local_private_WBM_raw_structure_cache_not_distributed
wbm-1-30195,Ce1 Mo1 Tc2,3|Ce-Mo,False,-9.29447078704834,scored,,2988,local_private_WBM_raw_structure_cache_not_distributed
wbm-1-30196,Dy1 Mo1 Tc2,3|Dy-Mo,False,-8.955326080322266,scored,,2989,local_private_WBM_raw_structure_cache_not_distributed
wbm-1-30197,Eu1 Mo1 Tc2,3|Eu-Mo,False,-9.933564186096191,scored,,2990,local_private_WBM_raw_structure_cache_not_distributed
wbm-1-30199,La1 Mo1 Tc2,3|La-Mo,False,-8.752628326416016,scored,,2991,local_private_WBM_raw_structure_cache_not_distributed
wbm-1-30201,Mo1 Nd1 Tc2,3|Mo-Nd,False,-8.744843482971191,scored,,2992,local_private_WBM_raw_structure_cache_not_distributed
wbm-1-30202,Mo1 Pr1 Tc2,3|Mo-Pr,False,-8.635696411132812,scored,,2993,local_private_WBM_raw_structure_cache_not_distributed
wbm-1-30203,Mo1 Pu1 Tc2,3|Mo-Pu,False,-11.004703521728516,scored,,2994,local_private_WBM_raw_structure_cache_not_distributed
wbm-1-30204,Mo1 Sm1 Tc2,3|Mo-Sm,False,-8.798961639404297,scored,,2995,local_private_WBM_raw_structure_cache_not_distributed
wbm-1-30205,Mo1 Tb1 Tc2,3|Mo-Tb,False,-8.880990028381348,scored,,2996,local_private_WBM_raw_structure_cache_not_distributed
wbm-1-30206,Mo1 Tc2 Th1,3|Mo-Tc,False,-9.576045036315918,scored,,2997,local_private_WBM_raw_structure_cache_not_distributed
wbm-1-30212,Mo1 Te2,2|Mo-Te,False,-5.9848372141520185,scored,,2998,local_private_WBM_raw_structure_cache_not_distributed
wbm-1-30214,I2 Mo2 Te8,3|I-Mo,True,-4.365405082702637,scored,,2999,local_private_WBM_raw_structure_cache_not_distributed
wbm-1-30219,Al1 N2 Sn1,3|Al-N,False,-6.469384670257568,scored,,3000,local_private_WBM_raw_structure_cache_not_distributed
wbm-1-30220,Ba4 N4 W2,3|Ba-N,False,-7.196957397460937,scored,,3001,local_private_WBM_raw_structure_cache_not_distributed
wbm-1-30221,Ba3 N2,2|Ba-N,False,-4.824425506591797,scored,,3002,local_private_WBM_raw_structure_cache_not_distributed
wbm-1-30234,Ba1 Hf1 N2,3|Ba-Hf,False,-8.29819393157959,scored,,3003,local_private_WBM_raw_structure_cache_not_distributed
wbm-1-30238,Ba2 Lu2 N4,3|Ba-Lu,False,-6.672927379608154,scored,,3004,local_private_WBM_raw_structure_cache_not_distributed
wbm-1-30261,Ca4 Mo2 N4,3|Ca-Mo,False,-6.934098815917968,scored,,3005,local_private_WBM_raw_structure_cache_not_distributed
wbm-1-30262,Ca2 N2 Ni1,3|Ca-N,False,-5.95081901550293,scored,,3006,local_private_WBM_raw_structure_cache_not_distributed
wbm-1-30288,Ca2 N4,2|Ca-N,True,-6.725278218587239,scored,,3007,local_private_WBM_raw_structure_cache_not_distributed
wbm-1-30294,Cd2 N4 Ta2,3|Cd-N,False,-7.808929443359375,scored,,3008,local_private_WBM_raw_structure_cache_not_distributed
wbm-1-30295,Ce6 N4,2|Ce-N,False,-8.10380859375,scored,,3009,local_private_WBM_raw_structure_cache_not_distributed
wbm-1-30296,Ce2 Eu2 N4,3|Ce-Eu,True,-9.504175186157227,scored,,3010,local_private_WBM_raw_structure_cache_not_distributed
wbm-1-30297,Co4 N4 Ni2,3|Co-N,False,-7.131676483154297,scored,,3011,local_private_WBM_raw_structure_cache_not_distributed
wbm-1-30302,Co2 Mo2 N4,3|Co-Mo,False,-8.654553413391113,scored,,3012,local_private_WBM_raw_structure_cache_not_distributed
wbm-1-30307,Co1 N2,2|Co-N,False,-7.610291798909505,scored,,3013,local_private_WBM_raw_structure_cache_not_distributed
wbm-1-30310,Cr2 Eu4 N4,3|Cr-Eu,True,-10.118818664550782,scored,,3014,local_private_WBM_raw_structure_cache_not_distributed
wbm-1-30312,Cr2 N4 Nb2,3|Cr-N,False,-9.637789726257324,scored,,3015,local_private_WBM_raw_structure_cache_not_distributed
wbm-1-30316,Cr1 N2,2|Cr-N,False,-8.547040303548178,scored,,3016,local_private_WBM_raw_structure_cache_not_distributed
wbm-1-30318,Cs2 Hf2 N4,3|Cs-Hf,False,-7.75469446182251,scored,,3017,local_private_WBM_raw_structure_cache_not_distributed
wbm-1-30320,Cs2 N4 Ta2,3|Cs-N,False,-8.255022048950195,scored,,3018,local_private_WBM_raw_structure_cache_not_distributed
wbm-1-30323,Cu2 N4 Sr4,3|Cu-N,False,-5.140023803710937,scored,,3019,local_private_WBM_raw_structure_cache_not_distributed
wbm-1-30325,Eu4 N4 W2,3|Eu-N,True,-10.703692626953124,scored,,3020,local_private_WBM_raw_structure_cache_not_distributed
wbm-1-30326,Eu3 N2,2|Eu-N,True,-10.35577850341797,scored,,3021,local_private_WBM_raw_structure_cache_not_distributed
wbm-1-30331,Fe4 N4 Ni2,3|Fe-N,False,-7.796302032470703,scored,,3022,local_private_WBM_raw_structure_cache_not_distributed
wbm-1-30343,Fe1 N2,2|Fe-N,False,-7.340875625610352,scored,,3023,local_private_WBM_raw_structure_cache_not_distributed
wbm-1-30349,Ge2 N4 Sr2,3|Ge-N,True,-6.274693965911865,scored,,3024,local_private_WBM_raw_structure_cache_not_distributed
wbm-1-30351,Hf6 N4,2|Hf-N,False,-10.769690704345702,scored,,3025,local_private_WBM_raw_structure_cache_not_distributed
wbm-1-30352,Ir1 N2,2|Ir-N,True,-8.089630126953125,scored,,3026,local_private_WBM_raw_structure_cache_not_distributed
wbm-1-30354,K1 N2 Nb1,3|K-N,False,-7.597963809967041,scored,,3027,local_private_WBM_raw_structure_cache_not_distributed
wbm-1-30359,Mg4 N4 Pd2,3|Mg-N,False,-5.188479232788086,scored,,3028,local_private_WBM_raw_structure_cache_not_distributed
wbm-1-30377,Mn4 N4 Ni2,3|Mn-N,False,-8.254400634765625,scored,,3029,local_private_WBM_raw_structure_cache_not_distributed
wbm-1-30391,Mn1 N2,2|Mn-N,False,-8.374373118082682,scored,,3030,local_private_WBM_raw_structure_cache_not_distributed
wbm-1-30394,Cd2 Mo2 N4,3|Cd-Mo,False,-7.188923358917236,scored,,3031,local_private_WBM_raw_structure_cache_not_distributed
wbm-1-30395,Mo3 N6,2|Mo-N,False,-9.271455552842882,scored,,3032,local_private_WBM_raw_structure_cache_not_distributed
wbm-1-30398,Ce1 N2 Na2,3|Ce-N,False,-5.618268966674805,scored,,3033,local_private_WBM_raw_structure_cache_not_distributed
wbm-1-30400,As2 N4 Na2,3|As-N,False,-5.678727149963379,scored,,3034,local_private_WBM_raw_structure_cache_not_distributed
wbm-1-30401,Hf1 N2 Na1,3|Hf-N,False,-7.970332622528076,scored,,3035,local_private_WBM_raw_structure_cache_not_distributed
wbm-1-30402,N2 Na1 Ti1,3|N-Na,False,-7.305809497833252,scored,,3036,local_private_WBM_raw_structure_cache_not_distributed
wbm-1-30405,N4 Nb6,2|N-Nb,False,-10.27069320678711,scored,,3037,local_private_WBM_raw_structure_cache_not_distributed
wbm-1-30410,N4 Ni6,2|N-Ni,False,-6.468545532226562,scored,,3038,local_private_WBM_raw_structure_cache_not_distributed
wbm-1-30416,Mo2 N4 Ni2,3|Mo-N,False,-8.331950187683105,scored,,3039,local_private_WBM_raw_structure_cache_not_distributed
wbm-1-30417,N4 Ni2 Sr4,3|N-Ni,False,-5.611827087402344,scored,,3040,local_private_WBM_raw_structure_cache_not_distributed
wbm-1-30425,Au1 Cl2 K2 N2 O4,5|Au-Cl,False,-4.957368677312678,scored,,3041,local_private_WBM_raw_structure_cache_not_distributed
wbm-1-30427,Cl2 Co1 K2 N2 O4,5|Cl-Co,False,-5.202160575173118,scored,,3042,local_private_WBM_raw_structure_cache_not_distributed
wbm-1-30429,Cl2 Cu1 K2 N2 O4,5|Cl-Cu,False,-5.073701685125178,scored,,3043,local_private_WBM_raw_structure_cache_not_distributed
wbm-1-30431,Cl2 Fe1 K2 N2 O4,5|Cl-Fe,False,-5.323478698730469,scored,,3044,local_private_WBM_raw_structure_cache_not_distributed
wbm-1-30433,Cl2 Ir1 K2 N2 O4,5|Cl-Ir,False,-5.44691293889826,scored,,3045,local_private_WBM_raw_structure_cache_not_distributed
wbm-1-30435,Cl2 K2 N2 Ni1 O4,5|Cl-K,False,-5.093665729869496,scored,,3046,local_private_WBM_raw_structure_cache_not_distributed
wbm-1-30442,Cl2 N2 O4 Pd1 Rb2,5|Cl-N,False,-5.2159905867143115,scored,,3047,local_private_WBM_raw_structure_cache_not_distributed
wbm-1-30444,Br2 K2 N2 O4 Pd1,5|Br-K,False,-5.137915524569425,scored,,3048,local_private_WBM_raw_structure_cache_not_distributed
wbm-1-30446,Ca3 N2 O1 Zn1,4|Ca-N,False,-5.424989972795759,scored,,3049,local_private_WBM_raw_structure_cache_not_distributed
wbm-1-30451,Ce2 N4 O2 Ta2,4|Ce-N,False,-9.713565063476562,scored,,3050,local_private_WBM_raw_structure_cache_not_distributed
wbm-1-30453,Dy4 N4 O2,3|Dy-N,False,-8.014383697509766,scored,,3051,local_private_WBM_raw_structure_cache_not_distributed
wbm-1-30454,Dy2 N4 O2 Ta2,4|Dy-N,False,-9.486161041259766,scored,,3052,local_private_WBM_raw_structure_cache_not_distributed
wbm-1-30455,Er4 N4 O2,3|Er-N,False,-8.053025817871093,scored,,3053,local_private_WBM_raw_structure_cache_not_distributed
wbm-1-30456,Er2 N4 O2 Ta2,4|Er-N,False,-9.481916046142578,scored,,3054,local_private_WBM_raw_structure_cache_not_distributed
wbm-1-30457,Eu2 N4 O2 Ta2,4|Eu-N,False,-10.415241241455078,scored,,3055,local_private_WBM_raw_structure_cache_not_distributed
wbm-1-30459,Gd2 N4 O2 Ta2,4|Gd-N,False,-11.387252807617188,scored,,3056,local_private_WBM_raw_structure_cache_not_distributed
wbm-1-30463,Ho4 N4 O2,3|Ho-N,False,-8.004620361328126,scored,,3057,local_private_WBM_raw_structure_cache_not_distributed
wbm-1-30464,Ho2 N4 O2 Ta2,4|Ho-N,False,-9.473192596435547,scored,,3058,local_private_WBM_raw_structure_cache_not_distributed
wbm-1-30466,Lu4 N4 O2,3|Lu-N,False,-8.051071166992188,scored,,3059,local_private_WBM_raw_structure_cache_not_distributed
wbm-1-30467,Lu2 N4 O2 Ta2,4|Lu-N,False,-9.447551727294922,scored,,3060,local_private_WBM_raw_structure_cache_not_distributed
wbm-1-30468,Ba3 Mg1 N2 O1,4|Ba-Mg,False,-5.089810507638114,scored,,3061,local_private_WBM_raw_structure_cache_not_distributed
wbm-1-30470,Ba3 Mn1 N2 O1,4|Ba-Mn,False,-6.201557159423828,scored,,3062,local_private_WBM_raw_structure_cache_not_distributed
wbm-1-30471,N4 Nb4 O2,3|N-Nb,False,-9.601150512695312,scored,,3063,local_private_WBM_raw_structure_cache_not_distributed
wbm-1-30473,La2 N4 Nb2 O2,4|La-N,False,-9.091092681884765,scored,,3064,local_private_WBM_raw_structure_cache_not_distributed
wbm-1-30474,N4 Nd2 O2 Ta2,4|N-Nd,True,-9.494940948486327,scored,,3065,local_private_WBM_raw_structure_cache_not_distributed
wbm-1-30475,Ba3 N2 Ni1 O1,4|Ba-N,False,-5.700225830078125,scored,,3066,local_private_WBM_raw_structure_cache_not_distributed
wbm-1-30476,N4 O2 Pr2 Ta2,4|N-O,False,-9.498587799072265,scored,,3067,local_private_WBM_raw_structure_cache_not_distributed
wbm-1-30477,N4 O2 Sc4,3|N-O,False,-8.656817626953124,scored,,3068,local_private_WBM_raw_structure_cache_not_distributed
wbm-1-30513,N2 Pd1,2|N-Pd,False,-7.02964973449707,scored,,3069,local_private_WBM_raw_structure_cache_not_distributed
wbm-1-30515,N2 Pt1,2|N-Pt,False,-7.294262568155925,scored,,3070,local_private_WBM_raw_structure_cache_not_distributed
wbm-1-30517,N4 Rb2 Ta2,3|N-Rb,False,-8.291385650634766,scored,,3071,local_private_WBM_raw_structure_cache_not_distributed
wbm-1-30518,N2 Rh1 W1,3|N-Rh,False,-9.30938720703125,scored,,3072,local_private_WBM_raw_structure_cache_not_distributed
wbm-1-30519,N2 Rh1,2|N-Rh,True,-7.684012730916341,scored,,3073,local_private_WBM_raw_structure_cache_not_distributed
wbm-1-30520,N2 Ru1,2|N-Ru,True,-8.692705790201822,scored,,3074,local_private_WBM_raw_structure_cache_not_distributed
wbm-1-30521,N4 Sc6,2|N-Sc,False,-8.767266845703125,scored,,3075,local_private_WBM_raw_structure_cache_not_distributed
wbm-1-30527,N4 Sc2 Sr2,3|N-Sc,False,-7.111644744873047,scored,,3076,local_private_WBM_raw_structure_cache_not_distributed
wbm-1-30536,Gd2 N2 S1,3|Gd-N,False,-11.068428802490235,scored,,3077,local_private_WBM_raw_structure_cache_not_distributed
wbm-1-30552,N4 Si2 Zn2,3|N-Si,False,-6.618618965148926,scored,,3078,local_private_WBM_raw_structure_cache_not_distributed
wbm-1-30557,N2 Pu2 S1,3|N-Pu,True,-11.18785400390625,scored,,3079,local_private_WBM_raw_structure_cache_not_distributed
wbm-1-30559,N4 Sr4 W2,3|N-Sr,False,-7.190853118896484,scored,,3080,local_private_WBM_raw_structure_cache_not_distributed
wbm-1-30560,N2 Sr3,2|N-Sr,False,-4.824924468994141,scored,,3081,local_private_WBM_raw_structure_cache_not_distributed
wbm-1-30575,La1 N2 Sr1,3|La-N,False,-6.678050994873047,scored,,3082,local_private_WBM_raw_structure_cache_not_distributed
wbm-1-30581,N2 Nd1 Sr1,3|N-Nd,False,-6.585855960845947,scored,,3083,local_private_WBM_raw_structure_cache_not_distributed
wbm-1-30583,N2 Np1 Sr1,3|N-Np,True,-8.836475372314453,scored,,3084,local_private_WBM_raw_structure_cache_not_distributed
wbm-1-30585,N2 Pr1 Sr1,3|N-Pr,False,-6.585339546203613,scored,,3085,local_private_WBM_raw_structure_cache_not_distributed
wbm-1-30589,N2 Sm1 Sr1,3|N-Sm,False,-6.635335445404053,scored,,3086,local_private_WBM_raw_structure_cache_not_distributed
wbm-1-30606,N2 S1 Sc2,3|N-S,False,-7.686300659179688,scored,,3087,local_private_WBM_raw_structure_cache_not_distributed
wbm-1-30620,N4 Ta6,2|N-Ta,False,-11.372468566894531,scored,,3088,local_private_WBM_raw_structure_cache_not_distributed
wbm-1-30621,N4 Tb6,2|N-Tb,False,-7.275434875488282,scored,,3089,local_private_WBM_raw_structure_cache_not_distributed
wbm-1-30630,N4 Ta2 Ti2,3|N-Ta,False,-10.442193984985352,scored,,3090,local_private_WBM_raw_structure_cache_not_distributed
wbm-1-30631,N4 Ti2 V2,3|N-Ti,False,-9.761704444885254,scored,,3091,local_private_WBM_raw_structure_cache_not_distributed
wbm-1-30635,N4 Tm6,2|N-Tm,False,-7.320697784423828,scored,,3092,local_private_WBM_raw_structure_cache_not_distributed
wbm-1-30636,N4 U6,2|N-U,False,-10.932467651367187,scored,,3093,local_private_WBM_raw_structure_cache_not_distributed
wbm-1-30644,N2 V1 W1,3|N-V,False,-10.320953369140625,scored,,3094,local_private_WBM_raw_structure_cache_not_distributed
wbm-1-30646,N4 W2,2|N-W,False,-9.881815592447916,scored,,3095,local_private_WBM_raw_structure_cache_not_distributed
wbm-1-30648,N4 Y6,2|N-Y,False,-8.45355224609375,scored,,3096,local_private_WBM_raw_structure_cache_not_distributed
wbm-1-30649,N4 W2 Yb4,3|N-W,True,-7.378782653808594,scored,,3097,local_private_WBM_raw_structure_cache_not_distributed
wbm-1-30650,N2 Yb3,2|N-Yb,False,-5.078820037841797,scored,,3098,local_private_WBM_raw_structure_cache_not_distributed
wbm-1-30651,N2 Tl3 Yb7,3|N-Tl,True,-3.6451422373453775,scored,,3099,local_private_WBM_raw_structure_cache_not_distributed
wbm-1-30667,N2 Tb1 Zn1,3|N-Tb,False,-6.184210777282715,scored,,3100,local_private_WBM_raw_structure_cache_not_distributed
wbm-1-30668,N2 Th1 Zn1,3|N-Th,False,-7.223217487335205,scored,,3101,local_private_WBM_raw_structure_cache_not_distributed
wbm-1-30669,N2 Tm1 Zn1,3|N-Tm,False,-6.262607097625732,scored,,3102,local_private_WBM_raw_structure_cache_not_distributed
wbm-1-30670,N2 U1 Zn1,3|N-U,False,-7.989648342132568,scored,,3103,local_private_WBM_raw_structure_cache_not_distributed
wbm-1-30672,N2 Yb2 Zn1,3|N-Yb,True,-4.954377365112305,scored,,3104,local_private_WBM_raw_structure_cache_not_distributed
wbm-1-30673,N2 Y1 Zn1,3|N-Y,False,-6.651486873626709,scored,,3105,local_private_WBM_raw_structure_cache_not_distributed
wbm-1-30682,Br2 N6 Rb4,3|Br-N,False,-5.4250132242838545,scored,,3106,local_private_WBM_raw_structure_cache_not_distributed
wbm-1-30735,Cl2 N6 Rb4,3|Cl-N,False,-5.504677454630534,scored,,3107,local_private_WBM_raw_structure_cache_not_distributed
wbm-1-30768,Dy4 N3,2|Dy-N,False,-7.609280177525112,scored,,3108,local_private_WBM_raw_structure_cache_not_distributed
wbm-1-30784,Er4 N3,2|Er-N,False,-7.694040025983538,scored,,3109,local_private_WBM_raw_structure_cache_not_distributed
wbm-1-30827,Ga2 N6,2|Ga-N,False,-6.509859085083008,scored,,3110,local_private_WBM_raw_structure_cache_not_distributed
wbm-1-30828,Gd4 N3,2|Gd-N,False,-12.926285879952568,scored,,3111,local_private_WBM_raw_structure_cache_not_distributed
wbm-1-30842,Ho4 N3,2|Ho-N,False,-7.544982365199497,scored,,3112,local_private_WBM_raw_structure_cache_not_distributed
wbm-1-30859,In2 N6,2|In-N,False,-6.523323059082031,scored,,3113,local_private_WBM_raw_structure_cache_not_distributed
wbm-1-30862,K1 N3,2|K-N,False,-6.661155700683594,scored,,3114,local_private_WBM_raw_structure_cache_not_distributed
wbm-1-30880,Lu4 N3,2|Lu-N,False,-7.596062251499721,scored,,3115,local_private_WBM_raw_structure_cache_not_distributed
wbm-1-30900,Eu2 Mn2 N6,3|Eu-Mn,True,-9.331308746337891,scored,,3116,local_private_WBM_raw_structure_cache_not_distributed
wbm-1-30901,Gd2 Mn2 N6,3|Gd-Mn,False,-10.106674194335938,scored,,3117,local_private_WBM_raw_structure_cache_not_distributed
wbm-1-30924,Ba2 Mo2 N6,3|Ba-Mo,False,-8.055025482177735,scored,,3118,local_private_WBM_raw_structure_cache_not_distributed
wbm-1-31016,Cr2 La3 N3 O4,4|Cr-La,False,-8.285334269205729,scored,,3119,local_private_WBM_raw_structure_cache_not_distributed
wbm-1-31018,Fe2 La3 N3 O4,4|Fe-La,False,-7.7472585042317705,scored,,3120,local_private_WBM_raw_structure_cache_not_distributed
wbm-1-31022,La3 Mn2 N3 O4,4|La-Mn,False,-8.14636484781901,scored,,3121,local_private_WBM_raw_structure_cache_not_distributed
wbm-1-31068,Cd1 N3 O6 Pb1,4|Cd-N,False,-5.83689394864169,scored,,3122,local_private_WBM_raw_structure_cache_not_distributed
wbm-1-31072,Cs1 Hg1 N3 O6,4|Cs-Hg,False,-5.591757687655362,scored,,3123,local_private_WBM_raw_structure_cache_not_distributed
wbm-1-31073,Cs1 N3 O6 Yb1,4|Cs-N,False,-6.262516368519176,scored,,3124,local_private_WBM_raw_structure_cache_not_distributed
wbm-1-31079,Hg1 N3 O6 Tl1,4|Hg-N,False,-5.507990750399503,scored,,3125,local_private_WBM_raw_structure_cache_not_distributed
wbm-1-31081,Ca1 K1 N3 O6,4|Ca-K,False,-6.263802961869673,scored,,3126,local_private_WBM_raw_structure_cache_not_distributed
wbm-1-31084,K1 N3 O6 Zn1,4|K-N,False,-5.807371659712358,scored,,3127,local_private_WBM_raw_structure_cache_not_distributed
wbm-1-31088,Mg1 N3 O6 Rb1,4|Mg-N,False,-6.046955455433238,scored,,3128,local_private_WBM_raw_structure_cache_not_distributed
wbm-1-31090,Cs1 Mn1 N3 O6,4|Cs-Mn,False,-6.375901655717329,scored,,3129,local_private_WBM_raw_structure_cache_not_distributed
wbm-1-31091,Mn1 N3 O6 Rb1,4|Mn-N,False,-6.353795138272372,scored,,3130,local_private_WBM_raw_structure_cache_not_distributed
wbm-1-31108,N6 Os2 Th2,3|N-Os,False,-9.014692687988282,scored,,3131,local_private_WBM_raw_structure_cache_not_distributed
wbm-1-31116,N6 Pb2,2|N-Pb,False,-6.786271572113037,scored,,3132,local_private_WBM_raw_structure_cache_not_distributed
wbm-1-31146,N3 P1 Sc1,3|N-P,False,-8.007670593261718,scored,,3133,local_private_WBM_raw_structure_cache_not_distributed
wbm-1-31147,N3 Pu4,2|N-Pu,False,-12.645239693777901,scored,,3134,local_private_WBM_raw_structure_cache_not_distributed
wbm-1-31152,N6 Re2 Th2,3|N-Re,True,-9.724530792236328,scored,,3135,local_private_WBM_raw_structure_cache_not_distributed
wbm-1-31192,N6 Sn2,2|N-Sn,False,-6.837698936462402,scored,,3136,local_private_WBM_raw_structure_cache_not_distributed
wbm-1-31207,N6 Pt2 Sr2,3|N-Pt,False,-6.772583770751953,scored,,3137,local_private_WBM_raw_structure_cache_not_distributed
wbm-1-31214,N6 Ru2 Sr2,3|N-Ru,False,-7.291441345214844,scored,,3138,local_private_WBM_raw_structure_cache_not_distributed
wbm-1-31281,N6 Tc2 Th2,3|N-Tc,False,-9.096000671386719,scored,,3139,local_private_WBM_raw_structure_cache_not_distributed
wbm-1-31294,N3 Th4,2|N-Th,False,-9.150961739676339,scored,,3140,local_private_WBM_raw_structure_cache_not_distributed
wbm-1-31295,N3 Ti4,2|N-Ti,True,-9.62783922467913,scored,,3141,local_private_WBM_raw_structure_cache_not_distributed
wbm-1-31404,N3 Zr4,2|N-Zr,False,-9.926466805594307,scored,,3142,local_private_WBM_raw_structure_cache_not_distributed
wbm-1-31438,N4 V3,2|N-V,False,-9.378611973353795,scored,,3143,local_private_WBM_raw_structure_cache_not_distributed
wbm-1-31440,As3 N5,2|As-N,False,-6.354321479797363,scored,,3144,local_private_WBM_raw_structure_cache_not_distributed
wbm-1-31593,Bi2 N2,2|Bi-N,False,-5.354641437530518,scored,,3145,local_private_WBM_raw_structure_cache_not_distributed
wbm-1-31606,Br2 Ho2 N2,3|Br-Ho,False,-6.081271489461263,scored,,3146,local_private_WBM_raw_structure_cache_not_distributed
wbm-1-31610,Br2 Lu2 N2,3|Br-Lu,False,-6.19401486714681,scored,,3147,local_private_WBM_raw_structure_cache_not_distributed
wbm-1-31663,Ca6 In2 N1 Se1,4|Ca-In,False,-3.7909446716308595,scored,,3148,local_private_WBM_raw_structure_cache_not_distributed
wbm-1-31734,Cl6 N1 Sb1 Se2,4|Cl-N,False,-3.287319564819336,scored,,3149,local_private_WBM_raw_structure_cache_not_distributed
wbm-1-31821,Cu4 N2,2|Cu-N,False,-4.949850718180339,scored,,3150,local_private_WBM_raw_structure_cache_not_distributed
wbm-1-31845,F3 N1 Ni3,3|F-N,False,-4.509120396205357,scored,,3151,local_private_WBM_raw_structure_cache_not_distributed
wbm-1-31854,F6 N1 Na1 Rb2,4|F-N,False,-3.8997177124023437,scored,,3152,local_private_WBM_raw_structure_cache_not_distributed
wbm-1-31935,Ga2 N2 Nb4,3|Ga-N,False,-8.58173942565918,scored,,3153,local_private_WBM_raw_structure_cache_not_distributed
wbm-1-31939,Ga2 N2 Sn2 Sr4,4|Ga-N,True,-4.415738296508789,scored,,3154,local_private_WBM_raw_structure_cache_not_distributed
wbm-1-31953,Ge2 N2 Sn2 Sr4,4|Ge-N,False,-4.598658752441406,scored,,3155,local_private_WBM_raw_structure_cache_not_distributed
wbm-1-31975,Eu4 I2 N2,3|Eu-I,True,-8.800836563110352,scored,,3156,local_private_WBM_raw_structure_cache_not_distributed
wbm-1-31982,I2 Lu2 N2,3|I-Lu,False,-5.9010264078776045,scored,,3157,local_private_WBM_raw_structure_cache_not_distributed
wbm-1-31987,I2 N2 Nd2,3|I-N,False,-6.039741516113281,scored,,3158,local_private_WBM_raw_structure_cache_not_distributed
wbm-1-31991,In1 N1 Pu3,3|In-N,False,-10.661019897460937,scored,,3159,local_private_WBM_raw_structure_cache_not_distributed
wbm-1-32023,As2 Mg6 N1 P1,4|As-Mg,False,-3.760639953613281,scored,,3160,local_private_WBM_raw_structure_cache_not_distributed
wbm-1-32029,Mg2 N2,2|Mg-N,False,-4.917695999145508,scored,,3161,local_private_WBM_raw_structure_cache_not_distributed
wbm-1-32051,Br2 Mn2 N2,3|Br-Mn,False,-6.478684743245442,scored,,3162,local_private_WBM_raw_structure_cache_not_distributed
wbm-1-32064,N2 Na6,2|N-Na,False,-2.7353434562683105,scored,,3163,local_private_WBM_raw_structure_cache_not_distributed
wbm-1-32099,N2 Nd2,2|N-Nd,False,-7.810022354125977,scored,,3164,local_private_WBM_raw_structure_cache_not_distributed
wbm-1-32104,Hg1 N1 Ni3,3|Hg-N,True,-5.109805679321289,scored,,3165,local_private_WBM_raw_structure_cache_not_distributed
wbm-1-32106,Ir1 N1 Ni3,3|Ir-N,False,-6.710824584960937,scored,,3166,local_private_WBM_raw_structure_cache_not_distributed
wbm-1-32118,N2 Np2,2|N-Np,False,-11.56276798248291,scored,,3167,local_private_WBM_raw_structure_cache_not_distributed
wbm-1-32119,Au1 N1 O2,3|Au-N,False,-5.377511024475098,scored,,3168,local_private_WBM_raw_structure_cache_not_distributed
wbm-1-32138,N2 Na4 O4 P2,4|N-Na,True,-6.058403650919597,scored,,3169,local_private_WBM_raw_structure_cache_not_distributed
wbm-1-32144,Hf2 N2 O4 Sr2,4|Hf-N,False,-8.419058990478515,scored,,3170,local_private_WBM_raw_structure_cache_not_distributed
wbm-1-32145,N2 Nb2 O4 Sr2,4|N-Nb,False,-8.153853607177734,scored,,3171,local_private_WBM_raw_structure_cache_not_distributed
wbm-1-32174,Bi2 N2 O2,3|Bi-N,False,-6.24406623840332,scored,,3172,local_private_WBM_raw_structure_cache_not_distributed
wbm-1-32183,N2 Os4,2|N-Os,False,-9.593666712443033,scored,,3173,local_private_WBM_raw_structure_cache_not_distributed
wbm-1-32191,In2 N1 O1 Sr6,4|In-N,False,-3.8501026153564455,scored,,3174,local_private_WBM_raw_structure_cache_not_distributed
wbm-1-32204,Bi2 Co6 N1 P1,4|Bi-Co,False,-6.355742645263672,scored,,3175,local_private_WBM_raw_structure_cache_not_distributed
wbm-1-32206,N1 Pd3 Sn1,3|N-Pd,False,-5.592001342773438,scored,,3176,local_private_WBM_raw_structure_cache_not_distributed
wbm-1-32208,Bi2 Fe6 N1 P1,4|Bi-Fe,False,-6.961213684082031,scored,,3177,local_private_WBM_raw_structure_cache_not_distributed
wbm-1-32209,Bi2 Mn6 N1 P1,4|Bi-Mn,False,-7.611074829101563,scored,,3178,local_private_WBM_raw_structure_cache_not_distributed
wbm-1-32210,N2 Pm2,2|N-Pm,False,-7.778639793395996,scored,,3179,local_private_WBM_raw_structure_cache_not_distributed
wbm-1-32211,Bi2 N1 Ni6 P1,4|Bi-N,False,-5.601860809326172,scored,,3180,local_private_WBM_raw_structure_cache_not_distributed
wbm-1-32212,N2 Pr2,2|N-Pr,False,-7.79272985458374,scored,,3181,local_private_WBM_raw_structure_cache_not_distributed
wbm-1-32237,Br6 N1 S2 Sb1,4|Br-N,False,-3.1924112319946287,scored,,3182,local_private_WBM_raw_structure_cache_not_distributed
wbm-1-32240,N1 Sb1 Yb3,3|N-Sb,True,-4.616539764404297,scored,,3183,local_private_WBM_raw_structure_cache_not_distributed
wbm-1-32264,N1 Pb2 Se1 Sr6,4|N-Pb,False,-3.735653305053711,scored,,3184,local_private_WBM_raw_structure_cache_not_distributed
wbm-1-32265,N2 Se2,2|N-Se,False,-4.7861714363098145,scored,,3185,local_private_WBM_raw_structure_cache_not_distributed
wbm-1-32270,N2 Sm2,2|N-Sm,False,-7.9935197830200195,scored,,3186,local_private_WBM_raw_structure_cache_not_distributed
wbm-1-32277,N1 Sn1 Yb3,3|N-Sn,False,-2.6667387008666994,scored,,3187,local_private_WBM_raw_structure_cache_not_distributed
wbm-1-32278,Ag2 N2 Sr4,3|Ag-N,False,-4.095351219177246,scored,,3188,local_private_WBM_raw_structure_cache_not_distributed
wbm-1-32295,N2 S2,2|N-S,False,-5.073465347290039,scored,,3189,local_private_WBM_raw_structure_cache_not_distributed
wbm-1-32331,N1 Pb1 Ti3,3|N-Pb,False,-7.919329833984375,scored,,3190,local_private_WBM_raw_structure_cache_not_distributed
wbm-1-32402,N2 Zn4,2|N-Zn,False,-3.2952448527018228,scored,,3191,local_private_WBM_raw_structure_cache_not_distributed
wbm-1-32422,N2 Zn2 Zr4,3|N-Zn,False,-7.701416492462158,scored,,3192,local_private_WBM_raw_structure_cache_not_distributed
wbm-1-32439,Ag1 Na2 Pb1,3|Ag-Na,False,-2.4291861057281494,scored,,3193,local_private_WBM_raw_structure_cache_not_distributed
wbm-1-32443,Ag2 Na4,2|Ag-Na,False,-1.904372215270996,scored,,3194,local_private_WBM_raw_structure_cache_not_distributed
wbm-1-32445,Al1 Na2 Pd1,3|Al-Na,False,-2.9722018241882324,scored,,3195,local_private_WBM_raw_structure_cache_not_distributed
wbm-1-32449,As2 Na4 Pd2,3|As-Na,True,-3.5919909477233887,scored,,3196,local_private_WBM_raw_structure_cache_not_distributed
wbm-1-32457,Au1 Na2 Pb1,3|Au-Na,False,-2.678774118423462,scored,,3197,local_private_WBM_raw_structure_cache_not_distributed
wbm-1-32462,Ca1 Na2 Pb1,3|Ca-Na,False,-2.252574920654297,scored,,3198,local_private_WBM_raw_structure_cache_not_distributed
wbm-1-32464,Ca4 Na8,2|Ca-Na,False,-1.5033683776855469,scored,,3199,local_private_WBM_raw_structure_cache_not_distributed
wbm-1-32469,Cd2 Na4 Pb2,3|Cd-Na,False,-1.9624539613723755,scored,,3200,local_private_WBM_raw_structure_cache_not_distributed
wbm-1-32477,Co2 Na4 Se4,3|Co-Na,False,-3.7920326232910155,scored,,3201,local_private_WBM_raw_structure_cache_not_distributed
wbm-1-32481,Cu2 Na2 Se4 Zr1,4|Cu-Na,True,-4.6258697509765625,scored,,3202,local_private_WBM_raw_structure_cache_not_distributed
wbm-1-32485,Cu1 Na2 Sb1,3|Cu-Na,False,-2.8874714374542236,scored,,3203,local_private_WBM_raw_structure_cache_not_distributed
wbm-1-32489,Cu2 Na4,2|Cu-Na,False,-2.0986806551615396,scored,,3204,local_private_WBM_raw_structure_cache_not_distributed
wbm-1-32491,Fe2 Na4 Se4,3|Fe-Na,False,-4.163766860961914,scored,,3205,local_private_WBM_raw_structure_cache_not_distributed
wbm-1-32497,Ga1 Na2 Pd1,3|Ga-Na,False,-2.8828043937683105,scored,,3206,local_private_WBM_raw_structure_cache_not_distributed
wbm-1-32501,Ga2 Na4,2|Ga-Na,False,-1.8977866172790527,scored,,3207,local_private_WBM_raw_structure_cache_not_distributed
wbm-1-32507,Ge1 Na2 Pd1,3|Ge-Na,False,-3.1232645511627197,scored,,3208,local_private_WBM_raw_structure_cache_not_distributed
wbm-1-32508,Hg1 Na2 Pb1,3|Hg-Na,False,-1.861222267150879,scored,,3209,local_private_WBM_raw_structure_cache_not_distributed
wbm-1-32515,In1 Na2 Pt1,3|In-Na,False,-3.1117165088653564,scored,,3210,local_private_WBM_raw_structure_cache_not_distributed
wbm-1-32518,In2 Na4,2|In-Na,False,-1.879124641418457,scored,,3211,local_private_WBM_raw_structure_cache_not_distributed
wbm-1-32521,La1 Na2 Pb1,3|La-Na,False,-2.9147679805755615,scored,,3212,local_private_WBM_raw_structure_cache_not_distributed
wbm-1-32533,Mg1 Na2 Pb1,3|Mg-Na,False,-2.113551616668701,scored,,3213,local_private_WBM_raw_structure_cache_not_distributed
wbm-1-32536,Mg1 Na2 S4 Sn1,4|Mg-Na,True,-4.073830604553223,scored,,3214,local_private_WBM_raw_structure_cache_not_distributed
wbm-1-32542,Mg2 Na4,2|Mg-Na,False,-1.3316802978515625,scored,,3215,local_private_WBM_raw_structure_cache_not_distributed
wbm-1-32549,Mn1 Na2 Pb1,3|Mn-Na,False,-3.615386962890625,scored,,3216,local_private_WBM_raw_structure_cache_not_distributed
wbm-1-32554,Na4 Ni2 Sb2,3|Na-Ni,False,-3.337488889694214,scored,,3217,local_private_WBM_raw_structure_cache_not_distributed
wbm-1-32558,Na4 Ni2,2|Na-Ni,False,-2.4819682439168296,scored,,3218,local_private_WBM_raw_structure_cache_not_distributed
wbm-1-32559,Ce1 Na2 P2,3|Ce-Na,False,-4.660273742675781,scored,,3219,local_private_WBM_raw_structure_cache_not_distributed
wbm-1-32562,Ac1 Na2 Pb1,3|Ac-Na,False,-2.636730909347534,scored,,3220,local_private_WBM_raw_structure_cache_not_distributed
wbm-1-32563,Bi1 Na2 Pb1,3|Bi-Na,False,-2.763624668121338,scored,,3221,local_private_WBM_raw_structure_cache_not_distributed
wbm-1-32571,Na2 Pb1 Pd1,3|Na-Pb,False,-2.9743072986602783,scored,,3222,local_private_WBM_raw_structure_cache_not_distributed
wbm-1-32572,Na2 Pd1 Sb1,3|Na-Pd,False,-3.354682207107544,scored,,3223,local_private_WBM_raw_structure_cache_not_distributed
wbm-1-32575,Na4 Pd2,2|Na-Pd,True,-2.7172250747680664,scored,,3224,local_private_WBM_raw_structure_cache_not_distributed
wbm-1-32577,K1 Na2 P1,3|K-Na,False,-2.523515462875366,scored,,3225,local_private_WBM_raw_structure_cache_not_distributed
wbm-1-32579,Na2 P1 Rb1,3|Na-P,False,-2.445197582244873,scored,,3226,local_private_WBM_raw_structure_cache_not_distributed
wbm-1-32581,Na2 Pt1 Tl1,3|Na-Pt,False,-2.831474542617798,scored,,3227,local_private_WBM_raw_structure_cache_not_distributed
wbm-1-32582,Na2 Pt1,2|Na-Pt,False,-3.0133689244588218,scored,,3228,local_private_WBM_raw_structure_cache_not_distributed
wbm-1-32584,Na8 Rb4,2|Na-Rb,False,-1.2039098739624023,scored,,3229,local_private_WBM_raw_structure_cache_not_distributed
wbm-1-32586,Na4 Rh2 Sb2,3|Na-Rh,False,-3.7544522285461426,scored,,3230,local_private_WBM_raw_structure_cache_not_distributed
wbm-1-32587,Na4 Rh2,2|Na-Rh,False,-3.0065504709879556,scored,,3231,local_private_WBM_raw_structure_cache_not_distributed
wbm-1-32597,Ir2 Na4 S4,3|Ir-Na,False,-4.560028457641602,scored,,3232,local_private_WBM_raw_structure_cache_not_distributed
wbm-1-32602,Na4 Ru2 S4,3|Na-Ru,False,-4.666215133666992,scored,,3233,local_private_WBM_raw_structure_cache_not_distributed
wbm-1-32606,Cd1 Na2 Pb1 S4,4|Cd-Na,False,-3.6059350967407227,scored,,3234,local_private_WBM_raw_structure_cache_not_distributed
wbm-1-32616,Ge1 Na2 Pb1 S4,4|Ge-Na,False,-4.17299747467041,scored,,3235,local_private_WBM_raw_structure_cache_not_distributed
wbm-1-32617,Mn1 Na2 S4 Sn1,4|Mn-Na,True,-4.821634292602539,scored,,3236,local_private_WBM_raw_structure_cache_not_distributed
wbm-1-32618,Na2 Ni2 S4 Zr1,4|Na-Ni,False,-5.351901584201389,scored,,3237,local_private_WBM_raw_structure_cache_not_distributed
wbm-1-32620,Hg1 Na2 S4 Sn1,4|Hg-Na,True,-3.589609384536743,scored,,3238,local_private_WBM_raw_structure_cache_not_distributed
wbm-1-32622,Na2 S4 W1,3|Na-S,False,-5.364407675606864,scored,,3239,local_private_WBM_raw_structure_cache_not_distributed
wbm-1-32624,Na2 S4 Sn1 Zn1,4|Na-S,True,-3.8803234100341797,scored,,3240,local_private_WBM_raw_structure_cache_not_distributed
wbm-1-32629,Na4 Sc2 Se6,3|Na-Sc,False,-4.531332333882649,scored,,3241,local_private_WBM_raw_structure_cache_not_distributed
wbm-1-32637,Hf2 Na4 Se6,3|Hf-Na,True,-5.135786374409993,scored,,3242,local_private_WBM_raw_structure_cache_not_distributed
wbm-1-32638,Na4 Nb2 Se6,3|Na-Nb,False,-4.80785592397054,scored,,3243,local_private_WBM_raw_structure_cache_not_distributed
wbm-1-32639,Na4 Se6 Ta2,3|Na-Se,False,-5.098963737487793,scored,,3244,local_private_WBM_raw_structure_cache_not_distributed
wbm-1-32645,Na8 Se4,2|Na-Se,False,-3.0762062072753906,scored,,3245,local_private_WBM_raw_structure_cache_not_distributed
wbm-1-32646,Ba2 Na4 Si2,3|Ba-Na,False,-2.5865840911865234,scored,,3246,local_private_WBM_raw_structure_cache_not_distributed
wbm-1-32651,Na4 Si2,2|Na-Si,False,-2.6644163131713867,scored,,3247,local_private_WBM_raw_structure_cache_not_distributed
wbm-1-32652,Na4 Si2 Zn2,3|Na-Si,True,-2.3805088996887207,scored,,3248,local_private_WBM_raw_structure_cache_not_distributed
wbm-1-32660,Na2 Sb1 Sn1,3|Na-Sb,False,-2.8071248531341553,scored,,3249,local_private_WBM_raw_structure_cache_not_distributed
wbm-1-32661,Na2 Sn1 Tl1,3|Na-Sn,False,-2.3718223571777344,scored,,3250,local_private_WBM_raw_structure_cache_not_distributed
wbm-1-32664,Na8 Sr4,2|Na-Sr,False,-1.4558580716451008,scored,,3251,local_private_WBM_raw_structure_cache_not_distributed
wbm-1-32665,Na4 S2,2|Na-S,False,-3.2478014628092446,scored,,3252,local_private_WBM_raw_structure_cache_not_distributed
wbm-1-32667,Na8 Te4,2|Na-Te,False,-2.8279994328816733,scored,,3253,local_private_WBM_raw_structure_cache_not_distributed
wbm-1-32671,Na2 Tl1 Y1,3|Na-Tl,False,-2.714649200439453,scored,,3254,local_private_WBM_raw_structure_cache_not_distributed
wbm-1-32681,Na4 Te4 Zn2,3|Na-Te,False,-2.7501874923706056,scored,,3255,local_private_WBM_raw_structure_cache_not_distributed
wbm-1-32686,Al2 Na3,2|Al-Na,False,-2.1494638442993166,scored,,3256,local_private_WBM_raw_structure_cache_not_distributed
wbm-1-32694,Ba1 Na3,2|Ba-Na,False,-1.418938159942627,scored,,3257,local_private_WBM_raw_structure_cache_not_distributed
wbm-1-32696,Br6 Na3 Y1,3|Br-Na,False,-3.722757339477539,scored,,3258,local_private_WBM_raw_structure_cache_not_distributed
wbm-1-32708,Cl6 Na3 Nd1,3|Cl-Na,False,-3.965447998046875,scored,,3259,local_private_WBM_raw_structure_cache_not_distributed
wbm-1-32720,Co1 Na3,2|Co-Na,False,-2.1457080841064453,scored,,3260,local_private_WBM_raw_structure_cache_not_distributed
wbm-1-32722,Cs1 Na3,2|Cs-Na,False,-1.1197638511657715,scored,,3261,local_private_WBM_raw_structure_cache_not_distributed
wbm-1-32729,Fe1 Na3,2|Fe-Na,False,-2.349249839782715,scored,,3262,local_private_WBM_raw_structure_cache_not_distributed
wbm-1-32748,Ir2 Na6,2|Ir-Na,False,-2.682368278503418,scored,,3263,local_private_WBM_raw_structure_cache_not_distributed
wbm-1-32749,K1 Na3,2|K-Na,False,-1.2180840969085693,scored,,3264,local_private_WBM_raw_structure_cache_not_distributed
wbm-1-32753,Bi2 La1 Na3,3|Bi-La,False,-3.3283201853434243,scored,,3265,local_private_WBM_raw_structure_cache_not_distributed
wbm-1-32758,Mn2 Na6,2|Mn-Na,False,-2.7675185203552246,scored,,3266,local_private_WBM_raw_structure_cache_not_distributed
wbm-1-32766,Na3 Pb1,2|Na-Pb,False,-2.0331554412841797,scored,,3267,local_private_WBM_raw_structure_cache_not_distributed
wbm-1-32772,Na3 P1,2|Na-P,False,-2.620469093322754,scored,,3268,local_private_WBM_raw_structure_cache_not_distributed
wbm-1-32793,Na3 Sb1,2|Na-Sb,False,-2.4250543117523193,scored,,3269,local_private_WBM_raw_structure_cache_not_distributed
wbm-1-32799,Na6 Sn4,2|Na-Sn,False,-2.5778039932250976,scored,,3270,local_private_WBM_raw_structure_cache_not_distributed
wbm-1-32808,Na3 Zn1,2|Na-Zn,False,-1.232403039932251,scored,,3271,local_private_WBM_raw_structure_cache_not_distributed
wbm-1-32836,Cl2 Na5 P1 S4,4|Cl-Na,False,-3.8480962117513022,scored,,3272,local_private_WBM_raw_structure_cache_not_distributed
wbm-1-32848,Na5 Tl2,2|Na-Tl,False,-1.7070661272321428,scored,,3273,local_private_WBM_raw_structure_cache_not_distributed
wbm-1-32901,Al2 Na2 P4 Rb4,4|Al-Na,True,-3.4641329447428384,scored,,3274,local_private_WBM_raw_structure_cache_not_distributed
wbm-1-32916,As4 Cs4 In2 Na2,4|As-Cs,True,-3.0091044108072915,scored,,3275,local_private_WBM_raw_structure_cache_not_distributed
wbm-1-32919,As6 Na2,2|As-Na,False,-3.959968090057373,scored,,3276,local_private_WBM_raw_structure_cache_not_distributed
wbm-1-32944,Au3 Na1,2|Au-Na,False,-3.0078623294830322,scored,,3277,local_private_WBM_raw_structure_cache_not_distributed
wbm-1-32981,Br2 Na2,2|Br-Na,False,-3.00205397605896,scored,,3278,local_private_WBM_raw_structure_cache_not_distributed
wbm-1-33014,Cd2 Na1,2|Cd-Na,True,-1.1500775814056396,scored,,3279,local_private_WBM_raw_structure_cache_not_distributed
wbm-1-33085,Cr2 Na1 Pb1,3|Cr-Na,False,-5.260467529296875,scored,,3280,local_private_WBM_raw_structure_cache_not_distributed
wbm-1-33094,Cs2 Na1 Pb1,3|Cs-Na,False,-1.677781343460083,scored,,3281,local_private_WBM_raw_structure_cache_not_distributed
wbm-1-33122,Dy2 Na1 Pb1,3|Dy-Na,False,-3.75557017326355,scored,,3282,local_private_WBM_raw_structure_cache_not_distributed
wbm-1-33125,Er2 Na1 Pb1,3|Er-Na,False,-3.6899452209472656,scored,,3283,local_private_WBM_raw_structure_cache_not_distributed
wbm-1-33167,As4 Ga2 Na2 Rb4,4|As-Ga,True,-3.0892082850138345,scored,,3284,local_private_WBM_raw_structure_cache_not_distributed
wbm-1-33182,Gd2 Na1 Pb1,3|Gd-Na,False,-8.524794578552246,scored,,3285,local_private_WBM_raw_structure_cache_not_distributed
wbm-1-33188,Ge10 Na2,2|Ge-Na,False,-4.023892084757487,scored,,3286,local_private_WBM_raw_structure_cache_not_distributed
wbm-1-33224,Hg1 Na1,2|Hg-Na,False,-1.0612237453460693,scored,,3287,local_private_WBM_raw_structure_cache_not_distributed
wbm-1-33226,Ho2 Na1 Pb1,3|Ho-Na,False,-3.6930136680603027,scored,,3288,local_private_WBM_raw_structure_cache_not_distributed
wbm-1-33261,I2 Na2,2|I-Na,False,-2.6661345958709717,scored,,3289,local_private_WBM_raw_structure_cache_not_distributed
wbm-1-33271,As4 Fe2 K4 Na2,4|As-Fe,False,-3.8475958506266275,scored,,3290,local_private_WBM_raw_structure_cache_not_distributed
wbm-1-33294,Lu2 Na1 Pb1,3|Lu-Na,False,-3.6226890087127686,scored,,3291,local_private_WBM_raw_structure_cache_not_distributed
wbm-1-33331,Au1 Mg1 Na1 Sn1,4|Au-Mg,False,-2.8394315242767334,scored,,3292,local_private_WBM_raw_structure_cache_not_distributed
wbm-1-33387,Ga2 Na2 P4 Rb4,4|Ga-Na,True,-3.2594127655029297,scored,,3293,local_private_WBM_raw_structure_cache_not_distributed
wbm-1-33388,Cs4 In2 Na2 P4,4|Cs-In,True,-3.184114138285319,scored,,3294,local_private_WBM_raw_structure_cache_not_distributed
wbm-1-33390,K4 Na2 P4 Sn2,4|K-Na,False,-3.4438066482543945,scored,,3295,local_private_WBM_raw_structure_cache_not_distributed
wbm-1-33393,In2 Na2 P4 Rb4,4|In-Na,True,-3.1953646341959634,scored,,3296,local_private_WBM_raw_structure_cache_not_distributed
wbm-1-33438,Eu3 Na3 P3,3|Eu-Na,True,-6.452455308702257,scored,,3297,local_private_WBM_raw_structure_cache_not_distributed
wbm-1-33449,Na1 P1 S4 Zn1,4|Na-P,False,-4.12365858895438,scored,,3298,local_private_WBM_raw_structure_cache_not_distributed
wbm-1-33471,Na1 Rb2 Sb1,3|Na-Rb,False,-2.1147592067718506,scored,,3299,local_private_WBM_raw_structure_cache_not_distributed
wbm-1-33498,Na2 Ru4,2|Na-Ru,False,-5.800215403238933,scored,,3300,local_private_WBM_raw_structure_cache_not_distributed
wbm-1-33543,Na1 Pu1 S2,3|Na-Pu,False,-7.460389137268066,scored,,3301,local_private_WBM_raw_structure_cache_not_distributed
wbm-1-33719,Na1 Nd2 Sn1,3|Na-Nd,False,-4.0323567390441895,scored,,3302,local_private_WBM_raw_structure_cache_not_distributed
wbm-1-33720,Na1 Np2 Sn1,3|Na-Np,False,-7.264461040496826,scored,,3303,local_private_WBM_raw_structure_cache_not_distributed
wbm-1-33722,Na1 Pr2 Sn1,3|Na-Pr,False,-4.013123989105225,scored,,3304,local_private_WBM_raw_structure_cache_not_distributed
wbm-1-33726,Na1 Sm2 Sn1,3|Na-Sm,False,-3.997842788696289,scored,,3305,local_private_WBM_raw_structure_cache_not_distributed
wbm-1-33759,Na1 Ta1 Tl2,3|Na-Ta,False,-3.8792080879211426,scored,,3306,local_private_WBM_raw_structure_cache_not_distributed
wbm-1-33781,Na1 Tb1 Te2,3|Na-Tb,False,-4.1771240234375,scored,,3307,local_private_WBM_raw_structure_cache_not_distributed
wbm-1-33800,Na1 Ti1 Tl2,3|Na-Ti,False,-3.270961284637451,scored,,3308,local_private_WBM_raw_structure_cache_not_distributed
wbm-1-33803,Na1 Th1 Tl2,3|Na-Th,False,-3.467540979385376,scored,,3309,local_private_WBM_raw_structure_cache_not_distributed
wbm-1-33822,Na1 Os1 Y2,3|Na-Os,False,-6.353947639465332,scored,,3310,local_private_WBM_raw_structure_cache_not_distributed
wbm-1-33848,Na1 Sr1 Zn2,3|Na-Sr,False,-1.421496033668518,scored,,3311,local_private_WBM_raw_structure_cache_not_distributed
wbm-1-33870,Na1 Re1 Zr2,3|Na-Re,False,-7.521552085876465,scored,,3312,local_private_WBM_raw_structure_cache_not_distributed
wbm-1-33872,Na1 Tc1 Zr2,3|Na-Tc,False,-7.019078254699707,scored,,3313,local_private_WBM_raw_structure_cache_not_distributed
wbm-1-33884,Ag1 Nb2 Os1,3|Ag-Nb,False,-8.404867172241211,scored,,3314,local_private_WBM_raw_structure_cache_not_distributed
wbm-1-33886,Ag1 Nb2,2|Ag-Nb,False,-7.5822499593098955,scored,,3315,local_private_WBM_raw_structure_cache_not_distributed
wbm-1-33887,Au1 Nb2,2|Au-Nb,False,-7.943113962809245,scored,,3316,local_private_WBM_raw_structure_cache_not_distributed
wbm-1-33888,Cd1 Nb2 Sn1,3|Cd-Nb,False,-6.1901750564575195,scored,,3317,local_private_WBM_raw_structure_cache_not_distributed
wbm-1-33889,Cd1 Nb2,2|Cd-Nb,False,-6.968573252360026,scored,,3318,local_private_WBM_raw_structure_cache_not_distributed
wbm-1-33890,Hf2 Nb4,2|Hf-Nb,False,-9.920687357584635,scored,,3319,local_private_WBM_raw_structure_cache_not_distributed
wbm-1-33891,Hg1 Nb2,2|Hg-Nb,False,-6.686930974324544,scored,,3320,local_private_WBM_raw_structure_cache_not_distributed
wbm-1-33895,Mo1 Nb2 Pt1,3|Mo-Nb,False,-9.671358108520508,scored,,3321,local_private_WBM_raw_structure_cache_not_distributed
wbm-1-33899,Au1 Nb2 Os1,3|Au-Nb,False,-8.819539070129395,scored,,3322,local_private_WBM_raw_structure_cache_not_distributed
wbm-1-33900,Nb2 Os1 Pt1,3|Nb-Os,False,-9.811967849731445,scored,,3323,local_private_WBM_raw_structure_cache_not_distributed
wbm-1-33901,Nb4 Pd6,2|Nb-Pd,False,-7.484249877929687,scored,,3324,local_private_WBM_raw_structure_cache_not_distributed
wbm-1-33903,Ir1 Nb2 Pd1,3|Ir-Nb,False,-8.91932487487793,scored,,3325,local_private_WBM_raw_structure_cache_not_distributed
wbm-1-33905,Nb2 Pd1 Pt1,3|Nb-Pd,False,-8.238073348999023,scored,,3326,local_private_WBM_raw_structure_cache_not_distributed
wbm-1-33909,Nb8 Pt4,2|Nb-Pt,False,-9.190927505493164,scored,,3327,local_private_WBM_raw_structure_cache_not_distributed
wbm-1-33911,Nb2 Pt1 Re1,3|Nb-Pt,False,-10.137863159179688,scored,,3328,local_private_WBM_raw_structure_cache_not_distributed
wbm-1-33912,Nb2 Re1,2|Nb-Re,True,-11.03051503499349,scored,,3329,local_private_WBM_raw_structure_cache_not_distributed
wbm-1-33915,Nb2 Re1 Rh1,3|Nb-Re,False,-10.391388893127441,scored,,3330,local_private_WBM_raw_structure_cache_not_distributed
wbm-1-33916,Nb2 Rh1,2|Nb-Rh,False,-9.452571233113607,scored,,3331,local_private_WBM_raw_structure_cache_not_distributed
wbm-1-33924,Nb4 Sb2,2|Nb-Sb,False,-8.185975392659506,scored,,3332,local_private_WBM_raw_structure_cache_not_distributed
wbm-1-33925,Hg1 Nb2 Sn1,3|Hg-Nb,False,-5.987980842590332,scored,,3333,local_private_WBM_raw_structure_cache_not_distributed
wbm-1-33926,Nb4 Sn2,2|Nb-Sn,False,-8.180450439453125,scored,,3334,local_private_WBM_raw_structure_cache_not_distributed
wbm-1-33935,Nb2 Rh1 Tc1,3|Nb-Rh,False,-9.884123802185059,scored,,3335,local_private_WBM_raw_structure_cache_not_distributed
wbm-1-33937,Nb2 Tc1 Tl1,3|Nb-Tc,False,-7.997501373291016,scored,,3336,local_private_WBM_raw_structure_cache_not_distributed
wbm-1-33939,Nb4 Te6,2|Nb-Te,False,-6.3691566467285154,scored,,3337,local_private_WBM_raw_structure_cache_not_distributed
wbm-1-33942,Nb2 Tl1,2|Nb-Tl,False,-7.228283564249675,scored,,3338,local_private_WBM_raw_structure_cache_not_distributed
wbm-1-33951,In4 Nb6,2|In-Nb,False,-6.859244537353516,scored,,3339,local_private_WBM_raw_structure_cache_not_distributed
wbm-1-33954,Ir1 Nb3,2|Ir-Nb,False,-10.057385444641113,scored,,3340,local_private_WBM_raw_structure_cache_not_distributed
wbm-1-33955,La2 Nb6,2|La-Nb,False,-8.405713081359863,scored,,3341,local_private_WBM_raw_structure_cache_not_distributed
wbm-1-33956,Mo1 Nb3,2|Mo-Nb,True,-10.365865707397461,scored,,3342,local_private_WBM_raw_structure_cache_not_distributed
wbm-1-33958,Nb6 Pb2,2|Nb-Pb,False,-8.259567260742188,scored,,3343,local_private_WBM_raw_structure_cache_not_distributed
wbm-1-33968,In3 Nb3 Rh2,3|In-Nb,False,-6.811803817749023,scored,,3344,local_private_WBM_raw_structure_cache_not_distributed
wbm-1-33971,Nb6 Ru2,2|Nb-Ru,False,-10.103007316589355,scored,,3345,local_private_WBM_raw_structure_cache_not_distributed
wbm-1-33976,Nb6 Tc2,2|Nb-Tc,True,-10.315238952636719,scored,,3346,local_private_WBM_raw_structure_cache_not_distributed
wbm-1-33980,Bi4 Nb5,2|Bi-Nb,True,-7.251638624403212,scored,,3347,local_private_WBM_raw_structure_cache_not_distributed
wbm-1-34020,Ce1 Nb1 Os2,3|Ce-Nb,False,-9.692522048950195,scored,,3348,local_private_WBM_raw_structure_cache_not_distributed
wbm-1-34021,Dy1 Nb1 Os2,3|Dy-Nb,False,-9.428217887878418,scored,,3349,local_private_WBM_raw_structure_cache_not_distributed
wbm-1-34022,Eu1 Nb1 Os2,3|Eu-Nb,False,-10.441581726074219,scored,,3350,local_private_WBM_raw_structure_cache_not_distributed
wbm-1-34024,Hf2 Nb1 Os1,3|Hf-Nb,False,-10.598000526428223,scored,,3351,local_private_WBM_raw_structure_cache_not_distributed
wbm-1-34037,I8 Nb4,2|I-Nb,False,-4.854137102762858,scored,,3352,local_private_WBM_raw_structure_cache_not_distributed
wbm-1-34069,La1 Nb1 Os2,3|La-Nb,False,-9.189550399780273,scored,,3353,local_private_WBM_raw_structure_cache_not_distributed
wbm-1-34070,Lu1 Nb1 Os2,3|Lu-Nb,False,-9.56102180480957,scored,,3354,local_private_WBM_raw_structure_cache_not_distributed
wbm-1-34073,Nb1 Nd1 Os2,3|Nb-Nd,False,-9.205179214477539,scored,,3355,local_private_WBM_raw_structure_cache_not_distributed
wbm-1-34076,Nb4 Os8,2|Nb-Os,False,-11.031664530436197,scored,,3356,local_private_WBM_raw_structure_cache_not_distributed
wbm-1-34084,Bi1 Nb1 Pd2,3|Bi-Nb,False,-6.173936367034912,scored,,3357,local_private_WBM_raw_structure_cache_not_distributed
wbm-1-34121,Nb1 Pb1 Rh2,3|Nb-Pb,False,-7.286468029022217,scored,,3358,local_private_WBM_raw_structure_cache_not_distributed
wbm-1-34142,Gd1 Nb1 Ru2,3|Gd-Nb,False,-10.915318489074707,scored,,3359,local_private_WBM_raw_structure_cache_not_distributed
wbm-1-34146,Nb1 Pr1 Ru2,3|Nb-Pr,False,-8.401208877563477,scored,,3360,local_private_WBM_raw_structure_cache_not_distributed
wbm-1-34147,Nb1 Pu1 Ru2,3|Nb-Pu,False,-10.46192741394043,scored,,3361,local_private_WBM_raw_structure_cache_not_distributed
wbm-1-34148,Nb1 Ru2 Sb1,3|Nb-Ru,False,-8.413232803344727,scored,,3362,local_private_WBM_raw_structure_cache_not_distributed
wbm-1-34186,Nb2 Sb2 Sn2,3|Nb-Sb,False,-6.176066080729167,scored,,3363,local_private_WBM_raw_structure_cache_not_distributed
wbm-1-34188,Nb2 Sn2 Te2,3|Nb-Sn,False,-5.949567794799805,scored,,3364,local_private_WBM_raw_structure_cache_not_distributed
wbm-1-34199,Er1 Nb1 Tc2,3|Er-Nb,False,-8.976045608520508,scored,,3365,local_private_WBM_raw_structure_cache_not_distributed
wbm-1-34201,Ho1 Nb1 Tc2,3|Ho-Nb,False,-8.93360710144043,scored,,3366,local_private_WBM_raw_structure_cache_not_distributed
wbm-1-34209,Nb1 Sm1 Tc2,3|Nb-Sm,False,-8.808493614196777,scored,,3367,local_private_WBM_raw_structure_cache_not_distributed
wbm-1-34211,Nb1 Tb1 Tc2,3|Nb-Tb,False,-8.86875057220459,scored,,3368,local_private_WBM_raw_structure_cache_not_distributed
wbm-1-34220,Nb1 Te2 Tl1,3|Nb-Te,False,-5.028088092803955,scored,,3369,local_private_WBM_raw_structure_cache_not_distributed
wbm-1-34226,I2 Nb2 Te8,3|I-Nb,False,-4.36985715230306,scored,,3370,local_private_WBM_raw_structure_cache_not_distributed
wbm-1-34231,Nb2 W4,2|Nb-W,False,-11.89745839436849,scored,,3371,local_private_WBM_raw_structure_cache_not_distributed
wbm-1-34241,Au1 Nd2 Os1,3|Au-Nd,False,-6.2973785400390625,scored,,3372,local_private_WBM_raw_structure_cache_not_distributed
wbm-1-34242,Nd2 Os1 Pt1,3|Nd-Os,False,-7.126659393310547,scored,,3373,local_private_WBM_raw_structure_cache_not_distributed
wbm-1-34243,Nd8 Pt4,2|Nd-Pt,False,-6.013408025105794,scored,,3374,local_private_WBM_raw_structure_cache_not_distributed
wbm-1-34245,Nd3 Pb1,2|Nd-Pb,False,-4.839907646179199,scored,,3375,local_private_WBM_raw_structure_cache_not_distributed
wbm-1-34247,Au2 Nd1,2|Au-Nd,True,-4.555527051289876,scored,,3376,local_private_WBM_raw_structure_cache_not_distributed
wbm-1-34250,Bi3 Nd1,2|Bi-Nd,False,-4.5421953201293945,scored,,3377,local_private_WBM_raw_structure_cache_not_distributed
wbm-1-34251,Hf5 Nd1,2|Hf-Nd,False,-8.918418248494467,scored,,3378,local_private_WBM_raw_structure_cache_not_distributed
wbm-1-34253,Hf1 Nd1 Os2,3|Hf-Nd,False,-9.408750534057617,scored,,3379,local_private_WBM_raw_structure_cache_not_distributed
wbm-1-34254,Hg2 Nd1 Tl1,3|Hg-Nd,False,-2.285956859588623,scored,,3380,local_private_WBM_raw_structure_cache_not_distributed
wbm-1-34258,Nd2 Os4,2|Nd-Os,False,-9.144498189290365,scored,,3381,local_private_WBM_raw_structure_cache_not_distributed
wbm-1-34260,Bi1 Nd1 Pt1,3|Bi-Nd,True,-5.89902941385905,scored,,3382,local_private_WBM_raw_structure_cache_not_distributed
wbm-1-34273,Ag1 Ni2 Pt1,3|Ag-Ni,False,-4.947698593139648,scored,,3383,local_private_WBM_raw_structure_cache_not_distributed
wbm-1-34287,As4 Ni4 Np2,3|As-Ni,True,-7.159507751464844,scored,,3384,local_private_WBM_raw_structure_cache_not_distributed
wbm-1-34313,As2 Ni4,2|As-Ni,False,-5.657532374064128,scored,,3385,local_private_WBM_raw_structure_cache_not_distributed
wbm-1-34320,Au1 Ni2 Pb4,3|Au-Ni,False,-4.211350304739816,scored,,3386,local_private_WBM_raw_structure_cache_not_distributed
wbm-1-34322,Au4 Ni8,2|Au-Ni,False,-4.835507074991862,scored,,3387,local_private_WBM_raw_structure_cache_not_distributed
wbm-1-34325,Ba2 Ni4 Pb4,3|Ba-Ni,False,-4.3406219482421875,scored,,3388,local_private_WBM_raw_structure_cache_not_distributed
wbm-1-34327,Ba4 Ni8,2|Ba-Ni,False,-4.321956634521484,scored,,3389,local_private_WBM_raw_structure_cache_not_distributed
wbm-1-34331,Bi2 Ni4,2|Bi-Ni,False,-4.942361513773601,scored,,3390,local_private_WBM_raw_structure_cache_not_distributed
wbm-1-34335,Br6 Ni4 Rb2,3|Br-Ni,False,-3.5065835316975913,scored,,3391,local_private_WBM_raw_structure_cache_not_distributed
wbm-1-34344,Cd1 Ni2 Sb1,3|Cd-Ni,False,-4.104955196380615,scored,,3392,local_private_WBM_raw_structure_cache_not_distributed
wbm-1-34347,Cd4 Ni8,2|Cd-Ni,False,-4.108197848002116,scored,,3393,local_private_WBM_raw_structure_cache_not_distributed
wbm-1-34348,Ce2 Ni2 Pb1,3|Ce-Ni,False,-5.767333984375,scored,,3394,local_private_WBM_raw_structure_cache_not_distributed
wbm-1-34362,Cu1 Ni2 Pb1,3|Cu-Ni,False,-4.664960861206055,scored,,3395,local_private_WBM_raw_structure_cache_not_distributed
wbm-1-34367,Cu4 Ni8,2|Cu-Ni,False,-5.11021359761556,scored,,3396,local_private_WBM_raw_structure_cache_not_distributed
wbm-1-34369,Eu2 Ni4,2|Eu-Ni,True,-7.4960378011067705,scored,,3397,local_private_WBM_raw_structure_cache_not_distributed
wbm-1-34370,Ga4 Ni4 Sr2,3|Ga-Ni,True,-4.256571578979492,scored,,3398,local_private_WBM_raw_structure_cache_not_distributed
wbm-1-34400,Ga2 Ni4,2|Ga-Ni,False,-5.195902188618978,scored,,3399,local_private_WBM_raw_structure_cache_not_distributed
wbm-1-34413,Ge2 Ni2 Zr1,3|Ge-Ni,False,-6.436157989501953,scored,,3400,local_private_WBM_raw_structure_cache_not_distributed
wbm-1-34431,Ge2 Ni4,2|Ge-Ni,False,-5.673337936401367,scored,,3401,local_private_WBM_raw_structure_cache_not_distributed
wbm-1-34436,Hf4 Ni4 Pb2,3|Hf-Ni,False,-7.438438415527344,scored,,3402,local_private_WBM_raw_structure_cache_not_distributed
wbm-1-34439,Hf1 Ni2,2|Hf-Ni,False,-7.60981559753418,scored,,3403,local_private_WBM_raw_structure_cache_not_distributed
wbm-1-34442,Hg4 Ni8,2|Hg-Ni,False,-3.6911932627360025,scored,,3404,local_private_WBM_raw_structure_cache_not_distributed
wbm-1-34444,Hg1 I4 Ni2,3|Hg-I,False,-2.63468142918178,scored,,3405,local_private_WBM_raw_structure_cache_not_distributed
wbm-1-34447,In4 Ni4 Sn2,3|In-Ni,False,-4.260179138183593,scored,,3406,local_private_WBM_raw_structure_cache_not_distributed
wbm-1-34449,In6 Ni4,2|In-Ni,False,-4.010596084594726,scored,,3407,local_private_WBM_raw_structure_cache_not_distributed
wbm-1-34456,Cs1 In9 Ni2,3|Cs-In,False,-3.1938177744547525,scored,,3408,local_private_WBM_raw_structure_cache_not_distributed
wbm-1-34525,La4 Ni4 Pb2,3|La-Ni,False,-5.453894424438476,scored,,3409,local_private_WBM_raw_structure_cache_not_distributed
wbm-1-34537,La3 Ni6,2|La-Ni,False,-5.7841381496853295,scored,,3410,local_private_WBM_raw_structure_cache_not_distributed
wbm-1-34541,Nb4 Ni4 Sn2,3|Nb-Ni,False,-7.348659515380859,scored,,3411,local_private_WBM_raw_structure_cache_not_distributed
wbm-1-34542,Nb3 Ni2,2|Nb-Ni,False,-8.461541748046875,scored,,3412,local_private_WBM_raw_structure_cache_not_distributed
wbm-1-34552,Bi2 Ni4 Pb2,3|Bi-Ni,False,-4.667255878448486,scored,,3413,local_private_WBM_raw_structure_cache_not_distributed
wbm-1-34553,Ni2 Pb1,2|Ni-Pb,False,-4.518457412719727,scored,,3414,local_private_WBM_raw_structure_cache_not_distributed
wbm-1-34558,Ni2 Pd1 Pt1,3|Ni-Pd,False,-5.678493022918701,scored,,3415,local_private_WBM_raw_structure_cache_not_distributed
wbm-1-34560,Ni4 Pt2,2|Ni-Pt,False,-5.6418031056722,scored,,3416,local_private_WBM_raw_structure_cache_not_distributed
wbm-1-34563,Dy1 Ni2 Rh3,3|Dy-Ni,False,-6.722591400146484,scored,,3417,local_private_WBM_raw_structure_cache_not_distributed
wbm-1-34564,Er1 Ni2 Rh3,3|Er-Ni,False,-6.711863835652669,scored,,3418,local_private_WBM_raw_structure_cache_not_distributed
wbm-1-34565,Eu1 Ni2 Rh3,3|Eu-Ni,False,-7.492373784383138,scored,,3419,local_private_WBM_raw_structure_cache_not_distributed
wbm-1-34566,Gd1 Ni2 Rh3,3|Gd-Ni,False,-8.294229507446289,scored,,3420,local_private_WBM_raw_structure_cache_not_distributed
wbm-1-34567,Ho1 Ni2 Rh3,3|Ho-Ni,False,-6.720767974853516,scored,,3421,local_private_WBM_raw_structure_cache_not_distributed
wbm-1-34568,Lu1 Ni2 Rh3,3|Lu-Ni,False,-6.695281982421875,scored,,3422,local_private_WBM_raw_structure_cache_not_distributed
wbm-1-34569,Nd1 Ni2 Rh3,3|Nd-Ni,True,-6.737943649291992,scored,,3423,local_private_WBM_raw_structure_cache_not_distributed
wbm-1-34570,Ni2 Pr1 Rh3,3|Ni-Pr,True,-6.733222961425781,scored,,3424,local_private_WBM_raw_structure_cache_not_distributed
wbm-1-34571,Ni2 Rh3 Sm1,3|Ni-Rh,False,-6.74357795715332,scored,,3425,local_private_WBM_raw_structure_cache_not_distributed
wbm-1-34580,Ni2 Pt1 Rh1,3|Ni-Pt,False,-6.241569995880127,scored,,3426,local_private_WBM_raw_structure_cache_not_distributed
wbm-1-34582,Ni2 Rh1,2|Ni-Rh,False,-6.21507453918457,scored,,3427,local_private_WBM_raw_structure_cache_not_distributed
wbm-1-34592,Ni4 Sb4 Tl2,3|Ni-Sb,False,-4.507117843627929,scored,,3428,local_private_WBM_raw_structure_cache_not_distributed
wbm-1-34593,Ac1 Ni2 Sb1,3|Ac-Ni,True,-5.175931453704834,scored,,3429,local_private_WBM_raw_structure_cache_not_distributed
wbm-1-34600,Ni4 Sb2,2|Ni-Sb,False,-5.393819808959961,scored,,3430,local_private_WBM_raw_structure_cache_not_distributed
wbm-1-34606,Ni2 Pb1 Se2,3|Ni-Pb,False,-4.6179039001464846,scored,,3431,local_private_WBM_raw_structure_cache_not_distributed
wbm-1-34607,Ni2 Rb1 Se2,3|Ni-Rb,False,-4.4229381561279295,scored,,3432,local_private_WBM_raw_structure_cache_not_distributed
wbm-1-34609,Ni2 Se2 Sn1,3|Ni-Se,False,-4.659211730957031,scored,,3433,local_private_WBM_raw_structure_cache_not_distributed
wbm-1-34610,Cs2 Ni4 Se6,3|Cs-Ni,False,-4.358735720316569,scored,,3434,local_private_WBM_raw_structure_cache_not_distributed
wbm-1-34615,Cd1 Ni2 Se4 Sn1,4|Cd-Ni,False,-4.122166156768799,scored,,3435,local_private_WBM_raw_structure_cache_not_distributed
wbm-1-34617,Ni2 Ru1 Se4,3|Ni-Ru,False,-5.300424303327288,scored,,3436,local_private_WBM_raw_structure_cache_not_distributed
wbm-1-34618,Hg1 Ni2 Se4 Sn1,4|Hg-Ni,False,-3.961822986602783,scored,,3437,local_private_WBM_raw_structure_cache_not_distributed
wbm-1-34622,Ni2 Se1,2|Ni-Se,False,-5.042348861694336,scored,,3438,local_private_WBM_raw_structure_cache_not_distributed
wbm-1-34631,Ni2 Sn2 Tb1,3|Ni-Sn,False,-5.273965072631836,scored,,3439,local_private_WBM_raw_structure_cache_not_distributed
wbm-1-34636,Ni2 Sn3,2|Ni-Sn,False,-4.8335216522216795,scored,,3440,local_private_WBM_raw_structure_cache_not_distributed
wbm-1-34647,Ni2 Sm3 Sn7,3|Ni-Sm,False,-5.024888038635254,scored,,3441,local_private_WBM_raw_structure_cache_not_distributed
wbm-1-34676,Ni2 Np2 Sn1,3|Ni-Np,False,-8.196348571777344,scored,,3442,local_private_WBM_raw_structure_cache_not_distributed
wbm-1-34680,Ni2 Pu2 Sn1,3|Ni-Pu,False,-8.651664733886719,scored,,3443,local_private_WBM_raw_structure_cache_not_distributed
wbm-1-34716,Ni8 Sr4,2|Ni-Sr,False,-4.392261505126953,scored,,3444,local_private_WBM_raw_structure_cache_not_distributed
wbm-1-34719,Ni8 Ta4,2|Ni-Ta,False,-8.057566324869791,scored,,3445,local_private_WBM_raw_structure_cache_not_distributed
wbm-1-34724,Ni2 Te2 Tl1,3|Ni-Te,False,-4.25328483581543,scored,,3446,local_private_WBM_raw_structure_cache_not_distributed
wbm-1-34728,Ni4 Te6,2|Ni-Te,False,-4.385587310791015,scored,,3447,local_private_WBM_raw_structure_cache_not_distributed
wbm-1-34733,Ni4 Th2,2|Ni-Th,False,-6.692670822143555,scored,,3448,local_private_WBM_raw_structure_cache_not_distributed
wbm-1-34734,Ni2 Tl3,2|Ni-Tl,False,-3.4815322875976564,scored,,3449,local_private_WBM_raw_structure_cache_not_distributed
wbm-1-34740,Ni4 U2,2|Ni-U,False,-7.8202330271403,scored,,3450,local_private_WBM_raw_structure_cache_not_distributed
wbm-1-34741,Ni2 W1,2|Ni-W,False,-8.307214736938477,scored,,3451,local_private_WBM_raw_structure_cache_not_distributed
wbm-1-34748,Ni2 Tl1 Y2,3|Ni-Tl,True,-5.809600067138672,scored,,3452,local_private_WBM_raw_structure_cache_not_distributed
wbm-1-34752,Hg1 Ni2 Y1,3|Hg-Ni,False,-4.863954544067383,scored,,3453,local_private_WBM_raw_structure_cache_not_distributed
wbm-1-34763,Ni2 Ta1 Y1,3|Ni-Ta,False,-7.561187744140625,scored,,3454,local_private_WBM_raw_structure_cache_not_distributed
wbm-1-34764,Ni2 Y1,2|Ni-Y,False,-6.22141965230306,scored,,3455,local_private_WBM_raw_structure_cache_not_distributed
wbm-1-34767,Ni2 Y1 Zr1,3|Ni-Y,False,-6.919360160827637,scored,,3456,local_private_WBM_raw_structure_cache_not_distributed
wbm-1-34778,Ge1 Ni2 Se4 Zn1,4|Ge-Ni,False,-4.220541477203369,scored,,3457,local_private_WBM_raw_structure_cache_not_distributed
wbm-1-34798,Ni2 Se4 Sn1 Zn1,4|Ni-Se,False,-4.192985534667969,scored,,3458,local_private_WBM_raw_structure_cache_not_distributed
wbm-1-34804,Ni2 Tb1 Zn1,3|Ni-Tb,False,-4.682009220123291,scored,,3459,local_private_WBM_raw_structure_cache_not_distributed
wbm-1-34805,Ni2 Th2 Zn1,3|Ni-Th,True,-5.944488143920898,scored,,3460,local_private_WBM_raw_structure_cache_not_distributed
wbm-1-34807,Ni2 Tm2 Zn1,3|Ni-Tm,True,-4.85404052734375,scored,,3461,local_private_WBM_raw_structure_cache_not_distributed
wbm-1-34809,Ni2 U2 Zn1,3|Ni-U,False,-7.113870239257812,scored,,3462,local_private_WBM_raw_structure_cache_not_distributed
wbm-1-34813,Ni2 Yb2 Zn1,3|Ni-Yb,True,-3.5825843811035156,scored,,3463,local_private_WBM_raw_structure_cache_not_distributed
wbm-1-34831,Ni8 Zr4,2|Ni-Zr,False,-7.13151741027832,scored,,3464,local_private_WBM_raw_structure_cache_not_distributed
wbm-1-34832,Ac2 Ni6,2|Ac-Ni,True,-5.49930477142334,scored,,3465,local_private_WBM_raw_structure_cache_not_distributed
wbm-1-34834,Ag2 Ni6,2|Ag-Ni,False,-4.823459148406982,scored,,3466,local_private_WBM_raw_structure_cache_not_distributed
wbm-1-34850,Ce4 Ni6,2|Ce-Ni,False,-6.146873092651367,scored,,3467,local_private_WBM_raw_structure_cache_not_distributed
wbm-1-34861,Dy4 Ni6,2|Dy-Ni,False,-5.766502380371094,scored,,3468,local_private_WBM_raw_structure_cache_not_distributed
wbm-1-34863,Er4 Ni6,2|Er-Ni,False,-5.7772064208984375,scored,,3469,local_private_WBM_raw_structure_cache_not_distributed
wbm-1-34869,Gd4 Ni6,2|Gd-Ni,False,-9.495867919921874,scored,,3470,local_private_WBM_raw_structure_cache_not_distributed
wbm-1-34886,Ho4 Ni6,2|Ho-Ni,False,-5.769033432006836,scored,,3471,local_private_WBM_raw_structure_cache_not_distributed
wbm-1-34892,Ir1 Ni3,2|Ir-Ni,False,-6.562905311584473,scored,,3472,local_private_WBM_raw_structure_cache_not_distributed
wbm-1-34906,Lu4 Ni6,2|Lu-Ni,False,-5.784329605102539,scored,,3473,local_private_WBM_raw_structure_cache_not_distributed
wbm-1-34908,Mo2 Ni6,2|Mo-Ni,False,-7.111541271209717,scored,,3474,local_private_WBM_raw_structure_cache_not_distributed
wbm-1-34912,Nd4 Ni6,2|Nd-Ni,True,-5.698976135253906,scored,,3475,local_private_WBM_raw_structure_cache_not_distributed
wbm-1-34914,Ni6 Os2,2|Ni-Os,False,-6.946037769317627,scored,,3476,local_private_WBM_raw_structure_cache_not_distributed
wbm-1-34921,Ni3 Pd1,2|Ni-Pd,False,-5.559782028198242,scored,,3477,local_private_WBM_raw_structure_cache_not_distributed
wbm-1-34923,Ni6 Pr4,2|Ni-Pr,True,-5.6681968688964846,scored,,3478,local_private_WBM_raw_structure_cache_not_distributed
wbm-1-34929,Ni3 Rb2,2|Ni-Rb,False,-3.239984130859375,scored,,3479,local_private_WBM_raw_structure_cache_not_distributed
wbm-1-34931,Ni6 Re2,2|Ni-Re,False,-7.353850364685059,scored,,3480,local_private_WBM_raw_structure_cache_not_distributed
wbm-1-34951,Ni3 Ru1,2|Ni-Ru,False,-6.594734191894531,scored,,3481,local_private_WBM_raw_structure_cache_not_distributed
wbm-1-34971,Ni6 Sm4,2|Ni-Sm,False,-5.720996856689453,scored,,3482,local_private_WBM_raw_structure_cache_not_distributed
wbm-1-34984,Ni6 Tb4,2|Ni-Tb,False,-5.7590171813964846,scored,,3483,local_private_WBM_raw_structure_cache_not_distributed
wbm-1-34987,Ni3 Tc1,2|Ni-Tc,False,-6.997684478759766,scored,,3484,local_private_WBM_raw_structure_cache_not_distributed
wbm-1-35004,Ni6 Tm4,2|Ni-Tm,False,-5.743434143066406,scored,,3485,local_private_WBM_raw_structure_cache_not_distributed
wbm-1-35015,Ni6 Yb4,2|Ni-Yb,False,-4.480400848388672,scored,,3486,local_private_WBM_raw_structure_cache_not_distributed
wbm-1-35022,Ni6 Zn2,2|Ni-Zn,False,-4.762870788574219,scored,,3487,local_private_WBM_raw_structure_cache_not_distributed
wbm-1-35244,Br2 Ni1,2|Br-Ni,False,-3.385589281717936,scored,,3488,local_private_WBM_raw_structure_cache_not_distributed
wbm-1-35295,Cs4 Ni2,2|Cs-Ni,False,-1.6786948839823406,scored,,3489,local_private_WBM_raw_structure_cache_not_distributed
wbm-1-35308,Cu2 Ni1 Se4 Sn1,4|Cu-Ni,False,-4.264945983886719,scored,,3490,local_private_WBM_raw_structure_cache_not_distributed
wbm-1-35603,I4 Ni2,2|I-Ni,False,-3.0411173502604165,scored,,3491,local_private_WBM_raw_structure_cache_not_distributed
wbm-1-35689,Ir1 Ni1 Np2,3|Ir-Ni,False,-10.079594612121582,scored,,3492,local_private_WBM_raw_structure_cache_not_distributed
wbm-1-35730,Mo1 Ni1 Ta2,3|Mo-Ni,False,-10.111166000366211,scored,,3493,local_private_WBM_raw_structure_cache_not_distributed
wbm-1-35768,Ni1 Os1 Pu2,3|Ni-Os,False,-11.190779685974121,scored,,3494,local_private_WBM_raw_structure_cache_not_distributed
wbm-1-35814,Ni2 Pu4,2|Ni-Pu,False,-11.569854736328125,scored,,3495,local_private_WBM_raw_structure_cache_not_distributed
wbm-1-35818,I6 Ni1 Rb2,3|I-Ni,False,-2.542933570014106,scored,,3496,local_private_WBM_raw_structure_cache_not_distributed
wbm-1-35823,Ni1 Re1 Th2,3|Ni-Re,False,-8.282621383666992,scored,,3497,local_private_WBM_raw_structure_cache_not_distributed
wbm-1-35971,Hf2 Ni2 Se6 Tl2,4|Hf-Ni,False,-5.620902379353841,scored,,3498,local_private_WBM_raw_structure_cache_not_distributed
wbm-1-35972,Cs2 Ni2 Se6 Y2,4|Cs-Ni,False,-5.178858757019043,scored,,3499,local_private_WBM_raw_structure_cache_not_distributed
wbm-1-36076,Ni1 Sr1 Tl2,3|Ni-Sr,False,-3.030093193054199,scored,,3500,local_private_WBM_raw_structure_cache_not_distributed
wbm-1-36111,Ni1 Tc1 Th2,3|Ni-Tc,False,-7.948589324951172,scored,,3501,local_private_WBM_raw_structure_cache_not_distributed
wbm-1-36229,Ba2 Ni2 Te6 Y2,4|Ba-Ni,False,-5.139726638793945,scored,,3502,local_private_WBM_raw_structure_cache_not_distributed
wbm-1-36325,Ag2 O2 Pt1,3|Ag-O,False,-4.494761276245117,scored,,3503,local_private_WBM_raw_structure_cache_not_distributed
wbm-1-36410,Al4 O4 S2,3|Al-O,False,-6.358685684204102,scored,,3504,local_private_WBM_raw_structure_cache_not_distributed
wbm-1-36430,Al2 O4,2|Al-O,False,-6.742282867431641,scored,,3505,local_private_WBM_raw_structure_cache_not_distributed
wbm-1-36432,As2 O2 Se1,3|As-O,False,-4.878833770751953,scored,,3506,local_private_WBM_raw_structure_cache_not_distributed
wbm-1-36444,As2 I2 O4 Sr2,4|As-I,False,-5.344450759887695,scored,,3507,local_private_WBM_raw_structure_cache_not_distributed
wbm-1-36445,As4 O8,2|As-O,False,-5.955092748006185,scored,,3508,local_private_WBM_raw_structure_cache_not_distributed
wbm-1-36452,Au4 O4 Pb2,3|Au-O,False,-4.465043640136718,scored,,3509,local_private_WBM_raw_structure_cache_not_distributed
wbm-1-36466,Au2 O4,2|Au-O,False,-4.255527814229329,scored,,3510,local_private_WBM_raw_structure_cache_not_distributed
wbm-1-36473,Ba2 O4 Pt2,3|Ba-O,False,-5.921878814697266,scored,,3511,local_private_WBM_raw_structure_cache_not_distributed
wbm-1-36475,Br2 Hg1 O2 Pb2,4|Br-Hg,True,-3.8860484531947543,scored,,3512,local_private_WBM_raw_structure_cache_not_distributed
wbm-1-36476,Br2 Mo1 O2,3|Br-Mo,False,-5.051705551147461,scored,,3513,local_private_WBM_raw_structure_cache_not_distributed
wbm-1-36483,Br1 O2 Pb2,3|Br-O,False,-4.767972564697265,scored,,3514,local_private_WBM_raw_structure_cache_not_distributed
wbm-1-36491,Ba2 Br2 O4 Sb2,4|Ba-Br,True,-5.531534957885742,scored,,3515,local_private_WBM_raw_structure_cache_not_distributed
wbm-1-36493,Br2 O4 Sb2 Sr2,4|Br-O,True,-5.485718154907227,scored,,3516,local_private_WBM_raw_structure_cache_not_distributed
wbm-1-36497,Ca2 O2 Se1,3|Ca-O,False,-5.376802444458008,scored,,3517,local_private_WBM_raw_structure_cache_not_distributed
wbm-1-36523,Bi2 Ca2 I2 O4,4|Bi-Ca,True,-5.276499938964844,scored,,3518,local_private_WBM_raw_structure_cache_not_distributed
wbm-1-36531,Ca1 O2,2|Ca-O,False,-5.388997395833333,scored,,3519,local_private_WBM_raw_structure_cache_not_distributed
wbm-1-36543,Cd1 O2 Pt1,3|Cd-O,False,-4.468661308288574,scored,,3520,local_private_WBM_raw_structure_cache_not_distributed
wbm-1-36546,Cd1 O2,2|Cd-O,False,-4.113113085428874,scored,,3521,local_private_WBM_raw_structure_cache_not_distributed
wbm-1-36551,Ce1 O2 Tl1,3|Ce-O,False,-6.843940734863281,scored,,3522,local_private_WBM_raw_structure_cache_not_distributed
wbm-1-36552,Ce4 O8,2|Ce-O,False,-8.56775156656901,scored,,3523,local_private_WBM_raw_structure_cache_not_distributed
wbm-1-36567,Cl2 Hg1 In2 O2,4|Cl-Hg,False,-3.6802951267787387,scored,,3524,local_private_WBM_raw_structure_cache_not_distributed
wbm-1-36569,Cl2 Ni1 O2 Sr2,4|Cl-Ni,False,-4.959702627999442,scored,,3525,local_private_WBM_raw_structure_cache_not_distributed
wbm-1-36570,Cl4 O4 Se2,3|Cl-O,False,-3.738389587402344,scored,,3526,local_private_WBM_raw_structure_cache_not_distributed
wbm-1-36572,Cl2 O2 Pb2 Zn1,4|Cl-O,False,-4.411470685686384,scored,,3527,local_private_WBM_raw_structure_cache_not_distributed
wbm-1-36573,Ce1 Cl4 Cs2 O2,4|Ce-Cl,False,-4.566138797336155,scored,,3528,local_private_WBM_raw_structure_cache_not_distributed
wbm-1-36586,Cl4 Co1 K2 O2,4|Cl-Co,False,-3.5652313232421875,scored,,3529,local_private_WBM_raw_structure_cache_not_distributed
wbm-1-36587,Cl4 Cr1 K2 O2,4|Cl-Cr,False,-4.2512940300835504,scored,,3530,local_private_WBM_raw_structure_cache_not_distributed
wbm-1-36588,Cl4 Fe1 K2 O2,4|Cl-Fe,False,-3.678733401828342,scored,,3531,local_private_WBM_raw_structure_cache_not_distributed
wbm-1-36589,Cl4 Ir1 K2 O2,4|Cl-Ir,False,-4.135606553819445,scored,,3532,local_private_WBM_raw_structure_cache_not_distributed
wbm-1-36669,Co2 O4 Pb2,3|Co-O,False,-5.611074924468994,scored,,3533,local_private_WBM_raw_structure_cache_not_distributed
wbm-1-36681,Co2 O4,2|Co-O,False,-5.733236948649089,scored,,3534,local_private_WBM_raw_structure_cache_not_distributed
wbm-1-36684,Cr6 O4,2|Cr-O,False,-7.016056823730469,scored,,3535,local_private_WBM_raw_structure_cache_not_distributed
wbm-1-36686,Cr2 Cs2 O4,3|Cr-Cs,False,-6.126691818237305,scored,,3536,local_private_WBM_raw_structure_cache_not_distributed
wbm-1-36688,Cr2 O4 Rb2,3|Cr-O,False,-6.284514427185059,scored,,3537,local_private_WBM_raw_structure_cache_not_distributed
wbm-1-36698,Cs4 O4,2|Cs-O,False,-3.876342296600342,scored,,3538,local_private_WBM_raw_structure_cache_not_distributed
wbm-1-36706,Cs2 Gd2 O4,3|Cs-Gd,False,-8.634821891784668,scored,,3539,local_private_WBM_raw_structure_cache_not_distributed
wbm-1-36711,Cs2 Lu2 O4,3|Cs-Lu,False,-6.491152763366699,scored,,3540,local_private_WBM_raw_structure_cache_not_distributed
wbm-1-36712,Cs2 Nd2 O4,3|Cs-Nd,False,-6.209357261657715,scored,,3541,local_private_WBM_raw_structure_cache_not_distributed
wbm-1-36713,Cs2 O4 Pr2,3|Cs-O,True,-6.367234706878662,scored,,3542,local_private_WBM_raw_structure_cache_not_distributed
wbm-1-36729,Cu2 O2 Pd1,3|Cu-O,False,-5.0298408508300785,scored,,3543,local_private_WBM_raw_structure_cache_not_distributed
wbm-1-36732,Cu2 O2 Se2 Sr2 Zn1,5|Cu-O,False,-4.713492923312717,scored,,3544,local_private_WBM_raw_structure_cache_not_distributed
wbm-1-36847,Cu1 I1 O2 Sr2,4|Cu-I,True,-5.074740409851074,scored,,3545,local_private_WBM_raw_structure_cache_not_distributed
wbm-1-36860,Cu2 O4,2|Cu-O,False,-4.745660146077474,scored,,3546,local_private_WBM_raw_structure_cache_not_distributed
wbm-1-36877,Dy2 O4,2|Dy-O,False,-7.428140004475911,scored,,3547,local_private_WBM_raw_structure_cache_not_distributed
wbm-1-36883,Er2 O4,2|Er-O,False,-7.436348597208659,scored,,3548,local_private_WBM_raw_structure_cache_not_distributed
wbm-1-36897,F4 Mo2 O4,3|F-Mo,True,-6.072754669189453,scored,,3549,local_private_WBM_raw_structure_cache_not_distributed
wbm-1-36910,F2 O2 Pr1,3|F-O,False,-5.7119606018066404,scored,,3550,local_private_WBM_raw_structure_cache_not_distributed
wbm-1-36923,Fe6 O4,2|Fe-O,False,-6.157583999633789,scored,,3551,local_private_WBM_raw_structure_cache_not_distributed
wbm-1-36948,Fe2 O4 Pb2,3|Fe-O,False,-5.971790313720703,scored,,3552,local_private_WBM_raw_structure_cache_not_distributed
wbm-1-36989,F2 O4 Rb2 Se2,4|F-O,True,-4.807481384277343,scored,,3553,local_private_WBM_raw_structure_cache_not_distributed
wbm-1-37007,Ga2 O4 Pd2,3|Ga-O,False,-5.7435407638549805,scored,,3554,local_private_WBM_raw_structure_cache_not_distributed
wbm-1-37013,Au2 Gd2 O4,3|Au-Gd,False,-8.99494743347168,scored,,3555,local_private_WBM_raw_structure_cache_not_distributed
wbm-1-37014,Gd2 O4,2|Gd-O,False,-10.534198125203451,scored,,3556,local_private_WBM_raw_structure_cache_not_distributed
wbm-1-37018,Ge2 O4,2|Ge-O,True,-6.446459452311198,scored,,3557,local_private_WBM_raw_structure_cache_not_distributed
wbm-1-37040,Hf6 O4,2|Hf-O,False,-9.623674011230468,scored,,3558,local_private_WBM_raw_structure_cache_not_distributed
wbm-1-37052,Hg4 O8,2|Hg-O,False,-3.3299967447916665,scored,,3559,local_private_WBM_raw_structure_cache_not_distributed
wbm-1-37055,Ho2 O4,2|Ho-O,False,-7.462209065755208,scored,,3560,local_private_WBM_raw_structure_cache_not_distributed
wbm-1-37060,I2 O2 W1,3|I-O,False,-5.171217727661133,scored,,3561,local_private_WBM_raw_structure_cache_not_distributed
wbm-1-37063,Bi2 Eu2 I2 O4,4|Bi-Eu,True,-6.947747802734375,scored,,3562,local_private_WBM_raw_structure_cache_not_distributed
wbm-1-37071,In2 O4 Pt2,3|In-O,False,-5.565171718597412,scored,,3563,local_private_WBM_raw_structure_cache_not_distributed
wbm-1-37073,In2 O4,2|In-O,False,-5.14535395304362,scored,,3564,local_private_WBM_raw_structure_cache_not_distributed
wbm-1-37081,Ir2 O4 Pb2,3|Ir-O,False,-6.314641952514648,scored,,3565,local_private_WBM_raw_structure_cache_not_distributed
wbm-1-37082,Ir1 O2,2|Ir-O,False,-6.790413538614909,scored,,3566,local_private_WBM_raw_structure_cache_not_distributed
wbm-1-37089,Br4 K2 O2 Os1,4|Br-K,True,-4.429848988850911,scored,,3567,local_private_WBM_raw_structure_cache_not_distributed
wbm-1-37102,K2 O2 Pt1,3|K-O,True,-4.693640899658203,scored,,3568,local_private_WBM_raw_structure_cache_not_distributed
wbm-1-37103,Au2 K4 O4 Rb2,4|Au-K,True,-3.750544230143229,scored,,3569,local_private_WBM_raw_structure_cache_not_distributed
wbm-1-37105,K2 O2,2|K-O,False,-3.642228126525879,scored,,3570,local_private_WBM_raw_structure_cache_not_distributed
wbm-1-37159,K1 Mo1 O2,3|K-Mo,False,-6.16058349609375,scored,,3571,local_private_WBM_raw_structure_cache_not_distributed
wbm-1-37195,La1 O2 Pt1,3|La-O,False,-7.336421489715576,scored,,3572,local_private_WBM_raw_structure_cache_not_distributed
wbm-1-37202,Lu4 O8,2|Lu-O,False,-7.621616363525391,scored,,3573,local_private_WBM_raw_structure_cache_not_distributed
wbm-1-37219,Mg2 O4 Pd2,3|Mg-O,False,-5.641482830047607,scored,,3574,local_private_WBM_raw_structure_cache_not_distributed
wbm-1-37222,Cu2 Mg1 O2 S2 Sr2,5|Cu-Mg,False,-5.167316012912327,scored,,3575,local_private_WBM_raw_structure_cache_not_distributed
wbm-1-37225,Mg2 O4,2|Mg-O,False,-4.8795773188273115,scored,,3576,local_private_WBM_raw_structure_cache_not_distributed
wbm-1-37228,Mn6 O4,2|Mn-O,False,-7.296863555908203,scored,,3577,local_private_WBM_raw_structure_cache_not_distributed
wbm-1-37244,Mn1 O2 Pt1,3|Mn-O,False,-6.914548397064209,scored,,3578,local_private_WBM_raw_structure_cache_not_distributed
wbm-1-37282,Na4 O4 Pd2,3|Na-O,True,-4.6148834228515625,scored,,3579,local_private_WBM_raw_structure_cache_not_distributed
wbm-1-37285,Ag2 Na4 O4 Rb2,4|Ag-Na,False,-3.7017577489217124,scored,,3580,local_private_WBM_raw_structure_cache_not_distributed
wbm-1-37286,Na4 O4 Pd2 Rb2,4|Na-O,True,-4.105623245239258,scored,,3581,local_private_WBM_raw_structure_cache_not_distributed
wbm-1-37293,Na4 O4,2|Na-O,True,-4.198055744171143,scored,,3582,local_private_WBM_raw_structure_cache_not_distributed
wbm-1-37393,Nb6 O4,2|Nb-O,False,-9.189883422851562,scored,,3583,local_private_WBM_raw_structure_cache_not_distributed
wbm-1-37397,Cs2 Nb2 O4,3|Cs-Nb,False,-6.909329891204834,scored,,3584,local_private_WBM_raw_structure_cache_not_distributed
wbm-1-37413,Nd1 O2 Tl1,3|Nd-O,False,-6.476800441741943,scored,,3585,local_private_WBM_raw_structure_cache_not_distributed
wbm-1-37415,Ni4 O4 Pb2,3|Ni-O,False,-4.384968185424805,scored,,3586,local_private_WBM_raw_structure_cache_not_distributed
wbm-1-37434,Br2 Ni1 O2 Sr2,4|Br-Ni,False,-4.765961783272879,scored,,3587,local_private_WBM_raw_structure_cache_not_distributed
wbm-1-37473,I2 Ni1 O2 Sr2,4|I-Ni,False,-4.536574499947684,scored,,3588,local_private_WBM_raw_structure_cache_not_distributed
wbm-1-37479,Ni2 O4,2|Ni-O,False,-4.492911656697591,scored,,3589,local_private_WBM_raw_structure_cache_not_distributed
wbm-1-37484,O8 Os4,2|O-Os,False,-7.937561670939128,scored,,3590,local_private_WBM_raw_structure_cache_not_distributed
wbm-1-37488,O4 Pb2,2|O-Pb,False,-5.308688481648763,scored,,3591,local_private_WBM_raw_structure_cache_not_distributed
wbm-1-37505,Bi2 O4 Pd2,3|Bi-O,False,-5.494423866271973,scored,,3592,local_private_WBM_raw_structure_cache_not_distributed
wbm-1-37509,Hg1 O2 Pd1,3|Hg-O,False,-4.155480861663818,scored,,3593,local_private_WBM_raw_structure_cache_not_distributed
wbm-1-37515,O4 Pb2 Pd2,3|O-Pb,False,-5.280257225036621,scored,,3594,local_private_WBM_raw_structure_cache_not_distributed
wbm-1-37520,O4 Pd2 Pt2,3|O-Pd,False,-5.561433792114258,scored,,3595,local_private_WBM_raw_structure_cache_not_distributed
wbm-1-37523,O2 Pd1,2|O-Pd,True,-5.276326497395833,scored,,3596,local_private_WBM_raw_structure_cache_not_distributed
wbm-1-37533,O4 P2 Rb2,3|O-P,False,-5.629983901977539,scored,,3597,local_private_WBM_raw_structure_cache_not_distributed
wbm-1-37534,O2 Pr1 Tl1,3|O-Pr,False,-6.460233688354492,scored,,3598,local_private_WBM_raw_structure_cache_not_distributed
wbm-1-37544,O4 Pt2 Tl2,3|O-Pt,False,-4.888396263122559,scored,,3599,local_private_WBM_raw_structure_cache_not_distributed
wbm-1-37548,O2 Pt1,2|O-Pt,False,-5.784523646036784,scored,,3600,local_private_WBM_raw_structure_cache_not_distributed
wbm-1-37554,O8 P4,2|O-P,False,-6.8258056640625,scored,,3601,local_private_WBM_raw_structure_cache_not_distributed
wbm-1-37559,O6 Rb6,2|O-Rb,False,-3.9021778106689453,scored,,3602,local_private_WBM_raw_structure_cache_not_distributed
wbm-1-37569,Dy2 O4 Rb2,3|Dy-O,True,-6.570066928863525,scored,,3603,local_private_WBM_raw_structure_cache_not_distributed
wbm-1-37570,Er2 O4 Rb2,3|Er-O,True,-6.589130878448486,scored,,3604,local_private_WBM_raw_structure_cache_not_distributed
wbm-1-37572,Eu2 O4 Rb2,3|Eu-O,False,-7.47112512588501,scored,,3605,local_private_WBM_raw_structure_cache_not_distributed
wbm-1-37573,Gd2 O4 Rb2,3|Gd-O,False,-8.872469902038574,scored,,3606,local_private_WBM_raw_structure_cache_not_distributed
wbm-1-37574,Hf1 O2 Rb1,3|Hf-O,False,-7.627946853637695,scored,,3607,local_private_WBM_raw_structure_cache_not_distributed
wbm-1-37576,Ho2 O4 Rb2,3|Ho-O,True,-6.574558258056641,scored,,3608,local_private_WBM_raw_structure_cache_not_distributed
wbm-1-37581,Lu2 O4 Rb2,3|Lu-O,True,-6.60762882232666,scored,,3609,local_private_WBM_raw_structure_cache_not_distributed
wbm-1-37582,Nb1 O2 Rb1,3|Nb-O,False,-7.029240608215332,scored,,3610,local_private_WBM_raw_structure_cache_not_distributed
wbm-1-37591,O2 Pu1 Rb1,3|O-Pu,False,-8.647823333740234,scored,,3611,local_private_WBM_raw_structure_cache_not_distributed
wbm-1-37593,O4 Rb2 Rh2,3|O-Rb,True,-5.520193099975586,scored,,3612,local_private_WBM_raw_structure_cache_not_distributed
wbm-1-37641,O4 Rh2 Tl2,3|O-Rh,False,-5.10721492767334,scored,,3613,local_private_WBM_raw_structure_cache_not_distributed
wbm-1-37642,O2 Rh1,2|O-Rh,False,-6.33604621887207,scored,,3614,local_private_WBM_raw_structure_cache_not_distributed
wbm-1-37659,O2 Ru1,2|O-Ru,False,-7.073335647583008,scored,,3615,local_private_WBM_raw_structure_cache_not_distributed
wbm-1-37665,Ca2 Cu2 O2 S2 Zn1,5|Ca-Cu,False,-4.961748758951823,scored,,3616,local_private_WBM_raw_structure_cache_not_distributed
wbm-1-37666,Co1 Cu2 O2 S2 Sr2,5|Co-Cu,False,-5.250848134358724,scored,,3617,local_private_WBM_raw_structure_cache_not_distributed
wbm-1-37667,Cd1 Cu2 O2 S2 Sr2,5|Cd-Cu,False,-4.674204508463542,scored,,3618,local_private_WBM_raw_structure_cache_not_distributed
wbm-1-37668,Ba2 Cu2 O2 S2 Zn1,5|Ba-Cu,False,-4.855020734998915,scored,,3619,local_private_WBM_raw_structure_cache_not_distributed
wbm-1-37669,Cu2 Eu2 O2 S2 Zn1,5|Cu-Eu,False,-6.815816243489583,scored,,3620,local_private_WBM_raw_structure_cache_not_distributed
wbm-1-37670,Cu2 Fe1 O2 S2 Sr2,5|Cu-Fe,False,-5.433190239800347,scored,,3621,local_private_WBM_raw_structure_cache_not_distributed
wbm-1-37671,Ni2 O2 S2 Sr2 Zn1,5|Ni-O,False,-5.021527608235677,scored,,3622,local_private_WBM_raw_structure_cache_not_distributed
wbm-1-37673,O2 Sb2 Te1,3|O-Sb,False,-5.093382263183594,scored,,3623,local_private_WBM_raw_structure_cache_not_distributed
wbm-1-37677,Ba2 I2 O4 Sb2,4|Ba-I,True,-5.373738098144531,scored,,3624,local_private_WBM_raw_structure_cache_not_distributed
wbm-1-37679,O8 Sb4,2|O-Sb,False,-5.877360661824544,scored,,3625,local_private_WBM_raw_structure_cache_not_distributed
wbm-1-37683,O2 Sc2 Se1,3|O-Sc,False,-8.144603729248047,scored,,3626,local_private_WBM_raw_structure_cache_not_distributed
wbm-1-37686,O4 Sc6,2|O-Sc,False,-8.130254364013672,scored,,3627,local_private_WBM_raw_structure_cache_not_distributed
wbm-1-37726,O2 Se1 Sr2,3|O-Se,False,-5.133323287963867,scored,,3628,local_private_WBM_raw_structure_cache_not_distributed
wbm-1-37730,O8 Se4,2|O-Se,False,-5.132826487223308,scored,,3629,local_private_WBM_raw_structure_cache_not_distributed
wbm-1-37739,O4 Si2,2|O-Si,False,-7.682489395141602,scored,,3630,local_private_WBM_raw_structure_cache_not_distributed
wbm-1-37751,O2 Sm1,2|O-Sm,False,-7.505430221557617,scored,,3631,local_private_WBM_raw_structure_cache_not_distributed
wbm-1-37761,O6 Sn3,2|O-Sn,False,-5.956114874945746,scored,,3632,local_private_WBM_raw_structure_cache_not_distributed
wbm-1-37765,O2 Sr2 Te1,3|O-Sr,False,-5.062196350097656,scored,,3633,local_private_WBM_raw_structure_cache_not_distributed
wbm-1-37784,I2 O4 Sb2 Sr2,4|I-O,True,-5.31744270324707,scored,,3634,local_private_WBM_raw_structure_cache_not_distributed
wbm-1-37785,O2 Sr1,2|O-Sr,False,-5.224171320597331,scored,,3635,local_private_WBM_raw_structure_cache_not_distributed
wbm-1-37787,O4 S2 Sb4,3|O-S,False,-5.375042724609375,scored,,3636,local_private_WBM_raw_structure_cache_not_distributed
wbm-1-37799,O8 S4,2|O-S,False,-5.727297465006511,scored,,3637,local_private_WBM_raw_structure_cache_not_distributed
wbm-1-37807,O8 Ta4,2|O-Ta,False,-9.824797948201498,scored,,3638,local_private_WBM_raw_structure_cache_not_distributed
wbm-1-37817,O2 Tb1 Tl1,3|O-Tb,False,-6.5811896324157715,scored,,3639,local_private_WBM_raw_structure_cache_not_distributed
wbm-1-37818,O8 Tb4,2|O-Tb,False,-7.686958948771159,scored,,3640,local_private_WBM_raw_structure_cache_not_distributed
wbm-1-37832,O2 Te1 Th2,3|O-Te,False,-8.529855346679687,scored,,3641,local_private_WBM_raw_structure_cache_not_distributed
wbm-1-37834,O8 Te4,2|O-Te,False,-5.327505747477214,scored,,3642,local_private_WBM_raw_structure_cache_not_distributed
wbm-1-37836,O4 Th2,2|O-Th,False,-9.491554896036783,scored,,3643,local_private_WBM_raw_structure_cache_not_distributed
wbm-1-37850,O4 Ti2,2|O-Ti,False,-8.831382115681967,scored,,3644,local_private_WBM_raw_structure_cache_not_distributed
wbm-1-37853,O2 Ti1 Y1,3|O-Ti,False,-8.736943244934082,scored,,3645,local_private_WBM_raw_structure_cache_not_distributed
wbm-1-37855,O2 Th1 Tl1,3|O-Th,False,-7.403597831726074,scored,,3646,local_private_WBM_raw_structure_cache_not_distributed
wbm-1-37856,O2 Tl1 U1,3|O-Tl,False,-7.9918670654296875,scored,,3647,local_private_WBM_raw_structure_cache_not_distributed
wbm-1-37859,O8 Tm4,2|O-Tm,False,-7.765221913655599,scored,,3648,local_private_WBM_raw_structure_cache_not_distributed
wbm-1-37868,O8 U4,2|O-U,False,-10.170004526774088,scored,,3649,local_private_WBM_raw_structure_cache_not_distributed
wbm-1-37876,O4 V6,2|O-V,False,-7.241001892089844,scored,,3650,local_private_WBM_raw_structure_cache_not_distributed
wbm-1-37893,O2 V1 Y1,3|O-V,False,-8.109598159790039,scored,,3651,local_private_WBM_raw_structure_cache_not_distributed
wbm-1-37895,O8 W4,2|O-W,False,-7.454762776692708,scored,,3652,local_private_WBM_raw_structure_cache_not_distributed
wbm-1-37903,O2 Yb1,2|O-Yb,True,-6.03494135538737,scored,,3653,local_private_WBM_raw_structure_cache_not_distributed
wbm-1-37914,O2 Sn1 Y1,3|O-Sn,False,-7.255998611450195,scored,,3654,local_private_WBM_raw_structure_cache_not_distributed
wbm-1-37915,O2 U1 Y1,3|O-U,False,-9.282374382019043,scored,,3655,local_private_WBM_raw_structure_cache_not_distributed
wbm-1-37916,O8 Y4,2|O-Y,False,-8.341360727945963,scored,,3656,local_private_WBM_raw_structure_cache_not_distributed
wbm-1-37926,Ba2 O2 Sb2 Zn3,4|Ba-O,False,-3.980553944905599,scored,,3657,local_private_WBM_raw_structure_cache_not_distributed
wbm-1-37953,O2 Zn1,2|O-Zn,False,-4.405119260152181,scored,,3658,local_private_WBM_raw_structure_cache_not_distributed
wbm-1-37962,O4 Zr6,2|O-Zr,False,-9.160208129882813,scored,,3659,local_private_WBM_raw_structure_cache_not_distributed
wbm-1-38165,Ba2 Nd2 O6,3|Ba-Nd,False,-6.894745635986328,scored,,3660,local_private_WBM_raw_structure_cache_not_distributed
wbm-1-38166,Ba2 Np2 O6,3|Ba-Np,True,-8.950250244140625,scored,,3661,local_private_WBM_raw_structure_cache_not_distributed
wbm-1-38485,Cr1 Ho1 O3,3|Cr-Ho,False,-7.885138702392578,scored,,3662,local_private_WBM_raw_structure_cache_not_distributed
wbm-1-38488,Cr1 Lu1 O3,3|Cr-Lu,False,-7.763866424560547,scored,,3663,local_private_WBM_raw_structure_cache_not_distributed
wbm-1-38629,Eu4 O6,2|Eu-O,False,-9.735049438476562,scored,,3664,local_private_WBM_raw_structure_cache_not_distributed
wbm-1-38715,F2 Nb2 Ni2 O6,4|F-Nb,False,-7.095849355061849,scored,,3665,local_private_WBM_raw_structure_cache_not_distributed
wbm-1-38721,Ga4 O6,2|Ga-O,False,-5.944975280761719,scored,,3666,local_private_WBM_raw_structure_cache_not_distributed
wbm-1-38794,Bi2 Gd2 O6,3|Bi-Gd,False,-8.874709320068359,scored,,3667,local_private_WBM_raw_structure_cache_not_distributed
wbm-1-38797,Ge2 O3 Rb2,3|Ge-O,False,-5.137620108468192,scored,,3668,local_private_WBM_raw_structure_cache_not_distributed
wbm-1-38825,Ac1 Hf1 O3,3|Ac-Hf,False,-8.969392395019531,scored,,3669,local_private_WBM_raw_structure_cache_not_distributed
wbm-1-38968,Ir2 K2 La2 O6,4|Ir-K,False,-6.821107864379883,scored,,3670,local_private_WBM_raw_structure_cache_not_distributed
wbm-1-38981,Ce2 K2 O6 Pd2,4|Ce-K,False,-6.516968409220378,scored,,3671,local_private_WBM_raw_structure_cache_not_distributed
wbm-1-38982,Dy2 K2 O6 Pd2,4|Dy-K,False,-6.277706782023112,scored,,3672,local_private_WBM_raw_structure_cache_not_distributed
wbm-1-38983,Er2 K2 O6 Pd2,4|Er-K,False,-6.275274276733398,scored,,3673,local_private_WBM_raw_structure_cache_not_distributed
wbm-1-38984,Ho2 K2 O6 Pd2,4|Ho-K,False,-6.273029963175456,scored,,3674,local_private_WBM_raw_structure_cache_not_distributed
wbm-1-38985,K2 Lu2 O6 Pd2,4|K-Lu,False,-6.26412836710612,scored,,3675,local_private_WBM_raw_structure_cache_not_distributed
wbm-1-38986,K2 O6 Pd2 Tb2,4|K-O,False,-6.2773392995198565,scored,,3676,local_private_WBM_raw_structure_cache_not_distributed
wbm-1-39005,Cs2 K2 O6 Ti2,4|Cs-K,False,-6.511110941569011,scored,,3677,local_private_WBM_raw_structure_cache_not_distributed
wbm-1-39023,La4 O6,2|La-O,False,-8.285332489013673,scored,,3678,local_private_WBM_raw_structure_cache_not_distributed
wbm-1-39029,Ce4 La4 O12,3|Ce-La,False,-8.479652404785156,scored,,3679,local_private_WBM_raw_structure_cache_not_distributed
wbm-1-39030,Dy4 La4 O12,3|Dy-La,False,-8.360104370117188,scored,,3680,local_private_WBM_raw_structure_cache_not_distributed
wbm-1-39034,La4 Nd4 O12,3|La-Nd,False,-8.234799194335938,scored,,3681,local_private_WBM_raw_structure_cache_not_distributed
wbm-1-39046,Bi1 Lu1 O3,3|Bi-Lu,False,-6.593959808349609,scored,,3682,local_private_WBM_raw_structure_cache_not_distributed
wbm-1-39114,Mn6 Nd6 O18,3|Mn-Nd,False,-7.920330301920573,scored,,3683,local_private_WBM_raw_structure_cache_not_distributed
wbm-1-39149,Mo2 O6,2|Mo-O,False,-7.016799449920654,scored,,3684,local_private_WBM_raw_structure_cache_not_distributed
wbm-1-39154,Mo4 O12 Yb4,3|Mo-O,True,-7.130769348144531,scored,,3685,local_private_WBM_raw_structure_cache_not_distributed
wbm-1-39197,Cr2 Na2 O6 Rb2,4|Cr-Na,False,-5.770323435465495,scored,,3686,local_private_WBM_raw_structure_cache_not_distributed
wbm-1-39199,Cs2 Hf2 Na2 O6,4|Cs-Hf,True,-7.043324152628581,scored,,3687,local_private_WBM_raw_structure_cache_not_distributed
wbm-1-39201,Fe2 Na2 O6 Rb2,4|Fe-Na,False,-5.157507578531901,scored,,3688,local_private_WBM_raw_structure_cache_not_distributed
wbm-1-39211,I2 Na2 O6,3|I-Na,False,-4.417351531982422,scored,,3689,local_private_WBM_raw_structure_cache_not_distributed
wbm-1-39212,Cr2 K2 Na2 O6,4|Cr-K,False,-5.818970998128255,scored,,3690,local_private_WBM_raw_structure_cache_not_distributed
wbm-1-39214,Hf2 K2 Na2 O6,4|Hf-K,True,-7.101224899291992,scored,,3691,local_private_WBM_raw_structure_cache_not_distributed
wbm-1-39226,Cs2 Na2 Nb2 O6,4|Cs-Na,False,-6.531757354736328,scored,,3692,local_private_WBM_raw_structure_cache_not_distributed
wbm-1-39233,Hf2 Na2 O6 Rb2,4|Hf-Na,True,-7.0647843678792315,scored,,3693,local_private_WBM_raw_structure_cache_not_distributed
wbm-1-39234,Na2 Nb2 O6 Rb2,4|Na-Nb,False,-6.567441940307617,scored,,3694,local_private_WBM_raw_structure_cache_not_distributed
wbm-1-39278,Ac1 Nb1 O3,3|Ac-Nb,False,-8.448044586181641,scored,,3695,local_private_WBM_raw_structure_cache_not_distributed
wbm-1-39285,Ba4 Nb4 O12,3|Ba-Nb,False,-8.136483764648437,scored,,3696,local_private_WBM_raw_structure_cache_not_distributed
wbm-1-39305,Nd4 O6,2|Nd-O,False,-8.13673095703125,scored,,3697,local_private_WBM_raw_structure_cache_not_distributed
wbm-1-39348,Np2 O3,2|Np-O,False,-10.896416473388673,scored,,3698,local_private_WBM_raw_structure_cache_not_distributed
wbm-1-39395,O6 Pr4,2|O-Pr,False,-8.090363311767579,scored,,3699,local_private_WBM_raw_structure_cache_not_distributed
wbm-1-39410,O6 Pu4,2|O-Pu,False,-11.620401000976562,scored,,3700,local_private_WBM_raw_structure_cache_not_distributed
wbm-1-39464,La2 O6 Pd2 Rb2,4|La-O,True,-6.292016347249349,scored,,3701,local_private_WBM_raw_structure_cache_not_distributed
wbm-1-39510,O6 Ru2 Tl2,3|O-Ru,True,-6.1971588134765625,scored,,3702,local_private_WBM_raw_structure_cache_not_distributed
wbm-1-39678,O6 Si2 Ti2,3|O-Si,False,-8.194512939453125,scored,,3703,local_private_WBM_raw_structure_cache_not_distributed
wbm-1-39728,O12 Os4 Sn4,3|O-Os,False,-6.967081451416016,scored,,3704,local_private_WBM_raw_structure_cache_not_distributed
wbm-1-39914,O3 Tc1 Yb1,3|O-Tc,False,-7.4619392395019535,scored,,3705,local_private_WBM_raw_structure_cache_not_distributed
wbm-1-40010,O3 Ta1 Ti1,3|O-Ta,False,-8.470431518554687,scored,,3706,local_private_WBM_raw_structure_cache_not_distributed
wbm-1-40026,O6 Tl4,2|O-Tl,False,-4.571257781982422,scored,,3707,local_private_WBM_raw_structure_cache_not_distributed
wbm-1-40169,O6 Sm2 Y2,3|O-Sm,False,-8.549672698974609,scored,,3708,local_private_WBM_raw_structure_cache_not_distributed
wbm-1-40173,O6 Tm2 Y2,3|O-Tm,False,-8.694872283935547,scored,,3709,local_private_WBM_raw_structure_cache_not_distributed
wbm-1-40175,O6 Y2 Yb2,3|O-Y,False,-7.352742004394531,scored,,3710,local_private_WBM_raw_structure_cache_not_distributed
wbm-1-40199,O6 Zn2 Zr2,3|O-Zn,False,-7.399641418457032,scored,,3711,local_private_WBM_raw_structure_cache_not_distributed
wbm-1-40204,Ac1 O3 Zr1,3|Ac-O,False,-8.591478729248047,scored,,3712,local_private_WBM_raw_structure_cache_not_distributed
wbm-1-40240,O3 Yb1 Zr1,3|O-Yb,False,-8.086680603027343,scored,,3713,local_private_WBM_raw_structure_cache_not_distributed
wbm-1-40375,Bi2 Ca1 Cu2 O4 Se2,5|Bi-Ca,False,-5.167118766091087,scored,,3714,local_private_WBM_raw_structure_cache_not_distributed
wbm-1-40393,Ca1 Nd1 O4,3|Ca-Nd,False,-6.4308522542317705,scored,,3715,local_private_WBM_raw_structure_cache_not_distributed
wbm-1-40432,Ce2 Dy2 O8,3|Ce-Dy,False,-8.16545550028483,scored,,3716,local_private_WBM_raw_structure_cache_not_distributed
wbm-1-40434,Ce2 Er2 O8,3|Ce-Er,False,-8.154628117879232,scored,,3717,local_private_WBM_raw_structure_cache_not_distributed
wbm-1-40436,Ce2 Gd2 O8,3|Ce-Gd,False,-9.700261433919271,scored,,3718,local_private_WBM_raw_structure_cache_not_distributed
wbm-1-40441,Ce2 Ho2 O8,3|Ce-Ho,False,-8.154115041097006,scored,,3719,local_private_WBM_raw_structure_cache_not_distributed
wbm-1-40443,Ce2 Lu2 O8,3|Ce-Lu,False,-8.153387069702148,scored,,3720,local_private_WBM_raw_structure_cache_not_distributed
wbm-1-40475,Bi2 Ce1 Cl1 O4,4|Bi-Ce,False,-6.431613445281982,scored,,3721,local_private_WBM_raw_structure_cache_not_distributed
wbm-1-40542,As2 Cu2 O4 Se2 Y1,5|As-Cu,False,-5.88898398659446,scored,,3722,local_private_WBM_raw_structure_cache_not_distributed
wbm-1-40546,Bi2 Cu2 O4 Pu1 Se2,5|Bi-Cu,False,-6.44086317582564,scored,,3723,local_private_WBM_raw_structure_cache_not_distributed
wbm-1-40549,Bi2 Ce1 Cu2 O4 Se2,5|Bi-Ce,False,-5.832728299227628,scored,,3724,local_private_WBM_raw_structure_cache_not_distributed
wbm-1-40727,Hf2 Np2 O8,3|Hf-Np,False,-10.429553349812826,scored,,3725,local_private_WBM_raw_structure_cache_not_distributed
wbm-1-40749,Bi3 I1 O4,3|Bi-I,True,-5.288609504699707,scored,,3726,local_private_WBM_raw_structure_cache_not_distributed
wbm-1-40819,Mg2 Mo2 O8,3|Mg-Mo,False,-6.744960784912109,scored,,3727,local_private_WBM_raw_structure_cache_not_distributed
wbm-1-40891,Hg2 Mo2 O8,3|Hg-Mo,False,-5.633431116739909,scored,,3728,local_private_WBM_raw_structure_cache_not_distributed
wbm-1-40892,In2 Mo2 O8,3|In-Mo,False,-6.509256998697917,scored,,3729,local_private_WBM_raw_structure_cache_not_distributed
wbm-1-40930,Ca1 Na2 O4 Si1,4|Ca-Na,False,-6.1541242599487305,scored,,3730,local_private_WBM_raw_structure_cache_not_distributed
wbm-1-40958,Mo1 Na4 O4,3|Mo-Na,False,-5.049672020806207,scored,,3731,local_private_WBM_raw_structure_cache_not_distributed
wbm-1-40973,Cs1 Mo1 Na1 O4,4|Cs-Mo,False,-5.97852052961077,scored,,3732,local_private_WBM_raw_structure_cache_not_distributed
wbm-1-41045,Bi2 Ni2 O4 Se2 Y1,5|Bi-Ni,False,-6.150597312233665,scored,,3733,local_private_WBM_raw_structure_cache_not_distributed
wbm-1-41141,O8 Re2,2|O-Re,False,-7.6677085876464846,scored,,3734,local_private_WBM_raw_structure_cache_not_distributed
wbm-1-41167,I1 La1 O4 Sb2,4|I-La,False,-6.209012985229492,scored,,3735,local_private_WBM_raw_structure_cache_not_distributed
wbm-1-41180,O8 Re2 Sb2,3|O-Re,False,-7.494335810343425,scored,,3736,local_private_WBM_raw_structure_cache_not_distributed
wbm-1-41212,Bi2 O4 Sc1 Se1,4|Bi-O,False,-6.407073020935059,scored,,3737,local_private_WBM_raw_structure_cache_not_distributed
wbm-1-41241,Bi2 Np1 O4 Se1,4|Bi-Np,False,-7.2253336906433105,scored,,3738,local_private_WBM_raw_structure_cache_not_distributed
wbm-1-41245,Bi2 Dy1 O4 Se1,4|Bi-Dy,False,-6.268891334533691,scored,,3739,local_private_WBM_raw_structure_cache_not_distributed
wbm-1-41246,Bi2 Er1 O4 Se1,4|Bi-Er,False,-6.278804302215576,scored,,3740,local_private_WBM_raw_structure_cache_not_distributed
wbm-1-41248,Bi2 Gd1 O4 Se1,4|Bi-Gd,False,-7.417147159576416,scored,,3741,local_private_WBM_raw_structure_cache_not_distributed
wbm-1-41250,Bi2 Ho1 O4 Se1,4|Bi-Ho,False,-6.273899078369141,scored,,3742,local_private_WBM_raw_structure_cache_not_distributed
wbm-1-41252,Bi2 La1 O4 Se1,4|Bi-La,False,-6.2625532150268555,scored,,3743,local_private_WBM_raw_structure_cache_not_distributed
wbm-1-41253,Bi2 Lu1 O4 Se1,4|Bi-Lu,False,-6.2778143882751465,scored,,3744,local_private_WBM_raw_structure_cache_not_distributed
wbm-1-41254,Bi2 Nd1 O4 Se1,4|Bi-Nd,False,-6.222862720489502,scored,,3745,local_private_WBM_raw_structure_cache_not_distributed
wbm-1-41258,Ce1 O4 Sb2 Se1,4|Ce-O,False,-6.556096076965332,scored,,3746,local_private_WBM_raw_structure_cache_not_distributed
wbm-1-41285,Np2 O8 Si2,3|Np-O,False,-9.279921849568685,scored,,3747,local_private_WBM_raw_structure_cache_not_distributed
wbm-1-41534,O8 W2 Yb2,3|O-W,True,-7.301941553751628,scored,,3748,local_private_WBM_raw_structure_cache_not_distributed
wbm-1-41672,Ba1 Bi1 Ca1 Cu1 O5,5|Ba-Bi,False,-5.794456058078342,scored,,3749,local_private_WBM_raw_structure_cache_not_distributed
wbm-1-41708,Cu2 O5 Sr1 Y1,4|Cu-O,False,-6.451799604627821,scored,,3750,local_private_WBM_raw_structure_cache_not_distributed
wbm-1-41712,As1 Ba1 Cu1 O5 Y1,5|As-Ba,False,-6.641244676378038,scored,,3751,local_private_WBM_raw_structure_cache_not_distributed
wbm-1-41841,Ni1 O5 Sr2 Tl1,4|Ni-O,False,-5.34573491414388,scored,,3752,local_private_WBM_raw_structure_cache_not_distributed
wbm-1-41858,Ca2 O5 S2 Ti2,4|Ca-O,False,-7.2887420654296875,scored,,3753,local_private_WBM_raw_structure_cache_not_distributed
wbm-1-41859,Cr2 O5 S2 Y2,4|Cr-O,False,-7.605119185014204,scored,,3754,local_private_WBM_raw_structure_cache_not_distributed
wbm-1-41860,Fe2 O5 S2 Y2,4|Fe-O,False,-7.029499400745738,scored,,3755,local_private_WBM_raw_structure_cache_not_distributed
wbm-1-41861,O5 S2 Sc2 Ti2,4|O-S,False,-8.325930508700283,scored,,3756,local_private_WBM_raw_structure_cache_not_distributed
wbm-1-41864,Dy2 O5 S2 Ti2,4|Dy-O,True,-8.190789656205611,scored,,3757,local_private_WBM_raw_structure_cache_not_distributed
wbm-1-41865,Er2 O5 S2 Ti2,4|Er-O,True,-8.167556762695312,scored,,3758,local_private_WBM_raw_structure_cache_not_distributed
wbm-1-41866,Eu2 O5 S2 Ti2,4|Eu-O,False,-8.928733825683594,scored,,3759,local_private_WBM_raw_structure_cache_not_distributed
wbm-1-41867,Gd2 O5 S2 Ti2,4|Gd-O,True,-9.89373779296875,scored,,3760,local_private_WBM_raw_structure_cache_not_distributed
wbm-1-41868,Ho2 O5 S2 Ti2,4|Ho-O,True,-8.17210665616122,scored,,3761,local_private_WBM_raw_structure_cache_not_distributed
wbm-1-41870,Lu2 O5 S2 Ti2,4|Lu-O,False,-8.146994850852273,scored,,3762,local_private_WBM_raw_structure_cache_not_distributed
wbm-1-41871,O5 Pu2 S2 Ti2,4|O-Pu,True,-9.75629910555753,scored,,3763,local_private_WBM_raw_structure_cache_not_distributed
wbm-1-41878,Hf2 O5 S2 Y2,4|Hf-O,False,-9.119359796697443,scored,,3764,local_private_WBM_raw_structure_cache_not_distributed
wbm-1-41879,Nb2 O5 S2 Y2,4|Nb-O,False,-8.557268316095525,scored,,3765,local_private_WBM_raw_structure_cache_not_distributed
wbm-1-41894,O5 Se2 Ti2 Y2,4|O-Se,True,-8.305245139382102,scored,,3766,local_private_WBM_raw_structure_cache_not_distributed
wbm-1-41908,Al1 O6 Sb1 Sr2,4|Al-O,False,-6.611335754394531,scored,,3767,local_private_WBM_raw_structure_cache_not_distributed
wbm-1-41930,As1 O6 Sr2 Y1,4|As-O,False,-6.98226318359375,scored,,3768,local_private_WBM_raw_structure_cache_not_distributed
wbm-1-41942,Ba2 Dy1 O6 Pt1,4|Ba-Dy,True,-6.6674644470214846,scored,,3769,local_private_WBM_raw_structure_cache_not_distributed
wbm-1-41948,Ba2 Er1 O6 Pt1,4|Ba-Er,True,-6.667979431152344,scored,,3770,local_private_WBM_raw_structure_cache_not_distributed
wbm-1-41954,Ba2 Eu1 O6 Pt1,4|Ba-Eu,True,-7.031437683105469,scored,,3771,local_private_WBM_raw_structure_cache_not_distributed
wbm-1-41964,Ba2 Gd1 O6 Pt1,4|Ba-Gd,True,-7.585985565185547,scored,,3772,local_private_WBM_raw_structure_cache_not_distributed
wbm-1-41973,Ba2 Ho1 O6 Pt1,4|Ba-Ho,True,-6.670563507080078,scored,,3773,local_private_WBM_raw_structure_cache_not_distributed
wbm-1-41978,Ba2 Hf1 La1 O6,4|Ba-Hf,False,-7.879486846923828,scored,,3774,local_private_WBM_raw_structure_cache_not_distributed
wbm-1-41980,Ba2 La1 O6 Pt1,4|Ba-La,True,-6.646431732177734,scored,,3775,local_private_WBM_raw_structure_cache_not_distributed
wbm-1-41984,Ba2 Lu1 O6 Pt1,4|Ba-Lu,True,-6.6924285888671875,scored,,3776,local_private_WBM_raw_structure_cache_not_distributed
wbm-1-41990,Ba2 Nd1 O6 Pt1,4|Ba-Nd,True,-6.599783325195313,scored,,3777,local_private_WBM_raw_structure_cache_not_distributed
wbm-1-42000,Ba2 Np1 O6 Pt1,4|Ba-Np,False,-7.516192626953125,scored,,3778,local_private_WBM_raw_structure_cache_not_distributed
wbm-1-42057,Ca2 La1 O6 Ta1,4|Ca-La,False,-8.148375701904296,scored,,3779,local_private_WBM_raw_structure_cache_not_distributed
wbm-1-42062,Ca2 Ni1 O6 Os1,4|Ca-Ni,False,-6.634503173828125,scored,,3780,local_private_WBM_raw_structure_cache_not_distributed
wbm-1-42076,Ca2 Nb1 O6 Y1,4|Ca-Nb,False,-7.874602508544922,scored,,3781,local_private_WBM_raw_structure_cache_not_distributed
wbm-1-42080,Ca2 Mo1 O6 Zn1,4|Ca-Mo,False,-6.298164367675781,scored,,3782,local_private_WBM_raw_structure_cache_not_distributed
wbm-1-42102,Ca1 Cr1 Cu1 O6,4|Ca-Cr,False,-6.1022796630859375,scored,,3783,local_private_WBM_raw_structure_cache_not_distributed
wbm-1-42117,Ca1 Eu2 Mo1 O6,4|Ca-Eu,False,-8.373709869384765,scored,,3784,local_private_WBM_raw_structure_cache_not_distributed
wbm-1-42129,Ca1 Dy2 O6 Sn1,4|Ca-Dy,False,-7.342340087890625,scored,,3785,local_private_WBM_raw_structure_cache_not_distributed
wbm-1-42130,Ca1 Er2 O6 Sn1,4|Ca-Er,False,-7.354503631591797,scored,,3786,local_private_WBM_raw_structure_cache_not_distributed
wbm-1-42132,Ca1 Gd2 O6 Sn1,4|Ca-Gd,False,-9.175954437255859,scored,,3787,local_private_WBM_raw_structure_cache_not_distributed
wbm-1-42133,Ca1 Ho2 O6 Sn1,4|Ca-Ho,False,-7.334907531738281,scored,,3788,local_private_WBM_raw_structure_cache_not_distributed
wbm-1-42134,Ca1 Lu2 O6 Sn1,4|Ca-Lu,False,-7.372528839111328,scored,,3789,local_private_WBM_raw_structure_cache_not_distributed
wbm-1-42135,Ca1 Nd2 O6 Sn1,4|Ca-Nd,False,-7.2851203918457035,scored,,3790,local_private_WBM_raw_structure_cache_not_distributed
wbm-1-42174,Ba1 Cd1 La1 O6 Ta1,5|Ba-Cd,False,-7.657829284667969,scored,,3791,local_private_WBM_raw_structure_cache_not_distributed
wbm-1-42179,Cd1 La2 O6 Sn1,4|Cd-La,False,-6.8572944641113285,scored,,3792,local_private_WBM_raw_structure_cache_not_distributed
wbm-1-42180,Cd1 O6 Pb2 Te1,4|Cd-O,False,-5.157011032104492,scored,,3793,local_private_WBM_raw_structure_cache_not_distributed
wbm-1-42185,Cl1 Ge1 O6 Rb1,4|Cl-Ge,False,-4.448559231228298,scored,,3794,local_private_WBM_raw_structure_cache_not_distributed
wbm-1-42192,Ba1 Co1 La1 O6 Ta1,5|Ba-Co,False,-8.082501220703126,scored,,3795,local_private_WBM_raw_structure_cache_not_distributed
wbm-1-42197,Co1 Ni1 O6 Sr2,4|Co-Ni,False,-5.6276397705078125,scored,,3796,local_private_WBM_raw_structure_cache_not_distributed
wbm-1-42198,Co1 La2 O6 Sn1,4|Co-La,False,-7.305193328857422,scored,,3797,local_private_WBM_raw_structure_cache_not_distributed
wbm-1-42199,Co1 O6 Os1 Sr2,4|Co-O,False,-6.791433715820313,scored,,3798,local_private_WBM_raw_structure_cache_not_distributed
wbm-1-42204,Ce1 Cr1 Cu1 O6,4|Ce-Cr,False,-6.9361144171820746,scored,,3799,local_private_WBM_raw_structure_cache_not_distributed
wbm-1-42221,Cr1 Ni1 O6 Sr2,4|Cr-Ni,False,-6.178107070922851,scored,,3800,local_private_WBM_raw_structure_cache_not_distributed
wbm-1-42223,Bi2 Cr1 O6 Zn1,4|Bi-Cr,False,-5.985800552368164,scored,,3801,local_private_WBM_raw_structure_cache_not_distributed
wbm-1-42265,Ba1 Fe1 La1 O6 Ta1,5|Ba-Fe,False,-8.10589828491211,scored,,3802,local_private_WBM_raw_structure_cache_not_distributed
wbm-1-42270,Fe1 Ni1 O6 Sr2,4|Fe-Ni,False,-5.841408157348633,scored,,3803,local_private_WBM_raw_structure_cache_not_distributed
wbm-1-42282,F1 Na1 Nb2 O6 Sr1,5|F-Na,False,-7.726224032315341,scored,,3804,local_private_WBM_raw_structure_cache_not_distributed
wbm-1-42287,Eu2 Ga1 O6 Ta1,4|Eu-Ga,True,-9.258946228027344,scored,,3805,local_private_WBM_raw_structure_cache_not_distributed
wbm-1-42294,Bi1 Ga1 O6 Sr2,4|Bi-Ga,False,-5.9357257843017575,scored,,3806,local_private_WBM_raw_structure_cache_not_distributed
wbm-1-42295,Ga1 Hf1 O6 Sr2,4|Ga-Hf,False,-7.304843139648438,scored,,3807,local_private_WBM_raw_structure_cache_not_distributed
wbm-1-42296,Ga1 Nb1 O6 Sr2,4|Ga-Nb,False,-7.266318511962891,scored,,3808,local_private_WBM_raw_structure_cache_not_distributed
wbm-1-42297,Ga1 O6 Sr2 Zr1,4|Ga-O,False,-7.082286071777344,scored,,3809,local_private_WBM_raw_structure_cache_not_distributed
wbm-1-42299,Br1 Ge1 O6 Rb1,4|Br-Ge,False,-4.511628892686632,scored,,3810,local_private_WBM_raw_structure_cache_not_distributed
wbm-1-42302,Ge1 O6 Se1 Sr1,4|Ge-O,False,-5.950112660725911,scored,,3811,local_private_WBM_raw_structure_cache_not_distributed
wbm-1-42312,In1 O6 Pb2 Ta1,4|In-O,False,-6.995349884033203,scored,,3812,local_private_WBM_raw_structure_cache_not_distributed
wbm-1-42320,Fe1 I1 K1 O6,4|Fe-I,False,-5.092948489718967,scored,,3813,local_private_WBM_raw_structure_cache_not_distributed
wbm-1-42321,Ge1 I1 K1 O6,4|Ge-I,True,-5.17210218641493,scored,,3814,local_private_WBM_raw_structure_cache_not_distributed
wbm-1-42322,I1 K1 O6 Pt1,4|I-K,True,-4.938846164279514,scored,,3815,local_private_WBM_raw_structure_cache_not_distributed
wbm-1-42328,Bi1 K1 O6 Ti2,4|Bi-K,False,-7.446804046630859,scored,,3816,local_private_WBM_raw_structure_cache_not_distributed
wbm-1-42368,Ba1 Hf1 La1 Mg1 O6,5|Ba-Hf,False,-7.722265625,scored,,3817,local_private_WBM_raw_structure_cache_not_distributed
wbm-1-42369,Ba1 Lu1 Mg1 O6 Ta1,5|Ba-Lu,False,-7.973277282714844,scored,,3818,local_private_WBM_raw_structure_cache_not_distributed
wbm-1-42371,Ba1 Mg1 Nd1 O6 Ta1,5|Ba-Mg,False,-7.944960021972657,scored,,3819,local_private_WBM_raw_structure_cache_not_distributed
wbm-1-42385,Ca2 Mg1 Ni1 O6,4|Ca-Mg,False,-5.566082763671875,scored,,3820,local_private_WBM_raw_structure_cache_not_distributed
wbm-1-42402,Eu2 Mg1 O6 W1,4|Eu-Mg,True,-8.57691650390625,scored,,3821,local_private_WBM_raw_structure_cache_not_distributed
wbm-1-42407,Ce2 Ge1 Mg1 O6,4|Ce-Ge,False,-7.460746765136719,scored,,3822,local_private_WBM_raw_structure_cache_not_distributed
wbm-1-42408,Dy2 Ge1 Mg1 O6,4|Dy-Ge,False,-7.3234130859375,scored,,3823,local_private_WBM_raw_structure_cache_not_distributed
wbm-1-42409,Er2 Ge1 Mg1 O6,4|Er-Ge,False,-7.32213134765625,scored,,3824,local_private_WBM_raw_structure_cache_not_distributed
wbm-1-42410,Gd2 Ge1 Mg1 O6,4|Gd-Ge,False,-9.183148956298828,scored,,3825,local_private_WBM_raw_structure_cache_not_distributed
wbm-1-42411,Ge1 Ho2 Mg1 O6,4|Ge-Ho,False,-7.323889923095703,scored,,3826,local_private_WBM_raw_structure_cache_not_distributed
wbm-1-42413,Ge1 Lu2 Mg1 O6,4|Ge-Lu,False,-7.323639678955078,scored,,3827,local_private_WBM_raw_structure_cache_not_distributed
wbm-1-42424,In2 Mg1 O6 Te1,4|In-Mg,False,-5.283683776855469,scored,,3828,local_private_WBM_raw_structure_cache_not_distributed
wbm-1-42426,In1 La2 Mg1 O6,4|In-La,False,-6.996664428710938,scored,,3829,local_private_WBM_raw_structure_cache_not_distributed
wbm-1-42429,La2 Mg1 O6 Pb1,4|La-Mg,False,-6.981619262695313,scored,,3830,local_private_WBM_raw_structure_cache_not_distributed
wbm-1-42434,Mg1 Mo1 O6 Pb2,4|Mg-Mo,False,-6.223190689086914,scored,,3831,local_private_WBM_raw_structure_cache_not_distributed
wbm-1-42454,Ce2 Mg1 Ni1 O6,4|Ce-Mg,False,-7.221784973144532,scored,,3832,local_private_WBM_raw_structure_cache_not_distributed
wbm-1-42455,Dy2 Mg1 Ni1 O6,4|Dy-Mg,False,-6.735678863525391,scored,,3833,local_private_WBM_raw_structure_cache_not_distributed
wbm-1-42456,Er2 Mg1 Ni1 O6,4|Er-Mg,False,-6.739787292480469,scored,,3834,local_private_WBM_raw_structure_cache_not_distributed
wbm-1-42458,Gd2 Mg1 Ni1 O6,4|Gd-Mg,False,-8.600992584228516,scored,,3835,local_private_WBM_raw_structure_cache_not_distributed
wbm-1-42459,Ho2 Mg1 Ni1 O6,4|Ho-Mg,False,-6.737670135498047,scored,,3836,local_private_WBM_raw_structure_cache_not_distributed
wbm-1-42460,Mg1 Nd2 Ni1 O6,4|Mg-Nd,False,-6.738719177246094,scored,,3837,local_private_WBM_raw_structure_cache_not_distributed
wbm-1-42461,Mg1 Ni1 O6 Pr2,4|Mg-Ni,False,-6.72913818359375,scored,,3838,local_private_WBM_raw_structure_cache_not_distributed
wbm-1-42478,Mg1 O6 Pb2 Se1,4|Mg-O,False,-5.42767448425293,scored,,3839,local_private_WBM_raw_structure_cache_not_distributed
wbm-1-42489,Lu2 Mg1 O6 Sn1,4|Lu-Mg,False,-7.247812652587891,scored,,3840,local_private_WBM_raw_structure_cache_not_distributed
wbm-1-42505,Bi1 La1 Mg1 O6 Sr1,5|Bi-La,False,-6.383806228637695,scored,,3841,local_private_WBM_raw_structure_cache_not_distributed
wbm-1-42506,La1 Mg1 O6 Sr1 Ta1,5|La-Mg,False,-8.037423706054687,scored,,3842,local_private_WBM_raw_structure_cache_not_distributed
wbm-1-42512,Bi2 Mg1 O6 Ti1,4|Bi-Mg,False,-6.786733245849609,scored,,3843,local_private_WBM_raw_structure_cache_not_distributed
wbm-1-42546,Ge1 La2 Mn1 O6,4|Ge-La,False,-7.757875061035156,scored,,3844,local_private_WBM_raw_structure_cache_not_distributed
wbm-1-42549,Mn1 Ni1 O6 Sr2,4|Mn-Ni,False,-6.07674560546875,scored,,3845,local_private_WBM_raw_structure_cache_not_distributed
wbm-1-42552,Mn1 Mo1 O6 Sr2,4|Mn-Mo,False,-6.989459991455078,scored,,3846,local_private_WBM_raw_structure_cache_not_distributed
wbm-1-42553,Mn1 O6 Os1 Sr2,4|Mn-O,True,-7.192924499511719,scored,,3847,local_private_WBM_raw_structure_cache_not_distributed
wbm-1-42586,Co1 Na3 O6 V2,4|Co-Na,False,-6.22476323445638,scored,,3848,local_private_WBM_raw_structure_cache_not_distributed
wbm-1-42589,Ba2 Na1 O6 W1,4|Ba-Na,False,-6.513445281982422,scored,,3849,local_private_WBM_raw_structure_cache_not_distributed
wbm-1-42593,Co1 I1 Na1 O6,4|Co-I,True,-4.891460418701172,scored,,3850,local_private_WBM_raw_structure_cache_not_distributed
wbm-1-42599,Bi1 Hf2 Na1 O6,4|Bi-Hf,True,-8.17218017578125,scored,,3851,local_private_WBM_raw_structure_cache_not_distributed
wbm-1-42600,I1 Na1 O6 Pt1,4|I-Na,True,-4.937997606065538,scored,,3852,local_private_WBM_raw_structure_cache_not_distributed
wbm-1-42604,Bi1 Na1 Nb2 O6,4|Bi-Na,False,-7.544985961914063,scored,,3853,local_private_WBM_raw_structure_cache_not_distributed
wbm-1-42605,Br1 Na1 Ni1 O6,4|Br-Na,False,-3.939623090955946,scored,,3854,local_private_WBM_raw_structure_cache_not_distributed
wbm-1-42620,As1 Na1 O6 Ti2,4|As-Na,False,-7.498308563232422,scored,,3855,local_private_WBM_raw_structure_cache_not_distributed
wbm-1-42641,Ba2 Nb1 O6 Pr1,4|Ba-Nb,False,-7.78326187133789,scored,,3856,local_private_WBM_raw_structure_cache_not_distributed
wbm-1-42658,Nd1 O6 Pb2 Ta1,4|Nd-O,False,-7.579736328125,scored,,3857,local_private_WBM_raw_structure_cache_not_distributed
wbm-1-42669,Eu2 Ni1 O6 Os1,4|Eu-Ni,False,-8.350856018066406,scored,,3858,local_private_WBM_raw_structure_cache_not_distributed
wbm-1-42675,La2 Ni1 O6 Sn1,4|La-Ni,False,-7.068600463867187,scored,,3859,local_private_WBM_raw_structure_cache_not_distributed
wbm-1-42684,Ce2 Ni1 O6 Zn1,4|Ce-Ni,False,-6.892887115478516,scored,,3860,local_private_WBM_raw_structure_cache_not_distributed
wbm-1-42685,Dy2 Ni1 O6 Zn1,4|Dy-Ni,False,-6.4378501892089846,scored,,3861,local_private_WBM_raw_structure_cache_not_distributed
wbm-1-42686,Er2 Ni1 O6 Zn1,4|Er-Ni,False,-6.442277526855468,scored,,3862,local_private_WBM_raw_structure_cache_not_distributed
wbm-1-42688,Gd2 Ni1 O6 Zn1,4|Gd-Ni,False,-8.301988983154297,scored,,3863,local_private_WBM_raw_structure_cache_not_distributed
wbm-1-42689,Ho2 Ni1 O6 Zn1,4|Ho-Ni,False,-6.439575958251953,scored,,3864,local_private_WBM_raw_structure_cache_not_distributed
wbm-1-42690,Lu2 Ni1 O6 Zn1,4|Lu-Ni,False,-6.44005126953125,scored,,3865,local_private_WBM_raw_structure_cache_not_distributed
wbm-1-42691,Nd2 Ni1 O6 Zn1,4|Nd-Ni,False,-6.438969421386719,scored,,3866,local_private_WBM_raw_structure_cache_not_distributed
wbm-1-42719,O6 Pb2 Pr1 Ta1,4|O-Pb,False,-7.560482025146484,scored,,3867,local_private_WBM_raw_structure_cache_not_distributed
wbm-1-42720,O6 P1 Sr2 Y1,4|O-P,False,-7.275289154052734,scored,,3868,local_private_WBM_raw_structure_cache_not_distributed
wbm-1-42766,O6 Sc1 Sn2 Ta1,4|O-Sc,False,-7.816783142089844,scored,,3869,local_private_WBM_raw_structure_cache_not_distributed
wbm-1-42767,O6 Sb1 Sc1 Sr2,4|O-Sb,False,-7.043254089355469,scored,,3870,local_private_WBM_raw_structure_cache_not_distributed
wbm-1-42783,O6 Si1 Sr1 Te1,4|O-Si,False,-6.5510609944661455,scored,,3871,local_private_WBM_raw_structure_cache_not_distributed
wbm-1-42788,Eu1 La2 O6 Sn1,4|Eu-La,False,-8.142437744140626,scored,,3872,local_private_WBM_raw_structure_cache_not_distributed
wbm-1-42799,Ba1 Mo1 O6 Sr2,4|Ba-Mo,False,-6.406109619140625,scored,,3873,local_private_WBM_raw_structure_cache_not_distributed
wbm-1-42800,Cd1 Mo1 O6 Sr2,4|Cd-Mo,False,-6.163400650024414,scored,,3874,local_private_WBM_raw_structure_cache_not_distributed
wbm-1-42802,Eu1 Mo1 O6 Sr2,4|Eu-Mo,False,-7.475168609619141,scored,,3875,local_private_WBM_raw_structure_cache_not_distributed
wbm-1-42804,Mo1 O6 Sr2 Yb1,4|Mo-O,False,-6.718566131591797,scored,,3876,local_private_WBM_raw_structure_cache_not_distributed
wbm-1-42806,La1 Nb1 O6 Sr2,4|La-Nb,False,-7.79561767578125,scored,,3877,local_private_WBM_raw_structure_cache_not_distributed
wbm-1-42807,O6 Os1 Pt1 Sr2,4|O-Os,False,-6.736885070800781,scored,,3878,local_private_WBM_raw_structure_cache_not_distributed
wbm-1-42833,O6 Sn1 Sr2 Ta1,4|O-Sn,False,-7.492820739746094,scored,,3879,local_private_WBM_raw_structure_cache_not_distributed
wbm-1-42837,Hg1 O6 Sr2 W1,4|Hg-O,False,-6.072547149658203,scored,,3880,local_private_WBM_raw_structure_cache_not_distributed
wbm-1-42840,O6 Sr2 W1 Yb1,4|O-Sr,True,-6.927191925048828,scored,,3881,local_private_WBM_raw_structure_cache_not_distributed
wbm-1-42921,Ba2 In1 O6 Ti1,4|Ba-In,False,-6.868496704101562,scored,,3882,local_private_WBM_raw_structure_cache_not_distributed
wbm-1-42927,Bi2 Ni1 O6 Ti1,4|Bi-Ni,False,-6.562936401367187,scored,,3883,local_private_WBM_raw_structure_cache_not_distributed
wbm-1-42944,O6 Pr2 Ti1 Zn1,4|O-Pr,False,-7.72491683959961,scored,,3884,local_private_WBM_raw_structure_cache_not_distributed
wbm-1-42947,O6 Sm2 Ti1 Zn1,4|O-Sm,False,-7.749016571044922,scored,,3885,local_private_WBM_raw_structure_cache_not_distributed
wbm-1-42949,O6 Tb2 Ti1 Zn1,4|O-Tb,False,-7.774644470214843,scored,,3886,local_private_WBM_raw_structure_cache_not_distributed
wbm-1-42950,O6 Th2 Ti1 Zn1,4|O-Th,False,-8.203276062011719,scored,,3887,local_private_WBM_raw_structure_cache_not_distributed
wbm-1-42951,O6 Ti1 Tm2 Zn1,4|O-Ti,False,-7.7189483642578125,scored,,3888,local_private_WBM_raw_structure_cache_not_distributed
wbm-1-43014,Bi2 Nb1 O6 Zn1,4|Bi-Nb,False,-6.483683776855469,scored,,3889,local_private_WBM_raw_structure_cache_not_distributed
wbm-1-43113,Br1 Cu1 Hf2 La1 O7,5|Br-Cu,False,-7.886304219563802,scored,,3890,local_private_WBM_raw_structure_cache_not_distributed
wbm-1-43115,Br1 Ce1 Cu1 Nb2 O7,5|Br-Ce,False,-7.82923952738444,scored,,3891,local_private_WBM_raw_structure_cache_not_distributed
wbm-1-43134,Cu1 I1 La1 Nb2 O7,5|Cu-I,False,-7.7500864664713545,scored,,3892,local_private_WBM_raw_structure_cache_not_distributed
wbm-1-43182,Eu1 K2 O7 Ta2,4|Eu-K,True,-8.649851481119791,scored,,3893,local_private_WBM_raw_structure_cache_not_distributed
wbm-1-43184,K2 Nb2 O7 Sr1,4|K-Nb,True,-7.463346481323242,scored,,3894,local_private_WBM_raw_structure_cache_not_distributed
wbm-1-43194,Er2 La2 O7,3|Er-La,False,-7.892743890935725,scored,,3895,local_private_WBM_raw_structure_cache_not_distributed
wbm-1-43196,Gd2 La2 O7,3|Gd-La,False,-9.579234730113637,scored,,3896,local_private_WBM_raw_structure_cache_not_distributed
wbm-1-43198,Ho2 La2 O7,3|Ho-La,False,-7.8868186257102275,scored,,3897,local_private_WBM_raw_structure_cache_not_distributed
wbm-1-43199,La2 Lu2 O7,3|La-Lu,False,-7.89325644753196,scored,,3898,local_private_WBM_raw_structure_cache_not_distributed
wbm-1-43201,La2 Np2 O7,3|La-Np,False,-9.641965692693537,scored,,3899,local_private_WBM_raw_structure_cache_not_distributed
wbm-1-43222,La1 Na2 O7 Ta2,4|La-Na,False,-8.208662033081055,scored,,3900,local_private_WBM_raw_structure_cache_not_distributed
wbm-1-43234,As2 Lu1 Na1 O7,4|As-Lu,True,-6.511853304776278,scored,,3901,local_private_WBM_raw_structure_cache_not_distributed
wbm-1-43249,As2 Mn1 Na1 O7,4|As-Mn,False,-6.2131264426491475,scored,,3902,local_private_WBM_raw_structure_cache_not_distributed
wbm-1-43263,Cs1 Gd1 Nb2 O7,4|Cs-Gd,False,-9.04450156471946,scored,,3903,local_private_WBM_raw_structure_cache_not_distributed
wbm-1-43264,Cs1 Ho1 Nb2 O7,4|Cs-Ho,False,-8.163771889426492,scored,,3904,local_private_WBM_raw_structure_cache_not_distributed
wbm-1-43265,Cs1 Lu1 Nb2 O7,4|Cs-Lu,False,-8.119701038707387,scored,,3905,local_private_WBM_raw_structure_cache_not_distributed
wbm-1-43266,Cs1 Nb2 Nd1 O7,4|Cs-Nb,False,-8.22005254572088,scored,,3906,local_private_WBM_raw_structure_cache_not_distributed
wbm-1-43276,Br1 La1 Nb2 Ni1 O7,5|Br-La,False,-7.793359120686849,scored,,3907,local_private_WBM_raw_structure_cache_not_distributed
wbm-1-43300,O7 Rb2 Sr1 Ta2,4|O-Rb,True,-7.899263381958008,scored,,3908,local_private_WBM_raw_structure_cache_not_distributed
wbm-1-43393,Cs2 O7 Sr1 Ta2,4|Cs-O,True,-7.855288823445638,scored,,3909,local_private_WBM_raw_structure_cache_not_distributed
wbm-1-43458,Ag1 Ce1 O8 W2,4|Ag-Ce,False,-7.299416224161784,scored,,3910,local_private_WBM_raw_structure_cache_not_distributed
wbm-1-43459,Ag1 Dy1 O8 W2,4|Ag-Dy,False,-7.222440719604492,scored,,3911,local_private_WBM_raw_structure_cache_not_distributed
wbm-1-43460,Ag1 Er1 O8 W2,4|Ag-Er,False,-7.221965789794922,scored,,3912,local_private_WBM_raw_structure_cache_not_distributed
wbm-1-43461,Ag1 Eu1 O8 W2,4|Ag-Eu,False,-7.546724319458008,scored,,3913,local_private_WBM_raw_structure_cache_not_distributed
wbm-1-43462,Ag1 Gd1 O8 W2,4|Ag-Gd,False,-7.997678120930989,scored,,3914,local_private_WBM_raw_structure_cache_not_distributed
wbm-1-43463,Ag1 Ho1 O8 W2,4|Ag-Ho,False,-7.219840367635091,scored,,3915,local_private_WBM_raw_structure_cache_not_distributed
wbm-1-43464,Ag1 La1 O8 W2,4|Ag-La,False,-7.267885208129883,scored,,3916,local_private_WBM_raw_structure_cache_not_distributed
wbm-1-43465,Ag1 Lu1 O8 W2,4|Ag-Lu,False,-7.2194773356119795,scored,,3917,local_private_WBM_raw_structure_cache_not_distributed
wbm-1-43466,Ag1 Nd1 O8 W2,4|Ag-Nd,False,-7.218980153401692,scored,,3918,local_private_WBM_raw_structure_cache_not_distributed
wbm-1-43467,Ag1 O8 Pr1 W2,4|Ag-O,False,-7.216546376546224,scored,,3919,local_private_WBM_raw_structure_cache_not_distributed
wbm-1-43480,Al1 In1 Mo2 O8,4|Al-In,False,-6.820386250813802,scored,,3920,local_private_WBM_raw_structure_cache_not_distributed
wbm-1-43481,Al1 Mo2 O8 Pb1,4|Al-Mo,False,-6.907101313273112,scored,,3921,local_private_WBM_raw_structure_cache_not_distributed
wbm-1-43504,Ag1 Cr2 O8 Sb1,4|Ag-Cr,False,-6.200323740641276,scored,,3922,local_private_WBM_raw_structure_cache_not_distributed
wbm-1-43506,Au1 Bi1 Cr2 O8,4|Au-Bi,False,-6.101609547932942,scored,,3923,local_private_WBM_raw_structure_cache_not_distributed
wbm-1-43511,Cr1 Mo2 O8 Tl1,4|Cr-Mo,False,-6.918367385864258,scored,,3924,local_private_WBM_raw_structure_cache_not_distributed
wbm-1-43520,Bi1 Cu1 Mo2 O8,4|Bi-Cu,False,-6.520481109619141,scored,,3925,local_private_WBM_raw_structure_cache_not_distributed
wbm-1-43533,Cu1 Mo2 O8 Y1,4|Cu-Mo,False,-7.237405776977539,scored,,3926,local_private_WBM_raw_structure_cache_not_distributed
wbm-1-43540,Fe1 Mo2 O8 Tl1,4|Fe-Mo,False,-6.649630864461263,scored,,3927,local_private_WBM_raw_structure_cache_not_distributed
wbm-1-43543,Ga1 Mo2 O8 Tl1,4|Ga-Mo,True,-6.5082956949869795,scored,,3928,local_private_WBM_raw_structure_cache_not_distributed
wbm-1-43571,Gd1 K1 Mo2 O8,4|Gd-K,False,-7.895682652791341,scored,,3929,local_private_WBM_raw_structure_cache_not_distributed
wbm-1-43577,K1 Mo2 Nd1 O8,4|K-Mo,True,-7.103716532389323,scored,,3930,local_private_WBM_raw_structure_cache_not_distributed
wbm-1-43600,Ce1 Mo2 O8 Tl1,4|Ce-Mo,False,-7.1449737548828125,scored,,3931,local_private_WBM_raw_structure_cache_not_distributed
wbm-1-43602,Dy1 Mo2 O8 Tl1,4|Dy-Mo,True,-7.080532709757487,scored,,3932,local_private_WBM_raw_structure_cache_not_distributed
wbm-1-43603,Er1 Mo2 O8 Tl1,4|Er-Mo,True,-7.085049311319987,scored,,3933,local_private_WBM_raw_structure_cache_not_distributed
wbm-1-43605,Gd1 Mo2 O8 Tl1,4|Gd-Mo,True,-7.84141476949056,scored,,3934,local_private_WBM_raw_structure_cache_not_distributed
wbm-1-43606,Hf1 Mo2 O8 Tl1,4|Hf-Mo,False,-7.540427525838216,scored,,3935,local_private_WBM_raw_structure_cache_not_distributed
wbm-1-43608,Ho1 Mo2 O8 Tl1,4|Ho-Mo,True,-7.082316080729167,scored,,3936,local_private_WBM_raw_structure_cache_not_distributed
wbm-1-43610,In1 Mo2 O8 Tl1,4|In-Mo,True,-6.451804478963216,scored,,3937,local_private_WBM_raw_structure_cache_not_distributed
wbm-1-43611,La1 Mo2 O8 Tl1,4|La-Mo,True,-7.08177375793457,scored,,3938,local_private_WBM_raw_structure_cache_not_distributed
wbm-1-43612,Lu1 Mo2 O8 Tl1,4|Lu-Mo,True,-7.0921630859375,scored,,3939,local_private_WBM_raw_structure_cache_not_distributed
wbm-1-43613,Mo2 Nd1 O8 Tl1,4|Mo-Nd,False,-7.049559911092122,scored,,3940,local_private_WBM_raw_structure_cache_not_distributed
wbm-1-43633,Mo2 Nb1 O8 Tl1,4|Mo-Nb,False,-7.269041697184245,scored,,3941,local_private_WBM_raw_structure_cache_not_distributed
wbm-1-43698,Au1 O8 Rb1 Te2,4|Au-O,False,-5.01387087504069,scored,,3942,local_private_WBM_raw_structure_cache_not_distributed
wbm-1-43718,O8 Pd1 Rb1 S2,4|O-Pd,True,-5.745450973510742,scored,,3943,local_private_WBM_raw_structure_cache_not_distributed
wbm-1-43719,O8 Pt1 Rb1 S2,4|O-Pt,True,-5.82595698038737,scored,,3944,local_private_WBM_raw_structure_cache_not_distributed
wbm-1-43777,Ag1 Mo2 O8 Y1,4|Ag-Mo,False,-7.094901402791341,scored,,3945,local_private_WBM_raw_structure_cache_not_distributed
wbm-1-43789,Ag2 I2 O2 Pb2,4|Ag-I,False,-3.9084627628326416,scored,,3946,local_private_WBM_raw_structure_cache_not_distributed
wbm-1-43790,Ag4 O4,2|Ag-O,True,-3.9861984252929688,scored,,3947,local_private_WBM_raw_structure_cache_not_distributed
wbm-1-43826,Br8 O4,2|Br-O,False,-2.48097817103068,scored,,3948,local_private_WBM_raw_structure_cache_not_distributed
wbm-1-43833,Br4 Hf1 O1 Tl1,4|Br-Hf,False,-4.852202279227121,scored,,3949,local_private_WBM_raw_structure_cache_not_distributed
wbm-1-43836,Br4 Nb1 O1 Pb1,4|Br-Nb,False,-4.872716631208148,scored,,3950,local_private_WBM_raw_structure_cache_not_distributed
wbm-1-43863,Br2 Nd2 O2,3|Br-Nd,False,-6.62913703918457,scored,,3951,local_private_WBM_raw_structure_cache_not_distributed
wbm-1-43865,Br2 Np2 O2,3|Br-Np,True,-8.845258712768555,scored,,3952,local_private_WBM_raw_structure_cache_not_distributed
wbm-1-43945,Cl8 O4,2|Cl-O,False,-2.579451402028402,scored,,3953,local_private_WBM_raw_structure_cache_not_distributed
wbm-1-43961,Cl4 Nb1 O1 Tl1,4|Cl-Nb,False,-5.017897469656808,scored,,3954,local_private_WBM_raw_structure_cache_not_distributed
wbm-1-43988,Cl2 Np2 O2,3|Cl-Np,True,-9.031321207682291,scored,,3955,local_private_WBM_raw_structure_cache_not_distributed
wbm-1-44011,As2 Co2 O2 Y2,4|As-Co,False,-7.319684028625488,scored,,3956,local_private_WBM_raw_structure_cache_not_distributed
wbm-1-44049,Cu2 Nd2 O2 Se2,4|Cu-Nd,True,-6.262195110321045,scored,,3957,local_private_WBM_raw_structure_cache_not_distributed
wbm-1-44123,Ce1 Cs2 F5 O1 Tl1,5|Ce-Cs,True,-5.333903503417969,scored,,3958,local_private_WBM_raw_structure_cache_not_distributed
wbm-1-44128,F5 K2 O1 Tl1 Zr1,5|F-K,False,-5.582804107666016,scored,,3959,local_private_WBM_raw_structure_cache_not_distributed
wbm-1-44131,Ce1 F5 K1 O1 Tl2,5|Ce-F,False,-5.267169952392578,scored,,3960,local_private_WBM_raw_structure_cache_not_distributed
wbm-1-44132,F5 Ga2 K1 O1 Zr1,5|F-Ga,False,-5.491139984130859,scored,,3961,local_private_WBM_raw_structure_cache_not_distributed
wbm-1-44142,F5 In2 K1 O1 Zr1,5|F-In,False,-5.575437927246094,scored,,3962,local_private_WBM_raw_structure_cache_not_distributed
wbm-1-44148,F5 Fe1 K2 Na1 O1,5|F-Fe,False,-4.709588241577149,scored,,3963,local_private_WBM_raw_structure_cache_not_distributed
wbm-1-44157,F5 O1 Rb2 Tl1 Zr1,5|F-O,False,-5.580912780761719,scored,,3964,local_private_WBM_raw_structure_cache_not_distributed
wbm-1-44235,F1 Np1 O1,3|F-Np,False,-9.580570856730143,scored,,3965,local_private_WBM_raw_structure_cache_not_distributed
wbm-1-44291,Br4 Ga1 Nb1 O1,4|Br-Ga,False,-4.661267416817801,scored,,3966,local_private_WBM_raw_structure_cache_not_distributed
wbm-1-44322,I8 O4,2|I-O,False,-2.6153860092163086,scored,,3967,local_private_WBM_raw_structure_cache_not_distributed
wbm-1-44325,Ac2 I2 O2,3|Ac-I,True,-6.305614471435547,scored,,3968,local_private_WBM_raw_structure_cache_not_distributed
wbm-1-44339,I4 Nd4 O4,3|I-Nd,False,-6.377774556477864,scored,,3969,local_private_WBM_raw_structure_cache_not_distributed
wbm-1-44380,Cs2 K2 O2,3|Cs-K,False,-3.1440439224243164,scored,,3970,local_private_WBM_raw_structure_cache_not_distributed
wbm-1-44467,I4 Nb1 O1 Tl1,4|I-Nb,False,-4.297671726771763,scored,,3971,local_private_WBM_raw_structure_cache_not_distributed
wbm-1-44475,As2 Ni2 O2 Y2,4|As-Ni,False,-7.041874408721924,scored,,3972,local_private_WBM_raw_structure_cache_not_distributed
wbm-1-44601,Ca2 Co2 O2 S2,4|Ca-Co,False,-5.802928924560547,scored,,3973,local_private_WBM_raw_structure_cache_not_distributed
wbm-1-44604,Ca2 Mn2 O2 S2,4|Ca-Mn,False,-6.442028045654297,scored,,3974,local_private_WBM_raw_structure_cache_not_distributed
wbm-1-44676,Au2 La2 O2 S2,4|Au-La,False,-6.176340103149414,scored,,3975,local_private_WBM_raw_structure_cache_not_distributed
wbm-1-44845,Os8 Th4,2|Os-Th,True,-10.199920654296875,scored,,3976,local_private_WBM_raw_structure_cache_not_distributed
wbm-1-44847,Ir2 Os6,2|Ir-Os,True,-10.60107707977295,scored,,3977,local_private_WBM_raw_structure_cache_not_distributed
wbm-1-44848,Os3 Pb1,2|Os-Pb,False,-8.243673324584961,scored,,3978,local_private_WBM_raw_structure_cache_not_distributed
wbm-1-44849,Os3 Pt1,2|Os-Pt,False,-9.846582412719727,scored,,3979,local_private_WBM_raw_structure_cache_not_distributed
wbm-1-44852,Os3 Pu1,2|Os-Pu,False,-11.269083023071289,scored,,3980,local_private_WBM_raw_structure_cache_not_distributed
wbm-1-44854,Au1 Os1 Pu2,3|Au-Os,False,-10.512941360473633,scored,,3981,local_private_WBM_raw_structure_cache_not_distributed
wbm-1-44857,Bi8 Os4,2|Bi-Os,False,-5.888085047403972,scored,,3982,local_private_WBM_raw_structure_cache_not_distributed
wbm-1-44859,Hg2 Os1,2|Hg-Os,False,-3.1800575256347656,scored,,3983,local_private_WBM_raw_structure_cache_not_distributed
wbm-1-44868,Os1 Pt1 Pu2,3|Os-Pt,False,-11.517672538757324,scored,,3984,local_private_WBM_raw_structure_cache_not_distributed
wbm-1-44873,Os1 U1,2|Os-U,False,-11.316377639770508,scored,,3985,local_private_WBM_raw_structure_cache_not_distributed
wbm-1-44876,Ag4 P4 Pb2,3|Ag-P,False,-4.011140441894531,scored,,3986,local_private_WBM_raw_structure_cache_not_distributed
wbm-1-44878,Au3 P2,2|Au-P,False,-3.9073448181152344,scored,,3987,local_private_WBM_raw_structure_cache_not_distributed
wbm-1-44887,Ba1 P2 Pt2,3|Ba-P,False,-5.693582153320312,scored,,3988,local_private_WBM_raw_structure_cache_not_distributed
wbm-1-44891,Ba2 P4,2|Ba-P,False,-5.019752502441406,scored,,3989,local_private_WBM_raw_structure_cache_not_distributed
wbm-1-44903,Ca1 P2 Pd2,3|Ca-P,False,-5.472357559204101,scored,,3990,local_private_WBM_raw_structure_cache_not_distributed
wbm-1-44905,Ca2 P4,2|Ca-P,False,-5.057199160257976,scored,,3991,local_private_WBM_raw_structure_cache_not_distributed
wbm-1-44908,Cd2 P2 Yb1,3|Cd-P,True,-3.4095252990722655,scored,,3992,local_private_WBM_raw_structure_cache_not_distributed
wbm-1-44914,Cd2 P4,2|Cd-P,False,-4.0085709889729815,scored,,3993,local_private_WBM_raw_structure_cache_not_distributed
wbm-1-44915,Ce1 P2 Pt2,3|Ce-P,False,-6.664666748046875,scored,,3994,local_private_WBM_raw_structure_cache_not_distributed
wbm-1-44916,Ce4 P8,2|Ce-P,False,-6.559132893880208,scored,,3995,local_private_WBM_raw_structure_cache_not_distributed
wbm-1-44920,Co2 P2 Sr1,3|Co-P,False,-6.089786529541016,scored,,3996,local_private_WBM_raw_structure_cache_not_distributed
wbm-1-44923,Co3 P2,2|Co-P,False,-6.941661834716797,scored,,3997,local_private_WBM_raw_structure_cache_not_distributed
wbm-1-44937,Cr2 P2 Sr1,3|Cr-P,False,-6.920684051513672,scored,,3998,local_private_WBM_raw_structure_cache_not_distributed
wbm-1-44938,Cr3 P2,2|Cr-P,False,-8.300599670410156,scored,,3999,local_private_WBM_raw_structure_cache_not_distributed
wbm-1-44954,Cu4 P4 Pb2,3|Cu-P,False,-4.459204483032226,scored,,4000,local_private_WBM_raw_structure_cache_not_distributed
wbm-1-44967,Cu3 P2,2|Cu-P,False,-4.563638305664062,scored,,4001,local_private_WBM_raw_structure_cache_not_distributed
wbm-1-45000,Fe2 Np1 P2,3|Fe-Np,False,-8.758898162841797,scored,,4002,local_private_WBM_raw_structure_cache_not_distributed
wbm-1-45001,Fe2 P2 Pr1,3|Fe-P,True,-7.456931304931641,scored,,4003,local_private_WBM_raw_structure_cache_not_distributed
wbm-1-45011,Fe3 P2,2|Fe-P,False,-7.674715423583985,scored,,4004,local_private_WBM_raw_structure_cache_not_distributed
wbm-1-45023,Ge2 P2 Te5,3|Ge-P,True,-3.9177924262152777,scored,,4005,local_private_WBM_raw_structure_cache_not_distributed
wbm-1-45030,Hf2 P4,2|Hf-P,False,-7.883697509765625,scored,,4006,local_private_WBM_raw_structure_cache_not_distributed
wbm-1-45032,Hg4 P8,2|Hg-P,False,-3.6891069412231445,scored,,4007,local_private_WBM_raw_structure_cache_not_distributed
wbm-1-45035,Ir3 P2,2|Ir-P,False,-7.832467651367187,scored,,4008,local_private_WBM_raw_structure_cache_not_distributed
wbm-1-45047,K4 P4 Pt2,3|K-P,True,-4.341460800170898,scored,,4009,local_private_WBM_raw_structure_cache_not_distributed
wbm-1-45071,K1 Os2 P2,3|K-Os,True,-7.3045707702636715,scored,,4010,local_private_WBM_raw_structure_cache_not_distributed
wbm-1-45076,K2 P4,2|K-P,False,-4.328031857808431,scored,,4011,local_private_WBM_raw_structure_cache_not_distributed
wbm-1-45081,La1 P2 Pt2,3|La-P,False,-6.5166069030761715,scored,,4012,local_private_WBM_raw_structure_cache_not_distributed
wbm-1-45085,Mn2 P2 Sr1,3|Mn-P,True,-6.897977447509765,scored,,4013,local_private_WBM_raw_structure_cache_not_distributed
wbm-1-45088,Mn3 P2,2|Mn-P,False,-8.104769897460937,scored,,4014,local_private_WBM_raw_structure_cache_not_distributed
wbm-1-45100,Mo2 P4 Pd2,3|Mo-P,False,-7.218209266662598,scored,,4015,local_private_WBM_raw_structure_cache_not_distributed
wbm-1-45104,Mo2 P4,2|Mo-P,False,-7.729303359985352,scored,,4016,local_private_WBM_raw_structure_cache_not_distributed
wbm-1-45105,Nb4 P8 Pd4,3|Nb-P,False,-7.1737141609191895,scored,,4017,local_private_WBM_raw_structure_cache_not_distributed
wbm-1-45109,Nb4 P8,2|Nb-P,False,-7.616140365600586,scored,,4018,local_private_WBM_raw_structure_cache_not_distributed
wbm-1-45119,Ni4 P4 Pb2,3|Ni-P,False,-5.342054748535157,scored,,4019,local_private_WBM_raw_structure_cache_not_distributed
wbm-1-45126,Ni3 P2,2|Ni-P,False,-6.019883728027343,scored,,4020,local_private_WBM_raw_structure_cache_not_distributed
wbm-1-45144,Os3 P2,2|Os-P,False,-8.887191772460938,scored,,4021,local_private_WBM_raw_structure_cache_not_distributed
wbm-1-45150,P4 Pb2 Pd4,3|P-Pb,False,-5.317607879638672,scored,,4022,local_private_WBM_raw_structure_cache_not_distributed
wbm-1-45152,P2 Pd3,2|P-Pd,False,-5.672763442993164,scored,,4023,local_private_WBM_raw_structure_cache_not_distributed
wbm-1-45159,P2 Pt3,2|P-Pt,False,-6.18023452758789,scored,,4024,local_private_WBM_raw_structure_cache_not_distributed
wbm-1-45166,P4 Rb4 Sn2,3|P-Rb,False,-3.7017730712890624,scored,,4025,local_private_WBM_raw_structure_cache_not_distributed
wbm-1-45167,Au3 P2 Rb3,3|Au-P,True,-3.451220750808716,scored,,4026,local_private_WBM_raw_structure_cache_not_distributed
wbm-1-45168,In2 P4 Rb6,3|In-P,True,-3.0869131088256836,scored,,4027,local_private_WBM_raw_structure_cache_not_distributed
wbm-1-45170,Hg1 P2 Rb4,3|Hg-P,True,-2.42543819972447,scored,,4028,local_private_WBM_raw_structure_cache_not_distributed
wbm-1-45172,P4 Rb2,2|P-Rb,False,-4.243526140848796,scored,,4029,local_private_WBM_raw_structure_cache_not_distributed
wbm-1-45173,P4 Re2,2|P-Re,False,-8.165214538574219,scored,,4030,local_private_WBM_raw_structure_cache_not_distributed
wbm-1-45179,P2 Rh2 Yb1,3|P-Rh,True,-6.4597625732421875,scored,,4031,local_private_WBM_raw_structure_cache_not_distributed
wbm-1-45180,P4 Rh2,2|P-Rh,False,-6.418796539306641,scored,,4032,local_private_WBM_raw_structure_cache_not_distributed
wbm-1-45185,Lu1 P2 Ru2,3|Lu-P,True,-7.800881958007812,scored,,4033,local_private_WBM_raw_structure_cache_not_distributed
wbm-1-45186,P2 Pu1 Ru2,3|P-Pu,False,-9.394572448730468,scored,,4034,local_private_WBM_raw_structure_cache_not_distributed
wbm-1-45187,P2 Ru2 Th1,3|P-Ru,False,-8.4231201171875,scored,,4035,local_private_WBM_raw_structure_cache_not_distributed
wbm-1-45190,P2 Ru3,2|P-Ru,False,-8.113761901855469,scored,,4036,local_private_WBM_raw_structure_cache_not_distributed
wbm-1-45193,P2 S4 Sr1,3|P-S,False,-4.8453369140625,scored,,4037,local_private_WBM_raw_structure_cache_not_distributed
wbm-1-45198,K2 P2 S6 Sn1,4|K-P,False,-4.411791714754972,scored,,4038,local_private_WBM_raw_structure_cache_not_distributed
wbm-1-45201,P2 Pd1 S6,3|P-Pd,False,-4.720187293158637,scored,,4039,local_private_WBM_raw_structure_cache_not_distributed
wbm-1-45202,P2 Pt1 S6,3|P-Pt,False,-4.858138614230686,scored,,4040,local_private_WBM_raw_structure_cache_not_distributed
wbm-1-45204,P2 S6 Sn1 Tl2,4|P-S,False,-4.345026883212003,scored,,4041,local_private_WBM_raw_structure_cache_not_distributed
wbm-1-45211,In1 P2 Rb1 S7,4|In-P,True,-4.481081875887784,scored,,4042,local_private_WBM_raw_structure_cache_not_distributed
wbm-1-45218,P8 Sc4,2|P-Sc,False,-6.5823008219401045,scored,,4043,local_private_WBM_raw_structure_cache_not_distributed
wbm-1-45219,P2 Se2 Te1,3|P-Se,False,-3.999726486206055,scored,,4044,local_private_WBM_raw_structure_cache_not_distributed
wbm-1-45225,Cs4 P4 Sn2,3|Cs-P,False,-3.7000732421875,scored,,4045,local_private_WBM_raw_structure_cache_not_distributed
wbm-1-45227,P2 Sn1 Te4,3|P-Sn,True,-3.829876491001674,scored,,4046,local_private_WBM_raw_structure_cache_not_distributed
wbm-1-45235,P2 Re2 Sr1,3|P-Re,False,-8.114118957519532,scored,,4047,local_private_WBM_raw_structure_cache_not_distributed
wbm-1-45237,P4 Sr2,2|P-Sr,False,-4.961647669474284,scored,,4048,local_private_WBM_raw_structure_cache_not_distributed
wbm-1-45238,P4 Ta2,2|P-Ta,True,-8.133502960205078,scored,,4049,local_private_WBM_raw_structure_cache_not_distributed
wbm-1-45240,P8 Tb4,2|P-Tb,False,-6.075184504191081,scored,,4050,local_private_WBM_raw_structure_cache_not_distributed
wbm-1-45241,P4 Te6,2|P-Te,True,-3.9335342407226563,scored,,4051,local_private_WBM_raw_structure_cache_not_distributed
wbm-1-45248,P4 Ti2,2|P-Ti,False,-6.908042271931966,scored,,4052,local_private_WBM_raw_structure_cache_not_distributed
wbm-1-45250,P8 Tm4,2|P-Tm,False,-6.018761316935222,scored,,4053,local_private_WBM_raw_structure_cache_not_distributed
wbm-1-45251,P8 U4,2|P-U,False,-8.097572326660156,scored,,4054,local_private_WBM_raw_structure_cache_not_distributed
wbm-1-45252,P4 V6,2|P-V,False,-8.212135314941406,scored,,4055,local_private_WBM_raw_structure_cache_not_distributed
wbm-1-45256,Ir2 P2 Y1,3|Ir-P,False,-7.888618469238281,scored,,4056,local_private_WBM_raw_structure_cache_not_distributed
wbm-1-45257,Os2 P2 Y1,3|Os-P,False,-8.74819564819336,scored,,4057,local_private_WBM_raw_structure_cache_not_distributed
wbm-1-45261,P8 Y4,2|P-Y,False,-6.726677576700847,scored,,4058,local_private_WBM_raw_structure_cache_not_distributed
wbm-1-45265,P2 Sr1 Zn2,3|P-Sr,False,-3.674494171142578,scored,,4059,local_private_WBM_raw_structure_cache_not_distributed
wbm-1-45266,P4 Tl2 Zn4,3|P-Tl,False,-3.163209915161133,scored,,4060,local_private_WBM_raw_structure_cache_not_distributed
wbm-1-45267,P2 Y1 Zn2,3|P-Y,False,-4.652558898925781,scored,,4061,local_private_WBM_raw_structure_cache_not_distributed
wbm-1-45268,P2 Zn2 Zr1,3|P-Zn,False,-4.697445678710937,scored,,4062,local_private_WBM_raw_structure_cache_not_distributed
wbm-1-45276,P4 Zn2,2|P-Zn,False,-4.087567647298177,scored,,4063,local_private_WBM_raw_structure_cache_not_distributed
wbm-1-45284,Ag4 P6,2|Ag-P,False,-4.40147590637207,scored,,4064,local_private_WBM_raw_structure_cache_not_distributed
wbm-1-45292,Cl2 P6 Zn4,3|Cl-P,False,-3.7754748662312827,scored,,4065,local_private_WBM_raw_structure_cache_not_distributed
wbm-1-45305,Ga5 P3 Se3,3|Ga-P,False,-4.301363511518999,scored,,4066,local_private_WBM_raw_structure_cache_not_distributed
wbm-1-45307,Ga2 P6,2|Ga-P,False,-4.872889518737793,scored,,4067,local_private_WBM_raw_structure_cache_not_distributed
wbm-1-45308,Ge4 P3,2|Ge-P,False,-4.904697963169643,scored,,4068,local_private_WBM_raw_structure_cache_not_distributed
wbm-1-45310,In4 P3,2|In-P,False,-3.8787048884800504,scored,,4069,local_private_WBM_raw_structure_cache_not_distributed
wbm-1-45323,P3 Pb4,2|P-Pb,False,-4.373535428728376,scored,,4070,local_private_WBM_raw_structure_cache_not_distributed
wbm-1-45339,P6 Tl2,2|P-Tl,False,-4.5949554443359375,scored,,4071,local_private_WBM_raw_structure_cache_not_distributed
wbm-1-45341,P6 W4,2|P-W,False,-8.749121856689452,scored,,4072,local_private_WBM_raw_structure_cache_not_distributed
wbm-1-45342,P6 Yb2,2|P-Yb,True,-5.061702728271484,scored,,4073,local_private_WBM_raw_structure_cache_not_distributed
wbm-1-45343,Br2 P6 Zn4,3|Br-P,False,-3.6927318572998047,scored,,4074,local_private_WBM_raw_structure_cache_not_distributed
wbm-1-45344,I2 P6 Zn4,3|I-P,False,-3.5917297999064126,scored,,4075,local_private_WBM_raw_structure_cache_not_distributed
wbm-1-45346,P6 W4 Zn2,3|P-W,False,-7.484377543131511,scored,,4076,local_private_WBM_raw_structure_cache_not_distributed
wbm-1-45379,Cu2 P4 Sr3 Zn2,4|Cu-P,True,-4.158773942427202,scored,,4077,local_private_WBM_raw_structure_cache_not_distributed
wbm-1-45418,P4 Sn3,2|P-Sn,False,-4.675441741943359,scored,,4078,local_private_WBM_raw_structure_cache_not_distributed
wbm-1-45431,Er2 P10,2|Er-P,False,-5.781164169311523,scored,,4079,local_private_WBM_raw_structure_cache_not_distributed
wbm-1-45432,Eu2 P10,2|Eu-P,False,-6.668609619140625,scored,,4080,local_private_WBM_raw_structure_cache_not_distributed
wbm-1-45433,P10 Pu2,2|P-Pu,False,-7.142169952392578,scored,,4081,local_private_WBM_raw_structure_cache_not_distributed
wbm-1-45437,P10 Th2,2|P-Th,False,-6.300078709920247,scored,,4082,local_private_WBM_raw_structure_cache_not_distributed
wbm-1-45439,P10 Zr2,2|P-Zr,False,-6.330251057942708,scored,,4083,local_private_WBM_raw_structure_cache_not_distributed
wbm-1-45454,As2 P2 Zr4,3|As-P,True,-8.089893341064453,scored,,4084,local_private_WBM_raw_structure_cache_not_distributed
wbm-1-45462,Ba4 Os4 P4,3|Ba-Os,False,-6.718446731567383,scored,,4085,local_private_WBM_raw_structure_cache_not_distributed
wbm-1-45482,Br4 P2,2|Br-P,False,-3.2452332178751626,scored,,4086,local_private_WBM_raw_structure_cache_not_distributed
wbm-1-45533,Cl4 P2,2|Cl-P,False,-3.5938310623168945,scored,,4087,local_private_WBM_raw_structure_cache_not_distributed
wbm-1-45633,Cs6 P2,2|Cs-P,False,-2.1329026222229004,scored,,4088,local_private_WBM_raw_structure_cache_not_distributed
wbm-1-45689,Dy4 P4 Pt4,3|Dy-P,False,-6.685304641723633,scored,,4089,local_private_WBM_raw_structure_cache_not_distributed
wbm-1-45690,Dy4 P4,2|Dy-P,False,-6.551666736602783,scored,,4090,local_private_WBM_raw_structure_cache_not_distributed
wbm-1-45694,Er4 P4 Pt4,3|Er-P,True,-6.646115620930989,scored,,4091,local_private_WBM_raw_structure_cache_not_distributed
wbm-1-45698,Eu4 P4 Pt4,3|Eu-P,False,-8.409253438313803,scored,,4092,local_private_WBM_raw_structure_cache_not_distributed
wbm-1-45769,Au2 Ga2 P2 Se6,4|Au-Ga,False,-3.836355209350586,scored,,4093,local_private_WBM_raw_structure_cache_not_distributed
wbm-1-45770,Gd2 P2 Pt2,3|Gd-P,False,-9.84682528177897,scored,,4094,local_private_WBM_raw_structure_cache_not_distributed
wbm-1-45772,Gd4 P4,2|Gd-P,False,-11.29366397857666,scored,,4095,local_private_WBM_raw_structure_cache_not_distributed
wbm-1-45782,Hf4 P2 Pt2,3|Hf-P,False,-8.973673820495605,scored,,4096,local_private_WBM_raw_structure_cache_not_distributed
wbm-1-45796,Ho4 P4 Pt4,3|Ho-P,True,-6.665548324584961,scored,,4097,local_private_WBM_raw_structure_cache_not_distributed
wbm-1-45797,Ho4 P4,2|Ho-P,False,-6.530935287475586,scored,,4098,local_private_WBM_raw_structure_cache_not_distributed
wbm-1-45811,I6 P2,2|I-P,True,-2.548760414123535,scored,,4099,local_private_WBM_raw_structure_cache_not_distributed
wbm-1-45873,Lu4 P4,2|Lu-P,False,-6.5125956535339355,scored,,4100,local_private_WBM_raw_structure_cache_not_distributed
wbm-1-45914,Mo4 Os4 P4,3|Mo-Os,False,-9.457796732584635,scored,,4101,local_private_WBM_raw_structure_cache_not_distributed
wbm-1-45957,Nd1 P1 Pt1,3|Nd-P,True,-6.753044764200847,scored,,4102,local_private_WBM_raw_structure_cache_not_distributed
wbm-1-46026,Ni2 P2 Se6 Tl2,4|Ni-P,False,-4.135028839111328,scored,,4103,local_private_WBM_raw_structure_cache_not_distributed
wbm-1-46091,P1 Pr1 Pt1,3|P-Pr,True,-6.738361994425456,scored,,4104,local_private_WBM_raw_structure_cache_not_distributed
wbm-1-46184,Ag2 Hg2 P2 S6,4|Ag-Hg,False,-3.593212127685547,scored,,4105,local_private_WBM_raw_structure_cache_not_distributed
wbm-1-46185,Au2 P2 S6 Tl2,4|Au-P,True,-4.211836179097493,scored,,4106,local_private_WBM_raw_structure_cache_not_distributed
wbm-1-46237,Ag2 P1 Rb1 S4,4|Ag-P,True,-4.041302680969238,scored,,4107,local_private_WBM_raw_structure_cache_not_distributed
wbm-1-46260,P2 Sb2 Ta4,3|P-Sb,False,-8.686458587646484,scored,,4108,local_private_WBM_raw_structure_cache_not_distributed
wbm-1-46269,P1 Sc2 Te2,3|P-Sc,False,-5.97343635559082,scored,,4109,local_private_WBM_raw_structure_cache_not_distributed
wbm-1-46321,P2 Pd2 Se6 Tl2,4|P-Pd,False,-4.138449986775716,scored,,4110,local_private_WBM_raw_structure_cache_not_distributed
wbm-1-46322,P2 Pt2 Se6 Tl2,4|P-Pt,False,-4.254500389099121,scored,,4111,local_private_WBM_raw_structure_cache_not_distributed
wbm-1-46325,P2 Rh2 Se6 Tl2,4|P-Rh,False,-4.445636749267578,scored,,4112,local_private_WBM_raw_structure_cache_not_distributed
wbm-1-46396,P1 Ta2 Te2,3|P-Ta,False,-7.651722717285156,scored,,4113,local_private_WBM_raw_structure_cache_not_distributed
wbm-1-46397,P1 Tb2 Te2,3|P-Tb,False,-5.389895248413086,scored,,4114,local_private_WBM_raw_structure_cache_not_distributed
wbm-1-46398,P1 Te2 Tl1,3|P-Te,False,-3.4721875190734863,scored,,4115,local_private_WBM_raw_structure_cache_not_distributed
wbm-1-46408,Bi2 P2 Ti4,3|Bi-P,False,-7.012829780578613,scored,,4116,local_private_WBM_raw_structure_cache_not_distributed
wbm-1-46441,P1 Tc2 Ti1,3|P-Tc,False,-8.960126876831055,scored,,4117,local_private_WBM_raw_structure_cache_not_distributed
wbm-1-46443,P3 Ti3 V3,3|P-Ti,False,-8.507769266764322,scored,,4118,local_private_WBM_raw_structure_cache_not_distributed
wbm-1-46480,P4 Tm4 V4,3|P-Tm,False,-7.317300796508789,scored,,4119,local_private_WBM_raw_structure_cache_not_distributed
wbm-1-46481,P4 U4 V4,3|P-U,True,-9.342275619506836,scored,,4120,local_private_WBM_raw_structure_cache_not_distributed
wbm-1-46486,P4 V4 Y4,3|P-V,False,-7.928589502970378,scored,,4121,local_private_WBM_raw_structure_cache_not_distributed
wbm-1-46560,Pb4 Th2,2|Pb-Th,True,-5.1610565185546875,scored,,4122,local_private_WBM_raw_structure_cache_not_distributed
wbm-1-46561,Pb4 U2,2|Pb-U,False,-5.944086074829102,scored,,4123,local_private_WBM_raw_structure_cache_not_distributed
wbm-1-46562,Bi2 Pb6,2|Bi-Pb,True,-3.7330386638641357,scored,,4124,local_private_WBM_raw_structure_cache_not_distributed
wbm-1-46565,Pb1 Pu5,2|Pb-Pu,False,-12.303359985351562,scored,,4125,local_private_WBM_raw_structure_cache_not_distributed
wbm-1-46582,Ba1 Pd2,2|Ba-Pd,False,-4.590183258056641,scored,,4126,local_private_WBM_raw_structure_cache_not_distributed
wbm-1-46584,Bi1 Pd2 Th1,3|Bi-Pd,False,-6.103921890258789,scored,,4127,local_private_WBM_raw_structure_cache_not_distributed
wbm-1-46586,Bi4 Pd8,2|Bi-Pd,False,-4.988087336222331,scored,,4128,local_private_WBM_raw_structure_cache_not_distributed
wbm-1-46596,Cd1 Pd2 Pu1,3|Cd-Pd,False,-6.287473678588867,scored,,4129,local_private_WBM_raw_structure_cache_not_distributed
wbm-1-46601,Cd4 Pd8,2|Cd-Pd,True,-4.08766237894694,scored,,4130,local_private_WBM_raw_structure_cache_not_distributed
wbm-1-46602,Ce4 Pd4 Tl2,3|Ce-Pd,True,-5.581777572631836,scored,,4131,local_private_WBM_raw_structure_cache_not_distributed
wbm-1-46606,Ce1 Pd2,2|Ce-Pd,False,-6.1435807545979815,scored,,4132,local_private_WBM_raw_structure_cache_not_distributed
wbm-1-46618,Gd4 Pb2 Pd4,3|Gd-Pb,True,-9.266117095947266,scored,,4133,local_private_WBM_raw_structure_cache_not_distributed
wbm-1-46620,Hf1 Pd2 Tl1,3|Hf-Pd,False,-6.200541973114014,scored,,4134,local_private_WBM_raw_structure_cache_not_distributed
wbm-1-46622,Hf4 Pd8,2|Hf-Pd,False,-7.419502258300781,scored,,4135,local_private_WBM_raw_structure_cache_not_distributed
wbm-1-46626,Hg1 Pd2 Pu1,3|Hg-Pd,False,-6.180713653564453,scored,,4136,local_private_WBM_raw_structure_cache_not_distributed
wbm-1-46655,In2 Pd4 Pr2,3|In-Pd,True,-5.254954814910889,scored,,4137,local_private_WBM_raw_structure_cache_not_distributed
wbm-1-46670,In2 Pd4,2|In-Pd,False,-4.86799430847168,scored,,4138,local_private_WBM_raw_structure_cache_not_distributed
wbm-1-46676,La2 Pd4 Tl2,3|La-Pd,False,-5.142390251159668,scored,,4139,local_private_WBM_raw_structure_cache_not_distributed
wbm-1-46677,La2 Pd4,2|La-Pd,False,-5.943005243937175,scored,,4140,local_private_WBM_raw_structure_cache_not_distributed
wbm-1-46685,Pb2 Pd4 Pu4,3|Pb-Pd,True,-8.415126037597656,scored,,4141,local_private_WBM_raw_structure_cache_not_distributed
wbm-1-46691,Pb2 Pd4,2|Pb-Pd,False,-4.830671628316243,scored,,4142,local_private_WBM_raw_structure_cache_not_distributed
wbm-1-46696,Ba2 Pd4 Sb4,3|Ba-Pd,False,-4.9131721496582035,scored,,4143,local_private_WBM_raw_structure_cache_not_distributed
wbm-1-46701,Ac1 Pd2 Sb1,3|Ac-Pd,True,-5.359343528747559,scored,,4144,local_private_WBM_raw_structure_cache_not_distributed
wbm-1-46703,Dy1 Pd2 Sb1,3|Dy-Pd,False,-5.647757530212402,scored,,4145,local_private_WBM_raw_structure_cache_not_distributed
wbm-1-46704,Er1 Pd2 Sb1,3|Er-Pd,False,-5.635443687438965,scored,,4146,local_private_WBM_raw_structure_cache_not_distributed
wbm-1-46706,Nd1 Pd2 Sb1,3|Nd-Pd,False,-5.631706237792969,scored,,4147,local_private_WBM_raw_structure_cache_not_distributed
wbm-1-46708,Pd2 Pr1 Sb1,3|Pd-Pr,False,-5.61599063873291,scored,,4148,local_private_WBM_raw_structure_cache_not_distributed
wbm-1-46709,Pd2 Sb1 Sm1,3|Pd-Sb,False,-5.636385917663574,scored,,4149,local_private_WBM_raw_structure_cache_not_distributed
wbm-1-46714,Pd8 Sb4,2|Pd-Sb,False,-5.227858543395996,scored,,4150,local_private_WBM_raw_structure_cache_not_distributed
wbm-1-46722,Pd2 Sn3,2|Pd-Sn,False,-4.858992004394532,scored,,4151,local_private_WBM_raw_structure_cache_not_distributed
wbm-1-46724,Au1 Pd2 Sn4,3|Au-Pd,True,-4.612848009381976,scored,,4152,local_private_WBM_raw_structure_cache_not_distributed
wbm-1-46733,Eu1 Pd2 Sn1,3|Eu-Pd,False,-6.800271987915039,scored,,4153,local_private_WBM_raw_structure_cache_not_distributed
wbm-1-46742,Pd2 Pu1 Sn1,3|Pd-Pu,True,-7.1394243240356445,scored,,4154,local_private_WBM_raw_structure_cache_not_distributed
wbm-1-46743,Pd2 Sn1 Ta1,3|Pd-Sn,False,-6.839906215667725,scored,,4155,local_private_WBM_raw_structure_cache_not_distributed
wbm-1-46746,Pd2 Ta1,2|Pd-Ta,False,-7.842079162597656,scored,,4156,local_private_WBM_raw_structure_cache_not_distributed
wbm-1-46751,Pd2 Tb1,2|Pd-Tb,False,-5.849465688069661,scored,,4157,local_private_WBM_raw_structure_cache_not_distributed
wbm-1-46752,Pd4 Pt2 Te4,3|Pd-Pt,False,-4.862552261352539,scored,,4158,local_private_WBM_raw_structure_cache_not_distributed
wbm-1-46753,Pd4 Ta2 Te6,3|Pd-Ta,False,-5.7205015818278,scored,,4159,local_private_WBM_raw_structure_cache_not_distributed
wbm-1-46754,Pd4 Te6 Tl2,3|Pd-Te,True,-4.057173093159993,scored,,4160,local_private_WBM_raw_structure_cache_not_distributed
wbm-1-46755,Pd4 Te6,2|Pd-Te,False,-4.305923080444336,scored,,4161,local_private_WBM_raw_structure_cache_not_distributed
wbm-1-46758,Pd2 Tl3,2|Pd-Tl,True,-3.6283477783203124,scored,,4162,local_private_WBM_raw_structure_cache_not_distributed
wbm-1-46762,Pd2 Tm1,2|Pd-Tm,False,-5.867087046305339,scored,,4163,local_private_WBM_raw_structure_cache_not_distributed
wbm-1-46763,Pd2 U1,2|Pd-U,False,-7.59556770324707,scored,,4164,local_private_WBM_raw_structure_cache_not_distributed
wbm-1-46764,Pd2 W1,2|Pd-W,True,-7.778097788492839,scored,,4165,local_private_WBM_raw_structure_cache_not_distributed
wbm-1-46766,Pd4 Yb2,2|Pd-Yb,True,-4.772868474324544,scored,,4166,local_private_WBM_raw_structure_cache_not_distributed
wbm-1-46768,Ag2 Pd6,2|Ag-Pd,False,-4.607595443725586,scored,,4167,local_private_WBM_raw_structure_cache_not_distributed
wbm-1-46775,Cs1 Pd3,2|Cs-Pd,False,-3.56398344039917,scored,,4168,local_private_WBM_raw_structure_cache_not_distributed
wbm-1-46781,Hg1 Pd3,2|Hg-Pd,False,-4.058955669403076,scored,,4169,local_private_WBM_raw_structure_cache_not_distributed
wbm-1-46785,Ir2 Pd6,2|Ir-Pd,False,-5.963045597076416,scored,,4170,local_private_WBM_raw_structure_cache_not_distributed
wbm-1-46790,Os2 Pd6,2|Os-Pd,False,-6.452502727508545,scored,,4171,local_private_WBM_raw_structure_cache_not_distributed
wbm-1-46793,Pd3 Pt1,2|Pd-Pt,False,-5.429774761199951,scored,,4172,local_private_WBM_raw_structure_cache_not_distributed
wbm-1-46796,Pd6 Re2,2|Pd-Re,False,-6.722777843475342,scored,,4173,local_private_WBM_raw_structure_cache_not_distributed
wbm-1-46811,Cs2 Pd3 Te4,3|Cs-Pd,True,-3.988710191514757,scored,,4174,local_private_WBM_raw_structure_cache_not_distributed
wbm-1-46815,Pd3 Th1,2|Pd-Th,False,-6.724370956420898,scored,,4175,local_private_WBM_raw_structure_cache_not_distributed
wbm-1-46830,Dy1 Pd5,2|Dy-Pd,False,-5.594641367594401,scored,,4176,local_private_WBM_raw_structure_cache_not_distributed
wbm-1-46832,Er1 Pd5,2|Er-Pd,False,-5.586314519246419,scored,,4177,local_private_WBM_raw_structure_cache_not_distributed
wbm-1-46834,Eu1 Pd5,2|Eu-Pd,True,-6.436810811360677,scored,,4178,local_private_WBM_raw_structure_cache_not_distributed
wbm-1-46835,Gd1 Pd5,2|Gd-Pd,False,-7.294319152832031,scored,,4179,local_private_WBM_raw_structure_cache_not_distributed
wbm-1-46837,Ho1 Pd5,2|Ho-Pd,False,-5.5913747151692705,scored,,4180,local_private_WBM_raw_structure_cache_not_distributed
wbm-1-46841,Lu1 Pd5,2|Lu-Pd,False,-5.56364631652832,scored,,4181,local_private_WBM_raw_structure_cache_not_distributed
wbm-1-46843,Nd1 Pd5,2|Nd-Pd,True,-5.657342910766602,scored,,4182,local_private_WBM_raw_structure_cache_not_distributed
wbm-1-46844,Pd5 Pr1,2|Pd-Pr,True,-5.648138682047526,scored,,4183,local_private_WBM_raw_structure_cache_not_distributed
wbm-1-46847,Pd5 Sm1,2|Pd-Sm,False,-5.637918472290039,scored,,4184,local_private_WBM_raw_structure_cache_not_distributed
wbm-1-46870,Np1 Pd7,2|Np-Pd,True,-6.2689409255981445,scored,,4185,local_private_WBM_raw_structure_cache_not_distributed
wbm-1-46872,Pd7 Pu1,2|Pd-Pu,True,-6.456820487976074,scored,,4186,local_private_WBM_raw_structure_cache_not_distributed
wbm-1-46886,Ag2 Pd2 Te4,3|Ag-Pd,False,-3.7531914710998535,scored,,4187,local_private_WBM_raw_structure_cache_not_distributed
wbm-1-46951,Eu2 Ir1 Pd1,3|Eu-Ir,False,-9.123382568359375,scored,,4188,local_private_WBM_raw_structure_cache_not_distributed
wbm-1-46960,Gd2 Os1 Pd1,3|Gd-Os,False,-11.606047630310059,scored,,4189,local_private_WBM_raw_structure_cache_not_distributed
wbm-1-46965,Hf1 Pb1 Pd1,3|Hf-Pb,False,-6.608492533365886,scored,,4190,local_private_WBM_raw_structure_cache_not_distributed
wbm-1-46974,Ho2 Pd1 Pt1,3|Ho-Pd,False,-6.198148727416992,scored,,4191,local_private_WBM_raw_structure_cache_not_distributed
wbm-1-46976,I4 Pd2,2|I-Pd,False,-3.0140050252278647,scored,,4192,local_private_WBM_raw_structure_cache_not_distributed
wbm-1-47021,Ir1 Np2 Pd1,3|Ir-Np,False,-10.076170921325684,scored,,4193,local_private_WBM_raw_structure_cache_not_distributed
wbm-1-47022,Ir1 Pd1 Pu2,3|Ir-Pd,True,-10.437797546386719,scored,,4194,local_private_WBM_raw_structure_cache_not_distributed
wbm-1-47043,Lu3 Pd3 Tl3,3|Lu-Pd,False,-4.655899895562066,scored,,4195,local_private_WBM_raw_structure_cache_not_distributed
wbm-1-47050,Ac2 Os1 Pd1,3|Ac-Os,True,-6.318244934082031,scored,,4196,local_private_WBM_raw_structure_cache_not_distributed
wbm-1-47051,Os1 Pd1 Pu2,3|Os-Pd,False,-11.168007850646973,scored,,4197,local_private_WBM_raw_structure_cache_not_distributed
wbm-1-47054,Bi4 Pb12 Pd4,3|Bi-Pb,True,-4.173163604736328,scored,,4198,local_private_WBM_raw_structure_cache_not_distributed
wbm-1-47136,Gd2 Pd2 Sn4,3|Gd-Pd,False,-7.44519567489624,scored,,4199,local_private_WBM_raw_structure_cache_not_distributed
wbm-1-47138,I8 Pd1 Sn2,3|I-Pd,False,-2.569223403930664,scored,,4200,local_private_WBM_raw_structure_cache_not_distributed
wbm-1-47143,Pd2 Sm2 Sn4,3|Pd-Sm,False,-5.1599016189575195,scored,,4201,local_private_WBM_raw_structure_cache_not_distributed
wbm-1-47183,Pd1 Re1 Ta2,3|Pd-Re,False,-10.61985969543457,scored,,4202,local_private_WBM_raw_structure_cache_not_distributed
wbm-1-47216,Pd3 Th3 Tl3,3|Pd-Th,True,-5.578108893500434,scored,,4203,local_private_WBM_raw_structure_cache_not_distributed
wbm-1-47217,Pd3 Tl3 U3,3|Pd-Tl,False,-6.345457712809245,scored,,4204,local_private_WBM_raw_structure_cache_not_distributed
wbm-1-47238,Hg2 Pm1 Tl1,3|Hg-Pm,False,-2.284250020980835,scored,,4205,local_private_WBM_raw_structure_cache_not_distributed
wbm-1-47239,Hg6 Pm2,2|Hg-Pm,True,-1.7982745170593262,scored,,4206,local_private_WBM_raw_structure_cache_not_distributed
wbm-1-47242,Os1 Pr2 Pt1,3|Os-Pr,False,-7.060003280639648,scored,,4207,local_private_WBM_raw_structure_cache_not_distributed
wbm-1-47243,Pr8 Pt4,2|Pr-Pt,False,-5.988880157470703,scored,,4208,local_private_WBM_raw_structure_cache_not_distributed
wbm-1-47247,Au2 Pr1 Tl1,3|Au-Pr,False,-3.9926629066467285,scored,,4209,local_private_WBM_raw_structure_cache_not_distributed
wbm-1-47248,Au2 Pr1,2|Au-Pr,False,-4.5521087646484375,scored,,4210,local_private_WBM_raw_structure_cache_not_distributed
wbm-1-47253,Bi3 Pr1,2|Bi-Pr,False,-4.555191516876221,scored,,4211,local_private_WBM_raw_structure_cache_not_distributed
wbm-1-47254,Hf5 Pr1,2|Hf-Pr,False,-8.894233067830404,scored,,4212,local_private_WBM_raw_structure_cache_not_distributed
wbm-1-47256,Hg2 Pr1 Tl1,3|Hg-Pr,False,-2.301621437072754,scored,,4213,local_private_WBM_raw_structure_cache_not_distributed
wbm-1-47258,Ir9 Pr3,2|Ir-Pr,False,-8.315123240152994,scored,,4214,local_private_WBM_raw_structure_cache_not_distributed
wbm-1-47262,Pb4 Pr2,2|Pb-Pr,False,-4.475021680196126,scored,,4215,local_private_WBM_raw_structure_cache_not_distributed
wbm-1-47263,Bi1 Pr1 Pt1,3|Bi-Pr,True,-5.873041152954102,scored,,4216,local_private_WBM_raw_structure_cache_not_distributed
wbm-1-47272,Au1 Pt2 Tl1,3|Au-Pt,False,-4.362835884094238,scored,,4217,local_private_WBM_raw_structure_cache_not_distributed
wbm-1-47275,Pb6 Pt4,2|Pb-Pt,True,-4.898331069946289,scored,,4218,local_private_WBM_raw_structure_cache_not_distributed
wbm-1-47276,Ac1 Pb1 Pt2,3|Ac-Pb,True,-5.606476783752441,scored,,4219,local_private_WBM_raw_structure_cache_not_distributed
wbm-1-47280,Pt4 Th2,2|Pt-Th,False,-7.579321543375651,scored,,4220,local_private_WBM_raw_structure_cache_not_distributed
wbm-1-47281,Ac1 Pt2 Tl1,3|Ac-Pt,True,-5.21240234375,scored,,4221,local_private_WBM_raw_structure_cache_not_distributed
wbm-1-47282,Pt4 U2,2|Pt-U,False,-8.451089223225912,scored,,4222,local_private_WBM_raw_structure_cache_not_distributed
wbm-1-47284,Au1 Pt3,2|Au-Pt,False,-5.287107467651367,scored,,4223,local_private_WBM_raw_structure_cache_not_distributed
wbm-1-47286,Bi4 Pt6,2|Bi-Pt,False,-5.318174743652344,scored,,4224,local_private_WBM_raw_structure_cache_not_distributed
wbm-1-47287,Hg2 Pt6,2|Hg-Pt,False,-4.55507755279541,scored,,4225,local_private_WBM_raw_structure_cache_not_distributed
wbm-1-47291,Pt3 Tl1,2|Pt-Tl,False,-5.095308780670166,scored,,4226,local_private_WBM_raw_structure_cache_not_distributed
wbm-1-47294,Np1 Pt5,2|Np-Pt,False,-7.449460983276367,scored,,4227,local_private_WBM_raw_structure_cache_not_distributed
wbm-1-47305,Bi1 Pt1 Th1,3|Bi-Pt,False,-6.762795130411784,scored,,4228,local_private_WBM_raw_structure_cache_not_distributed
wbm-1-47311,Pt4 Pu8,2|Pt-Pu,False,-11.752919514973959,scored,,4229,local_private_WBM_raw_structure_cache_not_distributed
wbm-1-47329,Ag6 Rb4 Tl2,3|Ag-Rb,False,-2.1618423461914062,scored,,4230,local_private_WBM_raw_structure_cache_not_distributed
wbm-1-47330,Ag3 Rb2,2|Ag-Rb,False,-2.0827615737915037,scored,,4231,local_private_WBM_raw_structure_cache_not_distributed
wbm-1-47335,Au2 Rb4,2|Au-Rb,False,-1.854074478149414,scored,,4232,local_private_WBM_raw_structure_cache_not_distributed
wbm-1-47336,Ba2 Rb4,2|Ba-Rb,False,-1.110653241475423,scored,,4233,local_private_WBM_raw_structure_cache_not_distributed
wbm-1-47337,Cd7 Rb2,2|Cd-Rb,False,-0.9929048750135634,scored,,4234,local_private_WBM_raw_structure_cache_not_distributed
wbm-1-47341,Cd1 Rb2 Sn1 Te4,4|Cd-Rb,True,-3.077152729034424,scored,,4235,local_private_WBM_raw_structure_cache_not_distributed
wbm-1-47342,Cd1 Rb2 Te4,3|Cd-Rb,False,-2.711060115269252,scored,,4236,local_private_WBM_raw_structure_cache_not_distributed
wbm-1-47345,Cs4 Rb8,2|Cs-Rb,False,-0.8661578496297201,scored,,4237,local_private_WBM_raw_structure_cache_not_distributed
wbm-1-47348,I6 Ir1 Rb2,3|I-Ir,False,-2.9375423855251737,scored,,4238,local_private_WBM_raw_structure_cache_not_distributed
wbm-1-47353,Pd6 Rb4 Tl2,3|Pd-Rb,False,-3.348400433858236,scored,,4239,local_private_WBM_raw_structure_cache_not_distributed
wbm-1-47354,Pd3 Rb2,2|Pd-Rb,False,-3.4626060485839845,scored,,4240,local_private_WBM_raw_structure_cache_not_distributed
wbm-1-47358,Pt6 Rb4 Tl2,3|Pt-Rb,True,-3.8376290003458657,scored,,4241,local_private_WBM_raw_structure_cache_not_distributed
wbm-1-47359,Pt3 Rb2,2|Pt-Rb,True,-4.117292404174805,scored,,4242,local_private_WBM_raw_structure_cache_not_distributed
wbm-1-47360,Hg1 Pt1 Rb2,3|Hg-Pt,False,-1.9644800424575806,scored,,4243,local_private_WBM_raw_structure_cache_not_distributed
wbm-1-47363,Rb4 Rh6 Tl2,3|Rb-Rh,False,-3.969872792561849,scored,,4244,local_private_WBM_raw_structure_cache_not_distributed
wbm-1-47364,Rb2 Rh3,2|Rb-Rh,False,-4.250286102294922,scored,,4245,local_private_WBM_raw_structure_cache_not_distributed
wbm-1-47365,Hg1 Rb2 Rh1,3|Hg-Rb,False,-1.878313422203064,scored,,4246,local_private_WBM_raw_structure_cache_not_distributed
wbm-1-47366,I6 Rb2 Rh1,3|I-Rb,False,-2.844326655069987,scored,,4247,local_private_WBM_raw_structure_cache_not_distributed
wbm-1-47369,Rb4 Sb6,2|Rb-Sb,False,-3.1732351303100588,scored,,4248,local_private_WBM_raw_structure_cache_not_distributed
wbm-1-47370,Au2 Rb4 Sb2,3|Au-Rb,True,-2.8374321460723877,scored,,4249,local_private_WBM_raw_structure_cache_not_distributed
wbm-1-47372,Rb4 Sn6,2|Rb-Sn,False,-2.9767250061035155,scored,,4250,local_private_WBM_raw_structure_cache_not_distributed
wbm-1-47374,Bi4 Rb8 Sn4,3|Bi-Rb,True,-2.7811408042907715,scored,,4251,local_private_WBM_raw_structure_cache_not_distributed
wbm-1-47375,Rb4 Sb4 Sn2,3|Rb-Sb,True,-3.2067539215087892,scored,,4252,local_private_WBM_raw_structure_cache_not_distributed
wbm-1-47376,Rb4 Sn2 Te6,3|Rb-Sn,True,-3.2648579279581704,scored,,4253,local_private_WBM_raw_structure_cache_not_distributed
wbm-1-47379,Rb4 Sr2,2|Rb-Sr,False,-1.0385486284891765,scored,,4254,local_private_WBM_raw_structure_cache_not_distributed
wbm-1-47381,Rb4 Te6,2|Rb-Te,False,-2.93863525390625,scored,,4255,local_private_WBM_raw_structure_cache_not_distributed
wbm-1-47386,Rb4 Tl6,2|Rb-Tl,False,-1.8714801788330078,scored,,4256,local_private_WBM_raw_structure_cache_not_distributed
wbm-1-47391,Hg1 Rb3,2|Hg-Rb,False,-0.8293275833129883,scored,,4257,local_private_WBM_raw_structure_cache_not_distributed
wbm-1-47392,La1 Rb3,2|La-Rb,False,-1.4078774452209473,scored,,4258,local_private_WBM_raw_structure_cache_not_distributed
wbm-1-47393,Pb2 Rb6,2|Pb-Rb,False,-1.6711457967758179,scored,,4259,local_private_WBM_raw_structure_cache_not_distributed
wbm-1-47401,Rb3 Y1,2|Rb-Y,False,-1.7365660667419434,scored,,4260,local_private_WBM_raw_structure_cache_not_distributed
wbm-1-47419,Ag2 Pu2 Rb2 Te6,4|Ag-Pu,True,-5.383291244506836,scored,,4261,local_private_WBM_raw_structure_cache_not_distributed
wbm-1-47420,Ag2 Rb2 Ta2 Te6,4|Ag-Rb,False,-4.700027783711751,scored,,4262,local_private_WBM_raw_structure_cache_not_distributed
wbm-1-47434,Bi4 Rb2,2|Bi-Rb,False,-3.1288681030273438,scored,,4263,local_private_WBM_raw_structure_cache_not_distributed
wbm-1-47447,Hf2 Rb1,2|Hf-Rb,False,-6.427262624104817,scored,,4264,local_private_WBM_raw_structure_cache_not_distributed
wbm-1-47458,I6 Pt2 Rb2,3|I-Pt,False,-2.8983030319213867,scored,,4265,local_private_WBM_raw_structure_cache_not_distributed
wbm-1-47464,In9 Rb3,2|In-Rb,False,-2.3895114262898765,scored,,4266,local_private_WBM_raw_structure_cache_not_distributed
wbm-1-47473,I2 Rb2,2|I-Rb,False,-2.7102508544921875,scored,,4267,local_private_WBM_raw_structure_cache_not_distributed
wbm-1-47478,Ag2 Nb2 Rb2 Te6,4|Ag-Nb,False,-4.43838373819987,scored,,4268,local_private_WBM_raw_structure_cache_not_distributed
wbm-1-47479,Nb1 Rb1 Te2,3|Nb-Rb,False,-4.3528008460998535,scored,,4269,local_private_WBM_raw_structure_cache_not_distributed
wbm-1-47498,In6 Rb1 Rh4,3|In-Rb,False,-4.533050883900035,scored,,4270,local_private_WBM_raw_structure_cache_not_distributed
wbm-1-47506,Ba2 Rb2 Sb2,3|Ba-Rb,False,-3.009372075398763,scored,,4271,local_private_WBM_raw_structure_cache_not_distributed
wbm-1-47533,Ce2 Rb2 Te4,3|Ce-Rb,False,-4.648570537567139,scored,,4272,local_private_WBM_raw_structure_cache_not_distributed
wbm-1-47534,Dy2 Rb2 Te4,3|Dy-Rb,True,-4.346015453338623,scored,,4273,local_private_WBM_raw_structure_cache_not_distributed
wbm-1-47535,Er2 Rb2 Te4,3|Er-Rb,True,-4.313187599182129,scored,,4274,local_private_WBM_raw_structure_cache_not_distributed
wbm-1-47537,Eu2 Rb2 Te4,3|Eu-Rb,False,-5.62769889831543,scored,,4275,local_private_WBM_raw_structure_cache_not_distributed
wbm-1-47539,Gd2 Rb2 Te4,3|Gd-Rb,True,-6.732677459716797,scored,,4276,local_private_WBM_raw_structure_cache_not_distributed
wbm-1-47540,Ho2 Rb2 Te4,3|Ho-Rb,True,-4.326845645904541,scored,,4277,local_private_WBM_raw_structure_cache_not_distributed
wbm-1-47542,La1 Rb1 Te2,3|La-Rb,True,-4.541510581970215,scored,,4278,local_private_WBM_raw_structure_cache_not_distributed
wbm-1-47545,Lu2 Rb2 Te4,3|Lu-Rb,True,-4.274918556213379,scored,,4279,local_private_WBM_raw_structure_cache_not_distributed
wbm-1-47547,Nd2 Rb2 Te4,3|Nd-Rb,False,-4.419598579406738,scored,,4280,local_private_WBM_raw_structure_cache_not_distributed
wbm-1-47550,Pr2 Rb2 Te4,3|Pr-Rb,True,-4.425885200500488,scored,,4281,local_private_WBM_raw_structure_cache_not_distributed
wbm-1-47552,Pu2 Rb2 Te4,3|Pu-Rb,True,-6.541565895080566,scored,,4282,local_private_WBM_raw_structure_cache_not_distributed
wbm-1-47554,Rb2 Sm2 Te4,3|Rb-Sm,False,-4.391430377960205,scored,,4283,local_private_WBM_raw_structure_cache_not_distributed
wbm-1-47556,Rb1 Ta1 Te2,3|Rb-Ta,False,-4.708392143249512,scored,,4284,local_private_WBM_raw_structure_cache_not_distributed
wbm-1-47557,Rb2 Tb2 Te4,3|Rb-Tb,True,-4.356315612792969,scored,,4285,local_private_WBM_raw_structure_cache_not_distributed
wbm-1-47559,Rb2 Te4 Th2,3|Rb-Te,True,-4.971088409423828,scored,,4286,local_private_WBM_raw_structure_cache_not_distributed
wbm-1-47566,Au2 Hf2 Rb2 Te6,4|Au-Hf,False,-4.720362663269043,scored,,4287,local_private_WBM_raw_structure_cache_not_distributed
wbm-1-47590,Rb1 Zr3,2|Rb-Zr,False,-5.652400016784668,scored,,4288,local_private_WBM_raw_structure_cache_not_distributed
wbm-1-47595,Au2 Re6,2|Au-Re,False,-9.95185661315918,scored,,4289,local_private_WBM_raw_structure_cache_not_distributed
wbm-1-47596,Ir2 Re6,2|Ir-Re,True,-11.686685562133789,scored,,4290,local_private_WBM_raw_structure_cache_not_distributed
wbm-1-47598,Os1 Re3,2|Os-Re,False,-12.218306541442871,scored,,4291,local_private_WBM_raw_structure_cache_not_distributed
wbm-1-47600,Pt1 Re3,2|Pt-Re,False,-10.969348907470703,scored,,4292,local_private_WBM_raw_structure_cache_not_distributed
wbm-1-47603,Ir1 Pu2 Re1,3|Ir-Pu,False,-11.79806900024414,scored,,4293,local_private_WBM_raw_structure_cache_not_distributed
wbm-1-47604,Ir1 Re1 Th2,3|Ir-Re,False,-9.27873706817627,scored,,4294,local_private_WBM_raw_structure_cache_not_distributed
wbm-1-47606,Os1 Pu2 Re1,3|Os-Pu,False,-12.274917602539062,scored,,4295,local_private_WBM_raw_structure_cache_not_distributed
wbm-1-47607,Os1 Re1 U2,3|Os-Re,False,-11.512767791748047,scored,,4296,local_private_WBM_raw_structure_cache_not_distributed
wbm-1-47617,Au1 Rh2 Tl1,3|Au-Rh,False,-4.975302219390869,scored,,4297,local_private_WBM_raw_structure_cache_not_distributed
wbm-1-47619,Ba1 Rh2,2|Ba-Rh,False,-5.589914957682292,scored,,4298,local_private_WBM_raw_structure_cache_not_distributed
wbm-1-47621,Bi4 Rh8,2|Bi-Rh,False,-6.134667078653972,scored,,4299,local_private_WBM_raw_structure_cache_not_distributed
wbm-1-47636,Cd1 Np1 Rh2,3|Cd-Np,False,-7.226217269897461,scored,,4300,local_private_WBM_raw_structure_cache_not_distributed
wbm-1-47641,Cd1 Rh2 Sm1,3|Cd-Rh,False,-5.566964149475098,scored,,4301,local_private_WBM_raw_structure_cache_not_distributed
wbm-1-47652,Ce1 Rh2 Tl1,3|Ce-Rh,False,-6.242283821105957,scored,,4302,local_private_WBM_raw_structure_cache_not_distributed
wbm-1-47657,Eu1 Rh2 Tl1,3|Eu-Rh,False,-7.067263603210449,scored,,4303,local_private_WBM_raw_structure_cache_not_distributed
wbm-1-47661,Hf1 Pu1 Rh2,3|Hf-Pu,False,-9.826003074645996,scored,,4304,local_private_WBM_raw_structure_cache_not_distributed
wbm-1-47662,Hf1 Rh2 Th1,3|Hf-Rh,False,-8.792475700378418,scored,,4305,local_private_WBM_raw_structure_cache_not_distributed
wbm-1-47665,Hf1 Rh2,2|Hf-Rh,False,-9.034947077433268,scored,,4306,local_private_WBM_raw_structure_cache_not_distributed
wbm-1-47669,Hg1 Rh2 Tl1,3|Hg-Rh,False,-4.297060966491699,scored,,4307,local_private_WBM_raw_structure_cache_not_distributed
wbm-1-47675,In3 Rh2,2|In-Rh,False,-4.9787452697753904,scored,,4308,local_private_WBM_raw_structure_cache_not_distributed
wbm-1-47696,In1 Rh2 Sb1,3|In-Rh,False,-5.698404312133789,scored,,4309,local_private_WBM_raw_structure_cache_not_distributed
wbm-1-47711,La4 Rh4 Tl2,3|La-Rh,True,-6.073382949829101,scored,,4310,local_private_WBM_raw_structure_cache_not_distributed
wbm-1-47719,Nd1 Pb1 Rh2,3|Nd-Pb,False,-6.242734432220459,scored,,4311,local_private_WBM_raw_structure_cache_not_distributed
wbm-1-47720,Nd1 Rh2 Tl1,3|Nd-Rh,False,-5.898383617401123,scored,,4312,local_private_WBM_raw_structure_cache_not_distributed
wbm-1-47724,Pb1 Rh2 Th1,3|Pb-Rh,False,-7.046278476715088,scored,,4313,local_private_WBM_raw_structure_cache_not_distributed
wbm-1-47726,Pb2 Rh4,2|Pb-Rh,False,-6.016302108764648,scored,,4314,local_private_WBM_raw_structure_cache_not_distributed
wbm-1-47729,Pd1 Rh2 Sn1,3|Pd-Rh,False,-6.295199394226074,scored,,4315,local_private_WBM_raw_structure_cache_not_distributed
wbm-1-47730,Hf1 Pr1 Rh2,3|Hf-Pr,False,-8.003311157226562,scored,,4316,local_private_WBM_raw_structure_cache_not_distributed
wbm-1-47731,Pb1 Pr1 Rh2,3|Pb-Pr,False,-6.214707374572754,scored,,4317,local_private_WBM_raw_structure_cache_not_distributed
wbm-1-47732,Pr1 Rh2 Tl1,3|Pr-Rh,False,-5.874268531799316,scored,,4318,local_private_WBM_raw_structure_cache_not_distributed
wbm-1-47733,Ba2 Rh4 Sb4,3|Ba-Rh,True,-5.675726318359375,scored,,4319,local_private_WBM_raw_structure_cache_not_distributed
wbm-1-47744,Pu1 Rh2 Sb1,3|Pu-Rh,False,-8.31357479095459,scored,,4320,local_private_WBM_raw_structure_cache_not_distributed
wbm-1-47745,Rh2 Sb1 Sm1,3|Rh-Sb,False,-6.535497188568115,scored,,4321,local_private_WBM_raw_structure_cache_not_distributed
wbm-1-47752,Rh2 Sb1,2|Rh-Sb,False,-6.615841547648112,scored,,4322,local_private_WBM_raw_structure_cache_not_distributed
wbm-1-47757,Rh2 Sm1 Tl1,3|Rh-Sm,False,-5.914250373840332,scored,,4323,local_private_WBM_raw_structure_cache_not_distributed
wbm-1-47761,Rh4 Sn6,2|Rh-Sn,False,-5.786759567260742,scored,,4324,local_private_WBM_raw_structure_cache_not_distributed
wbm-1-47764,Ac1 Rh2 Sn1,3|Ac-Rh,True,-6.270794868469238,scored,,4325,local_private_WBM_raw_structure_cache_not_distributed
wbm-1-47775,Pt1 Rh2 Sn1,3|Pt-Rh,False,-6.519128322601318,scored,,4326,local_private_WBM_raw_structure_cache_not_distributed
wbm-1-47777,Rh2 Sn1 Ta1,3|Rh-Sn,False,-8.05154037475586,scored,,4327,local_private_WBM_raw_structure_cache_not_distributed
wbm-1-47780,Rh2 Ta1,2|Rh-Ta,False,-9.34271494547526,scored,,4328,local_private_WBM_raw_structure_cache_not_distributed
wbm-1-47787,Rh2 Tb1 Tl1,3|Rh-Tb,False,-5.963901042938232,scored,,4329,local_private_WBM_raw_structure_cache_not_distributed
wbm-1-47788,Rh4 Ta2 Te6,3|Rh-Ta,False,-6.409732818603516,scored,,4330,local_private_WBM_raw_structure_cache_not_distributed
wbm-1-47789,Rh4 Te6 Tl2,3|Rh-Te,False,-4.789500554402669,scored,,4331,local_private_WBM_raw_structure_cache_not_distributed
wbm-1-47790,Rh4 Te6,2|Rh-Te,False,-5.149271011352539,scored,,4332,local_private_WBM_raw_structure_cache_not_distributed
wbm-1-47794,Rh2 Th1 Tl1,3|Rh-Th,False,-6.6933135986328125,scored,,4333,local_private_WBM_raw_structure_cache_not_distributed
wbm-1-47795,Rh2 Tl1 U1,3|Rh-Tl,False,-7.37280797958374,scored,,4334,local_private_WBM_raw_structure_cache_not_distributed
wbm-1-47796,Rh4 U2,2|Rh-U,False,-9.144730885823568,scored,,4335,local_private_WBM_raw_structure_cache_not_distributed
wbm-1-47797,Rh2 W1,2|Rh-W,False,-9.483314514160156,scored,,4336,local_private_WBM_raw_structure_cache_not_distributed
wbm-1-47799,Ac2 Rh6,2|Ac-Rh,True,-6.851570129394531,scored,,4337,local_private_WBM_raw_structure_cache_not_distributed
wbm-1-47800,Ag2 Rh6,2|Ag-Rh,False,-5.887847423553467,scored,,4338,local_private_WBM_raw_structure_cache_not_distributed
wbm-1-47802,Au1 Rh3,2|Au-Rh,False,-6.167851448059082,scored,,4339,local_private_WBM_raw_structure_cache_not_distributed
wbm-1-47806,Cd1 Rh3,2|Cd-Rh,False,-5.65418004989624,scored,,4340,local_private_WBM_raw_structure_cache_not_distributed
wbm-1-47811,Dy3 Rh9,2|Dy-Rh,False,-7.240216573079427,scored,,4341,local_private_WBM_raw_structure_cache_not_distributed
wbm-1-47813,Er3 Rh9,2|Er-Rh,False,-7.246430079142253,scored,,4342,local_private_WBM_raw_structure_cache_not_distributed
wbm-1-47815,Eu3 Rh9,2|Eu-Rh,False,-6.997182210286458,scored,,4343,local_private_WBM_raw_structure_cache_not_distributed
wbm-1-47817,Hg2 Rh6,2|Hg-Rh,False,-5.397167205810547,scored,,4344,local_private_WBM_raw_structure_cache_not_distributed
wbm-1-47820,Ho1 Rh3,2|Ho-Rh,False,-7.18129825592041,scored,,4345,local_private_WBM_raw_structure_cache_not_distributed
wbm-1-47827,Ir2 Rh6,2|Ir-Rh,False,-7.73984432220459,scored,,4346,local_private_WBM_raw_structure_cache_not_distributed
wbm-1-47830,La4 Rh6,2|La-Rh,False,-7.04300537109375,scored,,4347,local_private_WBM_raw_structure_cache_not_distributed
wbm-1-47835,Lu3 Rh9,2|Lu-Rh,False,-7.236358642578125,scored,,4348,local_private_WBM_raw_structure_cache_not_distributed
wbm-1-47837,Nd1 Rh3,2|Nd-Rh,False,-7.009564399719238,scored,,4349,local_private_WBM_raw_structure_cache_not_distributed
wbm-1-47839,Os1 Rh3,2|Os-Rh,False,-8.208576202392578,scored,,4350,local_private_WBM_raw_structure_cache_not_distributed
wbm-1-47844,Pd1 Rh3,2|Pd-Rh,False,-6.7580485343933105,scored,,4351,local_private_WBM_raw_structure_cache_not_distributed
wbm-1-47848,Pr1 Rh3,2|Pr-Rh,False,-6.992116451263428,scored,,4352,local_private_WBM_raw_structure_cache_not_distributed
wbm-1-47849,Pt2 Rh6,2|Pt-Rh,False,-7.0724616050720215,scored,,4353,local_private_WBM_raw_structure_cache_not_distributed
wbm-1-47857,Rh3 Sm1,2|Rh-Sm,False,-7.072087287902832,scored,,4354,local_private_WBM_raw_structure_cache_not_distributed
wbm-1-47865,Rh9 Tb3,2|Rh-Tb,True,-7.239554087320964,scored,,4355,local_private_WBM_raw_structure_cache_not_distributed
wbm-1-47870,Rh9 Th3,2|Rh-Th,False,-8.062267939249674,scored,,4356,local_private_WBM_raw_structure_cache_not_distributed
wbm-1-47871,Rh3 Tl1,2|Rh-Tl,False,-5.994744777679443,scored,,4357,local_private_WBM_raw_structure_cache_not_distributed
wbm-1-47877,Rh9 Yb3,2|Rh-Yb,False,-6.340625127156575,scored,,4358,local_private_WBM_raw_structure_cache_not_distributed
wbm-1-47884,Ce1 Rh5,2|Ce-Rh,False,-7.464456558227539,scored,,4359,local_private_WBM_raw_structure_cache_not_distributed
wbm-1-47891,Pu1 Rh5,2|Pu-Rh,False,-8.45954704284668,scored,,4360,local_private_WBM_raw_structure_cache_not_distributed
wbm-1-47896,Rh5 Tm1,2|Rh-Tm,False,-7.187021891276042,scored,,4361,local_private_WBM_raw_structure_cache_not_distributed
wbm-1-47905,Ag2 Rh2 Te4,3|Ag-Rh,False,-4.32796049118042,scored,,4362,local_private_WBM_raw_structure_cache_not_distributed
wbm-1-47942,Cs4 Rh2,2|Cs-Rh,False,-2.4197473526000977,scored,,4363,local_private_WBM_raw_structure_cache_not_distributed
wbm-1-47952,Gd2 Rh2,2|Gd-Rh,False,-11.51983642578125,scored,,4364,local_private_WBM_raw_structure_cache_not_distributed
wbm-1-47971,I8 Rh4,2|I-Rh,False,-3.575098673502604,scored,,4365,local_private_WBM_raw_structure_cache_not_distributed
wbm-1-48012,In3 Pu3 Rh3,3|In-Pu,False,-7.9599355061848955,scored,,4366,local_private_WBM_raw_structure_cache_not_distributed
wbm-1-48022,Ir1 Rh1 Th2,3|Ir-Rh,False,-8.56661605834961,scored,,4367,local_private_WBM_raw_structure_cache_not_distributed
wbm-1-48038,Np2 Rh2,2|Np-Rh,False,-10.023331642150879,scored,,4368,local_private_WBM_raw_structure_cache_not_distributed
wbm-1-48042,Os1 Rh1 Th2,3|Os-Rh,False,-8.848031044006348,scored,,4369,local_private_WBM_raw_structure_cache_not_distributed
wbm-1-48064,Re3 Rh1,2|Re-Rh,False,-11.322577476501465,scored,,4370,local_private_WBM_raw_structure_cache_not_distributed
wbm-1-48067,Pu2 Re1 Rh1,3|Pu-Re,False,-11.422472953796387,scored,,4371,local_private_WBM_raw_structure_cache_not_distributed
wbm-1-48068,Re1 Rh1 Th2,3|Re-Rh,False,-8.887208938598633,scored,,4372,local_private_WBM_raw_structure_cache_not_distributed
wbm-1-48089,Dy4 Rh4 Sn8,3|Dy-Rh,False,-5.681149959564209,scored,,4373,local_private_WBM_raw_structure_cache_not_distributed
wbm-1-48090,Er4 Rh4 Sn8,3|Er-Rh,False,-5.6464996337890625,scored,,4374,local_private_WBM_raw_structure_cache_not_distributed
wbm-1-48106,Gd3 Rh3 Sn3,3|Gd-Rh,True,-9.384973314073351,scored,,4375,local_private_WBM_raw_structure_cache_not_distributed
wbm-1-48143,Ho6 Rh1 Te2,3|Ho-Rh,False,-5.402297549777561,scored,,4376,local_private_WBM_raw_structure_cache_not_distributed
wbm-1-48144,I2 Rh2 Te4,3|I-Rh,False,-4.010987758636475,scored,,4377,local_private_WBM_raw_structure_cache_not_distributed
wbm-1-48146,Lu6 Rh1 Te2,3|Lu-Rh,False,-5.358778635660808,scored,,4378,local_private_WBM_raw_structure_cache_not_distributed
wbm-1-48191,Ba2 Ru4,2|Ba-Ru,False,-6.313777923583984,scored,,4379,local_private_WBM_raw_structure_cache_not_distributed
wbm-1-48196,Cd1 Ru2 Sb1,3|Cd-Ru,False,-5.742805480957031,scored,,4380,local_private_WBM_raw_structure_cache_not_distributed
wbm-1-48201,Ce4 Ru8,2|Ce-Ru,True,-8.413722356160482,scored,,4381,local_private_WBM_raw_structure_cache_not_distributed
wbm-1-48204,Dy2 Ru4,2|Dy-Ru,False,-8.030434290568033,scored,,4382,local_private_WBM_raw_structure_cache_not_distributed
wbm-1-48206,Er2 Ru4,2|Er-Ru,False,-8.056575139363607,scored,,4383,local_private_WBM_raw_structure_cache_not_distributed
wbm-1-48208,Eu1 Ru2 Ta1,3|Eu-Ru,False,-10.181771278381348,scored,,4384,local_private_WBM_raw_structure_cache_not_distributed
wbm-1-48209,Eu4 Ru8,2|Eu-Ru,False,-9.586692174275717,scored,,4385,local_private_WBM_raw_structure_cache_not_distributed
wbm-1-48211,Gd1 Ru2 Ta1,3|Gd-Ru,True,-11.418183326721191,scored,,4386,local_private_WBM_raw_structure_cache_not_distributed
wbm-1-48214,Hf1 Ru2 U1,3|Hf-Ru,False,-10.502275466918945,scored,,4387,local_private_WBM_raw_structure_cache_not_distributed
wbm-1-48216,Hf4 Ru8,2|Hf-Ru,False,-9.919307072957357,scored,,4388,local_private_WBM_raw_structure_cache_not_distributed
wbm-1-48218,Ho2 Ru4,2|Ho-Ru,False,-8.041136423746744,scored,,4389,local_private_WBM_raw_structure_cache_not_distributed
wbm-1-48229,In3 Ru2 Sm3,3|In-Ru,False,-5.519448280334473,scored,,4390,local_private_WBM_raw_structure_cache_not_distributed
wbm-1-48239,In4 Ru8,2|In-Ru,False,-6.940223058064778,scored,,4391,local_private_WBM_raw_structure_cache_not_distributed
wbm-1-48241,La1 Ru2 Ta1,3|La-Ru,False,-8.95275592803955,scored,,4392,local_private_WBM_raw_structure_cache_not_distributed
wbm-1-48242,La4 Ru8,2|La-Ru,True,-7.936014175415039,scored,,4393,local_private_WBM_raw_structure_cache_not_distributed
wbm-1-48243,Lu2 Ru4,2|Lu-Ru,False,-8.069889068603516,scored,,4394,local_private_WBM_raw_structure_cache_not_distributed
wbm-1-48245,Nd1 Ru2 Ta1,3|Nd-Ru,False,-8.945186614990234,scored,,4395,local_private_WBM_raw_structure_cache_not_distributed
wbm-1-48248,Pr1 Ru2 Ta1,3|Pr-Ru,False,-8.89587116241455,scored,,4396,local_private_WBM_raw_structure_cache_not_distributed
wbm-1-48249,Pr4 Ru8,2|Pr-Ru,True,-7.8661549886067705,scored,,4397,local_private_WBM_raw_structure_cache_not_distributed
wbm-1-48250,Pu4 Ru8,2|Pu-Ru,False,-10.63546371459961,scored,,4398,local_private_WBM_raw_structure_cache_not_distributed
wbm-1-48252,Cs1 Ru2 Sb2,3|Cs-Ru,False,-5.759895324707031,scored,,4399,local_private_WBM_raw_structure_cache_not_distributed
wbm-1-48254,Ce1 Ru2 Sb1,3|Ce-Ru,False,-7.4844536781311035,scored,,4400,local_private_WBM_raw_structure_cache_not_distributed
wbm-1-48255,Dy1 Ru2 Sb1,3|Dy-Ru,False,-7.186532974243164,scored,,4401,local_private_WBM_raw_structure_cache_not_distributed
wbm-1-48256,Er1 Ru2 Sb1,3|Er-Ru,False,-7.219723224639893,scored,,4402,local_private_WBM_raw_structure_cache_not_distributed
wbm-1-48258,Ho1 Ru2 Sb1,3|Ho-Ru,False,-7.210561275482178,scored,,4403,local_private_WBM_raw_structure_cache_not_distributed
wbm-1-48262,Pu1 Ru2 Sb1,3|Pu-Ru,False,-8.940016746520996,scored,,4404,local_private_WBM_raw_structure_cache_not_distributed
wbm-1-48263,Ru2 Sb1 Sm1,3|Ru-Sb,False,-7.085325717926025,scored,,4405,local_private_WBM_raw_structure_cache_not_distributed
wbm-1-48269,Ru8 Sb4,2|Ru-Sb,False,-7.454772313435872,scored,,4406,local_private_WBM_raw_structure_cache_not_distributed
wbm-1-48272,Ru2 Sm1 Ta1,3|Ru-Sm,False,-9.008444786071777,scored,,4407,local_private_WBM_raw_structure_cache_not_distributed
wbm-1-48274,Ba2 Ru4 Sn4,3|Ba-Ru,False,-5.991214370727539,scored,,4408,local_private_WBM_raw_structure_cache_not_distributed
wbm-1-48278,Ru4 Sn6,2|Ru-Sn,False,-6.273126602172852,scored,,4409,local_private_WBM_raw_structure_cache_not_distributed
wbm-1-48290,Ru2 Sn1 U1,3|Ru-Sn,False,-8.75002670288086,scored,,4410,local_private_WBM_raw_structure_cache_not_distributed
wbm-1-48293,Pb1 Ru2 Ta1,3|Pb-Ru,False,-8.571659088134766,scored,,4411,local_private_WBM_raw_structure_cache_not_distributed
wbm-1-48294,Ru2 Ta1 Th1,3|Ru-Ta,False,-9.825550079345703,scored,,4412,local_private_WBM_raw_structure_cache_not_distributed
wbm-1-48297,Ru8 Ta4,2|Ru-Ta,False,-10.324594497680664,scored,,4413,local_private_WBM_raw_structure_cache_not_distributed
wbm-1-48301,Ru4 Tb2,2|Ru-Tb,False,-8.0215695699056,scored,,4414,local_private_WBM_raw_structure_cache_not_distributed
wbm-1-48302,Ru4 Te6 Tl2,3|Ru-Te,False,-5.138327280680339,scored,,4415,local_private_WBM_raw_structure_cache_not_distributed
wbm-1-48303,Ru4 Te6,2|Ru-Te,False,-5.721455383300781,scored,,4416,local_private_WBM_raw_structure_cache_not_distributed
wbm-1-48305,Ru8 Th4,2|Ru-Th,False,-8.967918395996094,scored,,4417,local_private_WBM_raw_structure_cache_not_distributed
wbm-1-48307,Ru4 Tm2,2|Ru-Tm,False,-8.023788452148438,scored,,4418,local_private_WBM_raw_structure_cache_not_distributed
wbm-1-48308,Ru8 U4,2|Ru-U,False,-10.066197077433268,scored,,4419,local_private_WBM_raw_structure_cache_not_distributed
wbm-1-48310,Ru2 W1,2|Ru-W,False,-10.59170150756836,scored,,4420,local_private_WBM_raw_structure_cache_not_distributed
wbm-1-48313,Ru4 Yb2,2|Ru-Yb,False,-6.709020614624023,scored,,4421,local_private_WBM_raw_structure_cache_not_distributed
wbm-1-48314,Ag1 Ru3,2|Ag-Ru,False,-6.967051982879639,scored,,4422,local_private_WBM_raw_structure_cache_not_distributed
wbm-1-48315,Cd1 Ru3,2|Cd-Ru,False,-6.6414923667907715,scored,,4423,local_private_WBM_raw_structure_cache_not_distributed
wbm-1-48318,Hg1 Ru3,2|Hg-Ru,False,-6.37506103515625,scored,,4424,local_private_WBM_raw_structure_cache_not_distributed
wbm-1-48323,Pb1 Ru3,2|Pb-Ru,False,-7.370245933532715,scored,,4425,local_private_WBM_raw_structure_cache_not_distributed
wbm-1-48325,Pd2 Ru6,2|Pd-Ru,False,-8.11014461517334,scored,,4426,local_private_WBM_raw_structure_cache_not_distributed
wbm-1-48326,Pt1 Ru3,2|Pt-Ru,False,-8.442585945129395,scored,,4427,local_private_WBM_raw_structure_cache_not_distributed
wbm-1-48330,Rh1 Ru3,2|Rh-Ru,False,-8.764631271362305,scored,,4428,local_private_WBM_raw_structure_cache_not_distributed
wbm-1-48349,Lu1 Ru4 Sn6,3|Lu-Ru,True,-6.264133800159801,scored,,4429,local_private_WBM_raw_structure_cache_not_distributed
wbm-1-48373,Ag1 Ru1 Tb2,3|Ag-Ru,True,-5.684675216674805,scored,,4430,local_private_WBM_raw_structure_cache_not_distributed
wbm-1-48377,Au3 Ru1,2|Au-Ru,False,-4.3725504875183105,scored,,4431,local_private_WBM_raw_structure_cache_not_distributed
wbm-1-48380,Au1 Ru1 Th2,3|Au-Ru,False,-7.318857192993164,scored,,4432,local_private_WBM_raw_structure_cache_not_distributed
wbm-1-48383,Bi8 Ru4,2|Bi-Ru,False,-5.5202376047770185,scored,,4433,local_private_WBM_raw_structure_cache_not_distributed
wbm-1-48408,Eu2 Pt1 Ru1,3|Eu-Pt,False,-9.240039825439453,scored,,4434,local_private_WBM_raw_structure_cache_not_distributed
wbm-1-48411,Gd2 Pt1 Ru1,3|Gd-Pt,False,-11.583307266235352,scored,,4435,local_private_WBM_raw_structure_cache_not_distributed
wbm-1-48432,I4 Ru2,2|I-Ru,True,-3.9817539850870767,scored,,4436,local_private_WBM_raw_structure_cache_not_distributed
wbm-1-48454,Ir6 Ru2,2|Ir-Ru,False,-9.003628730773926,scored,,4437,local_private_WBM_raw_structure_cache_not_distributed
wbm-1-48456,Ir1 Ru1 Th2,3|Ir-Ru,False,-8.878817558288574,scored,,4438,local_private_WBM_raw_structure_cache_not_distributed
wbm-1-48467,Nd2 Pt1 Ru1,3|Nd-Pt,False,-6.785098075866699,scored,,4439,local_private_WBM_raw_structure_cache_not_distributed
wbm-1-48468,Nd1 Ru1,2|Nd-Ru,False,-7.086556434631348,scored,,4440,local_private_WBM_raw_structure_cache_not_distributed
wbm-1-48469,Os3 Ru1,2|Os-Ru,False,-10.674060821533203,scored,,4441,local_private_WBM_raw_structure_cache_not_distributed
wbm-1-48472,Os1 Ru1 U2,3|Os-Ru,False,-10.906720161437988,scored,,4442,local_private_WBM_raw_structure_cache_not_distributed
wbm-1-48477,Pd4 Ru2 Te4,3|Pd-Ru,False,-5.43791618347168,scored,,4443,local_private_WBM_raw_structure_cache_not_distributed
wbm-1-48502,Ir1 Pr2 Ru1,3|Ir-Pr,False,-7.199490547180176,scored,,4444,local_private_WBM_raw_structure_cache_not_distributed
wbm-1-48503,Pr2 Pt1 Ru1,3|Pr-Pt,False,-6.742795944213867,scored,,4445,local_private_WBM_raw_structure_cache_not_distributed
wbm-1-48508,Pt1 Pu2 Ru1,3|Pt-Pu,False,-11.021346092224121,scored,,4446,local_private_WBM_raw_structure_cache_not_distributed
wbm-1-48509,Pt1 Ru1 Th2,3|Pt-Ru,False,-8.29198169708252,scored,,4447,local_private_WBM_raw_structure_cache_not_distributed
wbm-1-48512,Re3 Ru1,2|Re-Ru,False,-11.706493377685547,scored,,4448,local_private_WBM_raw_structure_cache_not_distributed
wbm-1-48525,Rh1 Ru1 Sn2,3|Rh-Ru,False,-6.311708450317383,scored,,4449,local_private_WBM_raw_structure_cache_not_distributed
wbm-1-48548,Ru1 Sm1,2|Ru-Sm,False,-7.16094970703125,scored,,4450,local_private_WBM_raw_structure_cache_not_distributed
wbm-1-48565,Np2 Ru2 Sn2,3|Np-Ru,True,-8.91914431254069,scored,,4451,local_private_WBM_raw_structure_cache_not_distributed
wbm-1-48581,Bi1 Ru1 Ta1,3|Bi-Ru,False,-8.131156285603842,scored,,4452,local_private_WBM_raw_structure_cache_not_distributed
wbm-1-48595,Ru2 Tl4,2|Ru-Tl,False,-4.1981611251831055,scored,,4453,local_private_WBM_raw_structure_cache_not_distributed
wbm-1-48616,Ag6 S4,2|Ag-S,False,-3.2882720947265627,scored,,4454,local_private_WBM_raw_structure_cache_not_distributed
wbm-1-48623,Ag2 Cd2 Cs2 S4,4|Ag-Cd,True,-3.28668212890625,scored,,4455,local_private_WBM_raw_structure_cache_not_distributed
wbm-1-48630,Ag2 S4 Sb2,3|Ag-S,False,-3.9568071365356445,scored,,4456,local_private_WBM_raw_structure_cache_not_distributed
wbm-1-48649,As8 S16 Sn8,3|As-S,False,-4.40345573425293,scored,,4457,local_private_WBM_raw_structure_cache_not_distributed
wbm-1-48653,As4 S8,2|As-S,True,-4.387710253397624,scored,,4458,local_private_WBM_raw_structure_cache_not_distributed
wbm-1-48657,Au6 S4,2|Au-S,False,-3.5770950317382812,scored,,4459,local_private_WBM_raw_structure_cache_not_distributed
wbm-1-48670,Ba2 S4,2|Ba-S,False,-4.77813180287679,scored,,4460,local_private_WBM_raw_structure_cache_not_distributed
wbm-1-48684,Ca2 S4,2|Ca-S,False,-4.486491839090983,scored,,4461,local_private_WBM_raw_structure_cache_not_distributed
wbm-1-48692,Cd2 I2 S4 Sb2,4|Cd-I,False,-3.369901657104492,scored,,4462,local_private_WBM_raw_structure_cache_not_distributed
wbm-1-48693,Cd1 S2 Sn1,3|Cd-S,False,-3.6627700328826904,scored,,4463,local_private_WBM_raw_structure_cache_not_distributed
wbm-1-48695,Ce2 S4 Tl2,3|Ce-S,True,-5.52594518661499,scored,,4464,local_private_WBM_raw_structure_cache_not_distributed
wbm-1-48696,Ce1 S2,2|Ce-S,False,-6.418436686197917,scored,,4465,local_private_WBM_raw_structure_cache_not_distributed
wbm-1-48700,Cl4 S4 Ta2,3|Cl-S,False,-5.779457473754883,scored,,4466,local_private_WBM_raw_structure_cache_not_distributed
wbm-1-48718,Co3 S2 Tl2,3|Co-S,False,-5.093958718436105,scored,,4467,local_private_WBM_raw_structure_cache_not_distributed
wbm-1-48719,Co3 S2,2|Co-S,False,-6.269412231445313,scored,,4468,local_private_WBM_raw_structure_cache_not_distributed
wbm-1-48738,Cr3 Pb2 S2,3|Cr-Pb,False,-6.448554447719029,scored,,4469,local_private_WBM_raw_structure_cache_not_distributed
wbm-1-48751,Cr1 S2 Sn1,3|Cr-S,False,-5.9873366355896,scored,,4470,local_private_WBM_raw_structure_cache_not_distributed
wbm-1-48755,Cr4 S8,2|Cr-S,False,-6.446857452392578,scored,,4471,local_private_WBM_raw_structure_cache_not_distributed
wbm-1-48759,Cs2 Pt1 S2,3|Cs-Pt,True,-4.125553894042969,scored,,4472,local_private_WBM_raw_structure_cache_not_distributed
wbm-1-48762,Cs1 S2 U1,3|Cs-S,True,-6.4547600746154785,scored,,4473,local_private_WBM_raw_structure_cache_not_distributed
wbm-1-48771,Cu2 S2 Sn1,3|Cu-S,False,-4.271953582763672,scored,,4474,local_private_WBM_raw_structure_cache_not_distributed
wbm-1-48786,Cu6 S4,2|Cu-S,True,-4.289804077148437,scored,,4475,local_private_WBM_raw_structure_cache_not_distributed
wbm-1-48864,Dy2 S4 Tl2,3|Dy-S,False,-5.297942638397217,scored,,4476,local_private_WBM_raw_structure_cache_not_distributed
wbm-1-48865,Dy1 S2,2|Dy-S,False,-5.562781016031901,scored,,4477,local_private_WBM_raw_structure_cache_not_distributed
wbm-1-48866,Er2 S4 Tl2,3|Er-S,False,-5.283806324005127,scored,,4478,local_private_WBM_raw_structure_cache_not_distributed
wbm-1-48867,Er1 S2,2|Er-S,False,-5.558855692545573,scored,,4479,local_private_WBM_raw_structure_cache_not_distributed
wbm-1-48868,Eu2 S4 Tl2,3|Eu-S,False,-6.41262674331665,scored,,4480,local_private_WBM_raw_structure_cache_not_distributed
wbm-1-48870,Fe4 S4 Te2,3|Fe-S,False,-5.844961929321289,scored,,4481,local_private_WBM_raw_structure_cache_not_distributed
wbm-1-48876,Fe3 S2,2|Fe-S,False,-6.915151214599609,scored,,4482,local_private_WBM_raw_structure_cache_not_distributed
wbm-1-48911,Ga4 S4 Se2,3|Ga-S,True,-4.20965576171875,scored,,4483,local_private_WBM_raw_structure_cache_not_distributed
wbm-1-48935,Gd2 S4 Tl2,3|Gd-S,False,-7.660955429077148,scored,,4484,local_private_WBM_raw_structure_cache_not_distributed
wbm-1-48941,Ge8 S16 Sn8,3|Ge-S,False,-4.484059810638428,scored,,4485,local_private_WBM_raw_structure_cache_not_distributed
wbm-1-48943,Ge1 S2,2|Ge-S,False,-4.494643847147624,scored,,4486,local_private_WBM_raw_structure_cache_not_distributed
wbm-1-48946,Hf3 S2,2|Hf-S,False,-8.745948028564452,scored,,4487,local_private_WBM_raw_structure_cache_not_distributed
wbm-1-48948,Hf2 S4 Tl2,3|Hf-S,False,-6.323861598968506,scored,,4488,local_private_WBM_raw_structure_cache_not_distributed
wbm-1-48956,Ho2 S4 Tl2,3|Ho-S,False,-5.289539337158203,scored,,4489,local_private_WBM_raw_structure_cache_not_distributed
wbm-1-48957,Ho1 S2,2|Ho-S,False,-5.558194478352864,scored,,4490,local_private_WBM_raw_structure_cache_not_distributed
wbm-1-48960,In4 S4 Te2,3|In-S,True,-3.8532127380371093,scored,,4491,local_private_WBM_raw_structure_cache_not_distributed
wbm-1-48982,In2 S4,2|In-S,False,-3.7330754597981772,scored,,4492,local_private_WBM_raw_structure_cache_not_distributed
wbm-1-48987,Ir3 Pb2 S2,3|Ir-Pb,False,-6.094090597970145,scored,,4493,local_private_WBM_raw_structure_cache_not_distributed
wbm-1-48989,Ir3 S6,2|Ir-S,False,-6.078484429253472,scored,,4494,local_private_WBM_raw_structure_cache_not_distributed
wbm-1-49042,K4 S8 Sb4,3|K-S,False,-4.066839218139648,scored,,4495,local_private_WBM_raw_structure_cache_not_distributed
wbm-1-49058,La2 S4 Tl2,3|La-S,True,-5.407756805419922,scored,,4496,local_private_WBM_raw_structure_cache_not_distributed
wbm-1-49060,Lu2 S4 Tl2,3|Lu-S,False,-5.268410682678223,scored,,4497,local_private_WBM_raw_structure_cache_not_distributed
wbm-1-49061,Lu1 S2,2|Lu-S,False,-5.560984929402669,scored,,4498,local_private_WBM_raw_structure_cache_not_distributed
wbm-1-49062,Mn2 S2 Tl1,3|Mn-S,False,-6.122833251953125,scored,,4499,local_private_WBM_raw_structure_cache_not_distributed
wbm-1-49068,Mn3 S2,2|Mn-S,False,-7.211184692382813,scored,,4500,local_private_WBM_raw_structure_cache_not_distributed
wbm-1-49092,Bi2 Mo4 S4,3|Bi-Mo,False,-7.0784660339355465,scored,,4501,local_private_WBM_raw_structure_cache_not_distributed
wbm-1-49093,Mo4 S8,2|Mo-S,False,-6.990550359090169,scored,,4502,local_private_WBM_raw_structure_cache_not_distributed
wbm-1-49101,Nb1 S2 Sn1,3|Nb-S,False,-6.426289081573486,scored,,4503,local_private_WBM_raw_structure_cache_not_distributed
wbm-1-49105,Nb3 S6,2|Nb-S,False,-7.092139773898655,scored,,4504,local_private_WBM_raw_structure_cache_not_distributed
wbm-1-49111,Nd2 S4 Tl2,3|Nd-S,False,-5.299139022827148,scored,,4505,local_private_WBM_raw_structure_cache_not_distributed
wbm-1-49119,Ni4 S4 Sb2,3|Ni-S,False,-5.1232460021972654,scored,,4506,local_private_WBM_raw_structure_cache_not_distributed
wbm-1-49129,Ni6 S4,2|Ni-S,False,-5.364895248413086,scored,,4507,local_private_WBM_raw_structure_cache_not_distributed
wbm-1-49151,Np2 S4,2|Np-S,False,-8.319839477539062,scored,,4508,local_private_WBM_raw_structure_cache_not_distributed
wbm-1-49152,Os3 Pb2 S2,3|Os-Pb,False,-6.903938293457031,scored,,4509,local_private_WBM_raw_structure_cache_not_distributed
wbm-1-49153,Os4 S8,2|Os-S,False,-6.713784535725911,scored,,4510,local_private_WBM_raw_structure_cache_not_distributed
wbm-1-49155,Pb2 S4,2|Pb-S,False,-3.799159049987793,scored,,4511,local_private_WBM_raw_structure_cache_not_distributed
wbm-1-49159,Pd2 S2 Tl1,3|Pd-S,False,-4.423876953125,scored,,4512,local_private_WBM_raw_structure_cache_not_distributed
wbm-1-49164,Pd3 S2,2|Pd-S,False,-5.00943603515625,scored,,4513,local_private_WBM_raw_structure_cache_not_distributed
wbm-1-49180,Pr2 S4 Tl2,3|Pr-S,True,-5.292834281921387,scored,,4514,local_private_WBM_raw_structure_cache_not_distributed
wbm-1-49181,Pr2 S4,2|Pr-S,False,-6.022541046142578,scored,,4515,local_private_WBM_raw_structure_cache_not_distributed
wbm-1-49183,Pb2 Pt3 S2,3|Pb-Pt,False,-5.159201485770089,scored,,4516,local_private_WBM_raw_structure_cache_not_distributed
wbm-1-49184,Pt3 S2 Tl2,3|Pt-S,False,-4.738699231828962,scored,,4517,local_private_WBM_raw_structure_cache_not_distributed
wbm-1-49185,Pt3 S2,2|Pt-S,False,-5.3110301971435545,scored,,4518,local_private_WBM_raw_structure_cache_not_distributed
wbm-1-49195,Ir1 Rb2 S2,3|Ir-Rb,False,-4.465904235839844,scored,,4519,local_private_WBM_raw_structure_cache_not_distributed
wbm-1-49198,Rb2 Ru1 S2,3|Rb-Ru,False,-4.612848281860352,scored,,4520,local_private_WBM_raw_structure_cache_not_distributed
wbm-1-49199,Ac1 Rb1 S2,3|Ac-Rb,False,-4.87310791015625,scored,,4521,local_private_WBM_raw_structure_cache_not_distributed
wbm-1-49212,Rb4 S8 Sb4,3|Rb-S,False,-4.047164440155029,scored,,4522,local_private_WBM_raw_structure_cache_not_distributed
wbm-1-49218,Re4 S8,2|Re-S,False,-7.351066589355469,scored,,4523,local_private_WBM_raw_structure_cache_not_distributed
wbm-1-49222,Rh2 S2 Tl1,3|Rh-S,False,-5.406941604614258,scored,,4524,local_private_WBM_raw_structure_cache_not_distributed
wbm-1-49223,Bi2 Rh3 S2,3|Bi-Rh,False,-5.817432948521206,scored,,4525,local_private_WBM_raw_structure_cache_not_distributed
wbm-1-49224,Cs1 Rh3 S2,3|Cs-Rh,False,-5.572625478108724,scored,,4526,local_private_WBM_raw_structure_cache_not_distributed
wbm-1-49228,Rh3 S2,2|Rh-S,False,-6.5122840881347654,scored,,4527,local_private_WBM_raw_structure_cache_not_distributed
wbm-1-49248,Ru1 S2,2|Ru-S,False,-6.182860056559245,scored,,4528,local_private_WBM_raw_structure_cache_not_distributed
wbm-1-49253,S2 Sb2 Te1,3|S-Sb,False,-4.105703735351563,scored,,4529,local_private_WBM_raw_structure_cache_not_distributed
wbm-1-49255,Au2 S4 Sb2,3|Au-S,False,-4.0112433433532715,scored,,4530,local_private_WBM_raw_structure_cache_not_distributed
wbm-1-49258,Pb2 S4 Sb2,3|Pb-S,False,-4.305786609649658,scored,,4531,local_private_WBM_raw_structure_cache_not_distributed
wbm-1-49261,S8 Sb4,2|S-Sb,True,-4.342353502909343,scored,,4532,local_private_WBM_raw_structure_cache_not_distributed
wbm-1-49264,Os1 S2 Sc6,3|Os-S,False,-7.4112353854709205,scored,,4533,local_private_WBM_raw_structure_cache_not_distributed
wbm-1-49273,S4 Sc2 Sn2,3|S-Sc,False,-5.86398983001709,scored,,4534,local_private_WBM_raw_structure_cache_not_distributed
wbm-1-49275,S4 Sc2,2|S-Sc,False,-6.249581019083659,scored,,4535,local_private_WBM_raw_structure_cache_not_distributed
wbm-1-49279,Bi2 S2 Se1,3|Bi-S,False,-4.2301677703857425,scored,,4536,local_private_WBM_raw_structure_cache_not_distributed
wbm-1-49282,S4 Sm2 Tl2,3|S-Sm,False,-5.300207138061523,scored,,4537,local_private_WBM_raw_structure_cache_not_distributed
wbm-1-49285,S4 Sn4 Te2,3|S-Sn,False,-4.085111618041992,scored,,4538,local_private_WBM_raw_structure_cache_not_distributed
wbm-1-49289,Hg1 S2 Sn1,3|Hg-S,False,-2.9777677059173584,scored,,4539,local_private_WBM_raw_structure_cache_not_distributed
wbm-1-49296,S4 Sn2,2|S-Sn,False,-4.2964293162028,scored,,4540,local_private_WBM_raw_structure_cache_not_distributed
wbm-1-49299,S4 Sr2,2|S-Sr,False,-4.350282033284505,scored,,4541,local_private_WBM_raw_structure_cache_not_distributed
wbm-1-49302,S2 Ta1 Tl1,3|S-Ta,True,-6.487204074859619,scored,,4542,local_private_WBM_raw_structure_cache_not_distributed
wbm-1-49303,S6 Ta3,2|S-Ta,False,-7.735722011990017,scored,,4543,local_private_WBM_raw_structure_cache_not_distributed
wbm-1-49305,S4 Tb2 Tl2,3|S-Tb,False,-5.3014326095581055,scored,,4544,local_private_WBM_raw_structure_cache_not_distributed
wbm-1-49306,S2 Tb1,2|S-Tb,False,-5.579531351725261,scored,,4545,local_private_WBM_raw_structure_cache_not_distributed
wbm-1-49308,S4 Th2,2|S-Th,False,-7.122749964396159,scored,,4546,local_private_WBM_raw_structure_cache_not_distributed
wbm-1-49318,S2 Ti1 Tl1,3|S-Ti,False,-5.662353038787842,scored,,4547,local_private_WBM_raw_structure_cache_not_distributed
wbm-1-49321,S2 Ti1,2|S-Ti,False,-6.5517838795979815,scored,,4548,local_private_WBM_raw_structure_cache_not_distributed
wbm-1-49327,Ac1 S2 Tl1,3|Ac-S,False,-5.005760192871094,scored,,4549,local_private_WBM_raw_structure_cache_not_distributed
wbm-1-49330,Pu2 S4 Tl2,3|Pu-S,True,-7.384289264678955,scored,,4550,local_private_WBM_raw_structure_cache_not_distributed
wbm-1-49331,S4 Th2 Tl2,3|S-Th,False,-5.954616546630859,scored,,4551,local_private_WBM_raw_structure_cache_not_distributed
wbm-1-49332,S4 Tl2 U2,3|S-Tl,False,-6.519096374511719,scored,,4552,local_private_WBM_raw_structure_cache_not_distributed
wbm-1-49335,S2 Tm1,2|S-Tm,False,-5.564882278442383,scored,,4553,local_private_WBM_raw_structure_cache_not_distributed
wbm-1-49336,S4 U2,2|S-U,False,-7.789784749348958,scored,,4554,local_private_WBM_raw_structure_cache_not_distributed
wbm-1-49356,S2 V1,2|S-V,False,-6.635438919067383,scored,,4555,local_private_WBM_raw_structure_cache_not_distributed
wbm-1-49365,S8 W4,2|S-W,False,-7.680288950602214,scored,,4556,local_private_WBM_raw_structure_cache_not_distributed
wbm-1-49371,S4 Y2,2|S-Y,True,-6.569399515787761,scored,,4557,local_private_WBM_raw_structure_cache_not_distributed
wbm-1-49379,S2 Zn3,2|S-Zn,False,-2.831698417663574,scored,,4558,local_private_WBM_raw_structure_cache_not_distributed
wbm-1-49381,Ba2 S4 Zn2,3|Ba-S,False,-4.231799125671387,scored,,4559,local_private_WBM_raw_structure_cache_not_distributed
wbm-1-49383,Br2 S4 Sb2 Zn2,4|Br-S,False,-3.558467483520508,scored,,4560,local_private_WBM_raw_structure_cache_not_distributed
wbm-1-49401,S2 Zr1,2|S-Zr,False,-6.972949981689453,scored,,4561,local_private_WBM_raw_structure_cache_not_distributed
wbm-1-49408,Ac1 S3,2|Ac-S,False,-5.058372974395752,scored,,4562,local_private_WBM_raw_structure_cache_not_distributed
wbm-1-49454,Bi2 S3,2|Bi-S,False,-4.358575439453125,scored,,4563,local_private_WBM_raw_structure_cache_not_distributed
wbm-1-49470,Ca4 S12 Sc4,3|Ca-S,False,-5.796337509155274,scored,,4564,local_private_WBM_raw_structure_cache_not_distributed
wbm-1-49510,Cs2 Pb2 S6,3|Cs-Pb,False,-3.853638458251953,scored,,4565,local_private_WBM_raw_structure_cache_not_distributed
wbm-1-49574,Cu2 S6 Tb2 Tl2,4|Cu-S,False,-4.951107660929362,scored,,4566,local_private_WBM_raw_structure_cache_not_distributed
wbm-1-49591,Dy4 Pb4 S12,3|Dy-Pb,False,-5.275204849243164,scored,,4567,local_private_WBM_raw_structure_cache_not_distributed
wbm-1-49595,Er4 Pb4 S12,3|Er-Pb,False,-5.267884826660156,scored,,4568,local_private_WBM_raw_structure_cache_not_distributed
wbm-1-49597,Eu4 S6,2|Eu-S,False,-8.110874938964844,scored,,4569,local_private_WBM_raw_structure_cache_not_distributed
wbm-1-49613,Ga4 S6,2|Ga-S,False,-4.359028625488281,scored,,4570,local_private_WBM_raw_structure_cache_not_distributed
wbm-1-49626,Gd4 S6,2|Gd-S,False,-10.167633056640625,scored,,4571,local_private_WBM_raw_structure_cache_not_distributed
wbm-1-49641,Ho4 Pb4 S12,3|Ho-Pb,False,-5.267013931274414,scored,,4572,local_private_WBM_raw_structure_cache_not_distributed
wbm-1-49659,Ir4 S6 Tl2,3|Ir-S,False,-5.5902144114176435,scored,,4573,local_private_WBM_raw_structure_cache_not_distributed
wbm-1-49716,La4 S6,2|La-S,False,-6.5627685546875,scored,,4574,local_private_WBM_raw_structure_cache_not_distributed
wbm-1-49723,Mn4 Rb2 S6,3|Mn-Rb,True,-6.074730555216472,scored,,4575,local_private_WBM_raw_structure_cache_not_distributed
wbm-1-49743,Nd4 S6,2|Nd-S,False,-6.385455703735351,scored,,4576,local_private_WBM_raw_structure_cache_not_distributed
wbm-1-49759,Ni2 Pb2 S6 Y2,4|Ni-Pb,False,-5.782901763916016,scored,,4577,local_private_WBM_raw_structure_cache_not_distributed
wbm-1-49760,Ni2 S6 Tl2 Zr2,4|Ni-S,True,-5.849913279215495,scored,,4578,local_private_WBM_raw_structure_cache_not_distributed
wbm-1-49774,Pu4 S6,2|Pu-S,False,-9.804893493652344,scored,,4579,local_private_WBM_raw_structure_cache_not_distributed
wbm-1-49788,Ru4 S6 Tl2,3|Ru-S,False,-5.736001332600911,scored,,4580,local_private_WBM_raw_structure_cache_not_distributed
wbm-1-49817,S6 Se4,2|S-Se,False,-3.6351367950439455,scored,,4581,local_private_WBM_raw_structure_cache_not_distributed
wbm-1-49820,S6 Sm4,2|S-Sm,False,-6.388274383544922,scored,,4582,local_private_WBM_raw_structure_cache_not_distributed
wbm-1-49849,S6 Sr2 Ta2,3|S-Sr,False,-6.550258636474609,scored,,4583,local_private_WBM_raw_structure_cache_not_distributed
wbm-1-49891,S6 Tl4,2|S-Tl,False,-3.5684844970703127,scored,,4584,local_private_WBM_raw_structure_cache_not_distributed
wbm-1-49914,S12 V4 Y4,3|S-V,False,-7.011125183105468,scored,,4585,local_private_WBM_raw_structure_cache_not_distributed
wbm-1-49919,S6 Yb4,2|S-Yb,False,-4.4840446472167965,scored,,4586,local_private_WBM_raw_structure_cache_not_distributed
wbm-1-49935,S12 Tm4 Y4,3|S-Tm,False,-6.711991882324218,scored,,4587,local_private_WBM_raw_structure_cache_not_distributed
wbm-1-49936,S12 U4 Y4,3|S-U,False,-7.646494293212891,scored,,4588,local_private_WBM_raw_structure_cache_not_distributed
wbm-1-49939,S12 Y4 Yb4,3|S-Y,False,-5.743741607666015,scored,,4589,local_private_WBM_raw_structure_cache_not_distributed
wbm-1-49953,S12 Yb4 Zr4,3|S-Yb,False,-6.255190658569336,scored,,4590,local_private_WBM_raw_structure_cache_not_distributed
wbm-1-49970,Ba2 Pu1 S4,3|Ba-Pu,False,-6.761869158063616,scored,,4591,local_private_WBM_raw_structure_cache_not_distributed
wbm-1-49995,Cd1 S4 Sn1 Tl2,4|Cd-S,False,-3.720740556716919,scored,,4592,local_private_WBM_raw_structure_cache_not_distributed
wbm-1-50087,I2 S8 Ta2,3|I-S,True,-5.540433247884114,scored,,4593,local_private_WBM_raw_structure_cache_not_distributed
wbm-1-50173,Hg1 S4 Sn1 Tl2,4|Hg-S,False,-3.5169453620910645,scored,,4594,local_private_WBM_raw_structure_cache_not_distributed
wbm-1-50179,Ag2 S4 Sn1 Sr1,4|Ag-S,True,-4.203071594238281,scored,,4595,local_private_WBM_raw_structure_cache_not_distributed
wbm-1-50245,Rb2 S5,2|Rb-S,False,-3.736941473824637,scored,,4596,local_private_WBM_raw_structure_cache_not_distributed
wbm-1-50252,As2 Rb2 S6 Sn1,4|As-Rb,True,-4.24631084095348,scored,,4597,local_private_WBM_raw_structure_cache_not_distributed
wbm-1-50255,As2 Pb2 S6 Sn1,4|As-Pb,False,-4.444731972434304,scored,,4598,local_private_WBM_raw_structure_cache_not_distributed
wbm-1-50270,As2 Ge1 S6 Tl2,4|As-Ge,False,-4.195164767178622,scored,,4599,local_private_WBM_raw_structure_cache_not_distributed
wbm-1-50274,K2 S6 Sb2 Sn1,4|K-S,False,-4.197886380282315,scored,,4600,local_private_WBM_raw_structure_cache_not_distributed
wbm-1-50287,S6 Sb2 Sn1 Tl2,4|S-Sb,False,-4.131378520618785,scored,,4601,local_private_WBM_raw_structure_cache_not_distributed
wbm-1-50406,Br4 S2,2|Br-S,False,-2.2634286880493164,scored,,4602,local_private_WBM_raw_structure_cache_not_distributed
wbm-1-50412,Br8 S2 W2,3|Br-S,False,-4.408676783243815,scored,,4603,local_private_WBM_raw_structure_cache_not_distributed
wbm-1-50439,Cd6 S2,2|Cd-S,False,-1.7622239589691162,scored,,4604,local_private_WBM_raw_structure_cache_not_distributed
wbm-1-50460,Cl6 S2,2|Cl-S,False,-2.1118242740631104,scored,,4605,local_private_WBM_raw_structure_cache_not_distributed
wbm-1-50527,Cs4 S4,2|Cs-S,False,-3.098745107650757,scored,,4606,local_private_WBM_raw_structure_cache_not_distributed
wbm-1-50630,Hg6 S2,2|Hg-S,False,-1.0476102828979492,scored,,4607,local_private_WBM_raw_structure_cache_not_distributed
wbm-1-50632,Au4 Hg2 I4 S2,4|Au-Hg,False,-2.3834996223449707,scored,,4608,local_private_WBM_raw_structure_cache_not_distributed
wbm-1-50634,I4 S2,2|I-S,True,-2.191337744394938,scored,,4609,local_private_WBM_raw_structure_cache_not_distributed
wbm-1-50673,K8 S4,2|K-S,False,-3.1363964080810547,scored,,4610,local_private_WBM_raw_structure_cache_not_distributed
wbm-1-50718,Mo2 S2 Te2,3|Mo-S,False,-6.535139719645183,scored,,4611,local_private_WBM_raw_structure_cache_not_distributed
wbm-1-50786,Cs4 Rb4 S4,3|Cs-Rb,False,-2.9436060587565103,scored,,4612,local_private_WBM_raw_structure_cache_not_distributed
wbm-1-50830,Re4 S4 Se4,3|Re-S,False,-7.201346715291341,scored,,4613,local_private_WBM_raw_structure_cache_not_distributed
wbm-1-50831,S2 Se2 W2,3|S-Se,False,-7.542919794718425,scored,,4614,local_private_WBM_raw_structure_cache_not_distributed
wbm-1-50855,S1 Te2 Tl1,3|S-Te,False,-2.7599802017211914,scored,,4615,local_private_WBM_raw_structure_cache_not_distributed
wbm-1-50856,S1 Te3,2|S-Te,False,-3.1536433696746826,scored,,4616,local_private_WBM_raw_structure_cache_not_distributed
wbm-1-50916,Au6 Sb4,2|Au-Sb,False,-3.6524803161621096,scored,,4617,local_private_WBM_raw_structure_cache_not_distributed
wbm-1-50917,Au2 Sb4 Th2,3|Au-Sb,True,-5.391384601593018,scored,,4618,local_private_WBM_raw_structure_cache_not_distributed
wbm-1-50931,Ce2 Sb4,2|Ce-Sb,True,-5.495747884114583,scored,,4619,local_private_WBM_raw_structure_cache_not_distributed
wbm-1-50933,Cs2 Sb4,2|Cs-Sb,False,-3.262425104777018,scored,,4620,local_private_WBM_raw_structure_cache_not_distributed
wbm-1-50935,Dy2 Sb4,2|Dy-Sb,False,-5.004994710286458,scored,,4621,local_private_WBM_raw_structure_cache_not_distributed
wbm-1-50937,Er2 Sb4,2|Er-Sb,False,-4.941278457641602,scored,,4622,local_private_WBM_raw_structure_cache_not_distributed
wbm-1-50940,Hf2 Sb4,2|Hf-Sb,False,-6.500084559122722,scored,,4623,local_private_WBM_raw_structure_cache_not_distributed
wbm-1-50944,Ho2 Sb4,2|Ho-Sb,False,-4.9621890385945635,scored,,4624,local_private_WBM_raw_structure_cache_not_distributed
wbm-1-50945,Ir6 Sb4,2|Ir-Sb,False,-7.0150611877441404,scored,,4625,local_private_WBM_raw_structure_cache_not_distributed
wbm-1-50951,Lu2 Sb4,2|Lu-Sb,False,-4.892345110575358,scored,,4626,local_private_WBM_raw_structure_cache_not_distributed
wbm-1-50955,Pt1 Sb2 U6,3|Pt-Sb,False,-9.171127319335938,scored,,4627,local_private_WBM_raw_structure_cache_not_distributed
wbm-1-50957,Pt1 Sb2,2|Pt-Sb,False,-5.15419356028239,scored,,4628,local_private_WBM_raw_structure_cache_not_distributed
wbm-1-50959,Pu2 Sb4,2|Pu-Sb,False,-7.934184392293294,scored,,4629,local_private_WBM_raw_structure_cache_not_distributed
wbm-1-50960,Re2 Sb4,2|Re-Sb,False,-6.712685267130534,scored,,4630,local_private_WBM_raw_structure_cache_not_distributed
wbm-1-50963,Sb4 Ta2,2|Sb-Ta,False,-6.641948699951172,scored,,4631,local_private_WBM_raw_structure_cache_not_distributed
wbm-1-50966,Sb4 Tb2,2|Sb-Tb,False,-5.007491747538249,scored,,4632,local_private_WBM_raw_structure_cache_not_distributed
wbm-1-50969,Pb2 Sb2 Te5,3|Pb-Sb,False,-3.6891691419813366,scored,,4633,local_private_WBM_raw_structure_cache_not_distributed
wbm-1-50970,I2 Sb4 Te2,3|I-Sb,False,-3.4042162895202637,scored,,4634,local_private_WBM_raw_structure_cache_not_distributed
wbm-1-50971,Sb2 Tl1,2|Sb-Tl,True,-3.435866038004557,scored,,4635,local_private_WBM_raw_structure_cache_not_distributed
wbm-1-50974,Sb4 Tm2,2|Sb-Tm,False,-4.90755049387614,scored,,4636,local_private_WBM_raw_structure_cache_not_distributed
wbm-1-50977,Ba1 Sb3,2|Ba-Sb,False,-3.9625043869018555,scored,,4637,local_private_WBM_raw_structure_cache_not_distributed
wbm-1-50979,La1 Sb3,2|La-Sb,False,-4.948572635650635,scored,,4638,local_private_WBM_raw_structure_cache_not_distributed
wbm-1-50980,Sb6 W4,2|Sb-W,False,-7.312054443359375,scored,,4639,local_private_WBM_raw_structure_cache_not_distributed
wbm-1-50984,Sb4 Te3,2|Sb-Te,False,-3.7820281982421875,scored,,4640,local_private_WBM_raw_structure_cache_not_distributed
wbm-1-51013,Eu4 Sb2,2|Eu-Sb,False,-9.10575040181478,scored,,4641,local_private_WBM_raw_structure_cache_not_distributed
wbm-1-51028,Hg4 Sb4 Tl4,3|Hg-Sb,True,-2.3125389417012534,scored,,4642,local_private_WBM_raw_structure_cache_not_distributed
wbm-1-51030,I6 Sb2,2|I-Sb,False,-2.5358920097351074,scored,,4643,local_private_WBM_raw_structure_cache_not_distributed
wbm-1-51049,Os8 Sb4,2|Os-Sb,False,-8.140951792399088,scored,,4644,local_private_WBM_raw_structure_cache_not_distributed
wbm-1-51071,Ir1 Sb1 Ta1,3|Ir-Sb,False,-8.608112335205078,scored,,4645,local_private_WBM_raw_structure_cache_not_distributed
wbm-1-51072,Os1 Sb1 Ta1,3|Os-Sb,True,-9.279415130615234,scored,,4646,local_private_WBM_raw_structure_cache_not_distributed
wbm-1-51085,Sb2 Te4 Tl6,3|Sb-Te,False,-2.9327882130940757,scored,,4647,local_private_WBM_raw_structure_cache_not_distributed
wbm-1-51088,Dy2 Sb2 Te2,3|Dy-Sb,True,-5.0645144780476885,scored,,4648,local_private_WBM_raw_structure_cache_not_distributed
wbm-1-51089,Er2 Sb2 Te2,3|Er-Sb,True,-4.991868336995442,scored,,4649,local_private_WBM_raw_structure_cache_not_distributed
wbm-1-51090,Eu2 Sb2 Te2,3|Eu-Sb,False,-6.832866668701172,scored,,4650,local_private_WBM_raw_structure_cache_not_distributed
wbm-1-51091,Ho2 Sb2 Te2,3|Ho-Sb,True,-5.021311124165853,scored,,4651,local_private_WBM_raw_structure_cache_not_distributed
wbm-1-51096,Lu2 Sb2 Te2,3|Lu-Sb,True,-4.909201622009277,scored,,4652,local_private_WBM_raw_structure_cache_not_distributed
wbm-1-51099,Sb2 Tb2 Te2,3|Sb-Tb,True,-5.0857194264729815,scored,,4653,local_private_WBM_raw_structure_cache_not_distributed
wbm-1-51102,Sb6 Th6,2|Sb-Th,False,-6.573098500569661,scored,,4654,local_private_WBM_raw_structure_cache_not_distributed
wbm-1-51110,Sb2 U4,2|Sb-U,False,-8.965934753417969,scored,,4655,local_private_WBM_raw_structure_cache_not_distributed
wbm-1-51115,Sb2 Yb4,2|Sb-Yb,False,-3.2915941874186196,scored,,4656,local_private_WBM_raw_structure_cache_not_distributed
wbm-1-51122,Ag1 Sc2 Sn1,3|Ag-Sc,False,-5.423889636993408,scored,,4657,local_private_WBM_raw_structure_cache_not_distributed
wbm-1-51123,Ag1 Sc2,2|Ag-Sc,False,-5.374886830647786,scored,,4658,local_private_WBM_raw_structure_cache_not_distributed
wbm-1-51125,Au1 Sc2 Tl1,3|Au-Sc,True,-5.076258182525635,scored,,4659,local_private_WBM_raw_structure_cache_not_distributed
wbm-1-51126,Au1 Sc2,2|Au-Sc,False,-5.887345631917317,scored,,4660,local_private_WBM_raw_structure_cache_not_distributed
wbm-1-51131,Cd1 Re1 Sc2,3|Cd-Re,False,-6.6028618812561035,scored,,4661,local_private_WBM_raw_structure_cache_not_distributed
wbm-1-51132,Cd1 Sc2 Sn1,3|Cd-Sc,False,-4.915642738342285,scored,,4662,local_private_WBM_raw_structure_cache_not_distributed
wbm-1-51133,Cd1 Sc2,2|Cd-Sc,False,-4.701117197672526,scored,,4663,local_private_WBM_raw_structure_cache_not_distributed
wbm-1-51135,Co4 Sc4 Sn2,3|Co-Sc,False,-6.613764953613281,scored,,4664,local_private_WBM_raw_structure_cache_not_distributed
wbm-1-51150,Co4 Sc8,2|Co-Sc,False,-6.862824122111003,scored,,4665,local_private_WBM_raw_structure_cache_not_distributed
wbm-1-51161,Cr1 Sc2 Zn1,3|Cr-Sc,False,-5.954470157623291,scored,,4666,local_private_WBM_raw_structure_cache_not_distributed
wbm-1-51163,Cu4 Sc4 Sn2,3|Cu-Sc,False,-5.407377624511719,scored,,4667,local_private_WBM_raw_structure_cache_not_distributed
wbm-1-51176,Cu1 Sc2,2|Cu-Sc,False,-5.784049352010091,scored,,4668,local_private_WBM_raw_structure_cache_not_distributed
wbm-1-51180,Fe4 Sc4 Sn2,3|Fe-Sc,False,-7.002238464355469,scored,,4669,local_private_WBM_raw_structure_cache_not_distributed
wbm-1-51199,Fe2 Sc4,2|Fe-Sc,False,-7.173540115356445,scored,,4670,local_private_WBM_raw_structure_cache_not_distributed
wbm-1-51205,Ga6 Sc4,2|Ga-Sc,False,-4.9460304260253904,scored,,4671,local_private_WBM_raw_structure_cache_not_distributed
wbm-1-51207,Ga4 Sc2 Y1,3|Ga-Sc,False,-5.079774584089007,scored,,4672,local_private_WBM_raw_structure_cache_not_distributed
wbm-1-51221,Ge2 Sc4,2|Ge-Sc,False,-6.457115173339844,scored,,4673,local_private_WBM_raw_structure_cache_not_distributed
wbm-1-51222,Hg1 Sc2,2|Hg-Sc,False,-4.6159664789835615,scored,,4674,local_private_WBM_raw_structure_cache_not_distributed
wbm-1-51227,Ir1 Pt1 Sc2,3|Ir-Pt,False,-8.023467063903809,scored,,4675,local_private_WBM_raw_structure_cache_not_distributed
wbm-1-51228,Ir4 Sc8,2|Ir-Sc,False,-7.981137593587239,scored,,4676,local_private_WBM_raw_structure_cache_not_distributed
wbm-1-51230,Mn4 Sc4 Sn2,3|Mn-Sc,False,-7.172740936279297,scored,,4677,local_private_WBM_raw_structure_cache_not_distributed
wbm-1-51249,Mn2 Sc4,2|Mn-Sc,False,-7.222696940104167,scored,,4678,local_private_WBM_raw_structure_cache_not_distributed
wbm-1-51258,Ni2 Sc2 Sn1,3|Ni-Sc,False,-6.2537487030029295,scored,,4679,local_private_WBM_raw_structure_cache_not_distributed
wbm-1-51275,Ni2 Sc4,2|Ni-Sc,False,-6.526821136474609,scored,,4680,local_private_WBM_raw_structure_cache_not_distributed
wbm-1-51278,Hg1 Os1 Sc2,3|Hg-Os,False,-6.41468620300293,scored,,4681,local_private_WBM_raw_structure_cache_not_distributed
wbm-1-51279,Os1 Sc2 Tl1,3|Os-Sc,False,-6.839534759521484,scored,,4682,local_private_WBM_raw_structure_cache_not_distributed
wbm-1-51282,Pd4 Sc4 Sn2,3|Pd-Sc,True,-6.287464141845703,scored,,4683,local_private_WBM_raw_structure_cache_not_distributed
wbm-1-51283,Pd6 Sc4,2|Pd-Sc,False,-6.5499320983886715,scored,,4684,local_private_WBM_raw_structure_cache_not_distributed
wbm-1-51290,Pt1 Sc2 Tl1,3|Pt-Sc,False,-5.983098983764648,scored,,4685,local_private_WBM_raw_structure_cache_not_distributed
wbm-1-51292,Rb1 Sc2 Tc1,3|Rb-Sc,False,-5.221325874328613,scored,,4686,local_private_WBM_raw_structure_cache_not_distributed
wbm-1-51293,Au1 Re1 Sc2,3|Au-Re,False,-7.502434253692627,scored,,4687,local_private_WBM_raw_structure_cache_not_distributed
wbm-1-51294,Hg1 Re1 Sc2,3|Hg-Re,False,-6.441074371337891,scored,,4688,local_private_WBM_raw_structure_cache_not_distributed
wbm-1-51297,Pt1 Re1 Sc2,3|Pt-Re,False,-8.363240242004395,scored,,4689,local_private_WBM_raw_structure_cache_not_distributed
wbm-1-51298,Re1 Sc2 Tl1,3|Re-Sc,False,-6.915445804595947,scored,,4690,local_private_WBM_raw_structure_cache_not_distributed
wbm-1-51299,Re1 Sc2,2|Re-Sc,False,-8.323989868164062,scored,,4691,local_private_WBM_raw_structure_cache_not_distributed
wbm-1-51301,Rh4 Sc4 Sn2,3|Rh-Sc,False,-7.164540100097656,scored,,4692,local_private_WBM_raw_structure_cache_not_distributed
wbm-1-51308,Rh1 Sc2,2|Rh-Sc,False,-7.416924158732097,scored,,4693,local_private_WBM_raw_structure_cache_not_distributed
wbm-1-51311,Hg1 Ru1 Sc2,3|Hg-Ru,False,-6.011180877685547,scored,,4694,local_private_WBM_raw_structure_cache_not_distributed
wbm-1-51317,Re1 Ru1 Sc2,3|Re-Ru,False,-8.844544410705566,scored,,4695,local_private_WBM_raw_structure_cache_not_distributed
wbm-1-51318,Ru1 Sc2 Sn1,3|Ru-Sc,False,-7.034119606018066,scored,,4696,local_private_WBM_raw_structure_cache_not_distributed
wbm-1-51320,Ru2 Sc4,2|Ru-Sc,True,-7.804887135823567,scored,,4697,local_private_WBM_raw_structure_cache_not_distributed
wbm-1-51322,Sb2 Sc4,2|Sb-Sc,False,-6.360980987548828,scored,,4698,local_private_WBM_raw_structure_cache_not_distributed
wbm-1-51323,Sc4 Se6,2|Sc-Se,False,-6.333533477783203,scored,,4699,local_private_WBM_raw_structure_cache_not_distributed
wbm-1-51324,Ir1 Sc2 Sn1,3|Ir-Sc,False,-7.147526741027832,scored,,4700,local_private_WBM_raw_structure_cache_not_distributed
wbm-1-51328,Sc4 Sn2,2|Sc-Sn,False,-6.203715642293294,scored,,4701,local_private_WBM_raw_structure_cache_not_distributed
wbm-1-51329,Cs1 Sc2 Tc1,3|Cs-Sc,False,-5.23521614074707,scored,,4702,local_private_WBM_raw_structure_cache_not_distributed
wbm-1-51330,In1 Sc2 Tc1,3|In-Sc,False,-6.727426528930664,scored,,4703,local_private_WBM_raw_structure_cache_not_distributed
wbm-1-51333,Pb1 Sc2 Tc1,3|Pb-Sc,False,-6.892623424530029,scored,,4704,local_private_WBM_raw_structure_cache_not_distributed
wbm-1-51336,Sc2 Sn1 Tc1,3|Sc-Sn,False,-7.192503929138184,scored,,4705,local_private_WBM_raw_structure_cache_not_distributed
wbm-1-51337,Sc8 Te4,2|Sc-Te,False,-6.0818634033203125,scored,,4706,local_private_WBM_raw_structure_cache_not_distributed
wbm-1-51345,Sc2 Ti1 Tl1,3|Sc-Ti,False,-5.716920852661133,scored,,4707,local_private_WBM_raw_structure_cache_not_distributed
wbm-1-51346,Sc2 Tl1,2|Sc-Tl,True,-5.229570706685384,scored,,4708,local_private_WBM_raw_structure_cache_not_distributed
wbm-1-51353,Ge1 Sc2 Zn1,3|Ge-Sc,False,-5.281259536743164,scored,,4709,local_private_WBM_raw_structure_cache_not_distributed
wbm-1-51360,Sc2 Zn1,2|Sc-Zn,False,-4.876424789428711,scored,,4710,local_private_WBM_raw_structure_cache_not_distributed
wbm-1-51362,Sc2 Zr1,2|Sc-Zr,False,-7.094216028849284,scored,,4711,local_private_WBM_raw_structure_cache_not_distributed
wbm-1-51363,As2 Sc6,2|As-Sc,False,-6.397607326507568,scored,,4712,local_private_WBM_raw_structure_cache_not_distributed
wbm-1-51365,Bi1 Sc3,2|Bi-Sc,False,-6.013441562652588,scored,,4713,local_private_WBM_raw_structure_cache_not_distributed
wbm-1-51386,La2 Sc6,2|La-Sc,False,-5.911079406738281,scored,,4714,local_private_WBM_raw_structure_cache_not_distributed
wbm-1-51391,Nb1 Sc3,2|Nb-Sc,False,-7.161020755767822,scored,,4715,local_private_WBM_raw_structure_cache_not_distributed
wbm-1-51395,Pb2 Sc6,2|Pb-Sc,False,-6.0239763259887695,scored,,4716,local_private_WBM_raw_structure_cache_not_distributed
wbm-1-51397,Pt2 Sc6,2|Pt-Sc,False,-6.867676734924316,scored,,4717,local_private_WBM_raw_structure_cache_not_distributed
wbm-1-51407,Sc3 Sr1,2|Sc-Sr,False,-4.848482131958008,scored,,4718,local_private_WBM_raw_structure_cache_not_distributed
wbm-1-51415,As1 Sc4 Se3,3|As-Sc,True,-6.639435768127441,scored,,4719,local_private_WBM_raw_structure_cache_not_distributed
wbm-1-51439,Sc6 Te2 Zn1,3|Sc-Te,False,-5.745150248209636,scored,,4720,local_private_WBM_raw_structure_cache_not_distributed
wbm-1-51481,Br6 Sc2,2|Br-Sc,True,-4.550230026245117,scored,,4721,local_private_WBM_raw_structure_cache_not_distributed
wbm-1-51502,Ce5 Sc1,2|Ce-Sc,False,-5.911612192789714,scored,,4722,local_private_WBM_raw_structure_cache_not_distributed
wbm-1-51559,Cr8 Sc4,2|Cr-Sc,False,-8.440368016560873,scored,,4723,local_private_WBM_raw_structure_cache_not_distributed
wbm-1-51609,Cu2 Sc2 Se6 Tl2,4|Cu-Sc,False,-4.773141225179036,scored,,4724,local_private_WBM_raw_structure_cache_not_distributed
wbm-1-51618,Dy5 Sc1,2|Dy-Sc,False,-4.873130480448405,scored,,4725,local_private_WBM_raw_structure_cache_not_distributed
wbm-1-51621,Er5 Sc1,2|Er-Sc,False,-4.846896807352702,scored,,4726,local_private_WBM_raw_structure_cache_not_distributed
wbm-1-51720,Gd5 Sc1,2|Gd-Sc,False,-12.769137064615885,scored,,4727,local_private_WBM_raw_structure_cache_not_distributed
wbm-1-51764,Hg2 Sc1 Tl1,3|Hg-Sc,False,-2.4834647178649902,scored,,4728,local_private_WBM_raw_structure_cache_not_distributed
wbm-1-51769,Ho5 Sc1,2|Ho-Sc,False,-4.852807362874349,scored,,4729,local_private_WBM_raw_structure_cache_not_distributed
wbm-1-51771,Ho1 Os2 Sc1,3|Ho-Os,False,-8.560444831848145,scored,,4730,local_private_WBM_raw_structure_cache_not_distributed
wbm-1-51772,I8 Sc4,2|I-Sc,False,-4.245285669962565,scored,,4731,local_private_WBM_raw_structure_cache_not_distributed
wbm-1-51779,In8 Sc4,2|In-Sc,False,-4.256320317586263,scored,,4732,local_private_WBM_raw_structure_cache_not_distributed
wbm-1-51812,Lu5 Sc1,2|Lu-Sc,False,-4.831046104431152,scored,,4733,local_private_WBM_raw_structure_cache_not_distributed
wbm-1-51861,Mo4 Sc2,2|Mo-Sc,True,-9.348936716715494,scored,,4734,local_private_WBM_raw_structure_cache_not_distributed
wbm-1-51865,Mo1 Ru2 Sc1,3|Mo-Ru,False,-9.325631141662598,scored,,4735,local_private_WBM_raw_structure_cache_not_distributed
wbm-1-51945,Os4 Sc2,2|Os-Sc,False,-9.933683395385742,scored,,4736,local_private_WBM_raw_structure_cache_not_distributed
wbm-1-51995,Pu5 Sc1,2|Pu-Sc,False,-12.552384694417318,scored,,4737,local_private_WBM_raw_structure_cache_not_distributed
wbm-1-52073,Sc1 Se2 Sn1,3|Sc-Se,False,-5.388351917266846,scored,,4738,local_private_WBM_raw_structure_cache_not_distributed
wbm-1-52078,Ba1 Sc1 Se3,3|Ba-Sc,False,-5.3476203918457035,scored,,4739,local_private_WBM_raw_structure_cache_not_distributed
wbm-1-52103,Sb4 Sc4 Sn4,3|Sb-Sc,False,-5.265032132466634,scored,,4740,local_private_WBM_raw_structure_cache_not_distributed
wbm-1-52109,Sc1 Sr1 Tl2,3|Sc-Sr,False,-3.4660611152648926,scored,,4741,local_private_WBM_raw_structure_cache_not_distributed
wbm-1-52110,Sc1 Ta5,2|Sc-Ta,False,-10.851634979248047,scored,,4742,local_private_WBM_raw_structure_cache_not_distributed
wbm-1-52113,Sc1 Tb5,2|Sc-Tb,False,-4.889671007792155,scored,,4743,local_private_WBM_raw_structure_cache_not_distributed
wbm-1-52118,Sc1 Tc1,2|Sc-Tc,False,-8.467247009277344,scored,,4744,local_private_WBM_raw_structure_cache_not_distributed
wbm-1-52131,Sc1 Th5,2|Sc-Th,False,-7.242726643880208,scored,,4745,local_private_WBM_raw_structure_cache_not_distributed
wbm-1-52134,Mo1 Sc1 Ti2,3|Mo-Sc,False,-8.23165225982666,scored,,4746,local_private_WBM_raw_structure_cache_not_distributed
wbm-1-52135,Nb1 Sc1 Ti2,3|Nb-Sc,False,-7.917365550994873,scored,,4747,local_private_WBM_raw_structure_cache_not_distributed
wbm-1-52138,Sc1 Ta1 Ti2,3|Sc-Ta,False,-8.315313339233398,scored,,4748,local_private_WBM_raw_structure_cache_not_distributed
wbm-1-52140,Sc1 Ti2,2|Sc-Ti,False,-7.177010218302409,scored,,4749,local_private_WBM_raw_structure_cache_not_distributed
wbm-1-52155,Sc1 Tc2 Ti1,3|Sc-Tc,False,-9.031013488769531,scored,,4750,local_private_WBM_raw_structure_cache_not_distributed
wbm-1-52159,Sc1 Tm5,2|Sc-Tm,False,-4.766057968139648,scored,,4751,local_private_WBM_raw_structure_cache_not_distributed
wbm-1-52161,Sc1 U5,2|Sc-U,False,-10.282044728597006,scored,,4752,local_private_WBM_raw_structure_cache_not_distributed
wbm-1-52165,Sc2 V4,2|Sc-V,False,-8.03067398071289,scored,,4753,local_private_WBM_raw_structure_cache_not_distributed
wbm-1-52180,Sc4 W8,2|Sc-W,False,-10.83889134724935,scored,,4754,local_private_WBM_raw_structure_cache_not_distributed
wbm-1-52191,Sc1 Y5,2|Sc-Y,False,-6.422234853108724,scored,,4755,local_private_WBM_raw_structure_cache_not_distributed
wbm-1-52200,Hf1 Sc1 Zn2,3|Hf-Sc,False,-5.002559185028076,scored,,4756,local_private_WBM_raw_structure_cache_not_distributed
wbm-1-52208,Sc1 Zn2 Zr1,3|Sc-Zn,False,-4.68996000289917,scored,,4757,local_private_WBM_raw_structure_cache_not_distributed
wbm-1-52215,Bi1 Sc1 Zn1,3|Bi-Sc,False,-4.075085957845052,scored,,4758,local_private_WBM_raw_structure_cache_not_distributed
wbm-1-52226,Cs2 Sc2 Se6 Zn2,4|Cs-Sc,True,-4.486017227172852,scored,,4759,local_private_WBM_raw_structure_cache_not_distributed
wbm-1-52283,Ag1 Se2 Sm1,3|Ag-Se,False,-4.80486536026001,scored,,4760,local_private_WBM_raw_structure_cache_not_distributed
wbm-1-52301,Au2 Se4 Tl4,3|Au-Se,False,-3.3000240325927734,scored,,4761,local_private_WBM_raw_structure_cache_not_distributed
wbm-1-52302,Au1 Se2,2|Au-Se,True,-3.296504020690918,scored,,4762,local_private_WBM_raw_structure_cache_not_distributed
wbm-1-52308,Ba2 Se4,2|Ba-Se,False,-4.328125953674316,scored,,4763,local_private_WBM_raw_structure_cache_not_distributed
wbm-1-52312,Br4 Se4 Ta2,3|Br-Se,False,-5.1642822265625,scored,,4764,local_private_WBM_raw_structure_cache_not_distributed
wbm-1-52328,Cd1 Se2 Sn1,3|Cd-Se,False,-3.378819227218628,scored,,4765,local_private_WBM_raw_structure_cache_not_distributed
wbm-1-52330,Ce1 Se2,2|Ce-Se,False,-5.84262212117513,scored,,4766,local_private_WBM_raw_structure_cache_not_distributed
wbm-1-52336,Dy4 Se8,2|Dy-Se,True,-5.4304046630859375,scored,,4767,local_private_WBM_raw_structure_cache_not_distributed
wbm-1-52339,Er4 Se8,2|Er-Se,True,-5.37181027730306,scored,,4768,local_private_WBM_raw_structure_cache_not_distributed
wbm-1-52343,Eu4 Se8,2|Eu-Se,False,-7.105668385823567,scored,,4769,local_private_WBM_raw_structure_cache_not_distributed
wbm-1-52345,Gd4 Se8,2|Gd-Se,True,-8.625323613484701,scored,,4770,local_private_WBM_raw_structure_cache_not_distributed
wbm-1-52348,Hf3 Se2,2|Hf-Se,True,-8.359539794921876,scored,,4771,local_private_WBM_raw_structure_cache_not_distributed
wbm-1-52350,Hf1 Se2 Tl1,3|Hf-Se,False,-5.819982528686523,scored,,4772,local_private_WBM_raw_structure_cache_not_distributed
wbm-1-52354,Hg1 Se2 Tl1,3|Hg-Se,False,-2.531022548675537,scored,,4773,local_private_WBM_raw_structure_cache_not_distributed
wbm-1-52355,Ho4 Se8,2|Ho-Se,True,-5.397879918416341,scored,,4774,local_private_WBM_raw_structure_cache_not_distributed
wbm-1-52359,Bi2 Hg2 I2 Se4,4|Bi-Hg,False,-2.8384527206420898,scored,,4775,local_private_WBM_raw_structure_cache_not_distributed
wbm-1-52360,In4 Se4 Te2,3|In-Se,True,-3.5789859771728514,scored,,4776,local_private_WBM_raw_structure_cache_not_distributed
wbm-1-52377,In2 Se4,2|In-Se,False,-3.4556824366251626,scored,,4777,local_private_WBM_raw_structure_cache_not_distributed
wbm-1-52380,Ir2 Se4 Tl4,3|Ir-Se,False,-4.281914520263672,scored,,4778,local_private_WBM_raw_structure_cache_not_distributed
wbm-1-52381,Ir3 Se6,2|Ir-Se,False,-5.605023701985677,scored,,4779,local_private_WBM_raw_structure_cache_not_distributed
wbm-1-52386,La1 Se2 Tl1,3|La-Se,True,-5.0175676345825195,scored,,4780,local_private_WBM_raw_structure_cache_not_distributed
wbm-1-52387,La3 Se6,2|La-Se,False,-5.545661078559028,scored,,4781,local_private_WBM_raw_structure_cache_not_distributed
wbm-1-52388,Lu4 Se8,2|Lu-Se,True,-5.313316663106282,scored,,4782,local_private_WBM_raw_structure_cache_not_distributed
wbm-1-52391,Mo4 Sb2 Se4,3|Mo-Sb,False,-6.900719451904297,scored,,4783,local_private_WBM_raw_structure_cache_not_distributed
wbm-1-52392,Mo4 Se8,2|Mo-Se,False,-6.4661509195963545,scored,,4784,local_private_WBM_raw_structure_cache_not_distributed
wbm-1-52402,Nb2 Se4 Sn2,3|Nb-Se,True,-5.905482292175293,scored,,4785,local_private_WBM_raw_structure_cache_not_distributed
wbm-1-52405,Nb3 Se6,2|Nb-Se,False,-6.488014221191406,scored,,4786,local_private_WBM_raw_structure_cache_not_distributed
wbm-1-52409,Nd3 Se6,2|Nd-Se,False,-5.357004801432292,scored,,4787,local_private_WBM_raw_structure_cache_not_distributed
wbm-1-52410,Np3 Se6,2|Np-Se,False,-7.713462829589844,scored,,4788,local_private_WBM_raw_structure_cache_not_distributed
wbm-1-52412,Pb1 Se2,2|Pb-Se,False,-3.7176942825317383,scored,,4789,local_private_WBM_raw_structure_cache_not_distributed
wbm-1-52413,Pd2 Se2 Tl1,3|Pd-Se,False,-4.244082260131836,scored,,4790,local_private_WBM_raw_structure_cache_not_distributed
wbm-1-52416,Pd3 Se2,2|Pd-Se,True,-4.822597503662109,scored,,4791,local_private_WBM_raw_structure_cache_not_distributed
wbm-1-52428,Pr3 Se6,2|Pr-Se,False,-5.36276372273763,scored,,4792,local_private_WBM_raw_structure_cache_not_distributed
wbm-1-52429,Pt2 Se2 Tl1,3|Pt-Se,False,-4.500855255126953,scored,,4793,local_private_WBM_raw_structure_cache_not_distributed
wbm-1-52431,Pt3 Se2,2|Pt-Se,False,-5.257475662231445,scored,,4794,local_private_WBM_raw_structure_cache_not_distributed
wbm-1-52435,Pu1 Se2,2|Pu-Se,False,-8.209389368693033,scored,,4795,local_private_WBM_raw_structure_cache_not_distributed
wbm-1-52463,Rb2 Se4 Sn2,3|Rb-Se,False,-3.7479703426361084,scored,,4796,local_private_WBM_raw_structure_cache_not_distributed
wbm-1-52472,Re4 Se8,2|Re-Se,False,-6.597710927327474,scored,,4797,local_private_WBM_raw_structure_cache_not_distributed
wbm-1-52473,Rh2 Se2 Tl1,3|Rh-Se,False,-5.179037094116211,scored,,4798,local_private_WBM_raw_structure_cache_not_distributed
wbm-1-52476,Rh3 Se2,2|Rh-Se,False,-6.219438171386718,scored,,4799,local_private_WBM_raw_structure_cache_not_distributed
wbm-1-52485,Ru1 Se2,2|Ru-Se,False,-5.7481740315755205,scored,,4800,local_private_WBM_raw_structure_cache_not_distributed
wbm-1-52489,Sb1 Se2 Tl1,3|Sb-Se,True,-3.7175590991973877,scored,,4801,local_private_WBM_raw_structure_cache_not_distributed
wbm-1-52493,Se8 Sm4,2|Se-Sm,True,-5.505562464396159,scored,,4802,local_private_WBM_raw_structure_cache_not_distributed
wbm-1-52495,Se4 Sn4 Te2,3|Se-Sn,False,-3.831734848022461,scored,,4803,local_private_WBM_raw_structure_cache_not_distributed
wbm-1-52496,Ba4 Se8 Sn4,3|Ba-Se,True,-4.472929954528809,scored,,4804,local_private_WBM_raw_structure_cache_not_distributed
wbm-1-52497,Bi1 Se2 Sn1,3|Bi-Se,False,-4.032218933105469,scored,,4805,local_private_WBM_raw_structure_cache_not_distributed
wbm-1-52498,Cs2 Se4 Sn2,3|Cs-Se,False,-3.7357594966888428,scored,,4806,local_private_WBM_raw_structure_cache_not_distributed
wbm-1-52505,Se4 Sn2,2|Se-Sn,False,-3.93562380472819,scored,,4807,local_private_WBM_raw_structure_cache_not_distributed
wbm-1-52509,Se4 Sr2,2|Se-Sr,True,-4.233593940734863,scored,,4808,local_private_WBM_raw_structure_cache_not_distributed
wbm-1-52513,Pb2 Se4 Ta2,3|Pb-Se,True,-6.252053260803223,scored,,4809,local_private_WBM_raw_structure_cache_not_distributed
wbm-1-52514,Se2 Ta1 Tl1,3|Se-Ta,True,-5.925609111785889,scored,,4810,local_private_WBM_raw_structure_cache_not_distributed
wbm-1-52515,Se6 Ta3,2|Se-Ta,False,-7.067536248101129,scored,,4811,local_private_WBM_raw_structure_cache_not_distributed
wbm-1-52518,Se8 Tb4,2|Se-Tb,True,-5.441641489664714,scored,,4812,local_private_WBM_raw_structure_cache_not_distributed
wbm-1-52523,Se4 Th2,2|Se-Th,False,-6.424998601277669,scored,,4813,local_private_WBM_raw_structure_cache_not_distributed
wbm-1-52530,Pu1 Se2 Tl1,3|Pu-Se,True,-6.986476898193359,scored,,4814,local_private_WBM_raw_structure_cache_not_distributed
wbm-1-52531,Se2 Th1 Tl1,3|Se-Th,False,-5.488757610321045,scored,,4815,local_private_WBM_raw_structure_cache_not_distributed
wbm-1-52532,Se2 Tl1 U1,3|Se-Tl,True,-6.0689897537231445,scored,,4816,local_private_WBM_raw_structure_cache_not_distributed
wbm-1-52535,Se8 Tm4,2|Se-Tm,True,-5.318965911865234,scored,,4817,local_private_WBM_raw_structure_cache_not_distributed
wbm-1-52538,Se4 U2,2|Se-U,False,-7.1232115427653,scored,,4818,local_private_WBM_raw_structure_cache_not_distributed
wbm-1-52544,Se2 W1,2|Se-W,False,-7.213449478149414,scored,,4819,local_private_WBM_raw_structure_cache_not_distributed
wbm-1-52551,Se8 Yb4,2|Se-Yb,False,-4.043076515197754,scored,,4820,local_private_WBM_raw_structure_cache_not_distributed
wbm-1-52555,Se8 Y4,2|Se-Y,True,-6.04667854309082,scored,,4821,local_private_WBM_raw_structure_cache_not_distributed
wbm-1-52564,Se8 Zr4,2|Se-Zr,False,-6.471157073974609,scored,,4822,local_private_WBM_raw_structure_cache_not_distributed
wbm-1-52591,Ag1 Se3,2|Ag-Se,True,-3.2122621536254883,scored,,4823,local_private_WBM_raw_structure_cache_not_distributed
wbm-1-52602,Bi2 Se6,2|Bi-Se,False,-3.695849657058716,scored,,4824,local_private_WBM_raw_structure_cache_not_distributed
wbm-1-52630,Cs2 Ir4 Se6,3|Cs-Ir,False,-5.036667505900065,scored,,4825,local_private_WBM_raw_structure_cache_not_distributed
wbm-1-52687,Pm2 Se6,2|Pm-Se,False,-4.685307502746582,scored,,4826,local_private_WBM_raw_structure_cache_not_distributed
wbm-1-52696,Pb2 Rb4 Se6,3|Pb-Rb,False,-3.3585421244303384,scored,,4827,local_private_WBM_raw_structure_cache_not_distributed
wbm-1-52703,Hg2 La2 Rb2 Se6,4|Hg-La,True,-4.061062494913737,scored,,4828,local_private_WBM_raw_structure_cache_not_distributed
wbm-1-52713,Hg2 Rb2 Se6 Y2,4|Hg-Rb,True,-4.257102330525716,scored,,4829,local_private_WBM_raw_structure_cache_not_distributed
wbm-1-52720,Ru4 Se6 Tl2,3|Ru-Se,False,-5.341084162394206,scored,,4830,local_private_WBM_raw_structure_cache_not_distributed
wbm-1-52721,Sb2 Se3,2|Sb-Se,False,-4.003656005859375,scored,,4831,local_private_WBM_raw_structure_cache_not_distributed
wbm-1-52725,Ba8 Sb8 Se24,3|Ba-Sb,False,-4.289142990112305,scored,,4832,local_private_WBM_raw_structure_cache_not_distributed
wbm-1-52738,Ce4 Se12 Sr4,3|Ce-Se,False,-5.410882949829102,scored,,4833,local_private_WBM_raw_structure_cache_not_distributed
wbm-1-52739,Se12 Sr4 Ta4,3|Se-Sr,False,-6.032386016845703,scored,,4834,local_private_WBM_raw_structure_cache_not_distributed
wbm-1-52743,Ag2 Se6 Sr2 Y2,4|Ag-Se,True,-5.090719540913899,scored,,4835,local_private_WBM_raw_structure_cache_not_distributed
wbm-1-52755,Se3 Tl2,2|Se-Tl,False,-3.2373882293701173,scored,,4836,local_private_WBM_raw_structure_cache_not_distributed
wbm-1-52793,Cd1 Se4 Sn1 Tl2,4|Cd-Se,False,-3.406606912612915,scored,,4837,local_private_WBM_raw_structure_cache_not_distributed
wbm-1-52802,Hg2 Pb1 Se4,3|Hg-Pb,False,-2.7393482753208707,scored,,4838,local_private_WBM_raw_structure_cache_not_distributed
wbm-1-52812,I2 Se8 Ta2,3|I-Se,False,-5.065592447916667,scored,,4839,local_private_WBM_raw_structure_cache_not_distributed
wbm-1-52846,Dy1 Se4 Te1,3|Dy-Se,False,-4.26353391011556,scored,,4840,local_private_WBM_raw_structure_cache_not_distributed
wbm-1-52847,Er1 Se4 Te1,3|Er-Se,False,-4.258445103963216,scored,,4841,local_private_WBM_raw_structure_cache_not_distributed
wbm-1-52848,Gd1 Se4 Te1,3|Gd-Se,False,-5.847633997599284,scored,,4842,local_private_WBM_raw_structure_cache_not_distributed
wbm-1-52849,Ho1 Se4 Te1,3|Ho-Se,False,-4.257693608601888,scored,,4843,local_private_WBM_raw_structure_cache_not_distributed
wbm-1-52850,Lu1 Se4 Te1,3|Lu-Se,False,-4.2505238850911455,scored,,4844,local_private_WBM_raw_structure_cache_not_distributed
wbm-1-52853,Se4 Tb1 Te1,3|Se-Tb,False,-4.2602542241414385,scored,,4845,local_private_WBM_raw_structure_cache_not_distributed
wbm-1-52854,Se4 Te1 Th1,3|Se-Te,False,-4.897891362508138,scored,,4846,local_private_WBM_raw_structure_cache_not_distributed
wbm-1-52867,Rb2 Se5,2|Rb-Se,True,-3.3499976566859653,scored,,4847,local_private_WBM_raw_structure_cache_not_distributed
wbm-1-52887,Os3 Se8,2|Os-Se,True,-5.783213181929155,scored,,4848,local_private_WBM_raw_structure_cache_not_distributed
wbm-1-52939,Br6 Se2,2|Br-Se,False,-2.007932186126709,scored,,4849,local_private_WBM_raw_structure_cache_not_distributed
wbm-1-52955,Cd6 Se2,2|Cd-Se,False,-1.5990651845932007,scored,,4850,local_private_WBM_raw_structure_cache_not_distributed
wbm-1-52963,Cs4 Se4,2|Cs-Se,False,-2.668375015258789,scored,,4851,local_private_WBM_raw_structure_cache_not_distributed
wbm-1-52973,Hg6 Se2,2|Hg-Se,False,-0.9886347651481628,scored,,4852,local_private_WBM_raw_structure_cache_not_distributed
wbm-1-52981,I6 Se2,2|I-Se,False,-1.7443945407867432,scored,,4853,local_private_WBM_raw_structure_cache_not_distributed
wbm-1-53091,La2 Sb2 Se2,3|La-Sb,True,-5.7057844797770185,scored,,4854,local_private_WBM_raw_structure_cache_not_distributed
wbm-1-53110,Eu2 Se2 Te4,3|Eu-Se,True,-5.984062194824219,scored,,4855,local_private_WBM_raw_structure_cache_not_distributed
wbm-1-53114,Se2 Sm2 Te4,3|Se-Sm,True,-4.741535186767578,scored,,4856,local_private_WBM_raw_structure_cache_not_distributed
wbm-1-53121,Se1 Te3,2|Se-Te,False,-3.0882623195648193,scored,,4857,local_private_WBM_raw_structure_cache_not_distributed
wbm-1-53122,Re4 Se4 Te4,3|Re-Se,False,-6.650073369344075,scored,,4858,local_private_WBM_raw_structure_cache_not_distributed
wbm-1-53153,Ag2 Si2 Th1,3|Ag-Si,True,-5.2285816192626955,scored,,4859,local_private_WBM_raw_structure_cache_not_distributed
wbm-1-53170,As2 Si2 Sr1,3|As-Si,False,-4.6686748504638675,scored,,4860,local_private_WBM_raw_structure_cache_not_distributed
wbm-1-53174,Ba2 Si4,2|Ba-Si,False,-4.5727488199869795,scored,,4861,local_private_WBM_raw_structure_cache_not_distributed
wbm-1-53205,Ca1 Re4 Si2,3|Ca-Re,True,-9.274907793317523,scored,,4862,local_private_WBM_raw_structure_cache_not_distributed
wbm-1-53213,Ca2 Si4,2|Ca-Si,False,-4.641539891560872,scored,,4863,local_private_WBM_raw_structure_cache_not_distributed
wbm-1-53228,Ce1 Si2 W4,3|Ce-Si,False,-9.980298723493304,scored,,4864,local_private_WBM_raw_structure_cache_not_distributed
wbm-1-53229,Ce1 Si2,2|Ce-Si,False,-6.253308614095052,scored,,4865,local_private_WBM_raw_structure_cache_not_distributed
wbm-1-53240,Co2 Si2 Ta1,3|Co-Si,False,-7.889524841308594,scored,,4866,local_private_WBM_raw_structure_cache_not_distributed
wbm-1-53260,Co2 Np2 Si4,3|Co-Np,True,-8.098101615905762,scored,,4867,local_private_WBM_raw_structure_cache_not_distributed
wbm-1-53276,Co1 Si2,2|Co-Si,False,-6.306982676188151,scored,,4868,local_private_WBM_raw_structure_cache_not_distributed
wbm-1-53293,Cr2 Si2 Zr1,3|Cr-Si,False,-8.208816528320312,scored,,4869,local_private_WBM_raw_structure_cache_not_distributed
wbm-1-53306,Cr1 Si2,2|Cr-Si,False,-7.039676666259766,scored,,4870,local_private_WBM_raw_structure_cache_not_distributed
wbm-1-53333,Cu2 Si2 Zr1,3|Cu-Si,True,-6.0192405700683596,scored,,4871,local_private_WBM_raw_structure_cache_not_distributed
wbm-1-53371,Cu1 Si2,2|Cu-Si,False,-4.743113835652669,scored,,4872,local_private_WBM_raw_structure_cache_not_distributed
wbm-1-53376,Dy6 Si4,2|Dy-Si,False,-5.654436874389648,scored,,4873,local_private_WBM_raw_structure_cache_not_distributed
wbm-1-53378,Dy2 Pt2 Si4,3|Dy-Pt,True,-6.359800338745117,scored,,4874,local_private_WBM_raw_structure_cache_not_distributed
wbm-1-53383,Er6 Si4,2|Er-Si,False,-5.623857879638672,scored,,4875,local_private_WBM_raw_structure_cache_not_distributed
wbm-1-53385,Er2 Pt2 Si4,3|Er-Pt,True,-6.327088356018066,scored,,4876,local_private_WBM_raw_structure_cache_not_distributed
wbm-1-53394,Eu1 Re4 Si2,3|Eu-Re,True,-10.466220310756139,scored,,4877,local_private_WBM_raw_structure_cache_not_distributed
wbm-1-53396,Eu1 Si2,2|Eu-Si,False,-7.458670298258464,scored,,4878,local_private_WBM_raw_structure_cache_not_distributed
wbm-1-53405,Fe2 Si2 Sr3,3|Fe-Si,False,-4.774869101388114,scored,,4879,local_private_WBM_raw_structure_cache_not_distributed
wbm-1-53473,Fe1 Si2,2|Fe-Si,False,-6.625657399495442,scored,,4880,local_private_WBM_raw_structure_cache_not_distributed
wbm-1-53491,Ga2 Si2 Sr3,3|Ga-Si,True,-3.6170452662876675,scored,,4881,local_private_WBM_raw_structure_cache_not_distributed
wbm-1-53498,Gd6 Si4,2|Gd-Si,True,-11.331944274902344,scored,,4882,local_private_WBM_raw_structure_cache_not_distributed
wbm-1-53505,Hf3 Si6,2|Hf-Si,False,-7.438326517740886,scored,,4883,local_private_WBM_raw_structure_cache_not_distributed
wbm-1-53508,Ho6 Si4,2|Ho-Si,False,-5.633842849731446,scored,,4884,local_private_WBM_raw_structure_cache_not_distributed
wbm-1-53510,Ho2 Pt2 Si4,3|Ho-Pt,True,-6.337227821350098,scored,,4885,local_private_WBM_raw_structure_cache_not_distributed
wbm-1-53525,Ir2 Si2 Th1,3|Ir-Si,False,-8.272380065917968,scored,,4886,local_private_WBM_raw_structure_cache_not_distributed
wbm-1-53543,La1 Re2 Si2,3|La-Re,False,-8.681299591064453,scored,,4887,local_private_WBM_raw_structure_cache_not_distributed
wbm-1-53545,La2 Si4 W4,3|La-Si,False,-8.600148010253907,scored,,4888,local_private_WBM_raw_structure_cache_not_distributed
wbm-1-53546,La1 Si2,2|La-Si,False,-5.936251958211263,scored,,4889,local_private_WBM_raw_structure_cache_not_distributed
wbm-1-53547,Lu6 Si4,2|Lu-Si,False,-5.604827880859375,scored,,4890,local_private_WBM_raw_structure_cache_not_distributed
wbm-1-53550,Lu2 Pt2 Si4,3|Lu-Pt,False,-6.279250144958496,scored,,4891,local_private_WBM_raw_structure_cache_not_distributed
wbm-1-53562,Mn4 Si4 Y2,3|Mn-Si,False,-7.580467224121094,scored,,4892,local_private_WBM_raw_structure_cache_not_distributed
wbm-1-53568,Mn6 Si4,2|Mn-Si,False,-7.935140228271484,scored,,4893,local_private_WBM_raw_structure_cache_not_distributed
wbm-1-53596,Mo4 Si8,2|Mo-Si,False,-7.6979827880859375,scored,,4894,local_private_WBM_raw_structure_cache_not_distributed
wbm-1-53600,Nb2 Si4,2|Nb-Si,False,-7.486024856567383,scored,,4895,local_private_WBM_raw_structure_cache_not_distributed
wbm-1-53605,Nd2 Re4 Si4,3|Nd-Re,True,-8.62921142578125,scored,,4896,local_private_WBM_raw_structure_cache_not_distributed
wbm-1-53607,Nd1 Si2,2|Nd-Si,False,-5.818891525268555,scored,,4897,local_private_WBM_raw_structure_cache_not_distributed
wbm-1-53613,Ni4 Si4 Sr2,3|Ni-Si,True,-5.377298355102539,scored,,4898,local_private_WBM_raw_structure_cache_not_distributed
wbm-1-53636,Ni1 Si2,2|Ni-Si,False,-5.844460805257161,scored,,4899,local_private_WBM_raw_structure_cache_not_distributed
wbm-1-53645,Ir1 Os1 Si2,3|Ir-Os,False,-8.052287101745605,scored,,4900,local_private_WBM_raw_structure_cache_not_distributed
wbm-1-53656,P3 Si2 Zn1,3|P-Si,False,-4.955181121826172,scored,,4901,local_private_WBM_raw_structure_cache_not_distributed
wbm-1-53668,Pd1 Si2,2|Pd-Si,False,-5.584592183430989,scored,,4902,local_private_WBM_raw_structure_cache_not_distributed
wbm-1-53671,Pr2 Re4 Si4,3|Pr-Re,True,-8.611740112304688,scored,,4903,local_private_WBM_raw_structure_cache_not_distributed
wbm-1-53672,Pr1 Si2,2|Pr-Si,False,-5.82829475402832,scored,,4904,local_private_WBM_raw_structure_cache_not_distributed
wbm-1-53673,Pt6 Si4,2|Pt-Si,False,-6.457020568847656,scored,,4905,local_private_WBM_raw_structure_cache_not_distributed
wbm-1-53675,Np2 Pt2 Si4,3|Np-Pt,False,-7.998910903930664,scored,,4906,local_private_WBM_raw_structure_cache_not_distributed
wbm-1-53677,Pt2 Si4 Th2,3|Pt-Si,True,-7.109244346618652,scored,,4907,local_private_WBM_raw_structure_cache_not_distributed
wbm-1-53682,Pu2 Si4,2|Pu-Si,False,-8.286784489949545,scored,,4908,local_private_WBM_raw_structure_cache_not_distributed
wbm-1-53683,Re4 Si4 Th2,3|Re-Si,True,-9.192407989501953,scored,,4909,local_private_WBM_raw_structure_cache_not_distributed
wbm-1-53685,Np1 Re4 Si2,3|Np-Re,False,-10.68136705671038,scored,,4910,local_private_WBM_raw_structure_cache_not_distributed
wbm-1-53692,Re2 Si4,2|Re-Si,False,-8.03848139444987,scored,,4911,local_private_WBM_raw_structure_cache_not_distributed
wbm-1-53702,Rh3 Si2 Th1,3|Rh-Si,True,-7.755210876464844,scored,,4912,local_private_WBM_raw_structure_cache_not_distributed
wbm-1-53737,Rh1 Si2,2|Rh-Si,False,-6.321577072143555,scored,,4913,local_private_WBM_raw_structure_cache_not_distributed
wbm-1-53765,Ru3 Si2 Tb1,3|Ru-Si,False,-7.875105539957683,scored,,4914,local_private_WBM_raw_structure_cache_not_distributed
wbm-1-53812,Ru2 Si4,2|Ru-Si,False,-7.202461242675781,scored,,4915,local_private_WBM_raw_structure_cache_not_distributed
wbm-1-53816,Sb2 Si2 Te5,3|Sb-Si,False,-3.7998169793023004,scored,,4916,local_private_WBM_raw_structure_cache_not_distributed
wbm-1-53829,Sc4 Si4 Zn2,3|Sc-Si,False,-5.591823959350586,scored,,4917,local_private_WBM_raw_structure_cache_not_distributed
wbm-1-53831,Sc6 Si4,2|Sc-Si,False,-6.712680053710938,scored,,4918,local_private_WBM_raw_structure_cache_not_distributed
wbm-1-53867,Si2 Sm1,2|Si-Sm,False,-5.793758392333984,scored,,4919,local_private_WBM_raw_structure_cache_not_distributed
wbm-1-53868,In2 Si2 Sr3,3|In-Si,False,-3.438205991472517,scored,,4920,local_private_WBM_raw_structure_cache_not_distributed
wbm-1-53871,Cd8 Si16 Sr8,3|Cd-Si,False,-3.619323253631592,scored,,4921,local_private_WBM_raw_structure_cache_not_distributed
wbm-1-53875,Os2 Si2 Sr1,3|Os-Si,True,-7.509030151367187,scored,,4922,local_private_WBM_raw_structure_cache_not_distributed
wbm-1-53885,Si2 Sr1,2|Si-Sr,False,-4.552071253458659,scored,,4923,local_private_WBM_raw_structure_cache_not_distributed
wbm-1-53889,Si4 Ta6,2|Si-Ta,False,-9.900703430175781,scored,,4924,local_private_WBM_raw_structure_cache_not_distributed
wbm-1-53893,Si4 Tb6,2|Si-Tb,False,-5.664618301391601,scored,,4925,local_private_WBM_raw_structure_cache_not_distributed
wbm-1-53901,Pd1 Si2 Tc1,3|Pd-Si,False,-6.974987506866455,scored,,4926,local_private_WBM_raw_structure_cache_not_distributed
wbm-1-53904,Si4 Th2,2|Si-Th,False,-6.596402486165364,scored,,4927,local_private_WBM_raw_structure_cache_not_distributed
wbm-1-53909,Si4 Ti6,2|Si-Ti,False,-7.665452575683593,scored,,4928,local_private_WBM_raw_structure_cache_not_distributed
wbm-1-53928,Si4 Tm6,2|Si-Tm,False,-5.570505523681641,scored,,4929,local_private_WBM_raw_structure_cache_not_distributed
wbm-1-53929,Au2 Si2 Tm1,3|Au-Si,False,-4.872701263427734,scored,,4930,local_private_WBM_raw_structure_cache_not_distributed
wbm-1-53937,Si4 U2,2|Si-U,False,-7.569899876912435,scored,,4931,local_private_WBM_raw_structure_cache_not_distributed
wbm-1-53942,Si4 V6,2|Si-V,False,-8.151551055908204,scored,,4932,local_private_WBM_raw_structure_cache_not_distributed
wbm-1-53965,Si4 Y6,2|Si-Y,False,-6.782235717773437,scored,,4933,local_private_WBM_raw_structure_cache_not_distributed
wbm-1-53975,Si2 Yb1,2|Si-Yb,False,-4.530036926269531,scored,,4934,local_private_WBM_raw_structure_cache_not_distributed
wbm-1-53994,Ba2 Si4 Zn4,3|Ba-Si,False,-3.271092987060547,scored,,4935,local_private_WBM_raw_structure_cache_not_distributed
wbm-1-53998,Hf1 Si2 Zn2,3|Hf-Si,False,-4.855147933959961,scored,,4936,local_private_WBM_raw_structure_cache_not_distributed
wbm-1-54002,Si2 Y1 Zn2,3|Si-Y,False,-4.408257675170899,scored,,4937,local_private_WBM_raw_structure_cache_not_distributed
wbm-1-54003,Si2 Zn2 Zr1,3|Si-Zn,False,-4.6194313049316404,scored,,4938,local_private_WBM_raw_structure_cache_not_distributed
wbm-1-54005,Si2 Zn1,2|Si-Zn,False,-3.5500914255777993,scored,,4939,local_private_WBM_raw_structure_cache_not_distributed
wbm-1-54023,Si4 Zr2,2|Si-Zr,False,-6.891656239827474,scored,,4940,local_private_WBM_raw_structure_cache_not_distributed
wbm-1-54033,Au4 Si6,2|Au-Si,False,-4.345179748535156,scored,,4941,local_private_WBM_raw_structure_cache_not_distributed
wbm-1-54036,Bi2 Si6,2|Bi-Si,False,-4.318796157836914,scored,,4942,local_private_WBM_raw_structure_cache_not_distributed
wbm-1-54056,Cs2 Si6,2|Cs-Si,False,-3.9834651947021484,scored,,4943,local_private_WBM_raw_structure_cache_not_distributed
wbm-1-54073,Ir4 Si6,2|Ir-Si,False,-7.389508056640625,scored,,4944,local_private_WBM_raw_structure_cache_not_distributed
wbm-1-54087,Au4 Mo2 Si6,3|Au-Mo,False,-5.636419932047526,scored,,4945,local_private_WBM_raw_structure_cache_not_distributed
wbm-1-54142,Np2 Si6,2|Np-Si,False,-7.459011077880859,scored,,4946,local_private_WBM_raw_structure_cache_not_distributed
wbm-1-54159,P4 Si3,2|P-Si,False,-5.525571005684989,scored,,4947,local_private_WBM_raw_structure_cache_not_distributed
wbm-1-54167,Rb2 Si6,2|Rb-Si,False,-4.004626274108887,scored,,4948,local_private_WBM_raw_structure_cache_not_distributed
wbm-1-54187,Sb4 Si3,2|Sb-Si,False,-4.512436730521066,scored,,4949,local_private_WBM_raw_structure_cache_not_distributed
wbm-1-54207,Se2 Si6,2|Se-Si,False,-4.684727668762207,scored,,4950,local_private_WBM_raw_structure_cache_not_distributed
wbm-1-54214,S2 Si6,2|S-Si,False,-4.856791019439697,scored,,4951,local_private_WBM_raw_structure_cache_not_distributed
wbm-1-54218,Bi2 Si3 Te6,3|Bi-Si,False,-3.8207650618119673,scored,,4952,local_private_WBM_raw_structure_cache_not_distributed
wbm-1-54243,As3 Si4,2|As-Si,False,-4.961151668003628,scored,,4953,local_private_WBM_raw_structure_cache_not_distributed
wbm-1-54351,Ag3 Si1,2|Ag-Si,False,-3.271209478378296,scored,,4954,local_private_WBM_raw_structure_cache_not_distributed
wbm-1-54382,Au1 Np2 Si1,3|Au-Np,False,-8.464502334594727,scored,,4955,local_private_WBM_raw_structure_cache_not_distributed
wbm-1-54405,Br2 Si1 Sr3,3|Br-Si,True,-3.4925721486409507,scored,,4956,local_private_WBM_raw_structure_cache_not_distributed
wbm-1-54406,Br4 Si2,2|Br-Si,False,-3.0787766774495444,scored,,4957,local_private_WBM_raw_structure_cache_not_distributed
wbm-1-54492,Ca2 Si2 Zn4,3|Ca-Si,False,-2.746767282485962,scored,,4958,local_private_WBM_raw_structure_cache_not_distributed
wbm-1-54497,Cd2 Si1,2|Cd-Si,False,-2.121970812479655,scored,,4959,local_private_WBM_raw_structure_cache_not_distributed
wbm-1-54503,Cd1 Si1 Te4 Tl2,4|Cd-Si,True,-3.2273828983306885,scored,,4960,local_private_WBM_raw_structure_cache_not_distributed
wbm-1-54516,Cl8 Si4,2|Cl-Si,False,-3.5169690450032554,scored,,4961,local_private_WBM_raw_structure_cache_not_distributed
wbm-1-54525,Cl6 Si2 Tl2,3|Cl-Si,False,-3.4471157073974608,scored,,4962,local_private_WBM_raw_structure_cache_not_distributed
wbm-1-54784,Cu2 Sb2 Si2 Zr2,4|Cu-Sb,False,-5.904560565948486,scored,,4963,local_private_WBM_raw_structure_cache_not_distributed
wbm-1-54954,Hg1 Si1 U2,3|Hg-Si,False,-6.8276166915893555,scored,,4964,local_private_WBM_raw_structure_cache_not_distributed
wbm-1-54966,I6 Si3,2|I-Si,False,-2.8523423936631946,scored,,4965,local_private_WBM_raw_structure_cache_not_distributed
wbm-1-54982,In2 Si2,2|In-Si,False,-3.8019919395446777,scored,,4966,local_private_WBM_raw_structure_cache_not_distributed
wbm-1-55006,K4 Si4 Te12,3|K-Si,True,-3.6018001556396486,scored,,4967,local_private_WBM_raw_structure_cache_not_distributed
wbm-1-55104,Mo4 Si4 Ta4,3|Mo-Si,False,-9.853410085042318,scored,,4968,local_private_WBM_raw_structure_cache_not_distributed
wbm-1-55134,Nb2 Si2 Te2,3|Nb-Si,False,-6.752279281616211,scored,,4969,local_private_WBM_raw_structure_cache_not_distributed
wbm-1-55243,Os8 Si4,2|Os-Si,False,-9.331547419230143,scored,,4970,local_private_WBM_raw_structure_cache_not_distributed
wbm-1-55259,Pb1 Si1,2|Pb-Si,False,-3.930366039276123,scored,,4971,local_private_WBM_raw_structure_cache_not_distributed
wbm-1-55330,Np2 Pd1 Si1,3|Np-Pd,False,-9.209381103515625,scored,,4972,local_private_WBM_raw_structure_cache_not_distributed
wbm-1-55398,Rb4 Si4 Te12,3|Rb-Si,True,-3.586103820800781,scored,,4973,local_private_WBM_raw_structure_cache_not_distributed
wbm-1-55514,S4 Si2 Ta2,3|S-Si,False,-6.926166534423828,scored,,4974,local_private_WBM_raw_structure_cache_not_distributed
wbm-1-55564,As2 S6 Si1 Tl2,4|As-S,False,-4.345936168323863,scored,,4975,local_private_WBM_raw_structure_cache_not_distributed
wbm-1-55566,Cs4 Sb4 Si2,3|Cs-Sb,False,-3.39422607421875,scored,,4976,local_private_WBM_raw_structure_cache_not_distributed
wbm-1-55649,Se6 Si2 Sn4,3|Se-Si,False,-4.2788880666097,scored,,4977,local_private_WBM_raw_structure_cache_not_distributed
wbm-1-55687,Si2 Sn2 Te6,3|Si-Sn,True,-3.9608444213867187,scored,,4978,local_private_WBM_raw_structure_cache_not_distributed
wbm-1-55688,Si2 Sn2,2|Si-Sn,False,-4.552542686462402,scored,,4979,local_private_WBM_raw_structure_cache_not_distributed
wbm-1-55698,Eu4 Si4 Sr4,3|Eu-Si,True,-6.214534759521484,scored,,4980,local_private_WBM_raw_structure_cache_not_distributed
wbm-1-55709,Si4 Sr4 Yb4,3|Si-Sr,True,-3.2899583180745444,scored,,4981,local_private_WBM_raw_structure_cache_not_distributed
wbm-1-55739,Si1 Ta1 Tc2,3|Si-Ta,False,-9.993767738342285,scored,,4982,local_private_WBM_raw_structure_cache_not_distributed
wbm-1-55740,Si2 Te4,2|Si-Te,True,-3.9626150131225586,scored,,4983,local_private_WBM_raw_structure_cache_not_distributed
wbm-1-55742,Si2 Te6 Tl4,3|Si-Te,True,-3.4655844370524087,scored,,4984,local_private_WBM_raw_structure_cache_not_distributed
wbm-1-55746,Hg1 Si1 Te4 Tl2,4|Hg-Si,True,-3.0761771202087402,scored,,4985,local_private_WBM_raw_structure_cache_not_distributed
wbm-1-55749,Dy2 Si2 Te2,3|Dy-Si,False,-5.2743879954020185,scored,,4986,local_private_WBM_raw_structure_cache_not_distributed
wbm-1-55750,Er2 Si2 Te2,3|Er-Si,False,-5.23723824818929,scored,,4987,local_private_WBM_raw_structure_cache_not_distributed
wbm-1-55751,Gd2 Si2 Te2,3|Gd-Si,False,-8.425612767537435,scored,,4988,local_private_WBM_raw_structure_cache_not_distributed
wbm-1-55752,Ho2 Si2 Te2,3|Ho-Si,False,-5.241950035095215,scored,,4989,local_private_WBM_raw_structure_cache_not_distributed
wbm-1-55753,Lu2 Si2 Te2,3|Lu-Si,False,-5.213624636332194,scored,,4990,local_private_WBM_raw_structure_cache_not_distributed
wbm-1-55754,Pu2 Si2 Te2,3|Pu-Si,False,-8.06314214070638,scored,,4991,local_private_WBM_raw_structure_cache_not_distributed
wbm-1-55756,Si2 Tb2 Te2,3|Si-Tb,False,-5.264081319173177,scored,,4992,local_private_WBM_raw_structure_cache_not_distributed
wbm-1-55772,Si1 Ti2 V1,3|Si-Ti,False,-7.994322776794434,scored,,4993,local_private_WBM_raw_structure_cache_not_distributed
wbm-1-55827,Si1 Tl1,2|Si-Tl,False,-3.2084743976593018,scored,,4994,local_private_WBM_raw_structure_cache_not_distributed
wbm-1-55848,Si1 V2 Zn1,3|Si-V,False,-6.45391321182251,scored,,4995,local_private_WBM_raw_structure_cache_not_distributed
wbm-1-55889,Si2 Th2 V2,3|Si-Th,False,-7.854105631510417,scored,,4996,local_private_WBM_raw_structure_cache_not_distributed
wbm-1-55890,Si2 Tm2 V2,3|Si-Tm,False,-6.941473642985026,scored,,4997,local_private_WBM_raw_structure_cache_not_distributed
wbm-1-55891,Si2 U2 V2,3|Si-U,False,-8.795713424682617,scored,,4998,local_private_WBM_raw_structure_cache_not_distributed
wbm-1-55897,Si2 W6,2|Si-W,False,-11.060720443725586,scored,,4999,local_private_WBM_raw_structure_cache_not_distributed
wbm-1-55906,I2 Si1 Y2,3|I-Si,True,-5.451683044433594,scored,,5000,local_private_WBM_raw_structure_cache_not_distributed
wbm-1-55972,Nd2 Si1 Zn1,3|Nd-Si,False,-4.556543827056885,scored,,5001,local_private_WBM_raw_structure_cache_not_distributed
wbm-1-55973,Np2 Si1 Zn1,3|Np-Si,False,-8.005234718322754,scored,,5002,local_private_WBM_raw_structure_cache_not_distributed
wbm-1-55976,Pr2 Si1 Zn1,3|Pr-Si,False,-4.533646583557129,scored,,5003,local_private_WBM_raw_structure_cache_not_distributed
wbm-1-55982,Si1 Sm2 Zn1,3|Si-Sm,False,-4.5559773445129395,scored,,5004,local_private_WBM_raw_structure_cache_not_distributed
wbm-1-55992,Si1 Yb2 Zn1,3|Si-Yb,False,-2.828211784362793,scored,,5005,local_private_WBM_raw_structure_cache_not_distributed
wbm-1-56023,Si1 Tc2 Zr1,3|Si-Tc,False,-9.037908554077148,scored,,5006,local_private_WBM_raw_structure_cache_not_distributed
wbm-1-56029,Pt4 Sm8,2|Pt-Sm,True,-6.028208414713542,scored,,5007,local_private_WBM_raw_structure_cache_not_distributed
wbm-1-56031,Pb1 Sm3,2|Pb-Sm,False,-4.809634208679199,scored,,5008,local_private_WBM_raw_structure_cache_not_distributed
wbm-1-56032,Sm3 Tl1,2|Sm-Tl,False,-4.345373153686523,scored,,5009,local_private_WBM_raw_structure_cache_not_distributed
wbm-1-56033,Au2 Sm1,2|Au-Sm,True,-4.571241060892741,scored,,5010,local_private_WBM_raw_structure_cache_not_distributed
wbm-1-56038,Bi3 Sm1,2|Bi-Sm,False,-4.486766815185547,scored,,5011,local_private_WBM_raw_structure_cache_not_distributed
wbm-1-56039,Hf5 Sm1,2|Hf-Sm,False,-8.912407557169596,scored,,5012,local_private_WBM_raw_structure_cache_not_distributed
wbm-1-56042,Hg2 Sm1 Tl1,3|Hg-Sm,False,-2.2527711391448975,scored,,5013,local_private_WBM_raw_structure_cache_not_distributed
wbm-1-56044,Hg1 Sm1,2|Hg-Sm,True,-2.9848146438598633,scored,,5014,local_private_WBM_raw_structure_cache_not_distributed
wbm-1-56045,Ir4 Sm2,2|Ir-Sm,True,-8.223040898640951,scored,,5015,local_private_WBM_raw_structure_cache_not_distributed
wbm-1-56050,Os4 Sm2,2|Os-Sm,False,-9.213431676228842,scored,,5016,local_private_WBM_raw_structure_cache_not_distributed
wbm-1-56057,Os2 Sm1 Ta1,3|Os-Sm,False,-9.790538787841797,scored,,5017,local_private_WBM_raw_structure_cache_not_distributed
wbm-1-56061,Au3 Sn2,2|Au-Sn,False,-3.6771530151367187,scored,,5018,local_private_WBM_raw_structure_cache_not_distributed
wbm-1-56067,Ba2 Sn4,2|Ba-Sn,False,-3.8422187169392905,scored,,5019,local_private_WBM_raw_structure_cache_not_distributed
wbm-1-56071,Bi1 Sn2,2|Bi-Sn,False,-3.8343985875447593,scored,,5020,local_private_WBM_raw_structure_cache_not_distributed
wbm-1-56075,Ce1 Sn2,2|Ce-Sn,False,-5.032128651936849,scored,,5021,local_private_WBM_raw_structure_cache_not_distributed
wbm-1-56080,Dy4 Sn8,2|Dy-Sn,False,-4.807318051656087,scored,,5022,local_private_WBM_raw_structure_cache_not_distributed
wbm-1-56083,Er4 Sn8,2|Er-Sn,False,-4.750102996826172,scored,,5023,local_private_WBM_raw_structure_cache_not_distributed
wbm-1-56086,Eu4 Sn8,2|Eu-Sn,False,-6.6169281005859375,scored,,5024,local_private_WBM_raw_structure_cache_not_distributed
wbm-1-56090,Gd4 Sn8,2|Gd-Sn,False,-7.967667897542317,scored,,5025,local_private_WBM_raw_structure_cache_not_distributed
wbm-1-56091,Hf6 Sn4,2|Hf-Sn,False,-7.871522521972656,scored,,5026,local_private_WBM_raw_structure_cache_not_distributed
wbm-1-56098,Ho4 Sn8,2|Ho-Sn,False,-4.770922660827637,scored,,5027,local_private_WBM_raw_structure_cache_not_distributed
wbm-1-56102,Ir4 Sn4 Th2,3|Ir-Sn,False,-7.187379455566406,scored,,5028,local_private_WBM_raw_structure_cache_not_distributed
wbm-1-56104,Ir2 Sn4,2|Ir-Sn,False,-5.865751266479492,scored,,5029,local_private_WBM_raw_structure_cache_not_distributed
wbm-1-56117,La4 Sn8,2|La-Sn,False,-5.007435480753581,scored,,5030,local_private_WBM_raw_structure_cache_not_distributed
wbm-1-56124,Lu4 Sn8,2|Lu-Sn,False,-4.675278981526692,scored,,5031,local_private_WBM_raw_structure_cache_not_distributed
wbm-1-56126,Ir4 Nd2 Sn4,3|Ir-Nd,False,-6.6591636657714846,scored,,5032,local_private_WBM_raw_structure_cache_not_distributed
wbm-1-56128,Nd4 Sn8,2|Nd-Sn,False,-4.9119462966918945,scored,,5033,local_private_WBM_raw_structure_cache_not_distributed
wbm-1-56130,Os2 Sn4,2|Os-Sn,False,-6.3184254964192705,scored,,5034,local_private_WBM_raw_structure_cache_not_distributed
wbm-1-56136,Pr4 Sn8,2|Pr-Sn,False,-4.91845703125,scored,,5035,local_private_WBM_raw_structure_cache_not_distributed
wbm-1-56140,Pt4 Sn4 Th2,3|Pt-Sn,False,-6.303366088867188,scored,,5036,local_private_WBM_raw_structure_cache_not_distributed
wbm-1-56142,Pt6 Sn4,2|Pt-Sn,False,-5.702338790893554,scored,,5037,local_private_WBM_raw_structure_cache_not_distributed
wbm-1-56145,Pu4 Sn8,2|Pu-Sn,False,-7.436697642008464,scored,,5038,local_private_WBM_raw_structure_cache_not_distributed
wbm-1-56146,Re2 Sn4,2|Re-Sn,False,-6.485054016113281,scored,,5039,local_private_WBM_raw_structure_cache_not_distributed
wbm-1-56147,Sb2 Sn2 Te5,3|Sb-Sn,False,-3.742031945122613,scored,,5040,local_private_WBM_raw_structure_cache_not_distributed
wbm-1-56148,Ir4 Sm2 Sn4,3|Ir-Sm,False,-6.643252563476563,scored,,5041,local_private_WBM_raw_structure_cache_not_distributed
wbm-1-56149,Pt4 Sm2 Sn4,3|Pt-Sm,False,-5.774274063110352,scored,,5042,local_private_WBM_raw_structure_cache_not_distributed
wbm-1-56150,Sm4 Sn8,2|Sm-Sn,True,-4.880069096883138,scored,,5043,local_private_WBM_raw_structure_cache_not_distributed
wbm-1-56152,Sn4 Ta6,2|Sn-Ta,False,-8.454328918457032,scored,,5044,local_private_WBM_raw_structure_cache_not_distributed
wbm-1-56157,Sn8 Tb4,2|Sn-Tb,False,-4.8174333572387695,scored,,5045,local_private_WBM_raw_structure_cache_not_distributed
wbm-1-56160,Sn4 Te6,2|Sn-Te,False,-3.5718544006347654,scored,,5046,local_private_WBM_raw_structure_cache_not_distributed
wbm-1-56162,Ba1 Sn2 Te4,3|Ba-Sn,False,-3.8426382882254466,scored,,5047,local_private_WBM_raw_structure_cache_not_distributed
wbm-1-56163,Hg1 Sn2 Te4,3|Hg-Sn,False,-3.129531042916434,scored,,5048,local_private_WBM_raw_structure_cache_not_distributed
wbm-1-56164,Bi2 Sn2 Te5,3|Bi-Sn,False,-3.739635467529297,scored,,5049,local_private_WBM_raw_structure_cache_not_distributed
wbm-1-56166,Sn8 Th4,2|Sn-Th,False,-5.676523208618164,scored,,5050,local_private_WBM_raw_structure_cache_not_distributed
wbm-1-56169,Sn8 Tm4,2|Sn-Tm,False,-4.698828379313151,scored,,5051,local_private_WBM_raw_structure_cache_not_distributed
wbm-1-56172,Sn8 U4,2|Sn-U,False,-6.473886489868164,scored,,5052,local_private_WBM_raw_structure_cache_not_distributed
wbm-1-56175,Sn2 W1,2|Sn-W,False,-6.1975351969401045,scored,,5053,local_private_WBM_raw_structure_cache_not_distributed
wbm-1-56179,Sn8 Yb4,2|Sn-Yb,False,-3.6511850357055664,scored,,5054,local_private_WBM_raw_structure_cache_not_distributed
wbm-1-56181,Ac2 Sn6,2|Ac-Sn,True,-4.501158714294434,scored,,5055,local_private_WBM_raw_structure_cache_not_distributed
wbm-1-56191,Cs4 Sn6,2|Cs-Sn,False,-2.9807899475097654,scored,,5056,local_private_WBM_raw_structure_cache_not_distributed
wbm-1-56201,Hg1 Sn3,2|Hg-Sn,False,-3.0035624504089355,scored,,5057,local_private_WBM_raw_structure_cache_not_distributed
wbm-1-56223,Sb4 Sn3,2|Sb-Sn,False,-3.9635113307407925,scored,,5058,local_private_WBM_raw_structure_cache_not_distributed
wbm-1-56273,Au2 Sn2 Th2,3|Au-Sn,True,-5.580712636311849,scored,,5059,local_private_WBM_raw_structure_cache_not_distributed
wbm-1-56360,I6 Sn3,2|I-Sn,True,-2.907141367594401,scored,,5060,local_private_WBM_raw_structure_cache_not_distributed
wbm-1-56374,I12 Sn4 Tl4,3|I-Sn,True,-2.7752763748168947,scored,,5061,local_private_WBM_raw_structure_cache_not_distributed
wbm-1-56417,Pb1 Sn1,2|Pb-Sn,False,-3.8122990131378174,scored,,5062,local_private_WBM_raw_structure_cache_not_distributed
wbm-1-56443,Hf2 Sb3 Sn1,3|Hf-Sb,False,-6.401498794555664,scored,,5063,local_private_WBM_raw_structure_cache_not_distributed
wbm-1-56458,Os2 Sn1 Ta1,3|Os-Sn,False,-9.492156028747559,scored,,5064,local_private_WBM_raw_structure_cache_not_distributed
wbm-1-56472,Ac1 Sn1 Te2,3|Ac-Sn,True,-4.480196475982666,scored,,5065,local_private_WBM_raw_structure_cache_not_distributed
wbm-1-56474,Sn2 Te4 Tl2,3|Sn-Te,False,-3.4103243350982666,scored,,5066,local_private_WBM_raw_structure_cache_not_distributed
wbm-1-56476,Cs2 Sn2 Te6,3|Cs-Sn,False,-3.3501529693603516,scored,,5067,local_private_WBM_raw_structure_cache_not_distributed
wbm-1-56479,Hf2 Sn2 Te8,3|Hf-Sn,False,-4.915191650390625,scored,,5068,local_private_WBM_raw_structure_cache_not_distributed
wbm-1-56481,Hg1 Pb2 Sn1 Te4,4|Hg-Pb,False,-3.19256329536438,scored,,5069,local_private_WBM_raw_structure_cache_not_distributed
wbm-1-56483,Ce2 Sn2 Te2,3|Ce-Sn,False,-5.38917350769043,scored,,5070,local_private_WBM_raw_structure_cache_not_distributed
wbm-1-56486,Sn2 Ta2 Te2,3|Sn-Ta,False,-6.379175186157227,scored,,5071,local_private_WBM_raw_structure_cache_not_distributed
wbm-1-56487,Sn2 Tb2 Te2,3|Sn-Tb,False,-4.980357487996419,scored,,5072,local_private_WBM_raw_structure_cache_not_distributed
wbm-1-56500,Sn2 Tl6,2|Sn-Tl,False,-2.7403910160064697,scored,,5073,local_private_WBM_raw_structure_cache_not_distributed
wbm-1-56541,Bi3 Sr2,2|Bi-Sr,False,-3.704110336303711,scored,,5074,local_private_WBM_raw_structure_cache_not_distributed
wbm-1-56544,Cd1 Sr2,2|Cd-Sr,True,-1.6652584075927734,scored,,5075,local_private_WBM_raw_structure_cache_not_distributed
wbm-1-56546,Hg1 Sr2,2|Hg-Sr,True,-1.5873648325602214,scored,,5076,local_private_WBM_raw_structure_cache_not_distributed
wbm-1-56548,I6 Sr2 Yb1,3|I-Sr,False,-3.224421395195855,scored,,5077,local_private_WBM_raw_structure_cache_not_distributed
wbm-1-56554,In6 Sr4,2|In-Sr,False,-2.7091869354248046,scored,,5078,local_private_WBM_raw_structure_cache_not_distributed
wbm-1-56561,Pb1 Sr2,2|Pb-Sr,False,-2.8241856892903647,scored,,5079,local_private_WBM_raw_structure_cache_not_distributed
wbm-1-56566,Pd4 Sr4 Tl2,3|Pd-Sr,True,-3.817292022705078,scored,,5080,local_private_WBM_raw_structure_cache_not_distributed
wbm-1-56573,Pt4 Sr4 Tl2,3|Pt-Sr,True,-4.307676315307617,scored,,5081,local_private_WBM_raw_structure_cache_not_distributed
wbm-1-56579,Rh2 Sr2 Tl3,3|Rh-Sr,True,-3.914261136736189,scored,,5082,local_private_WBM_raw_structure_cache_not_distributed
wbm-1-56591,Sn6 Sr4,2|Sn-Sr,False,-3.6627582550048827,scored,,5083,local_private_WBM_raw_structure_cache_not_distributed
wbm-1-56595,Ac1 Sr3,2|Ac-Sr,False,-2.1824042797088623,scored,,5084,local_private_WBM_raw_structure_cache_not_distributed
wbm-1-56612,Sr6 Tl2,2|Sr-Tl,False,-2.0172669887542725,scored,,5085,local_private_WBM_raw_structure_cache_not_distributed
wbm-1-56622,Ag2 Sr1 Tl1,3|Ag-Sr,False,-2.619353771209717,scored,,5086,local_private_WBM_raw_structure_cache_not_distributed
wbm-1-56623,Ag2 Sr1,2|Ag-Sr,False,-2.7611570358276367,scored,,5087,local_private_WBM_raw_structure_cache_not_distributed
wbm-1-56638,Au2 Sr1 Tl1,3|Au-Sr,False,-3.1274237632751465,scored,,5088,local_private_WBM_raw_structure_cache_not_distributed
wbm-1-56640,Au4 Sr2,2|Au-Sr,False,-3.3805360794067383,scored,,5089,local_private_WBM_raw_structure_cache_not_distributed
wbm-1-56662,Cd2 Sr1 Tl1,3|Cd-Sr,False,-1.6930503845214844,scored,,5090,local_private_WBM_raw_structure_cache_not_distributed
wbm-1-56685,Ce3 Sr1,2|Ce-Sr,False,-4.4801836013793945,scored,,5091,local_private_WBM_raw_structure_cache_not_distributed
wbm-1-56686,Ce1 Sr1 Tl2,3|Ce-Sr,False,-3.405188798904419,scored,,5092,local_private_WBM_raw_structure_cache_not_distributed
wbm-1-56688,Cs1 Sr1,2|Cs-Sr,False,-0.9924845695495605,scored,,5093,local_private_WBM_raw_structure_cache_not_distributed
wbm-1-56690,Dy1 Sr1 Tl2,3|Dy-Sr,False,-3.1293344497680664,scored,,5094,local_private_WBM_raw_structure_cache_not_distributed
wbm-1-56691,Er3 Sr1,2|Er-Sr,False,-3.635230541229248,scored,,5095,local_private_WBM_raw_structure_cache_not_distributed
wbm-1-56693,Er1 Sr1 Tl2,3|Er-Sr,False,-3.0876219272613525,scored,,5096,local_private_WBM_raw_structure_cache_not_distributed
wbm-1-56702,Hg2 Sr1 U1,3|Hg-Sr,False,-3.3216121196746826,scored,,5097,local_private_WBM_raw_structure_cache_not_distributed
wbm-1-56709,Ho3 Sr1,2|Ho-Sr,False,-3.62198805809021,scored,,5098,local_private_WBM_raw_structure_cache_not_distributed
wbm-1-56711,Ho1 Sr1 Tl2,3|Ho-Sr,False,-3.0940208435058594,scored,,5099,local_private_WBM_raw_structure_cache_not_distributed
wbm-1-56713,I8 Sr4,2|I-Sr,False,-3.2448177337646484,scored,,5100,local_private_WBM_raw_structure_cache_not_distributed
wbm-1-56748,In2 Sr1 Te4,3|In-Sr,False,-3.530473436628069,scored,,5101,local_private_WBM_raw_structure_cache_not_distributed
wbm-1-56773,Ir9 Sr3,2|Ir-Sr,False,-7.257876078287761,scored,,5102,local_private_WBM_raw_structure_cache_not_distributed
wbm-1-56774,Ir2 Sr2 Tl4,3|Ir-Sr,False,-3.9657363891601562,scored,,5103,local_private_WBM_raw_structure_cache_not_distributed
wbm-1-56781,Lu3 Sr1,2|Lu-Sr,False,-3.564734935760498,scored,,5104,local_private_WBM_raw_structure_cache_not_distributed
wbm-1-56783,Lu1 Sr1 Tl2,3|Lu-Sr,False,-3.045320987701416,scored,,5105,local_private_WBM_raw_structure_cache_not_distributed
wbm-1-56784,Nb3 Sr1,2|Nb-Sr,False,-7.071791648864746,scored,,5106,local_private_WBM_raw_structure_cache_not_distributed
wbm-1-56786,Nb1 Sr1 Tl2,3|Nb-Sr,False,-3.7326111793518066,scored,,5107,local_private_WBM_raw_structure_cache_not_distributed
wbm-1-56787,Nd3 Sr1,2|Nd-Sr,False,-3.8539154529571533,scored,,5108,local_private_WBM_raw_structure_cache_not_distributed
wbm-1-56789,Nd1 Sr1 Tl2,3|Nd-Sr,False,-3.213120460510254,scored,,5109,local_private_WBM_raw_structure_cache_not_distributed
wbm-1-56790,Os4 Sr2,2|Os-Sr,False,-7.544543584187825,scored,,5110,local_private_WBM_raw_structure_cache_not_distributed
wbm-1-56803,Pd4 Sr2,2|Pd-Sr,False,-4.530660311381022,scored,,5111,local_private_WBM_raw_structure_cache_not_distributed
wbm-1-56824,Pm3 Sr1,2|Pm-Sr,False,-3.808990240097046,scored,,5112,local_private_WBM_raw_structure_cache_not_distributed
wbm-1-56826,Pm1 Sr1 Tl2,3|Pm-Sr,True,-3.190253973007202,scored,,5113,local_private_WBM_raw_structure_cache_not_distributed
wbm-1-56827,Pr3 Sr1,2|Pr-Sr,False,-3.872931957244873,scored,,5114,local_private_WBM_raw_structure_cache_not_distributed
wbm-1-56829,Pr1 Sr1 Tl2,3|Pr-Sr,False,-3.2150402069091797,scored,,5115,local_private_WBM_raw_structure_cache_not_distributed
wbm-1-56831,Pt4 Sr2,2|Pt-Sr,False,-5.158162434895833,scored,,5116,local_private_WBM_raw_structure_cache_not_distributed
wbm-1-56847,Rh4 Sr2,2|Rh-Sr,False,-5.51406733194987,scored,,5117,local_private_WBM_raw_structure_cache_not_distributed
wbm-1-56866,Ru4 Sr2,2|Ru-Sr,False,-6.369485219319661,scored,,5118,local_private_WBM_raw_structure_cache_not_distributed
wbm-1-56883,Sb6 Sr2,2|Sb-Sr,True,-4.005983829498291,scored,,5119,local_private_WBM_raw_structure_cache_not_distributed
wbm-1-56889,Sb2 Sr2 Te2,3|Sb-Sr,False,-3.9205074310302734,scored,,5120,local_private_WBM_raw_structure_cache_not_distributed
wbm-1-56894,Sm1 Sr1 Tl2,3|Sm-Sr,False,-3.192347288131714,scored,,5121,local_private_WBM_raw_structure_cache_not_distributed
wbm-1-56904,Sn2 Sr1 Te4,3|Sn-Sr,False,-3.703622817993164,scored,,5122,local_private_WBM_raw_structure_cache_not_distributed
wbm-1-56923,Eu4 Sn4 Sr4,3|Eu-Sn,True,-5.949172337849935,scored,,5123,local_private_WBM_raw_structure_cache_not_distributed
wbm-1-56931,Sr1 Ta3,2|Sr-Ta,False,-8.302656173706055,scored,,5124,local_private_WBM_raw_structure_cache_not_distributed
wbm-1-56933,Sr1 Ta1 Tl2,3|Sr-Ta,False,-4.11672306060791,scored,,5125,local_private_WBM_raw_structure_cache_not_distributed
wbm-1-56936,Sr1 Tb1 Tl2,3|Sr-Tb,False,-3.139753580093384,scored,,5126,local_private_WBM_raw_structure_cache_not_distributed
wbm-1-56937,Sr2 Te4,2|Sr-Te,True,-3.7535231908162436,scored,,5127,local_private_WBM_raw_structure_cache_not_distributed
wbm-1-56940,Sr1 Te4 Tl2,3|Sr-Te,False,-3.139499936785017,scored,,5128,local_private_WBM_raw_structure_cache_not_distributed
wbm-1-56942,Bi1 Sr1 Tl2,3|Bi-Sr,False,-2.911500930786133,scored,,5129,local_private_WBM_raw_structure_cache_not_distributed
wbm-1-56943,Np1 Sr1 Tl2,3|Np-Sr,False,-4.789965629577637,scored,,5130,local_private_WBM_raw_structure_cache_not_distributed
wbm-1-56944,Pu1 Sr1 Tl2,3|Pu-Sr,False,-5.32480525970459,scored,,5131,local_private_WBM_raw_structure_cache_not_distributed
wbm-1-56951,Sr1 Tm3,2|Sr-Tm,False,-3.5466079711914062,scored,,5132,local_private_WBM_raw_structure_cache_not_distributed
wbm-1-56953,Sr1 Tl2 Tm1,3|Sr-Tl,False,-3.0530385971069336,scored,,5133,local_private_WBM_raw_structure_cache_not_distributed
wbm-1-56954,Sr1 U3,2|Sr-U,False,-7.879775047302246,scored,,5134,local_private_WBM_raw_structure_cache_not_distributed
wbm-1-56961,Sr1 Y3,2|Sr-Y,False,-5.095050811767578,scored,,5135,local_private_WBM_raw_structure_cache_not_distributed
wbm-1-56962,Ag2 Sr2 Te6 Y2,4|Ag-Sr,True,-4.611368815104167,scored,,5136,local_private_WBM_raw_structure_cache_not_distributed
wbm-1-56963,Sr1 Yb3,2|Sr-Yb,False,-1.542973279953003,scored,,5137,local_private_WBM_raw_structure_cache_not_distributed
wbm-1-56965,Pb4 Sr4 Yb4,3|Pb-Sr,True,-2.877089818318685,scored,,5138,local_private_WBM_raw_structure_cache_not_distributed
wbm-1-56970,Sr1 Zr3,2|Sr-Zr,False,-6.331859111785889,scored,,5139,local_private_WBM_raw_structure_cache_not_distributed
wbm-1-56974,Au1 Ta2,2|Au-Ta,True,-9.092740376790365,scored,,5140,local_private_WBM_raw_structure_cache_not_distributed
wbm-1-56975,Hg1 Ta2,2|Hg-Ta,False,-7.858622233072917,scored,,5141,local_private_WBM_raw_structure_cache_not_distributed
wbm-1-56977,Pt2 Ta4,2|Pt-Ta,True,-10.29879379272461,scored,,5142,local_private_WBM_raw_structure_cache_not_distributed
wbm-1-56981,Ta2 Tl1,2|Ta-Tl,False,-8.389518737792969,scored,,5143,local_private_WBM_raw_structure_cache_not_distributed
wbm-1-56982,Pt1 Ta2 W1,3|Pt-Ta,False,-10.970991134643555,scored,,5144,local_private_WBM_raw_structure_cache_not_distributed
wbm-1-56985,Bi1 Ta3,2|Bi-Ta,False,-9.467979431152344,scored,,5145,local_private_WBM_raw_structure_cache_not_distributed
wbm-1-56988,Ir2 Ta6,2|Ir-Ta,True,-11.555142402648926,scored,,5146,local_private_WBM_raw_structure_cache_not_distributed
wbm-1-56990,Os2 Ta6,2|Os-Ta,True,-12.044201850891113,scored,,5147,local_private_WBM_raw_structure_cache_not_distributed
wbm-1-56992,Pb2 Ta6,2|Pb-Ta,False,-9.496048927307129,scored,,5148,local_private_WBM_raw_structure_cache_not_distributed
wbm-1-57004,Au2 Ta1 Tl1,3|Au-Ta,False,-5.034425735473633,scored,,5149,local_private_WBM_raw_structure_cache_not_distributed
wbm-1-57016,Hg2 Ta1 Tl1,3|Hg-Ta,False,-3.0882182121276855,scored,,5150,local_private_WBM_raw_structure_cache_not_distributed
wbm-1-57032,Os2 Ta1 Th1,3|Os-Ta,False,-10.545578956604004,scored,,5151,local_private_WBM_raw_structure_cache_not_distributed
wbm-1-57050,Re2 Ta1 Th1,3|Re-Ta,False,-11.090364456176758,scored,,5152,local_private_WBM_raw_structure_cache_not_distributed
wbm-1-57052,Re8 Ta4,2|Re-Ta,False,-12.429369608561197,scored,,5153,local_private_WBM_raw_structure_cache_not_distributed
wbm-1-57055,Ta2 W4,2|Ta-W,False,-12.527477264404297,scored,,5154,local_private_WBM_raw_structure_cache_not_distributed
wbm-1-57060,Au1 Tb2,2|Au-Tb,False,-4.725772221883138,scored,,5155,local_private_WBM_raw_structure_cache_not_distributed
wbm-1-57062,Hg1 Tb2,2|Hg-Tb,False,-3.449538548787435,scored,,5156,local_private_WBM_raw_structure_cache_not_distributed
wbm-1-57067,Tb2 Tl1,2|Tb-Tl,False,-4.071879704793294,scored,,5157,local_private_WBM_raw_structure_cache_not_distributed
wbm-1-57072,Pb2 Tb6,2|Pb-Tb,False,-4.689784049987793,scored,,5158,local_private_WBM_raw_structure_cache_not_distributed
wbm-1-57074,Pt1 Tb3,2|Pt-Tb,False,-5.413708209991455,scored,,5159,local_private_WBM_raw_structure_cache_not_distributed
wbm-1-57087,Bi3 Tb1,2|Bi-Tb,False,-4.410076141357422,scored,,5160,local_private_WBM_raw_structure_cache_not_distributed
wbm-1-57089,Hf5 Tb1,2|Hf-Tb,False,-8.941658020019531,scored,,5161,local_private_WBM_raw_structure_cache_not_distributed
wbm-1-57092,Hg2 Tb1 Tl1,3|Hg-Tb,False,-2.1875815391540527,scored,,5162,local_private_WBM_raw_structure_cache_not_distributed
wbm-1-57096,Ir9 Tb3,2|Ir-Tb,False,-8.370848337809244,scored,,5163,local_private_WBM_raw_structure_cache_not_distributed
wbm-1-57105,Os4 Tb2,2|Os-Tb,False,-9.264059066772461,scored,,5164,local_private_WBM_raw_structure_cache_not_distributed
wbm-1-57116,Tb2 W4,2|Tb-W,False,-10.167956034342447,scored,,5165,local_private_WBM_raw_structure_cache_not_distributed
wbm-1-57124,Ce1 Ta1 Tc2,3|Ce-Ta,False,-9.823624610900879,scored,,5166,local_private_WBM_raw_structure_cache_not_distributed
wbm-1-57125,Ce1 Tc2 W1,3|Ce-Tc,False,-9.842808723449707,scored,,5167,local_private_WBM_raw_structure_cache_not_distributed
wbm-1-57127,Dy1 Ta1 Tc2,3|Dy-Ta,False,-9.429123878479004,scored,,5168,local_private_WBM_raw_structure_cache_not_distributed
wbm-1-57128,Dy1 Tc2 W1,3|Dy-Tc,False,-9.521210670471191,scored,,5169,local_private_WBM_raw_structure_cache_not_distributed
wbm-1-57130,Er1 Ta1 Tc2,3|Er-Ta,False,-9.49136734008789,scored,,5170,local_private_WBM_raw_structure_cache_not_distributed
wbm-1-57133,Eu1 Tc2 W1,3|Eu-Tc,False,-10.474995613098145,scored,,5171,local_private_WBM_raw_structure_cache_not_distributed
wbm-1-57136,Hf1 Tc2 U1,3|Hf-Tc,False,-10.801844596862793,scored,,5172,local_private_WBM_raw_structure_cache_not_distributed
wbm-1-57138,Ho1 Ta1 Tc2,3|Ho-Ta,False,-9.445998191833496,scored,,5173,local_private_WBM_raw_structure_cache_not_distributed
wbm-1-57139,Ho1 Tc2 W1,3|Ho-Tc,False,-9.537750244140625,scored,,5174,local_private_WBM_raw_structure_cache_not_distributed
wbm-1-57140,In1 Re1 Tc2,3|In-Re,False,-8.783514022827148,scored,,5175,local_private_WBM_raw_structure_cache_not_distributed
wbm-1-57142,In1 Tc2 W1,3|In-Tc,False,-8.892738342285156,scored,,5176,local_private_WBM_raw_structure_cache_not_distributed
wbm-1-57143,In1 Tc2,2|In-Tc,False,-7.725927352905273,scored,,5177,local_private_WBM_raw_structure_cache_not_distributed
wbm-1-57145,La1 Ta1 Tc2,3|La-Ta,False,-9.323160171508789,scored,,5178,local_private_WBM_raw_structure_cache_not_distributed
wbm-1-57146,La1 Tc2 W1,3|La-Tc,False,-9.30892276763916,scored,,5179,local_private_WBM_raw_structure_cache_not_distributed
wbm-1-57148,Nd1 Ta1 Tc2,3|Nd-Ta,False,-9.274652481079102,scored,,5180,local_private_WBM_raw_structure_cache_not_distributed
wbm-1-57149,Nd1 Tc2 W1,3|Nd-Tc,False,-9.315771102905273,scored,,5181,local_private_WBM_raw_structure_cache_not_distributed
wbm-1-57151,Pr1 Ta1 Tc2,3|Pr-Ta,False,-9.176435470581055,scored,,5182,local_private_WBM_raw_structure_cache_not_distributed
wbm-1-57152,Pr1 Tc2 W1,3|Pr-Tc,False,-9.219990730285645,scored,,5183,local_private_WBM_raw_structure_cache_not_distributed
wbm-1-57154,Re1 Tc2 Th1,3|Re-Tc,False,-9.965450286865234,scored,,5184,local_private_WBM_raw_structure_cache_not_distributed
wbm-1-57158,Gd1 Sb1 Tc2,3|Gd-Sb,False,-9.67330551147461,scored,,5185,local_private_WBM_raw_structure_cache_not_distributed
wbm-1-57161,Pu1 Sb1 Tc2,3|Pu-Sb,False,-9.370587348937988,scored,,5186,local_private_WBM_raw_structure_cache_not_distributed
wbm-1-57163,Sb1 Tc2 Th1,3|Sb-Tc,False,-8.090036392211914,scored,,5187,local_private_WBM_raw_structure_cache_not_distributed
wbm-1-57166,Re1 Sm1 Tc2,3|Re-Sm,False,-9.165753364562988,scored,,5188,local_private_WBM_raw_structure_cache_not_distributed
wbm-1-57167,Sm1 Ta1 Tc2,3|Sm-Ta,False,-9.322229385375977,scored,,5189,local_private_WBM_raw_structure_cache_not_distributed
wbm-1-57168,Sm1 Tc2 W1,3|Sm-Tc,False,-9.378419876098633,scored,,5190,local_private_WBM_raw_structure_cache_not_distributed
wbm-1-57169,Gd1 Sn1 Tc2,3|Gd-Sn,False,-9.641335487365723,scored,,5191,local_private_WBM_raw_structure_cache_not_distributed
wbm-1-57170,Sn1 Tc2 W1,3|Sn-Tc,False,-9.268355369567871,scored,,5192,local_private_WBM_raw_structure_cache_not_distributed
wbm-1-57171,Pu1 Ta1 Tc2,3|Pu-Ta,False,-11.441269874572754,scored,,5193,local_private_WBM_raw_structure_cache_not_distributed
wbm-1-57172,Ta1 Tc2 Th1,3|Ta-Tc,False,-10.1437349319458,scored,,5194,local_private_WBM_raw_structure_cache_not_distributed
wbm-1-57175,Hf1 Tb1 Tc2,3|Hf-Tb,False,-8.915836334228516,scored,,5195,local_private_WBM_raw_structure_cache_not_distributed
wbm-1-57176,Re1 Tb1 Tc2,3|Re-Tb,False,-9.253838539123535,scored,,5196,local_private_WBM_raw_structure_cache_not_distributed
wbm-1-57177,Ta1 Tb1 Tc2,3|Ta-Tb,False,-9.380562782287598,scored,,5197,local_private_WBM_raw_structure_cache_not_distributed
wbm-1-57178,Tb1 Tc2 W1,3|Tb-Tc,False,-9.448274612426758,scored,,5198,local_private_WBM_raw_structure_cache_not_distributed
wbm-1-57182,Tc2 Th1 W1,3|Tc-Th,False,-10.129495620727539,scored,,5199,local_private_WBM_raw_structure_cache_not_distributed
wbm-1-57183,Tc2 U1 W1,3|Tc-U,False,-11.22435188293457,scored,,5200,local_private_WBM_raw_structure_cache_not_distributed
wbm-1-57186,Tc2 W1 Yb1,3|Tc-W,False,-8.449295043945312,scored,,5201,local_private_WBM_raw_structure_cache_not_distributed
wbm-1-57187,Au2 Tc6,2|Au-Tc,False,-8.401544570922852,scored,,5202,local_private_WBM_raw_structure_cache_not_distributed
wbm-1-57188,Eu1 Tc3,2|Eu-Tc,False,-9.800017356872559,scored,,5203,local_private_WBM_raw_structure_cache_not_distributed
wbm-1-57190,Hf1 Tc3,2|Hf-Tc,False,-10.49726676940918,scored,,5204,local_private_WBM_raw_structure_cache_not_distributed
wbm-1-57192,Pr1 Tc3,2|Pr-Tc,False,-8.41195297241211,scored,,5205,local_private_WBM_raw_structure_cache_not_distributed
wbm-1-57193,Pu1 Tc3,2|Pu-Tc,False,-10.8140287399292,scored,,5206,local_private_WBM_raw_structure_cache_not_distributed
wbm-1-57195,Tc3 U1,2|Tc-U,False,-10.569092750549316,scored,,5207,local_private_WBM_raw_structure_cache_not_distributed
wbm-1-57197,Tc3 Yb1,2|Tc-Yb,False,-7.678720474243164,scored,,5208,local_private_WBM_raw_structure_cache_not_distributed
wbm-1-57206,Ag1 Tc1 Th2,3|Ag-Tc,False,-7.023750305175781,scored,,5209,local_private_WBM_raw_structure_cache_not_distributed
wbm-1-57226,Cd1 Tc1 Th2,3|Cd-Tc,False,-6.568603038787842,scored,,5210,local_private_WBM_raw_structure_cache_not_distributed
wbm-1-57236,Ce6 Tc2,2|Ce-Tc,False,-7.126301288604736,scored,,5211,local_private_WBM_raw_structure_cache_not_distributed
wbm-1-57243,Dy6 Tc2,2|Dy-Tc,False,-5.992646217346191,scored,,5212,local_private_WBM_raw_structure_cache_not_distributed
wbm-1-57249,Er2 Tc1 Tl1,3|Er-Tc,False,-5.508604049682617,scored,,5213,local_private_WBM_raw_structure_cache_not_distributed
wbm-1-57250,Er6 Tc2,2|Er-Tc,False,-5.98600959777832,scored,,5214,local_private_WBM_raw_structure_cache_not_distributed
wbm-1-57254,Gd2 Tc1 Tl1,3|Gd-Tc,False,-10.220438957214355,scored,,5215,local_private_WBM_raw_structure_cache_not_distributed
wbm-1-57255,Gd1 Tc1,2|Gd-Tc,False,-12.089532852172852,scored,,5216,local_private_WBM_raw_structure_cache_not_distributed
wbm-1-57264,Hg1 Tc1 Th2,3|Hg-Tc,False,-6.441515922546387,scored,,5217,local_private_WBM_raw_structure_cache_not_distributed
wbm-1-57272,Ho6 Tc2,2|Ho-Tc,False,-6.007336616516113,scored,,5218,local_private_WBM_raw_structure_cache_not_distributed
wbm-1-57280,Ir3 Tc1,2|Ir-Tc,False,-9.32603931427002,scored,,5219,local_private_WBM_raw_structure_cache_not_distributed
wbm-1-57285,La6 Tc2,2|La-Tc,False,-6.1155290603637695,scored,,5220,local_private_WBM_raw_structure_cache_not_distributed
wbm-1-57288,Lu2 Tc1 Tl1,3|Lu-Tc,False,-5.49493408203125,scored,,5221,local_private_WBM_raw_structure_cache_not_distributed
wbm-1-57289,Lu6 Tc2,2|Lu-Tc,False,-6.0225629806518555,scored,,5222,local_private_WBM_raw_structure_cache_not_distributed
wbm-1-57294,Nd6 Tc2,2|Nd-Tc,False,-5.968329429626465,scored,,5223,local_private_WBM_raw_structure_cache_not_distributed
wbm-1-57296,Os1 Tc1 Th2,3|Os-Tc,False,-9.253111839294434,scored,,5224,local_private_WBM_raw_structure_cache_not_distributed
wbm-1-57298,Pd3 Tc1,2|Pd-Tc,False,-6.345729351043701,scored,,5225,local_private_WBM_raw_structure_cache_not_distributed
wbm-1-57313,Pd1 Tb2 Tc1,3|Pd-Tb,False,-6.545361518859863,scored,,5226,local_private_WBM_raw_structure_cache_not_distributed
wbm-1-57314,Pd1 Tc1 Th2,3|Pd-Tc,False,-7.941581726074219,scored,,5227,local_private_WBM_raw_structure_cache_not_distributed
wbm-1-57323,Pt6 Tc2,2|Pt-Tc,False,-7.227527618408203,scored,,5228,local_private_WBM_raw_structure_cache_not_distributed
wbm-1-57325,Pt1 Tc1 Th2,3|Pt-Tc,False,-8.307089805603027,scored,,5229,local_private_WBM_raw_structure_cache_not_distributed
wbm-1-57338,Rh1 Tc1 Th2,3|Rh-Tc,False,-8.556350708007812,scored,,5230,local_private_WBM_raw_structure_cache_not_distributed
wbm-1-57340,Ru3 Tc1,2|Ru-Tc,False,-9.562213897705078,scored,,5231,local_private_WBM_raw_structure_cache_not_distributed
wbm-1-57348,Ru1 Tb2 Tc1,3|Ru-Tb,False,-7.3089189529418945,scored,,5232,local_private_WBM_raw_structure_cache_not_distributed
wbm-1-57349,Ru1 Tc1 Th2,3|Ru-Tc,False,-8.869488716125488,scored,,5233,local_private_WBM_raw_structure_cache_not_distributed
wbm-1-57352,Au1 Sm2 Tc1,3|Au-Sm,False,-6.028525352478027,scored,,5234,local_private_WBM_raw_structure_cache_not_distributed
wbm-1-57356,Sm6 Tc2,2|Sm-Tc,False,-5.930098533630371,scored,,5235,local_private_WBM_raw_structure_cache_not_distributed
wbm-1-57357,Sn1 Tc1,2|Sn-Tc,False,-6.863000392913818,scored,,5236,local_private_WBM_raw_structure_cache_not_distributed
wbm-1-57361,Au1 Tb2 Tc1,3|Au-Tb,False,-6.051817893981934,scored,,5237,local_private_WBM_raw_structure_cache_not_distributed
wbm-1-57363,Os1 Tb2 Tc1,3|Os-Tb,False,-7.676647186279297,scored,,5238,local_private_WBM_raw_structure_cache_not_distributed
wbm-1-57364,Pt1 Tb2 Tc1,3|Pt-Tb,False,-6.884645462036133,scored,,5239,local_private_WBM_raw_structure_cache_not_distributed
wbm-1-57367,Tb6 Tc2,2|Tb-Tc,False,-5.981709957122803,scored,,5240,local_private_WBM_raw_structure_cache_not_distributed
wbm-1-57369,Tc2 Th6,2|Tc-Th,True,-8.312129974365234,scored,,5241,local_private_WBM_raw_structure_cache_not_distributed
wbm-1-57371,Pu2 Tc1 Tl1,3|Pu-Tc,False,-9.841134071350098,scored,,5242,local_private_WBM_raw_structure_cache_not_distributed
wbm-1-57373,Tc1 Tl1 U2,3|Tc-Tl,False,-8.391512870788574,scored,,5243,local_private_WBM_raw_structure_cache_not_distributed
wbm-1-57374,Au1 Tc1 Tm2,3|Au-Tc,False,-6.095558166503906,scored,,5244,local_private_WBM_raw_structure_cache_not_distributed
wbm-1-57378,Tc2 Tm6,2|Tc-Tm,False,-5.924846649169922,scored,,5245,local_private_WBM_raw_structure_cache_not_distributed
wbm-1-57382,Tc2 W6,2|Tc-W,False,-12.174445152282715,scored,,5246,local_private_WBM_raw_structure_cache_not_distributed
wbm-1-57387,Au6 Te4,2|Au-Te,False,-3.1797306060791017,scored,,5247,local_private_WBM_raw_structure_cache_not_distributed
wbm-1-57393,Ba2 Te4,2|Ba-Te,False,-3.932833671569824,scored,,5248,local_private_WBM_raw_structure_cache_not_distributed
wbm-1-57394,Ce3 Te2,2|Ce-Te,False,-5.556776809692383,scored,,5249,local_private_WBM_raw_structure_cache_not_distributed
wbm-1-57396,Ce1 Te2 Tl1,3|Ce-Te,False,-4.656245231628418,scored,,5250,local_private_WBM_raw_structure_cache_not_distributed
wbm-1-57408,Cs1 Pr1 Te2,3|Cs-Pr,False,-4.048293113708496,scored,,5251,local_private_WBM_raw_structure_cache_not_distributed
wbm-1-57409,Cs1 Te2 Yb1,3|Cs-Te,False,-3.086773157119751,scored,,5252,local_private_WBM_raw_structure_cache_not_distributed
wbm-1-57410,Dy3 Te2,2|Dy-Te,False,-5.000783157348633,scored,,5253,local_private_WBM_raw_structure_cache_not_distributed
wbm-1-57412,Dy1 Te2 Tl1,3|Dy-Te,False,-4.11253023147583,scored,,5254,local_private_WBM_raw_structure_cache_not_distributed
wbm-1-57414,Er3 Te2,2|Er-Te,False,-4.9050453186035154,scored,,5255,local_private_WBM_raw_structure_cache_not_distributed
wbm-1-57416,Er1 Te2 Tl1,3|Er-Te,False,-4.045845031738281,scored,,5256,local_private_WBM_raw_structure_cache_not_distributed
wbm-1-57419,Eu1 Te2 Tl1,3|Eu-Te,False,-5.684515476226807,scored,,5257,local_private_WBM_raw_structure_cache_not_distributed
wbm-1-57420,Eu2 Te4,2|Eu-Te,True,-6.629426956176758,scored,,5258,local_private_WBM_raw_structure_cache_not_distributed
wbm-1-57421,Gd3 Te2,2|Gd-Te,False,-10.663430786132812,scored,,5259,local_private_WBM_raw_structure_cache_not_distributed
wbm-1-57424,Hf1 Te2 Tl1,3|Hf-Te,False,-5.289963722229004,scored,,5260,local_private_WBM_raw_structure_cache_not_distributed
wbm-1-57426,Hg1 Te2 Tl1,3|Hg-Te,False,-2.3369903564453125,scored,,5261,local_private_WBM_raw_structure_cache_not_distributed
wbm-1-57427,Ho3 Te2,2|Ho-Te,False,-4.87672119140625,scored,,5262,local_private_WBM_raw_structure_cache_not_distributed
wbm-1-57429,Ho1 Te2 Tl1,3|Ho-Te,False,-4.071350574493408,scored,,5263,local_private_WBM_raw_structure_cache_not_distributed
wbm-1-57432,Ir6 Te4,2|Ir-Te,False,-6.223871231079102,scored,,5264,local_private_WBM_raw_structure_cache_not_distributed
wbm-1-57435,La1 Te2 Tl1,3|La-Te,True,-4.553616046905518,scored,,5265,local_private_WBM_raw_structure_cache_not_distributed
wbm-1-57437,La4 Te8,2|La-Te,True,-5.144192377726237,scored,,5266,local_private_WBM_raw_structure_cache_not_distributed
wbm-1-57438,Lu3 Te2,2|Lu-Te,False,-4.8787353515625,scored,,5267,local_private_WBM_raw_structure_cache_not_distributed
wbm-1-57440,Lu1 Te2 Tl1,3|Lu-Te,False,-3.95736026763916,scored,,5268,local_private_WBM_raw_structure_cache_not_distributed
wbm-1-57443,Nd1 Te2 Tl1,3|Nd-Te,False,-4.282645225524902,scored,,5269,local_private_WBM_raw_structure_cache_not_distributed
wbm-1-57444,Os6 Te4,2|Os-Te,False,-7.3657989501953125,scored,,5270,local_private_WBM_raw_structure_cache_not_distributed
wbm-1-57446,Os1 Te2 Th6,3|Os-Te,False,-7.508676317003038,scored,,5271,local_private_WBM_raw_structure_cache_not_distributed
wbm-1-57454,Pb2 Te4,2|Pb-Te,True,-3.508103688557943,scored,,5272,local_private_WBM_raw_structure_cache_not_distributed
wbm-1-57456,Pr1 Te2 Tl1,3|Pr-Te,False,-4.327736854553223,scored,,5273,local_private_WBM_raw_structure_cache_not_distributed
wbm-1-57457,Pt6 Te4,2|Pt-Te,False,-5.02862777709961,scored,,5274,local_private_WBM_raw_structure_cache_not_distributed
wbm-1-57465,Pu3 Te2,2|Pu-Te,False,-10.480783081054687,scored,,5275,local_private_WBM_raw_structure_cache_not_distributed
wbm-1-57467,Re4 Te8,2|Re-Te,False,-6.156883239746094,scored,,5276,local_private_WBM_raw_structure_cache_not_distributed
wbm-1-57470,Sm1 Te2 Tl1,3|Sm-Te,False,-4.232016563415527,scored,,5277,local_private_WBM_raw_structure_cache_not_distributed
wbm-1-57471,Ta3 Te2,2|Ta-Te,False,-8.650119018554687,scored,,5278,local_private_WBM_raw_structure_cache_not_distributed
wbm-1-57472,Pb1 Ta1 Te2,3|Pb-Ta,False,-5.659630298614502,scored,,5279,local_private_WBM_raw_structure_cache_not_distributed
wbm-1-57474,Ta1 Te2 Tl1,3|Ta-Te,False,-4.802545070648193,scored,,5280,local_private_WBM_raw_structure_cache_not_distributed
wbm-1-57479,Tb3 Te2,2|Tb-Te,False,-4.975208282470703,scored,,5281,local_private_WBM_raw_structure_cache_not_distributed
wbm-1-57481,Tb1 Te2 Tl1,3|Tb-Te,False,-4.142483234405518,scored,,5282,local_private_WBM_raw_structure_cache_not_distributed
wbm-1-57483,Te2 Th3,2|Te-Th,False,-6.504396057128906,scored,,5283,local_private_WBM_raw_structure_cache_not_distributed
wbm-1-57487,Bi1 Te2 Tl1,3|Bi-Te,False,-3.168823480606079,scored,,5284,local_private_WBM_raw_structure_cache_not_distributed
wbm-1-57488,Np1 Te2 Tl1,3|Np-Te,False,-5.76796817779541,scored,,5285,local_private_WBM_raw_structure_cache_not_distributed
wbm-1-57489,Pu1 Te2 Tl1,3|Pu-Te,False,-6.269933700561523,scored,,5286,local_private_WBM_raw_structure_cache_not_distributed
wbm-1-57490,Te2 Th1 Tl1,3|Te-Th,False,-4.9823384284973145,scored,,5287,local_private_WBM_raw_structure_cache_not_distributed
wbm-1-57491,Te2 Tl1 U1,3|Te-Tl,True,-5.538844585418701,scored,,5288,local_private_WBM_raw_structure_cache_not_distributed
wbm-1-57493,Te2 Tm3,2|Te-Tm,False,-4.8153831481933596,scored,,5289,local_private_WBM_raw_structure_cache_not_distributed
wbm-1-57498,Te2 U3,2|Te-U,False,-8.021109008789063,scored,,5290,local_private_WBM_raw_structure_cache_not_distributed
wbm-1-57500,Te8 W4,2|Te-W,False,-6.518431345621745,scored,,5291,local_private_WBM_raw_structure_cache_not_distributed
wbm-1-57508,Ac2 Te6,2|Ac-Te,False,-4.278729438781738,scored,,5292,local_private_WBM_raw_structure_cache_not_distributed
wbm-1-57509,Au4 Te6 Tl2,3|Au-Te,False,-3.226332346598307,scored,,5293,local_private_WBM_raw_structure_cache_not_distributed
wbm-1-57514,Bi8 Te3,2|Bi-Te,True,-3.763064644553445,scored,,5294,local_private_WBM_raw_structure_cache_not_distributed
wbm-1-57518,Cs4 Te6,2|Cs-Te,False,-2.9678438186645506,scored,,5295,local_private_WBM_raw_structure_cache_not_distributed
wbm-1-57536,Hf4 Te6,2|Hf-Te,False,-6.611905670166015,scored,,5296,local_private_WBM_raw_structure_cache_not_distributed
wbm-1-57541,Ir4 Te6 Tl2,3|Ir-Te,False,-5.124510129292806,scored,,5297,local_private_WBM_raw_structure_cache_not_distributed
wbm-1-57549,Nd4 Te6,2|Nd-Te,False,-5.227154159545899,scored,,5298,local_private_WBM_raw_structure_cache_not_distributed
wbm-1-57554,Pr4 Te6,2|Pr-Te,False,-5.237620162963867,scored,,5299,local_private_WBM_raw_structure_cache_not_distributed
wbm-1-57560,Sm4 Te6,2|Sm-Te,False,-5.193520736694336,scored,,5300,local_private_WBM_raw_structure_cache_not_distributed
wbm-1-57575,Te6 Yb4,2|Te-Yb,False,-3.6513736724853514,scored,,5301,local_private_WBM_raw_structure_cache_not_distributed
wbm-1-57580,Ba1 Te4 Tl2,3|Ba-Te,False,-3.2833249228341237,scored,,5302,local_private_WBM_raw_structure_cache_not_distributed
wbm-1-57601,Te4 Tl3,2|Te-Tl,False,-2.9788665771484375,scored,,5303,local_private_WBM_raw_structure_cache_not_distributed
wbm-1-57655,Hg2 Te2,2|Hg-Te,False,-1.873159408569336,scored,,5304,local_private_WBM_raw_structure_cache_not_distributed
wbm-1-57667,I2 Pr2 Te1,3|I-Pr,False,-4.556927108764649,scored,,5305,local_private_WBM_raw_structure_cache_not_distributed
wbm-1-57669,I2 Sm2 Te1,3|I-Sm,True,-4.480093002319336,scored,,5306,local_private_WBM_raw_structure_cache_not_distributed
wbm-1-57670,I2 Te1 Th2,3|I-Te,False,-5.265988159179687,scored,,5307,local_private_WBM_raw_structure_cache_not_distributed
wbm-1-57675,I12 Ta4 Te4,3|I-Ta,False,-4.342572402954102,scored,,5308,local_private_WBM_raw_structure_cache_not_distributed
wbm-1-57734,Ag1 Ti2 Tl1,3|Ag-Ti,False,-5.076257705688477,scored,,5309,local_private_WBM_raw_structure_cache_not_distributed
wbm-1-57737,As2 Ti4,2|As-Ti,True,-7.597789128621419,scored,,5310,local_private_WBM_raw_structure_cache_not_distributed
wbm-1-57738,Au6 Ti4,2|Au-Ti,False,-5.545358657836914,scored,,5311,local_private_WBM_raw_structure_cache_not_distributed
wbm-1-57742,Ce1 Ti2,2|Ce-Ti,False,-6.964663823445638,scored,,5312,local_private_WBM_raw_structure_cache_not_distributed
wbm-1-57744,Co6 Ti4,2|Co-Ti,False,-7.717587280273437,scored,,5313,local_private_WBM_raw_structure_cache_not_distributed
wbm-1-57750,Co1 Ti2 W1,3|Co-Ti,False,-9.140893936157227,scored,,5314,local_private_WBM_raw_structure_cache_not_distributed
wbm-1-57764,Cr1 Ti2,2|Cr-Ti,False,-8.503926595052084,scored,,5315,local_private_WBM_raw_structure_cache_not_distributed
wbm-1-57765,Cu6 Ti4,2|Cu-Ti,False,-5.7221019744873045,scored,,5316,local_private_WBM_raw_structure_cache_not_distributed
wbm-1-57778,Cu1 Ti2 Zn1,3|Cu-Ti,False,-5.374417304992676,scored,,5317,local_private_WBM_raw_structure_cache_not_distributed
wbm-1-57779,Fe6 Ti4,2|Fe-Ti,False,-8.496110534667968,scored,,5318,local_private_WBM_raw_structure_cache_not_distributed
wbm-1-57781,Fe4 Ti2 Y1,3|Fe-Ti,False,-8.081340789794922,scored,,5319,local_private_WBM_raw_structure_cache_not_distributed
wbm-1-57799,Ga6 Ti4,2|Ga-Ti,False,-5.4074359893798825,scored,,5320,local_private_WBM_raw_structure_cache_not_distributed
wbm-1-57812,Ga4 Th1 Ti2,3|Ga-Th,False,-5.5667588370186945,scored,,5321,local_private_WBM_raw_structure_cache_not_distributed
wbm-1-57813,Ga4 Ti2 U1,3|Ga-Ti,False,-5.909050532749721,scored,,5322,local_private_WBM_raw_structure_cache_not_distributed
wbm-1-57829,Ge2 Ti4,2|Ge-Ti,False,-7.274553934733073,scored,,5323,local_private_WBM_raw_structure_cache_not_distributed
wbm-1-57832,Hf1 Ti2 W1,3|Hf-Ti,False,-9.645723342895508,scored,,5324,local_private_WBM_raw_structure_cache_not_distributed
wbm-1-57833,Hf1 Ti2,2|Hf-Ti,True,-8.547481536865234,scored,,5325,local_private_WBM_raw_structure_cache_not_distributed
wbm-1-57836,Hg1 Ti2,2|Hg-Ti,False,-5.451896031697591,scored,,5326,local_private_WBM_raw_structure_cache_not_distributed
wbm-1-57837,In6 Ti4,2|In-Ti,False,-4.8333992004394535,scored,,5327,local_private_WBM_raw_structure_cache_not_distributed
wbm-1-57840,Ir6 Ti4,2|Ir-Ti,False,-9.264567565917968,scored,,5328,local_private_WBM_raw_structure_cache_not_distributed
wbm-1-57852,Mn1 Ti2 W1,3|Mn-Ti,False,-9.60747241973877,scored,,5329,local_private_WBM_raw_structure_cache_not_distributed
wbm-1-57853,Mn1 Ti2,2|Mn-Ti,False,-8.464670181274414,scored,,5330,local_private_WBM_raw_structure_cache_not_distributed
wbm-1-57859,Mo1 Re1 Ti2,3|Mo-Re,False,-10.205174446105957,scored,,5331,local_private_WBM_raw_structure_cache_not_distributed
wbm-1-57862,Mo1 Ti2 W1,3|Mo-Ti,False,-10.10953140258789,scored,,5332,local_private_WBM_raw_structure_cache_not_distributed
wbm-1-57867,Nb1 Ta1 Ti2,3|Nb-Ta,False,-9.389455795288086,scored,,5333,local_private_WBM_raw_structure_cache_not_distributed
wbm-1-57868,Nb1 Ti2,2|Nb-Ti,False,-8.531106313069662,scored,,5334,local_private_WBM_raw_structure_cache_not_distributed
wbm-1-57872,Ni6 Ti4,2|Ni-Ti,False,-7.025963592529297,scored,,5335,local_private_WBM_raw_structure_cache_not_distributed
wbm-1-57881,Ni1 Ti2 W1,3|Ni-Ti,False,-8.830144882202148,scored,,5336,local_private_WBM_raw_structure_cache_not_distributed
wbm-1-57888,Os1 Ti2,2|Os-Ti,True,-9.506791432698568,scored,,5337,local_private_WBM_raw_structure_cache_not_distributed
wbm-1-57889,Pb2 Ti4,2|Pb-Ti,False,-6.532522201538086,scored,,5338,local_private_WBM_raw_structure_cache_not_distributed
wbm-1-57894,Pd1 Ti2 W1,3|Pd-Ti,False,-8.743584632873535,scored,,5339,local_private_WBM_raw_structure_cache_not_distributed
wbm-1-57895,Pt6 Ti4,2|Pt-Ti,False,-7.71465835571289,scored,,5340,local_private_WBM_raw_structure_cache_not_distributed
wbm-1-57899,Rh6 Ti4,2|Rh-Ti,False,-8.286088562011718,scored,,5341,local_private_WBM_raw_structure_cache_not_distributed
wbm-1-57903,Rh1 Ti2 W1,3|Rh-Ti,False,-9.514870643615723,scored,,5342,local_private_WBM_raw_structure_cache_not_distributed
wbm-1-57912,Ru1 Ti2 W1,3|Ru-Ti,False,-9.937308311462402,scored,,5343,local_private_WBM_raw_structure_cache_not_distributed
wbm-1-57913,Ru1 Ti2,2|Ru-Ti,True,-8.878059387207031,scored,,5344,local_private_WBM_raw_structure_cache_not_distributed
wbm-1-57916,Se6 Ti4,2|Se-Ti,False,-6.428528594970703,scored,,5345,local_private_WBM_raw_structure_cache_not_distributed
wbm-1-57924,Sn6 Ti4,2|Sn-Ti,False,-5.717378234863281,scored,,5346,local_private_WBM_raw_structure_cache_not_distributed
wbm-1-57926,Ta1 Ti2,2|Ta-Ti,False,-9.115595499674479,scored,,5347,local_private_WBM_raw_structure_cache_not_distributed
wbm-1-57929,Tb1 Ti2,2|Tb-Ti,False,-6.462849934895833,scored,,5348,local_private_WBM_raw_structure_cache_not_distributed
wbm-1-57935,Tc1 Ti2 Tl1,3|Tc-Ti,False,-7.12571907043457,scored,,5349,local_private_WBM_raw_structure_cache_not_distributed
wbm-1-57937,Te6 Ti4,2|Te-Ti,False,-5.744500732421875,scored,,5350,local_private_WBM_raw_structure_cache_not_distributed
wbm-1-57940,Ti2 Tl1,2|Ti-Tl,False,-6.097347895304362,scored,,5351,local_private_WBM_raw_structure_cache_not_distributed
wbm-1-57941,Ti2 Tm1,2|Ti-Tm,False,-6.437652587890625,scored,,5352,local_private_WBM_raw_structure_cache_not_distributed
wbm-1-57942,Ti2 U1,2|Ti-U,False,-8.811168670654297,scored,,5353,local_private_WBM_raw_structure_cache_not_distributed
wbm-1-57945,Ge1 Ti2 V1,3|Ge-Ti,False,-7.709925651550293,scored,,5354,local_private_WBM_raw_structure_cache_not_distributed
wbm-1-57948,Os1 Ti2 W1,3|Os-Ti,False,-10.37722396850586,scored,,5355,local_private_WBM_raw_structure_cache_not_distributed
wbm-1-57949,Pt1 Ti2 W1,3|Pt-Ti,False,-9.237070083618164,scored,,5356,local_private_WBM_raw_structure_cache_not_distributed
wbm-1-57950,Re1 Ti2 W1,3|Re-Ti,False,-10.622064590454102,scored,,5357,local_private_WBM_raw_structure_cache_not_distributed
wbm-1-57951,Ti2 W1,2|Ti-W,False,-9.600090026855469,scored,,5358,local_private_WBM_raw_structure_cache_not_distributed
wbm-1-57952,In4 Ti2 Y1,3|In-Ti,False,-5.025749751499721,scored,,5359,local_private_WBM_raw_structure_cache_not_distributed
wbm-1-57953,Sn4 Ti2 Y1,3|Sn-Ti,False,-5.820214952741351,scored,,5360,local_private_WBM_raw_structure_cache_not_distributed
wbm-1-57954,Ti2 Y1,2|Ti-Y,False,-7.016157150268555,scored,,5361,local_private_WBM_raw_structure_cache_not_distributed
wbm-1-57955,Au1 Ti2 Zn1,3|Au-Ti,False,-5.402768135070801,scored,,5362,local_private_WBM_raw_structure_cache_not_distributed
wbm-1-57958,Ir1 Ti2 Zn1,3|Ir-Ti,False,-7.065545558929443,scored,,5363,local_private_WBM_raw_structure_cache_not_distributed
wbm-1-57963,Se4 Ti2 Zn1,3|Se-Ti,False,-5.386993953159878,scored,,5364,local_private_WBM_raw_structure_cache_not_distributed
wbm-1-57964,Ti2 W1 Zn1,3|Ti-W,False,-7.627689838409424,scored,,5365,local_private_WBM_raw_structure_cache_not_distributed
wbm-1-57967,Nb1 Ti2 Zr1,3|Nb-Ti,False,-8.538947105407715,scored,,5366,local_private_WBM_raw_structure_cache_not_distributed
wbm-1-57970,Ti8 Zr4,2|Ti-Zr,False,-8.0053342183431,scored,,5367,local_private_WBM_raw_structure_cache_not_distributed
wbm-1-57972,Ag2 Ti6,2|Ag-Ti,False,-6.566162109375,scored,,5368,local_private_WBM_raw_structure_cache_not_distributed
wbm-1-57975,Bi1 Ti3,2|Bi-Ti,False,-6.944515228271484,scored,,5369,local_private_WBM_raw_structure_cache_not_distributed
wbm-1-57978,Cd2 Ti6,2|Cd-Ti,False,-6.145071983337402,scored,,5370,local_private_WBM_raw_structure_cache_not_distributed
wbm-1-57986,Cs1 Ti3,2|Cs-Ti,False,-5.022403717041016,scored,,5371,local_private_WBM_raw_structure_cache_not_distributed
wbm-1-58019,La2 Ti6,2|La-Ti,False,-6.845664978027344,scored,,5372,local_private_WBM_raw_structure_cache_not_distributed
wbm-1-58023,Mo1 Ti3,2|Mo-Ti,False,-8.754709243774414,scored,,5373,local_private_WBM_raw_structure_cache_not_distributed
wbm-1-58037,Pd2 Ti6,2|Pd-Ti,False,-7.512797832489014,scored,,5374,local_private_WBM_raw_structure_cache_not_distributed
wbm-1-58044,Rb1 Ti3,2|Rb-Ti,False,-4.937248229980469,scored,,5375,local_private_WBM_raw_structure_cache_not_distributed
wbm-1-58045,Re2 Ti6,2|Re-Ti,False,-9.298408508300781,scored,,5376,local_private_WBM_raw_structure_cache_not_distributed
wbm-1-58057,Sb4 Ti6,2|Sb-Ti,False,-6.8814544677734375,scored,,5377,local_private_WBM_raw_structure_cache_not_distributed
wbm-1-58061,Sr1 Ti3,2|Sr-Ti,False,-5.582208156585693,scored,,5378,local_private_WBM_raw_structure_cache_not_distributed
wbm-1-58065,Tc2 Ti6,2|Tc-Ti,False,-8.793547630310059,scored,,5379,local_private_WBM_raw_structure_cache_not_distributed
wbm-1-58071,Ti3 V1,2|Ti-V,False,-8.080656051635742,scored,,5380,local_private_WBM_raw_structure_cache_not_distributed
wbm-1-58076,Ti6 Zn2,2|Ti-Zn,True,-6.386960029602051,scored,,5381,local_private_WBM_raw_structure_cache_not_distributed
wbm-1-58121,As2 Ta2 Ti2,3|As-Ta,False,-8.668609619140625,scored,,5382,local_private_WBM_raw_structure_cache_not_distributed
wbm-1-58123,As2 Ti2 Tm2,3|As-Ti,False,-6.7630354563395185,scored,,5383,local_private_WBM_raw_structure_cache_not_distributed
wbm-1-58147,Br6 Ti2,2|Br-Ti,False,-4.340086460113525,scored,,5384,local_private_WBM_raw_structure_cache_not_distributed
wbm-1-58185,Co1 Ga1 Ni1 Ti1,4|Co-Ga,False,-6.476344585418701,scored,,5385,local_private_WBM_raw_structure_cache_not_distributed
wbm-1-58204,Cr2 Ti1 W1,3|Cr-Ti,False,-10.196961402893066,scored,,5386,local_private_WBM_raw_structure_cache_not_distributed
wbm-1-58257,Cu2 Sn2 Te6 Ti2,4|Cu-Sn,False,-4.621138572692871,scored,,5387,local_private_WBM_raw_structure_cache_not_distributed
wbm-1-58294,Fe1 Ga1 Rh1 Ti1,4|Fe-Ga,True,-7.284938812255859,scored,,5388,local_private_WBM_raw_structure_cache_not_distributed
wbm-1-58363,Ge6 Sm2 Ti2,3|Ge-Sm,False,-5.916978073120117,scored,,5389,local_private_WBM_raw_structure_cache_not_distributed
wbm-1-58366,Ge6 Th2 Ti2,3|Ge-Th,True,-6.497611236572266,scored,,5390,local_private_WBM_raw_structure_cache_not_distributed
wbm-1-58419,Hg2 Ti1 Tl1,3|Hg-Ti,False,-2.494349956512451,scored,,5391,local_private_WBM_raw_structure_cache_not_distributed
wbm-1-58423,I8 Ti4,2|I-Ti,False,-4.317017555236816,scored,,5392,local_private_WBM_raw_structure_cache_not_distributed
wbm-1-58494,Mo1 Ta2 Ti1,3|Mo-Ta,False,-10.73985767364502,scored,,5393,local_private_WBM_raw_structure_cache_not_distributed
wbm-1-58548,Ni2 Te6 Ti2 Tl2,4|Ni-Te,True,-4.725888570149739,scored,,5394,local_private_WBM_raw_structure_cache_not_distributed
wbm-1-58642,Ru2 Th1 Ti1,3|Ru-Th,False,-9.003613471984863,scored,,5395,local_private_WBM_raw_structure_cache_not_distributed
wbm-1-58667,Re2 Sb1 Ti1,3|Re-Sb,False,-9.191214561462402,scored,,5396,local_private_WBM_raw_structure_cache_not_distributed
wbm-1-58714,La2 Sn6 Ti2,3|La-Sn,False,-5.490281295776367,scored,,5397,local_private_WBM_raw_structure_cache_not_distributed
wbm-1-58731,Sr1 Ti1 Tl2,3|Sr-Ti,False,-3.4921371936798096,scored,,5398,local_private_WBM_raw_structure_cache_not_distributed
wbm-1-58732,Ir1 Ta2 Ti1,3|Ir-Ta,False,-10.431941986083984,scored,,5399,local_private_WBM_raw_structure_cache_not_distributed
wbm-1-58738,Bi1 Tc2 Ti1,3|Bi-Tc,False,-7.955539226531982,scored,,5400,local_private_WBM_raw_structure_cache_not_distributed
wbm-1-58742,Te2 Ti1 Tl1,3|Te-Ti,False,-4.709517478942871,scored,,5401,local_private_WBM_raw_structure_cache_not_distributed
wbm-1-58774,Ti1 V1 W2,3|Ti-V,False,-10.782609939575195,scored,,5402,local_private_WBM_raw_structure_cache_not_distributed
wbm-1-58790,Sb2 Ti2 Y2,3|Sb-Ti,False,-6.855000813802083,scored,,5403,local_private_WBM_raw_structure_cache_not_distributed
wbm-1-58800,Ta1 Ti1 Zn2,3|Ta-Ti,False,-5.648486137390137,scored,,5404,local_private_WBM_raw_structure_cache_not_distributed
wbm-1-58803,Ti1 Zn2 Zr1,3|Ti-Zn,False,-4.994007110595703,scored,,5405,local_private_WBM_raw_structure_cache_not_distributed
wbm-1-58826,Bi1 Tl2,2|Bi-Tl,False,-2.857275644938151,scored,,5406,local_private_WBM_raw_structure_cache_not_distributed
wbm-1-58828,Ac2 Tl6,2|Ac-Tl,True,-3.0440115928649902,scored,,5407,local_private_WBM_raw_structure_cache_not_distributed
wbm-1-58829,Pu1 Tl3,2|Pu-Tl,True,-5.42527961730957,scored,,5408,local_private_WBM_raw_structure_cache_not_distributed
wbm-1-58832,Pb1 Tl1,2|Pb-Tl,False,-3.021040916442871,scored,,5409,local_private_WBM_raw_structure_cache_not_distributed
wbm-1-58834,Th2 Tl1,2|Th-Tl,False,-5.7570374806722,scored,,5410,local_private_WBM_raw_structure_cache_not_distributed
wbm-1-58838,Tl1 U2,2|Tl-U,False,-8.21170171101888,scored,,5411,local_private_WBM_raw_structure_cache_not_distributed
wbm-1-58842,Au1 Tm2,2|Au-Tm,False,-4.651030858357747,scored,,5412,local_private_WBM_raw_structure_cache_not_distributed
wbm-1-58844,Hg1 Tm2,2|Hg-Tm,False,-3.3645757039388022,scored,,5413,local_private_WBM_raw_structure_cache_not_distributed
wbm-1-58850,Tl1 Tm2,2|Tl-Tm,False,-3.9581263860066733,scored,,5414,local_private_WBM_raw_structure_cache_not_distributed
wbm-1-58851,Ac1 Tm3,2|Ac-Tm,False,-4.282419204711914,scored,,5415,local_private_WBM_raw_structure_cache_not_distributed
wbm-1-58853,Bi1 Tm3,2|Bi-Tm,False,-4.5633544921875,scored,,5416,local_private_WBM_raw_structure_cache_not_distributed
wbm-1-58855,Pb2 Tm6,2|Pb-Tm,False,-4.523748874664307,scored,,5417,local_private_WBM_raw_structure_cache_not_distributed
wbm-1-58856,Pt1 Tm3,2|Pt-Tm,False,-5.339728832244873,scored,,5418,local_private_WBM_raw_structure_cache_not_distributed
wbm-1-58873,Hf5 Tm1,2|Hf-Tm,False,-8.961605072021484,scored,,5419,local_private_WBM_raw_structure_cache_not_distributed
wbm-1-58878,Ir9 Tm3,2|Ir-Tm,False,-8.352263768513998,scored,,5420,local_private_WBM_raw_structure_cache_not_distributed
wbm-1-58886,Os4 Tm2,2|Os-Tm,False,-9.291278839111328,scored,,5421,local_private_WBM_raw_structure_cache_not_distributed
wbm-1-58895,Tm2 W4,2|Tm-W,False,-10.203608194986979,scored,,5422,local_private_WBM_raw_structure_cache_not_distributed
wbm-1-58912,Ag1 V2,2|Ag-V,False,-6.835104624430339,scored,,5423,local_private_WBM_raw_structure_cache_not_distributed
wbm-1-58913,As4 V8,2|As-V,False,-8.0182253519694,scored,,5424,local_private_WBM_raw_structure_cache_not_distributed
wbm-1-58914,Au1 V2,2|Au-V,False,-7.119333267211914,scored,,5425,local_private_WBM_raw_structure_cache_not_distributed
wbm-1-58916,Cd1 V2,2|Cd-V,False,-6.259406407674153,scored,,5426,local_private_WBM_raw_structure_cache_not_distributed
wbm-1-58917,Ce2 V4,2|Ce-V,False,-7.688688278198242,scored,,5427,local_private_WBM_raw_structure_cache_not_distributed
wbm-1-58922,Co2 V4,2|Co-V,False,-8.414388020833334,scored,,5428,local_private_WBM_raw_structure_cache_not_distributed
wbm-1-58929,Cr1 V2 W1,3|Cr-V,False,-10.228975296020508,scored,,5429,local_private_WBM_raw_structure_cache_not_distributed
wbm-1-58939,Cu1 V2,2|Cu-V,False,-7.3926442464192705,scored,,5430,local_private_WBM_raw_structure_cache_not_distributed
wbm-1-58940,Cu1 V2 Zn1,3|Cu-V,False,-5.710246562957764,scored,,5431,local_private_WBM_raw_structure_cache_not_distributed
wbm-1-58941,Dy2 V4,2|Dy-V,False,-7.206862131754558,scored,,5432,local_private_WBM_raw_structure_cache_not_distributed
wbm-1-58942,Er2 V4,2|Er-V,False,-7.298652013142903,scored,,5433,local_private_WBM_raw_structure_cache_not_distributed
wbm-1-58944,Fe4 V2 Zr1,3|Fe-V,False,-8.74645015171596,scored,,5434,local_private_WBM_raw_structure_cache_not_distributed
wbm-1-58952,Ga6 V4,2|Ga-V,False,-5.570783996582032,scored,,5435,local_private_WBM_raw_structure_cache_not_distributed
wbm-1-58970,Ga4 Tm1 V2,3|Ga-Tm,True,-5.364368983677456,scored,,5436,local_private_WBM_raw_structure_cache_not_distributed
wbm-1-58971,Ga4 U1 V2,3|Ga-U,False,-6.125752040318081,scored,,5437,local_private_WBM_raw_structure_cache_not_distributed
wbm-1-58972,Ga4 V2 Yb1,3|Ga-V,False,-4.911773136683872,scored,,5438,local_private_WBM_raw_structure_cache_not_distributed
wbm-1-58984,Gd2 V4,2|Gd-V,False,-10.325894037882486,scored,,5439,local_private_WBM_raw_structure_cache_not_distributed
wbm-1-58987,Ge2 V4,2|Ge-V,False,-7.89402707417806,scored,,5440,local_private_WBM_raw_structure_cache_not_distributed
wbm-1-58990,Hf4 V8,2|Hf-V,False,-9.357539494832357,scored,,5441,local_private_WBM_raw_structure_cache_not_distributed
wbm-1-58991,Hg1 V2,2|Hg-V,False,-5.777657826741536,scored,,5442,local_private_WBM_raw_structure_cache_not_distributed
wbm-1-58992,Ho2 V4,2|Ho-V,False,-7.224839528401692,scored,,5443,local_private_WBM_raw_structure_cache_not_distributed
wbm-1-58995,Lu2 V4,2|Lu-V,False,-7.334351857503255,scored,,5444,local_private_WBM_raw_structure_cache_not_distributed
wbm-1-59008,Mn2 V4,2|Mn-V,False,-8.851056416829428,scored,,5445,local_private_WBM_raw_structure_cache_not_distributed
wbm-1-59017,Nb2 V4,2|Nb-V,True,-9.450019836425781,scored,,5446,local_private_WBM_raw_structure_cache_not_distributed
wbm-1-59029,Ni2 V4,2|Ni-V,False,-8.038443247477213,scored,,5447,local_private_WBM_raw_structure_cache_not_distributed
wbm-1-59033,Pd6 V4,2|Pd-V,False,-6.977254486083984,scored,,5448,local_private_WBM_raw_structure_cache_not_distributed
wbm-1-59040,Pt4 V8,2|Pt-V,False,-8.455814997355143,scored,,5449,local_private_WBM_raw_structure_cache_not_distributed
wbm-1-59042,Re1 V2,2|Re-V,True,-10.52441151936849,scored,,5450,local_private_WBM_raw_structure_cache_not_distributed
wbm-1-59046,Rh1 V2,2|Rh-V,False,-8.75292714436849,scored,,5451,local_private_WBM_raw_structure_cache_not_distributed
wbm-1-59053,Se6 V4,2|Se-V,False,-6.442765808105468,scored,,5452,local_private_WBM_raw_structure_cache_not_distributed
wbm-1-59060,Sn2 V4,2|Sn-V,False,-7.277808507283528,scored,,5453,local_private_WBM_raw_structure_cache_not_distributed
wbm-1-59061,Ta4 V8,2|Ta-V,True,-10.081798553466797,scored,,5454,local_private_WBM_raw_structure_cache_not_distributed
wbm-1-59062,Tb2 V4,2|Tb-V,False,-7.193606058756511,scored,,5455,local_private_WBM_raw_structure_cache_not_distributed
wbm-1-59067,Ir1 Tc1 V2,3|Ir-Tc,False,-9.822981834411621,scored,,5456,local_private_WBM_raw_structure_cache_not_distributed
wbm-1-59072,Tc1 V2 W1,3|Tc-V,True,-10.639369010925293,scored,,5457,local_private_WBM_raw_structure_cache_not_distributed
wbm-1-59073,Te6 V4,2|Te-V,False,-5.831340408325195,scored,,5458,local_private_WBM_raw_structure_cache_not_distributed
wbm-1-59076,Th2 V4,2|Th-V,False,-8.12243906656901,scored,,5459,local_private_WBM_raw_structure_cache_not_distributed
wbm-1-59077,Tl1 V2,2|Tl-V,False,-6.528382619222005,scored,,5460,local_private_WBM_raw_structure_cache_not_distributed
wbm-1-59078,Tm2 V4,2|Tm-V,False,-7.238224029541016,scored,,5461,local_private_WBM_raw_structure_cache_not_distributed
wbm-1-59079,U2 V4,2|U-V,False,-9.465213139851889,scored,,5462,local_private_WBM_raw_structure_cache_not_distributed
wbm-1-59080,Ir1 V2 W1,3|Ir-V,False,-10.306074142456055,scored,,5463,local_private_WBM_raw_structure_cache_not_distributed
wbm-1-59081,V4 Y2,2|V-Y,False,-7.8345896402994795,scored,,5464,local_private_WBM_raw_structure_cache_not_distributed
wbm-1-59082,Au1 V2 Zn1,3|Au-V,False,-5.595956802368164,scored,,5465,local_private_WBM_raw_structure_cache_not_distributed
wbm-1-59084,Ge1 V2 Zn1,3|Ge-V,False,-6.186975479125977,scored,,5466,local_private_WBM_raw_structure_cache_not_distributed
wbm-1-59086,Os1 V2 Zn1,3|Os-V,False,-7.7051544189453125,scored,,5467,local_private_WBM_raw_structure_cache_not_distributed
wbm-1-59087,Pt1 V2 Zn1,3|Pt-V,False,-6.598404884338379,scored,,5468,local_private_WBM_raw_structure_cache_not_distributed
wbm-1-59088,Re1 V2 Zn1,3|Re-V,False,-8.110109329223633,scored,,5469,local_private_WBM_raw_structure_cache_not_distributed
wbm-1-59089,Ru1 V2 Zn1,3|Ru-V,False,-7.288626194000244,scored,,5470,local_private_WBM_raw_structure_cache_not_distributed
wbm-1-59091,V2 Zn1,2|V-Zn,False,-6.556896209716797,scored,,5471,local_private_WBM_raw_structure_cache_not_distributed
wbm-1-59092,In4 V2 Zr1,3|In-V,False,-5.332389831542969,scored,,5472,local_private_WBM_raw_structure_cache_not_distributed
wbm-1-59093,Sn4 V2 Zr1,3|Sn-V,False,-6.047793797084263,scored,,5473,local_private_WBM_raw_structure_cache_not_distributed
wbm-1-59094,V2 Zr1,2|V-Zr,False,-8.69967269897461,scored,,5474,local_private_WBM_raw_structure_cache_not_distributed
wbm-1-59098,Bi4 V6,2|Bi-V,False,-6.798502349853516,scored,,5475,local_private_WBM_raw_structure_cache_not_distributed
wbm-1-59101,Cr2 V6,2|Cr-V,False,-9.280496597290039,scored,,5476,local_private_WBM_raw_structure_cache_not_distributed
wbm-1-59114,In2 V6,2|In-V,False,-7.339771270751953,scored,,5477,local_private_WBM_raw_structure_cache_not_distributed
wbm-1-59116,La2 V6,2|La-V,False,-7.6375017166137695,scored,,5478,local_private_WBM_raw_structure_cache_not_distributed
wbm-1-59122,Os2 V6,2|Os-V,False,-9.932205200195312,scored,,5479,local_private_WBM_raw_structure_cache_not_distributed
wbm-1-59123,Pb2 V6,2|Pb-V,False,-7.399028778076172,scored,,5480,local_private_WBM_raw_structure_cache_not_distributed
wbm-1-59129,Ru2 V6,2|Ru-V,False,-9.41998291015625,scored,,5481,local_private_WBM_raw_structure_cache_not_distributed
wbm-1-59131,Sr1 V3,2|Sr-V,False,-6.093439102172852,scored,,5482,local_private_WBM_raw_structure_cache_not_distributed
wbm-1-59132,Tc2 V6,2|Tc-V,True,-9.702005386352539,scored,,5483,local_private_WBM_raw_structure_cache_not_distributed
wbm-1-59138,V3 W1,2|V-W,True,-10.107816696166992,scored,,5484,local_private_WBM_raw_structure_cache_not_distributed
wbm-1-59144,Fe5 V4,2|Fe-V,False,-8.820070054796007,scored,,5485,local_private_WBM_raw_structure_cache_not_distributed
wbm-1-59179,As2 V2 Zr2,3|As-V,True,-8.181088129679361,scored,,5486,local_private_WBM_raw_structure_cache_not_distributed
wbm-1-59199,Br6 V2,2|Br-V,False,-4.26944637298584,scored,,5487,local_private_WBM_raw_structure_cache_not_distributed
wbm-1-59348,Ge1 Re2 V1,3|Ge-Re,False,-9.470394134521484,scored,,5488,local_private_WBM_raw_structure_cache_not_distributed
wbm-1-59362,Ge2 Tm2 V2,3|Ge-Tm,False,-6.671672821044922,scored,,5489,local_private_WBM_raw_structure_cache_not_distributed
wbm-1-59364,Ge2 U2 V2,3|Ge-U,False,-8.52357037862142,scored,,5490,local_private_WBM_raw_structure_cache_not_distributed
wbm-1-59377,I4 V2,2|I-V,False,-4.466132164001465,scored,,5491,local_private_WBM_raw_structure_cache_not_distributed
wbm-1-59393,Ir4 V2,2|Ir-V,False,-8.978693644205729,scored,,5492,local_private_WBM_raw_structure_cache_not_distributed
wbm-1-59404,Mn2 V1 W1,3|Mn-V,False,-10.20895004272461,scored,,5493,local_private_WBM_raw_structure_cache_not_distributed
wbm-1-59420,Mo4 V2,2|Mo-V,False,-9.840147018432617,scored,,5494,local_private_WBM_raw_structure_cache_not_distributed
wbm-1-59435,Ni2 V1 Zn1,3|Ni-V,False,-5.675661087036133,scored,,5495,local_private_WBM_raw_structure_cache_not_distributed
wbm-1-59529,Ru2 U1 V1,3|Ru-U,False,-9.920543670654297,scored,,5496,local_private_WBM_raw_structure_cache_not_distributed
wbm-1-59541,Sb4 V2,2|Sb-V,True,-5.826310475667317,scored,,5497,local_private_WBM_raw_structure_cache_not_distributed
wbm-1-59576,Se4 V1 Zr1,3|Se-V,False,-6.222944895426433,scored,,5498,local_private_WBM_raw_structure_cache_not_distributed
wbm-1-59631,Ag1 V1 Zn2,3|Ag-V,False,-3.4802937507629395,scored,,5499,local_private_WBM_raw_structure_cache_not_distributed
wbm-1-59633,Pd1 V1 Zn2,3|Pd-V,False,-4.432614803314209,scored,,5500,local_private_WBM_raw_structure_cache_not_distributed
wbm-1-59635,Sr1 V1 Zn2,3|Sr-V,False,-3.0743489265441895,scored,,5501,local_private_WBM_raw_structure_cache_not_distributed
wbm-1-59638,V1 Zn2 Zr1,3|V-Zn,False,-5.210301399230957,scored,,5502,local_private_WBM_raw_structure_cache_not_distributed
wbm-1-59653,Te4 V1 Zr1,3|Te-V,False,-5.614320755004883,scored,,5503,local_private_WBM_raw_structure_cache_not_distributed
wbm-1-59655,Pu2 W4,2|Pu-W,False,-13.304361979166666,scored,,5504,local_private_WBM_raw_structure_cache_not_distributed
wbm-1-59656,Th2 W4,2|Th-W,False,-10.917933146158854,scored,,5505,local_private_WBM_raw_structure_cache_not_distributed
wbm-1-59657,U2 W4,2|U-W,False,-12.064796447753906,scored,,5506,local_private_WBM_raw_structure_cache_not_distributed
wbm-1-59658,Ir1 W3,2|Ir-W,False,-11.970532417297363,scored,,5507,local_private_WBM_raw_structure_cache_not_distributed
wbm-1-59660,Os2 W6,2|Os-W,False,-12.52625560760498,scored,,5508,local_private_WBM_raw_structure_cache_not_distributed
wbm-1-59662,Pt2 W6,2|Pt-W,False,-11.229022979736328,scored,,5509,local_private_WBM_raw_structure_cache_not_distributed
wbm-1-59664,Au2 W1,2|Au-W,False,-5.962960561116536,scored,,5510,local_private_WBM_raw_structure_cache_not_distributed
wbm-1-59687,Ag1 Y2,2|Ag-Y,False,-5.468767801920573,scored,,5511,local_private_WBM_raw_structure_cache_not_distributed
wbm-1-59691,Au1 Y2,2|Au-Y,False,-5.971355438232422,scored,,5512,local_private_WBM_raw_structure_cache_not_distributed
wbm-1-59697,Cd1 Y2,2|Cd-Y,False,-4.822301864624023,scored,,5513,local_private_WBM_raw_structure_cache_not_distributed
wbm-1-59703,In4 Y8,2|In-Y,True,-5.61764399210612,scored,,5514,local_private_WBM_raw_structure_cache_not_distributed
wbm-1-59718,Pd1 Y2,2|Pd-Y,False,-6.60943603515625,scored,,5515,local_private_WBM_raw_structure_cache_not_distributed
wbm-1-59734,Rh2 Y4,2|Rh-Y,False,-7.422566731770833,scored,,5516,local_private_WBM_raw_structure_cache_not_distributed
wbm-1-59742,Sb2 Y4,2|Sb-Y,False,-6.507187525431315,scored,,5517,local_private_WBM_raw_structure_cache_not_distributed
wbm-1-59754,Te6 Y4,2|Te-Y,False,-5.873913955688477,scored,,5518,local_private_WBM_raw_structure_cache_not_distributed
wbm-1-59760,Bi1 Y3,2|Bi-Y,False,-6.119204521179199,scored,,5519,local_private_WBM_raw_structure_cache_not_distributed
wbm-1-59761,Hg2 Y6,2|Hg-Y,False,-5.067155838012695,scored,,5520,local_private_WBM_raw_structure_cache_not_distributed
wbm-1-59763,La2 Y6,2|La-Y,False,-6.047012805938721,scored,,5521,local_private_WBM_raw_structure_cache_not_distributed
wbm-1-59764,Pb2 Y6,2|Pb-Y,False,-6.079884052276611,scored,,5522,local_private_WBM_raw_structure_cache_not_distributed
wbm-1-59766,Pt1 Y3,2|Pt-Y,False,-6.758872032165527,scored,,5523,local_private_WBM_raw_structure_cache_not_distributed
wbm-1-59768,Sn1 Y3,2|Sn-Y,False,-6.306143760681152,scored,,5524,local_private_WBM_raw_structure_cache_not_distributed
wbm-1-59770,Tc2 Y6,2|Tc-Y,False,-7.337688446044922,scored,,5525,local_private_WBM_raw_structure_cache_not_distributed
wbm-1-59772,Tl1 Y3,2|Tl-Y,False,-5.587803840637207,scored,,5526,local_private_WBM_raw_structure_cache_not_distributed
wbm-1-59832,Cs3 Y1,2|Cs-Y,False,-1.6197619438171387,scored,,5527,local_private_WBM_raw_structure_cache_not_distributed
wbm-1-59835,Hf5 Y1,2|Hf-Y,False,-9.24683952331543,scored,,5528,local_private_WBM_raw_structure_cache_not_distributed
wbm-1-59844,I8 Y4,2|I-Y,False,-4.461338361104329,scored,,5529,local_private_WBM_raw_structure_cache_not_distributed
wbm-1-59883,Ir8 Y4,2|Ir-Y,False,-8.781689961751303,scored,,5530,local_private_WBM_raw_structure_cache_not_distributed
wbm-1-59888,Ir3 Tl3 Y3,3|Ir-Tl,False,-6.420374128553602,scored,,5531,local_private_WBM_raw_structure_cache_not_distributed
wbm-1-59897,Mo4 Y2,2|Mo-Y,False,-9.302762985229492,scored,,5532,local_private_WBM_raw_structure_cache_not_distributed
wbm-1-59906,Os4 Y2,2|Os-Y,False,-9.90723737080892,scored,,5533,local_private_WBM_raw_structure_cache_not_distributed
wbm-1-59943,Pt4 Tl2 Y2,3|Pt-Tl,False,-6.060265064239502,scored,,5534,local_private_WBM_raw_structure_cache_not_distributed
wbm-1-59993,Ru4 Y2,2|Ru-Y,False,-8.653984705607096,scored,,5535,local_private_WBM_raw_structure_cache_not_distributed
wbm-1-60009,Ce2 Sb2 Y2,3|Ce-Sb,True,-6.357301076253255,scored,,5536,local_private_WBM_raw_structure_cache_not_distributed
wbm-1-60014,Sb2 Ta2 Y2,3|Sb-Ta,False,-7.989411036173503,scored,,5537,local_private_WBM_raw_structure_cache_not_distributed
wbm-1-60017,Sb2 Tm2 Y2,3|Sb-Tm,False,-5.809521357218425,scored,,5538,local_private_WBM_raw_structure_cache_not_distributed
wbm-1-60018,Sb2 U2 Y2,3|Sb-U,False,-7.767862955729167,scored,,5539,local_private_WBM_raw_structure_cache_not_distributed
wbm-1-60073,W8 Y4,2|W-Y,False,-10.740008036295572,scored,,5540,local_private_WBM_raw_structure_cache_not_distributed
wbm-1-60082,Bi2 Y2 Zr2,3|Bi-Y,False,-6.869492212931315,scored,,5541,local_private_WBM_raw_structure_cache_not_distributed
wbm-1-60083,Os2 Y1 Zr1,3|Os-Y,False,-9.640518188476562,scored,,5542,local_private_WBM_raw_structure_cache_not_distributed
wbm-1-60084,Pd2 Y1 Zr1,3|Pd-Y,False,-7.053159713745117,scored,,5543,local_private_WBM_raw_structure_cache_not_distributed
wbm-1-60085,Pt2 Y1 Zr1,3|Pt-Y,False,-7.795156002044678,scored,,5544,local_private_WBM_raw_structure_cache_not_distributed
wbm-1-60086,Rh2 Y1 Zr1,3|Rh-Y,False,-8.219493865966797,scored,,5545,local_private_WBM_raw_structure_cache_not_distributed
wbm-1-60087,Tc2 Y1 Zr1,3|Tc-Y,False,-9.030741691589355,scored,,5546,local_private_WBM_raw_structure_cache_not_distributed
wbm-1-60089,Bi2 Yb4,2|Bi-Yb,True,-3.0560379028320312,scored,,5547,local_private_WBM_raw_structure_cache_not_distributed
wbm-1-60093,Pb1 Yb2,2|Pb-Yb,False,-2.7644433975219727,scored,,5548,local_private_WBM_raw_structure_cache_not_distributed
wbm-1-60095,Ac1 Yb3,2|Ac-Yb,False,-2.132932662963867,scored,,5549,local_private_WBM_raw_structure_cache_not_distributed
wbm-1-60096,Hg4 Yb6,2|Hg-Yb,True,-1.5791023254394532,scored,,5550,local_private_WBM_raw_structure_cache_not_distributed
wbm-1-60098,Tl2 Yb6,2|Tl-Yb,False,-1.9797660112380981,scored,,5551,local_private_WBM_raw_structure_cache_not_distributed
wbm-1-60105,Au4 Yb2,2|Au-Yb,True,-3.496201197306315,scored,,5552,local_private_WBM_raw_structure_cache_not_distributed
wbm-1-60113,Hf5 Yb1,2|Hf-Yb,False,-8.39288330078125,scored,,5553,local_private_WBM_raw_structure_cache_not_distributed
wbm-1-60116,Ir9 Yb3,2|Ir-Yb,False,-7.420950571695964,scored,,5554,local_private_WBM_raw_structure_cache_not_distributed
wbm-1-60120,Os4 Yb2,2|Os-Yb,False,-8.003854115804037,scored,,5555,local_private_WBM_raw_structure_cache_not_distributed
wbm-1-60124,Pt2 Yb2,2|Pt-Yb,False,-4.8374128341674805,scored,,5556,local_private_WBM_raw_structure_cache_not_distributed
wbm-1-60146,Ag1 Tm1 Zn2,3|Ag-Tm,False,-2.7587642669677734,scored,,5557,local_private_WBM_raw_structure_cache_not_distributed
wbm-1-60147,Ag1 U1 Zn2,3|Ag-U,False,-3.9236879348754883,scored,,5558,local_private_WBM_raw_structure_cache_not_distributed
wbm-1-60148,Ag1 Yb1 Zn2,3|Ag-Yb,False,-1.9931280612945557,scored,,5559,local_private_WBM_raw_structure_cache_not_distributed
wbm-1-60155,As4 Tl2 Zn4,3|As-Tl,False,-2.905373382568359,scored,,5560,local_private_WBM_raw_structure_cache_not_distributed
wbm-1-60160,Au1 U1 Zn2,3|Au-U,False,-4.205676555633545,scored,,5561,local_private_WBM_raw_structure_cache_not_distributed
wbm-1-60161,Au4 Zn8,2|Au-Zn,True,-2.129581928253174,scored,,5562,local_private_WBM_raw_structure_cache_not_distributed
wbm-1-60167,Ba1 Tl1 Zn2,3|Ba-Tl,False,-1.8539185523986816,scored,,5563,local_private_WBM_raw_structure_cache_not_distributed
wbm-1-60168,Ba1 Zn2,2|Ba-Zn,True,-1.7025311787923176,scored,,5564,local_private_WBM_raw_structure_cache_not_distributed
wbm-1-60170,Bi2 Zn4,2|Bi-Zn,False,-2.019129912058512,scored,,5565,local_private_WBM_raw_structure_cache_not_distributed
wbm-1-60173,Cd1 Zn2,2|Cd-Zn,False,-1.0580441157023113,scored,,5566,local_private_WBM_raw_structure_cache_not_distributed
wbm-1-60178,Ce4 Zn8,2|Ce-Zn,False,-3.0998172760009766,scored,,5567,local_private_WBM_raw_structure_cache_not_distributed
wbm-1-60182,Dy4 Zn8,2|Dy-Zn,False,-2.7146743138631186,scored,,5568,local_private_WBM_raw_structure_cache_not_distributed
wbm-1-60185,Er4 Zn8,2|Er-Zn,False,-2.69830322265625,scored,,5569,local_private_WBM_raw_structure_cache_not_distributed
wbm-1-60188,Eu4 Zn8,2|Eu-Zn,False,-4.556151390075684,scored,,5570,local_private_WBM_raw_structure_cache_not_distributed
wbm-1-60195,Ga2 Zn4,2|Ga-Zn,False,-1.798500378926595,scored,,5571,local_private_WBM_raw_structure_cache_not_distributed
wbm-1-60196,Ga1 Zn2 Zr1,3|Ga-Zn,False,-3.8110666275024414,scored,,5572,local_private_WBM_raw_structure_cache_not_distributed
wbm-1-60198,Gd4 Zn8,2|Gd-Zn,False,-5.868111292521159,scored,,5573,local_private_WBM_raw_structure_cache_not_distributed
wbm-1-60203,Ge2 Yb1 Zn2,3|Ge-Yb,True,-3.0544544219970704,scored,,5574,local_private_WBM_raw_structure_cache_not_distributed
wbm-1-60204,Ge2 Y1 Zn2,3|Ge-Y,False,-4.059737777709961,scored,,5575,local_private_WBM_raw_structure_cache_not_distributed
wbm-1-60208,Ge2 Zn4,2|Ge-Zn,False,-2.2109756469726562,scored,,5576,local_private_WBM_raw_structure_cache_not_distributed
wbm-1-60213,Hf1 U1 Zn2,3|Hf-U,False,-5.785052299499512,scored,,5577,local_private_WBM_raw_structure_cache_not_distributed
wbm-1-60214,Hf4 Zn8,2|Hf-Zn,False,-4.394247055053711,scored,,5578,local_private_WBM_raw_structure_cache_not_distributed
wbm-1-60215,Hg1 Zn2,2|Hg-Zn,False,-0.8077313899993896,scored,,5579,local_private_WBM_raw_structure_cache_not_distributed
wbm-1-60219,Ho4 Zn8,2|Ho-Zn,False,-2.700689951578776,scored,,5580,local_private_WBM_raw_structure_cache_not_distributed
wbm-1-60222,In3 Zn2,2|In-Zn,False,-2.0623334884643554,scored,,5581,local_private_WBM_raw_structure_cache_not_distributed
wbm-1-60238,La1 Tl1 Zn2,3|La-Tl,False,-2.7534852027893066,scored,,5582,local_private_WBM_raw_structure_cache_not_distributed
wbm-1-60239,La3 Zn6,2|La-Zn,False,-2.7925508287217884,scored,,5583,local_private_WBM_raw_structure_cache_not_distributed
wbm-1-60246,Lu4 Zn8,2|Lu-Zn,False,-2.6810782750447593,scored,,5584,local_private_WBM_raw_structure_cache_not_distributed
wbm-1-60247,Mo1 Zn2,2|Mo-Zn,False,-4.344937006632487,scored,,5585,local_private_WBM_raw_structure_cache_not_distributed
wbm-1-60254,Nb4 Zn8,2|Nb-Zn,False,-4.3724667231241865,scored,,5586,local_private_WBM_raw_structure_cache_not_distributed
wbm-1-60257,Nd4 Zn8,2|Nd-Zn,False,-2.740947723388672,scored,,5587,local_private_WBM_raw_structure_cache_not_distributed
wbm-1-60260,Pb1 Zn2,2|Pb-Zn,False,-1.7878328959147136,scored,,5588,local_private_WBM_raw_structure_cache_not_distributed
wbm-1-60278,Pd1 Tm1 Zn2,3|Pd-Tm,False,-3.575049877166748,scored,,5589,local_private_WBM_raw_structure_cache_not_distributed
wbm-1-60279,Pd1 Yb1 Zn2,3|Pd-Yb,False,-2.8281021118164062,scored,,5590,local_private_WBM_raw_structure_cache_not_distributed
wbm-1-60282,Pr4 Zn8,2|Pr-Zn,False,-2.741765340169271,scored,,5591,local_private_WBM_raw_structure_cache_not_distributed
wbm-1-60286,Pt1 U1 Zn2,3|Pt-U,False,-5.159853935241699,scored,,5592,local_private_WBM_raw_structure_cache_not_distributed
wbm-1-60287,Pt1 Zn2,2|Pt-Zn,False,-3.3323583602905273,scored,,5593,local_private_WBM_raw_structure_cache_not_distributed
wbm-1-60289,Pu4 Zn8,2|Pu-Zn,True,-5.733617782592773,scored,,5594,local_private_WBM_raw_structure_cache_not_distributed
wbm-1-60291,Rb2 Zn4,2|Rb-Zn,False,-1.091253439585368,scored,,5595,local_private_WBM_raw_structure_cache_not_distributed
wbm-1-60298,Rh1 Zn2,2|Rh-Zn,False,-3.6448148091634116,scored,,5596,local_private_WBM_raw_structure_cache_not_distributed
wbm-1-60311,Sb1 Zn2,2|Sb-Zn,False,-2.1417236328125,scored,,5597,local_private_WBM_raw_structure_cache_not_distributed
wbm-1-60318,Sm4 Zn8,2|Sm-Zn,False,-2.7556330362955728,scored,,5598,local_private_WBM_raw_structure_cache_not_distributed
wbm-1-60326,Sn2 Zn4,2|Sn-Zn,False,-2.0090273221333823,scored,,5599,local_private_WBM_raw_structure_cache_not_distributed
wbm-1-60328,Sr6 Zn4,2|Sr-Zn,False,-1.6702926635742188,scored,,5600,local_private_WBM_raw_structure_cache_not_distributed
wbm-1-60335,Eu1 Sr1 Zn2,3|Eu-Sr,False,-3.846649646759033,scored,,5601,local_private_WBM_raw_structure_cache_not_distributed
wbm-1-60338,La1 Sr1 Zn2,3|La-Sr,False,-2.5237045288085938,scored,,5602,local_private_WBM_raw_structure_cache_not_distributed
wbm-1-60353,Sr1 Tm1 Zn2,3|Sr-Tm,False,-2.3523335456848145,scored,,5603,local_private_WBM_raw_structure_cache_not_distributed
wbm-1-60354,Sr1 U1 Zn2,3|Sr-U,False,-3.545403480529785,scored,,5604,local_private_WBM_raw_structure_cache_not_distributed
wbm-1-60356,Sr1 Yb1 Zn2,3|Sr-Yb,False,-1.678542971611023,scored,,5605,local_private_WBM_raw_structure_cache_not_distributed
wbm-1-60357,Sr1 Y1 Zn2,3|Sr-Y,False,-2.8773772716522217,scored,,5606,local_private_WBM_raw_structure_cache_not_distributed
wbm-1-60358,Sr1 Zn2 Zr1,3|Sr-Zn,False,-3.213616132736206,scored,,5607,local_private_WBM_raw_structure_cache_not_distributed
wbm-1-60359,Ta1 Zn2,2|Ta-Zn,False,-4.844748814900716,scored,,5608,local_private_WBM_raw_structure_cache_not_distributed
wbm-1-60363,Tb4 Zn8,2|Tb-Zn,False,-2.7222588857014975,scored,,5609,local_private_WBM_raw_structure_cache_not_distributed
wbm-1-60365,Th4 Zn8,2|Th-Zn,False,-3.582855224609375,scored,,5610,local_private_WBM_raw_structure_cache_not_distributed
wbm-1-60367,Ac1 Tl1 Zn2,3|Ac-Tl,True,-2.4668524265289307,scored,,5611,local_private_WBM_raw_structure_cache_not_distributed
wbm-1-60368,Bi4 Tl2 Zn4,3|Bi-Tl,False,-2.405242156982422,scored,,5612,local_private_WBM_raw_structure_cache_not_distributed
wbm-1-60369,Pb1 Tl1 Zn2,3|Pb-Tl,False,-1.9622688293457031,scored,,5613,local_private_WBM_raw_structure_cache_not_distributed
wbm-1-60370,Tl3 Zn6,2|Tl-Zn,False,-1.3387023078070746,scored,,5614,local_private_WBM_raw_structure_cache_not_distributed
wbm-1-60371,Au1 Tm1 Zn2,3|Au-Tm,False,-3.0151238441467285,scored,,5615,local_private_WBM_raw_structure_cache_not_distributed
wbm-1-60372,Hf1 Tm1 Zn2,3|Hf-Tm,False,-4.499052047729492,scored,,5616,local_private_WBM_raw_structure_cache_not_distributed
wbm-1-60373,Pt1 Tm1 Zn2,3|Pt-Tm,False,-3.9283225536346436,scored,,5617,local_private_WBM_raw_structure_cache_not_distributed
wbm-1-60374,Tm4 Zn8,2|Tm-Zn,False,-2.672459284464518,scored,,5618,local_private_WBM_raw_structure_cache_not_distributed
wbm-1-60375,U4 Zn8,2|U-Zn,False,-4.571784973144531,scored,,5619,local_private_WBM_raw_structure_cache_not_distributed
wbm-1-60377,In1 Y2 Zn2,3|In-Y,True,-4.085539627075195,scored,,5620,local_private_WBM_raw_structure_cache_not_distributed
wbm-1-60378,Ag1 Y1 Zn2,3|Ag-Y,False,-3.2563977241516113,scored,,5621,local_private_WBM_raw_structure_cache_not_distributed
wbm-1-60379,Au1 Y1 Zn2,3|Au-Y,False,-3.5084893703460693,scored,,5622,local_private_WBM_raw_structure_cache_not_distributed
wbm-1-60381,Au1 Yb1 Zn2,3|Au-Yb,False,-2.296931266784668,scored,,5623,local_private_WBM_raw_structure_cache_not_distributed
wbm-1-60382,Pt1 Yb1 Zn2,3|Pt-Yb,False,-3.1908891201019287,scored,,5624,local_private_WBM_raw_structure_cache_not_distributed
wbm-1-60383,Yb4 Zn8,2|Yb-Zn,False,-1.688228925069173,scored,,5625,local_private_WBM_raw_structure_cache_not_distributed
wbm-1-60384,Cd1 Y1 Zn2,3|Cd-Y,False,-2.7782721519470215,scored,,5626,local_private_WBM_raw_structure_cache_not_distributed
wbm-1-60385,Hf1 Y1 Zn2,3|Hf-Y,False,-4.975347518920898,scored,,5627,local_private_WBM_raw_structure_cache_not_distributed
wbm-1-60388,Y3 Zn6,2|Y-Zn,True,-3.358770582411024,scored,,5628,local_private_WBM_raw_structure_cache_not_distributed
wbm-1-60393,Y1 Zn2 Zr1,3|Y-Zn,False,-4.683925628662109,scored,,5629,local_private_WBM_raw_structure_cache_not_distributed
wbm-1-60394,In2 Zn4 Zr4,3|In-Zn,False,-4.797149658203125,scored,,5630,local_private_WBM_raw_structure_cache_not_distributed
wbm-1-60395,Sn2 Zn4 Zr4,3|Sn-Zn,False,-5.123836898803711,scored,,5631,local_private_WBM_raw_structure_cache_not_distributed
wbm-1-60397,Ag1 Zn2 Zr1,3|Ag-Zn,False,-3.6391780376434326,scored,,5632,local_private_WBM_raw_structure_cache_not_distributed
wbm-1-60398,Au1 Zn2 Zr1,3|Au-Zn,False,-3.925784111022949,scored,,5633,local_private_WBM_raw_structure_cache_not_distributed
wbm-1-60399,Ce1 Zn2 Zr1,3|Ce-Zn,False,-4.464719772338867,scored,,5634,local_private_WBM_raw_structure_cache_not_distributed
wbm-1-60400,Dy1 Zn2 Zr1,3|Dy-Zn,False,-4.217831611633301,scored,,5635,local_private_WBM_raw_structure_cache_not_distributed
wbm-1-60401,Er1 Zn2 Zr1,3|Er-Zn,False,-4.215017318725586,scored,,5636,local_private_WBM_raw_structure_cache_not_distributed
wbm-1-60402,Gd1 Zn2 Zr1,3|Gd-Zn,False,-6.578149318695068,scored,,5637,local_private_WBM_raw_structure_cache_not_distributed
wbm-1-60403,Ho1 Zn2 Zr1,3|Ho-Zn,False,-4.215842247009277,scored,,5638,local_private_WBM_raw_structure_cache_not_distributed
wbm-1-60405,Lu1 Zn2 Zr1,3|Lu-Zn,False,-4.209969997406006,scored,,5639,local_private_WBM_raw_structure_cache_not_distributed
wbm-1-60406,Nb1 Zn2 Zr1,3|Nb-Zn,False,-5.492892742156982,scored,,5640,local_private_WBM_raw_structure_cache_not_distributed
wbm-1-60407,Pt1 Zn2 Zr1,3|Pt-Zn,False,-4.834441184997559,scored,,5641,local_private_WBM_raw_structure_cache_not_distributed
wbm-1-60408,Pu1 Zn2 Zr1,3|Pu-Zn,False,-6.387392044067383,scored,,5642,local_private_WBM_raw_structure_cache_not_distributed
wbm-1-60409,Sb2 Zn4 Zr2,3|Sb-Zn,False,-3.9086670875549316,scored,,5643,local_private_WBM_raw_structure_cache_not_distributed
wbm-1-60412,Ta1 Zn2 Zr1,3|Ta-Zn,False,-5.893242359161377,scored,,5644,local_private_WBM_raw_structure_cache_not_distributed
wbm-1-60413,Tb1 Zn2 Zr1,3|Tb-Zn,False,-4.217158317565918,scored,,5645,local_private_WBM_raw_structure_cache_not_distributed
wbm-1-60414,Th1 Zn2 Zr1,3|Th-Zn,False,-4.818613529205322,scored,,5646,local_private_WBM_raw_structure_cache_not_distributed
wbm-1-60415,Tm1 Zn2 Zr1,3|Tm-Zn,False,-4.19588565826416,scored,,5647,local_private_WBM_raw_structure_cache_not_distributed
wbm-1-60416,U1 Zn2 Zr1,3|U-Zn,False,-5.446253776550293,scored,,5648,local_private_WBM_raw_structure_cache_not_distributed
wbm-1-60417,Zn8 Zr4,2|Zn-Zr,False,-4.0076948801676435,scored,,5649,local_private_WBM_raw_structure_cache_not_distributed
wbm-1-60418,Ac1 Zn3,2|Ac-Zn,False,-2.1427981853485107,scored,,5650,local_private_WBM_raw_structure_cache_not_distributed
wbm-1-60420,As2 Zn3,2|As-Zn,False,-2.687306594848633,scored,,5651,local_private_WBM_raw_structure_cache_not_distributed
wbm-1-60455,Ir2 Zn6,2|Ir-Zn,True,-3.3927392959594727,scored,,5652,local_private_WBM_raw_structure_cache_not_distributed
wbm-1-60472,Np2 Zn6,2|Np-Zn,False,-4.1196417808532715,scored,,5653,local_private_WBM_raw_structure_cache_not_distributed
wbm-1-60473,Os2 Zn6,2|Os-Zn,False,-3.672731876373291,scored,,5654,local_private_WBM_raw_structure_cache_not_distributed
wbm-1-60476,Pd2 Zn6,2|Pd-Zn,False,-2.615471124649048,scored,,5655,local_private_WBM_raw_structure_cache_not_distributed
wbm-1-60491,Ru1 Zn3,2|Ru-Zn,False,-3.381592035293579,scored,,5656,local_private_WBM_raw_structure_cache_not_distributed
wbm-1-60500,Se2 Zn3,2|Se-Zn,False,-2.342473602294922,scored,,5657,local_private_WBM_raw_structure_cache_not_distributed
wbm-1-60520,Te4 Zn6,2|Te-Zn,False,-2.1980564117431642,scored,,5658,local_private_WBM_raw_structure_cache_not_distributed
wbm-1-60545,I7 Zn4,2|I-Zn,False,-2.0034901012073862,scored,,5659,local_private_WBM_raw_structure_cache_not_distributed
wbm-1-60558,W1 Zn4,2|W-Zn,False,-3.2276477813720703,scored,,5660,local_private_WBM_raw_structure_cache_not_distributed
wbm-1-60618,Ag4 Zn4,2|Ag-Zn,False,-2.0842087268829346,scored,,5661,local_private_WBM_raw_structure_cache_not_distributed
wbm-1-60634,As4 Zn2 Zr4,3|As-Zn,False,-6.276877593994141,scored,,5662,local_private_WBM_raw_structure_cache_not_distributed
wbm-1-60673,Br4 Zn2,2|Br-Zn,False,-2.4170662562052407,scored,,5663,local_private_WBM_raw_structure_cache_not_distributed
wbm-1-60683,Br8 Sr2 Zn2,3|Br-Sr,False,-3.0911734898885093,scored,,5664,local_private_WBM_raw_structure_cache_not_distributed
wbm-1-60696,Cd1 Te2 Zn1,3|Cd-Te,False,-2.5657031536102295,scored,,5665,local_private_WBM_raw_structure_cache_not_distributed
wbm-1-60777,Ga2 Yb2 Zn2,3|Ga-Yb,False,-2.4263304074605307,scored,,5666,local_private_WBM_raw_structure_cache_not_distributed
wbm-1-60827,Ge1 Te4 Tl2 Zn1,4|Ge-Te,False,-3.164248466491699,scored,,5667,local_private_WBM_raw_structure_cache_not_distributed
wbm-1-60840,Ge1 Zn1 Zr2,3|Ge-Zn,False,-6.373204231262207,scored,,5668,local_private_WBM_raw_structure_cache_not_distributed
wbm-1-60846,Hf2 W1 Zn1,3|Hf-W,False,-8.582392692565918,scored,,5669,local_private_WBM_raw_structure_cache_not_distributed
wbm-1-60867,Ho2 Tl2 Zn2,3|Ho-Tl,False,-3.0163803100585938,scored,,5670,local_private_WBM_raw_structure_cache_not_distributed
wbm-1-60908,In1 Th2 Zn1,3|In-Th,False,-4.925395965576172,scored,,5671,local_private_WBM_raw_structure_cache_not_distributed
wbm-1-60911,In2 Tm2 Zn2,3|In-Tm,True,-3.213689168294271,scored,,5672,local_private_WBM_raw_structure_cache_not_distributed
wbm-1-60912,In1 U2 Zn1,3|In-U,False,-6.18057918548584,scored,,5673,local_private_WBM_raw_structure_cache_not_distributed
wbm-1-60922,Ir2 Th1 Zn1,3|Ir-Th,False,-7.190606594085693,scored,,5674,local_private_WBM_raw_structure_cache_not_distributed
wbm-1-60923,Ir2 U1 Zn1,3|Ir-U,False,-8.054219245910645,scored,,5675,local_private_WBM_raw_structure_cache_not_distributed
wbm-1-60952,Lu2 Tl2 Zn2,3|Lu-Tl,False,-2.941783587137858,scored,,5676,local_private_WBM_raw_structure_cache_not_distributed
wbm-1-60976,Os1 U2 Zn1,3|Os-U,False,-8.653767585754395,scored,,5677,local_private_WBM_raw_structure_cache_not_distributed
wbm-1-61029,Pr2 Tl2 Zn2,3|Pr-Tl,False,-3.1537755330403647,scored,,5678,local_private_WBM_raw_structure_cache_not_distributed
wbm-1-61034,Pt2 Th1 Zn1,3|Pt-Th,False,-6.069865703582764,scored,,5679,local_private_WBM_raw_structure_cache_not_distributed
wbm-1-61054,La2 Rb2 Te6 Zn2,4|La-Rb,True,-3.905709902445475,scored,,5680,local_private_WBM_raw_structure_cache_not_distributed
wbm-1-61055,Re6 Zn2,2|Re-Zn,False,-9.388884544372559,scored,,5681,local_private_WBM_raw_structure_cache_not_distributed
wbm-1-61057,Re1 Th2 Zn1,3|Re-Th,False,-7.011004447937012,scored,,5682,local_private_WBM_raw_structure_cache_not_distributed
wbm-1-61058,Re1 U2 Zn1,3|Re-U,False,-8.857767105102539,scored,,5683,local_private_WBM_raw_structure_cache_not_distributed
wbm-1-61079,Rh2 U1 Zn1,3|Rh-U,False,-7.293122291564941,scored,,5684,local_private_WBM_raw_structure_cache_not_distributed
wbm-1-61099,Ac2 Ru1 Zn1,3|Ac-Ru,True,-4.770049571990967,scored,,5685,local_private_WBM_raw_structure_cache_not_distributed
wbm-1-61112,Ru1 Yb2 Zn1,3|Ru-Yb,False,-3.4722697734832764,scored,,5686,local_private_WBM_raw_structure_cache_not_distributed
wbm-1-61127,Sb4 Tl4 Zn4,3|Sb-Tl,True,-2.5918827056884766,scored,,5687,local_private_WBM_raw_structure_cache_not_distributed
wbm-1-61143,Cs2 Nd2 Se6 Zn2,4|Cs-Nd,True,-4.309839248657227,scored,,5688,local_private_WBM_raw_structure_cache_not_distributed
wbm-1-61144,Cs2 Pr2 Se6 Zn2,4|Cs-Pr,True,-4.304277102152507,scored,,5689,local_private_WBM_raw_structure_cache_not_distributed
wbm-1-61145,Cs2 Pu2 Se6 Zn2,4|Cs-Pu,True,-5.707154591878255,scored,,5690,local_private_WBM_raw_structure_cache_not_distributed
wbm-1-61147,Cs2 Se6 Th2 Zn2,4|Cs-Se,False,-4.734614372253418,scored,,5691,local_private_WBM_raw_structure_cache_not_distributed
wbm-1-61150,Rb2 Se6 Y2 Zn2,4|Rb-Se,True,-4.609184900919597,scored,,5692,local_private_WBM_raw_structure_cache_not_distributed
wbm-1-61203,Pu4 Sn4 Zn4,3|Pu-Sn,False,-6.706856409708659,scored,,5693,local_private_WBM_raw_structure_cache_not_distributed
wbm-1-61204,Sn1 Te4 Tl2 Zn1,4|Sn-Te,False,-3.1250898838043213,scored,,5694,local_private_WBM_raw_structure_cache_not_distributed
wbm-1-61205,Sn4 Th4 Zn4,3|Sn-Th,True,-4.703561464945476,scored,,5695,local_private_WBM_raw_structure_cache_not_distributed
wbm-1-61207,Sn4 U4 Zn4,3|Sn-U,False,-5.583974202473958,scored,,5696,local_private_WBM_raw_structure_cache_not_distributed
wbm-1-61209,Sn4 Yb4 Zn4,3|Sn-Yb,False,-2.811277389526367,scored,,5697,local_private_WBM_raw_structure_cache_not_distributed
wbm-1-61216,Ru1 Sr2 Zn1,3|Ru-Sr,False,-3.214045286178589,scored,,5698,local_private_WBM_raw_structure_cache_not_distributed
wbm-1-61234,Cs2 Sr2 Te6 Zn2,4|Cs-Sr,False,-3.16751766204834,scored,,5699,local_private_WBM_raw_structure_cache_not_distributed
wbm-1-61255,Ir2 Tb1 Zn1,3|Ir-Tb,False,-6.356008529663086,scored,,5700,local_private_WBM_raw_structure_cache_not_distributed
wbm-1-61257,Tb2 Tl2 Zn2,3|Tb-Tl,False,-3.049084027608236,scored,,5701,local_private_WBM_raw_structure_cache_not_distributed
wbm-1-61258,Tc6 Zn2,2|Tc-Zn,False,-7.859983444213867,scored,,5702,local_private_WBM_raw_structure_cache_not_distributed
wbm-1-61273,Tc1 Yb2 Zn1,3|Tc-Yb,False,-3.417480945587158,scored,,5703,local_private_WBM_raw_structure_cache_not_distributed
wbm-1-61285,Cs2 Te6 Th2 Zn2,4|Cs-Te,False,-4.233956019083659,scored,,5704,local_private_WBM_raw_structure_cache_not_distributed
wbm-1-61302,Th2 Tl2 Zn2,3|Th-Tl,False,-3.878098169962565,scored,,5705,local_private_WBM_raw_structure_cache_not_distributed
wbm-1-61303,Tl2 U2 Zn2,3|Tl-U,False,-4.83340326944987,scored,,5706,local_private_WBM_raw_structure_cache_not_distributed
wbm-1-61306,Re1 Tm2 Zn1,3|Re-Tm,False,-5.648833751678467,scored,,5707,local_private_WBM_raw_structure_cache_not_distributed
wbm-1-61311,Tl2 Tm2 Zn2,3|Tl-Tm,False,-2.9531564712524414,scored,,5708,local_private_WBM_raw_structure_cache_not_distributed
wbm-1-61335,Re1 Y2 Zn1,3|Re-Y,False,-6.494476318359375,scored,,5709,local_private_WBM_raw_structure_cache_not_distributed
wbm-1-61337,Sn1 Y2 Zn1,3|Sn-Y,False,-5.1471967697143555,scored,,5710,local_private_WBM_raw_structure_cache_not_distributed
wbm-1-61347,Os1 Yb2 Zn1,3|Os-Yb,False,-3.732428550720215,scored,,5711,local_private_WBM_raw_structure_cache_not_distributed
wbm-1-61352,Tl2 Yb2 Zn2,3|Tl-Yb,False,-2.070653279622396,scored,,5712,local_private_WBM_raw_structure_cache_not_distributed
wbm-1-61356,Hg2 Y1 Zn1,3|Hg-Y,False,-2.384298801422119,scored,,5713,local_private_WBM_raw_structure_cache_not_distributed
wbm-1-61361,Ir2 Y1 Zn1,3|Ir-Y,False,-6.807001113891602,scored,,5714,local_private_WBM_raw_structure_cache_not_distributed
wbm-1-61363,Pb4 Y4 Zn4,3|Pb-Y,True,-4.182738304138184,scored,,5715,local_private_WBM_raw_structure_cache_not_distributed
wbm-1-61367,Ru2 Y1 Zn1,3|Ru-Y,False,-6.588765621185303,scored,,5716,local_private_WBM_raw_structure_cache_not_distributed
wbm-1-61368,Sb1 Y1 Zn1,3|Sb-Y,False,-4.504700660705566,scored,,5717,local_private_WBM_raw_structure_cache_not_distributed
wbm-1-61371,Tl3 Y3 Zn3,3|Tl-Y,False,-3.6622166103786893,scored,,5718,local_private_WBM_raw_structure_cache_not_distributed
wbm-1-61376,Ir1 Zn1 Zr2,3|Ir-Zn,False,-7.406054496765137,scored,,5719,local_private_WBM_raw_structure_cache_not_distributed
wbm-1-61377,Os1 Zn1 Zr2,3|Os-Zn,False,-7.8167829513549805,scored,,5720,local_private_WBM_raw_structure_cache_not_distributed
wbm-1-61379,Re1 Zn1 Zr2,3|Re-Zn,False,-7.962859630584717,scored,,5721,local_private_WBM_raw_structure_cache_not_distributed
wbm-1-61380,Ru1 Zn1 Zr2,3|Ru-Zn,False,-7.375039577484131,scored,,5722,local_private_WBM_raw_structure_cache_not_distributed
wbm-1-61381,Tc1 Zn1 Zr2,3|Tc-Zn,True,-7.526338577270508,scored,,5723,local_private_WBM_raw_structure_cache_not_distributed
wbm-1-61387,Bi1 Zn1 Zr1,3|Bi-Zn,False,-4.6098988850911455,scored,,5724,local_private_WBM_raw_structure_cache_not_distributed
wbm-1-61392,Rh4 Zn1 Zr1,3|Rh-Zn,False,-7.036376317342122,scored,,5725,local_private_WBM_raw_structure_cache_not_distributed
wbm-1-61409,Au2 Zr4,2|Au-Zr,False,-7.1506773630778,scored,,5726,local_private_WBM_raw_structure_cache_not_distributed
wbm-1-61411,Bi2 Zr4,2|Bi-Zr,True,-7.337731043497722,scored,,5727,local_private_WBM_raw_structure_cache_not_distributed
wbm-1-61414,Hg1 Zr2,2|Hg-Zr,False,-5.988671620686849,scored,,5728,local_private_WBM_raw_structure_cache_not_distributed
wbm-1-61415,In6 Zr4,2|In-Zr,False,-5.336987686157227,scored,,5729,local_private_WBM_raw_structure_cache_not_distributed
wbm-1-61420,Ir1 Zr2,2|Ir-Zr,False,-9.276866912841797,scored,,5730,local_private_WBM_raw_structure_cache_not_distributed
wbm-1-61434,Os2 Zr4,2|Os-Zr,False,-9.859025319417318,scored,,5731,local_private_WBM_raw_structure_cache_not_distributed
wbm-1-61438,Pd6 Zr4,2|Pd-Zr,False,-7.235194396972656,scored,,5732,local_private_WBM_raw_structure_cache_not_distributed
wbm-1-61446,Pt2 Zr4,2|Pt-Zr,True,-8.468868255615234,scored,,5733,local_private_WBM_raw_structure_cache_not_distributed
wbm-1-61451,Re1 Zr2,2|Re-Zr,False,-9.910701115926107,scored,,5734,local_private_WBM_raw_structure_cache_not_distributed
wbm-1-61457,Rh1 Zr2,2|Rh-Zr,True,-8.706061045328775,scored,,5735,local_private_WBM_raw_structure_cache_not_distributed
wbm-1-61466,Ru1 W1 Zr2,3|Ru-W,False,-9.914329528808594,scored,,5736,local_private_WBM_raw_structure_cache_not_distributed
wbm-1-61467,Ru2 Zr4,2|Ru-Zr,False,-9.239252726236979,scored,,5737,local_private_WBM_raw_structure_cache_not_distributed
wbm-1-61468,Sn6 Zr4,2|Sn-Zr,False,-6.1940666198730465,scored,,5738,local_private_WBM_raw_structure_cache_not_distributed
wbm-1-61485,Te6 Zr4,2|Te-Zr,False,-6.197257232666016,scored,,5739,local_private_WBM_raw_structure_cache_not_distributed
wbm-1-61488,Tl1 Zr2,2|Tl-Zr,False,-6.653269449869792,scored,,5740,local_private_WBM_raw_structure_cache_not_distributed
wbm-1-61489,Ir1 W1 Zr2,3|Ir-W,False,-9.916060447692871,scored,,5741,local_private_WBM_raw_structure_cache_not_distributed
wbm-1-61490,Ag2 Zr6,2|Ag-Zr,False,-7.208375930786133,scored,,5742,local_private_WBM_raw_structure_cache_not_distributed
wbm-1-61496,Cd2 Zr6,2|Cd-Zr,False,-6.80251407623291,scored,,5743,local_private_WBM_raw_structure_cache_not_distributed
wbm-1-61497,Cs1 Zr3,2|Cs-Zr,False,-5.761175155639648,scored,,5744,local_private_WBM_raw_structure_cache_not_distributed
wbm-1-61504,La2 Zr6,2|La-Zr,False,-7.52591609954834,scored,,5745,local_private_WBM_raw_structure_cache_not_distributed
wbm-1-61505,Nb1 Zr3,2|Nb-Zr,False,-8.827548027038574,scored,,5746,local_private_WBM_raw_structure_cache_not_distributed
wbm-1-61508,Pb2 Zr6,2|Pb-Zr,True,-7.5575361251831055,scored,,5747,local_private_WBM_raw_structure_cache_not_distributed
wbm-1-61522,Sb2 Zr6,2|Sb-Zr,False,-7.956526756286621,scored,,5748,local_private_WBM_raw_structure_cache_not_distributed
wbm-1-61526,Tc2 Zr6,2|Tc-Zr,False,-9.133432388305664,scored,,5749,local_private_WBM_raw_structure_cache_not_distributed
wbm-1-61584,Ce1 Zr1,2|Ce-Zr,False,-7.151914119720459,scored,,5750,local_private_WBM_raw_structure_cache_not_distributed
wbm-1-61590,Hf2 Zr1,2|Hf-Zr,False,-9.396072387695312,scored,,5751,local_private_WBM_raw_structure_cache_not_distributed
wbm-1-61602,I4 Zr2,2|I-Zr,False,-4.3163636525472,scored,,5752,local_private_WBM_raw_structure_cache_not_distributed
wbm-1-61640,Mo3 Zr1,2|Mo-Zr,False,-10.182666778564453,scored,,5753,local_private_WBM_raw_structure_cache_not_distributed
wbm-1-61650,Os2 Th1 Zr1,3|Os-Th,False,-9.879378318786621,scored,,5754,local_private_WBM_raw_structure_cache_not_distributed
wbm-1-61698,Pu1 Zr1,2|Pu-Zr,False,-11.016450881958008,scored,,5755,local_private_WBM_raw_structure_cache_not_distributed
wbm-1-61763,Nd2 Sb2 Zr2,3|Nd-Sb,True,-6.629442850748698,scored,,5756,local_private_WBM_raw_structure_cache_not_distributed
wbm-1-61765,Pr2 Sb2 Zr2,3|Pr-Sb,True,-6.621011098225911,scored,,5757,local_private_WBM_raw_structure_cache_not_distributed
wbm-1-61770,Sb2 Sm2 Zr2,3|Sb-Sm,True,-6.610965092976888,scored,,5758,local_private_WBM_raw_structure_cache_not_distributed
wbm-1-61775,Sb2 Yb2 Zr2,3|Sb-Yb,False,-5.534626007080078,scored,,5759,local_private_WBM_raw_structure_cache_not_distributed
wbm-1-61805,Ta1 Zr1,2|Ta-Zr,False,-10.03996753692627,scored,,5760,local_private_WBM_raw_structure_cache_not_distributed
wbm-1-61819,Tc2 Tm1 Zr1,3|Tc-Tm,False,-8.605293273925781,scored,,5761,local_private_WBM_raw_structure_cache_not_distributed
wbm-1-61836,Th1 Zr1,2|Th-Zr,False,-7.848566055297852,scored,,5762,local_private_WBM_raw_structure_cache_not_distributed
wbm-1-61841,W8 Zr4,2|W-Zr,False,-11.611254374186197,scored,,5763,local_private_WBM_raw_structure_cache_not_distributed
wbm-1-61843,Pt2 W1 Zr1,3|Pt-W,False,-8.960524559020996,scored,,5764,local_private_WBM_raw_structure_cache_not_distributed
wbm-1-61844,Re2 W1 Zr1,3|Re-W,False,-11.80986499786377,scored,,5765,local_private_WBM_raw_structure_cache_not_distributed
