material_id,formula,chemical_system,composition_family_pair,K,primary_queue_status,parc_seed_count,raw_topK_seed_count,raw_topR_seed_count,raw_only_tail_seed_count,raw_topR_member,e_above_hull_t0,stable_exact_t0,e_above_hull_t1_current_mp,stable_exact_t1_current_mp,t1_label_status,drift_class,t1_false_conservative,near_hull_25mev_t0,near_hull_25mev_t1,near_hull_50mev_t0,near_hull_50mev_t1,alignn_score,alignn_predicted_e_above_hull,alignn_predicted_stable,alignn_disagrees_with_t1,cgcnn_ens10_pred_e_form,megnet_pred_e_form,available_model_score_count,mlip_consensus_status,mlip_disagreement_count,parc_e_value,required_e,best_mass_ratio,self_consistency_margin,raw_rank,source_uncertain_or_boundary_exact,source_discordant_exact,either_source_near_hull_25meV_exact,included_in_alex_exact_metrics,t1_false_explanation_class,far_from_hull_alignn_negative_parc_release,claim_boundary
wbm-1-10046,Cl6 Ho2,Cl-Ho,2|Cl-Ho,500,raw_only_requested_budget,0,1,0,1,False,-0.075567,True,0.6242622619999985,False,labelable_current_MP_hull,stable_to_unstable,True,False,False,False,False,0.5549629999999999,-0.5549629999999999,True,True,-2.71666,-3.1965,3,not_available_for_wbm_queue_chgnet_mace_missing,1,2.9621815726991896,10.0,1.2178016109894885,29.432650133714645,454,False,False,False,False,ALIGNN_FF_disagrees_with_current_MP_label,False,candidate_level_explanation_not_MLIP_consensus_validation
wbm-1-10049,Cl6 Cs2 I2,Cl-Cs-I,3|Cl-Cs,500,raw_only_requested_budget,0,1,0,1,False,-0.054849,True,1.555560739999997,False,labelable_current_MP_hull,stable_to_unstable,True,False,False,False,False,0.5556030000000001,-0.5556030000000001,True,True,-1.2976499999999995,-1.5688,3,not_available_for_wbm_queue_chgnet_mace_missing,1,3.1968864633000584,10.0,1.3174868122990375,39.685851537379705,459,False,False,False,False,ALIGNN_FF_disagrees_with_current_MP_label,False,candidate_level_explanation_not_MLIP_consensus_validation
wbm-1-10064,Cl6 In2,Cl-In,2|Cl-In,500,raw_only_requested_budget,0,1,0,1,False,-0.119464,True,43.67098935375,False,labelable_current_MP_hull,stable_to_unstable,True,False,False,False,False,0.5647820000000001,-0.5647820000000001,True,True,-1.41514,-1.9271,3,not_available_for_wbm_queue_chgnet_mace_missing,1,3.36340466755441,10.0,1.3174868122990375,39.685851537379705,434,False,False,False,False,ALIGNN_FF_disagrees_with_current_MP_label,False,candidate_level_explanation_not_MLIP_consensus_validation
wbm-1-10065,Cl6 In2,Cl-In,2|Cl-In,500,raw_only_requested_budget,0,1,0,1,False,-0.119498,True,43.67095435374999,False,labelable_current_MP_hull,stable_to_unstable,True,False,False,False,False,0.5661809999999998,-0.5661809999999998,True,True,-1.5443000000000002,-1.9756,3,not_available_for_wbm_queue_chgnet_mace_missing,1,3.435340037634345,10.0,1.3174868122990375,39.685851537379705,431,False,False,False,False,ALIGNN_FF_disagrees_with_current_MP_label,False,candidate_level_explanation_not_MLIP_consensus_validation
wbm-1-10137,Cl6 Lu2,Cl-Lu,2|Cl-Lu,500,raw_only_requested_budget,0,1,0,1,False,-0.08566,True,-2.743422999999998,True,labelable_current_MP_hull,stable_to_stable,False,False,False,False,False,0.555237,-0.555237,True,False,-2.6977100000000003,-3.1439,3,not_available_for_wbm_queue_chgnet_mace_missing,0,2.9621815726991896,10.0,1.2178016109894885,29.432650133714645,452,False,False,False,False,t1_stable_or_true_release,False,candidate_level_explanation_not_MLIP_consensus_validation
wbm-1-10154,Cl6 Mn2,Cl-Mn,2|Cl-Mn,300,PARC_release,3,14,3,11,True,-0.145754,True,-1.2670470000000051,True,labelable_current_MP_hull,stable_to_stable,False,False,False,False,False,0.8370069999999998,-0.8370069999999998,True,False,-1.48196,-1.9042,3,not_available_for_wbm_queue_chgnet_mace_missing,0,18.566685755496703,10.0,5.157690443561848,16.36323504953147,10,False,False,False,False,t1_stable_or_true_release,False,candidate_level_explanation_not_MLIP_consensus_validation
wbm-1-10154,Cl6 Mn2,Cl-Mn,2|Cl-Mn,500,raw_only_requested_budget,0,14,0,14,False,-0.145754,True,-1.2670470000000051,True,labelable_current_MP_hull,stable_to_stable,False,False,False,False,False,0.8370069999999998,-0.8370069999999998,True,False,-1.48196,-1.9042,3,not_available_for_wbm_queue_chgnet_mace_missing,0,18.566685755496703,10.0,3.094614266137109,33.106904168958664,16,False,False,False,False,t1_stable_or_true_release,False,candidate_level_explanation_not_MLIP_consensus_validation
wbm-1-10155,Cl6 Mn2,Cl-Mn,2|Cl-Mn,300,PARC_release,3,14,3,11,True,-0.273431,True,-1.3947239999999963,True,labelable_current_MP_hull,stable_to_stable,False,False,False,False,False,0.8289069999999998,-0.8289069999999998,True,False,-1.4407500000000002,-1.9175,3,not_available_for_wbm_queue_chgnet_mace_missing,0,17.306411900418205,10.0,5.157690443561848,16.36323504953147,13,True,False,True,True,t1_stable_or_true_release,False,candidate_level_explanation_not_MLIP_consensus_validation
wbm-1-10155,Cl6 Mn2,Cl-Mn,2|Cl-Mn,500,raw_only_requested_budget,0,14,0,14,False,-0.273431,True,-1.3947239999999963,True,labelable_current_MP_hull,stable_to_stable,False,False,False,False,False,0.8289069999999998,-0.8289069999999998,True,False,-1.4407500000000002,-1.9175,3,not_available_for_wbm_queue_chgnet_mace_missing,0,17.306411900418205,10.0,3.094614266137109,33.106904168958664,19,True,False,True,True,t1_stable_or_true_release,False,candidate_level_explanation_not_MLIP_consensus_validation
wbm-1-10156,Cl6 Mn2,Cl-Mn,2|Cl-Mn,300,raw_only_requested_budget,0,14,0,14,False,-0.246356,True,-1.367649,True,labelable_current_MP_hull,stable_to_stable,False,False,False,False,False,0.7233070000000001,-0.7233070000000001,True,False,-1.46157,-1.7566,3,not_available_for_wbm_queue_chgnet_mace_missing,0,9.114841960315776,10.0,5.157690443561848,16.36323504953147,63,True,True,False,True,t1_stable_or_true_release,False,candidate_level_explanation_not_MLIP_consensus_validation
wbm-1-10156,Cl6 Mn2,Cl-Mn,2|Cl-Mn,500,raw_only_requested_budget,0,14,0,14,False,-0.246356,True,-1.367649,True,labelable_current_MP_hull,stable_to_stable,False,False,False,False,False,0.7233070000000001,-0.7233070000000001,True,False,-1.46157,-1.7566,3,not_available_for_wbm_queue_chgnet_mace_missing,0,9.114841960315776,10.0,3.094614266137109,33.106904168958664,112,True,True,False,True,t1_stable_or_true_release,False,candidate_level_explanation_not_MLIP_consensus_validation
wbm-1-10169,Cl6 Ni2,Cl-Ni,2|Cl-Ni,300,raw_only_requested_budget,0,9,0,9,False,-0.133818,True,-0.9113380000000006,True,labelable_current_MP_hull,stable_to_stable,False,False,False,False,False,0.73498,-0.73498,True,False,-0.9478100000000002,-1.3939,3,not_available_for_wbm_queue_chgnet_mace_missing,0,10.493075434558586,10.0,5.273725046222098,19.83000681704263,66,True,True,True,True,t1_stable_or_true_release,False,candidate_level_explanation_not_MLIP_consensus_validation
wbm-1-10169,Cl6 Ni2,Cl-Ni,2|Cl-Ni,500,raw_only_requested_budget,0,9,0,9,False,-0.133818,True,-0.9113380000000006,True,labelable_current_MP_hull,stable_to_stable,False,False,False,False,False,0.73498,-0.73498,True,False,-0.9478100000000002,-1.3939,3,not_available_for_wbm_queue_chgnet_mace_missing,0,10.493075434558586,10.0,3.164235027733259,39.685851537379705,91,True,True,True,True,t1_stable_or_true_release,False,candidate_level_explanation_not_MLIP_consensus_validation
wbm-1-10175,Cl6 Pd2,Cl-Pd,2|Cl-Pd,300,raw_only_requested_budget,0,10,0,10,False,-0.152627,True,4.073625447499996,False,labelable_current_MP_hull,stable_to_unstable,True,False,False,False,False,0.75593,-0.75593,True,True,-0.96453,-1.3406,3,not_available_for_wbm_queue_chgnet_mace_missing,1,11.871414913541855,10.0,5.157690443561848,19.83000681704263,16,True,True,True,True,ALIGNN_FF_disagrees_with_current_MP_label,False,candidate_level_explanation_not_MLIP_consensus_validation
wbm-1-10175,Cl6 Pd2,Cl-Pd,2|Cl-Pd,500,raw_only_requested_budget,0,10,0,10,False,-0.152627,True,4.073625447499996,False,labelable_current_MP_hull,stable_to_unstable,True,False,False,False,False,0.75593,-0.75593,True,True,-0.96453,-1.3406,3,not_available_for_wbm_queue_chgnet_mace_missing,1,11.871414913541855,10.0,3.094614266137109,39.685851537379705,95,True,True,True,True,ALIGNN_FF_disagrees_with_current_MP_label,False,candidate_level_explanation_not_MLIP_consensus_validation
wbm-1-10281,Cl6 Sr2,Cl-Sr,2|Cl-Sr,300,PARC_release,1,12,1,11,True,0.105834,False,-2.065144,True,labelable_current_MP_hull,unstable_to_stable,False,False,False,False,False,0.7980219999999996,-0.7980219999999996,True,False,-2.21868,-2.6522,3,not_available_for_wbm_queue_chgnet_mace_missing,0,15.283544375734625,10.0,5.273725046222098,16.36323504953147,11,False,False,False,False,t1_stable_or_true_release,False,candidate_level_explanation_not_MLIP_consensus_validation
wbm-1-10281,Cl6 Sr2,Cl-Sr,2|Cl-Sr,500,raw_only_requested_budget,0,12,0,12,False,0.105834,False,-2.065144,True,labelable_current_MP_hull,unstable_to_stable,False,False,False,False,False,0.7980219999999996,-0.7980219999999996,True,False,-2.21868,-2.6522,3,not_available_for_wbm_queue_chgnet_mace_missing,0,15.283544375734625,10.0,3.164235027733259,29.432650133714645,45,False,False,False,False,t1_stable_or_true_release,False,candidate_level_explanation_not_MLIP_consensus_validation
wbm-1-10310,Cl6 U2,Cl-U,2|Cl-U,500,raw_only_requested_budget,0,3,0,3,False,0.04504,False,-2.1231889999999964,True,labelable_current_MP_hull,unstable_to_stable,False,False,False,True,False,0.566071,-0.566071,True,False,-2.1074,-2.3493,3,not_available_for_wbm_queue_chgnet_mace_missing,0,3.85183074227887,10.0,1.779032210897582,39.685851537379705,421,False,False,False,False,t1_stable_or_true_release,False,candidate_level_explanation_not_MLIP_consensus_validation
wbm-1-10360,Ca2 Cl8,Ca-Cl,2|Ca-Cl,300,raw_only_requested_budget,0,8,0,8,False,-0.075876,True,0.5481889019999961,False,labelable_current_MP_hull,stable_to_unstable,True,False,False,False,False,0.7230719999999999,-0.7230719999999999,True,True,-1.5654000000000003,-1.9976,3,not_available_for_wbm_queue_chgnet_mace_missing,1,8.313058777209244,10.0,5.273725046222098,19.83000681704263,100,False,False,False,False,ALIGNN_FF_disagrees_with_current_MP_label,False,candidate_level_explanation_not_MLIP_consensus_validation
wbm-1-10360,Ca2 Cl8,Ca-Cl,2|Ca-Cl,500,raw_only_requested_budget,0,8,0,8,False,-0.075876,True,0.5481889019999961,False,labelable_current_MP_hull,stable_to_unstable,True,False,False,False,False,0.7230719999999999,-0.7230719999999999,True,True,-1.5654000000000003,-1.9976,3,not_available_for_wbm_queue_chgnet_mace_missing,1,8.313058777209244,10.0,3.164235027733259,39.685851537379705,131,False,False,False,False,ALIGNN_FF_disagrees_with_current_MP_label,False,candidate_level_explanation_not_MLIP_consensus_validation
wbm-1-10361,Ca2 Cl8,Ca-Cl,2|Ca-Cl,300,raw_only_requested_budget,0,8,0,8,False,-0.199116,True,0.424948901999997,False,labelable_current_MP_hull,stable_to_unstable,True,False,False,False,False,0.7932720000000002,-0.7932720000000002,True,True,-1.55281,-1.9844,3,not_available_for_wbm_queue_chgnet_mace_missing,1,13.689522143191526,10.0,5.273725046222098,19.83000681704263,35,True,False,True,True,ALIGNN_FF_disagrees_with_current_MP_label,False,candidate_level_explanation_not_MLIP_consensus_validation
wbm-1-10361,Ca2 Cl8,Ca-Cl,2|Ca-Cl,500,raw_only_requested_budget,0,8,0,8,False,-0.199116,True,0.424948901999997,False,labelable_current_MP_hull,stable_to_unstable,True,False,False,False,False,0.7932720000000002,-0.7932720000000002,True,True,-1.55281,-1.9844,3,not_available_for_wbm_queue_chgnet_mace_missing,1,13.689522143191526,10.0,3.164235027733259,39.685851537379705,65,True,False,True,True,ALIGNN_FF_disagrees_with_current_MP_label,False,candidate_level_explanation_not_MLIP_consensus_validation
wbm-1-10364,Ce2 Cl8,Ce-Cl,2|Ce-Cl,300,PARC_release,4,12,4,8,True,-0.226878,True,-2.392333999999998,True,labelable_current_MP_hull,stable_to_stable,False,False,False,False,False,0.8598440000000003,-0.8598440000000003,True,False,-2.43405,-2.8894,3,not_available_for_wbm_queue_chgnet_mace_missing,0,29.80583811480544,10.0,5.651511869009259,19.83000681704263,3,True,False,True,True,t1_stable_or_true_release,False,candidate_level_explanation_not_MLIP_consensus_validation
wbm-1-10364,Ce2 Cl8,Ce-Cl,2|Ce-Cl,500,raw_only_requested_budget,0,12,0,12,False,-0.226878,True,-2.392333999999998,True,labelable_current_MP_hull,stable_to_stable,False,False,False,False,False,0.8598440000000003,-0.8598440000000003,True,False,-2.43405,-2.8894,3,not_available_for_wbm_queue_chgnet_mace_missing,0,29.80583811480544,10.0,3.390907121405556,39.685851537379705,4,True,False,True,True,t1_stable_or_true_release,False,candidate_level_explanation_not_MLIP_consensus_validation
wbm-1-10365,Ce2 Cl8,Ce-Cl,2|Ce-Cl,300,PARC_release,9,12,9,3,True,-0.226148,True,-2.391604000000001,True,labelable_current_MP_hull,stable_to_stable,False,False,False,False,False,1.0078439999999995,-1.0078439999999995,True,False,-2.44038,-2.9508,3,not_available_for_wbm_queue_chgnet_mace_missing,0,89.57628868309655,10.0,5.651511869009259,19.83000681704263,1,True,True,True,True,t1_stable_or_true_release,False,candidate_level_explanation_not_MLIP_consensus_validation
wbm-1-10365,Ce2 Cl8,Ce-Cl,2|Ce-Cl,500,PARC_release,5,12,5,7,True,-0.226148,True,-2.391604000000001,True,labelable_current_MP_hull,stable_to_stable,False,False,False,False,False,1.0078439999999995,-1.0078439999999995,True,False,-2.44038,-2.9508,3,not_available_for_wbm_queue_chgnet_mace_missing,0,89.57628868309655,10.0,3.390907121405556,39.685851537379705,1,True,True,True,True,t1_stable_or_true_release,False,candidate_level_explanation_not_MLIP_consensus_validation
wbm-1-10366,Ce2 Cl8,Ce-Cl,2|Ce-Cl,300,PARC_release,10,12,10,2,True,-0.225363,True,-2.3908190000000005,True,labelable_current_MP_hull,stable_to_stable,False,False,False,False,False,1.029544,-1.029544,True,False,-2.44833,-2.9777,3,not_available_for_wbm_queue_chgnet_mace_missing,0,164.64649723852398,10.0,5.651511869009259,19.83000681704263,2,True,True,True,True,t1_stable_or_true_release,False,candidate_level_explanation_not_MLIP_consensus_validation
wbm-1-10366,Ce2 Cl8,Ce-Cl,2|Ce-Cl,500,PARC_release,6,12,6,6,True,-0.225363,True,-2.3908190000000005,True,labelable_current_MP_hull,stable_to_stable,False,False,False,False,False,1.029544,-1.029544,True,False,-2.44833,-2.9777,3,not_available_for_wbm_queue_chgnet_mace_missing,0,164.64649723852398,10.0,3.390907121405556,39.685851537379705,2,True,True,True,True,t1_stable_or_true_release,False,candidate_level_explanation_not_MLIP_consensus_validation
wbm-1-10385,Cl8 Cu2 Rb2,Cl-Cu-Rb,3|Cl-Cu,500,raw_only_requested_budget,0,5,0,5,False,-0.099098,True,1.9475635316666668,False,labelable_current_MP_hull,stable_to_unstable,True,False,False,False,False,0.5833059999999999,-0.5833059999999999,True,True,-1.1735799999999998,-1.7446,3,not_available_for_wbm_queue_chgnet_mace_missing,1,4.050112112583752,10.0,3.390907121405556,39.685851537379705,340,False,False,False,False,ALIGNN_FF_disagrees_with_current_MP_label,False,candidate_level_explanation_not_MLIP_consensus_validation
wbm-1-10388,Cl8 Dy2,Cl-Dy,2|Cl-Dy,300,PARC_release,6,12,6,6,True,0.044582,False,12.27780675399999,False,labelable_current_MP_hull,unstable_to_unstable,True,False,False,True,False,0.8879799999999998,-0.8879799999999998,True,True,-2.3876,-2.582,3,not_available_for_wbm_queue_chgnet_mace_missing,1,34.12656697602882,10.0,5.651511869009259,16.36323504953147,4,False,False,False,False,near_hull_50meV_boundary,False,candidate_level_explanation_not_MLIP_consensus_validation
wbm-1-10388,Cl8 Dy2,Cl-Dy,2|Cl-Dy,500,PARC_release,1,12,1,11,True,0.044582,False,12.27780675399999,False,labelable_current_MP_hull,unstable_to_unstable,True,False,False,True,False,0.8879799999999998,-0.8879799999999998,True,True,-2.3876,-2.582,3,not_available_for_wbm_queue_chgnet_mace_missing,1,34.12656697602882,10.0,3.390907121405556,33.106904168958664,7,False,False,False,False,near_hull_50meV_boundary,False,candidate_level_explanation_not_MLIP_consensus_validation
wbm-1-10389,Cl8 Dy2,Cl-Dy,2|Cl-Dy,300,raw_only_requested_budget,0,12,0,12,False,-0.111999,True,12.12122575399999,False,labelable_current_MP_hull,stable_to_unstable,True,False,False,False,False,0.7568799999999998,-0.7568799999999998,True,True,-2.28385,-2.9353,3,not_available_for_wbm_queue_chgnet_mace_missing,1,11.871414913541855,10.0,5.651511869009259,16.36323504953147,15,True,False,True,True,ALIGNN_FF_disagrees_with_current_MP_label,False,candidate_level_explanation_not_MLIP_consensus_validation
wbm-1-10389,Cl8 Dy2,Cl-Dy,2|Cl-Dy,500,raw_only_requested_budget,0,12,0,12,False,-0.111999,True,12.12122575399999,False,labelable_current_MP_hull,stable_to_unstable,True,False,False,False,False,0.7568799999999998,-0.7568799999999998,True,True,-2.28385,-2.9353,3,not_available_for_wbm_queue_chgnet_mace_missing,1,11.871414913541855,10.0,3.390907121405556,33.106904168958664,69,True,False,True,True,ALIGNN_FF_disagrees_with_current_MP_label,False,candidate_level_explanation_not_MLIP_consensus_validation
wbm-1-10390,Cl8 Dy2,Cl-Dy,2|Cl-Dy,300,raw_only_requested_budget,0,10,0,10,False,0.04233,False,12.275554753999993,False,labelable_current_MP_hull,unstable_to_unstable,True,False,False,True,False,0.7056800000000001,-0.7056800000000001,True,True,-2.27722,-2.9718,3,not_available_for_wbm_queue_chgnet_mace_missing,1,8.314929611426463,10.0,5.651511869009259,16.36323504953147,83,False,False,False,False,near_hull_50meV_boundary,False,candidate_level_explanation_not_MLIP_consensus_validation
wbm-1-10390,Cl8 Dy2,Cl-Dy,2|Cl-Dy,500,raw_only_requested_budget,0,12,0,12,False,0.04233,False,12.275554753999993,False,labelable_current_MP_hull,unstable_to_unstable,True,False,False,True,False,0.7056800000000001,-0.7056800000000001,True,True,-2.27722,-2.9718,3,not_available_for_wbm_queue_chgnet_mace_missing,1,8.314929611426463,10.0,3.390907121405556,33.106904168958664,135,False,False,False,False,near_hull_50meV_boundary,False,candidate_level_explanation_not_MLIP_consensus_validation
wbm-1-10391,Cl8 Er2,Cl-Er,2|Cl-Er,300,PARC_release,3,7,3,4,True,0.01531,False,-2.1199600000000007,True,labelable_current_MP_hull,unstable_to_stable,False,True,False,True,False,0.90173,-0.90173,True,False,-2.3769800000000005,-2.6406,3,not_available_for_wbm_queue_chgnet_mace_missing,0,29.847185589531662,10.0,5.157690443561848,19.83000681704263,2,False,False,False,False,t1_stable_or_true_release,False,candidate_level_explanation_not_MLIP_consensus_validation
wbm-1-10391,Cl8 Er2,Cl-Er,2|Cl-Er,500,raw_only_requested_budget,0,7,0,7,False,0.01531,False,-2.1199600000000007,True,labelable_current_MP_hull,unstable_to_stable,False,True,False,True,False,0.90173,-0.90173,True,False,-2.3769800000000005,-2.6406,3,not_available_for_wbm_queue_chgnet_mace_missing,0,29.847185589531662,10.0,3.094614266137109,39.685851537379705,2,False,False,False,False,t1_stable_or_true_release,False,candidate_level_explanation_not_MLIP_consensus_validation
wbm-1-10392,Cl8 Er2,Cl-Er,2|Cl-Er,300,raw_only_requested_budget,0,7,0,7,False,0.033204,False,-2.102065999999999,True,labelable_current_MP_hull,unstable_to_stable,False,False,False,True,False,0.7706299999999997,-0.7706299999999997,True,False,-2.2513700000000005,-2.9359,3,not_available_for_wbm_queue_chgnet_mace_missing,0,13.022274889386972,10.0,5.157690443561848,19.83000681704263,2,False,False,False,False,t1_stable_or_true_release,False,candidate_level_explanation_not_MLIP_consensus_validation
wbm-1-10392,Cl8 Er2,Cl-Er,2|Cl-Er,500,raw_only_requested_budget,0,7,0,7,False,0.033204,False,-2.102065999999999,True,labelable_current_MP_hull,unstable_to_stable,False,False,False,True,False,0.7706299999999997,-0.7706299999999997,True,False,-2.2513700000000005,-2.9359,3,not_available_for_wbm_queue_chgnet_mace_missing,0,13.022274889386972,10.0,3.094614266137109,39.685851537379705,81,False,False,False,False,t1_stable_or_true_release,False,candidate_level_explanation_not_MLIP_consensus_validation
wbm-1-10393,Cl8 Er2,Cl-Er,2|Cl-Er,300,PARC_release,1,7,1,6,True,0.021245,False,-2.114025,True,labelable_current_MP_hull,unstable_to_stable,False,True,False,True,False,0.78383,-0.78383,True,False,-2.24282,-2.9812,3,not_available_for_wbm_queue_chgnet_mace_missing,0,15.262653700560776,10.0,5.157690443561848,19.83000681704263,25,False,False,False,False,t1_stable_or_true_release,False,candidate_level_explanation_not_MLIP_consensus_validation
wbm-1-10393,Cl8 Er2,Cl-Er,2|Cl-Er,500,raw_only_requested_budget,0,7,0,7,False,0.021245,False,-2.114025,True,labelable_current_MP_hull,unstable_to_stable,False,True,False,True,False,0.78383,-0.78383,True,False,-2.24282,-2.9812,3,not_available_for_wbm_queue_chgnet_mace_missing,0,15.262653700560776,10.0,3.094614266137109,39.685851537379705,73,False,False,False,False,t1_stable_or_true_release,False,candidate_level_explanation_not_MLIP_consensus_validation
wbm-1-10394,Cl8 Eu2,Cl-Eu,2|Cl-Eu,300,PARC_release,3,12,3,9,True,0.032316,False,-1.8203250000000075,True,labelable_current_MP_hull,unstable_to_stable,False,False,False,True,False,0.8206589999999998,-0.8206589999999998,True,False,-1.79242,-2.2005,3,not_available_for_wbm_queue_chgnet_mace_missing,0,17.3301600176195,10.0,5.273725046222098,16.36323504953147,16,False,False,False,False,t1_stable_or_true_release,False,candidate_level_explanation_not_MLIP_consensus_validation
wbm-1-10394,Cl8 Eu2,Cl-Eu,2|Cl-Eu,500,raw_only_requested_budget,0,12,0,12,False,0.032316,False,-1.8203250000000075,True,labelable_current_MP_hull,unstable_to_stable,False,False,False,True,False,0.8206589999999998,-0.8206589999999998,True,False,-1.79242,-2.2005,3,not_available_for_wbm_queue_chgnet_mace_missing,0,17.3301600176195,10.0,3.164235027733259,33.106904168958664,22,False,False,False,False,t1_stable_or_true_release,False,candidate_level_explanation_not_MLIP_consensus_validation
wbm-1-10395,Cl8 Eu2,Cl-Eu,2|Cl-Eu,500,raw_only_requested_budget,0,2,0,2,False,0.199401,False,-1.6532400000000038,True,labelable_current_MP_hull,unstable_to_stable,False,False,False,False,False,0.5695590000000001,-0.5695590000000001,True,False,-1.78854,-2.204,3,not_available_for_wbm_queue_chgnet_mace_missing,0,3.5075405871087475,10.0,1.875624074609153,29.432650133714645,413,False,False,False,False,t1_stable_or_true_release,False,candidate_level_explanation_not_MLIP_consensus_validation
wbm-1-10404,Cl8 Gd2,Cl-Gd,2|Cl-Gd,300,PARC_release,2,10,2,8,True,0.022748,False,-2.138052000000002,True,labelable_current_MP_hull,unstable_to_stable,False,True,False,True,False,0.8557999999999999,-0.8557999999999999,True,False,-2.37555,-2.5961,3,not_available_for_wbm_queue_chgnet_mace_missing,0,23.93604341177539,10.0,5.651511869009259,19.83000681704263,4,False,False,False,False,t1_stable_or_true_release,False,candidate_level_explanation_not_MLIP_consensus_validation
wbm-1-10404,Cl8 Gd2,Cl-Gd,2|Cl-Gd,500,raw_only_requested_budget,0,10,0,10,False,0.022748,False,-2.138052000000002,True,labelable_current_MP_hull,unstable_to_stable,False,True,False,True,False,0.8557999999999999,-0.8557999999999999,True,False,-2.37555,-2.5961,3,not_available_for_wbm_queue_chgnet_mace_missing,0,23.93604341177539,10.0,3.390907121405556,39.685851537379705,17,False,False,False,False,t1_stable_or_true_release,False,candidate_level_explanation_not_MLIP_consensus_validation
wbm-1-10405,Cl8 Gd2,Cl-Gd,2|Cl-Gd,300,PARC_release,2,10,2,8,True,0.047009,False,-2.113791000000002,True,labelable_current_MP_hull,unstable_to_stable,False,False,False,True,False,0.8515999999999999,-0.8515999999999999,True,False,-2.31553,-2.7562,3,not_available_for_wbm_queue_chgnet_mace_missing,0,23.93604341177539,10.0,5.651511869009259,19.83000681704263,5,False,False,False,False,t1_stable_or_true_release,False,candidate_level_explanation_not_MLIP_consensus_validation
wbm-1-10405,Cl8 Gd2,Cl-Gd,2|Cl-Gd,500,raw_only_requested_budget,0,10,0,10,False,0.047009,False,-2.113791000000002,True,labelable_current_MP_hull,unstable_to_stable,False,False,False,True,False,0.8515999999999999,-0.8515999999999999,True,False,-2.31553,-2.7562,3,not_available_for_wbm_queue_chgnet_mace_missing,0,23.93604341177539,10.0,3.390907121405556,39.685851537379705,18,False,False,False,False,t1_stable_or_true_release,False,candidate_level_explanation_not_MLIP_consensus_validation
wbm-1-10410,Cl8 Ho2,Cl-Ho,2|Cl-Ho,300,PARC_release,7,11,7,4,True,0.015707,False,0.5755630096000033,False,labelable_current_MP_hull,unstable_to_unstable,True,True,False,True,False,0.8988830000000001,-0.8988830000000001,True,True,-2.3769800000000005,-2.6107,3,not_available_for_wbm_queue_chgnet_mace_missing,1,34.12656697602882,10.0,5.651511869009259,16.36323504953147,6,False,False,False,False,near_hull_25meV_boundary,False,candidate_level_explanation_not_MLIP_consensus_validation
wbm-1-10410,Cl8 Ho2,Cl-Ho,2|Cl-Ho,500,PARC_release,1,11,1,10,True,0.015707,False,0.5755630096000033,False,labelable_current_MP_hull,unstable_to_unstable,True,True,False,True,False,0.8988830000000001,-0.8988830000000001,True,True,-2.3769800000000005,-2.6107,3,not_available_for_wbm_queue_chgnet_mace_missing,1,34.12656697602882,10.0,3.390907121405556,29.432650133714645,4,False,False,False,False,near_hull_25meV_boundary,False,candidate_level_explanation_not_MLIP_consensus_validation
wbm-1-10411,Cl8 Ho2,Cl-Ho,2|Cl-Ho,300,raw_only_requested_budget,0,11,0,11,False,0.029427,False,0.589283009599999,False,labelable_current_MP_hull,unstable_to_unstable,True,False,False,True,False,0.7677829999999997,-0.7677829999999997,True,True,-2.2513700000000005,-2.9373,3,not_available_for_wbm_queue_chgnet_mace_missing,1,13.022274889386972,10.0,5.651511869009259,16.36323504953147,34,False,False,False,False,near_hull_50meV_boundary,False,candidate_level_explanation_not_MLIP_consensus_validation
wbm-1-10411,Cl8 Ho2,Cl-Ho,2|Cl-Ho,500,raw_only_requested_budget,0,11,0,11,False,0.029427,False,0.589283009599999,False,labelable_current_MP_hull,unstable_to_unstable,True,False,False,True,False,0.7677829999999997,-0.7677829999999997,True,True,-2.2513700000000005,-2.9373,3,not_available_for_wbm_queue_chgnet_mace_missing,1,13.022274889386972,10.0,3.390907121405556,29.432650133714645,59,False,False,False,False,near_hull_50meV_boundary,False,candidate_level_explanation_not_MLIP_consensus_validation
wbm-1-10412,Cl8 Ho2,Cl-Ho,2|Cl-Ho,300,raw_only_requested_budget,0,11,0,11,False,0.017331,False,0.5771870096000029,False,labelable_current_MP_hull,unstable_to_unstable,True,True,False,True,False,0.780983,-0.780983,True,True,-2.24281,-2.9803,3,not_available_for_wbm_queue_chgnet_mace_missing,1,13.692634302249276,10.0,5.651511869009259,16.36323504953147,29,False,False,False,False,near_hull_25meV_boundary,False,candidate_level_explanation_not_MLIP_consensus_validation
wbm-1-10412,Cl8 Ho2,Cl-Ho,2|Cl-Ho,500,raw_only_requested_budget,0,11,0,11,False,0.017331,False,0.5771870096000029,False,labelable_current_MP_hull,unstable_to_unstable,True,True,False,True,False,0.780983,-0.780983,True,True,-2.24281,-2.9803,3,not_available_for_wbm_queue_chgnet_mace_missing,1,13.692634302249276,10.0,3.390907121405556,29.432650133714645,54,False,False,False,False,near_hull_25meV_boundary,False,candidate_level_explanation_not_MLIP_consensus_validation
wbm-1-10417,Cl8 In2,Cl-In,2|Cl-In,300,PARC_release,1,12,1,11,True,-0.012518,True,35.019837083,False,labelable_current_MP_hull,stable_to_unstable,True,True,False,True,False,0.8003979999999999,-0.8003979999999999,True,True,-1.2575999999999998,-1.619,3,not_available_for_wbm_queue_chgnet_mace_missing,1,15.262653700560776,10.0,5.651511869009259,19.83000681704263,6,False,False,False,False,near_hull_25meV_boundary,False,candidate_level_explanation_not_MLIP_consensus_validation
wbm-1-10417,Cl8 In2,Cl-In,2|Cl-In,500,raw_only_requested_budget,0,12,0,12,False,-0.012518,True,35.019837083,False,labelable_current_MP_hull,stable_to_unstable,True,True,False,True,False,0.8003979999999999,-0.8003979999999999,True,True,-1.2575999999999998,-1.619,3,not_available_for_wbm_queue_chgnet_mace_missing,1,15.262653700560776,10.0,3.390907121405556,39.685851537379705,35,False,False,False,False,near_hull_25meV_boundary,False,candidate_level_explanation_not_MLIP_consensus_validation
wbm-1-10442,Cl8 La2,Cl-La,2|Cl-La,300,PARC_release,6,13,6,7,True,0.07881,False,-2.215007,True,labelable_current_MP_hull,unstable_to_stable,False,False,False,False,False,0.879483,-0.879483,True,False,-2.44038,-2.7733,3,not_available_for_wbm_queue_chgnet_mace_missing,0,34.12656697602882,10.0,5.651511869009259,19.83000681704263,7,False,False,False,False,t1_stable_or_true_release,False,candidate_level_explanation_not_MLIP_consensus_validation
wbm-1-10442,Cl8 La2,Cl-La,2|Cl-La,500,PARC_release,1,13,1,12,True,0.07881,False,-2.215007,True,labelable_current_MP_hull,unstable_to_stable,False,False,False,False,False,0.879483,-0.879483,True,False,-2.44038,-2.7733,3,not_available_for_wbm_queue_chgnet_mace_missing,0,34.12656697602882,10.0,3.390907121405556,39.685851537379705,10,False,False,False,False,t1_stable_or_true_release,False,candidate_level_explanation_not_MLIP_consensus_validation
wbm-1-10444,Cl8 Lu2,Cl-Lu,2|Cl-Lu,300,PARC_release,2,11,2,9,True,0.016911,False,-2.109307000000001,True,labelable_current_MP_hull,unstable_to_stable,False,True,False,True,False,0.8417820000000003,-0.8417820000000003,True,False,-2.39138,-2.7161,3,not_available_for_wbm_queue_chgnet_mace_missing,0,21.82066537094214,10.0,5.651511869009259,16.36323504953147,5,True,False,True,True,t1_stable_or_true_release,False,candidate_level_explanation_not_MLIP_consensus_validation
wbm-1-10444,Cl8 Lu2,Cl-Lu,2|Cl-Lu,500,raw_only_requested_budget,0,11,0,11,False,0.016911,False,-2.109307000000001,True,labelable_current_MP_hull,unstable_to_stable,False,True,False,True,False,0.8417820000000003,-0.8417820000000003,True,False,-2.39138,-2.7161,3,not_available_for_wbm_queue_chgnet_mace_missing,0,21.82066537094214,10.0,3.390907121405556,29.432650133714645,11,True,False,True,True,t1_stable_or_true_release,False,candidate_level_explanation_not_MLIP_consensus_validation
wbm-1-10445,Cl8 Lu2,Cl-Lu,2|Cl-Lu,300,PARC_release,1,11,1,10,True,0.03921,False,-2.087008000000001,True,labelable_current_MP_hull,unstable_to_stable,False,False,False,True,False,0.781682,-0.781682,True,False,-2.24009,-2.9251,3,not_available_for_wbm_queue_chgnet_mace_missing,0,14.421678661637175,10.0,5.651511869009259,16.36323504953147,27,False,False,False,False,t1_stable_or_true_release,False,candidate_level_explanation_not_MLIP_consensus_validation
wbm-1-10445,Cl8 Lu2,Cl-Lu,2|Cl-Lu,500,raw_only_requested_budget,0,11,0,11,False,0.03921,False,-2.087008000000001,True,labelable_current_MP_hull,unstable_to_stable,False,False,False,True,False,0.781682,-0.781682,True,False,-2.24009,-2.9251,3,not_available_for_wbm_queue_chgnet_mace_missing,0,14.421678661637175,10.0,3.390907121405556,29.432650133714645,52,False,False,False,False,t1_stable_or_true_release,False,candidate_level_explanation_not_MLIP_consensus_validation
wbm-1-10447,Cl8 Mn2,Cl-Mn,2|Cl-Mn,300,PARC_release,10,14,10,4,True,-0.40207,True,-1.2991110000000106,True,labelable_current_MP_hull,stable_to_stable,False,False,False,False,False,0.966859,-0.966859,True,False,-1.19111,-1.7805,3,not_available_for_wbm_queue_chgnet_mace_missing,0,62.75590229824352,10.0,5.157690443561848,16.36323504953147,6,True,False,True,True,t1_stable_or_true_release,False,candidate_level_explanation_not_MLIP_consensus_validation
wbm-1-10447,Cl8 Mn2,Cl-Mn,2|Cl-Mn,500,PARC_release,6,14,6,8,True,-0.40207,True,-1.2991110000000106,True,labelable_current_MP_hull,stable_to_stable,False,False,False,False,False,0.966859,-0.966859,True,False,-1.19111,-1.7805,3,not_available_for_wbm_queue_chgnet_mace_missing,0,62.75590229824352,10.0,3.094614266137109,33.106904168958664,7,True,False,True,True,t1_stable_or_true_release,False,candidate_level_explanation_not_MLIP_consensus_validation
wbm-1-10450,Cl8 Nd2,Cl-Nd,2|Cl-Nd,300,PARC_release,3,8,3,5,True,0.065399,False,0.5763180380000001,False,labelable_current_MP_hull,unstable_to_unstable,True,False,False,False,False,0.8573069999999996,-0.8573069999999996,True,True,-2.33217,-2.7481,3,not_available_for_wbm_queue_chgnet_mace_missing,1,20.063990686604512,10.0,5.651511869009259,19.83000681704263,21,False,False,False,False,ALIGNN_FF_disagrees_with_current_MP_label,False,candidate_level_explanation_not_MLIP_consensus_validation
wbm-1-10450,Cl8 Nd2,Cl-Nd,2|Cl-Nd,500,raw_only_requested_budget,0,8,0,8,False,0.065399,False,0.5763180380000001,False,labelable_current_MP_hull,unstable_to_unstable,True,False,False,False,False,0.8573069999999996,-0.8573069999999996,True,True,-2.33217,-2.7481,3,not_available_for_wbm_queue_chgnet_mace_missing,1,20.063990686604512,10.0,3.390907121405556,39.685851537379705,27,False,False,False,False,ALIGNN_FF_disagrees_with_current_MP_label,False,candidate_level_explanation_not_MLIP_consensus_validation
wbm-1-10451,Cl8 Nd2,Cl-Nd,2|Cl-Nd,300,PARC_release,3,8,3,5,True,0.052547,False,0.5634650379999968,False,labelable_current_MP_hull,unstable_to_unstable,True,False,False,False,False,0.8672059999999999,-0.8672059999999999,True,True,-2.32763,-2.7369,3,not_available_for_wbm_queue_chgnet_mace_missing,1,20.063990686604512,10.0,5.651511869009259,19.83000681704263,12,False,False,False,False,ALIGNN_FF_disagrees_with_current_MP_label,False,candidate_level_explanation_not_MLIP_consensus_validation
wbm-1-10451,Cl8 Nd2,Cl-Nd,2|Cl-Nd,500,raw_only_requested_budget,0,8,0,8,False,0.052547,False,0.5634650379999968,False,labelable_current_MP_hull,unstable_to_unstable,True,False,False,False,False,0.8672059999999999,-0.8672059999999999,True,True,-2.32763,-2.7369,3,not_available_for_wbm_queue_chgnet_mace_missing,1,20.063990686604512,10.0,3.390907121405556,39.685851537379705,22,False,False,False,False,ALIGNN_FF_disagrees_with_current_MP_label,False,candidate_level_explanation_not_MLIP_consensus_validation
wbm-1-10456,Cl8 Ni2 Rb2,Cl-Ni-Rb,3|Cl-Ni,500,raw_only_requested_budget,0,1,0,1,False,-0.053907,True,-1.346861999999998,True,labelable_current_MP_hull,stable_to_stable,False,False,False,False,False,0.565245,-0.565245,True,False,-1.2318000000000002,-1.8149,3,not_available_for_wbm_queue_chgnet_mace_missing,0,3.073777514023968,10.0,1.2178016109894885,29.432650133714645,425,False,False,False,False,t1_stable_or_true_release,False,candidate_level_explanation_not_MLIP_consensus_validation
wbm-1-10467,Cl8 Pr2,Cl-Pr,2|Cl-Pr,300,PARC_release,4,8,4,4,True,-0.064568,True,-2.271093999999998,True,labelable_current_MP_hull,stable_to_stable,False,False,False,False,False,0.8607739999999997,-0.8607739999999997,True,False,-2.33259,-2.6883,3,not_available_for_wbm_queue_chgnet_mace_missing,0,21.790625303724457,10.0,5.651511869009259,12.674371754430824,15,True,True,True,True,t1_stable_or_true_release,False,candidate_level_explanation_not_MLIP_consensus_validation
wbm-1-10467,Cl8 Pr2,Cl-Pr,2|Cl-Pr,500,raw_only_requested_budget,0,8,0,8,False,-0.064568,True,-2.271093999999998,True,labelable_current_MP_hull,stable_to_stable,False,False,False,False,False,0.8607739999999997,-0.8607739999999997,True,False,-2.33259,-2.6883,3,not_available_for_wbm_queue_chgnet_mace_missing,0,21.790625303724457,10.0,3.390907121405556,33.106904168958664,18,True,True,True,True,t1_stable_or_true_release,False,candidate_level_explanation_not_MLIP_consensus_validation
wbm-1-10472,Cl8 Pu2,Cl-Pu,2|Cl-Pu,300,PARC_release,5,12,5,7,True,-0.191042,True,-2.1030640000000105,True,labelable_current_MP_hull,stable_to_stable,False,False,False,False,False,0.903578,-0.903578,True,False,-2.4164900000000005,-2.6914,3,not_available_for_wbm_queue_chgnet_mace_missing,0,40.061656781060655,10.0,5.273725046222098,19.83000681704263,3,False,False,False,False,t1_stable_or_true_release,False,candidate_level_explanation_not_MLIP_consensus_validation
wbm-1-10472,Cl8 Pu2,Cl-Pu,2|Cl-Pu,500,raw_only_requested_budget,0,12,0,12,False,-0.191042,True,-2.1030640000000105,True,labelable_current_MP_hull,stable_to_stable,False,False,False,False,False,0.903578,-0.903578,True,False,-2.4164900000000005,-2.6914,3,not_available_for_wbm_queue_chgnet_mace_missing,0,40.061656781060655,10.0,3.164235027733259,39.685851537379705,1,False,False,False,False,t1_stable_or_true_release,False,candidate_level_explanation_not_MLIP_consensus_validation
wbm-1-10489,Cl8 Sc2,Cl-Sc,2|Cl-Sc,300,raw_only_requested_budget,0,11,0,11,False,0.091544,False,-1.9713530000000008,True,labelable_current_MP_hull,unstable_to_stable,False,False,False,False,False,0.7128030000000001,-0.7128030000000001,True,False,-2.19105,-2.5815,3,not_available_for_wbm_queue_chgnet_mace_missing,0,8.834304730732526,10.0,5.651511869009259,19.83000681704263,75,False,False,False,False,t1_stable_or_true_release,False,candidate_level_explanation_not_MLIP_consensus_validation
wbm-1-10489,Cl8 Sc2,Cl-Sc,2|Cl-Sc,500,raw_only_requested_budget,0,12,0,12,False,0.091544,False,-1.9713530000000008,True,labelable_current_MP_hull,unstable_to_stable,False,False,False,False,False,0.7128030000000001,-0.7128030000000001,True,False,-2.19105,-2.5815,3,not_available_for_wbm_queue_chgnet_mace_missing,0,8.834304730732526,10.0,3.390907121405556,39.685851537379705,136,False,False,False,False,t1_stable_or_true_release,False,candidate_level_explanation_not_MLIP_consensus_validation
wbm-1-10490,Cl8 Sc2,Cl-Sc,2|Cl-Sc,300,PARC_release,2,12,2,10,True,-0.057723,True,-2.120619999999999,True,labelable_current_MP_hull,stable_to_stable,False,False,False,False,False,0.8109030000000002,-0.8109030000000002,True,False,-1.81656,-2.5153,3,not_available_for_wbm_queue_chgnet_mace_missing,0,17.3301600176195,10.0,5.651511869009259,19.83000681704263,14,True,True,False,True,t1_stable_or_true_release,False,candidate_level_explanation_not_MLIP_consensus_validation
wbm-1-10490,Cl8 Sc2,Cl-Sc,2|Cl-Sc,500,raw_only_requested_budget,0,12,0,12,False,-0.057723,True,-2.120619999999999,True,labelable_current_MP_hull,stable_to_stable,False,False,False,False,False,0.8109030000000002,-0.8109030000000002,True,False,-1.81656,-2.5153,3,not_available_for_wbm_queue_chgnet_mace_missing,0,17.3301600176195,10.0,3.390907121405556,39.685851537379705,47,True,True,False,True,t1_stable_or_true_release,False,candidate_level_explanation_not_MLIP_consensus_validation
wbm-1-10491,Cl8 Sc2,Cl-Sc,2|Cl-Sc,300,raw_only_requested_budget,0,8,0,8,False,0.156958,False,-1.905939,True,labelable_current_MP_hull,unstable_to_stable,False,False,False,False,False,0.669203,-0.669203,True,False,-1.80525,-2.5635,3,not_available_for_wbm_queue_chgnet_mace_missing,0,7.084698184134033,10.0,5.651511869009259,19.83000681704263,126,False,False,False,False,t1_stable_or_true_release,False,candidate_level_explanation_not_MLIP_consensus_validation
wbm-1-10491,Cl8 Sc2,Cl-Sc,2|Cl-Sc,500,raw_only_requested_budget,0,12,0,12,False,0.156958,False,-1.905939,True,labelable_current_MP_hull,unstable_to_stable,False,False,False,False,False,0.669203,-0.669203,True,False,-1.80525,-2.5635,3,not_available_for_wbm_queue_chgnet_mace_missing,0,7.084698184134033,10.0,3.390907121405556,39.685851537379705,174,False,False,False,False,t1_stable_or_true_release,False,candidate_level_explanation_not_MLIP_consensus_validation
wbm-1-10493,Cl8 Sm2,Cl-Sm,2|Cl-Sm,300,PARC_release,6,14,6,8,True,-0.149498,True,0.3699268759999938,False,labelable_current_MP_hull,stable_to_unstable,True,False,False,False,False,0.8841579999999998,-0.8841579999999998,True,True,-2.31553,-2.859,3,not_available_for_wbm_queue_chgnet_mace_missing,1,29.847185589531662,10.0,5.273725046222098,19.83000681704263,6,True,False,True,True,ALIGNN_FF_disagrees_with_current_MP_label,False,candidate_level_explanation_not_MLIP_consensus_validation
wbm-1-10493,Cl8 Sm2,Cl-Sm,2|Cl-Sm,500,raw_only_requested_budget,0,14,0,14,False,-0.149498,True,0.3699268759999938,False,labelable_current_MP_hull,stable_to_unstable,True,False,False,False,False,0.8841579999999998,-0.8841579999999998,True,True,-2.31553,-2.859,3,not_available_for_wbm_queue_chgnet_mace_missing,1,29.847185589531662,10.0,3.164235027733259,39.685851537379705,8,True,False,True,True,ALIGNN_FF_disagrees_with_current_MP_label,False,candidate_level_explanation_not_MLIP_consensus_validation
wbm-1-10494,Cl8 Sm2,Cl-Sm,2|Cl-Sm,300,PARC_release,7,14,7,7,True,-0.012993,True,0.506430875999996,False,labelable_current_MP_hull,stable_to_unstable,True,True,False,True,False,0.902357,-0.902357,True,True,-2.30411,-2.854,3,not_available_for_wbm_queue_chgnet_mace_missing,1,34.13447912091952,10.0,5.273725046222098,19.83000681704263,1,False,False,False,False,near_hull_25meV_boundary,False,candidate_level_explanation_not_MLIP_consensus_validation
wbm-1-10494,Cl8 Sm2,Cl-Sm,2|Cl-Sm,500,raw_only_requested_budget,0,14,0,14,False,-0.012993,True,0.506430875999996,False,labelable_current_MP_hull,stable_to_unstable,True,True,False,True,False,0.902357,-0.902357,True,True,-2.30411,-2.854,3,not_available_for_wbm_queue_chgnet_mace_missing,1,34.13447912091952,10.0,3.164235027733259,39.685851537379705,1,False,False,False,False,near_hull_25meV_boundary,False,candidate_level_explanation_not_MLIP_consensus_validation
wbm-1-10503,Cl8 Sr2,Cl-Sr,2|Cl-Sr,300,raw_only_requested_budget,0,12,0,12,False,-0.041343,True,-1.7781319999999994,True,labelable_current_MP_hull,stable_to_stable,False,False,False,True,False,0.7731109999999999,-0.7731109999999999,True,False,-1.6821100000000002,-1.8811,3,not_available_for_wbm_queue_chgnet_mace_missing,0,13.673959648292552,10.0,5.273725046222098,16.36323504953147,1,False,False,False,False,t1_stable_or_true_release,False,candidate_level_explanation_not_MLIP_consensus_validation
wbm-1-10503,Cl8 Sr2,Cl-Sr,2|Cl-Sr,500,raw_only_requested_budget,0,12,0,12,False,-0.041343,True,-1.7781319999999994,True,labelable_current_MP_hull,stable_to_stable,False,False,False,True,False,0.7731109999999999,-0.7731109999999999,True,False,-1.6821100000000002,-1.8811,3,not_available_for_wbm_queue_chgnet_mace_missing,0,13.673959648292552,10.0,3.164235027733259,29.432650133714645,57,False,False,False,False,t1_stable_or_true_release,False,candidate_level_explanation_not_MLIP_consensus_validation
wbm-1-10504,Cl8 Sr2,Cl-Sr,2|Cl-Sr,300,PARC_release,1,12,1,11,True,-0.202669,True,-1.9394589999999996,True,labelable_current_MP_hull,stable_to_stable,False,False,False,False,False,0.7956099999999999,-0.7956099999999999,True,False,-1.6721400000000002,-1.9253,3,not_available_for_wbm_queue_chgnet_mace_missing,0,15.283544375734625,10.0,5.273725046222098,16.36323504953147,13,True,False,True,True,t1_stable_or_true_release,False,candidate_level_explanation_not_MLIP_consensus_validation
wbm-1-10504,Cl8 Sr2,Cl-Sr,2|Cl-Sr,500,raw_only_requested_budget,0,12,0,12,False,-0.202669,True,-1.9394589999999996,True,labelable_current_MP_hull,stable_to_stable,False,False,False,False,False,0.7956099999999999,-0.7956099999999999,True,False,-1.6721400000000002,-1.9253,3,not_available_for_wbm_queue_chgnet_mace_missing,0,15.283544375734625,10.0,3.164235027733259,29.432650133714645,46,True,False,True,True,t1_stable_or_true_release,False,candidate_level_explanation_not_MLIP_consensus_validation
wbm-1-10507,Cl8 Tb2,Cl-Tb,2|Cl-Tb,300,raw_only_requested_budget,0,9,0,9,False,0.051043,False,0.4819916379999966,False,labelable_current_MP_hull,unstable_to_unstable,True,False,False,False,False,0.8312130000000004,-0.8312130000000004,True,True,-2.38147,-2.5958,3,not_available_for_wbm_queue_chgnet_mace_missing,1,15.280062910460382,10.0,5.273725046222098,19.83000681704263,11,False,False,False,False,ALIGNN_FF_disagrees_with_current_MP_label,False,candidate_level_explanation_not_MLIP_consensus_validation
wbm-1-10507,Cl8 Tb2,Cl-Tb,2|Cl-Tb,500,raw_only_requested_budget,0,9,0,9,False,0.051043,False,0.4819916379999966,False,labelable_current_MP_hull,unstable_to_unstable,True,False,False,False,False,0.8312130000000004,-0.8312130000000004,True,True,-2.38147,-2.5958,3,not_available_for_wbm_queue_chgnet_mace_missing,1,15.280062910460382,10.0,3.164235027733259,39.685851537379705,38,False,False,False,False,ALIGNN_FF_disagrees_with_current_MP_label,False,candidate_level_explanation_not_MLIP_consensus_validation
wbm-1-10508,Cl8 Tb2,Cl-Tb,2|Cl-Tb,300,raw_only_requested_budget,0,9,0,9,False,-0.104922,True,0.3260276379999993,False,labelable_current_MP_hull,stable_to_unstable,True,False,False,False,False,0.7104140000000005,-0.7104140000000005,True,True,-2.2724200000000003,-2.9126,3,not_available_for_wbm_queue_chgnet_mace_missing,1,8.309316895894764,10.0,5.273725046222098,19.83000681704263,119,True,False,True,True,ALIGNN_FF_disagrees_with_current_MP_label,False,candidate_level_explanation_not_MLIP_consensus_validation
wbm-1-10508,Cl8 Tb2,Cl-Tb,2|Cl-Tb,500,raw_only_requested_budget,0,9,0,9,False,-0.104922,True,0.3260276379999993,False,labelable_current_MP_hull,stable_to_unstable,True,False,False,False,False,0.7104140000000005,-0.7104140000000005,True,True,-2.2724200000000003,-2.9126,3,not_available_for_wbm_queue_chgnet_mace_missing,1,8.309316895894764,10.0,3.164235027733259,39.685851537379705,151,True,False,True,True,ALIGNN_FF_disagrees_with_current_MP_label,False,candidate_level_explanation_not_MLIP_consensus_validation
wbm-1-10509,Cl8 Tb2,Cl-Tb,2|Cl-Tb,300,raw_only_requested_budget,0,9,0,9,False,0.044846,False,0.4757946379999964,False,labelable_current_MP_hull,unstable_to_unstable,True,False,False,True,False,0.8369129999999996,-0.8369129999999996,True,True,-2.25874,-2.9265,3,not_available_for_wbm_queue_chgnet_mace_missing,1,15.280062910460382,10.0,5.273725046222098,19.83000681704263,9,False,False,False,False,near_hull_50meV_boundary,False,candidate_level_explanation_not_MLIP_consensus_validation
wbm-1-10509,Cl8 Tb2,Cl-Tb,2|Cl-Tb,500,raw_only_requested_budget,0,9,0,9,False,0.044846,False,0.4757946379999964,False,labelable_current_MP_hull,unstable_to_unstable,True,False,False,True,False,0.8369129999999996,-0.8369129999999996,True,True,-2.25874,-2.9265,3,not_available_for_wbm_queue_chgnet_mace_missing,1,15.280062910460382,10.0,3.164235027733259,39.685851537379705,37,False,False,False,False,near_hull_50meV_boundary,False,candidate_level_explanation_not_MLIP_consensus_validation
wbm-1-10514,Cl8 Tm2,Cl-Tm,2|Cl-Tm,300,raw_only_requested_budget,0,2,0,2,False,0.045554,False,11.837099953999989,False,labelable_current_MP_hull,unstable_to_unstable,True,False,False,True,False,0.648091,-0.648091,True,True,-2.3993299999999995,-2.6898,3,not_available_for_wbm_queue_chgnet_mace_missing,1,6.057070135766492,10.0,2.965053684829303,19.83000681704263,225,False,False,False,False,near_hull_50meV_boundary,False,candidate_level_explanation_not_MLIP_consensus_validation
wbm-1-10514,Cl8 Tm2,Cl-Tm,2|Cl-Tm,500,raw_only_requested_budget,0,11,0,11,False,0.045554,False,11.837099953999989,False,labelable_current_MP_hull,unstable_to_unstable,True,False,False,True,False,0.648091,-0.648091,True,True,-2.3993299999999995,-2.6898,3,not_available_for_wbm_queue_chgnet_mace_missing,1,6.449904186024537,10.0,3.164235027733259,39.685851537379705,226,False,False,False,False,near_hull_50meV_boundary,False,candidate_level_explanation_not_MLIP_consensus_validation
wbm-1-10516,Cl8 Tm2,Cl-Tm,2|Cl-Tm,300,raw_only_requested_budget,0,11,0,11,False,0.058011,False,11.84955695399999,False,labelable_current_MP_hull,unstable_to_unstable,True,False,False,False,False,0.7128909999999999,-0.7128909999999999,True,True,-2.21108,-2.9676,3,not_available_for_wbm_queue_chgnet_mace_missing,1,8.82236270621361,10.0,5.273725046222098,19.83000681704263,74,False,False,False,False,ALIGNN_FF_disagrees_with_current_MP_label,False,candidate_level_explanation_not_MLIP_consensus_validation
wbm-1-10516,Cl8 Tm2,Cl-Tm,2|Cl-Tm,500,raw_only_requested_budget,0,11,0,11,False,0.058011,False,11.84955695399999,False,labelable_current_MP_hull,unstable_to_unstable,True,False,False,False,False,0.7128909999999999,-0.7128909999999999,True,True,-2.21108,-2.9676,3,not_available_for_wbm_queue_chgnet_mace_missing,1,8.82236270621361,10.0,3.164235027733259,39.685851537379705,145,False,False,False,False,ALIGNN_FF_disagrees_with_current_MP_label,False,candidate_level_explanation_not_MLIP_consensus_validation
wbm-1-10521,Cl8 Yb2,Cl-Yb,2|Cl-Yb,300,raw_only_requested_budget,0,1,0,1,False,-0.060537,True,,False,unresolved_current_MP_missing_element_reference,stable_to_unresolved,True,False,False,False,False,0.65046,-0.65046,True,True,-1.5636500000000002,-1.9941,3,not_available_for_wbm_queue_chgnet_mace_missing,1,5.934681507496319,10.0,2.086020786140143,12.674371754430824,247,False,False,False,False,unresolved_current_MP_hull_reference,False,candidate_level_explanation_not_MLIP_consensus_validation
wbm-1-10521,Cl8 Yb2,Cl-Yb,2|Cl-Yb,500,raw_only_requested_budget,0,9,0,9,False,-0.060537,True,,False,unresolved_current_MP_missing_element_reference,stable_to_unresolved,True,False,False,False,False,0.65046,-0.65046,True,True,-1.5636500000000002,-1.9941,3,not_available_for_wbm_queue_chgnet_mace_missing,1,6.449904186024537,10.0,3.094614266137109,33.106904168958664,196,False,False,False,False,unresolved_current_MP_hull_reference,False,candidate_level_explanation_not_MLIP_consensus_validation
wbm-1-10522,Cl8 Yb2,Cl-Yb,2|Cl-Yb,300,raw_only_requested_budget,0,3,0,3,False,-0.203917,True,,False,unresolved_current_MP_missing_element_reference,stable_to_unresolved,True,False,False,False,False,0.65916,-0.65916,True,True,-1.55275,-1.9673,3,not_available_for_wbm_queue_chgnet_mace_missing,1,6.055715038291497,10.0,4.774748419917196,12.674371754430824,164,True,False,True,True,unresolved_current_MP_hull_reference,False,candidate_level_explanation_not_MLIP_consensus_validation
wbm-1-10522,Cl8 Yb2,Cl-Yb,2|Cl-Yb,500,raw_only_requested_budget,0,9,0,9,False,-0.203917,True,,False,unresolved_current_MP_missing_element_reference,stable_to_unresolved,True,False,False,False,False,0.65916,-0.65916,True,True,-1.55275,-1.9673,3,not_available_for_wbm_queue_chgnet_mace_missing,1,6.5949146379549,10.0,3.094614266137109,33.106904168958664,177,True,False,True,True,unresolved_current_MP_hull_reference,False,candidate_level_explanation_not_MLIP_consensus_validation
wbm-1-10523,Cl8 Y2,Cl-Y,2|Cl-Y,500,raw_only_requested_budget,0,8,0,8,False,0.072506,False,-2.122761999999998,True,labelable_current_MP_hull,unstable_to_stable,False,False,False,False,False,0.6041319999999999,-0.6041319999999999,True,False,-2.3616,-2.626,3,not_available_for_wbm_queue_chgnet_mace_missing,0,4.876393465572375,10.0,3.390907121405556,33.106904168958664,296,False,False,False,False,t1_stable_or_true_release,False,candidate_level_explanation_not_MLIP_consensus_validation
wbm-1-10524,Cl8 Y2,Cl-Y,2|Cl-Y,300,PARC_release,2,8,2,6,True,-0.08154,True,-2.276807999999999,True,labelable_current_MP_hull,stable_to_stable,False,False,False,False,False,0.851232,-0.851232,True,False,-2.20316,-2.9195,3,not_available_for_wbm_queue_chgnet_mace_missing,0,18.566685755496703,10.0,5.651511869009259,16.36323504953147,1,True,False,True,True,t1_stable_or_true_release,False,candidate_level_explanation_not_MLIP_consensus_validation
wbm-1-10524,Cl8 Y2,Cl-Y,2|Cl-Y,500,raw_only_requested_budget,0,8,0,8,False,-0.08154,True,-2.276807999999999,True,labelable_current_MP_hull,stable_to_stable,False,False,False,False,False,0.851232,-0.851232,True,False,-2.20316,-2.9195,3,not_available_for_wbm_queue_chgnet_mace_missing,0,18.566685755496703,10.0,3.390907121405556,33.106904168958664,24,True,False,True,True,t1_stable_or_true_release,False,candidate_level_explanation_not_MLIP_consensus_validation
wbm-1-10525,Cl8 Y2,Cl-Y,2|Cl-Y,300,PARC_release,2,8,2,6,True,0.074202,False,-2.121065999999999,True,labelable_current_MP_hull,unstable_to_stable,False,False,False,False,False,0.8490319999999998,-0.8490319999999998,True,False,-2.1927700000000003,-2.9298,3,not_available_for_wbm_queue_chgnet_mace_missing,0,18.566685755496703,10.0,5.651511869009259,16.36323504953147,3,False,False,False,False,t1_stable_or_true_release,False,candidate_level_explanation_not_MLIP_consensus_validation
wbm-1-10525,Cl8 Y2,Cl-Y,2|Cl-Y,500,raw_only_requested_budget,0,8,0,8,False,0.074202,False,-2.121065999999999,True,labelable_current_MP_hull,unstable_to_stable,False,False,False,False,False,0.8490319999999998,-0.8490319999999998,True,False,-2.1927700000000003,-2.9298,3,not_available_for_wbm_queue_chgnet_mace_missing,0,18.566685755496703,10.0,3.390907121405556,33.106904168958664,25,False,False,False,False,t1_stable_or_true_release,False,candidate_level_explanation_not_MLIP_consensus_validation
wbm-1-10532,As2 Cl10,As-Cl,2|As-Cl,500,raw_only_requested_budget,0,2,0,2,False,0.006575,False,-0.9442660000000024,True,labelable_current_MP_hull,unstable_to_stable,False,True,False,True,False,0.555259,-0.555259,True,False,-0.87016,-1.4261,3,not_available_for_wbm_queue_chgnet_mace_missing,0,3.1968864633000584,10.0,1.3174868122990375,39.685851537379705,451,False,False,False,False,t1_stable_or_true_release,False,candidate_level_explanation_not_MLIP_consensus_validation
wbm-1-10533,Bi2 Cl10,Bi-Cl,2|Bi-Cl,300,raw_only_requested_budget,0,4,0,4,False,-0.023836,True,2.111050185833328,False,labelable_current_MP_hull,stable_to_unstable,True,True,False,True,False,0.654673,-0.654673,True,True,-1.17015,-1.3713,3,not_available_for_wbm_queue_chgnet_mace_missing,1,6.183537263960147,10.0,2.965053684829303,19.83000681704263,214,False,False,False,False,near_hull_25meV_boundary,False,candidate_level_explanation_not_MLIP_consensus_validation
wbm-1-10533,Bi2 Cl10,Bi-Cl,2|Bi-Cl,500,raw_only_requested_budget,0,15,0,15,False,-0.023836,True,2.111050185833328,False,labelable_current_MP_hull,stable_to_unstable,True,True,False,True,False,0.654673,-0.654673,True,True,-1.17015,-1.3713,3,not_available_for_wbm_queue_chgnet_mace_missing,1,6.183537263960147,10.0,3.390907121405556,39.685851537379705,185,False,False,False,False,near_hull_25meV_boundary,False,candidate_level_explanation_not_MLIP_consensus_validation
wbm-1-10577,Cl6 Cr1 Rb2,Cl-Cr-Rb,3|Cl-Cr,500,raw_only_requested_budget,0,10,0,10,False,-0.111983,True,-1.8182699999999985,True,labelable_current_MP_hull,stable_to_stable,False,False,False,False,False,0.621613,-0.621613,True,False,-1.8751,-2.2978,3,not_available_for_wbm_queue_chgnet_mace_missing,0,5.3970196914062205,10.0,3.390907121405556,33.106904168958664,252,False,False,False,False,t1_stable_or_true_release,False,candidate_level_explanation_not_MLIP_consensus_validation
wbm-1-10581,Cl6 Cs2 Dy1,Cl-Cs-Dy,3|Cl-Cs,300,raw_only_requested_budget,0,5,0,5,False,0.03406,False,5.745012752222223,False,labelable_current_MP_hull,unstable_to_unstable,True,False,False,True,False,0.662839,-0.662839,True,True,-2.42484,-2.8913,3,not_available_for_wbm_queue_chgnet_mace_missing,1,6.182153285800492,10.0,3.676226167219616,19.83000681704263,193,False,False,False,False,near_hull_50meV_boundary,False,candidate_level_explanation_not_MLIP_consensus_validation
wbm-1-10581,Cl6 Cs2 Dy1,Cl-Cs-Dy,3|Cl-Cs,500,raw_only_requested_budget,0,10,0,10,False,0.03406,False,5.745012752222223,False,labelable_current_MP_hull,unstable_to_unstable,True,False,False,True,False,0.662839,-0.662839,True,True,-2.42484,-2.8913,3,not_available_for_wbm_queue_chgnet_mace_missing,1,6.747081012892613,10.0,3.164235027733259,39.685851537379705,201,False,False,False,False,near_hull_50meV_boundary,False,candidate_level_explanation_not_MLIP_consensus_validation
wbm-1-10582,Cl6 Cs2 Er1,Cl-Cs-Er,3|Cl-Cs,300,raw_only_requested_budget,0,3,0,3,False,0.032034,False,-0.2851501827777731,True,labelable_current_MP_hull,unstable_to_stable,False,False,False,True,False,0.658947,-0.658947,True,False,-2.4278000000000004,-2.9084,3,not_available_for_wbm_queue_chgnet_mace_missing,0,6.055715038291497,10.0,3.349412495825695,19.83000681704263,206,False,False,False,True,t1_stable_or_true_release,False,candidate_level_explanation_not_MLIP_consensus_validation
wbm-1-10582,Cl6 Cs2 Er1,Cl-Cs-Er,3|Cl-Cs,500,raw_only_requested_budget,0,10,0,10,False,0.032034,False,-0.2851501827777731,True,labelable_current_MP_hull,unstable_to_stable,False,False,False,True,False,0.658947,-0.658947,True,False,-2.4278000000000004,-2.9084,3,not_available_for_wbm_queue_chgnet_mace_missing,0,6.449904186024537,10.0,3.164235027733259,39.685851537379705,209,False,False,False,True,t1_stable_or_true_release,False,candidate_level_explanation_not_MLIP_consensus_validation
wbm-1-10584,Cl6 Cs2 Gd1,Cl-Cs-Gd,3|Cl-Cs,300,raw_only_requested_budget,0,2,0,2,False,0.034048,False,-0.2498585850000019,True,labelable_current_MP_hull,unstable_to_stable,False,False,False,True,False,0.6531930000000004,-0.6531930000000004,True,False,-2.4354400000000003,-2.8686,3,not_available_for_wbm_queue_chgnet_mace_missing,0,5.934681507496319,10.0,2.195811353831729,19.83000681704263,218,False,False,False,False,t1_stable_or_true_release,False,candidate_level_explanation_not_MLIP_consensus_validation
wbm-1-10584,Cl6 Cs2 Gd1,Cl-Cs-Gd,3|Cl-Cs,500,raw_only_requested_budget,0,10,0,10,False,0.034048,False,-0.2498585850000019,True,labelable_current_MP_hull,unstable_to_stable,False,False,False,True,False,0.6531930000000004,-0.6531930000000004,True,False,-2.4354400000000003,-2.8686,3,not_available_for_wbm_queue_chgnet_mace_missing,0,6.449904186024537,10.0,3.164235027733259,39.685851537379705,221,False,False,False,False,t1_stable_or_true_release,False,candidate_level_explanation_not_MLIP_consensus_validation
wbm-1-10587,Cl6 Cs2 Ho1,Cl-Cs-Ho,3|Cl-Cs,300,raw_only_requested_budget,0,3,0,3,False,0.033084,False,10.556636663259264,False,labelable_current_MP_hull,unstable_to_unstable,True,False,False,True,False,0.6594599999999997,-0.6594599999999997,True,True,-2.4278000000000004,-2.8992,3,not_available_for_wbm_queue_chgnet_mace_missing,1,6.055715038291497,10.0,3.349412495825695,19.83000681704263,205,False,False,False,True,near_hull_50meV_boundary,False,candidate_level_explanation_not_MLIP_consensus_validation
wbm-1-10587,Cl6 Cs2 Ho1,Cl-Cs-Ho,3|Cl-Cs,500,raw_only_requested_budget,0,10,0,10,False,0.033084,False,10.556636663259264,False,labelable_current_MP_hull,unstable_to_unstable,True,False,False,True,False,0.6594599999999997,-0.6594599999999997,True,True,-2.4278000000000004,-2.8992,3,not_available_for_wbm_queue_chgnet_mace_missing,1,6.5949146379549,10.0,3.164235027733259,39.685851537379705,208,False,False,False,True,near_hull_50meV_boundary,False,candidate_level_explanation_not_MLIP_consensus_validation
wbm-1-10588,Cl6 Cs2 La1,Cl-Cs-La,3|Cl-Cs,500,raw_only_requested_budget,0,10,0,10,False,0.06071,False,-1.8789353688888892,True,labelable_current_MP_hull,unstable_to_stable,False,False,False,False,False,0.6114960000000003,-0.6114960000000003,True,False,-2.4695,-2.7993,3,not_available_for_wbm_queue_chgnet_mace_missing,0,5.03762514135281,10.0,3.164235027733259,39.685851537379705,311,False,False,False,False,t1_stable_or_true_release,False,candidate_level_explanation_not_MLIP_consensus_validation
wbm-1-10589,Cl6 Cs2 Lu1,Cl-Cs-Lu,3|Cl-Cs,300,raw_only_requested_budget,0,10,0,10,False,-0.029227,True,0.1535841133333377,False,labelable_current_MP_hull,stable_to_unstable,True,False,False,True,False,0.7168960000000002,-0.7168960000000002,True,True,-2.41554,-2.9233,3,not_available_for_wbm_queue_chgnet_mace_missing,1,9.10867280702932,10.0,5.273725046222098,19.83000681704263,69,True,True,False,True,near_hull_50meV_boundary,False,candidate_level_explanation_not_MLIP_consensus_validation
wbm-1-10589,Cl6 Cs2 Lu1,Cl-Cs-Lu,3|Cl-Cs,500,raw_only_requested_budget,0,10,0,10,False,-0.029227,True,0.1535841133333377,False,labelable_current_MP_hull,stable_to_unstable,True,False,False,True,False,0.7168960000000002,-0.7168960000000002,True,True,-2.41554,-2.9233,3,not_available_for_wbm_queue_chgnet_mace_missing,1,9.10867280702932,10.0,3.164235027733259,39.685851537379705,143,True,True,False,True,near_hull_50meV_boundary,False,candidate_level_explanation_not_MLIP_consensus_validation
wbm-1-10590,Cl6 Cs2 Nd1,Cl-Cs-Nd,3|Cl-Cs,300,raw_only_requested_budget,0,4,0,4,False,0.040217,False,10.536724334444449,False,labelable_current_MP_hull,unstable_to_unstable,True,False,False,True,False,0.6618369999999998,-0.6618369999999998,True,True,-2.43039,-2.8032,3,not_available_for_wbm_queue_chgnet_mace_missing,1,6.182153285800492,10.0,3.676226167219616,19.83000681704263,196,False,False,False,False,near_hull_50meV_boundary,False,candidate_level_explanation_not_MLIP_consensus_validation
wbm-1-10590,Cl6 Cs2 Nd1,Cl-Cs-Nd,3|Cl-Cs,500,raw_only_requested_budget,0,10,0,10,False,0.040217,False,10.536724334444449,False,labelable_current_MP_hull,unstable_to_unstable,True,False,False,True,False,0.6618369999999998,-0.6618369999999998,True,True,-2.43039,-2.8032,3,not_available_for_wbm_queue_chgnet_mace_missing,1,6.747081012892613,10.0,3.164235027733259,39.685851537379705,204,False,False,False,False,near_hull_50meV_boundary,False,candidate_level_explanation_not_MLIP_consensus_validation
wbm-1-10592,Cl6 Cs2 Pr1,Cl-Cs-Pr,3|Cl-Cs,300,raw_only_requested_budget,0,1,0,1,False,0.05639,False,9.872621997777784,False,labelable_current_MP_hull,unstable_to_unstable,True,False,False,False,False,0.6344280000000002,-0.6344280000000002,True,True,-2.4173,-2.7862,3,not_available_for_wbm_queue_chgnet_mace_missing,1,4.801978237054699,10.0,2.195811353831729,19.83000681704263,256,False,False,False,False,ALIGNN_FF_disagrees_with_current_MP_label,False,candidate_level_explanation_not_MLIP_consensus_validation
wbm-1-10592,Cl6 Cs2 Pr1,Cl-Cs-Pr,3|Cl-Cs,500,raw_only_requested_budget,0,10,0,10,False,0.05639,False,9.872621997777784,False,labelable_current_MP_hull,unstable_to_unstable,True,False,False,False,False,0.6344280000000002,-0.6344280000000002,True,True,-2.4173,-2.7862,3,not_available_for_wbm_queue_chgnet_mace_missing,1,5.816104394315984,10.0,3.164235027733259,39.685851537379705,259,False,False,False,False,ALIGNN_FF_disagrees_with_current_MP_label,False,candidate_level_explanation_not_MLIP_consensus_validation
wbm-1-10593,Cl6 Cs2 Sm1,Cl-Cs-Sm,3|Cl-Cs,300,raw_only_requested_budget,0,6,0,6,False,0.015256,False,-0.2360385472222219,True,labelable_current_MP_hull,unstable_to_stable,False,True,False,True,False,0.6823680000000003,-0.6823680000000003,True,False,-2.4354400000000003,-2.8504,3,not_available_for_wbm_queue_chgnet_mace_missing,0,6.597872846048761,10.0,3.785059061183545,19.83000681704263,167,False,False,False,False,t1_stable_or_true_release,False,candidate_level_explanation_not_MLIP_consensus_validation
wbm-1-10593,Cl6 Cs2 Sm1,Cl-Cs-Sm,3|Cl-Cs,500,raw_only_requested_budget,0,10,0,10,False,0.015256,False,-0.2360385472222219,True,labelable_current_MP_hull,unstable_to_stable,False,True,False,True,False,0.6823680000000003,-0.6823680000000003,True,False,-2.4354400000000003,-2.8504,3,not_available_for_wbm_queue_chgnet_mace_missing,0,7.2523803428846385,10.0,3.164235027733259,39.685851537379705,181,False,False,False,False,t1_stable_or_true_release,False,candidate_level_explanation_not_MLIP_consensus_validation
wbm-1-10594,Cl6 Cs2 Tb1,Cl-Cs-Tb,3|Cl-Cs,300,raw_only_requested_budget,0,8,0,8,False,0.002284,False,-0.8046597566666662,True,labelable_current_MP_hull,unstable_to_stable,False,True,False,True,False,0.6923919999999999,-0.6923919999999999,True,False,-2.42877,-2.8811,3,not_available_for_wbm_queue_chgnet_mace_missing,0,7.078342506798473,10.0,4.993083301746044,19.83000681704263,139,False,False,False,False,t1_stable_or_true_release,False,candidate_level_explanation_not_MLIP_consensus_validation
wbm-1-10594,Cl6 Cs2 Tb1,Cl-Cs-Tb,3|Cl-Cs,500,raw_only_requested_budget,0,10,0,10,False,0.002284,False,-0.8046597566666662,True,labelable_current_MP_hull,unstable_to_stable,False,True,False,True,False,0.6923919999999999,-0.6923919999999999,True,False,-2.42877,-2.8811,3,not_available_for_wbm_queue_chgnet_mace_missing,0,7.846167941986419,10.0,3.164235027733259,39.685851537379705,169,False,False,False,False,t1_stable_or_true_release,False,candidate_level_explanation_not_MLIP_consensus_validation
wbm-1-10595,Cl6 Cs2 Tb1,Cl-Cs-Tb,3|Cl-Cs,300,raw_only_requested_budget,0,1,0,1,False,0.010144,False,-0.7967997566666654,True,labelable_current_MP_hull,unstable_to_stable,False,True,False,True,False,0.6426919999999998,-0.6426919999999998,True,False,-2.45598,-2.7135,3,not_available_for_wbm_queue_chgnet_mace_missing,0,4.95781718505185,10.0,2.195811353831729,19.83000681704263,239,False,False,False,False,t1_stable_or_true_release,False,candidate_level_explanation_not_MLIP_consensus_validation
wbm-1-10595,Cl6 Cs2 Tb1,Cl-Cs-Tb,3|Cl-Cs,500,raw_only_requested_budget,0,10,0,10,False,0.010144,False,-0.7967997566666654,True,labelable_current_MP_hull,unstable_to_stable,False,True,False,True,False,0.6426919999999998,-0.6426919999999998,True,False,-2.45598,-2.7135,3,not_available_for_wbm_queue_chgnet_mace_missing,0,6.053004685082268,10.0,3.164235027733259,39.685851537379705,242,False,False,False,False,t1_stable_or_true_release,False,candidate_level_explanation_not_MLIP_consensus_validation
wbm-1-10596,Cl6 Cs2 Tm1,Cl-Cs-Tm,3|Cl-Cs,300,raw_only_requested_budget,0,5,0,5,False,0.030811,False,5.491478974444444,False,labelable_current_MP_hull,unstable_to_unstable,True,False,False,True,False,0.663993,-0.663993,True,True,-2.41964,-2.9162,3,not_available_for_wbm_queue_chgnet_mace_missing,1,6.183537263960147,10.0,3.676226167219616,19.83000681704263,192,False,False,False,True,near_hull_50meV_boundary,False,candidate_level_explanation_not_MLIP_consensus_validation
wbm-1-10596,Cl6 Cs2 Tm1,Cl-Cs-Tm,3|Cl-Cs,500,raw_only_requested_budget,0,10,0,10,False,0.030811,False,5.491478974444444,False,labelable_current_MP_hull,unstable_to_unstable,True,False,False,True,False,0.663993,-0.663993,True,True,-2.41964,-2.9162,3,not_available_for_wbm_queue_chgnet_mace_missing,1,6.906959060696608,10.0,3.164235027733259,39.685851537379705,198,False,False,False,True,near_hull_50meV_boundary,False,candidate_level_explanation_not_MLIP_consensus_validation
wbm-1-10597,Cl6 Cs2 Tm1,Cl-Cs-Tm,3|Cl-Cs,500,raw_only_requested_budget,0,7,0,7,False,0.033557,False,5.494225974444444,False,labelable_current_MP_hull,unstable_to_unstable,True,False,False,True,False,0.5987939999999998,-0.5987939999999998,True,True,-2.4796400000000003,-2.7405,3,not_available_for_wbm_queue_chgnet_mace_missing,1,4.656253816440382,10.0,2.9958499810476265,39.685851537379705,341,False,False,False,False,near_hull_50meV_boundary,False,candidate_level_explanation_not_MLIP_consensus_validation
wbm-1-10605,Cl6 Cu1 Rb2,Cl-Cu-Rb,3|Cl-Cu,300,raw_only_requested_budget,0,9,0,9,False,-0.072773,True,0.7926486877777776,False,labelable_current_MP_hull,stable_to_unstable,True,False,False,False,False,0.671618,-0.671618,True,True,-1.4551899999999998,-1.8569,3,not_available_for_wbm_queue_chgnet_mace_missing,1,7.084698184134033,10.0,5.651511869009259,19.83000681704263,122,True,True,False,True,ALIGNN_FF_disagrees_with_current_MP_label,False,candidate_level_explanation_not_MLIP_consensus_validation
wbm-1-10605,Cl6 Cu1 Rb2,Cl-Cu-Rb,3|Cl-Cu,500,raw_only_requested_budget,0,13,0,13,False,-0.072773,True,0.7926486877777776,False,labelable_current_MP_hull,stable_to_unstable,True,False,False,False,False,0.671618,-0.671618,True,True,-1.4551899999999998,-1.8569,3,not_available_for_wbm_queue_chgnet_mace_missing,1,7.084698184134033,10.0,3.390907121405556,39.685851537379705,170,True,True,False,True,ALIGNN_FF_disagrees_with_current_MP_label,False,candidate_level_explanation_not_MLIP_consensus_validation
wbm-1-10629,Cl6 Cr1 K2,Cl-Cr-K,3|Cl-Cr,500,raw_only_requested_budget,0,3,0,3,False,-0.084805,True,-1.7970229999999958,True,labelable_current_MP_hull,stable_to_stable,False,False,False,False,False,0.5825819999999999,-0.5825819999999999,True,False,-1.85324,-2.2835,3,not_available_for_wbm_queue_chgnet_mace_missing,0,4.049213506737862,10.0,3.390907121405556,33.106904168958664,342,False,False,False,False,t1_stable_or_true_release,False,candidate_level_explanation_not_MLIP_consensus_validation
wbm-1-10630,Cl6 Cu1 K2,Cl-Cu-K,3|Cl-Cu,300,raw_only_requested_budget,0,7,0,7,False,-0.069428,True,0.8051946877777922,False,labelable_current_MP_hull,stable_to_unstable,True,False,False,False,False,0.665719,-0.665719,True,True,-1.43742,-1.8382,3,not_available_for_wbm_queue_chgnet_mace_missing,1,6.599351864309193,10.0,5.651511869009259,19.83000681704263,131,True,True,False,True,ALIGNN_FF_disagrees_with_current_MP_label,False,candidate_level_explanation_not_MLIP_consensus_validation
wbm-1-10630,Cl6 Cu1 K2,Cl-Cu-K,3|Cl-Cu,500,raw_only_requested_budget,0,13,0,13,False,-0.069428,True,0.8051946877777922,False,labelable_current_MP_hull,stable_to_unstable,True,False,False,False,False,0.665719,-0.665719,True,True,-1.43742,-1.8382,3,not_available_for_wbm_queue_chgnet_mace_missing,1,6.916261695059129,10.0,3.390907121405556,39.685851537379705,179,True,True,False,True,ALIGNN_FF_disagrees_with_current_MP_label,False,candidate_level_explanation_not_MLIP_consensus_validation
wbm-1-10635,Cl6 In1 K2,Cl-In-K,3|Cl-In,500,raw_only_requested_budget,0,1,0,1,False,0.024972,False,18.417620823888896,False,labelable_current_MP_hull,unstable_to_unstable,True,True,False,True,False,0.580506,-0.580506,True,True,-1.87067,-2.2345,3,not_available_for_wbm_queue_chgnet_mace_missing,1,3.326423002174752,10.0,1.2178016109894885,29.432650133714645,386,False,False,False,False,near_hull_25meV_boundary,False,candidate_level_explanation_not_MLIP_consensus_validation
wbm-1-10636,Cl6 Ir1 K2,Cl-Ir-K,3|Cl-Ir,500,raw_only_requested_budget,0,1,0,1,False,-0.135554,True,-0.2718290033333304,True,labelable_current_MP_hull,stable_to_stable,False,False,False,False,False,0.553979,-0.553979,True,False,-1.60642,-2.0258,3,not_available_for_wbm_queue_chgnet_mace_missing,0,2.9621815726991896,10.0,1.2178016109894885,29.432650133714645,462,False,False,False,False,t1_stable_or_true_release,False,candidate_level_explanation_not_MLIP_consensus_validation
wbm-1-10638,Cl6 K2 Ni1,Cl-K-Ni,3|Cl-K,300,raw_only_requested_budget,0,6,0,6,False,-0.18179,True,-1.5339379999999885,True,labelable_current_MP_hull,stable_to_stable,False,False,False,False,False,0.668552,-0.668552,True,False,-1.54531,-1.8443,3,not_available_for_wbm_queue_chgnet_mace_missing,0,6.315789297822852,10.0,5.651511869009259,16.36323504953147,127,True,False,True,True,t1_stable_or_true_release,False,candidate_level_explanation_not_MLIP_consensus_validation
wbm-1-10638,Cl6 K2 Ni1,Cl-K-Ni,3|Cl-K,500,raw_only_requested_budget,0,11,0,11,False,-0.18179,True,-1.5339379999999885,True,labelable_current_MP_hull,stable_to_stable,False,False,False,False,False,0.668552,-0.668552,True,False,-1.54531,-1.8443,3,not_available_for_wbm_queue_chgnet_mace_missing,0,6.5949146379549,10.0,3.390907121405556,33.106904168958664,165,True,False,True,True,t1_stable_or_true_release,False,candidate_level_explanation_not_MLIP_consensus_validation
wbm-1-10640,Cl6 K2 Rh1,Cl-K-Rh,3|Cl-K,500,raw_only_requested_budget,0,1,0,1,False,-0.082786,True,-1.5804379999999938,True,labelable_current_MP_hull,stable_to_stable,False,False,False,False,False,0.556848,-0.556848,True,False,-1.6323600000000005,-2.035,3,not_available_for_wbm_queue_chgnet_mace_missing,0,2.9621815726991896,10.0,1.2178016109894885,29.432650133714645,443,False,False,False,False,t1_stable_or_true_release,False,candidate_level_explanation_not_MLIP_consensus_validation
wbm-1-10641,Cl6 K2 Sc1,Cl-K-Sc,3|Cl-K,500,raw_only_requested_budget,0,5,0,5,False,0.036035,False,-2.1413649999999933,True,labelable_current_MP_hull,unstable_to_stable,False,False,False,True,False,0.5880999999999998,-0.5880999999999998,True,False,-2.34106,-2.6507,3,not_available_for_wbm_queue_chgnet_mace_missing,0,4.156773416575273,10.0,3.390907121405556,33.106904168958664,330,False,False,False,False,t1_stable_or_true_release,False,candidate_level_explanation_not_MLIP_consensus_validation
wbm-1-10689,Cl6 Cs2 Ni1,Cl-Cs-Ni,3|Cl-Cs,300,raw_only_requested_budget,0,3,0,3,False,-0.19269,True,-1.5703539999999985,True,labelable_current_MP_hull,stable_to_stable,False,False,False,False,False,0.6609360000000002,-0.6609360000000002,True,False,-1.59203,-1.9572,3,not_available_for_wbm_queue_chgnet_mace_missing,0,6.182153285800492,10.0,3.349412495825695,19.83000681704263,203,True,False,True,True,t1_stable_or_true_release,False,candidate_level_explanation_not_MLIP_consensus_validation
wbm-1-10689,Cl6 Cs2 Ni1,Cl-Cs-Ni,3|Cl-Cs,500,raw_only_requested_budget,0,10,0,10,False,-0.19269,True,-1.5703539999999985,True,labelable_current_MP_hull,stable_to_stable,False,False,False,False,False,0.6609360000000002,-0.6609360000000002,True,False,-1.59203,-1.9572,3,not_available_for_wbm_queue_chgnet_mace_missing,0,6.747081012892613,10.0,3.164235027733259,39.685851537379705,206,True,False,True,True,t1_stable_or_true_release,False,candidate_level_explanation_not_MLIP_consensus_validation
wbm-1-10690,Cl6 Ni1 Rb2,Cl-Ni-Rb,3|Cl-Ni,300,raw_only_requested_budget,0,6,0,6,False,-0.18973,True,-1.5505729999999964,True,labelable_current_MP_hull,stable_to_stable,False,False,False,False,False,0.6773569999999998,-0.6773569999999998,True,False,-1.5625699999999998,-1.8869,3,not_available_for_wbm_queue_chgnet_mace_missing,0,6.315789297822852,10.0,5.651511869009259,16.36323504953147,117,True,False,True,True,t1_stable_or_true_release,False,candidate_level_explanation_not_MLIP_consensus_validation
wbm-1-10690,Cl6 Ni1 Rb2,Cl-Ni-Rb,3|Cl-Ni,500,raw_only_requested_budget,0,9,0,9,False,-0.18973,True,-1.5505729999999964,True,labelable_current_MP_hull,stable_to_stable,False,False,False,False,False,0.6773569999999998,-0.6773569999999998,True,False,-1.5625699999999998,-1.8869,3,not_available_for_wbm_queue_chgnet_mace_missing,0,7.075164301635225,10.0,3.390907121405556,29.432650133714645,165,True,False,True,True,t1_stable_or_true_release,False,candidate_level_explanation_not_MLIP_consensus_validation
wbm-1-10701,Ce1 Cl6 Rb2,Ce-Cl-Rb,3|Ce-Cl,500,raw_only_requested_budget,0,3,0,3,False,-0.163689,True,-2.412917,True,labelable_current_MP_hull,stable_to_stable,False,False,False,False,False,0.569772,-0.569772,True,False,-2.45353,-2.7721,3,not_available_for_wbm_queue_chgnet_mace_missing,0,3.590371789108786,10.0,2.009647497495417,39.685851537379705,426,False,False,False,False,t1_stable_or_true_release,False,candidate_level_explanation_not_MLIP_consensus_validation
wbm-1-10706,Cl6 In1 Rb2,Cl-In-Rb,3|Cl-In,300,raw_only_requested_budget,0,1,0,1,False,-0.036288,True,18.38743182388889,False,labelable_current_MP_hull,stable_to_unstable,True,False,False,True,False,0.654477,-0.654477,True,True,-1.84156,-2.2763,3,not_available_for_wbm_queue_chgnet_mace_missing,1,4.724757558236893,10.0,2.0296693516491477,16.36323504953147,232,True,True,False,True,near_hull_50meV_boundary,False,candidate_level_explanation_not_MLIP_consensus_validation
wbm-1-10706,Cl6 In1 Rb2,Cl-In-Rb,3|Cl-In,500,raw_only_requested_budget,0,6,0,6,False,-0.036288,True,18.38743182388889,False,labelable_current_MP_hull,stable_to_unstable,True,False,False,True,False,0.654477,-0.654477,True,True,-1.84156,-2.2763,3,not_available_for_wbm_queue_chgnet_mace_missing,1,6.449904186024537,10.0,3.164235027733259,29.432650133714645,236,True,True,False,True,near_hull_50meV_boundary,False,candidate_level_explanation_not_MLIP_consensus_validation
wbm-1-10707,Cl6 Ir1 Rb2,Cl-Ir-Rb,3|Cl-Ir,500,raw_only_requested_budget,0,7,0,7,False,-0.177045,True,-0.2936920033333372,True,labelable_current_MP_hull,stable_to_stable,False,False,False,False,False,0.6024070000000004,-0.6024070000000004,True,False,-1.62647,-2.0159,3,not_available_for_wbm_queue_chgnet_mace_missing,0,4.4555291688735466,10.0,3.390907121405556,29.432650133714645,299,False,False,False,False,t1_stable_or_true_release,False,candidate_level_explanation_not_MLIP_consensus_validation
wbm-1-10709,Cl6 Rb2 Ru1,Cl-Rb-Ru,3|Cl-Rb,500,raw_only_requested_budget,0,9,0,9,False,-0.181469,True,3.9598990388888886,False,labelable_current_MP_hull,stable_to_unstable,True,False,False,False,False,0.6000240000000003,-0.6000240000000003,True,True,-1.6621400000000002,-2.0511,3,not_available_for_wbm_queue_chgnet_mace_missing,1,4.727915587350588,10.0,3.390907121405556,39.685851537379705,304,False,False,False,False,ALIGNN_FF_disagrees_with_current_MP_label,False,candidate_level_explanation_not_MLIP_consensus_validation
wbm-1-10725,Cl6 Cs2 Ru1,Cl-Cs-Ru,3|Cl-Cs,500,raw_only_requested_budget,0,3,0,3,False,-0.150825,True,3.933064038888887,False,labelable_current_MP_hull,stable_to_unstable,True,False,False,False,False,0.573745,-0.573745,True,True,-1.6982199999999998,-2.0818,3,not_available_for_wbm_queue_chgnet_mace_missing,1,3.89856845817538,10.0,2.009647497495417,39.685851537379705,409,False,False,False,False,ALIGNN_FF_disagrees_with_current_MP_label,False,candidate_level_explanation_not_MLIP_consensus_validation
wbm-1-10729,Cl6 Cs2 Sc1,Cl-Cs-Sc,3|Cl-Cs,500,raw_only_requested_budget,0,10,0,10,False,0.025982,False,-2.1943680000000008,True,labelable_current_MP_hull,unstable_to_stable,False,False,False,True,False,0.6169500000000001,-0.6169500000000001,True,False,-2.19135,-2.8103,3,not_available_for_wbm_queue_chgnet_mace_missing,0,5.122601899014496,10.0,3.164235027733259,39.685851537379705,298,False,False,False,False,t1_stable_or_true_release,False,candidate_level_explanation_not_MLIP_consensus_validation
wbm-1-10730,Cl6 Cs2 Sc1,Cl-Cs-Sc,3|Cl-Cs,300,raw_only_requested_budget,0,4,0,4,False,0.019424,False,-2.2009250000000016,True,labelable_current_MP_hull,unstable_to_stable,False,True,False,True,False,0.6610510000000005,-0.6610510000000005,True,False,-2.3643500000000004,-2.7591,3,not_available_for_wbm_queue_chgnet_mace_missing,0,6.182153285800492,10.0,3.676226167219616,19.83000681704263,197,True,False,True,True,t1_stable_or_true_release,False,candidate_level_explanation_not_MLIP_consensus_validation
wbm-1-10730,Cl6 Cs2 Sc1,Cl-Cs-Sc,3|Cl-Cs,500,raw_only_requested_budget,0,10,0,10,False,0.019424,False,-2.2009250000000016,True,labelable_current_MP_hull,unstable_to_stable,False,True,False,True,False,0.6610510000000005,-0.6610510000000005,True,False,-2.3643500000000004,-2.7591,3,not_available_for_wbm_queue_chgnet_mace_missing,0,6.747081012892613,10.0,3.164235027733259,39.685851537379705,205,True,False,True,True,t1_stable_or_true_release,False,candidate_level_explanation_not_MLIP_consensus_validation
wbm-1-10732,Cl6 Rb2 Sc1,Cl-Rb-Sc,3|Cl-Rb,300,raw_only_requested_budget,0,4,0,4,False,-0.016496,True,-2.169350999999999,True,labelable_current_MP_hull,stable_to_stable,False,True,False,True,False,0.6573450000000003,-0.6573450000000003,True,False,-2.32458,-2.7021,3,not_available_for_wbm_queue_chgnet_mace_missing,0,6.183537263960147,10.0,4.774748419917196,19.83000681704263,167,True,True,True,True,t1_stable_or_true_release,False,candidate_level_explanation_not_MLIP_consensus_validation
wbm-1-10732,Cl6 Rb2 Sc1,Cl-Rb-Sc,3|Cl-Rb,500,raw_only_requested_budget,0,12,0,12,False,-0.016496,True,-2.169350999999999,True,labelable_current_MP_hull,stable_to_stable,False,True,False,True,False,0.6573450000000003,-0.6573450000000003,True,False,-2.32458,-2.7021,3,not_available_for_wbm_queue_chgnet_mace_missing,0,6.458579042100912,10.0,3.390907121405556,39.685851537379705,180,True,True,True,True,t1_stable_or_true_release,False,candidate_level_explanation_not_MLIP_consensus_validation
wbm-1-10771,Cl6 Cs2 Y1,Cl-Cs-Y,3|Cl-Cs,300,raw_only_requested_budget,0,3,0,3,False,0.033633,False,-0.2711777338888872,True,labelable_current_MP_hull,unstable_to_stable,False,False,False,True,False,0.6586219999999998,-0.6586219999999998,True,False,-2.40411,-2.8919,3,not_available_for_wbm_queue_chgnet_mace_missing,0,6.055715038291497,10.0,3.349412495825695,19.83000681704263,209,False,False,False,False,t1_stable_or_true_release,False,candidate_level_explanation_not_MLIP_consensus_validation
wbm-1-10771,Cl6 Cs2 Y1,Cl-Cs-Y,3|Cl-Cs,500,raw_only_requested_budget,0,10,0,10,False,0.033633,False,-0.2711777338888872,True,labelable_current_MP_hull,unstable_to_stable,False,False,False,True,False,0.6586219999999998,-0.6586219999999998,True,False,-2.40411,-2.8919,3,not_available_for_wbm_queue_chgnet_mace_missing,0,6.449904186024537,10.0,3.164235027733259,39.685851537379705,212,False,False,False,False,t1_stable_or_true_release,False,candidate_level_explanation_not_MLIP_consensus_validation
wbm-1-10772,Cl6 Cs2 Y1,Cl-Cs-Y,3|Cl-Cs,500,raw_only_requested_budget,0,10,0,10,False,0.040357,False,-0.2644527338888878,True,labelable_current_MP_hull,unstable_to_stable,False,False,False,True,False,0.6240229999999998,-0.6240229999999998,True,False,-2.44842,-2.7486,3,not_available_for_wbm_queue_chgnet_mace_missing,0,5.399430617044307,10.0,3.164235027733259,39.685851537379705,281,False,False,False,False,t1_stable_or_true_release,False,candidate_level_explanation_not_MLIP_consensus_validation
wbm-1-10782,Cl7 Cs2 I1,Cl-Cs-I,3|Cl-Cs,500,raw_only_requested_budget,0,10,0,10,False,-0.268455,True,0.0857453700000014,False,labelable_current_MP_hull,stable_to_unstable,True,False,False,False,False,0.6208469999999999,-0.6208469999999999,True,True,-1.25097,-1.6913,3,not_available_for_wbm_queue_chgnet_mace_missing,1,5.213030411595775,10.0,3.164235027733259,39.685851537379705,286,False,False,False,False,ALIGNN_FF_disagrees_with_current_MP_label,False,candidate_level_explanation_not_MLIP_consensus_validation
wbm-1-10801,Ba1 Cl8 Yb2,Ba-Cl-Yb,3|Ba-Cl,300,raw_only_requested_budget,0,3,0,3,False,-0.033691,True,,False,unresolved_current_MP_missing_element_reference,stable_to_unresolved,True,False,False,True,False,0.6792560000000001,-0.6792560000000001,True,True,-2.28125,-2.7545,3,not_available_for_wbm_queue_chgnet_mace_missing,1,6.180769253856642,10.0,4.774748419917196,19.83000681704263,140,True,True,False,True,unresolved_current_MP_hull_reference,False,candidate_level_explanation_not_MLIP_consensus_validation
wbm-1-10801,Ba1 Cl8 Yb2,Ba-Cl-Yb,3|Ba-Cl,500,raw_only_requested_budget,0,9,0,9,False,-0.033691,True,,False,unresolved_current_MP_missing_element_reference,stable_to_unresolved,True,False,False,True,False,0.6792560000000001,-0.6792560000000001,True,True,-2.28125,-2.7545,3,not_available_for_wbm_queue_chgnet_mace_missing,1,7.2523803428846385,10.0,3.164235027733259,39.685851537379705,153,True,True,False,True,unresolved_current_MP_hull_reference,False,candidate_level_explanation_not_MLIP_consensus_validation
wbm-1-10803,Ba1 Ca2 Cl8,Ba-Ca-Cl,3|Ba-Ca,300,raw_only_requested_budget,0,6,0,6,False,-0.027628,True,1.6959272136363597,False,labelable_current_MP_hull,stable_to_unstable,True,False,False,True,False,0.6969749999999997,-0.6969749999999997,True,True,-2.2938400000000003,-2.7234,3,not_available_for_wbm_queue_chgnet_mace_missing,1,7.636979934480418,10.0,4.993083301746044,16.36323504953147,120,True,True,False,True,near_hull_50meV_boundary,False,candidate_level_explanation_not_MLIP_consensus_validation
wbm-1-10803,Ba1 Ca2 Cl8,Ba-Ca-Cl,3|Ba-Ca,500,raw_only_requested_budget,0,9,0,9,False,-0.027628,True,1.6959272136363597,False,labelable_current_MP_hull,stable_to_unstable,True,False,False,True,False,0.6969749999999997,-0.6969749999999997,True,True,-2.2938400000000003,-2.7234,3,not_available_for_wbm_queue_chgnet_mace_missing,1,7.846167941986419,10.0,3.164235027733259,29.432650133714645,145,True,True,False,True,near_hull_50meV_boundary,False,candidate_level_explanation_not_MLIP_consensus_validation
wbm-1-10804,Ca2 Cl8 Sr1,Ca-Cl-Sr,3|Ca-Cl,300,raw_only_requested_budget,0,6,0,6,False,0.015154,False,-0.2069499981818197,True,labelable_current_MP_hull,unstable_to_stable,False,True,False,True,False,0.6891570000000002,-0.6891570000000002,True,False,-2.24555,-2.6635,3,not_available_for_wbm_queue_chgnet_mace_missing,0,6.910060177676704,10.0,5.651511869009259,19.83000681704263,104,False,False,False,False,t1_stable_or_true_release,False,candidate_level_explanation_not_MLIP_consensus_validation
wbm-1-10804,Ca2 Cl8 Sr1,Ca-Cl-Sr,3|Ca-Cl,500,raw_only_requested_budget,0,9,0,9,False,0.015154,False,-0.2069499981818197,True,labelable_current_MP_hull,unstable_to_stable,False,True,False,True,False,0.6891570000000002,-0.6891570000000002,True,False,-2.24555,-2.6635,3,not_available_for_wbm_queue_chgnet_mace_missing,0,7.439368630355362,10.0,3.390907121405556,39.685851537379705,152,False,False,False,False,t1_stable_or_true_release,False,candidate_level_explanation_not_MLIP_consensus_validation
wbm-1-10810,Ba1 Cl8 Sr2,Ba-Cl-Sr,3|Ba-Cl,300,raw_only_requested_budget,0,9,0,9,False,-0.006819,True,-0.4294947881818185,True,labelable_current_MP_hull,stable_to_stable,False,True,False,True,False,0.734483,-0.734483,True,False,-2.41221,-2.7113,3,not_available_for_wbm_queue_chgnet_mace_missing,0,10.108130325542572,10.0,5.273725046222098,19.83000681704263,44,True,True,True,True,t1_stable_or_true_release,False,candidate_level_explanation_not_MLIP_consensus_validation
wbm-1-10810,Ba1 Cl8 Sr2,Ba-Cl-Sr,3|Ba-Cl,500,raw_only_requested_budget,0,9,0,9,False,-0.006819,True,-0.4294947881818185,True,labelable_current_MP_hull,stable_to_stable,False,True,False,True,False,0.734483,-0.734483,True,False,-2.41221,-2.7113,3,not_available_for_wbm_queue_chgnet_mace_missing,0,10.108130325542572,10.0,3.164235027733259,39.685851537379705,95,True,True,True,True,t1_stable_or_true_release,False,candidate_level_explanation_not_MLIP_consensus_validation
wbm-1-10812,Cl8 Sr3,Cl-Sr,2|Cl-Sr,300,raw_only_requested_budget,0,10,0,10,False,0.098502,False,-2.2698329999999984,True,labelable_current_MP_hull,unstable_to_stable,False,False,False,False,False,0.7069649999999998,-0.7069649999999998,True,False,-2.36852,-2.6717,3,not_available_for_wbm_queue_chgnet_mace_missing,0,8.314929611426463,10.0,5.273725046222098,16.36323504953147,82,False,False,False,False,t1_stable_or_true_release,False,candidate_level_explanation_not_MLIP_consensus_validation
wbm-1-10812,Cl8 Sr3,Cl-Sr,2|Cl-Sr,500,raw_only_requested_budget,0,12,0,12,False,0.098502,False,-2.2698329999999984,True,labelable_current_MP_hull,unstable_to_stable,False,False,False,False,False,0.7069649999999998,-0.7069649999999998,True,False,-2.36852,-2.6717,3,not_available_for_wbm_queue_chgnet_mace_missing,0,8.314929611426463,10.0,3.164235027733259,29.432650133714645,125,False,False,False,False,t1_stable_or_true_release,False,candidate_level_explanation_not_MLIP_consensus_validation
wbm-1-11501,Br6 Co2,Br-Co,2|Br-Co,300,raw_only_requested_budget,0,5,0,5,False,-0.267691,True,-0.8167750000000069,True,labelable_current_MP_hull,stable_to_stable,False,False,False,False,False,0.6916159999999999,-0.6916159999999999,True,False,-0.70517,-0.743,3,not_available_for_wbm_queue_chgnet_mace_missing,0,8.314929611426463,10.0,4.993083301746044,16.36323504953147,140,True,True,True,True,t1_stable_or_true_release,False,candidate_level_explanation_not_MLIP_consensus_validation
wbm-1-11501,Br6 Co2,Br-Co,2|Br-Co,500,raw_only_requested_budget,0,6,0,6,False,-0.267691,True,-0.8167750000000069,True,labelable_current_MP_hull,stable_to_stable,False,False,False,False,False,0.6916159999999999,-0.6916159999999999,True,False,-0.70517,-0.743,3,not_available_for_wbm_queue_chgnet_mace_missing,0,8.314929611426463,10.0,2.9958499810476265,29.432650133714645,171,True,True,True,True,t1_stable_or_true_release,False,candidate_level_explanation_not_MLIP_consensus_validation
wbm-1-13668,Br6 Cu2,Br-Cu,2|Br-Cu,500,raw_only_requested_budget,0,3,0,3,False,-0.040439,True,-0.5866019999999992,True,labelable_current_MP_hull,stable_to_stable,False,False,False,True,False,0.5866370000000001,-0.5866370000000001,True,False,-0.57587,-0.5961,3,not_available_for_wbm_queue_chgnet_mace_missing,0,4.103150278489336,10.0,3.390907121405556,7.545591709829708,333,False,False,False,False,t1_stable_or_true_release,False,candidate_level_explanation_not_MLIP_consensus_validation
wbm-1-14847,Cu2 F6,Cu-F,2|Cu-F,300,raw_only_requested_budget,0,10,0,10,False,-0.296433,True,-1.6561240000000002,True,labelable_current_MP_hull,stable_to_stable,False,False,False,False,False,0.7347089999999998,-0.7347089999999998,True,False,-1.4892600000000005,-1.9177,3,not_available_for_wbm_queue_chgnet_mace_missing,0,10.493075434558586,10.0,5.651511869009259,16.36323504953147,42,True,False,True,True,t1_stable_or_true_release,False,candidate_level_explanation_not_MLIP_consensus_validation
wbm-1-14847,Cu2 F6,Cu-F,2|Cu-F,500,raw_only_requested_budget,0,10,0,10,False,-0.296433,True,-1.6561240000000002,True,labelable_current_MP_hull,stable_to_stable,False,False,False,False,False,0.7347089999999998,-0.7347089999999998,True,False,-1.4892600000000005,-1.9177,3,not_available_for_wbm_queue_chgnet_mace_missing,0,10.493075434558586,10.0,3.390907121405556,33.106904168958664,112,True,False,True,True,t1_stable_or_true_release,False,candidate_level_explanation_not_MLIP_consensus_validation
wbm-1-14884,F6 Gd2,F-Gd,2|F-Gd,500,raw_only_requested_budget,0,5,0,5,False,-0.218095,True,-4.330886,True,labelable_current_MP_hull,stable_to_stable,False,False,False,False,False,0.5713090000000003,-0.5713090000000003,True,False,-4.27968,-4.6068,3,not_available_for_wbm_queue_chgnet_mace_missing,0,3.89856845817538,10.0,3.390907121405556,39.685851537379705,381,False,False,False,False,t1_stable_or_true_release,False,candidate_level_explanation_not_MLIP_consensus_validation
wbm-1-15070,F3 Np1,F-Np,2|F-Np,300,raw_only_requested_budget,0,9,0,9,False,0.169704,False,18.304921646875,False,labelable_current_MP_hull,unstable_to_unstable,True,False,False,False,False,0.8475899999999998,-0.8475899999999998,True,True,-3.68025,-3.9311,3,not_available_for_wbm_queue_chgnet_mace_missing,1,21.82066537094214,10.0,5.273725046222098,19.83000681704263,1,False,False,False,False,ALIGNN_FF_disagrees_with_current_MP_label,False,candidate_level_explanation_not_MLIP_consensus_validation
wbm-1-15070,F3 Np1,F-Np,2|F-Np,500,raw_only_requested_budget,0,9,0,9,False,0.169704,False,18.304921646875,False,labelable_current_MP_hull,unstable_to_unstable,True,False,False,False,False,0.8475899999999998,-0.8475899999999998,True,True,-3.68025,-3.9311,3,not_available_for_wbm_queue_chgnet_mace_missing,1,21.82066537094214,10.0,3.164235027733259,39.685851537379705,28,False,False,False,False,ALIGNN_FF_disagrees_with_current_MP_label,False,candidate_level_explanation_not_MLIP_consensus_validation
wbm-1-15071,F3 Np1,F-Np,2|F-Np,300,PARC_release,1,9,1,8,True,0.225158,False,18.360375646875006,False,labelable_current_MP_hull,unstable_to_unstable,True,False,False,False,False,0.8513899999999999,-0.8513899999999999,True,True,-3.59155,-3.7115,3,not_available_for_wbm_queue_chgnet_mace_missing,1,23.93604341177539,10.0,5.273725046222098,19.83000681704263,12,False,False,False,False,ALIGNN_FF_disagrees_with_current_MP_label,False,candidate_level_explanation_not_MLIP_consensus_validation
wbm-1-15071,F3 Np1,F-Np,2|F-Np,500,raw_only_requested_budget,0,9,0,9,False,0.225158,False,18.360375646875006,False,labelable_current_MP_hull,unstable_to_unstable,True,False,False,False,False,0.8513899999999999,-0.8513899999999999,True,True,-3.59155,-3.7115,3,not_available_for_wbm_queue_chgnet_mace_missing,1,23.93604341177539,10.0,3.164235027733259,39.685851537379705,23,False,False,False,False,ALIGNN_FF_disagrees_with_current_MP_label,False,candidate_level_explanation_not_MLIP_consensus_validation
wbm-1-15215,F3 Zr1,F-Zr,2|F-Zr,500,raw_only_requested_budget,0,8,0,8,False,0.119247,False,37.619130355625,False,labelable_current_MP_hull,unstable_to_unstable,True,False,False,False,False,0.5937769999999998,-0.5937769999999998,True,True,-3.85926,-3.8303,3,not_available_for_wbm_queue_chgnet_mace_missing,1,4.586875680264978,10.0,2.8648490519503174,39.685851537379705,334,False,False,False,False,ALIGNN_FF_disagrees_with_current_MP_label,False,candidate_level_explanation_not_MLIP_consensus_validation
wbm-1-15286,Cu2 F8,Cu-F,2|Cu-F,300,raw_only_requested_budget,0,10,0,10,False,-0.207275,True,-1.2950230000000025,True,labelable_current_MP_hull,stable_to_stable,False,False,False,False,False,0.7299520000000002,-0.7299520000000002,True,False,-1.11904,-1.7463,3,not_available_for_wbm_queue_chgnet_mace_missing,0,9.421999145266588,10.0,5.651511869009259,16.36323504953147,50,True,True,False,True,t1_stable_or_true_release,False,candidate_level_explanation_not_MLIP_consensus_validation
wbm-1-15286,Cu2 F8,Cu-F,2|Cu-F,500,raw_only_requested_budget,0,10,0,10,False,-0.207275,True,-1.2950230000000025,True,labelable_current_MP_hull,stable_to_stable,False,False,False,False,False,0.7299520000000002,-0.7299520000000002,True,False,-1.11904,-1.7463,3,not_available_for_wbm_queue_chgnet_mace_missing,0,9.421999145266588,10.0,3.390907121405556,33.106904168958664,119,True,True,False,True,t1_stable_or_true_release,False,candidate_level_explanation_not_MLIP_consensus_validation
wbm-1-15312,F4 In1,F-In,2|F-In,300,raw_only_requested_budget,0,1,0,1,False,0.142553,False,-2.1251120000000085,True,labelable_current_MP_hull,unstable_to_stable,False,False,False,False,False,0.6373349999999998,-0.6373349999999998,True,False,-2.2813900000000005,-2.7391,3,not_available_for_wbm_queue_chgnet_mace_missing,0,4.801978237054699,10.0,2.195811353831729,19.83000681704263,250,False,False,False,False,t1_stable_or_true_release,False,candidate_level_explanation_not_MLIP_consensus_validation
wbm-1-15312,F4 In1,F-In,2|F-In,500,raw_only_requested_budget,0,8,0,8,False,0.142553,False,-2.1251120000000085,True,labelable_current_MP_hull,unstable_to_stable,False,False,False,False,False,0.6373349999999998,-0.6373349999999998,True,False,-2.2813900000000005,-2.7391,3,not_available_for_wbm_queue_chgnet_mace_missing,0,5.932026426840391,10.0,3.094614266137109,39.685851537379705,220,False,False,False,False,t1_stable_or_true_release,False,candidate_level_explanation_not_MLIP_consensus_validation
wbm-1-15319,Cu2 F8 K2,Cu-F-K,3|Cu-F,300,raw_only_requested_budget,0,2,0,2,False,-0.26358,True,-0.948841298333324,True,labelable_current_MP_hull,stable_to_stable,False,False,False,False,False,0.6591259999999999,-0.6591259999999999,True,False,-2.01664,-2.4925,3,not_available_for_wbm_queue_chgnet_mace_missing,0,6.055715038291497,10.0,2.086020786140143,16.36323504953147,225,True,False,True,True,t1_stable_or_true_release,False,candidate_level_explanation_not_MLIP_consensus_validation
wbm-1-15319,Cu2 F8 K2,Cu-F-K,3|Cu-F,500,raw_only_requested_budget,0,9,0,9,False,-0.26358,True,-0.948841298333324,True,labelable_current_MP_hull,stable_to_stable,False,False,False,False,False,0.6591259999999999,-0.6591259999999999,True,False,-2.01664,-2.4925,3,not_available_for_wbm_queue_chgnet_mace_missing,0,6.458579042100912,10.0,3.164235027733259,33.106904168958664,217,True,False,True,True,t1_stable_or_true_release,False,candidate_level_explanation_not_MLIP_consensus_validation
wbm-1-15355,Ca2 F8 Na2,Ca-F-Na,3|Ca-F,500,raw_only_requested_budget,0,8,0,8,False,-0.037315,True,4.91828840166667,False,labelable_current_MP_hull,stable_to_unstable,True,False,False,True,False,0.6463649999999999,-0.6463649999999999,True,True,-3.1927099999999995,-3.5002,3,not_available_for_wbm_queue_chgnet_mace_missing,1,6.061135111889973,10.0,3.164235027733259,13.924506444478084,201,False,False,False,False,near_hull_50meV_boundary,False,candidate_level_explanation_not_MLIP_consensus_validation
wbm-1-15375,F8 Na2 Tm2,F-Na-Tm,3|F-Na,500,raw_only_requested_budget,0,4,0,4,False,-0.277966,True,-4.005956999999999,True,labelable_current_MP_hull,stable_to_stable,False,False,False,False,False,0.5956089999999996,-0.5956089999999996,True,False,-3.98159,-4.3314,3,not_available_for_wbm_queue_chgnet_mace_missing,0,4.45850046221281,10.0,2.9958499810476265,13.924506444478084,349,False,False,False,False,t1_stable_or_true_release,False,candidate_level_explanation_not_MLIP_consensus_validation
wbm-1-15414,F8 Sc2,F-Sc,2|F-Sc,500,raw_only_requested_budget,0,2,0,2,False,0.014737,False,9.430273869999995,False,labelable_current_MP_hull,unstable_to_unstable,True,True,False,True,False,0.5617779999999994,-0.5617779999999994,True,True,-3.53536,-3.8458,3,not_available_for_wbm_queue_chgnet_mace_missing,1,3.328630264189117,10.0,1.3174868122990375,39.685851537379705,430,False,False,False,False,near_hull_25meV_boundary,False,candidate_level_explanation_not_MLIP_consensus_validation
wbm-1-15466,Ba1 Ca1 F5,Ba-Ca-F,3|Ba-Ca,500,raw_only_requested_budget,0,1,0,1,False,0.008927,False,11.318838342857138,False,labelable_current_MP_hull,unstable_to_unstable,True,True,False,True,False,0.5650930000000001,-0.5650930000000001,True,True,-3.65375,-3.952,3,not_available_for_wbm_queue_chgnet_mace_missing,1,3.073777514023968,10.0,1.2178016109894885,29.432650133714645,426,False,False,False,False,near_hull_25meV_boundary,False,candidate_level_explanation_not_MLIP_consensus_validation
wbm-1-15524,F10 Ti2,F-Ti,2|F-Ti,300,PARC_release,1,9,1,8,True,0.095686,False,-2.9776990000000296,True,labelable_current_MP_hull,unstable_to_stable,False,False,False,False,False,0.807315,-0.807315,True,False,-3.32479,-3.7336,3,not_available_for_wbm_queue_chgnet_mace_missing,0,17.3301600176195,10.0,5.651511869009259,19.83000681704263,18,False,False,False,False,t1_stable_or_true_release,False,candidate_level_explanation_not_MLIP_consensus_validation
wbm-1-15524,F10 Ti2,F-Ti,2|F-Ti,500,raw_only_requested_budget,0,9,0,9,False,0.095686,False,-2.9776990000000296,True,labelable_current_MP_hull,unstable_to_stable,False,False,False,False,False,0.807315,-0.807315,True,False,-3.32479,-3.7336,3,not_available_for_wbm_queue_chgnet_mace_missing,0,17.3301600176195,10.0,3.390907121405556,39.685851537379705,52,False,False,False,False,t1_stable_or_true_release,False,candidate_level_explanation_not_MLIP_consensus_validation
wbm-1-15525,F10 Ti2,F-Ti,2|F-Ti,500,raw_only_requested_budget,0,9,0,9,False,0.045163,False,-3.0282220000000564,True,labelable_current_MP_hull,unstable_to_stable,False,False,False,True,False,0.632215,-0.632215,True,False,-3.328380000000001,-3.7074,3,not_available_for_wbm_queue_chgnet_mace_missing,0,5.70492179840587,10.0,3.390907121405556,39.685851537379705,226,False,False,False,False,t1_stable_or_true_release,False,candidate_level_explanation_not_MLIP_consensus_validation
wbm-1-15569,Ca1 Cs3 F6,Ca-Cs-F,3|Ca-Cs,500,raw_only_requested_budget,0,3,0,3,False,0.014576,False,1.8401730410000017,False,labelable_current_MP_hull,unstable_to_unstable,True,True,False,True,False,0.5758539999999996,-0.5758539999999996,True,True,-3.0771400000000004,-3.2176,3,not_available_for_wbm_queue_chgnet_mace_missing,1,3.948311290369254,10.0,3.390907121405556,29.432650133714645,365,False,False,False,False,near_hull_25meV_boundary,False,candidate_level_explanation_not_MLIP_consensus_validation
wbm-1-15578,Ca1 F6 In1,Ca-F-In,3|Ca-F,500,raw_only_requested_budget,0,8,0,8,False,0.065358,False,3.0993958012499974,False,labelable_current_MP_hull,unstable_to_unstable,True,False,False,False,False,0.630709,-0.630709,True,True,-3.25585,-3.5076,3,not_available_for_wbm_queue_chgnet_mace_missing,1,5.40425190037113,10.0,3.164235027733259,13.924506444478084,234,False,False,False,False,ALIGNN_FF_disagrees_with_current_MP_label,False,candidate_level_explanation_not_MLIP_consensus_validation
wbm-1-15593,Ca1 F6 Sc1,Ca-F-Sc,3|Ca-F,300,raw_only_requested_budget,0,8,0,8,False,0.047365,False,10.383403595000004,False,labelable_current_MP_hull,unstable_to_unstable,True,False,False,True,False,0.816198,-0.816198,True,True,-3.97769,-4.127,3,not_available_for_wbm_queue_chgnet_mace_missing,1,17.3301600176195,10.0,5.273725046222098,10.926127664038065,20,False,False,False,True,near_hull_50meV_boundary,False,candidate_level_explanation_not_MLIP_consensus_validation
wbm-1-15593,Ca1 F6 Sc1,Ca-F-Sc,3|Ca-F,500,raw_only_requested_budget,0,8,0,8,False,0.047365,False,10.383403595000004,False,labelable_current_MP_hull,unstable_to_unstable,True,False,False,True,False,0.816198,-0.816198,True,True,-3.97769,-4.127,3,not_available_for_wbm_queue_chgnet_mace_missing,1,17.3301600176195,10.0,3.164235027733259,13.924506444478084,33,False,False,False,True,near_hull_50meV_boundary,False,candidate_level_explanation_not_MLIP_consensus_validation
wbm-1-15600,Ca1 F6 Y1,Ca-F-Y,3|Ca-F,500,raw_only_requested_budget,0,8,0,8,False,0.071248,False,19.669317900000003,False,labelable_current_MP_hull,unstable_to_unstable,True,False,False,False,False,0.6438270000000004,-0.6438270000000004,True,True,-4.06981,-4.1607,3,not_available_for_wbm_queue_chgnet_mace_missing,1,5.939991047915414,10.0,3.164235027733259,13.924506444478084,207,False,False,False,False,ALIGNN_FF_disagrees_with_current_MP_label,False,candidate_level_explanation_not_MLIP_consensus_validation
wbm-1-15627,Co1 F6,Co-F,2|Co-F,300,raw_only_requested_budget,0,6,0,6,False,-0.08547,True,-1.3191589999999849,True,labelable_current_MP_hull,stable_to_stable,False,False,False,False,False,0.6860109999999999,-0.6860109999999999,True,False,-1.4778499999999997,-1.8626,3,not_available_for_wbm_queue_chgnet_mace_missing,0,7.449403595082879,10.0,4.993083301746044,16.36323504953147,130,True,True,False,True,t1_stable_or_true_release,False,candidate_level_explanation_not_MLIP_consensus_validation
wbm-1-15627,Co1 F6,Co-F,2|Co-F,500,raw_only_requested_budget,0,11,0,11,False,-0.08547,True,-1.3191589999999849,True,labelable_current_MP_hull,stable_to_stable,False,False,False,False,False,0.6860109999999999,-0.6860109999999999,True,False,-1.4778499999999997,-1.8626,3,not_available_for_wbm_queue_chgnet_mace_missing,0,7.449403595082879,10.0,3.094614266137109,29.432650133714645,143,True,True,False,True,t1_stable_or_true_release,False,candidate_level_explanation_not_MLIP_consensus_validation
wbm-1-15636,Cs2 F6 Ho1,Cs-F-Ho,3|Cs-F,500,raw_only_requested_budget,0,3,0,3,False,-0.062275,True,5.645009618888892,False,labelable_current_MP_hull,stable_to_unstable,True,False,False,False,False,0.5647760000000002,-0.5647760000000002,True,True,-3.63057,-3.6818,3,not_available_for_wbm_queue_chgnet_mace_missing,1,3.760255914968469,10.0,1.779032210897582,39.685851537379705,427,False,False,False,False,ALIGNN_FF_disagrees_with_current_MP_label,False,candidate_level_explanation_not_MLIP_consensus_validation
wbm-1-15640,Cs2 F6 Pb1,Cs-F-Pb,3|Cs-F,500,raw_only_requested_budget,0,2,0,2,False,-0.238998,True,-0.509122451111109,True,labelable_current_MP_hull,stable_to_stable,False,False,False,False,False,0.5560310000000004,-0.5560310000000004,True,False,-2.75262,-3.0057,3,not_available_for_wbm_queue_chgnet_mace_missing,0,3.1968864633000584,10.0,1.3174868122990375,39.685851537379705,449,False,False,False,False,t1_stable_or_true_release,False,candidate_level_explanation_not_MLIP_consensus_validation
wbm-1-15642,Cs2 F6 Ta1,Cs-F-Ta,3|Cs-F,500,raw_only_requested_budget,0,11,0,11,False,-0.123683,True,-3.2930259999999905,True,labelable_current_MP_hull,stable_to_stable,False,False,False,False,False,0.6233570000000004,-0.6233570000000004,True,False,-3.12789,-3.6585,3,not_available_for_wbm_queue_chgnet_mace_missing,0,5.399430617044307,10.0,3.390907121405556,39.685851537379705,247,False,False,False,False,t1_stable_or_true_release,False,candidate_level_explanation_not_MLIP_consensus_validation
wbm-1-15667,Ba1 Cu1 F6,Ba-Cu-F,3|Ba-Cu,300,raw_only_requested_budget,0,4,0,4,False,-0.259077,True,4.497661248749999,False,labelable_current_MP_hull,stable_to_unstable,True,False,False,False,False,0.6699260000000002,-0.6699260000000002,True,True,-2.5832,-2.8802,3,not_available_for_wbm_queue_chgnet_mace_missing,1,7.084698184134033,10.0,5.651511869009259,10.139041049228304,124,True,False,True,True,ALIGNN_FF_disagrees_with_current_MP_label,False,candidate_level_explanation_not_MLIP_consensus_validation
wbm-1-15667,Ba1 Cu1 F6,Ba-Cu-F,3|Ba-Cu,500,raw_only_requested_budget,0,9,0,9,False,-0.259077,True,4.497661248749999,False,labelable_current_MP_hull,stable_to_unstable,True,False,False,False,False,0.6699260000000002,-0.6699260000000002,True,True,-2.5832,-2.8802,3,not_available_for_wbm_queue_chgnet_mace_missing,1,7.084698184134033,10.0,3.390907121405556,13.924506444478084,172,True,False,True,True,ALIGNN_FF_disagrees_with_current_MP_label,False,candidate_level_explanation_not_MLIP_consensus_validation
wbm-1-15668,Cd1 Cu1 F6,Cd-Cu-F,3|Cd-Cu,500,raw_only_requested_budget,0,10,0,10,False,-0.188371,True,2.618048805000001,False,labelable_current_MP_hull,stable_to_unstable,True,False,False,False,False,0.6082420000000002,-0.6082420000000002,True,True,-1.72649,-2.2186,3,not_available_for_wbm_queue_chgnet_mace_missing,1,5.03762514135281,10.0,3.390907121405556,33.106904168958664,283,False,False,False,False,ALIGNN_FF_disagrees_with_current_MP_label,False,candidate_level_explanation_not_MLIP_consensus_validation
wbm-1-15673,Cu1 F6 Sr1,Cu-F-Sr,3|Cu-F,500,raw_only_requested_budget,0,9,0,9,False,-0.200828,True,5.8665616356250005,False,labelable_current_MP_hull,stable_to_unstable,True,False,False,False,False,0.6162530000000004,-0.6162530000000004,True,True,-2.5551299999999992,-2.7991,3,not_available_for_wbm_queue_chgnet_mace_missing,1,4.962236359212536,10.0,3.164235027733259,33.106904168958664,301,False,False,False,False,ALIGNN_FF_disagrees_with_current_MP_label,False,candidate_level_explanation_not_MLIP_consensus_validation
wbm-1-15732,Ba1 F6 In1,Ba-F-In,3|Ba-F,300,raw_only_requested_budget,0,3,0,3,False,0.028388,False,21.744535817499997,False,labelable_current_MP_hull,unstable_to_unstable,True,False,False,True,False,0.6472340000000001,-0.6472340000000001,True,True,-3.05347,-3.427,3,not_available_for_wbm_queue_chgnet_mace_missing,1,5.934681507496319,10.0,2.195811353831729,19.83000681704263,228,False,False,False,True,near_hull_50meV_boundary,False,candidate_level_explanation_not_MLIP_consensus_validation
wbm-1-15732,Ba1 F6 In1,Ba-F-In,3|Ba-F,500,raw_only_requested_budget,0,12,0,12,False,0.028388,False,21.744535817499997,False,labelable_current_MP_hull,unstable_to_unstable,True,False,False,True,False,0.6472340000000001,-0.6472340000000001,True,True,-3.05347,-3.427,3,not_available_for_wbm_queue_chgnet_mace_missing,1,6.449904186024537,10.0,3.094614266137109,39.685851537379705,222,False,False,False,True,near_hull_50meV_boundary,False,candidate_level_explanation_not_MLIP_consensus_validation
wbm-1-15737,F6 Hg1 In1,F-Hg-In,3|F-Hg,500,raw_only_requested_budget,0,8,0,8,False,-0.008765,True,0.233449821249998,False,labelable_current_MP_hull,stable_to_unstable,True,True,False,True,False,0.620844,-0.620844,True,True,-2.32387,-2.5929,3,not_available_for_wbm_queue_chgnet_mace_missing,1,5.210704400324024,10.0,3.094614266137109,7.78141055913941,259,False,False,False,False,near_hull_25meV_boundary,False,candidate_level_explanation_not_MLIP_consensus_validation
wbm-1-15752,Cu1 F6 K2,Cu-F-K,3|Cu-F,500,raw_only_requested_budget,0,2,0,2,False,-0.229472,True,-0.5388443977777762,True,labelable_current_MP_hull,stable_to_stable,False,False,False,False,False,0.5849439999999997,-0.5849439999999997,True,False,-2.21682,-2.547,3,not_available_for_wbm_queue_chgnet_mace_missing,0,4.1022396596204524,10.0,1.251612471684086,33.106904168958664,374,False,False,False,False,t1_stable_or_true_release,False,candidate_level_explanation_not_MLIP_consensus_validation
wbm-1-15758,Eu1 F6 K2,Eu-F-K,3|Eu-F,500,raw_only_requested_budget,0,10,0,10,False,0.032226,False,3.343797126666665,False,labelable_current_MP_hull,unstable_to_unstable,True,False,False,True,False,0.6236009999999998,-0.6236009999999998,True,True,-3.10892,-3.4832,3,not_available_for_wbm_queue_chgnet_mace_missing,1,5.399430617044307,10.0,3.094614266137109,33.106904168958664,253,False,False,False,False,near_hull_50meV_boundary,False,candidate_level_explanation_not_MLIP_consensus_validation
wbm-1-15774,F6 K2 La1,F-K-La,3|F-K,500,raw_only_requested_budget,0,7,0,7,False,0.02012,False,12.847148311111107,False,labelable_current_MP_hull,unstable_to_unstable,True,True,False,True,False,0.6323719999999997,-0.6323719999999997,True,True,-3.65447,-3.7102,3,not_available_for_wbm_queue_chgnet_mace_missing,1,5.70492179840587,10.0,3.164235027733259,7.78141055913941,230,False,False,False,False,near_hull_25meV_boundary,False,candidate_level_explanation_not_MLIP_consensus_validation
wbm-1-15834,Ag1 F6 K1,Ag-F-K,3|Ag-F,500,raw_only_requested_budget,0,8,0,8,False,-0.108711,True,6.565183350000002,False,labelable_current_MP_hull,stable_to_unstable,True,False,False,False,False,0.5944499999999999,-0.5944499999999999,True,True,-1.7107100000000002,-2.0724,3,not_available_for_wbm_queue_chgnet_mace_missing,1,4.586875680264978,10.0,3.390907121405556,33.106904168958664,315,False,False,False,False,ALIGNN_FF_disagrees_with_current_MP_label,False,candidate_level_explanation_not_MLIP_consensus_validation
wbm-1-15864,Cu1 F6 K1,Cu-F-K,3|Cu-F,300,raw_only_requested_budget,0,6,0,6,False,-0.270236,True,-0.7841764737500014,True,labelable_current_MP_hull,stable_to_stable,False,False,False,False,False,0.6833,-0.6833,True,False,-1.6142,-2.1681,3,not_available_for_wbm_queue_chgnet_mace_missing,0,7.262157980969153,10.0,4.993083301746044,16.36323504953147,149,True,False,True,True,t1_stable_or_true_release,False,candidate_level_explanation_not_MLIP_consensus_validation
wbm-1-15864,Cu1 F6 K1,Cu-F-K,3|Cu-F,500,raw_only_requested_budget,0,9,0,9,False,-0.270236,True,-0.7841764737500014,True,labelable_current_MP_hull,stable_to_stable,False,False,False,False,False,0.6833,-0.6833,True,False,-1.6142,-2.1681,3,not_available_for_wbm_queue_chgnet_mace_missing,0,7.262157980969153,10.0,3.164235027733259,33.106904168958664,180,True,False,True,True,t1_stable_or_true_release,False,candidate_level_explanation_not_MLIP_consensus_validation
wbm-1-15961,F6 Mg1 Sc1,F-Mg-Sc,3|F-Mg,500,raw_only_requested_budget,0,7,0,7,False,0.039585,False,9.91568519375,False,labelable_current_MP_hull,unstable_to_unstable,True,False,False,True,False,0.6080759999999996,-0.6080759999999996,True,True,-3.78575,-4.1524,3,not_available_for_wbm_queue_chgnet_mace_missing,1,5.03762514135281,10.0,3.390907121405556,12.726465504194358,285,False,False,False,False,near_hull_50meV_boundary,False,candidate_level_explanation_not_MLIP_consensus_validation
wbm-1-15962,F6 Mg1 Sc1,F-Mg-Sc,3|F-Mg,300,PARC_release,1,8,1,7,True,0.038037,False,9.91413719375,False,labelable_current_MP_hull,unstable_to_unstable,True,False,False,True,False,0.8020759999999996,-0.8020759999999996,True,True,-3.68471,-4.2006,3,not_available_for_wbm_queue_chgnet_mace_missing,1,16.21597714020033,10.0,5.651511869009259,10.139041049228304,4,False,False,False,True,near_hull_50meV_boundary,False,candidate_level_explanation_not_MLIP_consensus_validation
wbm-1-15962,F6 Mg1 Sc1,F-Mg-Sc,3|F-Mg,500,raw_only_requested_budget,0,8,0,8,False,0.038037,False,9.91413719375,False,labelable_current_MP_hull,unstable_to_unstable,True,False,False,True,False,0.8020759999999996,-0.8020759999999996,True,True,-3.68471,-4.2006,3,not_available_for_wbm_queue_chgnet_mace_missing,1,16.21597714020033,10.0,3.390907121405556,12.726465504194358,32,False,False,False,True,near_hull_50meV_boundary,False,candidate_level_explanation_not_MLIP_consensus_validation
wbm-1-15969,F6 Mg1 Tm1,F-Mg-Tm,3|F-Mg,300,PARC_release,6,8,6,2,True,-0.139557,True,1.7904713999999975,False,labelable_current_MP_hull,stable_to_unstable,True,False,False,False,False,0.9736159999999998,-0.9736159999999998,True,True,-3.89964,-4.1506,3,not_available_for_wbm_queue_chgnet_mace_missing,1,62.72646550419436,10.0,5.651511869009259,10.139041049228304,4,True,True,False,True,ALIGNN_FF_disagrees_with_current_MP_label,False,candidate_level_explanation_not_MLIP_consensus_validation
wbm-1-15969,F6 Mg1 Tm1,F-Mg-Tm,3|F-Mg,500,PARC_release,3,8,3,5,True,-0.139557,True,1.7904713999999975,False,labelable_current_MP_hull,stable_to_unstable,True,False,False,False,False,0.9736159999999998,-0.9736159999999998,True,True,-3.89964,-4.1506,3,not_available_for_wbm_queue_chgnet_mace_missing,1,62.72646550419436,10.0,3.390907121405556,12.726465504194358,5,True,True,False,True,ALIGNN_FF_disagrees_with_current_MP_label,False,candidate_level_explanation_not_MLIP_consensus_validation
wbm-1-15998,F6 La1 Na2,F-La-Na,3|F-La,500,raw_only_requested_budget,0,13,0,13,False,-0.001101,True,12.049908510000003,False,labelable_current_MP_hull,stable_to_unstable,True,True,False,True,False,0.6232949999999997,-0.6232949999999997,True,True,-3.55731,-3.7023,3,not_available_for_wbm_queue_chgnet_mace_missing,1,5.3970196914062205,10.0,3.390907121405556,39.685851537379705,248,False,False,False,False,near_hull_25meV_boundary,False,candidate_level_explanation_not_MLIP_consensus_validation
wbm-1-16008,F6 Na2 Tm1,F-Na-Tm,3|F-Na,500,raw_only_requested_budget,0,1,0,1,False,-0.198541,True,-3.3368699999999976,True,labelable_current_MP_hull,stable_to_stable,False,False,False,False,False,0.5725710000000004,-0.5725710000000004,True,False,-3.3092600000000005,-3.7116,3,not_available_for_wbm_queue_chgnet_mace_missing,0,3.85183074227887,10.0,1.779032210897582,0.3328937406812571,420,False,False,False,False,t1_stable_or_true_release,False,candidate_level_explanation_not_MLIP_consensus_validation
wbm-1-16201,F6 P1 Rb1,F-P-Rb,3|F-P,500,raw_only_requested_budget,0,1,0,1,False,-0.18747,True,-1.2476421987500004,True,labelable_current_MP_hull,stable_to_stable,False,False,False,False,False,0.5611139999999994,-0.5611139999999994,True,False,-3.11564,-3.4642,3,not_available_for_wbm_queue_chgnet_mace_missing,0,2.989261463022507,10.0,1.2178016109894885,29.432650133714645,432,False,False,False,False,t1_stable_or_true_release,False,candidate_level_explanation_not_MLIP_consensus_validation
wbm-1-16213,Dy1 F6 Rb2,Dy-F-Rb,3|Dy-F,500,raw_only_requested_budget,0,5,0,5,False,0.068435,False,13.476934216666663,False,labelable_current_MP_hull,unstable_to_unstable,True,False,False,False,False,0.5907040000000001,-0.5907040000000001,True,True,-3.62723,-3.726,3,not_available_for_wbm_queue_chgnet_mace_missing,1,4.330107757787691,10.0,2.8648490519503174,39.685851537379705,343,False,False,False,False,ALIGNN_FF_disagrees_with_current_MP_label,False,candidate_level_explanation_not_MLIP_consensus_validation
wbm-1-16215,Er1 F6 Rb2,Er-F-Rb,3|Er-F,500,raw_only_requested_budget,0,4,0,4,False,0.078085,False,7.342804424938276,False,labelable_current_MP_hull,unstable_to_unstable,True,False,False,False,False,0.5837680000000001,-0.5837680000000001,True,True,-3.609049999999999,-3.7488,3,not_available_for_wbm_queue_chgnet_mace_missing,1,4.049213506737862,10.0,3.390907121405556,33.106904168958664,339,False,False,False,False,ALIGNN_FF_disagrees_with_current_MP_label,False,candidate_level_explanation_not_MLIP_consensus_validation
wbm-1-16217,Eu1 F6 Rb2,Eu-F-Rb,3|Eu-F,500,raw_only_requested_budget,0,10,0,10,False,0.025368,False,4.158668037777776,False,labelable_current_MP_hull,unstable_to_unstable,True,False,False,True,False,0.6129150000000001,-0.6129150000000001,True,True,-3.09454,-3.4398,3,not_available_for_wbm_queue_chgnet_mace_missing,1,5.03762514135281,10.0,3.094614266137109,33.106904168958664,283,False,False,False,False,near_hull_50meV_boundary,False,candidate_level_explanation_not_MLIP_consensus_validation
wbm-1-16218,F6 Gd1 Rb2,F-Gd-Rb,3|F-Gd,500,raw_only_requested_budget,0,6,0,6,False,0.057359,False,0.0061484244444507,False,labelable_current_MP_hull,unstable_to_unstable,True,False,True,False,True,0.5976760000000003,-0.5976760000000003,True,True,-3.62933,-3.851,3,not_available_for_wbm_queue_chgnet_mace_missing,1,4.392357022208061,10.0,2.8970856959581446,39.685851537379705,340,False,False,False,False,near_hull_25meV_boundary,False,candidate_level_explanation_not_MLIP_consensus_validation
wbm-1-16222,F6 Ho1 Rb2,F-Ho-Rb,3|F-Ho,500,raw_only_requested_budget,0,9,0,9,False,0.045997,False,7.299468331111113,False,labelable_current_MP_hull,unstable_to_unstable,True,False,False,True,False,0.6229060000000004,-0.6229060000000004,True,True,-3.609049999999999,-3.7391,3,not_available_for_wbm_queue_chgnet_mace_missing,1,5.3970196914062205,10.0,3.094614266137109,33.106904168958664,283,False,False,False,False,near_hull_50meV_boundary,False,candidate_level_explanation_not_MLIP_consensus_validation
wbm-1-16229,F6 Lu1 Rb2,F-Lu-Rb,3|F-Lu,500,raw_only_requested_budget,0,8,0,8,False,0.073149,False,13.851948484444446,False,labelable_current_MP_hull,unstable_to_unstable,True,False,False,False,False,0.5934590000000002,-0.5934590000000002,True,True,-3.648370000000001,-3.7784,3,not_available_for_wbm_queue_chgnet_mace_missing,1,4.586875680264978,10.0,2.205735700331769,39.685851537379705,356,False,False,False,False,ALIGNN_FF_disagrees_with_current_MP_label,False,candidate_level_explanation_not_MLIP_consensus_validation
wbm-1-16251,F6 Rb2 Tm1,F-Rb-Tm,3|F-Rb,300,raw_only_requested_budget,0,8,0,8,False,-0.019804,True,-0.0322565755555572,True,labelable_current_MP_hull,stable_to_stable,False,True,False,True,True,0.6893340000000001,-0.6893340000000001,True,False,-3.6508100000000008,-3.7672,3,not_available_for_wbm_queue_chgnet_mace_missing,0,8.314929611426463,10.0,4.774748419917196,19.83000681704263,124,False,False,False,False,t1_stable_or_true_release,False,candidate_level_explanation_not_MLIP_consensus_validation
wbm-1-16251,F6 Rb2 Tm1,F-Rb-Tm,3|F-Rb,500,raw_only_requested_budget,0,9,0,9,False,-0.019804,True,-0.0322565755555572,True,labelable_current_MP_hull,stable_to_stable,False,True,False,True,True,0.6893340000000001,-0.6893340000000001,True,False,-3.6508100000000008,-3.7672,3,not_available_for_wbm_queue_chgnet_mace_missing,0,8.314929611426463,10.0,3.094614266137109,39.685851537379705,137,False,False,False,False,t1_stable_or_true_release,False,candidate_level_explanation_not_MLIP_consensus_validation
wbm-1-16256,F6 Rb2 Y1,F-Rb-Y,3|F-Rb,500,raw_only_requested_budget,0,2,0,2,False,0.065803,False,13.796756577777778,False,labelable_current_MP_hull,unstable_to_unstable,True,False,False,False,False,0.5653510000000002,-0.5653510000000002,True,True,-3.60374,-3.7371,3,not_available_for_wbm_queue_chgnet_mace_missing,1,3.805454301334989,10.0,1.779032210897582,39.685851537379705,433,False,False,False,False,ALIGNN_FF_disagrees_with_current_MP_label,False,candidate_level_explanation_not_MLIP_consensus_validation
wbm-1-16322,Ba1 F6 Sc1,Ba-F-Sc,3|Ba-F,300,raw_only_requested_budget,0,6,0,6,False,0.022339,False,11.351891042499998,False,labelable_current_MP_hull,unstable_to_unstable,True,True,False,True,False,0.6716279999999997,-0.6716279999999997,True,True,-3.99758,-4.3215,3,not_available_for_wbm_queue_chgnet_mace_missing,1,7.084698184134033,10.0,3.516656160032386,19.83000681704263,185,True,False,True,True,near_hull_25meV_boundary,False,candidate_level_explanation_not_MLIP_consensus_validation
wbm-1-16322,Ba1 F6 Sc1,Ba-F-Sc,3|Ba-F,500,raw_only_requested_budget,0,12,0,12,False,0.022339,False,11.351891042499998,False,labelable_current_MP_hull,unstable_to_unstable,True,True,False,True,False,0.6716279999999997,-0.6716279999999997,True,True,-3.99758,-4.3215,3,not_available_for_wbm_queue_chgnet_mace_missing,1,7.084698184134033,10.0,3.094614266137109,39.685851537379705,181,True,False,True,True,near_hull_25meV_boundary,False,candidate_level_explanation_not_MLIP_consensus_validation
wbm-1-16323,Cd1 F6 Sc1,Cd-F-Sc,3|Cd-F,300,raw_only_requested_budget,0,2,0,2,False,0.070731,False,9.448557598750002,False,labelable_current_MP_hull,unstable_to_unstable,True,False,False,False,False,0.649337,-0.649337,True,True,-3.29968,-3.4542,3,not_available_for_wbm_queue_chgnet_mace_missing,1,6.057070135766492,10.0,2.965053684829303,16.36323504953147,222,False,False,False,False,ALIGNN_FF_disagrees_with_current_MP_label,False,candidate_level_explanation_not_MLIP_consensus_validation
wbm-1-16323,Cd1 F6 Sc1,Cd-F-Sc,3|Cd-F,500,raw_only_requested_budget,0,11,0,11,False,0.070731,False,9.448557598750002,False,labelable_current_MP_hull,unstable_to_unstable,True,False,False,False,False,0.649337,-0.649337,True,True,-3.29968,-3.4542,3,not_available_for_wbm_queue_chgnet_mace_missing,1,6.449904186024537,10.0,3.164235027733259,29.432650133714645,197,False,False,False,False,ALIGNN_FF_disagrees_with_current_MP_label,False,candidate_level_explanation_not_MLIP_consensus_validation
wbm-1-16334,F6 Sc1 Zn1,F-Sc-Zn,3|F-Sc,500,raw_only_requested_budget,0,4,0,4,False,0.041602,False,4.95018679375,False,labelable_current_MP_hull,unstable_to_unstable,True,False,False,True,False,0.5835729999999999,-0.5835729999999999,True,True,-3.3233399999999995,-3.5032,3,not_available_for_wbm_queue_chgnet_mace_missing,1,4.050112112583752,10.0,2.009647497495417,39.685851537379705,383,False,False,False,False,near_hull_50meV_boundary,False,candidate_level_explanation_not_MLIP_consensus_validation
wbm-1-16335,F6 Sc1 Zn1,F-Sc-Zn,3|F-Sc,300,raw_only_requested_budget,0,8,0,8,False,0.041826,False,4.95041179375,False,labelable_current_MP_hull,unstable_to_unstable,True,False,False,True,False,0.7545740000000003,-0.7545740000000003,True,True,-3.2192,-3.6578,3,not_available_for_wbm_queue_chgnet_mace_missing,1,10.91573607127883,10.0,5.273725046222098,19.83000681704263,65,False,False,False,True,near_hull_50meV_boundary,False,candidate_level_explanation_not_MLIP_consensus_validation
wbm-1-16335,F6 Sc1 Zn1,F-Sc-Zn,3|F-Sc,500,raw_only_requested_budget,0,8,0,8,False,0.041826,False,4.95041179375,False,labelable_current_MP_hull,unstable_to_unstable,True,False,False,True,False,0.7545740000000003,-0.7545740000000003,True,True,-3.2192,-3.6578,3,not_available_for_wbm_queue_chgnet_mace_missing,1,10.91573607127883,10.0,3.164235027733259,39.685851537379705,97,False,False,False,True,near_hull_50meV_boundary,False,candidate_level_explanation_not_MLIP_consensus_validation
wbm-1-16338,F6 Se1,F-Se,2|F-Se,300,raw_only_requested_budget,0,10,0,10,False,-0.480559,True,-1.9613069999999908,True,labelable_current_MP_hull,stable_to_stable,False,False,False,False,False,0.7488520000000001,-0.7488520000000001,True,False,-1.7926000000000002,-2.7279,3,not_available_for_wbm_queue_chgnet_mace_missing,0,10.918206288544544,10.0,5.651511869009259,12.674371754430824,54,True,True,True,True,t1_stable_or_true_release,False,candidate_level_explanation_not_MLIP_consensus_validation
wbm-1-16338,F6 Se1,F-Se,2|F-Se,500,raw_only_requested_budget,0,10,0,10,False,-0.480559,True,-1.9613069999999908,True,labelable_current_MP_hull,stable_to_stable,False,False,False,False,False,0.7488520000000001,-0.7488520000000001,True,False,-1.7926000000000002,-2.7279,3,not_available_for_wbm_queue_chgnet_mace_missing,0,10.918206288544544,10.0,3.390907121405556,33.106904168958664,102,True,True,True,True,t1_stable_or_true_release,False,candidate_level_explanation_not_MLIP_consensus_validation
wbm-1-16339,F6 Se1,F-Se,2|F-Se,300,PARC_release,4,10,4,6,True,-0.485184,True,-1.9659309999999977,True,labelable_current_MP_hull,stable_to_stable,False,False,False,False,False,0.893653,-0.893653,True,False,-1.48596,-2.191,3,not_available_for_wbm_queue_chgnet_mace_missing,0,29.847185589531662,10.0,5.651511869009259,12.674371754430824,3,True,False,True,True,t1_stable_or_true_release,False,candidate_level_explanation_not_MLIP_consensus_validation
wbm-1-16339,F6 Se1,F-Se,2|F-Se,500,raw_only_requested_budget,0,10,0,10,False,-0.485184,True,-1.9659309999999977,True,labelable_current_MP_hull,stable_to_stable,False,False,False,False,False,0.893653,-0.893653,True,False,-1.48596,-2.191,3,not_available_for_wbm_queue_chgnet_mace_missing,0,29.847185589531662,10.0,3.390907121405556,33.106904168958664,5,True,False,True,True,t1_stable_or_true_release,False,candidate_level_explanation_not_MLIP_consensus_validation
wbm-1-16378,F6 Pb1 Sr1,F-Pb-Sr,3|F-Pb,500,raw_only_requested_budget,0,2,0,2,False,-0.080569,True,6.492027008749998,False,labelable_current_MP_hull,stable_to_unstable,True,False,False,False,False,0.5825810000000002,-0.5825810000000002,True,True,-3.02433,-3.3571,3,not_available_for_wbm_queue_chgnet_mace_missing,1,3.589577174881951,10.0,3.390907121405556,39.685851537379705,343,False,False,False,False,ALIGNN_FF_disagrees_with_current_MP_label,False,candidate_level_explanation_not_MLIP_consensus_validation
wbm-1-16394,Cs1 F6 Ti1,Cs-F-Ti,3|Cs-F,300,PARC_release,2,11,2,9,True,-0.028405,True,-3.150347999999994,True,labelable_current_MP_hull,stable_to_stable,False,False,False,True,False,0.8600569999999998,-0.8600569999999998,True,False,-3.24293,-3.7403,3,not_available_for_wbm_queue_chgnet_mace_missing,0,29.80583811480544,10.0,5.651511869009259,19.83000681704263,2,True,True,False,True,t1_stable_or_true_release,False,candidate_level_explanation_not_MLIP_consensus_validation
wbm-1-16394,Cs1 F6 Ti1,Cs-F-Ti,3|Cs-F,500,raw_only_requested_budget,0,11,0,11,False,-0.028405,True,-3.150347999999994,True,labelable_current_MP_hull,stable_to_stable,False,False,False,True,False,0.8600569999999998,-0.8600569999999998,True,False,-3.24293,-3.7403,3,not_available_for_wbm_queue_chgnet_mace_missing,0,29.80583811480544,10.0,3.390907121405556,39.685851537379705,3,True,True,False,True,t1_stable_or_true_release,False,candidate_level_explanation_not_MLIP_consensus_validation
wbm-1-16423,F6 V1,F-V,2|F-V,500,raw_only_requested_budget,0,10,0,10,False,0.081448,False,32.41443722142859,False,labelable_current_MP_hull,unstable_to_unstable,True,False,False,False,False,0.6141609999999997,-0.6141609999999997,True,True,-2.63664,-2.9798,3,not_available_for_wbm_queue_chgnet_mace_missing,1,5.03762514135281,10.0,3.094614266137109,29.432650133714645,307,False,False,False,False,ALIGNN_FF_disagrees_with_current_MP_label,False,candidate_level_explanation_not_MLIP_consensus_validation
wbm-1-16449,F6 Tm1 Zn1,F-Tm-Zn,3|F-Tm,300,PARC_release,8,10,8,2,True,-0.152438,True,-3.189924999999999,True,labelable_current_MP_hull,stable_to_stable,False,False,False,False,False,0.953313,-0.953313,True,False,-3.44064,-3.7,3,not_available_for_wbm_queue_chgnet_mace_missing,0,62.75590229824352,10.0,5.651511869009259,16.36323504953147,8,True,True,False,True,t1_stable_or_true_release,False,candidate_level_explanation_not_MLIP_consensus_validation
wbm-1-16449,F6 Tm1 Zn1,F-Tm-Zn,3|F-Tm,500,PARC_release,3,10,3,7,True,-0.152438,True,-3.189924999999999,True,labelable_current_MP_hull,stable_to_stable,False,False,False,False,False,0.953313,-0.953313,True,False,-3.44064,-3.7,3,not_available_for_wbm_queue_chgnet_mace_missing,0,62.75590229824352,10.0,3.390907121405556,29.432650133714645,10,True,True,False,True,t1_stable_or_true_release,False,candidate_level_explanation_not_MLIP_consensus_validation
wbm-1-16451,F6 Y1 Zn1,F-Y-Zn,3|F-Y,300,raw_only_requested_budget,0,9,0,9,False,0.038399,False,14.209014098750004,False,labelable_current_MP_hull,unstable_to_unstable,True,False,False,True,False,0.688501,-0.688501,True,True,-3.39965,-3.7111,3,not_available_for_wbm_queue_chgnet_mace_missing,1,6.910060177676704,10.0,5.651511869009259,16.36323504953147,106,False,False,False,True,near_hull_50meV_boundary,False,candidate_level_explanation_not_MLIP_consensus_validation
wbm-1-16451,F6 Y1 Zn1,F-Y-Zn,3|F-Y,500,raw_only_requested_budget,0,13,0,13,False,0.038399,False,14.209014098750004,False,labelable_current_MP_hull,unstable_to_unstable,True,False,False,True,False,0.688501,-0.688501,True,True,-3.39965,-3.7111,3,not_available_for_wbm_queue_chgnet_mace_missing,1,7.439368630355362,10.0,3.390907121405556,33.106904168958664,138,False,False,False,True,near_hull_50meV_boundary,False,candidate_level_explanation_not_MLIP_consensus_validation
wbm-1-16495,F7 Hf2 K1,F-Hf-K,3|F-Hf,500,raw_only_requested_budget,0,9,0,9,False,0.248951,False,28.23068411900001,False,labelable_current_MP_hull,unstable_to_unstable,True,False,False,False,False,0.6198750000000004,-0.6198750000000004,True,True,-3.81809,-4.046,3,not_available_for_wbm_queue_chgnet_mace_missing,1,5.040995851113241,10.0,3.390907121405556,29.432650133714645,256,False,False,False,False,ALIGNN_FF_disagrees_with_current_MP_label,False,candidate_level_explanation_not_MLIP_consensus_validation
wbm-1-16515,F7 K1 Zr2,F-K-Zr,3|F-K,500,raw_only_requested_budget,0,2,0,2,False,0.126248,False,34.962562265250014,False,labelable_current_MP_hull,unstable_to_unstable,True,False,False,False,False,0.5870549999999999,-0.5870549999999999,True,True,-3.77153,-3.9325,3,not_available_for_wbm_queue_chgnet_mace_missing,1,4.103150278489336,10.0,2.8648490519503174,6.361295373094599,352,False,False,False,False,ALIGNN_FF_disagrees_with_current_MP_label,False,candidate_level_explanation_not_MLIP_consensus_validation
wbm-1-16518,Ca1 F7 Na3,Ca-F-Na,3|Ca-F,500,raw_only_requested_budget,0,8,0,8,False,-0.023876,True,1.6106317645454524,False,labelable_current_MP_hull,stable_to_unstable,True,True,False,True,False,0.6374050000000002,-0.6374050000000002,True,True,-2.81291,-3.15,3,not_available_for_wbm_queue_chgnet_mace_missing,1,5.6056954636736425,10.0,3.164235027733259,13.924506444478084,219,False,False,False,False,near_hull_25meV_boundary,False,candidate_level_explanation_not_MLIP_consensus_validation
wbm-1-16521,Eu1 F7 Na3,Eu-F-Na,3|Eu-F,500,raw_only_requested_budget,0,1,0,1,False,-0.038212,True,1.5209765390909098,False,labelable_current_MP_hull,stable_to_unstable,True,False,False,True,False,0.5668289999999998,-0.5668289999999998,True,True,-3.03962,-3.5651,3,not_available_for_wbm_queue_chgnet_mace_missing,1,3.85183074227887,10.0,1.779032210897582,0.3328937406812571,436,False,False,False,False,near_hull_50meV_boundary,False,candidate_level_explanation_not_MLIP_consensus_validation
wbm-1-16522,F7 Gd1 Na3,F-Gd-Na,3|F-Gd,500,raw_only_requested_budget,0,5,0,5,False,-0.001426,True,-0.7553384236363669,True,labelable_current_MP_hull,stable_to_stable,False,True,False,True,False,0.5950589999999996,-0.5950589999999996,True,False,-3.29871,-3.5666,3,not_available_for_wbm_queue_chgnet_mace_missing,0,4.392357022208061,10.0,2.271035436710127,39.685851537379705,347,False,False,False,False,t1_stable_or_true_release,False,candidate_level_explanation_not_MLIP_consensus_validation
wbm-1-16525,F7 Lu1 Na3,F-Lu-Na,3|F-Lu,500,raw_only_requested_budget,0,2,0,2,False,-0.01689,True,9.473606177272728,False,labelable_current_MP_hull,stable_to_unstable,True,True,False,True,False,0.560864,-0.560864,True,True,-3.2602200000000003,-3.5491,3,not_available_for_wbm_queue_chgnet_mace_missing,1,3.294615853662344,10.0,1.3174868122990375,39.685851537379705,433,False,False,False,False,near_hull_25meV_boundary,False,candidate_level_explanation_not_MLIP_consensus_validation
wbm-1-16532,F7 Na3 Sc1,F-Na-Sc,3|F-Na,500,raw_only_requested_budget,0,4,0,4,False,0.002603,False,2.641659940909093,False,labelable_current_MP_hull,unstable_to_unstable,True,True,False,True,False,0.5989119999999999,-0.5989119999999999,True,True,-3.0754400000000004,-3.4785,3,not_available_for_wbm_queue_chgnet_mace_missing,1,4.523692459240393,10.0,2.9958499810476265,13.924506444478084,344,False,False,False,False,near_hull_25meV_boundary,False,candidate_level_explanation_not_MLIP_consensus_validation
wbm-1-16533,F7 Na3 Sm1,F-Na-Sm,3|F-Na,500,raw_only_requested_budget,0,1,0,1,False,0.008104,False,8.747695829999998,False,labelable_current_MP_hull,unstable_to_unstable,True,True,False,True,False,0.5761050000000001,-0.5761050000000001,True,True,-3.29871,-3.5614,3,not_available_for_wbm_queue_chgnet_mace_missing,1,3.948311290369254,10.0,1.779032210897582,0.3328937406812571,413,False,False,False,False,near_hull_25meV_boundary,False,candidate_level_explanation_not_MLIP_consensus_validation
wbm-1-16534,F7 Na3 Sr1,F-Na-Sr,3|F-Na,300,raw_only_requested_budget,0,1,0,1,False,-0.005951,True,2.358643193636361,False,labelable_current_MP_hull,stable_to_unstable,True,True,False,True,False,0.6490470000000004,-0.6490470000000004,True,True,-2.84455,-3.135,3,not_available_for_wbm_queue_chgnet_mace_missing,1,6.057070135766492,10.0,2.965053684829303,10.139041049228304,224,True,True,True,True,near_hull_25meV_boundary,False,candidate_level_explanation_not_MLIP_consensus_validation
wbm-1-16534,F7 Na3 Sr1,F-Na-Sr,3|F-Na,500,raw_only_requested_budget,0,9,0,9,False,-0.005951,True,2.358643193636361,False,labelable_current_MP_hull,stable_to_unstable,True,True,False,True,False,0.6490470000000004,-0.6490470000000004,True,True,-2.84455,-3.135,3,not_available_for_wbm_queue_chgnet_mace_missing,1,6.179385168110146,10.0,3.164235027733259,13.924506444478084,220,True,True,True,True,near_hull_25meV_boundary,False,candidate_level_explanation_not_MLIP_consensus_validation
wbm-1-16539,F7 Na3 Tm1,F-Na-Tm,3|F-Na,500,raw_only_requested_budget,0,1,0,1,False,-0.169655,True,-3.271653999999998,True,labelable_current_MP_hull,stable_to_stable,False,False,False,False,False,0.5845010000000004,-0.5845010000000004,True,False,-3.24745,-3.5555,3,not_available_for_wbm_queue_chgnet_mace_missing,0,4.050112112583752,10.0,1.779032210897582,0.3328937406812571,378,False,False,False,False,t1_stable_or_true_release,False,candidate_level_explanation_not_MLIP_consensus_validation
wbm-1-16556,F7 Na1 Tm2,F-Na-Tm,3|F-Na,500,raw_only_requested_budget,0,3,0,3,False,-0.286799,True,-4.172685999999997,True,labelable_current_MP_hull,stable_to_stable,False,False,False,False,False,0.5942130000000008,-0.5942130000000008,True,False,-4.13139,-4.5049,3,not_available_for_wbm_queue_chgnet_mace_missing,0,4.45850046221281,10.0,2.205735700331769,13.924506444478084,355,False,False,False,False,t1_stable_or_true_release,False,candidate_level_explanation_not_MLIP_consensus_validation
wbm-1-16576,Ba1 F8 Gd2,Ba-F-Gd,3|Ba-F,500,raw_only_requested_budget,0,6,0,6,False,-0.224118,True,0.748563089999994,False,labelable_current_MP_hull,stable_to_unstable,True,False,False,False,False,0.5941540000000005,-0.5941540000000005,True,True,-4.34577,-4.6285,3,not_available_for_wbm_queue_chgnet_mace_missing,1,4.586875680264978,10.0,2.109993696019431,39.685851537379705,353,False,False,False,False,ALIGNN_FF_disagrees_with_current_MP_label,False,candidate_level_explanation_not_MLIP_consensus_validation
wbm-1-16608,Ba1 F8 Yb2,Ba-F-Yb,3|Ba-F,300,PARC_release,3,12,3,9,True,0.044946,False,,False,unresolved_current_MP_missing_element_reference,unstable_to_unresolved,True,False,False,True,False,0.837466,-0.837466,True,True,-3.54996,-3.9311,3,not_available_for_wbm_queue_chgnet_mace_missing,1,20.06858724156635,10.0,5.157690443561848,19.83000681704263,17,False,False,False,False,unresolved_current_MP_hull_reference,False,candidate_level_explanation_not_MLIP_consensus_validation
wbm-1-16608,Ba1 F8 Yb2,Ba-F-Yb,3|Ba-F,500,raw_only_requested_budget,0,12,0,12,False,0.044946,False,,False,unresolved_current_MP_missing_element_reference,unstable_to_unresolved,True,False,False,True,False,0.837466,-0.837466,True,True,-3.54996,-3.9311,3,not_available_for_wbm_queue_chgnet_mace_missing,1,20.06858724156635,10.0,3.094614266137109,39.685851537379705,14,False,False,False,False,unresolved_current_MP_hull_reference,False,candidate_level_explanation_not_MLIP_consensus_validation
wbm-1-16611,Ba1 Ca2 F8,Ba-Ca-F,3|Ba-Ca,300,PARC_release,8,9,8,1,True,0.039482,False,10.474030619090904,False,labelable_current_MP_hull,unstable_to_unstable,True,False,False,True,False,0.9962159999999995,-0.9962159999999995,True,True,-3.4721900000000003,-3.7931,3,not_available_for_wbm_queue_chgnet_mace_missing,1,89.59744867750774,10.0,5.273725046222098,16.36323504953147,4,False,False,False,True,near_hull_50meV_boundary,False,candidate_level_explanation_not_MLIP_consensus_validation
wbm-1-16611,Ba1 Ca2 F8,Ba-Ca-F,3|Ba-Ca,500,PARC_release,5,9,5,4,True,0.039482,False,10.474030619090904,False,labelable_current_MP_hull,unstable_to_unstable,True,False,False,True,False,0.9962159999999995,-0.9962159999999995,True,True,-3.4721900000000003,-3.7931,3,not_available_for_wbm_queue_chgnet_mace_missing,1,89.59744867750774,10.0,3.164235027733259,29.432650133714645,4,False,False,False,True,near_hull_50meV_boundary,False,candidate_level_explanation_not_MLIP_consensus_validation
wbm-1-16618,Ba1 Cu2 F8,Ba-Cu-F,3|Ba-Cu,300,raw_only_requested_budget,0,1,0,1,False,-0.254627,True,2.704377089999994,False,labelable_current_MP_hull,stable_to_unstable,True,False,False,False,False,0.6454770000000001,-0.6454770000000001,True,True,-2.3586,-2.5545,3,not_available_for_wbm_queue_chgnet_mace_missing,1,5.82000752734174,10.0,2.965053684829303,10.139041049228304,228,True,False,True,True,ALIGNN_FF_disagrees_with_current_MP_label,False,candidate_level_explanation_not_MLIP_consensus_validation
wbm-1-16618,Ba1 Cu2 F8,Ba-Cu-F,3|Ba-Cu,500,raw_only_requested_budget,0,9,0,9,False,-0.254627,True,2.704377089999994,False,labelable_current_MP_hull,stable_to_unstable,True,False,False,False,False,0.6454770000000001,-0.6454770000000001,True,True,-2.3586,-2.5545,3,not_available_for_wbm_queue_chgnet_mace_missing,1,6.053004685082268,10.0,3.390907121405556,13.924506444478084,203,True,False,True,True,ALIGNN_FF_disagrees_with_current_MP_label,False,candidate_level_explanation_not_MLIP_consensus_validation
wbm-1-16620,Cu2 F8 Sr1,Cu-F-Sr,3|Cu-F,500,raw_only_requested_budget,0,9,0,9,False,-0.222004,True,3.696209098636349,False,labelable_current_MP_hull,stable_to_unstable,True,False,False,False,False,0.6160410000000001,-0.6160410000000001,True,True,-2.4015699999999995,-2.6726,3,not_available_for_wbm_queue_chgnet_mace_missing,1,4.962236359212536,10.0,3.164235027733259,33.106904168958664,302,False,False,False,False,ALIGNN_FF_disagrees_with_current_MP_label,False,candidate_level_explanation_not_MLIP_consensus_validation
wbm-1-18634,Br3 Er3 Ga1,Br-Er-Ga,3|Br-Er,300,PARC_release,11,11,11,0,True,-0.72204,True,-1.4651909999999972,True,labelable_current_MP_hull,stable_to_stable,False,False,False,False,False,1.003549,-1.003549,True,False,-1.44088,-1.3869,3,not_available_for_wbm_queue_chgnet_mace_missing,0,89.57628868309655,10.0,5.651511869009259,10.926127664038065,84,True,True,False,True,t1_stable_or_true_release,False,candidate_level_explanation_not_MLIP_consensus_validation
wbm-1-18634,Br3 Er3 Ga1,Br-Er-Ga,3|Br-Er,500,PARC_release,7,11,7,4,True,-0.72204,True,-1.4651909999999972,True,labelable_current_MP_hull,stable_to_stable,False,False,False,False,False,1.003549,-1.003549,True,False,-1.44088,-1.3869,3,not_available_for_wbm_queue_chgnet_mace_missing,0,89.57628868309655,10.0,3.390907121405556,12.726465504194358,1,True,True,False,True,t1_stable_or_true_release,False,candidate_level_explanation_not_MLIP_consensus_validation
wbm-1-18989,Ac1 Ga1 Se2,Ac-Ga-Se,3|Ac-Ga,500,raw_only_requested_budget,0,5,0,5,False,-0.360928,True,-1.472327000000007,True,labelable_current_MP_hull,stable_to_stable,False,False,False,False,False,0.584201,-0.584201,True,False,-1.3242699999999998,-1.2559,3,not_available_for_wbm_queue_chgnet_mace_missing,0,4.050112112583752,10.0,3.390907121405556,39.685851537379705,336,False,False,False,False,t1_stable_or_true_release,False,candidate_level_explanation_not_MLIP_consensus_validation
wbm-1-19096,Ga1 Pm1 Te2,Ga-Pm-Te,3|Ga-Pm,300,raw_only_requested_budget,0,15,0,15,False,-0.557736,True,-0.9844779999999992,True,labelable_current_MP_hull,stable_to_stable,False,False,False,False,False,0.7162580000000001,-0.7162580000000001,True,False,-0.90113,-0.9759,3,not_available_for_wbm_queue_chgnet_mace_missing,0,9.114841960315776,10.0,5.651511869009259,19.83000681704263,70,False,False,False,False,t1_stable_or_true_release,False,candidate_level_explanation_not_MLIP_consensus_validation
wbm-1-19096,Ga1 Pm1 Te2,Ga-Pm-Te,3|Ga-Pm,500,raw_only_requested_budget,0,16,0,16,False,-0.557736,True,-0.9844779999999992,True,labelable_current_MP_hull,stable_to_stable,False,False,False,False,False,0.7162580000000001,-0.7162580000000001,True,False,-0.90113,-0.9759,3,not_available_for_wbm_queue_chgnet_mace_missing,0,9.114841960315776,10.0,3.390907121405556,39.685851537379705,117,False,False,False,False,t1_stable_or_true_release,False,candidate_level_explanation_not_MLIP_consensus_validation
wbm-1-21043,Br4 Er2 H2,Br-Er-H,3|Br-Er,300,PARC_release,11,11,11,0,True,-1.567629,True,-1.8697450000000015,True,labelable_current_MP_hull,stable_to_stable,False,False,False,False,False,1.795284,-1.795284,True,False,-1.69985,-1.6104,3,not_available_for_wbm_queue_chgnet_mace_missing,0,164.80390769444054,10.0,5.651511869009259,10.926127664038065,17,True,True,True,True,t1_stable_or_true_release,False,candidate_level_explanation_not_MLIP_consensus_validation
wbm-1-21043,Br4 Er2 H2,Br-Er-H,3|Br-Er,500,PARC_release,11,11,11,0,True,-1.567629,True,-1.8697450000000015,True,labelable_current_MP_hull,stable_to_stable,False,False,False,False,False,1.795284,-1.795284,True,False,-1.69985,-1.6104,3,not_available_for_wbm_queue_chgnet_mace_missing,0,164.80390769444054,10.0,3.390907121405556,12.726465504194358,10,True,True,True,True,t1_stable_or_true_release,False,candidate_level_explanation_not_MLIP_consensus_validation
wbm-1-21716,Gd2 I4,Gd-I,2|Gd-I,300,PARC_release,6,6,6,0,True,-1.374341,True,-1.4654319999999998,True,labelable_current_MP_hull,stable_to_stable,False,False,False,False,False,1.639109,-1.639109,True,False,-1.53862,-1.3562,3,not_available_for_wbm_queue_chgnet_mace_missing,0,164.84325750151808,10.0,5.651511869009259,10.139041049228304,22,False,False,False,False,t1_stable_or_true_release,False,candidate_level_explanation_not_MLIP_consensus_validation
wbm-1-21716,Gd2 I4,Gd-I,2|Gd-I,500,PARC_release,6,6,6,0,True,-1.374341,True,-1.4654319999999998,True,labelable_current_MP_hull,stable_to_stable,False,False,False,False,False,1.639109,-1.639109,True,False,-1.53862,-1.3562,3,not_available_for_wbm_queue_chgnet_mace_missing,0,164.84325750151808,10.0,3.390907121405556,13.924506444478084,17,False,False,False,False,t1_stable_or_true_release,False,candidate_level_explanation_not_MLIP_consensus_validation
wbm-1-21717,Gd1 I2,Gd-I,2|Gd-I,300,PARC_release,6,6,6,0,True,-1.430186,True,-1.5212779999999988,True,labelable_current_MP_hull,stable_to_stable,False,False,False,False,False,1.694308,-1.694308,True,False,-1.44717,-1.4636,3,not_available_for_wbm_queue_chgnet_mace_missing,0,164.84325750151808,10.0,5.651511869009259,10.139041049228304,20,False,False,False,False,t1_stable_or_true_release,False,candidate_level_explanation_not_MLIP_consensus_validation
wbm-1-21717,Gd1 I2,Gd-I,2|Gd-I,500,PARC_release,6,6,6,0,True,-1.430186,True,-1.5212779999999988,True,labelable_current_MP_hull,stable_to_stable,False,False,False,False,False,1.694308,-1.694308,True,False,-1.44717,-1.4636,3,not_available_for_wbm_queue_chgnet_mace_missing,0,164.84325750151808,10.0,3.390907121405556,13.924506444478084,19,False,False,False,False,t1_stable_or_true_release,False,candidate_level_explanation_not_MLIP_consensus_validation
wbm-1-21795,Gd2 I6,Gd-I,2|Gd-I,300,PARC_release,6,6,6,0,True,-1.699482,True,-1.767793000000001,True,labelable_current_MP_hull,stable_to_stable,False,False,False,False,False,1.974489,-1.974489,True,False,-1.72934,-1.6174,3,not_available_for_wbm_queue_chgnet_mace_missing,0,164.84325750151808,10.0,5.651511869009259,10.139041049228304,11,False,False,False,False,t1_stable_or_true_release,False,candidate_level_explanation_not_MLIP_consensus_validation
wbm-1-21795,Gd2 I6,Gd-I,2|Gd-I,500,PARC_release,6,6,6,0,True,-1.699482,True,-1.767793000000001,True,labelable_current_MP_hull,stable_to_stable,False,False,False,False,False,1.974489,-1.974489,True,False,-1.72934,-1.6174,3,not_available_for_wbm_queue_chgnet_mace_missing,0,164.84325750151808,10.0,3.390907121405556,13.924506444478084,22,False,False,False,False,t1_stable_or_true_release,False,candidate_level_explanation_not_MLIP_consensus_validation
wbm-1-21796,Gd2 I6,Gd-I,2|Gd-I,300,PARC_release,6,6,6,0,True,-1.665914,True,-1.734224000000001,True,labelable_current_MP_hull,stable_to_stable,False,False,False,False,False,1.94209,-1.94209,True,False,-1.54723,-1.4333,3,not_available_for_wbm_queue_chgnet_mace_missing,0,164.84325750151808,10.0,5.651511869009259,10.139041049228304,15,True,False,True,True,t1_stable_or_true_release,False,candidate_level_explanation_not_MLIP_consensus_validation
wbm-1-21796,Gd2 I6,Gd-I,2|Gd-I,500,PARC_release,6,6,6,0,True,-1.665914,True,-1.734224000000001,True,labelable_current_MP_hull,stable_to_stable,False,False,False,False,False,1.94209,-1.94209,True,False,-1.54723,-1.4333,3,not_available_for_wbm_queue_chgnet_mace_missing,0,164.84325750151808,10.0,3.390907121405556,13.924506444478084,20,True,False,True,True,t1_stable_or_true_release,False,candidate_level_explanation_not_MLIP_consensus_validation
wbm-1-21797,Gd2 I6,Gd-I,2|Gd-I,300,PARC_release,6,6,6,0,True,-1.648413,True,-1.7167229999999982,True,labelable_current_MP_hull,stable_to_stable,False,False,False,False,False,1.94849,-1.94849,True,False,-1.6555300000000002,-1.5976,3,not_available_for_wbm_queue_chgnet_mace_missing,0,164.84325750151808,10.0,5.651511869009259,10.139041049228304,14,False,False,False,False,t1_stable_or_true_release,False,candidate_level_explanation_not_MLIP_consensus_validation
wbm-1-21797,Gd2 I6,Gd-I,2|Gd-I,500,PARC_release,6,6,6,0,True,-1.648413,True,-1.7167229999999982,True,labelable_current_MP_hull,stable_to_stable,False,False,False,False,False,1.94849,-1.94849,True,False,-1.6555300000000002,-1.5976,3,not_available_for_wbm_queue_chgnet_mace_missing,0,164.84325750151808,10.0,3.390907121405556,13.924506444478084,21,False,False,False,False,t1_stable_or_true_release,False,candidate_level_explanation_not_MLIP_consensus_validation
wbm-1-21798,Gd2 I6,Gd-I,2|Gd-I,300,PARC_release,6,6,6,0,True,-1.650813,True,-1.7191229999999995,True,labelable_current_MP_hull,stable_to_stable,False,False,False,False,False,1.86999,-1.86999,True,False,-1.65864,-1.6101,3,not_available_for_wbm_queue_chgnet_mace_missing,0,164.84325750151808,10.0,5.651511869009259,10.139041049228304,16,False,False,False,False,t1_stable_or_true_release,False,candidate_level_explanation_not_MLIP_consensus_validation
wbm-1-21798,Gd2 I6,Gd-I,2|Gd-I,500,PARC_release,6,6,6,0,True,-1.650813,True,-1.7191229999999995,True,labelable_current_MP_hull,stable_to_stable,False,False,False,False,False,1.86999,-1.86999,True,False,-1.65864,-1.6101,3,not_available_for_wbm_queue_chgnet_mace_missing,0,164.84325750151808,10.0,3.390907121405556,13.924506444478084,18,False,False,False,False,t1_stable_or_true_release,False,candidate_level_explanation_not_MLIP_consensus_validation
wbm-1-21845,Ba2 Gd2 I8,Ba-Gd-I,3|Ba-Gd,300,PARC_release,2,12,2,10,True,-0.722716,True,2.37774679,False,labelable_current_MP_hull,stable_to_unstable,True,False,False,False,False,0.8636349999999999,-0.8636349999999999,True,True,-1.7114699999999998,-1.7411,3,not_available_for_wbm_queue_chgnet_mace_missing,1,29.80583811480544,10.0,5.157690443561848,16.36323504953147,1,False,False,False,False,ALIGNN_FF_disagrees_with_current_MP_label,False,candidate_level_explanation_not_MLIP_consensus_validation
wbm-1-21845,Ba2 Gd2 I8,Ba-Gd-I,3|Ba-Gd,500,raw_only_requested_budget,0,12,0,12,False,-0.722716,True,2.37774679,False,labelable_current_MP_hull,stable_to_unstable,True,False,False,False,False,0.8636349999999999,-0.8636349999999999,True,True,-1.7114699999999998,-1.7411,3,not_available_for_wbm_queue_chgnet_mace_missing,1,29.80583811480544,10.0,3.094614266137109,33.106904168958664,2,False,False,False,False,ALIGNN_FF_disagrees_with_current_MP_label,False,candidate_level_explanation_not_MLIP_consensus_validation
wbm-1-21897,I6 W1,I-W,2|I-W,500,raw_only_requested_budget,0,5,0,5,False,-0.111211,True,26.024867638571443,False,labelable_current_MP_hull,stable_to_unstable,True,False,False,False,False,0.600967,-0.600967,True,True,-0.5725,-0.5265,3,not_available_for_wbm_queue_chgnet_mace_missing,1,4.392357022208061,10.0,3.390907121405556,29.432650133714645,302,False,False,False,False,ALIGNN_FF_disagrees_with_current_MP_label,False,candidate_level_explanation_not_MLIP_consensus_validation
wbm-1-21905,Ba1 Gd2 I8,Ba-Gd-I,3|Ba-Gd,300,PARC_release,12,12,12,0,True,-1.102237,True,0.5640878854545441,False,labelable_current_MP_hull,stable_to_unstable,True,False,False,False,False,1.318837,-1.318837,True,True,-1.7374999999999996,-1.6517,3,not_available_for_wbm_queue_chgnet_mace_missing,1,164.84325750151808,10.0,5.157690443561848,16.36323504953147,15,False,False,False,False,ALIGNN_FF_disagrees_with_current_MP_label,False,candidate_level_explanation_not_MLIP_consensus_validation
wbm-1-21905,Ba1 Gd2 I8,Ba-Gd-I,3|Ba-Gd,500,PARC_release,12,12,12,0,True,-1.102237,True,0.5640878854545441,False,labelable_current_MP_hull,stable_to_unstable,True,False,False,False,False,1.318837,-1.318837,True,True,-1.7374999999999996,-1.6517,3,not_available_for_wbm_queue_chgnet_mace_missing,1,164.84325750151808,10.0,3.094614266137109,33.106904168958664,9,False,False,False,False,ALIGNN_FF_disagrees_with_current_MP_label,False,candidate_level_explanation_not_MLIP_consensus_validation
wbm-1-22388,In1 Pm1 Te2,In-Pm-Te,3|In-Pm,300,PARC_release,1,8,1,7,True,-0.596487,True,-0.9986810000000012,True,labelable_current_MP_hull,stable_to_stable,False,False,False,False,False,0.839306,-0.839306,True,False,-0.9726400000000002,-0.9408,3,not_available_for_wbm_queue_chgnet_mace_missing,0,17.306411900418205,10.0,5.273725046222098,16.36323504953147,7,False,False,False,False,t1_stable_or_true_release,False,candidate_level_explanation_not_MLIP_consensus_validation
wbm-1-22388,In1 Pm1 Te2,In-Pm-Te,3|In-Pm,500,raw_only_requested_budget,0,8,0,8,False,-0.596487,True,-0.9986810000000012,True,labelable_current_MP_hull,stable_to_stable,False,False,False,False,False,0.839306,-0.839306,True,False,-0.9726400000000002,-0.9408,3,not_available_for_wbm_queue_chgnet_mace_missing,0,17.306411900418205,10.0,3.164235027733259,33.106904168958664,30,False,False,False,False,t1_stable_or_true_release,False,candidate_level_explanation_not_MLIP_consensus_validation
wbm-1-22490,Ac2 Ir1 Pt1,Ac-Ir-Pt,3|Ac-Ir,300,raw_only_requested_budget,0,10,0,10,False,-0.746781,True,-0.7467849999999991,True,labelable_current_MP_hull,stable_to_stable,False,False,False,False,False,0.722196,-0.722196,True,False,-0.72272,-0.7322,3,not_available_for_wbm_queue_chgnet_mace_missing,0,9.10867280702932,10.0,5.273725046222098,16.36323504953147,64,False,False,False,False,t1_stable_or_true_release,False,candidate_level_explanation_not_MLIP_consensus_validation
wbm-1-22490,Ac2 Ir1 Pt1,Ac-Ir-Pt,3|Ac-Ir,500,raw_only_requested_budget,0,11,0,11,False,-0.746781,True,-0.7467849999999991,True,labelable_current_MP_hull,stable_to_stable,False,False,False,False,False,0.722196,-0.722196,True,False,-0.72272,-0.7322,3,not_available_for_wbm_queue_chgnet_mace_missing,0,9.10867280702932,10.0,3.164235027733259,29.432650133714645,133,False,False,False,False,t1_stable_or_true_release,False,candidate_level_explanation_not_MLIP_consensus_validation
wbm-1-23080,Ac1 K1 Se2,Ac-K-Se,3|Ac-K,300,PARC_release,5,8,5,3,True,-0.648392,True,-1.8192060000000083,True,labelable_current_MP_hull,stable_to_stable,False,False,False,False,False,0.9233859999999998,-0.9233859999999998,True,False,-1.6982700000000002,-1.6427,3,not_available_for_wbm_queue_chgnet_mace_missing,0,48.7341767290268,10.0,5.651511869009259,19.83000681704263,1,False,False,False,False,t1_stable_or_true_release,False,candidate_level_explanation_not_MLIP_consensus_validation
wbm-1-23080,Ac1 K1 Se2,Ac-K-Se,3|Ac-K,500,PARC_release,2,8,2,6,True,-0.648392,True,-1.8192060000000083,True,labelable_current_MP_hull,stable_to_stable,False,False,False,False,False,0.9233859999999998,-0.9233859999999998,True,False,-1.6982700000000002,-1.6427,3,not_available_for_wbm_queue_chgnet_mace_missing,0,48.7341767290268,10.0,3.390907121405556,39.685851537379705,4,False,False,False,False,t1_stable_or_true_release,False,candidate_level_explanation_not_MLIP_consensus_validation
wbm-1-23176,K1 Pm1 Te2,K-Pm-Te,3|K-Pm,300,PARC_release,4,7,4,3,True,-0.704623,True,-1.3023220000000038,True,labelable_current_MP_hull,stable_to_stable,False,False,False,False,False,0.942101,-0.942101,True,False,-1.24744,-1.3709,3,not_available_for_wbm_queue_chgnet_mace_missing,0,48.791051511596535,10.0,4.993083301746044,19.83000681704263,8,False,False,False,False,t1_stable_or_true_release,False,candidate_level_explanation_not_MLIP_consensus_validation
wbm-1-23176,K1 Pm1 Te2,K-Pm-Te,3|K-Pm,500,PARC_release,1,7,1,6,True,-0.704623,True,-1.3023220000000038,True,labelable_current_MP_hull,stable_to_stable,False,False,False,False,False,0.942101,-0.942101,True,False,-1.24744,-1.3709,3,not_available_for_wbm_queue_chgnet_mace_missing,0,48.791051511596535,10.0,2.9958499810476265,39.685851537379705,9,False,False,False,False,t1_stable_or_true_release,False,candidate_level_explanation_not_MLIP_consensus_validation
wbm-1-23510,F6 Li2 Sc1,F-Li-Sc,3|F-Li,300,raw_only_requested_budget,0,4,0,4,False,0.028261,False,15.861755518148154,False,labelable_current_MP_hull,unstable_to_unstable,True,False,False,True,False,0.6771120000000002,-0.6771120000000002,True,True,-3.39668,-3.6832,3,not_available_for_wbm_queue_chgnet_mace_missing,1,7.084698184134033,10.0,3.785059061183545,12.674371754430824,174,False,False,False,True,near_hull_50meV_boundary,False,candidate_level_explanation_not_MLIP_consensus_validation
wbm-1-23510,F6 Li2 Sc1,F-Li-Sc,3|F-Li,500,raw_only_requested_budget,0,10,0,10,False,0.028261,False,15.861755518148154,False,labelable_current_MP_hull,unstable_to_unstable,True,False,False,True,False,0.6771120000000002,-0.6771120000000002,True,True,-3.39668,-3.6832,3,not_available_for_wbm_queue_chgnet_mace_missing,1,7.084698184134033,10.0,3.164235027733259,33.106904168958664,175,False,False,False,True,near_hull_50meV_boundary,False,candidate_level_explanation_not_MLIP_consensus_validation
wbm-1-23512,F6 Li2 Tb1,F-Li-Tb,3|F-Li,500,raw_only_requested_budget,0,10,0,10,False,0.047955,False,11.576938527777775,False,labelable_current_MP_hull,unstable_to_unstable,True,False,False,True,False,0.6137959999999998,-0.6137959999999998,True,True,-3.57833,-3.6321,3,not_available_for_wbm_queue_chgnet_mace_missing,1,5.03762514135281,10.0,3.164235027733259,33.106904168958664,307,False,False,False,False,near_hull_50meV_boundary,False,candidate_level_explanation_not_MLIP_consensus_validation
wbm-1-23514,F6 Li2 Tm1,F-Li-Tm,3|F-Li,300,PARC_release,1,10,1,9,True,-0.130014,True,0.2125214555555548,False,labelable_current_MP_hull,stable_to_unstable,True,False,False,False,False,0.810492,-0.810492,True,True,-3.60535,-3.6818,3,not_available_for_wbm_queue_chgnet_mace_missing,1,17.3301600176195,10.0,5.273725046222098,12.674371754430824,1,False,False,False,False,ALIGNN_FF_disagrees_with_current_MP_label,False,candidate_level_explanation_not_MLIP_consensus_validation
wbm-1-23514,F6 Li2 Tm1,F-Li-Tm,3|F-Li,500,raw_only_requested_budget,0,10,0,10,False,-0.130014,True,0.2125214555555548,False,labelable_current_MP_hull,stable_to_unstable,True,False,False,False,False,0.810492,-0.810492,True,True,-3.60535,-3.6818,3,not_available_for_wbm_queue_chgnet_mace_missing,1,17.3301600176195,10.0,3.164235027733259,33.106904168958664,26,False,False,False,False,ALIGNN_FF_disagrees_with_current_MP_label,False,candidate_level_explanation_not_MLIP_consensus_validation
wbm-1-23516,F6 Li2 Y1,F-Li-Y,3|F-Li,500,raw_only_requested_budget,0,1,0,1,False,0.060672,False,12.095463865555558,False,labelable_current_MP_hull,unstable_to_unstable,True,False,False,False,False,0.576346,-0.576346,True,True,-3.5656600000000003,-3.6546,3,not_available_for_wbm_queue_chgnet_mace_missing,1,3.9976320153643705,10.0,1.251612471684086,33.106904168958664,448,False,False,False,False,ALIGNN_FF_disagrees_with_current_MP_label,False,candidate_level_explanation_not_MLIP_consensus_validation
wbm-1-24971,Ca2 F8 Li2,Ca-F-Li,3|Ca-F,500,raw_only_requested_budget,0,8,0,8,False,0.026468,False,4.906261401666667,False,labelable_current_MP_hull,unstable_to_unstable,True,False,False,True,False,0.6322550000000002,-0.6322550000000002,True,True,-3.2204800000000007,-3.5365,3,not_available_for_wbm_queue_chgnet_mace_missing,1,5.40425190037113,10.0,3.164235027733259,13.924506444478084,231,False,False,False,False,near_hull_50meV_boundary,False,candidate_level_explanation_not_MLIP_consensus_validation
wbm-1-24972,Ca2 F8 Li2,Ca-F-Li,3|Ca-F,300,raw_only_requested_budget,0,2,0,2,False,0.005302,False,4.885095401666666,False,labelable_current_MP_hull,unstable_to_unstable,True,True,False,True,False,0.6551550000000002,-0.6551550000000002,True,True,-3.23179,-3.5513,3,not_available_for_wbm_queue_chgnet_mace_missing,1,5.702370215959679,10.0,4.774748419917196,1.8250474299543316,169,True,False,True,True,near_hull_25meV_boundary,False,candidate_level_explanation_not_MLIP_consensus_validation
wbm-1-24972,Ca2 F8 Li2,Ca-F-Li,3|Ca-F,500,raw_only_requested_budget,0,8,0,8,False,0.005302,False,4.885095401666666,False,labelable_current_MP_hull,unstable_to_unstable,True,True,False,True,False,0.6551550000000002,-0.6551550000000002,True,True,-3.23179,-3.5513,3,not_available_for_wbm_queue_chgnet_mace_missing,1,6.458579042100912,10.0,3.164235027733259,13.924506444478084,182,True,False,True,True,near_hull_25meV_boundary,False,candidate_level_explanation_not_MLIP_consensus_validation
wbm-1-25032,F8 Li2 Tm2,F-Li-Tm,3|F-Li,500,raw_only_requested_budget,0,2,0,2,False,-0.279537,True,1.2895771833333391,False,labelable_current_MP_hull,stable_to_unstable,True,False,False,False,False,0.5879989999999995,-0.5879989999999995,True,True,-4.04538,-4.4075,3,not_available_for_wbm_queue_chgnet_mace_missing,1,4.156773416575273,10.0,2.109993696019431,33.106904168958664,412,False,False,False,False,ALIGNN_FF_disagrees_with_current_MP_label,False,candidate_level_explanation_not_MLIP_consensus_validation
wbm-1-25092,F6 Li1 Ti1,F-Li-Ti,3|F-Li,500,raw_only_requested_budget,0,10,0,10,False,0.046763,False,-3.092285000000004,True,labelable_current_MP_hull,unstable_to_stable,False,False,False,True,False,0.631052,-0.631052,True,False,-3.33718,-3.6244,3,not_available_for_wbm_queue_chgnet_mace_missing,0,5.70492179840587,10.0,3.164235027733259,33.106904168958664,254,False,False,False,False,t1_stable_or_true_release,False,candidate_level_explanation_not_MLIP_consensus_validation
wbm-1-26351,Ac1 Li1 Se2,Ac-Li-Se,3|Ac-Li,300,PARC_release,1,11,1,10,True,-0.5683,True,-1.8005739999999977,True,labelable_current_MP_hull,stable_to_stable,False,False,False,False,False,0.7997260000000002,-0.7997260000000002,True,False,-1.60407,-1.6189,3,not_available_for_wbm_queue_chgnet_mace_missing,0,16.238199803323376,10.0,5.157690443561848,16.36323504953147,29,False,False,False,False,t1_stable_or_true_release,False,candidate_level_explanation_not_MLIP_consensus_validation
wbm-1-26351,Ac1 Li1 Se2,Ac-Li-Se,3|Ac-Li,500,raw_only_requested_budget,0,11,0,11,False,-0.5683,True,-1.8005739999999977,True,labelable_current_MP_hull,stable_to_stable,False,False,False,False,False,0.7997260000000002,-0.7997260000000002,True,False,-1.60407,-1.6189,3,not_available_for_wbm_queue_chgnet_mace_missing,0,16.238199803323376,10.0,3.094614266137109,33.106904168958664,42,False,False,False,False,t1_stable_or_true_release,False,candidate_level_explanation_not_MLIP_consensus_validation
wbm-1-26610,Li1 Pm1 Te2,Li-Pm-Te,3|Li-Pm,300,PARC_release,9,9,9,0,True,-0.827611,True,17.079878679999997,False,labelable_current_MP_hull,stable_to_unstable,True,False,False,False,False,1.059317,-1.059317,True,True,-1.23819,-1.2449,3,not_available_for_wbm_queue_chgnet_mace_missing,1,164.72520471273907,10.0,5.651511869009259,16.36323504953147,38,False,False,False,False,ALIGNN_FF_disagrees_with_current_MP_label,False,candidate_level_explanation_not_MLIP_consensus_validation
wbm-1-26610,Li1 Pm1 Te2,Li-Pm-Te,3|Li-Pm,500,PARC_release,8,9,8,1,True,-0.827611,True,17.079878679999997,False,labelable_current_MP_hull,stable_to_unstable,True,False,False,False,False,1.059317,-1.059317,True,True,-1.23819,-1.2449,3,not_available_for_wbm_queue_chgnet_mace_missing,1,164.72520471273907,10.0,3.390907121405556,29.432650133714645,4,False,False,False,False,ALIGNN_FF_disagrees_with_current_MP_label,False,candidate_level_explanation_not_MLIP_consensus_validation
wbm-1-27534,Br6 Mg2,Br-Mg,2|Br-Mg,300,raw_only_requested_budget,0,6,0,6,False,0.088092,False,-1.3517110000000017,True,labelable_current_MP_hull,unstable_to_stable,False,False,False,False,False,0.6868969999999999,-0.6868969999999999,True,False,-0.81142,-1.1418,3,not_available_for_wbm_queue_chgnet_mace_missing,0,7.449403595082879,10.0,3.785059061183545,12.171561895162212,170,False,False,False,False,t1_stable_or_true_release,False,candidate_level_explanation_not_MLIP_consensus_validation
wbm-1-27534,Br6 Mg2,Br-Mg,2|Br-Mg,500,raw_only_requested_budget,0,10,0,10,False,0.088092,False,-1.3517110000000017,True,labelable_current_MP_hull,unstable_to_stable,False,False,False,False,False,0.6868969999999999,-0.6868969999999999,True,False,-0.81142,-1.1418,3,not_available_for_wbm_queue_chgnet_mace_missing,0,7.449403595082879,10.0,3.164235027733259,13.924506444478084,159,False,False,False,False,t1_stable_or_true_release,False,candidate_level_explanation_not_MLIP_consensus_validation
wbm-1-29475,Br6 Mn2,Br-Mn,2|Br-Mn,300,raw_only_requested_budget,0,1,0,1,False,0.072675,False,-0.8460840000000047,True,labelable_current_MP_hull,unstable_to_stable,False,False,False,False,False,0.645541,-0.645541,True,False,-1.11389,-0.9937,3,not_available_for_wbm_queue_chgnet_mace_missing,0,4.95781718505185,10.0,2.195811353831729,19.83000681704263,230,True,False,True,True,t1_stable_or_true_release,False,candidate_level_explanation_not_MLIP_consensus_validation
wbm-1-29475,Br6 Mn2,Br-Mn,2|Br-Mn,500,raw_only_requested_budget,0,10,0,10,False,0.072675,False,-0.8460840000000047,True,labelable_current_MP_hull,unstable_to_stable,False,False,False,False,False,0.645541,-0.645541,True,False,-1.11389,-0.9937,3,not_available_for_wbm_queue_chgnet_mace_missing,0,5.939991047915414,10.0,3.164235027733259,39.685851537379705,233,True,False,True,True,t1_stable_or_true_release,False,candidate_level_explanation_not_MLIP_consensus_validation
wbm-1-31602,Br2 Er2 N2,Br-Er-N,3|Br-Er,300,raw_only_requested_budget,0,11,0,11,False,-0.286443,True,-1.5910949999999957,True,labelable_current_MP_hull,stable_to_stable,False,False,False,False,False,0.7698480000000001,-0.7698480000000001,True,False,-1.57547,-2.0907,3,not_available_for_wbm_queue_chgnet_mace_missing,0,13.00453250439059,10.0,5.651511869009259,10.926127664038065,3,False,False,False,False,t1_stable_or_true_release,False,candidate_level_explanation_not_MLIP_consensus_validation
wbm-1-31602,Br2 Er2 N2,Br-Er-N,3|Br-Er,500,raw_only_requested_budget,0,11,0,11,False,-0.286443,True,-1.5910949999999957,True,labelable_current_MP_hull,stable_to_stable,False,False,False,False,False,0.7698480000000001,-0.7698480000000001,True,False,-1.57547,-2.0907,3,not_available_for_wbm_queue_chgnet_mace_missing,0,13.00453250439059,10.0,3.390907121405556,12.726465504194358,58,False,False,False,False,t1_stable_or_true_release,False,candidate_level_explanation_not_MLIP_consensus_validation
wbm-1-31603,Br2 Er2 N2,Br-Er-N,3|Br-Er,300,PARC_release,11,11,11,0,True,-0.238789,True,-1.543440000000004,True,labelable_current_MP_hull,stable_to_stable,False,False,False,False,False,0.9730489999999998,-0.9730489999999998,True,False,-1.92451,-1.5498,3,not_available_for_wbm_queue_chgnet_mace_missing,0,62.74118413416109,10.0,5.651511869009259,10.926127664038065,92,False,False,False,False,t1_stable_or_true_release,False,candidate_level_explanation_not_MLIP_consensus_validation
wbm-1-31603,Br2 Er2 N2,Br-Er-N,3|Br-Er,500,PARC_release,6,11,6,5,True,-0.238789,True,-1.543440000000004,True,labelable_current_MP_hull,stable_to_stable,False,False,False,False,False,0.9730489999999998,-0.9730489999999998,True,False,-1.92451,-1.5498,3,not_available_for_wbm_queue_chgnet_mace_missing,0,62.74118413416109,10.0,3.390907121405556,12.726465504194358,4,False,False,False,False,t1_stable_or_true_release,False,candidate_level_explanation_not_MLIP_consensus_validation
wbm-1-31604,Br2 Er2 N2,Br-Er-N,3|Br-Er,300,PARC_release,11,11,11,0,True,-0.201925,True,-1.5065759999999957,True,labelable_current_MP_hull,stable_to_stable,False,False,False,False,False,1.053249,-1.053249,True,False,-1.82433,-1.5082,3,not_available_for_wbm_queue_chgnet_mace_missing,0,164.72520471273907,10.0,5.651511869009259,10.926127664038065,62,False,False,False,False,t1_stable_or_true_release,False,candidate_level_explanation_not_MLIP_consensus_validation
wbm-1-31604,Br2 Er2 N2,Br-Er-N,3|Br-Er,500,PARC_release,11,11,11,0,True,-0.201925,True,-1.5065759999999957,True,labelable_current_MP_hull,stable_to_stable,False,False,False,False,False,1.053249,-1.053249,True,False,-1.82433,-1.5082,3,not_available_for_wbm_queue_chgnet_mace_missing,0,164.72520471273907,10.0,3.390907121405556,12.726465504194358,62,False,False,False,False,t1_stable_or_true_release,False,candidate_level_explanation_not_MLIP_consensus_validation
wbm-1-31913,F2 N2 Pu2,F-N-Pu,3|F-N,300,raw_only_requested_budget,0,6,0,6,False,-0.115688,True,-1.3768373766666713,True,labelable_current_MP_hull,stable_to_stable,False,False,False,False,False,0.6676069999999998,-0.6676069999999998,True,False,-2.805,-2.876,3,not_available_for_wbm_queue_chgnet_mace_missing,0,6.599351864309193,10.0,4.774748419917196,19.83000681704263,154,False,False,False,False,t1_stable_or_true_release,False,candidate_level_explanation_not_MLIP_consensus_validation
wbm-1-31913,F2 N2 Pu2,F-N-Pu,3|F-N,500,raw_only_requested_budget,0,12,0,12,False,-0.115688,True,-1.3768373766666713,True,labelable_current_MP_hull,stable_to_stable,False,False,False,False,False,0.6676069999999998,-0.6676069999999998,True,False,-2.805,-2.876,3,not_available_for_wbm_queue_chgnet_mace_missing,0,7.084698184134033,10.0,3.094614266137109,39.685851537379705,167,False,False,False,False,t1_stable_or_true_release,False,candidate_level_explanation_not_MLIP_consensus_validation
wbm-1-31976,Gd2 I2 N2,Gd-I-N,3|Gd-I,300,raw_only_requested_budget,0,11,0,11,False,-0.143665,True,-1.316240999999998,True,labelable_current_MP_hull,stable_to_stable,False,False,False,False,False,0.7993239999999999,-0.7993239999999999,True,False,-1.53369,-1.6328,3,not_available_for_wbm_queue_chgnet_mace_missing,0,14.438109812285148,10.0,5.273725046222098,19.83000681704263,8,False,False,False,False,t1_stable_or_true_release,False,candidate_level_explanation_not_MLIP_consensus_validation
wbm-1-31976,Gd2 I2 N2,Gd-I-N,3|Gd-I,500,raw_only_requested_budget,0,11,0,11,False,-0.143665,True,-1.316240999999998,True,labelable_current_MP_hull,stable_to_stable,False,False,False,False,False,0.7993239999999999,-0.7993239999999999,True,False,-1.53369,-1.6328,3,not_available_for_wbm_queue_chgnet_mace_missing,0,14.438109812285148,10.0,3.164235027733259,39.685851537379705,56,False,False,False,False,t1_stable_or_true_release,False,candidate_level_explanation_not_MLIP_consensus_validation
wbm-1-31977,Gd2 I2 N2,Gd-I-N,3|Gd-I,300,raw_only_requested_budget,0,11,0,11,False,-0.122848,True,-1.29542399999999,True,labelable_current_MP_hull,stable_to_stable,False,False,False,False,False,0.7857240000000001,-0.7857240000000001,True,False,-1.13695,-1.1393,3,not_available_for_wbm_queue_chgnet_mace_missing,0,13.68329748526944,10.0,5.273725046222098,19.83000681704263,21,False,False,False,False,t1_stable_or_true_release,False,candidate_level_explanation_not_MLIP_consensus_validation
wbm-1-31977,Gd2 I2 N2,Gd-I-N,3|Gd-I,500,raw_only_requested_budget,0,11,0,11,False,-0.122848,True,-1.29542399999999,True,labelable_current_MP_hull,stable_to_stable,False,False,False,False,False,0.7857240000000001,-0.7857240000000001,True,False,-1.13695,-1.1393,3,not_available_for_wbm_queue_chgnet_mace_missing,0,13.68329748526944,10.0,3.164235027733259,39.685851537379705,69,False,False,False,False,t1_stable_or_true_release,False,candidate_level_explanation_not_MLIP_consensus_validation
wbm-1-31981,I2 La2 N2,I-La-N,3|I-La,500,raw_only_requested_budget,0,3,0,3,False,0.15246,False,3.1663747477777804,False,labelable_current_MP_hull,unstable_to_unstable,True,False,False,False,False,0.577528,-0.577528,True,True,-1.76117,-1.5203,3,not_available_for_wbm_queue_chgnet_mace_missing,1,3.805454301334989,10.0,2.009647497495417,39.685851537379705,403,False,False,False,False,ALIGNN_FF_disagrees_with_current_MP_label,False,candidate_level_explanation_not_MLIP_consensus_validation
wbm-1-33619,Ac1 Na1 Se2,Ac-Na-Se,3|Ac-Na,300,PARC_release,6,12,6,6,True,-0.667133,True,-1.8249509999999989,True,labelable_current_MP_hull,stable_to_stable,False,False,False,False,False,0.921882,-0.921882,True,False,-1.6694300000000002,-1.655,3,not_available_for_wbm_queue_chgnet_mace_missing,0,48.7341767290268,10.0,5.273725046222098,19.83000681704263,1,False,False,False,False,t1_stable_or_true_release,False,candidate_level_explanation_not_MLIP_consensus_validation
wbm-1-33619,Ac1 Na1 Se2,Ac-Na-Se,3|Ac-Na,500,PARC_release,3,12,3,9,True,-0.667133,True,-1.8249509999999989,True,labelable_current_MP_hull,stable_to_stable,False,False,False,False,False,0.921882,-0.921882,True,False,-1.6694300000000002,-1.655,3,not_available_for_wbm_queue_chgnet_mace_missing,0,48.7341767290268,10.0,3.164235027733259,39.685851537379705,6,False,False,False,False,t1_stable_or_true_release,False,candidate_level_explanation_not_MLIP_consensus_validation
wbm-1-3483,As2 Br10,As-Br,2|As-Br,300,raw_only_requested_budget,0,2,0,2,False,-0.065736,True,-0.6830980000000011,True,labelable_current_MP_hull,stable_to_stable,False,False,False,False,False,0.6483380000000001,-0.6483380000000001,True,False,-0.6519,-0.7541,3,not_available_for_wbm_queue_chgnet_mace_missing,0,5.124887778235971,10.0,2.195811353831729,19.83000681704263,225,False,False,False,False,t1_stable_or_true_release,False,candidate_level_explanation_not_MLIP_consensus_validation
wbm-1-3483,As2 Br10,As-Br,2|As-Br,500,raw_only_requested_budget,0,8,0,8,False,-0.065736,True,-0.6830980000000011,True,labelable_current_MP_hull,stable_to_stable,False,False,False,False,False,0.6483380000000001,-0.6483380000000001,True,False,-0.6519,-0.7541,3,not_available_for_wbm_queue_chgnet_mace_missing,0,6.449904186024537,10.0,3.390907121405556,39.685851537379705,200,False,False,False,False,t1_stable_or_true_release,False,candidate_level_explanation_not_MLIP_consensus_validation
wbm-1-35252,Br6 Ni2,Br-Ni,2|Br-Ni,300,raw_only_requested_budget,0,1,0,1,False,-0.128574,True,-0.7343240000000009,True,labelable_current_MP_hull,stable_to_stable,False,False,False,False,False,0.6346499999999999,-0.6346499999999999,True,False,-0.68529,-0.7519,3,not_available_for_wbm_queue_chgnet_mace_missing,0,4.801978237054699,10.0,2.195811353831729,19.83000681704263,255,True,False,True,True,t1_stable_or_true_release,False,candidate_level_explanation_not_MLIP_consensus_validation
wbm-1-35252,Br6 Ni2,Br-Ni,2|Br-Ni,500,raw_only_requested_budget,0,6,0,6,False,-0.128574,True,-0.7343240000000009,True,labelable_current_MP_hull,stable_to_stable,False,False,False,False,False,0.6346499999999999,-0.6346499999999999,True,False,-0.68529,-0.7519,3,not_available_for_wbm_queue_chgnet_mace_missing,0,5.498091862286181,10.0,3.164235027733259,39.685851537379705,258,True,False,True,True,t1_stable_or_true_release,False,candidate_level_explanation_not_MLIP_consensus_validation
wbm-1-412,Ag1 Pm1 Te2,Ag-Pm-Te,3|Ag-Pm,300,PARC_release,6,9,6,3,True,-0.66647,True,19.13737327,False,labelable_current_MP_hull,stable_to_unstable,True,False,False,False,False,0.887891,-0.887891,True,True,-0.8675,-0.8503,3,not_available_for_wbm_queue_chgnet_mace_missing,1,34.12656697602882,10.0,5.651511869009259,19.83000681704263,8,False,False,False,False,ALIGNN_FF_disagrees_with_current_MP_label,False,candidate_level_explanation_not_MLIP_consensus_validation
wbm-1-412,Ag1 Pm1 Te2,Ag-Pm-Te,3|Ag-Pm,500,PARC_release,1,9,1,8,True,-0.66647,True,19.13737327,False,labelable_current_MP_hull,stable_to_unstable,True,False,False,False,False,0.887891,-0.887891,True,True,-0.8675,-0.8503,3,not_available_for_wbm_queue_chgnet_mace_missing,1,34.12656697602882,10.0,3.390907121405556,39.685851537379705,7,False,False,False,False,ALIGNN_FF_disagrees_with_current_MP_label,False,candidate_level_explanation_not_MLIP_consensus_validation
wbm-1-45469,Br2 Er2 P1,Br-Er-P,3|Br-Er,300,PARC_release,11,11,11,0,True,-1.191717,True,-2.0144690000000054,True,labelable_current_MP_hull,stable_to_stable,False,False,False,False,False,1.3863479999999997,-1.3863479999999997,True,False,-1.7936800000000002,-1.7393,3,not_available_for_wbm_queue_chgnet_mace_missing,0,164.80390769444054,10.0,5.651511869009259,10.926127664038065,34,True,False,True,True,t1_stable_or_true_release,False,candidate_level_explanation_not_MLIP_consensus_validation
wbm-1-45469,Br2 Er2 P1,Br-Er-P,3|Br-Er,500,PARC_release,11,11,11,0,True,-1.191717,True,-2.0144690000000054,True,labelable_current_MP_hull,stable_to_stable,False,False,False,False,False,1.3863479999999997,-1.3863479999999997,True,False,-1.7936800000000002,-1.7393,3,not_available_for_wbm_queue_chgnet_mace_missing,0,164.80390769444054,10.0,3.390907121405556,12.726465504194358,6,True,False,True,True,t1_stable_or_true_release,False,candidate_level_explanation_not_MLIP_consensus_validation
wbm-1-47068,Ac2 Pd1 Pt1,Ac-Pd-Pt,3|Ac-Pd,300,PARC_release,1,11,1,10,True,-0.828243,True,-0.8506299999999989,True,labelable_current_MP_hull,stable_to_stable,False,False,False,False,False,0.796113,-0.796113,True,False,-0.8293799999999999,-0.8545,3,not_available_for_wbm_queue_chgnet_mace_missing,0,15.283544375734625,10.0,5.157690443561848,16.36323504953147,12,False,False,False,False,t1_stable_or_true_release,False,candidate_level_explanation_not_MLIP_consensus_validation
wbm-1-47068,Ac2 Pd1 Pt1,Ac-Pd-Pt,3|Ac-Pd,500,raw_only_requested_budget,0,11,0,11,False,-0.828243,True,-0.8506299999999989,True,labelable_current_MP_hull,stable_to_stable,False,False,False,False,False,0.796113,-0.796113,True,False,-0.8293799999999999,-0.8545,3,not_available_for_wbm_queue_chgnet_mace_missing,0,15.283544375734625,10.0,3.094614266137109,29.432650133714645,38,False,False,False,False,t1_stable_or_true_release,False,candidate_level_explanation_not_MLIP_consensus_validation
wbm-1-47283,Ac2 Pt6,Ac-Pt,2|Ac-Pt,300,raw_only_requested_budget,0,12,0,12,False,-0.691066,True,-0.691084,True,labelable_current_MP_hull,stable_to_stable,False,False,False,False,False,0.7629819999999999,-0.7629819999999999,True,False,-0.57488,-0.7859,3,not_available_for_wbm_queue_chgnet_mace_missing,0,13.022274889386972,10.0,5.651511869009259,19.83000681704263,6,False,False,False,False,t1_stable_or_true_release,False,candidate_level_explanation_not_MLIP_consensus_validation
wbm-1-47283,Ac2 Pt6,Ac-Pt,2|Ac-Pt,500,raw_only_requested_budget,0,12,0,12,False,-0.691066,True,-0.691084,True,labelable_current_MP_hull,stable_to_stable,False,False,False,False,False,0.7629819999999999,-0.7629819999999999,True,False,-0.57488,-0.7859,3,not_available_for_wbm_queue_chgnet_mace_missing,0,13.022274889386972,10.0,3.390907121405556,39.685851537379705,66,False,False,False,False,t1_stable_or_true_release,False,candidate_level_explanation_not_MLIP_consensus_validation
wbm-1-47301,Ac2 Au1 Pt1,Ac-Au-Pt,3|Ac-Au,500,raw_only_requested_budget,0,8,0,8,False,-0.645435,True,-0.8750610000000005,True,labelable_current_MP_hull,stable_to_stable,False,False,False,False,False,0.605974,-0.605974,True,False,-0.8499699999999999,-0.8671,3,not_available_for_wbm_queue_chgnet_mace_missing,0,4.955607335966234,10.0,3.390907121405556,33.106904168958664,292,False,False,False,False,t1_stable_or_true_release,False,candidate_level_explanation_not_MLIP_consensus_validation
wbm-1-47549,Pm1 Rb1 Te2,Pm-Rb-Te,3|Pm-Rb,300,PARC_release,2,15,2,13,True,-0.563533,True,-1.2310900000000018,True,labelable_current_MP_hull,stable_to_stable,False,False,False,False,False,0.8288429999999999,-0.8288429999999999,True,False,-1.16394,-1.2819,3,not_available_for_wbm_queue_chgnet_mace_missing,0,17.3301600176195,10.0,5.651511869009259,19.83000681704263,10,False,False,False,False,t1_stable_or_true_release,False,candidate_level_explanation_not_MLIP_consensus_validation
wbm-1-47549,Pm1 Rb1 Te2,Pm-Rb-Te,3|Pm-Rb,500,raw_only_requested_budget,0,15,0,15,False,-0.563533,True,-1.2310900000000018,True,labelable_current_MP_hull,stable_to_stable,False,False,False,False,False,0.8288429999999999,-0.8288429999999999,True,False,-1.16394,-1.2819,3,not_available_for_wbm_queue_chgnet_mace_missing,0,17.3301600176195,10.0,3.390907121405556,39.685851537379705,20,False,False,False,False,t1_stable_or_true_release,False,candidate_level_explanation_not_MLIP_consensus_validation
wbm-1-48052,Ac2 Pd1 Rh1,Ac-Pd-Rh,3|Ac-Pd,500,raw_only_requested_budget,0,2,0,2,False,-0.640857,True,-0.6408419999999992,True,labelable_current_MP_hull,stable_to_stable,False,False,False,False,False,0.565415,-0.565415,True,False,-0.6331899999999999,-0.619,3,not_available_for_wbm_queue_chgnet_mace_missing,0,3.805454301334989,10.0,1.779032210897582,29.432650133714645,423,False,False,False,False,t1_stable_or_true_release,False,candidate_level_explanation_not_MLIP_consensus_validation
wbm-1-48434,I6 Ru2,I-Ru,2|I-Ru,300,raw_only_requested_budget,0,8,0,8,False,-0.407742,True,-0.4077169999999999,True,labelable_current_MP_hull,stable_to_stable,False,False,False,False,False,0.7766249999999999,-0.7766249999999999,True,False,-0.47802,-0.431,3,not_available_for_wbm_queue_chgnet_mace_missing,0,13.692634302249276,10.0,4.831939338240346,12.674371754430824,34,True,True,True,True,t1_stable_or_true_release,False,candidate_level_explanation_not_MLIP_consensus_validation
wbm-1-48434,I6 Ru2,I-Ru,2|I-Ru,500,raw_only_requested_budget,0,8,0,8,False,-0.407742,True,-0.4077169999999999,True,labelable_current_MP_hull,stable_to_stable,False,False,False,False,False,0.7766249999999999,-0.7766249999999999,True,False,-0.47802,-0.431,3,not_available_for_wbm_queue_chgnet_mace_missing,0,13.692634302249276,10.0,2.899163602944208,33.106904168958664,56,True,True,True,True,t1_stable_or_true_release,False,candidate_level_explanation_not_MLIP_consensus_validation
wbm-1-50415,Br6 Rb2 S1,Br-Rb-S,3|Br-Rb,500,raw_only_requested_budget,0,1,0,1,False,-0.185114,True,-1.2122710000000154,True,labelable_current_MP_hull,stable_to_stable,False,False,False,False,False,0.556843,-0.556843,True,False,-1.13437,-1.1157,3,not_available_for_wbm_queue_chgnet_mace_missing,0,2.9621815726991896,10.0,1.2178016109894885,29.432650133714645,444,False,False,False,False,t1_stable_or_true_release,False,candidate_level_explanation_not_MLIP_consensus_validation
wbm-1-51487,Br8 Sc2,Br-Sc,2|Br-Sc,300,raw_only_requested_budget,0,9,0,9,False,0.055508,False,-1.6498479999999986,True,labelable_current_MP_hull,unstable_to_stable,False,False,False,False,False,0.6801439999999999,-0.6801439999999999,True,False,-1.4671299999999998,-1.791,3,not_available_for_wbm_queue_chgnet_mace_missing,0,7.262157980969153,10.0,5.651511869009259,19.83000681704263,116,False,False,False,False,t1_stable_or_true_release,False,candidate_level_explanation_not_MLIP_consensus_validation
wbm-1-51487,Br8 Sc2,Br-Sc,2|Br-Sc,500,raw_only_requested_budget,0,13,0,13,False,0.055508,False,-1.6498479999999986,True,labelable_current_MP_hull,unstable_to_stable,False,False,False,False,False,0.6801439999999999,-0.6801439999999999,True,False,-1.4671299999999998,-1.791,3,not_available_for_wbm_queue_chgnet_mace_missing,0,7.262157980969153,10.0,3.390907121405556,39.685851537379705,152,False,False,False,False,t1_stable_or_true_release,False,candidate_level_explanation_not_MLIP_consensus_validation
wbm-1-52127,Sc2 Te10,Sc-Te,2|Sc-Te,500,raw_only_requested_budget,0,9,0,9,False,-0.218418,True,10.622338225,False,labelable_current_MP_hull,stable_to_unstable,True,False,False,False,False,0.607529,-0.607529,True,True,-0.8162100000000001,-0.8558,3,not_available_for_wbm_queue_chgnet_mace_missing,1,5.03762514135281,10.0,3.390907121405556,33.106904168958664,287,False,False,False,False,ALIGNN_FF_disagrees_with_current_MP_label,False,candidate_level_explanation_not_MLIP_consensus_validation
wbm-1-52444,Ac1 Rb1 Se2,Ac-Rb-Se,3|Ac-Rb,300,raw_only_requested_budget,0,7,0,7,False,-0.588248,True,-1.74158300000002,True,labelable_current_MP_hull,stable_to_stable,False,False,False,False,False,0.7085649999999999,-0.7085649999999999,True,False,-1.6203,-1.5431,3,not_available_for_wbm_queue_chgnet_mace_missing,0,8.566207464961185,10.0,4.993083301746044,19.83000681704263,107,False,False,False,False,t1_stable_or_true_release,False,candidate_level_explanation_not_MLIP_consensus_validation
wbm-1-52444,Ac1 Rb1 Se2,Ac-Rb-Se,3|Ac-Rb,500,raw_only_requested_budget,0,9,0,9,False,-0.588248,True,-1.74158300000002,True,labelable_current_MP_hull,stable_to_stable,False,False,False,False,False,0.7085649999999999,-0.7085649999999999,True,False,-1.6203,-1.5431,3,not_available_for_wbm_queue_chgnet_mace_missing,0,8.566207464961185,10.0,2.9958499810476265,39.685851537379705,132,False,False,False,False,t1_stable_or_true_release,False,candidate_level_explanation_not_MLIP_consensus_validation
wbm-1-52521,Se8 Tc4,Se-Tc,2|Se-Tc,300,PARC_release,10,10,10,0,True,-0.827251,True,-0.8272719999999936,True,labelable_current_MP_hull,stable_to_stable,False,False,False,False,False,1.133079,-1.133079,True,False,-0.7317,-0.7126,3,not_available_for_wbm_queue_chgnet_mace_missing,0,164.84325750151808,10.0,4.993083301746044,19.83000681704263,20,False,False,False,False,t1_stable_or_true_release,False,candidate_level_explanation_not_MLIP_consensus_validation
wbm-1-52521,Se8 Tc4,Se-Tc,2|Se-Tc,500,PARC_release,10,10,10,0,True,-0.827251,True,-0.8272719999999936,True,labelable_current_MP_hull,stable_to_stable,False,False,False,False,False,1.133079,-1.133079,True,False,-0.7317,-0.7126,3,not_available_for_wbm_queue_chgnet_mace_missing,0,164.84325750151808,10.0,2.9958499810476265,39.685851537379705,6,False,False,False,False,t1_stable_or_true_release,False,candidate_level_explanation_not_MLIP_consensus_validation
wbm-1-52527,Ac1 Se2 Tl1,Ac-Se-Tl,3|Ac-Se,300,raw_only_requested_budget,0,9,0,9,False,-0.591781,True,-1.536736999999988,True,labelable_current_MP_hull,stable_to_stable,False,False,False,False,False,0.7133440000000001,-0.7133440000000001,True,False,-1.47628,-1.3817,3,not_available_for_wbm_queue_chgnet_mace_missing,0,9.121010416574991,10.0,5.273725046222098,19.83000681704263,102,False,False,False,False,t1_stable_or_true_release,False,candidate_level_explanation_not_MLIP_consensus_validation
wbm-1-52527,Ac1 Se2 Tl1,Ac-Se-Tl,3|Ac-Se,500,raw_only_requested_budget,0,9,0,9,False,-0.591781,True,-1.536736999999988,True,labelable_current_MP_hull,stable_to_stable,False,False,False,False,False,0.7133440000000001,-0.7133440000000001,True,False,-1.47628,-1.3817,3,not_available_for_wbm_queue_chgnet_mace_missing,0,9.121010416574991,10.0,3.164235027733259,39.685851537379705,127,False,False,False,False,t1_stable_or_true_release,False,candidate_level_explanation_not_MLIP_consensus_validation
wbm-1-52568,Ac4 Se6,Ac-Se,2|Ac-Se,300,PARC_release,8,8,8,0,True,-1.128637,True,-2.2495850000000246,True,labelable_current_MP_hull,stable_to_stable,False,False,False,False,False,1.4318519999999997,-1.4318519999999997,True,False,-2.08308,-2.1212,3,not_available_for_wbm_queue_chgnet_mace_missing,0,164.84325750151808,10.0,5.651511869009259,19.83000681704263,12,False,False,False,False,t1_stable_or_true_release,False,candidate_level_explanation_not_MLIP_consensus_validation
wbm-1-52568,Ac4 Se6,Ac-Se,2|Ac-Se,500,PARC_release,8,8,8,0,True,-1.128637,True,-2.2495850000000246,True,labelable_current_MP_hull,stable_to_stable,False,False,False,False,False,1.4318519999999997,-1.4318519999999997,True,False,-2.08308,-2.1212,3,not_available_for_wbm_queue_chgnet_mace_missing,0,164.84325750151808,10.0,3.390907121405556,39.685851537379705,11,False,False,False,False,t1_stable_or_true_release,False,candidate_level_explanation_not_MLIP_consensus_validation
wbm-1-52615,Ce2 Se6,Ce-Se,2|Ce-Se,500,raw_only_requested_budget,0,18,0,18,False,-0.167788,True,25.917718197499998,False,labelable_current_MP_hull,stable_to_unstable,True,False,False,False,False,0.62812,-0.62812,True,True,-1.14615,-1.1078,3,not_available_for_wbm_queue_chgnet_mace_missing,1,5.399430617044307,10.0,3.390907121405556,39.685851537379705,235,False,False,False,False,ALIGNN_FF_disagrees_with_current_MP_label,False,candidate_level_explanation_not_MLIP_consensus_validation
wbm-1-52638,Dy2 Se6,Dy-Se,2|Dy-Se,500,raw_only_requested_budget,0,3,0,3,False,-0.057998,True,-1.4596720000000118,True,labelable_current_MP_hull,stable_to_stable,False,False,False,False,False,0.5768259999999998,-0.5768259999999998,True,False,-1.32977,-1.3064,3,not_available_for_wbm_queue_chgnet_mace_missing,0,3.9976320153643705,10.0,3.390907121405556,33.106904168958664,362,False,False,False,False,t1_stable_or_true_release,False,candidate_level_explanation_not_MLIP_consensus_validation
wbm-1-52641,Er2 Se6,Er-Se,2|Er-Se,500,raw_only_requested_budget,0,5,0,5,False,-0.067987,True,-1.4451219999999978,True,labelable_current_MP_hull,stable_to_stable,False,False,False,False,False,0.5771649999999999,-0.5771649999999999,True,False,-1.42311,-1.3781,3,not_available_for_wbm_queue_chgnet_mace_missing,0,3.948311290369254,10.0,3.390907121405556,39.685851537379705,361,False,False,False,False,t1_stable_or_true_release,False,candidate_level_explanation_not_MLIP_consensus_validation
wbm-1-52652,Ho2 Se6,Ho-Se,2|Ho-Se,500,raw_only_requested_budget,0,1,0,1,False,-0.062932,True,-1.4524549999999865,True,labelable_current_MP_hull,stable_to_stable,False,False,False,False,False,0.5647769999999999,-0.5647769999999999,True,False,-1.42311,-1.343,3,not_available_for_wbm_queue_chgnet_mace_missing,0,3.36340466755441,10.0,1.3174868122990375,39.685851537379705,435,False,False,False,False,t1_stable_or_true_release,False,candidate_level_explanation_not_MLIP_consensus_validation
wbm-1-52871,Au1 Br2 Se6,Au-Br-Se,3|Au-Br,500,raw_only_requested_budget,0,5,0,5,False,-0.20796,True,-0.4876350000000116,True,labelable_current_MP_hull,stable_to_stable,False,False,False,False,False,0.573325,-0.573325,True,False,-0.46663,-0.5622,3,not_available_for_wbm_queue_chgnet_mace_missing,0,3.590371789108786,10.0,3.390907121405556,39.685851537379705,371,False,False,False,False,t1_stable_or_true_release,False,candidate_level_explanation_not_MLIP_consensus_validation
wbm-1-57407,Cs1 Pm1 Te2,Cs-Pm-Te,3|Cs-Pm,300,raw_only_requested_budget,0,15,0,15,False,-0.452766,True,18.94527538857143,False,labelable_current_MP_hull,stable_to_unstable,True,False,False,False,False,0.7575000000000001,-0.7575000000000001,True,True,-1.09467,-1.173,3,not_available_for_wbm_queue_chgnet_mace_missing,1,11.855270784026176,10.0,5.651511869009259,19.83000681704263,13,False,False,False,False,ALIGNN_FF_disagrees_with_current_MP_label,False,candidate_level_explanation_not_MLIP_consensus_validation
wbm-1-57407,Cs1 Pm1 Te2,Cs-Pm-Te,3|Cs-Pm,500,raw_only_requested_budget,0,15,0,15,False,-0.452766,True,18.94527538857143,False,labelable_current_MP_hull,stable_to_unstable,True,False,False,False,False,0.7575000000000001,-0.7575000000000001,True,True,-1.09467,-1.173,3,not_available_for_wbm_queue_chgnet_mace_missing,1,11.855270784026176,10.0,3.390907121405556,39.685851537379705,67,False,False,False,False,ALIGNN_FF_disagrees_with_current_MP_label,False,candidate_level_explanation_not_MLIP_consensus_validation
wbm-1-57553,Pm1 Te3,Pm-Te,2|Pm-Te,300,PARC_release,10,10,10,0,True,-0.996901,True,-0.9969160000000006,True,labelable_current_MP_hull,stable_to_stable,False,False,False,False,False,1.304285,-1.304285,True,False,-0.90898,-0.9135,3,not_available_for_wbm_queue_chgnet_mace_missing,0,164.84325750151808,10.0,5.651511869009259,19.83000681704263,15,False,False,False,False,t1_stable_or_true_release,False,candidate_level_explanation_not_MLIP_consensus_validation
wbm-1-57553,Pm1 Te3,Pm-Te,2|Pm-Te,500,PARC_release,10,10,10,0,True,-0.996901,True,-0.9969160000000006,True,labelable_current_MP_hull,stable_to_stable,False,False,False,False,False,1.304285,-1.304285,True,False,-0.90898,-0.9135,3,not_available_for_wbm_queue_chgnet_mace_missing,0,164.84325750151808,10.0,3.390907121405556,39.685851537379705,15,False,False,False,False,t1_stable_or_true_release,False,candidate_level_explanation_not_MLIP_consensus_validation
wbm-1-57662,Gd2 I2 Te1,Gd-I-Te,3|Gd-I,300,PARC_release,11,11,11,0,True,-0.847165,True,14.111008237333325,False,labelable_current_MP_hull,stable_to_unstable,True,False,False,False,False,1.082788,-1.082788,True,True,-1.58684,-1.4799,3,not_available_for_wbm_queue_chgnet_mace_missing,1,164.72520471273907,10.0,5.273725046222098,19.83000681704263,39,False,False,False,False,ALIGNN_FF_disagrees_with_current_MP_label,False,candidate_level_explanation_not_MLIP_consensus_validation
wbm-1-57662,Gd2 I2 Te1,Gd-I-Te,3|Gd-I,500,PARC_release,9,11,9,2,True,-0.847165,True,14.111008237333325,False,labelable_current_MP_hull,stable_to_unstable,True,False,False,False,False,1.082788,-1.082788,True,True,-1.58684,-1.4799,3,not_available_for_wbm_queue_chgnet_mace_missing,1,164.72520471273907,10.0,3.164235027733259,39.685851537379705,2,False,False,False,False,ALIGNN_FF_disagrees_with_current_MP_label,False,candidate_level_explanation_not_MLIP_consensus_validation
wbm-1-58150,Br10 Ti2,Br-Ti,2|Br-Ti,500,raw_only_requested_budget,0,7,0,7,False,0.029688,False,-1.4085870000000398,True,labelable_current_MP_hull,unstable_to_stable,False,False,False,True,False,0.5938249999999998,-0.5938249999999998,True,False,-1.4474399999999998,-1.4333,3,not_available_for_wbm_queue_chgnet_mace_missing,0,4.586875680264978,10.0,3.390907121405556,39.685851537379705,316,False,False,False,False,t1_stable_or_true_release,False,candidate_level_explanation_not_MLIP_consensus_validation
wbm-1-58756,Te8 Ti2,Te-Ti,2|Te-Ti,500,raw_only_requested_budget,0,1,0,1,False,-0.165532,True,-0.7524200000000576,True,labelable_current_MP_hull,stable_to_stable,False,False,False,False,False,0.556812,-0.556812,True,False,-0.7641699999999999,-0.8049,3,not_available_for_wbm_queue_chgnet_mace_missing,0,2.9621815726991896,10.0,1.2178016109894885,29.432650133714645,445,False,False,False,False,t1_stable_or_true_release,False,candidate_level_explanation_not_MLIP_consensus_validation
wbm-1-58757,Te10 Ti2,Te-Ti,2|Te-Ti,500,raw_only_requested_budget,0,3,0,3,False,-0.228066,True,-0.7171400000000006,True,labelable_current_MP_hull,stable_to_stable,False,False,False,False,False,0.579526,-0.579526,True,False,-0.60753,-0.6652,3,not_available_for_wbm_queue_chgnet_mace_missing,0,4.050112112583752,10.0,1.875624074609153,29.432650133714645,391,False,False,False,False,t1_stable_or_true_release,False,candidate_level_explanation_not_MLIP_consensus_validation
wbm-1-59200,Br10 V2,Br-V,2|Br-V,300,PARC_release,1,8,1,7,True,-0.330503,True,-1.1588279999999995,True,labelable_current_MP_hull,stable_to_stable,False,False,False,False,False,0.849275,-0.849275,True,False,-1.07791,-1.064,3,not_available_for_wbm_queue_chgnet_mace_missing,0,21.790625303724457,10.0,5.651511869009259,16.36323504953147,1,True,False,True,True,t1_stable_or_true_release,False,candidate_level_explanation_not_MLIP_consensus_validation
wbm-1-59200,Br10 V2,Br-V,2|Br-V,500,raw_only_requested_budget,0,8,0,8,False,-0.330503,True,-1.1588279999999995,True,labelable_current_MP_hull,stable_to_stable,False,False,False,False,False,0.849275,-0.849275,True,False,-1.07791,-1.064,3,not_available_for_wbm_queue_chgnet_mace_missing,0,21.790625303724457,10.0,3.390907121405556,29.432650133714645,8,True,False,True,True,t1_stable_or_true_release,False,candidate_level_explanation_not_MLIP_consensus_validation
wbm-1-59380,I10 V2,I-V,2|I-V,500,raw_only_requested_budget,0,4,0,4,False,-0.155593,True,-0.6223310000000009,True,labelable_current_MP_hull,stable_to_stable,False,False,False,False,False,0.581362,-0.581362,True,False,-0.61538,-0.564,3,not_available_for_wbm_queue_chgnet_mace_missing,0,4.049213506737862,10.0,3.390907121405556,39.685851537379705,346,False,False,False,False,t1_stable_or_true_release,False,candidate_level_explanation_not_MLIP_consensus_validation
wbm-1-59615,Te8 V2,Te-V,2|Te-V,500,raw_only_requested_budget,0,1,0,1,False,-0.153296,True,1.3234141739999998,False,labelable_current_MP_hull,stable_to_unstable,True,False,False,False,False,0.565514,-0.565514,True,True,-0.4725,-0.4768,3,not_available_for_wbm_queue_chgnet_mace_missing,1,3.1330243287399413,10.0,1.2178016109894885,29.432650133714645,422,False,False,False,False,ALIGNN_FF_disagrees_with_current_MP_label,False,candidate_level_explanation_not_MLIP_consensus_validation
wbm-1-59616,Te10 V2,Te-V,2|Te-V,500,raw_only_requested_budget,0,9,0,9,False,-0.199902,True,1.030688811666666,False,labelable_current_MP_hull,stable_to_unstable,True,False,False,False,False,0.597244,-0.597244,True,True,-0.31825,-0.4017,3,not_available_for_wbm_queue_chgnet_mace_missing,1,4.586875680264978,10.0,3.390907121405556,33.106904168958664,310,False,False,False,False,ALIGNN_FF_disagrees_with_current_MP_label,False,candidate_level_explanation_not_MLIP_consensus_validation
wbm-1-6237,Br6 Er2,Br-Er,2|Br-Er,300,PARC_release,17,17,17,0,True,-2.371134,True,-2.3711600000000037,True,labelable_current_MP_hull,stable_to_stable,False,False,False,False,False,2.792874,-2.792874,True,False,-2.27987,-2.2782,3,not_available_for_wbm_queue_chgnet_mace_missing,0,164.84325750151808,10.0,5.651511869009259,19.83000681704263,2,True,True,True,True,t1_stable_or_true_release,False,candidate_level_explanation_not_MLIP_consensus_validation
wbm-1-6237,Br6 Er2,Br-Er,2|Br-Er,500,PARC_release,17,17,17,0,True,-2.371134,True,-2.3711600000000037,True,labelable_current_MP_hull,stable_to_stable,False,False,False,False,False,2.792874,-2.792874,True,False,-2.27987,-2.2782,3,not_available_for_wbm_queue_chgnet_mace_missing,0,164.84325750151808,10.0,3.390907121405556,39.685851537379705,2,True,True,True,True,t1_stable_or_true_release,False,candidate_level_explanation_not_MLIP_consensus_validation
wbm-1-6238,Br6 Er2,Br-Er,2|Br-Er,300,PARC_release,17,17,17,0,True,-2.30994,True,-2.3099649999999983,True,labelable_current_MP_hull,stable_to_stable,False,False,False,False,False,2.299775,-2.299775,True,False,-2.06657,-1.9296,3,not_available_for_wbm_queue_chgnet_mace_missing,0,164.84325750151808,10.0,5.651511869009259,19.83000681704263,8,True,True,False,True,t1_stable_or_true_release,False,candidate_level_explanation_not_MLIP_consensus_validation
wbm-1-6238,Br6 Er2,Br-Er,2|Br-Er,500,PARC_release,17,17,17,0,True,-2.30994,True,-2.3099649999999983,True,labelable_current_MP_hull,stable_to_stable,False,False,False,False,False,2.299775,-2.299775,True,False,-2.06657,-1.9296,3,not_available_for_wbm_queue_chgnet_mace_missing,0,164.84325750151808,10.0,3.390907121405556,39.685851537379705,3,True,True,False,True,t1_stable_or_true_release,False,candidate_level_explanation_not_MLIP_consensus_validation
wbm-1-6239,Br6 Er2,Br-Er,2|Br-Er,300,PARC_release,17,17,17,0,True,-2.303959,True,-2.3039849999999973,True,labelable_current_MP_hull,stable_to_stable,False,False,False,False,False,2.736674,-2.736674,True,False,-2.2584500000000007,-2.2627,3,not_available_for_wbm_queue_chgnet_mace_missing,0,164.84325750151808,10.0,5.651511869009259,19.83000681704263,4,True,True,False,True,t1_stable_or_true_release,False,candidate_level_explanation_not_MLIP_consensus_validation
wbm-1-6239,Br6 Er2,Br-Er,2|Br-Er,500,PARC_release,17,17,17,0,True,-2.303959,True,-2.3039849999999973,True,labelable_current_MP_hull,stable_to_stable,False,False,False,False,False,2.736674,-2.736674,True,False,-2.2584500000000007,-2.2627,3,not_available_for_wbm_queue_chgnet_mace_missing,0,164.84325750151808,10.0,3.390907121405556,39.685851537379705,4,True,True,False,True,t1_stable_or_true_release,False,candidate_level_explanation_not_MLIP_consensus_validation
wbm-1-6267,Br6 I2,Br-I,2|Br-I,500,raw_only_requested_budget,0,4,0,4,False,-0.249214,True,-0.5276330000000016,True,labelable_current_MP_hull,stable_to_stable,False,False,False,False,False,0.5858809999999999,-0.5858809999999999,True,False,-0.4435499999999999,-0.3971,3,not_available_for_wbm_queue_chgnet_mace_missing,0,3.899432953096361,10.0,2.8648490519503174,39.685851537379705,353,False,False,False,False,t1_stable_or_true_release,False,candidate_level_explanation_not_MLIP_consensus_validation
wbm-1-6280,Br6 Pd2,Br-Pd,2|Br-Pd,300,raw_only_requested_budget,0,6,0,6,False,-0.136665,True,-0.6997190000000018,True,labelable_current_MP_hull,stable_to_stable,False,False,False,False,False,0.6641460000000001,-0.6641460000000001,True,False,-0.77003,-0.7078,3,not_available_for_wbm_queue_chgnet_mace_missing,0,6.599351864309193,10.0,5.651511869009259,12.674371754430824,133,True,True,True,True,t1_stable_or_true_release,False,candidate_level_explanation_not_MLIP_consensus_validation
wbm-1-6280,Br6 Pd2,Br-Pd,2|Br-Pd,500,raw_only_requested_budget,0,12,0,12,False,-0.136665,True,-0.6997190000000018,True,labelable_current_MP_hull,stable_to_stable,False,False,False,False,False,0.6641460000000001,-0.6641460000000001,True,False,-0.77003,-0.7078,3,not_available_for_wbm_queue_chgnet_mace_missing,0,6.906959060696608,10.0,3.390907121405556,33.106904168958664,170,True,True,True,True,t1_stable_or_true_release,False,candidate_level_explanation_not_MLIP_consensus_validation
wbm-1-6358,Br6 Sr2,Br-Sr,2|Br-Sr,300,raw_only_requested_budget,0,7,0,7,False,0.054019,False,3.169749645000003,False,labelable_current_MP_hull,unstable_to_unstable,True,False,False,False,False,0.771982,-0.771982,True,True,-1.9145,-1.7864,3,not_available_for_wbm_queue_chgnet_mace_missing,1,13.022274889386972,10.0,4.993083301746044,12.171561895162212,48,False,False,False,False,ALIGNN_FF_disagrees_with_current_MP_label,False,candidate_level_explanation_not_MLIP_consensus_validation
wbm-1-6358,Br6 Sr2,Br-Sr,2|Br-Sr,500,raw_only_requested_budget,0,7,0,7,False,0.054019,False,3.169749645000003,False,labelable_current_MP_hull,unstable_to_unstable,True,False,False,False,False,0.771982,-0.771982,True,True,-1.9145,-1.7864,3,not_available_for_wbm_queue_chgnet_mace_missing,1,13.022274889386972,10.0,2.9958499810476265,13.924506444478084,61,False,False,False,False,ALIGNN_FF_disagrees_with_current_MP_label,False,candidate_level_explanation_not_MLIP_consensus_validation
wbm-1-6380,Br6 Yb2,Br-Yb,2|Br-Yb,300,PARC_release,3,11,3,8,True,-0.01169,True,,False,unresolved_current_MP_missing_element_reference,stable_to_unresolved,True,True,False,True,False,0.8481609999999999,-0.8481609999999999,True,True,-2.02909,-1.9319,3,not_available_for_wbm_queue_chgnet_mace_missing,1,20.041005483329933,10.0,5.651511869009259,12.171561895162212,4,False,False,False,False,unresolved_current_MP_hull_reference,False,candidate_level_explanation_not_MLIP_consensus_validation
wbm-1-6380,Br6 Yb2,Br-Yb,2|Br-Yb,500,raw_only_requested_budget,0,11,0,11,False,-0.01169,True,,False,unresolved_current_MP_missing_element_reference,stable_to_unresolved,True,True,False,True,False,0.8481609999999999,-0.8481609999999999,True,True,-2.02909,-1.9319,3,not_available_for_wbm_queue_chgnet_mace_missing,1,20.041005483329933,10.0,3.390907121405556,11.493608026395536,9,False,False,False,False,unresolved_current_MP_hull_reference,False,candidate_level_explanation_not_MLIP_consensus_validation
wbm-1-6381,Br6 Yb2,Br-Yb,2|Br-Yb,500,raw_only_requested_budget,0,3,0,3,False,0.055258,False,,False,unresolved_current_MP_missing_element_reference,unstable_to_unresolved,True,False,False,False,False,0.5717610000000002,-0.5717610000000002,True,True,-1.66182,-1.7618,3,not_available_for_wbm_queue_chgnet_mace_missing,1,3.590371789108786,10.0,3.390907121405556,11.493608026395536,377,False,False,False,False,unresolved_current_MP_hull_reference,False,candidate_level_explanation_not_MLIP_consensus_validation
wbm-1-6397,Br8 Ce2,Br-Ce,2|Br-Ce,300,PARC_release,2,10,2,8,True,-0.18754,True,-2.048099999999998,True,labelable_current_MP_hull,stable_to_stable,False,False,False,False,False,0.8598400000000004,-0.8598400000000004,True,False,-2.08511,-2.0376,3,not_available_for_wbm_queue_chgnet_mace_missing,0,29.80583811480544,10.0,4.883345207202175,19.83000681704263,6,True,True,True,True,t1_stable_or_true_release,False,candidate_level_explanation_not_MLIP_consensus_validation
wbm-1-6397,Br8 Ce2,Br-Ce,2|Br-Ce,500,raw_only_requested_budget,0,10,0,10,False,-0.18754,True,-2.048099999999998,True,labelable_current_MP_hull,stable_to_stable,False,False,False,False,False,0.8598400000000004,-0.8598400000000004,True,False,-2.08511,-2.0376,3,not_available_for_wbm_queue_chgnet_mace_missing,0,29.80583811480544,10.0,2.930007124321305,39.685851537379705,5,True,True,True,True,t1_stable_or_true_release,False,candidate_level_explanation_not_MLIP_consensus_validation
wbm-1-6398,Br8 Ce2,Br-Ce,2|Br-Ce,300,PARC_release,6,10,6,4,True,-0.188298,True,-2.0488580000000027,True,labelable_current_MP_hull,stable_to_stable,False,False,False,False,False,0.91244,-0.91244,True,False,-2.10154,-2.0393,3,not_available_for_wbm_queue_chgnet_mace_missing,0,40.05234125627107,10.0,4.883345207202175,19.83000681704263,3,True,True,True,True,t1_stable_or_true_release,False,candidate_level_explanation_not_MLIP_consensus_validation
wbm-1-6398,Br8 Ce2,Br-Ce,2|Br-Ce,500,PARC_release,2,10,2,8,True,-0.188298,True,-2.0488580000000027,True,labelable_current_MP_hull,stable_to_stable,False,False,False,False,False,0.91244,-0.91244,True,False,-2.10154,-2.0393,3,not_available_for_wbm_queue_chgnet_mace_missing,0,40.05234125627107,10.0,2.930007124321305,39.685851537379705,3,True,True,True,True,t1_stable_or_true_release,False,candidate_level_explanation_not_MLIP_consensus_validation
wbm-1-6404,Br8 Dy2,Br-Dy,2|Br-Dy,300,raw_only_requested_budget,0,10,0,10,False,-0.073443,True,-1.9263350000000017,True,labelable_current_MP_hull,stable_to_stable,False,False,False,False,False,0.735908,-0.735908,True,False,-1.95997,-2.0394,3,not_available_for_wbm_queue_chgnet_mace_missing,0,10.493075434558586,10.0,5.157690443561848,16.36323504953147,41,False,False,False,False,t1_stable_or_true_release,False,candidate_level_explanation_not_MLIP_consensus_validation
wbm-1-6404,Br8 Dy2,Br-Dy,2|Br-Dy,500,raw_only_requested_budget,0,10,0,10,False,-0.073443,True,-1.9263350000000017,True,labelable_current_MP_hull,stable_to_stable,False,False,False,False,False,0.735908,-0.735908,True,False,-1.95997,-2.0394,3,not_available_for_wbm_queue_chgnet_mace_missing,0,10.493075434558586,10.0,3.094614266137109,29.432650133714645,94,False,False,False,False,t1_stable_or_true_release,False,candidate_level_explanation_not_MLIP_consensus_validation
wbm-1-6405,Br8 Dy2,Br-Dy,2|Br-Dy,300,raw_only_requested_budget,0,10,0,10,False,-0.005934,True,-1.858825000000003,True,labelable_current_MP_hull,stable_to_stable,False,True,False,True,False,0.751009,-0.751009,True,False,-1.98033,-2.0715,3,not_available_for_wbm_queue_chgnet_mace_missing,0,10.910795361857884,10.0,5.157690443561848,16.36323504953147,24,False,False,False,False,t1_stable_or_true_release,False,candidate_level_explanation_not_MLIP_consensus_validation
wbm-1-6405,Br8 Dy2,Br-Dy,2|Br-Dy,500,raw_only_requested_budget,0,10,0,10,False,-0.005934,True,-1.858825000000003,True,labelable_current_MP_hull,stable_to_stable,False,True,False,True,False,0.751009,-0.751009,True,False,-1.98033,-2.0715,3,not_available_for_wbm_queue_chgnet_mace_missing,0,10.910795361857884,10.0,3.094614266137109,29.432650133714645,80,False,False,False,False,t1_stable_or_true_release,False,candidate_level_explanation_not_MLIP_consensus_validation
wbm-1-6406,Br8 Er2,Br-Er,2|Br-Er,300,PARC_release,17,17,17,0,True,-1.908747,True,-1.908774000000001,True,labelable_current_MP_hull,stable_to_stable,False,False,False,False,False,2.563573,-2.563573,True,False,-1.91804,-2.0215,3,not_available_for_wbm_queue_chgnet_mace_missing,0,164.84325750151808,10.0,5.651511869009259,19.83000681704263,9,False,False,False,False,t1_stable_or_true_release,False,candidate_level_explanation_not_MLIP_consensus_validation
wbm-1-6406,Br8 Er2,Br-Er,2|Br-Er,500,PARC_release,17,17,17,0,True,-1.908747,True,-1.908774000000001,True,labelable_current_MP_hull,stable_to_stable,False,False,False,False,False,2.563573,-2.563573,True,False,-1.91804,-2.0215,3,not_available_for_wbm_queue_chgnet_mace_missing,0,164.84325750151808,10.0,3.390907121405556,39.685851537379705,1,False,False,False,False,t1_stable_or_true_release,False,candidate_level_explanation_not_MLIP_consensus_validation
wbm-1-6407,Br8 Er2,Br-Er,2|Br-Er,300,PARC_release,17,17,17,0,True,-1.839014,True,-1.8390410000000017,True,labelable_current_MP_hull,stable_to_stable,False,False,False,False,False,2.5557730000000003,-2.5557730000000003,True,False,-1.9336100000000005,-2.049,3,not_available_for_wbm_queue_chgnet_mace_missing,0,164.84325750151808,10.0,5.651511869009259,19.83000681704263,10,False,False,False,False,t1_stable_or_true_release,False,candidate_level_explanation_not_MLIP_consensus_validation
wbm-1-6407,Br8 Er2,Br-Er,2|Br-Er,500,PARC_release,17,17,17,0,True,-1.839014,True,-1.8390410000000017,True,labelable_current_MP_hull,stable_to_stable,False,False,False,False,False,2.5557730000000003,-2.5557730000000003,True,False,-1.9336100000000005,-2.049,3,not_available_for_wbm_queue_chgnet_mace_missing,0,164.84325750151808,10.0,3.390907121405556,39.685851537379705,4,False,False,False,False,t1_stable_or_true_release,False,candidate_level_explanation_not_MLIP_consensus_validation
wbm-1-6408,Br8 Eu2,Br-Eu,2|Br-Eu,300,raw_only_requested_budget,0,2,0,2,False,-0.095968,True,8.061784049999986,False,labelable_current_MP_hull,stable_to_unstable,True,False,False,False,False,0.6524730000000001,-0.6524730000000001,True,True,-1.5553400000000002,-1.6002,3,not_available_for_wbm_queue_chgnet_mace_missing,1,5.934681507496319,10.0,2.195811353831729,19.83000681704263,219,True,False,True,True,ALIGNN_FF_disagrees_with_current_MP_label,False,candidate_level_explanation_not_MLIP_consensus_validation
wbm-1-6408,Br8 Eu2,Br-Eu,2|Br-Eu,500,raw_only_requested_budget,0,12,0,12,False,-0.095968,True,8.061784049999986,False,labelable_current_MP_hull,stable_to_unstable,True,False,False,False,False,0.6524730000000001,-0.6524730000000001,True,True,-1.5553400000000002,-1.6002,3,not_available_for_wbm_queue_chgnet_mace_missing,1,6.449904186024537,10.0,3.390907121405556,39.685851537379705,192,True,False,True,True,ALIGNN_FF_disagrees_with_current_MP_label,False,candidate_level_explanation_not_MLIP_consensus_validation
wbm-1-6409,Br8 Eu2,Br-Eu,2|Br-Eu,500,raw_only_requested_budget,0,8,0,8,False,-0.083819,True,8.07393204999999,False,labelable_current_MP_hull,stable_to_unstable,True,False,False,False,False,0.6008720000000001,-0.6008720000000001,True,True,-1.5292400000000002,-1.5717,3,not_available_for_wbm_queue_chgnet_mace_missing,1,4.727915587350588,10.0,3.390907121405556,39.685851537379705,303,False,False,False,False,ALIGNN_FF_disagrees_with_current_MP_label,False,candidate_level_explanation_not_MLIP_consensus_validation
wbm-1-6410,Br8 Gd2,Br-Gd,2|Br-Gd,300,raw_only_requested_budget,0,12,0,12,False,-0.03382,True,-1.938884999999999,True,labelable_current_MP_hull,stable_to_stable,False,False,False,True,False,0.7188349999999999,-0.7188349999999999,True,False,-1.9962200000000003,-2.0257,3,not_available_for_wbm_queue_chgnet_mace_missing,0,9.121010416574991,10.0,5.273725046222098,12.674371754430824,68,False,False,False,False,t1_stable_or_true_release,False,candidate_level_explanation_not_MLIP_consensus_validation
wbm-1-6410,Br8 Gd2,Br-Gd,2|Br-Gd,500,raw_only_requested_budget,0,12,0,12,False,-0.03382,True,-1.938884999999999,True,labelable_current_MP_hull,stable_to_stable,False,False,False,True,False,0.7188349999999999,-0.7188349999999999,True,False,-1.9962200000000003,-2.0257,3,not_available_for_wbm_queue_chgnet_mace_missing,0,9.121010416574991,10.0,3.164235027733259,33.106904168958664,116,False,False,False,False,t1_stable_or_true_release,False,candidate_level_explanation_not_MLIP_consensus_validation
wbm-1-6411,Br8 Gd2,Br-Gd,2|Br-Gd,300,raw_only_requested_budget,0,12,0,12,False,0.026413,False,-1.8786520000000024,True,labelable_current_MP_hull,unstable_to_stable,False,False,False,True,False,0.7549350000000001,-0.7549350000000001,True,False,-2.02022,-2.0507,3,not_available_for_wbm_queue_chgnet_mace_missing,0,11.871414913541855,10.0,5.273725046222098,12.674371754430824,17,False,False,False,False,t1_stable_or_true_release,False,candidate_level_explanation_not_MLIP_consensus_validation
wbm-1-6411,Br8 Gd2,Br-Gd,2|Br-Gd,500,raw_only_requested_budget,0,12,0,12,False,0.026413,False,-1.8786520000000024,True,labelable_current_MP_hull,unstable_to_stable,False,False,False,True,False,0.7549350000000001,-0.7549350000000001,True,False,-2.02022,-2.0507,3,not_available_for_wbm_queue_chgnet_mace_missing,0,11.871414913541855,10.0,3.164235027733259,33.106904168958664,72,False,False,False,False,t1_stable_or_true_release,False,candidate_level_explanation_not_MLIP_consensus_validation
wbm-1-6415,Br8 Ho2,Br-Ho,2|Br-Ho,300,raw_only_requested_budget,0,9,0,9,False,-0.07457,True,-1.917389,True,labelable_current_MP_hull,stable_to_stable,False,False,False,False,False,0.7207810000000001,-0.7207810000000001,True,False,-1.91804,-2.0322,3,not_available_for_wbm_queue_chgnet_mace_missing,0,9.121010416574991,10.0,5.273725046222098,19.83000681704263,92,False,False,False,False,t1_stable_or_true_release,False,candidate_level_explanation_not_MLIP_consensus_validation
wbm-1-6415,Br8 Ho2,Br-Ho,2|Br-Ho,500,raw_only_requested_budget,0,10,0,10,False,-0.07457,True,-1.917389,True,labelable_current_MP_hull,stable_to_stable,False,False,False,False,False,0.7207810000000001,-0.7207810000000001,True,False,-1.91804,-2.0322,3,not_available_for_wbm_queue_chgnet_mace_missing,0,9.121010416574991,10.0,3.164235027733259,39.685851537379705,117,False,False,False,False,t1_stable_or_true_release,False,candidate_level_explanation_not_MLIP_consensus_validation
wbm-1-6416,Br8 Ho2,Br-Ho,2|Br-Ho,300,raw_only_requested_budget,0,9,0,9,False,-0.006043,True,-1.848861999999997,True,labelable_current_MP_hull,stable_to_stable,False,True,False,True,False,0.7129810000000001,-0.7129810000000001,True,False,-1.9336100000000005,-2.0638,3,not_available_for_wbm_queue_chgnet_mace_missing,0,9.121010416574991,10.0,5.273725046222098,19.83000681704263,103,False,False,False,False,t1_stable_or_true_release,False,candidate_level_explanation_not_MLIP_consensus_validation
wbm-1-6416,Br8 Ho2,Br-Ho,2|Br-Ho,500,raw_only_requested_budget,0,10,0,10,False,-0.006043,True,-1.848861999999997,True,labelable_current_MP_hull,stable_to_stable,False,True,False,True,False,0.7129810000000001,-0.7129810000000001,True,False,-1.9336100000000005,-2.0638,3,not_available_for_wbm_queue_chgnet_mace_missing,0,9.121010416574991,10.0,3.164235027733259,39.685851537379705,128,False,False,False,False,t1_stable_or_true_release,False,candidate_level_explanation_not_MLIP_consensus_validation
wbm-1-6423,Br8 La2,Br-La,2|Br-La,300,raw_only_requested_budget,0,12,0,12,False,-0.000477,True,-1.989286,True,labelable_current_MP_hull,stable_to_stable,False,True,False,True,False,0.7841910000000001,-0.7841910000000001,True,False,-2.10154,-2.0346,3,not_available_for_wbm_queue_chgnet_mace_missing,0,14.441395685142556,10.0,5.651511869009259,19.83000681704263,23,False,False,False,False,t1_stable_or_true_release,False,candidate_level_explanation_not_MLIP_consensus_validation
wbm-1-6423,Br8 La2,Br-La,2|Br-La,500,raw_only_requested_budget,0,12,0,12,False,-0.000477,True,-1.989286,True,labelable_current_MP_hull,stable_to_stable,False,True,False,True,False,0.7841910000000001,-0.7841910000000001,True,False,-2.10154,-2.0346,3,not_available_for_wbm_queue_chgnet_mace_missing,0,14.441395685142556,10.0,3.390907121405556,39.685851537379705,48,False,False,False,False,t1_stable_or_true_release,False,candidate_level_explanation_not_MLIP_consensus_validation
wbm-1-6424,Br8 Lu2,Br-Lu,2|Br-Lu,300,raw_only_requested_budget,0,10,0,10,False,-0.054862,True,-1.877165000000005,True,labelable_current_MP_hull,stable_to_stable,False,False,False,False,False,0.7307970000000001,-0.7307970000000001,True,False,-1.89909,-1.9714,3,not_available_for_wbm_queue_chgnet_mace_missing,0,9.421999145266588,10.0,5.651511869009259,12.674371754430824,69,False,False,False,False,t1_stable_or_true_release,False,candidate_level_explanation_not_MLIP_consensus_validation
wbm-1-6424,Br8 Lu2,Br-Lu,2|Br-Lu,500,raw_only_requested_budget,0,10,0,10,False,-0.054862,True,-1.877165000000005,True,labelable_current_MP_hull,stable_to_stable,False,False,False,False,False,0.7307970000000001,-0.7307970000000001,True,False,-1.89909,-1.9714,3,not_available_for_wbm_queue_chgnet_mace_missing,0,9.421999145266588,10.0,3.390907121405556,33.106904168958664,97,False,False,False,False,t1_stable_or_true_release,False,candidate_level_explanation_not_MLIP_consensus_validation
wbm-1-6425,Br8 Lu2,Br-Lu,2|Br-Lu,300,raw_only_requested_budget,0,9,0,9,False,0.01868,False,-1.8036230000000015,True,labelable_current_MP_hull,unstable_to_stable,False,True,False,True,False,0.7112969999999998,-0.7112969999999998,True,False,-1.91227,-1.9848,3,not_available_for_wbm_queue_chgnet_mace_missing,0,8.309316895894764,10.0,5.651511869009259,12.674371754430824,91,False,False,False,False,t1_stable_or_true_release,False,candidate_level_explanation_not_MLIP_consensus_validation
wbm-1-6425,Br8 Lu2,Br-Lu,2|Br-Lu,500,raw_only_requested_budget,0,10,0,10,False,0.01868,False,-1.8036230000000015,True,labelable_current_MP_hull,unstable_to_stable,False,True,False,True,False,0.7112969999999998,-0.7112969999999998,True,False,-1.91227,-1.9848,3,not_available_for_wbm_queue_chgnet_mace_missing,0,8.309316895894764,10.0,3.390907121405556,33.106904168958664,124,False,False,False,False,t1_stable_or_true_release,False,candidate_level_explanation_not_MLIP_consensus_validation
wbm-1-6428,Br8 Nd2,Br-Nd,2|Br-Nd,300,PARC_release,1,10,1,9,True,0.000381,False,-1.898441999999996,True,labelable_current_MP_hull,unstable_to_stable,False,True,False,True,False,0.7914770000000002,-0.7914770000000002,True,False,-2.02664,-2.0182,3,not_available_for_wbm_queue_chgnet_mace_missing,0,15.262653700560776,10.0,5.157690443561848,19.83000681704263,18,False,False,False,False,t1_stable_or_true_release,False,candidate_level_explanation_not_MLIP_consensus_validation
wbm-1-6428,Br8 Nd2,Br-Nd,2|Br-Nd,500,raw_only_requested_budget,0,10,0,10,False,0.000381,False,-1.898441999999996,True,labelable_current_MP_hull,unstable_to_stable,False,True,False,True,False,0.7914770000000002,-0.7914770000000002,True,False,-2.02664,-2.0182,3,not_available_for_wbm_queue_chgnet_mace_missing,0,15.262653700560776,10.0,3.094614266137109,39.685851537379705,66,False,False,False,False,t1_stable_or_true_release,False,candidate_level_explanation_not_MLIP_consensus_validation
wbm-1-6431,Br8 Pb2,Br-Pb,2|Br-Pb,300,raw_only_requested_budget,0,9,0,9,False,-0.130446,True,-0.9400719999999936,True,labelable_current_MP_hull,stable_to_stable,False,False,False,False,False,0.7119740000000001,-0.7119740000000001,True,False,-0.94972,-0.7658,3,not_available_for_wbm_queue_chgnet_mace_missing,0,8.82236270621361,10.0,5.651511869009259,12.171561895162212,78,False,False,False,False,t1_stable_or_true_release,False,candidate_level_explanation_not_MLIP_consensus_validation
wbm-1-6431,Br8 Pb2,Br-Pb,2|Br-Pb,500,raw_only_requested_budget,0,9,0,9,False,-0.130446,True,-0.9400719999999936,True,labelable_current_MP_hull,stable_to_stable,False,False,False,False,False,0.7119740000000001,-0.7119740000000001,True,False,-0.94972,-0.7658,3,not_available_for_wbm_queue_chgnet_mace_missing,0,8.82236270621361,10.0,3.390907121405556,11.493608026395536,123,False,False,False,False,t1_stable_or_true_release,False,candidate_level_explanation_not_MLIP_consensus_validation
wbm-1-6435,Br8 Pr2,Br-Pr,2|Br-Pr,300,raw_only_requested_budget,0,8,0,8,False,-0.005811,True,-1.9040710000000016,True,labelable_current_MP_hull,stable_to_stable,False,True,False,True,False,0.7982399999999998,-0.7982399999999998,True,False,-2.0334,-1.9858,3,not_available_for_wbm_queue_chgnet_mace_missing,0,14.421678661637175,10.0,4.993083301746044,19.83000681704263,10,False,False,False,False,t1_stable_or_true_release,False,candidate_level_explanation_not_MLIP_consensus_validation
wbm-1-6435,Br8 Pr2,Br-Pr,2|Br-Pr,500,raw_only_requested_budget,0,8,0,8,False,-0.005811,True,-1.9040710000000016,True,labelable_current_MP_hull,stable_to_stable,False,True,False,True,False,0.7982399999999998,-0.7982399999999998,True,False,-2.0334,-1.9858,3,not_available_for_wbm_queue_chgnet_mace_missing,0,14.421678661637175,10.0,2.9958499810476265,39.685851537379705,44,False,False,False,False,t1_stable_or_true_release,False,candidate_level_explanation_not_MLIP_consensus_validation
wbm-1-6436,Br8 Pu2,Br-Pu,2|Br-Pu,300,raw_only_requested_budget,0,11,0,11,False,-0.128597,True,-1.754550000000009,True,labelable_current_MP_hull,stable_to_stable,False,False,False,False,False,0.7861470000000002,-0.7861470000000002,True,False,-2.00653,-1.7196,3,not_available_for_wbm_queue_chgnet_mace_missing,0,13.68329748526944,10.0,5.651511869009259,19.83000681704263,19,False,False,False,False,t1_stable_or_true_release,False,candidate_level_explanation_not_MLIP_consensus_validation
wbm-1-6436,Br8 Pu2,Br-Pu,2|Br-Pu,500,raw_only_requested_budget,0,11,0,11,False,-0.128597,True,-1.754550000000009,True,labelable_current_MP_hull,stable_to_stable,False,False,False,False,False,0.7861470000000002,-0.7861470000000002,True,False,-2.00653,-1.7196,3,not_available_for_wbm_queue_chgnet_mace_missing,0,13.68329748526944,10.0,3.390907121405556,39.685851537379705,44,False,False,False,False,t1_stable_or_true_release,False,candidate_level_explanation_not_MLIP_consensus_validation
wbm-1-6437,Br8 Pu2,Br-Pu,2|Br-Pu,300,raw_only_requested_budget,0,11,0,11,False,-0.123477,True,-1.7494300000000038,True,labelable_current_MP_hull,stable_to_stable,False,False,False,False,False,0.7863470000000001,-0.7863470000000001,True,False,-2.01551,-1.8186,3,not_available_for_wbm_queue_chgnet_mace_missing,0,13.68329748526944,10.0,5.651511869009259,19.83000681704263,18,False,False,False,False,t1_stable_or_true_release,False,candidate_level_explanation_not_MLIP_consensus_validation
wbm-1-6437,Br8 Pu2,Br-Pu,2|Br-Pu,500,raw_only_requested_budget,0,11,0,11,False,-0.123477,True,-1.7494300000000038,True,labelable_current_MP_hull,stable_to_stable,False,False,False,False,False,0.7863470000000001,-0.7863470000000001,True,False,-2.01551,-1.8186,3,not_available_for_wbm_queue_chgnet_mace_missing,0,13.68329748526944,10.0,3.390907121405556,39.685851537379705,43,False,False,False,False,t1_stable_or_true_release,False,candidate_level_explanation_not_MLIP_consensus_validation
wbm-1-6454,Br8 Sm2,Br-Sm,2|Br-Sm,300,raw_only_requested_budget,0,11,0,11,False,5.5e-05,False,-1.887110999999997,True,labelable_current_MP_hull,unstable_to_stable,False,True,False,True,False,0.7728340000000002,-0.7728340000000002,True,False,-2.02022,-2.0659,3,not_available_for_wbm_queue_chgnet_mace_missing,0,13.022274889386972,10.0,5.651511869009259,19.83000681704263,36,False,False,False,False,t1_stable_or_true_release,False,candidate_level_explanation_not_MLIP_consensus_validation
wbm-1-6454,Br8 Sm2,Br-Sm,2|Br-Sm,500,raw_only_requested_budget,0,11,0,11,False,5.5e-05,False,-1.887110999999997,True,labelable_current_MP_hull,unstable_to_stable,False,True,False,True,False,0.7728340000000002,-0.7728340000000002,True,False,-2.02022,-2.0659,3,not_available_for_wbm_queue_chgnet_mace_missing,0,13.022274889386972,10.0,3.390907121405556,39.685851537379705,58,False,False,False,False,t1_stable_or_true_release,False,candidate_level_explanation_not_MLIP_consensus_validation
wbm-1-6460,Br8 Sr2,Br-Sr,2|Br-Sr,300,raw_only_requested_budget,0,7,0,7,False,-0.237261,True,2.2553179160000028,False,labelable_current_MP_hull,stable_to_unstable,True,False,False,False,False,0.82134,-0.82134,True,True,-1.50486,-1.3524,3,not_available_for_wbm_queue_chgnet_mace_missing,1,17.3301600176195,10.0,4.993083301746044,12.171561895162212,15,True,True,True,True,ALIGNN_FF_disagrees_with_current_MP_label,False,candidate_level_explanation_not_MLIP_consensus_validation
wbm-1-6460,Br8 Sr2,Br-Sr,2|Br-Sr,500,raw_only_requested_budget,0,7,0,7,False,-0.237261,True,2.2553179160000028,False,labelable_current_MP_hull,stable_to_unstable,True,False,False,False,False,0.82134,-0.82134,True,True,-1.50486,-1.3524,3,not_available_for_wbm_queue_chgnet_mace_missing,1,17.3301600176195,10.0,2.9958499810476265,13.924506444478084,28,True,True,True,True,ALIGNN_FF_disagrees_with_current_MP_label,False,candidate_level_explanation_not_MLIP_consensus_validation
wbm-1-6461,Br8 Sr2,Br-Sr,2|Br-Sr,300,raw_only_requested_budget,0,7,0,7,False,-0.161811,True,2.330767915999999,False,labelable_current_MP_hull,stable_to_unstable,True,False,False,False,False,0.7423399999999998,-0.7423399999999998,True,True,-1.47747,-1.3661,3,not_available_for_wbm_queue_chgnet_mace_missing,1,10.500196984850524,10.0,4.993083301746044,12.171561895162212,74,True,True,False,True,ALIGNN_FF_disagrees_with_current_MP_label,False,candidate_level_explanation_not_MLIP_consensus_validation
wbm-1-6461,Br8 Sr2,Br-Sr,2|Br-Sr,500,raw_only_requested_budget,0,7,0,7,False,-0.161811,True,2.330767915999999,False,labelable_current_MP_hull,stable_to_unstable,True,False,False,False,False,0.7423399999999998,-0.7423399999999998,True,True,-1.47747,-1.3661,3,not_available_for_wbm_queue_chgnet_mace_missing,1,10.500196984850524,10.0,2.9958499810476265,13.924506444478084,87,True,True,False,True,ALIGNN_FF_disagrees_with_current_MP_label,False,candidate_level_explanation_not_MLIP_consensus_validation
wbm-1-6464,Br8 Tb2,Br-Tb,2|Br-Tb,300,raw_only_requested_budget,0,11,0,11,False,-0.014424,True,-1.868027000000005,True,labelable_current_MP_hull,stable_to_stable,False,True,False,True,False,0.7691969999999997,-0.7691969999999997,True,False,-1.9681,-2.0794,3,not_available_for_wbm_queue_chgnet_mace_missing,0,13.022274889386972,10.0,5.651511869009259,19.83000681704263,40,False,False,False,False,t1_stable_or_true_release,False,candidate_level_explanation_not_MLIP_consensus_validation
wbm-1-6464,Br8 Tb2,Br-Tb,2|Br-Tb,500,raw_only_requested_budget,0,11,0,11,False,-0.014424,True,-1.868027000000005,True,labelable_current_MP_hull,stable_to_stable,False,True,False,True,False,0.7691969999999997,-0.7691969999999997,True,False,-1.9681,-2.0794,3,not_available_for_wbm_queue_chgnet_mace_missing,0,13.022274889386972,10.0,3.390907121405556,39.685851537379705,63,False,False,False,False,t1_stable_or_true_release,False,candidate_level_explanation_not_MLIP_consensus_validation
wbm-1-6465,Br8 Tm2,Br-Tm,2|Br-Tm,300,raw_only_requested_budget,0,8,0,8,False,-0.062807,True,-1.898420999999999,True,labelable_current_MP_hull,stable_to_stable,False,False,False,False,False,0.694386,-0.694386,True,False,-1.88585,-2.0001,3,not_available_for_wbm_queue_chgnet_mace_missing,0,7.075164301635225,10.0,4.993083301746044,12.171561895162212,121,False,False,False,False,t1_stable_or_true_release,False,candidate_level_explanation_not_MLIP_consensus_validation
wbm-1-6465,Br8 Tm2,Br-Tm,2|Br-Tm,500,raw_only_requested_budget,0,10,0,10,False,-0.062807,True,-1.898420999999999,True,labelable_current_MP_hull,stable_to_stable,False,False,False,False,False,0.694386,-0.694386,True,False,-1.88585,-2.0001,3,not_available_for_wbm_queue_chgnet_mace_missing,0,7.846167941986419,10.0,3.094614266137109,12.726465504194358,134,False,False,False,False,t1_stable_or_true_release,False,candidate_level_explanation_not_MLIP_consensus_validation
wbm-1-6466,Br8 Tm2,Br-Tm,2|Br-Tm,300,raw_only_requested_budget,0,7,0,7,False,0.008113,False,-1.827500999999998,True,labelable_current_MP_hull,unstable_to_stable,False,True,False,True,False,0.6871860000000001,-0.6871860000000001,True,False,-1.89447,-2.023,3,not_available_for_wbm_queue_chgnet_mace_missing,0,6.751622745347801,10.0,4.993083301746044,12.171561895162212,127,False,False,False,False,t1_stable_or_true_release,False,candidate_level_explanation_not_MLIP_consensus_validation
wbm-1-6466,Br8 Tm2,Br-Tm,2|Br-Tm,500,raw_only_requested_budget,0,10,0,10,False,0.008113,False,-1.827500999999998,True,labelable_current_MP_hull,unstable_to_stable,False,True,False,True,False,0.6871860000000001,-0.6871860000000001,True,False,-1.89447,-2.023,3,not_available_for_wbm_queue_chgnet_mace_missing,0,7.2523803428846385,10.0,3.094614266137109,12.726465504194358,140,False,False,False,False,t1_stable_or_true_release,False,candidate_level_explanation_not_MLIP_consensus_validation
wbm-1-6469,Br8 Yb2,Br-Yb,2|Br-Yb,500,raw_only_requested_budget,0,11,0,11,False,-0.205198,True,,False,unresolved_current_MP_missing_element_reference,stable_to_unresolved,True,False,False,False,False,0.6236430000000002,-0.6236430000000002,True,True,-1.34821,-1.4586,3,not_available_for_wbm_queue_chgnet_mace_missing,1,5.3970196914062205,10.0,3.390907121405556,11.493608026395536,245,False,False,False,False,unresolved_current_MP_hull_reference,False,candidate_level_explanation_not_MLIP_consensus_validation
wbm-1-6470,Br8 Yb2,Br-Yb,2|Br-Yb,300,raw_only_requested_budget,0,6,0,6,False,-0.154653,True,,False,unresolved_current_MP_missing_element_reference,stable_to_unresolved,True,False,False,False,False,0.6750429999999998,-0.6750429999999998,True,True,-1.33155,-1.4512,3,not_available_for_wbm_queue_chgnet_mace_missing,1,6.452796028663617,10.0,5.651511869009259,12.171561895162212,118,False,False,False,False,unresolved_current_MP_hull_reference,False,candidate_level_explanation_not_MLIP_consensus_validation
wbm-1-6470,Br8 Yb2,Br-Yb,2|Br-Yb,500,raw_only_requested_budget,0,11,0,11,False,-0.154653,True,,False,unresolved_current_MP_missing_element_reference,stable_to_unresolved,True,False,False,False,False,0.6750429999999998,-0.6750429999999998,True,True,-1.33155,-1.4512,3,not_available_for_wbm_queue_chgnet_mace_missing,1,7.075164301635225,10.0,3.390907121405556,11.493608026395536,166,False,False,False,False,unresolved_current_MP_hull_reference,False,candidate_level_explanation_not_MLIP_consensus_validation
wbm-1-6471,Br8 Y2,Br-Y,2|Br-Y,300,raw_only_requested_budget,0,11,0,11,False,-0.024177,True,-1.9273669999999967,True,labelable_current_MP_hull,stable_to_stable,False,True,False,True,False,0.7318099999999996,-0.7318099999999996,True,False,-1.89579,-2.038,3,not_available_for_wbm_queue_chgnet_mace_missing,0,9.42837977622825,10.0,5.273725046222098,12.171561895162212,70,False,False,False,False,t1_stable_or_true_release,False,candidate_level_explanation_not_MLIP_consensus_validation
wbm-1-6471,Br8 Y2,Br-Y,2|Br-Y,500,raw_only_requested_budget,0,11,0,11,False,-0.024177,True,-1.9273669999999967,True,labelable_current_MP_hull,stable_to_stable,False,True,False,True,False,0.7318099999999996,-0.7318099999999996,True,False,-1.89579,-2.038,3,not_available_for_wbm_queue_chgnet_mace_missing,0,9.42837977622825,10.0,3.164235027733259,13.924506444478084,95,False,False,False,False,t1_stable_or_true_release,False,candidate_level_explanation_not_MLIP_consensus_validation
wbm-1-6472,Br8 Y2,Br-Y,2|Br-Y,300,raw_only_requested_budget,0,10,0,10,False,0.044318,False,-1.858871999999998,True,labelable_current_MP_hull,unstable_to_stable,False,False,False,True,False,0.7151099999999999,-0.7151099999999999,True,False,-1.91153,-2.0694,3,not_available_for_wbm_queue_chgnet_mace_missing,0,9.121010416574991,10.0,5.273725046222098,12.171561895162212,97,False,False,False,False,t1_stable_or_true_release,False,candidate_level_explanation_not_MLIP_consensus_validation
wbm-1-6472,Br8 Y2,Br-Y,2|Br-Y,500,raw_only_requested_budget,0,11,0,11,False,0.044318,False,-1.858871999999998,True,labelable_current_MP_hull,unstable_to_stable,False,False,False,True,False,0.7151099999999999,-0.7151099999999999,True,False,-1.91153,-2.0694,3,not_available_for_wbm_queue_chgnet_mace_missing,0,9.121010416574991,10.0,3.164235027733259,13.924506444478084,119,False,False,False,False,t1_stable_or_true_release,False,candidate_level_explanation_not_MLIP_consensus_validation
wbm-1-6476,Br10 Hf2,Br-Hf,2|Br-Hf,300,raw_only_requested_budget,0,8,0,8,False,-0.042086,True,-1.6107349999999985,True,labelable_current_MP_hull,stable_to_stable,False,False,False,True,False,0.7148510000000001,-0.7148510000000001,True,False,-1.7516200000000002,-1.6932,3,not_available_for_wbm_queue_chgnet_mace_missing,0,9.121010416574991,10.0,5.651511869009259,12.674371754430824,85,True,True,True,True,t1_stable_or_true_release,False,candidate_level_explanation_not_MLIP_consensus_validation
wbm-1-6476,Br10 Hf2,Br-Hf,2|Br-Hf,500,raw_only_requested_budget,0,8,0,8,False,-0.042086,True,-1.6107349999999985,True,labelable_current_MP_hull,stable_to_stable,False,False,False,True,False,0.7148510000000001,-0.7148510000000001,True,False,-1.7516200000000002,-1.6932,3,not_available_for_wbm_queue_chgnet_mace_missing,0,9.121010416574991,10.0,3.390907121405556,33.106904168958664,123,True,True,True,True,t1_stable_or_true_release,False,candidate_level_explanation_not_MLIP_consensus_validation
wbm-1-6477,Br10 Sb2,Br-Sb,2|Br-Sb,500,raw_only_requested_budget,0,9,0,9,False,-0.091489,True,-0.8834489999999988,True,labelable_current_MP_hull,stable_to_stable,False,False,False,False,False,0.6368400000000001,-0.6368400000000001,True,False,-0.7501300000000001,-0.8519,3,not_available_for_wbm_queue_chgnet_mace_missing,0,5.600690700002019,10.0,3.164235027733259,33.106904168958664,264,False,False,False,False,t1_stable_or_true_release,False,candidate_level_explanation_not_MLIP_consensus_validation
wbm-1-6479,Br10 Zr2,Br-Zr,2|Br-Zr,300,raw_only_requested_budget,0,8,0,8,False,-0.039134,True,-1.5881929999999969,True,labelable_current_MP_hull,stable_to_stable,False,False,False,True,False,0.6997410000000002,-0.6997410000000002,True,False,-1.71597,-1.6425,3,not_available_for_wbm_queue_chgnet_mace_missing,0,7.846167941986419,10.0,5.651511869009259,19.83000681704263,87,False,False,False,False,t1_stable_or_true_release,False,candidate_level_explanation_not_MLIP_consensus_validation
wbm-1-6479,Br10 Zr2,Br-Zr,2|Br-Zr,500,raw_only_requested_budget,0,10,0,10,False,-0.039134,True,-1.5881929999999969,True,labelable_current_MP_hull,stable_to_stable,False,False,False,True,False,0.6997410000000002,-0.6997410000000002,True,False,-1.71597,-1.6425,3,not_available_for_wbm_queue_chgnet_mace_missing,0,7.846167941986419,10.0,3.390907121405556,39.685851537379705,145,False,False,False,False,t1_stable_or_true_release,False,candidate_level_explanation_not_MLIP_consensus_validation
wbm-1-6491,Br6 Mo1,Br-Mo,2|Br-Mo,300,PARC_release,1,11,1,10,True,-0.340295,True,-0.9352930000000016,True,labelable_current_MP_hull,stable_to_stable,False,False,False,False,False,0.7926019999999999,-0.7926019999999999,True,False,-0.94771,-0.866,3,not_available_for_wbm_queue_chgnet_mace_missing,0,15.262653700560776,10.0,5.273725046222098,19.83000681704263,15,True,False,True,True,t1_stable_or_true_release,False,candidate_level_explanation_not_MLIP_consensus_validation
wbm-1-6491,Br6 Mo1,Br-Mo,2|Br-Mo,500,raw_only_requested_budget,0,11,0,11,False,-0.340295,True,-0.9352930000000016,True,labelable_current_MP_hull,stable_to_stable,False,False,False,False,False,0.7926019999999999,-0.7926019999999999,True,False,-0.94771,-0.866,3,not_available_for_wbm_queue_chgnet_mace_missing,0,15.262653700560776,10.0,3.164235027733259,39.685851537379705,47,True,False,True,True,t1_stable_or_true_release,False,candidate_level_explanation_not_MLIP_consensus_validation
wbm-1-7396,C1 Gd4 I5,C-Gd-I,3|C-Gd,300,raw_only_requested_budget,0,2,0,2,False,-0.457468,True,-1.3351659999999868,True,labelable_current_MP_hull,stable_to_stable,False,False,False,False,False,0.675902,-0.675902,True,False,-1.28727,-1.3066,3,not_available_for_wbm_queue_chgnet_mace_missing,0,6.1766168351353485,10.0,3.785059061183545,2.276010269131288,185,False,False,False,False,t1_stable_or_true_release,False,candidate_level_explanation_not_MLIP_consensus_validation
wbm-1-7396,C1 Gd4 I5,C-Gd-I,3|C-Gd,500,raw_only_requested_budget,0,5,0,5,False,-0.457468,True,-1.3351659999999868,True,labelable_current_MP_hull,stable_to_stable,False,False,False,False,False,0.675902,-0.675902,True,False,-1.28727,-1.3066,3,not_available_for_wbm_queue_chgnet_mace_missing,0,7.079931517724868,10.0,3.164235027733259,7.78141055913941,198,False,False,False,False,t1_stable_or_true_release,False,candidate_level_explanation_not_MLIP_consensus_validation
wbm-1-8396,Br6 Ca2,Br-Ca,2|Br-Ca,300,raw_only_requested_budget,0,11,0,11,False,-0.014015,True,-1.857796999999998,True,labelable_current_MP_hull,stable_to_stable,False,True,False,True,False,0.839118,-0.839118,True,False,-2.0337300000000003,-1.7538,3,not_available_for_wbm_queue_chgnet_mace_missing,0,21.82066537094214,10.0,5.651511869009259,16.36323504953147,7,False,False,False,False,t1_stable_or_true_release,False,candidate_level_explanation_not_MLIP_consensus_validation
wbm-1-8396,Br6 Ca2,Br-Ca,2|Br-Ca,500,raw_only_requested_budget,0,11,0,11,False,-0.014015,True,-1.857796999999998,True,labelable_current_MP_hull,stable_to_stable,False,True,False,True,False,0.839118,-0.839118,True,False,-2.0337300000000003,-1.7538,3,not_available_for_wbm_queue_chgnet_mace_missing,0,21.82066537094214,10.0,3.390907121405556,33.106904168958664,34,False,False,False,False,t1_stable_or_true_release,False,candidate_level_explanation_not_MLIP_consensus_validation
wbm-1-8397,Br6 Ca2,Br-Ca,2|Br-Ca,500,raw_only_requested_budget,0,8,0,8,False,0.072713,False,-1.7710679999999996,True,labelable_current_MP_hull,unstable_to_stable,False,False,False,False,False,0.594619,-0.594619,True,False,-1.7228100000000002,-1.7334,3,not_available_for_wbm_queue_chgnet_mace_missing,0,4.586875680264978,10.0,3.390907121405556,33.106904168958664,314,False,False,False,False,t1_stable_or_true_release,False,candidate_level_explanation_not_MLIP_consensus_validation
wbm-1-8414,Br8 Ca2,Br-Ca,2|Br-Ca,500,raw_only_requested_budget,0,10,0,10,False,-0.203429,True,-1.6784600000000012,True,labelable_current_MP_hull,stable_to_stable,False,False,False,False,False,0.6110690000000001,-0.6110690000000001,True,False,-1.3578199999999998,-1.4391,3,not_available_for_wbm_queue_chgnet_mace_missing,0,4.806255682324473,10.0,3.390907121405556,33.106904168958664,275,False,False,False,False,t1_stable_or_true_release,False,candidate_level_explanation_not_MLIP_consensus_validation
wbm-1-8415,Br8 Ca2,Br-Ca,2|Br-Ca,300,raw_only_requested_budget,0,9,0,9,False,-0.14796,True,-1.622991000000006,True,labelable_current_MP_hull,stable_to_stable,False,False,False,False,False,0.7051690000000002,-0.7051690000000002,True,False,-1.31757,-1.4238,3,not_available_for_wbm_queue_chgnet_mace_missing,0,8.314929611426463,10.0,5.651511869009259,16.36323504953147,95,False,False,False,False,t1_stable_or_true_release,False,candidate_level_explanation_not_MLIP_consensus_validation
wbm-1-8415,Br8 Ca2,Br-Ca,2|Br-Ca,500,raw_only_requested_budget,0,11,0,11,False,-0.14796,True,-1.622991000000006,True,labelable_current_MP_hull,stable_to_stable,False,False,False,False,False,0.7051690000000002,-0.7051690000000002,True,False,-1.31757,-1.4238,3,not_available_for_wbm_queue_chgnet_mace_missing,0,8.314929611426463,10.0,3.390907121405556,33.106904168958664,143,False,False,False,False,t1_stable_or_true_release,False,candidate_level_explanation_not_MLIP_consensus_validation
wbm-1-9699,Cl11 Sb1,Cl-Sb,2|Cl-Sb,500,raw_only_requested_budget,0,10,0,10,False,-0.27851,True,2.0931126875,False,labelable_current_MP_hull,stable_to_unstable,True,False,False,False,False,0.597226,-0.597226,True,True,-0.4366,-1.2266,3,not_available_for_wbm_queue_chgnet_mace_missing,1,4.586875680264978,10.0,2.9958499810476265,39.685851537379705,327,False,False,False,False,ALIGNN_FF_disagrees_with_current_MP_label,False,candidate_level_explanation_not_MLIP_consensus_validation
wbm-1-9744,Cl8 Cs4,Cl-Cs,2|Cl-Cs,300,PARC_release,2,11,2,9,True,-0.179085,True,-1.6824099999999973,True,labelable_current_MP_hull,stable_to_stable,False,False,False,False,False,0.8166749999999998,-0.8166749999999998,True,False,-1.5113,-1.6128,3,not_available_for_wbm_queue_chgnet_mace_missing,0,17.3301600176195,10.0,5.651511869009259,16.36323504953147,13,True,True,False,True,t1_stable_or_true_release,False,candidate_level_explanation_not_MLIP_consensus_validation
wbm-1-9744,Cl8 Cs4,Cl-Cs,2|Cl-Cs,500,raw_only_requested_budget,0,11,0,11,False,-0.179085,True,-1.6824099999999973,True,labelable_current_MP_hull,stable_to_stable,False,False,False,False,False,0.8166749999999998,-0.8166749999999998,True,False,-1.5113,-1.6128,3,not_available_for_wbm_queue_chgnet_mace_missing,0,17.3301600176195,10.0,3.390907121405556,29.432650133714645,45,True,True,False,True,t1_stable_or_true_release,False,candidate_level_explanation_not_MLIP_consensus_validation
wbm-1-9828,Cl8 Rb4,Cl-Rb,2|Cl-Rb,300,raw_only_requested_budget,0,1,0,1,False,-0.166521,True,-1.6631389999999977,True,labelable_current_MP_hull,stable_to_stable,False,False,False,False,False,0.6547820000000002,-0.6547820000000002,True,False,-1.4635,-1.7179,3,not_available_for_wbm_queue_chgnet_mace_missing,0,4.724757558236893,10.0,2.0296693516491477,16.36323504953147,230,True,True,False,True,t1_stable_or_true_release,False,candidate_level_explanation_not_MLIP_consensus_validation
wbm-1-9828,Cl8 Rb4,Cl-Rb,2|Cl-Rb,500,raw_only_requested_budget,0,9,0,9,False,-0.166521,True,-1.6631389999999977,True,labelable_current_MP_hull,stable_to_stable,False,False,False,False,False,0.6547820000000002,-0.6547820000000002,True,False,-1.4635,-1.7179,3,not_available_for_wbm_queue_chgnet_mace_missing,0,6.449904186024537,10.0,3.164235027733259,29.432650133714645,184,True,True,False,True,t1_stable_or_true_release,False,candidate_level_explanation_not_MLIP_consensus_validation
wbm-1-9909,Br2 Cl6,Br-Cl,2|Br-Cl,500,raw_only_requested_budget,0,7,0,7,False,-0.216881,True,-0.4176779999999986,True,labelable_current_MP_hull,stable_to_stable,False,False,False,False,False,0.592103,-0.592103,True,False,-0.19157,-0.7902,3,not_available_for_wbm_queue_chgnet_mace_missing,0,4.271583347731171,10.0,2.8648490519503174,39.685851537379705,339,False,False,False,False,t1_stable_or_true_release,False,candidate_level_explanation_not_MLIP_consensus_validation
wbm-1-9925,Ca2 Cl6,Ca-Cl,2|Ca-Cl,300,raw_only_requested_budget,0,8,0,8,False,0.052934,False,0.8330241274999963,False,labelable_current_MP_hull,unstable_to_unstable,True,False,False,False,False,0.7624490000000002,-0.7624490000000002,True,True,-2.28752,-2.3922,3,not_available_for_wbm_queue_chgnet_mace_missing,1,11.35031420269853,10.0,5.273725046222098,19.83000681704263,61,False,False,False,False,ALIGNN_FF_disagrees_with_current_MP_label,False,candidate_level_explanation_not_MLIP_consensus_validation
wbm-1-9925,Ca2 Cl6,Ca-Cl,2|Ca-Cl,500,raw_only_requested_budget,0,8,0,8,False,0.052934,False,0.8330241274999963,False,labelable_current_MP_hull,unstable_to_unstable,True,False,False,False,False,0.7624490000000002,-0.7624490000000002,True,True,-2.28752,-2.3922,3,not_available_for_wbm_queue_chgnet_mace_missing,1,11.35031420269853,10.0,3.164235027733259,39.685851537379705,90,False,False,False,False,ALIGNN_FF_disagrees_with_current_MP_label,False,candidate_level_explanation_not_MLIP_consensus_validation
wbm-1-9926,Ca2 Cl6,Ca-Cl,2|Ca-Cl,300,raw_only_requested_budget,0,3,0,3,False,0.125079,False,0.9051691274999988,False,labelable_current_MP_hull,unstable_to_unstable,True,False,False,False,False,0.6550489999999995,-0.6550489999999995,True,True,-2.01575,-2.5765,3,not_available_for_wbm_queue_chgnet_mace_missing,1,5.59568515229049,10.0,3.1260401243485885,19.83000681704263,213,False,False,False,False,ALIGNN_FF_disagrees_with_current_MP_label,False,candidate_level_explanation_not_MLIP_consensus_validation
wbm-1-9926,Ca2 Cl6,Ca-Cl,2|Ca-Cl,500,raw_only_requested_budget,0,8,0,8,False,0.125079,False,0.9051691274999988,False,labelable_current_MP_hull,unstable_to_unstable,True,False,False,False,False,0.6550489999999995,-0.6550489999999995,True,True,-2.01575,-2.5765,3,not_available_for_wbm_queue_chgnet_mace_missing,1,6.055715038291497,10.0,3.164235027733259,39.685851537379705,216,False,False,False,False,ALIGNN_FF_disagrees_with_current_MP_label,False,candidate_level_explanation_not_MLIP_consensus_validation
wbm-1-9948,Cl6 Co2,Cl-Co,2|Cl-Co,300,raw_only_requested_budget,0,11,0,11,False,-0.305787,True,-1.0421670000000065,True,labelable_current_MP_hull,stable_to_stable,False,False,False,False,False,0.7786199999999999,-0.7786199999999999,True,False,-1.00874,-1.5199,3,not_available_for_wbm_queue_chgnet_mace_missing,0,13.00453250439059,10.0,5.273725046222098,19.83000681704263,31,True,False,True,True,t1_stable_or_true_release,False,candidate_level_explanation_not_MLIP_consensus_validation
wbm-1-9948,Cl6 Co2,Cl-Co,2|Cl-Co,500,raw_only_requested_budget,0,11,0,11,False,-0.305787,True,-1.0421670000000065,True,labelable_current_MP_hull,stable_to_stable,False,False,False,False,False,0.7786199999999999,-0.7786199999999999,True,False,-1.00874,-1.5199,3,not_available_for_wbm_queue_chgnet_mace_missing,0,13.00453250439059,10.0,3.164235027733259,39.685851537379705,56,True,False,True,True,t1_stable_or_true_release,False,candidate_level_explanation_not_MLIP_consensus_validation
wbm-1-9982,Cl6 Cu2,Cl-Cu,2|Cl-Cu,500,raw_only_requested_budget,0,3,0,3,False,-0.097964,True,4.1403332975,False,labelable_current_MP_hull,stable_to_unstable,True,False,False,False,False,0.593364,-0.593364,True,True,-0.76891,-1.1825,3,not_available_for_wbm_queue_chgnet_mace_missing,1,4.268736866091476,10.0,2.8648490519503174,7.545591709829708,337,False,False,False,False,ALIGNN_FF_disagrees_with_current_MP_label,False,candidate_level_explanation_not_MLIP_consensus_validation
wbm-1-9988,Cl6 Er2,Cl-Er,2|Cl-Er,500,raw_only_requested_budget,0,1,0,1,False,-0.079643,True,-2.748721,True,labelable_current_MP_hull,stable_to_stable,False,False,False,False,False,0.5585219999999995,-0.5585219999999995,True,False,-2.71666,-3.1888,3,not_available_for_wbm_queue_chgnet_mace_missing,0,3.2613362756802577,10.0,1.3174868122990375,39.685851537379705,454,False,False,False,False,t1_stable_or_true_release,False,candidate_level_explanation_not_MLIP_consensus_validation
wbm-2-10005,As1 Cl11,As-Cl,2|As-Cl,300,raw_only_requested_budget,0,9,0,9,False,-0.249304,True,-0.7247429999999984,True,labelable_current_MP_hull,stable_to_stable,False,False,False,False,False,0.719261,-0.719261,True,False,-0.5393299999999999,-1.2991,3,not_available_for_wbm_queue_chgnet_mace_missing,0,9.114841960315776,10.0,5.651511869009259,19.83000681704263,82,True,False,True,True,t1_stable_or_true_release,False,candidate_level_explanation_not_MLIP_consensus_validation
wbm-2-10005,As1 Cl11,As-Cl,2|As-Cl,500,raw_only_requested_budget,0,9,0,9,False,-0.249304,True,-0.7247429999999984,True,labelable_current_MP_hull,stable_to_stable,False,False,False,False,False,0.719261,-0.719261,True,False,-0.5393299999999999,-1.2991,3,not_available_for_wbm_queue_chgnet_mace_missing,0,9.114841960315776,10.0,3.390907121405556,39.685851537379705,130,True,False,True,True,t1_stable_or_true_release,False,candidate_level_explanation_not_MLIP_consensus_validation
wbm-2-10006,Bi1 Cl11,Bi-Cl,2|Bi-Cl,300,raw_only_requested_budget,0,15,0,15,False,-0.29983,True,0.7675945929166659,False,labelable_current_MP_hull,stable_to_unstable,True,False,False,False,False,0.7208680000000001,-0.7208680000000001,True,True,-0.6678799999999999,-1.2702,3,not_available_for_wbm_queue_chgnet_mace_missing,1,9.114841960315776,10.0,5.651511869009259,19.83000681704263,79,True,False,True,True,ALIGNN_FF_disagrees_with_current_MP_label,False,candidate_level_explanation_not_MLIP_consensus_validation
wbm-2-10006,Bi1 Cl11,Bi-Cl,2|Bi-Cl,500,raw_only_requested_budget,0,15,0,15,False,-0.29983,True,0.7675945929166659,False,labelable_current_MP_hull,stable_to_unstable,True,False,False,False,False,0.7208680000000001,-0.7208680000000001,True,True,-0.6678799999999999,-1.2702,3,not_available_for_wbm_queue_chgnet_mace_missing,1,9.114841960315776,10.0,3.390907121405556,39.685851537379705,114,True,False,True,True,ALIGNN_FF_disagrees_with_current_MP_label,False,candidate_level_explanation_not_MLIP_consensus_validation
wbm-2-10112,Ba2 Cl6,Ba-Cl,2|Ba-Cl,300,raw_only_requested_budget,0,6,0,6,False,-0.054894,True,3.1246943325000007,False,labelable_current_MP_hull,stable_to_unstable,True,False,False,False,False,0.7471999999999999,-0.7471999999999999,True,True,-2.31942,-2.1722,3,not_available_for_wbm_queue_chgnet_mace_missing,1,10.918206288544544,10.0,5.273725046222098,12.171561895162212,54,True,True,False,True,ALIGNN_FF_disagrees_with_current_MP_label,False,candidate_level_explanation_not_MLIP_consensus_validation
wbm-2-10112,Ba2 Cl6,Ba-Cl,2|Ba-Cl,500,raw_only_requested_budget,0,6,0,6,False,-0.054894,True,3.1246943325000007,False,labelable_current_MP_hull,stable_to_unstable,True,False,False,False,False,0.7471999999999999,-0.7471999999999999,True,True,-2.31942,-2.1722,3,not_available_for_wbm_queue_chgnet_mace_missing,1,10.918206288544544,10.0,3.164235027733259,13.924506444478084,79,True,True,False,True,ALIGNN_FF_disagrees_with_current_MP_label,False,candidate_level_explanation_not_MLIP_consensus_validation
wbm-2-10113,Ba2 Cl6,Ba-Cl,2|Ba-Cl,300,PARC_release,4,6,4,2,True,0.121676,False,3.3012643325000006,False,labelable_current_MP_hull,unstable_to_unstable,True,False,False,False,False,0.9082,-0.9082,True,True,-2.15848,-2.2857,3,not_available_for_wbm_queue_chgnet_mace_missing,1,40.05234125627107,10.0,5.273725046222098,12.171561895162212,4,False,False,False,False,ALIGNN_FF_disagrees_with_current_MP_label,False,candidate_level_explanation_not_MLIP_consensus_validation
wbm-2-10113,Ba2 Cl6,Ba-Cl,2|Ba-Cl,500,PARC_release,1,6,1,5,True,0.121676,False,3.3012643325000006,False,labelable_current_MP_hull,unstable_to_unstable,True,False,False,False,False,0.9082,-0.9082,True,True,-2.15848,-2.2857,3,not_available_for_wbm_queue_chgnet_mace_missing,1,40.05234125627107,10.0,3.164235027733259,13.924506444478084,8,False,False,False,False,ALIGNN_FF_disagrees_with_current_MP_label,False,candidate_level_explanation_not_MLIP_consensus_validation
wbm-2-10119,Cl6 Co2,Cl-Co,2|Cl-Co,300,raw_only_requested_budget,0,11,0,11,False,-0.305775,True,-1.042154999999994,True,labelable_current_MP_hull,stable_to_stable,False,False,False,False,False,0.78022,-0.78022,True,False,-0.98981,-1.5215,3,not_available_for_wbm_queue_chgnet_mace_missing,0,13.00453250439059,10.0,5.273725046222098,19.83000681704263,30,True,True,True,True,t1_stable_or_true_release,False,candidate_level_explanation_not_MLIP_consensus_validation
wbm-2-10119,Cl6 Co2,Cl-Co,2|Cl-Co,500,raw_only_requested_budget,0,11,0,11,False,-0.305775,True,-1.042154999999994,True,labelable_current_MP_hull,stable_to_stable,False,False,False,False,False,0.78022,-0.78022,True,False,-0.98981,-1.5215,3,not_available_for_wbm_queue_chgnet_mace_missing,0,13.00453250439059,10.0,3.164235027733259,39.685851537379705,55,True,True,True,True,t1_stable_or_true_release,False,candidate_level_explanation_not_MLIP_consensus_validation
wbm-2-10125,Cl6 Cs2,Cl-Cs,2|Cl-Cs,500,raw_only_requested_budget,0,8,0,8,False,-0.358124,True,-1.485627000000001,True,labelable_current_MP_hull,stable_to_stable,False,False,False,False,False,0.596497,-0.596497,True,False,-0.7875599999999999,-1.1053,3,not_available_for_wbm_queue_chgnet_mace_missing,0,4.45850046221281,10.0,3.390907121405556,29.432650133714645,311,False,False,False,False,t1_stable_or_true_release,False,candidate_level_explanation_not_MLIP_consensus_validation
wbm-2-10155,Cl6 Hg2,Cl-Hg,2|Cl-Hg,300,raw_only_requested_budget,0,3,0,3,False,0.144856,False,-0.612584,True,labelable_current_MP_hull,unstable_to_stable,False,False,False,False,False,0.6550600000000001,-0.6550600000000001,True,False,-0.5191100000000001,-1.0481,3,not_available_for_wbm_queue_chgnet_mace_missing,0,6.183537263960147,10.0,2.965053684829303,19.83000681704263,212,False,False,False,False,t1_stable_or_true_release,False,candidate_level_explanation_not_MLIP_consensus_validation
wbm-2-10155,Cl6 Hg2,Cl-Hg,2|Cl-Hg,500,raw_only_requested_budget,0,9,0,9,False,0.144856,False,-0.612584,True,labelable_current_MP_hull,unstable_to_stable,False,False,False,False,False,0.6550600000000001,-0.6550600000000001,True,False,-0.5191100000000001,-1.0481,3,not_available_for_wbm_queue_chgnet_mace_missing,0,6.449904186024537,10.0,3.094614266137109,39.685851537379705,183,False,False,False,False,t1_stable_or_true_release,False,candidate_level_explanation_not_MLIP_consensus_validation
wbm-2-10211,Cl6 Mn2,Cl-Mn,2|Cl-Mn,300,raw_only_requested_budget,0,14,0,14,False,-0.146728,True,-1.2680210000000045,True,labelable_current_MP_hull,stable_to_stable,False,False,False,False,False,0.7421069999999999,-0.7421069999999999,True,False,-0.89946,-1.4229,3,not_available_for_wbm_queue_chgnet_mace_missing,0,10.910795361857884,10.0,5.157690443561848,16.36323504953147,31,False,False,False,False,t1_stable_or_true_release,False,candidate_level_explanation_not_MLIP_consensus_validation
wbm-2-10211,Cl6 Mn2,Cl-Mn,2|Cl-Mn,500,raw_only_requested_budget,0,14,0,14,False,-0.146728,True,-1.2680210000000045,True,labelable_current_MP_hull,stable_to_stable,False,False,False,False,False,0.7421069999999999,-0.7421069999999999,True,False,-0.89946,-1.4229,3,not_available_for_wbm_queue_chgnet_mace_missing,0,10.910795361857884,10.0,3.094614266137109,33.106904168958664,84,False,False,False,False,t1_stable_or_true_release,False,candidate_level_explanation_not_MLIP_consensus_validation
wbm-2-10219,Cl6 Ni2,Cl-Ni,2|Cl-Ni,300,raw_only_requested_budget,0,8,0,8,False,-0.138322,True,-0.9158410000000003,True,labelable_current_MP_hull,stable_to_stable,False,False,False,False,False,0.721581,-0.721581,True,False,-0.92448,-1.4174,3,not_available_for_wbm_queue_chgnet_mace_missing,0,9.114841960315776,10.0,5.273725046222098,19.83000681704263,90,True,False,True,True,t1_stable_or_true_release,False,candidate_level_explanation_not_MLIP_consensus_validation
wbm-2-10219,Cl6 Ni2,Cl-Ni,2|Cl-Ni,500,raw_only_requested_budget,0,9,0,9,False,-0.138322,True,-0.9158410000000003,True,labelable_current_MP_hull,stable_to_stable,False,False,False,False,False,0.721581,-0.721581,True,False,-0.92448,-1.4174,3,not_available_for_wbm_queue_chgnet_mace_missing,0,9.114841960315776,10.0,3.164235027733259,39.685851537379705,115,True,False,True,True,t1_stable_or_true_release,False,candidate_level_explanation_not_MLIP_consensus_validation
wbm-2-10222,Cl6 Pb2,Cl-Pb,2|Cl-Pb,300,raw_only_requested_budget,0,5,0,5,False,0.112247,False,4.836954014999993,False,labelable_current_MP_hull,unstable_to_unstable,True,False,False,False,False,0.663278,-0.663278,True,True,-1.26375,-1.5374,3,not_available_for_wbm_queue_chgnet_mace_missing,1,6.182153285800492,10.0,5.651511869009259,19.83000681704263,134,False,False,False,False,ALIGNN_FF_disagrees_with_current_MP_label,False,candidate_level_explanation_not_MLIP_consensus_validation
wbm-2-10222,Cl6 Pb2,Cl-Pb,2|Cl-Pb,500,raw_only_requested_budget,0,10,0,10,False,0.112247,False,4.836954014999993,False,labelable_current_MP_hull,unstable_to_unstable,True,False,False,False,False,0.663278,-0.663278,True,True,-1.26375,-1.5374,3,not_available_for_wbm_queue_chgnet_mace_missing,1,6.756163952148922,10.0,3.390907121405556,39.685851537379705,171,False,False,False,False,ALIGNN_FF_disagrees_with_current_MP_label,False,candidate_level_explanation_not_MLIP_consensus_validation
wbm-2-10255,Cl6 Pr2 Rb2,Cl-Pr-Rb,3|Cl-Pr,500,raw_only_requested_budget,0,5,0,5,False,0.163764,False,16.26551943885714,False,labelable_current_MP_hull,unstable_to_unstable,True,False,False,False,False,0.5882230000000002,-0.5882230000000002,True,True,-2.39502,-2.6173,3,not_available_for_wbm_queue_chgnet_mace_missing,1,4.105881916099603,10.0,3.390907121405556,39.685851537379705,329,False,False,False,False,ALIGNN_FF_disagrees_with_current_MP_label,False,candidate_level_explanation_not_MLIP_consensus_validation
wbm-2-10277,Cl6 Rb2 Y2,Cl-Rb-Y,3|Cl-Rb,500,raw_only_requested_budget,0,12,0,12,False,0.164023,False,0.6781564728571361,False,labelable_current_MP_hull,unstable_to_unstable,True,False,False,False,False,0.614919,-0.614919,True,True,-2.3734800000000003,-2.4349,3,not_available_for_wbm_queue_chgnet_mace_missing,1,5.122601899014496,10.0,3.390907121405556,39.685851537379705,267,False,False,False,False,ALIGNN_FF_disagrees_with_current_MP_label,False,candidate_level_explanation_not_MLIP_consensus_validation
wbm-2-10287,Cl6 Rb2 Sc2,Cl-Rb-Sc,3|Cl-Rb,500,raw_only_requested_budget,0,10,0,10,False,0.055741,False,-2.2468660000000007,True,labelable_current_MP_hull,unstable_to_stable,False,False,False,False,False,0.6062930000000004,-0.6062930000000004,True,False,-2.23904,-2.4604,3,not_available_for_wbm_queue_chgnet_mace_missing,0,4.955607335966234,10.0,3.390907121405556,39.685851537379705,291,False,False,False,False,t1_stable_or_true_release,False,candidate_level_explanation_not_MLIP_consensus_validation
wbm-2-10302,Cl6 Sr2,Cl-Sr,2|Cl-Sr,300,PARC_release,2,12,2,10,True,0.034837,False,-2.1361410000000003,True,labelable_current_MP_hull,unstable_to_stable,False,False,False,True,False,0.844922,-0.844922,True,False,-2.2622500000000003,-2.3402,3,not_available_for_wbm_queue_chgnet_mace_missing,0,21.82066537094214,10.0,5.273725046222098,16.36323504953147,2,False,False,False,False,t1_stable_or_true_release,False,candidate_level_explanation_not_MLIP_consensus_validation
wbm-2-10302,Cl6 Sr2,Cl-Sr,2|Cl-Sr,500,raw_only_requested_budget,0,12,0,12,False,0.034837,False,-2.1361410000000003,True,labelable_current_MP_hull,unstable_to_stable,False,False,False,True,False,0.844922,-0.844922,True,False,-2.2622500000000003,-2.3402,3,not_available_for_wbm_queue_chgnet_mace_missing,0,21.82066537094214,10.0,3.164235027733259,29.432650133714645,19,False,False,False,False,t1_stable_or_true_release,False,candidate_level_explanation_not_MLIP_consensus_validation
wbm-2-10315,Cl6 Zn2,Cl-Zn,2|Cl-Zn,300,raw_only_requested_budget,0,7,0,7,False,0.082493,False,-1.0852199999999996,True,labelable_current_MP_hull,unstable_to_stable,False,False,False,False,False,0.6883870000000001,-0.6883870000000001,True,False,-1.29082,-1.5644,3,not_available_for_wbm_queue_chgnet_mace_missing,0,6.751622745347801,10.0,5.651511869009259,16.36323504953147,107,False,False,False,False,t1_stable_or_true_release,False,candidate_level_explanation_not_MLIP_consensus_validation
wbm-2-10315,Cl6 Zn2,Cl-Zn,2|Cl-Zn,500,raw_only_requested_budget,0,7,0,7,False,0.082493,False,-1.0852199999999996,True,labelable_current_MP_hull,unstable_to_stable,False,False,False,False,False,0.6883870000000001,-0.6883870000000001,True,False,-1.29082,-1.5644,3,not_available_for_wbm_queue_chgnet_mace_missing,0,6.751622745347801,10.0,3.390907121405556,29.432650133714645,139,False,False,False,False,t1_stable_or_true_release,False,candidate_level_explanation_not_MLIP_consensus_validation
wbm-2-10321,Ba2 Cl8,Ba-Cl,2|Ba-Cl,300,PARC_release,5,6,5,1,True,-0.163276,True,2.380386665999996,False,labelable_current_MP_hull,stable_to_unstable,True,False,False,False,False,0.9830319999999996,-0.9830319999999996,True,True,-1.62912,-1.6321,3,not_available_for_wbm_queue_chgnet_mace_missing,1,48.791051511596535,10.0,5.273725046222098,12.171561895162212,2,True,True,False,True,ALIGNN_FF_disagrees_with_current_MP_label,False,candidate_level_explanation_not_MLIP_consensus_validation
wbm-2-10321,Ba2 Cl8,Ba-Cl,2|Ba-Cl,500,PARC_release,2,6,2,4,True,-0.163276,True,2.380386665999996,False,labelable_current_MP_hull,stable_to_unstable,True,False,False,False,False,0.9830319999999996,-0.9830319999999996,True,True,-1.62912,-1.6321,3,not_available_for_wbm_queue_chgnet_mace_missing,1,48.791051511596535,10.0,3.164235027733259,13.924506444478084,3,True,True,False,True,ALIGNN_FF_disagrees_with_current_MP_label,False,candidate_level_explanation_not_MLIP_consensus_validation
wbm-2-10322,Ba2 Cl8,Ba-Cl,2|Ba-Cl,300,raw_only_requested_budget,0,3,0,3,False,-0.198469,True,2.345194665999996,False,labelable_current_MP_hull,stable_to_unstable,True,False,False,False,False,0.6867329999999998,-0.6867329999999998,True,True,-1.8169599999999997,-2.1254,3,not_available_for_wbm_queue_chgnet_mace_missing,1,7.449403595082879,10.0,3.516656160032386,12.171561895162212,171,True,False,True,True,ALIGNN_FF_disagrees_with_current_MP_label,False,candidate_level_explanation_not_MLIP_consensus_validation
wbm-2-10322,Ba2 Cl8,Ba-Cl,2|Ba-Cl,500,raw_only_requested_budget,0,6,0,6,False,-0.198469,True,2.345194665999996,False,labelable_current_MP_hull,stable_to_unstable,True,False,False,False,False,0.6867329999999998,-0.6867329999999998,True,True,-1.8169599999999997,-2.1254,3,not_available_for_wbm_queue_chgnet_mace_missing,1,7.449403595082879,10.0,3.164235027733259,13.924506444478084,160,True,False,True,True,ALIGNN_FF_disagrees_with_current_MP_label,False,candidate_level_explanation_not_MLIP_consensus_validation
wbm-2-10327,Ca2 Cl8,Ca-Cl,2|Ca-Cl,300,raw_only_requested_budget,0,8,0,8,False,-0.061998,True,0.562066901999998,False,labelable_current_MP_hull,stable_to_unstable,True,False,False,False,False,0.8032719999999998,-0.8032719999999998,True,True,-1.86875,-2.1253,3,not_available_for_wbm_queue_chgnet_mace_missing,1,15.280062910460382,10.0,5.273725046222098,19.83000681704263,26,False,False,False,False,ALIGNN_FF_disagrees_with_current_MP_label,False,candidate_level_explanation_not_MLIP_consensus_validation
wbm-2-10327,Ca2 Cl8,Ca-Cl,2|Ca-Cl,500,raw_only_requested_budget,0,8,0,8,False,-0.061998,True,0.562066901999998,False,labelable_current_MP_hull,stable_to_unstable,True,False,False,False,False,0.8032719999999998,-0.8032719999999998,True,True,-1.86875,-2.1253,3,not_available_for_wbm_queue_chgnet_mace_missing,1,15.280062910460382,10.0,3.164235027733259,39.685851537379705,55,False,False,False,False,ALIGNN_FF_disagrees_with_current_MP_label,False,candidate_level_explanation_not_MLIP_consensus_validation
wbm-2-10328,Ca2 Cl8,Ca-Cl,2|Ca-Cl,500,raw_only_requested_budget,0,8,0,8,False,-0.070275,True,0.5537899019999948,False,labelable_current_MP_hull,stable_to_unstable,True,False,False,False,False,0.6268720000000003,-0.6268720000000003,True,True,-1.6679600000000003,-1.9478,3,not_available_for_wbm_queue_chgnet_mace_missing,1,5.043242769206356,10.0,3.164235027733259,39.685851537379705,272,False,False,False,False,ALIGNN_FF_disagrees_with_current_MP_label,False,candidate_level_explanation_not_MLIP_consensus_validation
wbm-2-10335,Cl8 Co2,Cl-Co,2|Cl-Co,300,PARC_release,4,11,4,7,True,-0.261763,True,-0.8508740000000046,True,labelable_current_MP_hull,stable_to_stable,False,False,False,False,False,0.871489,-0.871489,True,False,-0.8376299999999999,-1.4218,3,not_available_for_wbm_queue_chgnet_mace_missing,0,34.12656697602882,10.0,5.273725046222098,19.83000681704263,10,True,True,True,True,t1_stable_or_true_release,False,candidate_level_explanation_not_MLIP_consensus_validation
wbm-2-10335,Cl8 Co2,Cl-Co,2|Cl-Co,500,PARC_release,1,11,1,10,True,-0.261763,True,-0.8508740000000046,True,labelable_current_MP_hull,stable_to_stable,False,False,False,False,False,0.871489,-0.871489,True,False,-0.8376299999999999,-1.4218,3,not_available_for_wbm_queue_chgnet_mace_missing,0,34.12656697602882,10.0,3.164235027733259,39.685851537379705,13,True,True,True,True,t1_stable_or_true_release,False,candidate_level_explanation_not_MLIP_consensus_validation
wbm-2-10338,Cl8 Cr2,Cl-Cr,2|Cl-Cr,500,raw_only_requested_budget,0,6,0,6,False,-0.055663,True,-1.3310529999999972,True,labelable_current_MP_hull,stable_to_stable,False,False,False,False,False,0.5887100000000001,-0.5887100000000001,True,False,-1.3715500000000005,-1.9509,3,not_available_for_wbm_queue_chgnet_mace_missing,0,4.105881916099603,10.0,3.390907121405556,39.685851537379705,327,False,False,False,False,t1_stable_or_true_release,False,candidate_level_explanation_not_MLIP_consensus_validation
wbm-2-10343,Cl8 Cs2 Cu2,Cl-Cs-Cu,3|Cl-Cs,500,raw_only_requested_budget,0,3,0,3,False,-0.115387,True,1.9274075316666668,False,labelable_current_MP_hull,stable_to_unstable,True,False,False,False,False,0.5778389999999998,-0.5778389999999998,True,True,-1.3357600000000005,-1.7235,3,not_available_for_wbm_queue_chgnet_mace_missing,1,4.049213506737862,10.0,2.009647497495417,39.685851537379705,401,False,False,False,False,ALIGNN_FF_disagrees_with_current_MP_label,False,candidate_level_explanation_not_MLIP_consensus_validation
wbm-2-10357,Cl8 Eu2,Cl-Eu,2|Cl-Eu,300,raw_only_requested_budget,0,12,0,12,False,-0.070803,True,-1.9234450000000043,True,labelable_current_MP_hull,stable_to_stable,False,False,False,False,False,0.7152579999999997,-0.7152579999999997,True,False,-1.86482,-2.2502,3,not_available_for_wbm_queue_chgnet_mace_missing,0,9.121010416574991,10.0,5.273725046222098,16.36323504953147,71,False,False,False,False,t1_stable_or_true_release,False,candidate_level_explanation_not_MLIP_consensus_validation
wbm-2-10357,Cl8 Eu2,Cl-Eu,2|Cl-Eu,500,raw_only_requested_budget,0,12,0,12,False,-0.070803,True,-1.9234450000000043,True,labelable_current_MP_hull,stable_to_stable,False,False,False,False,False,0.7152579999999997,-0.7152579999999997,True,False,-1.86482,-2.2502,3,not_available_for_wbm_queue_chgnet_mace_missing,0,9.121010416574991,10.0,3.164235027733259,33.106904168958664,118,False,False,False,False,t1_stable_or_true_release,False,candidate_level_explanation_not_MLIP_consensus_validation
wbm-2-10371,Cl8 In2,Cl-In,2|Cl-In,300,raw_only_requested_budget,0,12,0,12,False,-0.065381,True,34.966974083,False,labelable_current_MP_hull,stable_to_unstable,True,False,False,False,False,0.7607979999999999,-0.7607979999999999,True,True,-1.2327800000000002,-1.816,3,not_available_for_wbm_queue_chgnet_mace_missing,1,11.855270784026176,10.0,5.651511869009259,19.83000681704263,10,False,False,False,False,ALIGNN_FF_disagrees_with_current_MP_label,False,candidate_level_explanation_not_MLIP_consensus_validation
wbm-2-10371,Cl8 In2,Cl-In,2|Cl-In,500,raw_only_requested_budget,0,12,0,12,False,-0.065381,True,34.966974083,False,labelable_current_MP_hull,stable_to_unstable,True,False,False,False,False,0.7607979999999999,-0.7607979999999999,True,True,-1.2327800000000002,-1.816,3,not_available_for_wbm_queue_chgnet_mace_missing,1,11.855270784026176,10.0,3.390907121405556,39.685851537379705,64,False,False,False,False,ALIGNN_FF_disagrees_with_current_MP_label,False,candidate_level_explanation_not_MLIP_consensus_validation
wbm-2-10377,Cl8 La2,Cl-La,2|Cl-La,300,raw_only_requested_budget,0,12,0,12,False,0.116081,False,-2.1777359999999994,True,labelable_current_MP_hull,unstable_to_stable,False,False,False,False,False,0.7221830000000002,-0.7221830000000002,True,False,-2.45897,-2.6698,3,not_available_for_wbm_queue_chgnet_mace_missing,0,9.121010416574991,10.0,5.651511869009259,19.83000681704263,76,False,False,False,False,t1_stable_or_true_release,False,candidate_level_explanation_not_MLIP_consensus_validation
wbm-2-10377,Cl8 La2,Cl-La,2|Cl-La,500,raw_only_requested_budget,0,13,0,13,False,0.116081,False,-2.1777359999999994,True,labelable_current_MP_hull,unstable_to_stable,False,False,False,False,False,0.7221830000000002,-0.7221830000000002,True,False,-2.45897,-2.6698,3,not_available_for_wbm_queue_chgnet_mace_missing,0,9.121010416574991,10.0,3.390907121405556,39.685851537379705,113,False,False,False,False,t1_stable_or_true_release,False,candidate_level_explanation_not_MLIP_consensus_validation
wbm-2-10382,Cl8 Mn2,Cl-Mn,2|Cl-Mn,300,PARC_release,1,14,1,13,True,-0.231078,True,-1.1281190000000123,True,labelable_current_MP_hull,stable_to_stable,False,False,False,False,False,0.7872589999999998,-0.7872589999999998,True,False,-0.92245,-1.75,3,not_available_for_wbm_queue_chgnet_mace_missing,0,15.262653700560776,10.0,5.157690443561848,16.36323504953147,17,False,False,False,False,t1_stable_or_true_release,False,candidate_level_explanation_not_MLIP_consensus_validation
wbm-2-10382,Cl8 Mn2,Cl-Mn,2|Cl-Mn,500,raw_only_requested_budget,0,14,0,14,False,-0.231078,True,-1.1281190000000123,True,labelable_current_MP_hull,stable_to_stable,False,False,False,False,False,0.7872589999999998,-0.7872589999999998,True,False,-0.92245,-1.75,3,not_available_for_wbm_queue_chgnet_mace_missing,0,15.262653700560776,10.0,3.094614266137109,33.106904168958664,42,False,False,False,False,t1_stable_or_true_release,False,candidate_level_explanation_not_MLIP_consensus_validation
wbm-2-10385,Cl8 Nd2,Cl-Nd,2|Cl-Nd,300,raw_only_requested_budget,0,8,0,8,False,0.071692,False,0.5826100379999986,False,labelable_current_MP_hull,unstable_to_unstable,True,False,False,False,False,0.7403059999999999,-0.7403059999999999,True,True,-2.36029,-2.6206,3,not_available_for_wbm_queue_chgnet_mace_missing,1,10.910795361857884,10.0,5.651511869009259,19.83000681704263,59,False,False,False,False,ALIGNN_FF_disagrees_with_current_MP_label,False,candidate_level_explanation_not_MLIP_consensus_validation
wbm-2-10385,Cl8 Nd2,Cl-Nd,2|Cl-Nd,500,raw_only_requested_budget,0,8,0,8,False,0.071692,False,0.5826100379999986,False,labelable_current_MP_hull,unstable_to_unstable,True,False,False,False,False,0.7403059999999999,-0.7403059999999999,True,True,-2.36029,-2.6206,3,not_available_for_wbm_queue_chgnet_mace_missing,1,10.910795361857884,10.0,3.390907121405556,39.685851537379705,107,False,False,False,False,ALIGNN_FF_disagrees_with_current_MP_label,False,candidate_level_explanation_not_MLIP_consensus_validation
wbm-2-10391,Cl8 Ni2,Cl-Ni,2|Cl-Ni,300,raw_only_requested_budget,0,9,0,9,False,-0.159263,True,-0.7812859999999997,True,labelable_current_MP_hull,stable_to_stable,False,False,False,False,False,0.7664770000000001,-0.7664770000000001,True,False,-0.7439600000000002,-1.2335,3,not_available_for_wbm_queue_chgnet_mace_missing,0,12.409949935208038,10.0,5.273725046222098,19.83000681704263,35,True,False,True,True,t1_stable_or_true_release,False,candidate_level_explanation_not_MLIP_consensus_validation
wbm-2-10391,Cl8 Ni2,Cl-Ni,2|Cl-Ni,500,raw_only_requested_budget,0,9,0,9,False,-0.159263,True,-0.7812859999999997,True,labelable_current_MP_hull,stable_to_stable,False,False,False,False,False,0.7664770000000001,-0.7664770000000001,True,False,-0.7439600000000002,-1.2335,3,not_available_for_wbm_queue_chgnet_mace_missing,0,12.409949935208038,10.0,3.164235027733259,39.685851537379705,60,True,False,True,True,t1_stable_or_true_release,False,candidate_level_explanation_not_MLIP_consensus_validation
wbm-2-10397,Cl8 Pr2,Cl-Pr,2|Cl-Pr,500,raw_only_requested_budget,0,7,0,7,False,0.078316,False,-2.128210000000003,True,labelable_current_MP_hull,unstable_to_stable,False,False,False,False,False,0.6095739999999998,-0.6095739999999998,True,False,-2.34022,-2.6027,3,not_available_for_wbm_queue_chgnet_mace_missing,0,5.03762514135281,10.0,3.390907121405556,33.106904168958664,281,False,False,False,False,t1_stable_or_true_release,False,candidate_level_explanation_not_MLIP_consensus_validation
wbm-2-10401,Cl8 Cs2 Rb2,Cl-Cs-Rb,3|Cl-Cs,300,raw_only_requested_budget,0,2,0,2,False,0.007315,False,-1.4926570000000048,True,labelable_current_MP_hull,unstable_to_stable,False,True,False,True,False,0.6493280000000003,-0.6493280000000003,True,False,-1.4486900000000005,-1.6494,3,not_available_for_wbm_queue_chgnet_mace_missing,0,5.934681507496319,10.0,2.195811353831729,19.83000681704263,223,False,False,False,False,t1_stable_or_true_release,False,candidate_level_explanation_not_MLIP_consensus_validation
wbm-2-10401,Cl8 Cs2 Rb2,Cl-Cs-Rb,3|Cl-Cs,500,raw_only_requested_budget,0,10,0,10,False,0.007315,False,-1.4926570000000048,True,labelable_current_MP_hull,unstable_to_stable,False,True,False,True,False,0.6493280000000003,-0.6493280000000003,True,False,-1.4486900000000005,-1.6494,3,not_available_for_wbm_queue_chgnet_mace_missing,0,6.449904186024537,10.0,3.164235027733259,39.685851537379705,226,False,False,False,False,t1_stable_or_true_release,False,candidate_level_explanation_not_MLIP_consensus_validation
wbm-2-10407,Cl8 Sc2,Cl-Sc,2|Cl-Sc,300,raw_only_requested_budget,0,4,0,4,False,-0.054568,True,-2.1174649999999997,True,labelable_current_MP_hull,stable_to_stable,False,False,False,False,False,0.6451030000000002,-0.6451030000000002,True,False,-1.92928,-2.4873,3,not_available_for_wbm_queue_chgnet_mace_missing,0,5.82000752734174,10.0,2.965053684829303,19.83000681704263,229,True,True,False,True,t1_stable_or_true_release,False,candidate_level_explanation_not_MLIP_consensus_validation
wbm-2-10407,Cl8 Sc2,Cl-Sc,2|Cl-Sc,500,raw_only_requested_budget,0,12,0,12,False,-0.054568,True,-2.1174649999999997,True,labelable_current_MP_hull,stable_to_stable,False,False,False,False,False,0.6451030000000002,-0.6451030000000002,True,False,-1.92928,-2.4873,3,not_available_for_wbm_queue_chgnet_mace_missing,0,6.053004685082268,10.0,3.390907121405556,39.685851537379705,204,True,True,False,True,t1_stable_or_true_release,False,candidate_level_explanation_not_MLIP_consensus_validation
wbm-2-10409,Cl8 Sm2,Cl-Sm,2|Cl-Sm,300,PARC_release,2,14,2,12,True,0.002216,False,0.5216398759999947,False,labelable_current_MP_hull,unstable_to_unstable,True,True,False,True,False,0.8161569999999996,-0.8161569999999996,True,True,-2.34865,-2.6956,3,not_available_for_wbm_queue_chgnet_mace_missing,1,17.3301600176195,10.0,5.273725046222098,19.83000681704263,21,False,False,False,False,near_hull_25meV_boundary,False,candidate_level_explanation_not_MLIP_consensus_validation
wbm-2-10409,Cl8 Sm2,Cl-Sm,2|Cl-Sm,500,raw_only_requested_budget,0,14,0,14,False,0.002216,False,0.5216398759999947,False,labelable_current_MP_hull,unstable_to_unstable,True,True,False,True,False,0.8161569999999996,-0.8161569999999996,True,True,-2.34865,-2.6956,3,not_available_for_wbm_queue_chgnet_mace_missing,1,17.3301600176195,10.0,3.164235027733259,39.685851537379705,34,False,False,False,False,near_hull_25meV_boundary,False,candidate_level_explanation_not_MLIP_consensus_validation
wbm-2-10413,Cl8 Sr2,Cl-Sr,2|Cl-Sr,300,raw_only_requested_budget,0,12,0,12,False,-0.049492,True,-1.786282,True,labelable_current_MP_hull,stable_to_stable,False,False,False,True,False,0.76081,-0.76081,True,False,-1.93116,-1.9928,3,not_available_for_wbm_queue_chgnet_mace_missing,0,12.418401164876764,10.0,5.273725046222098,16.36323504953147,9,False,False,False,False,t1_stable_or_true_release,False,candidate_level_explanation_not_MLIP_consensus_validation
wbm-2-10413,Cl8 Sr2,Cl-Sr,2|Cl-Sr,500,raw_only_requested_budget,0,12,0,12,False,-0.049492,True,-1.786282,True,labelable_current_MP_hull,stable_to_stable,False,False,False,True,False,0.76081,-0.76081,True,False,-1.93116,-1.9928,3,not_available_for_wbm_queue_chgnet_mace_missing,0,12.418401164876764,10.0,3.164235027733259,29.432650133714645,68,False,False,False,False,t1_stable_or_true_release,False,candidate_level_explanation_not_MLIP_consensus_validation
wbm-2-10414,Cl8 Sr2,Cl-Sr,2|Cl-Sr,300,raw_only_requested_budget,0,12,0,12,False,-0.177752,True,-1.914541,True,labelable_current_MP_hull,stable_to_stable,False,False,False,False,False,0.7383109999999997,-0.7383109999999997,True,False,-1.7403100000000002,-1.8533,3,not_available_for_wbm_queue_chgnet_mace_missing,0,10.910795361857884,10.0,5.273725046222098,16.36323504953147,38,True,True,True,True,t1_stable_or_true_release,False,candidate_level_explanation_not_MLIP_consensus_validation
wbm-2-10414,Cl8 Sr2,Cl-Sr,2|Cl-Sr,500,raw_only_requested_budget,0,12,0,12,False,-0.177752,True,-1.914541,True,labelable_current_MP_hull,stable_to_stable,False,False,False,False,False,0.7383109999999997,-0.7383109999999997,True,False,-1.7403100000000002,-1.8533,3,not_available_for_wbm_queue_chgnet_mace_missing,0,10.910795361857884,10.0,3.164235027733259,29.432650133714645,90,True,True,True,True,t1_stable_or_true_release,False,candidate_level_explanation_not_MLIP_consensus_validation
wbm-2-10426,Cl8 Yb2,Cl-Yb,2|Cl-Yb,500,raw_only_requested_budget,0,9,0,9,False,-0.084113,True,,False,unresolved_current_MP_missing_element_reference,stable_to_unresolved,True,False,False,False,False,0.62426,-0.62426,True,True,-1.6805899999999998,-2.0059,3,not_available_for_wbm_queue_chgnet_mace_missing,1,5.399430617044307,10.0,3.094614266137109,33.106904168958664,250,False,False,False,False,unresolved_current_MP_hull_reference,False,candidate_level_explanation_not_MLIP_consensus_validation
wbm-2-10479,Cl6 Dy1 K2,Cl-Dy-K,3|Cl-Dy,500,raw_only_requested_budget,0,6,0,6,False,0.064577,False,5.807591752222237,False,labelable_current_MP_hull,unstable_to_unstable,True,False,False,False,False,0.618401,-0.618401,True,True,-2.3437300000000003,-2.7518,3,not_available_for_wbm_queue_chgnet_mace_missing,1,5.210704400324024,10.0,3.094614266137109,12.726465504194358,294,False,False,False,False,ALIGNN_FF_disagrees_with_current_MP_label,False,candidate_level_explanation_not_MLIP_consensus_validation
wbm-2-10481,Cl6 Er1 K2,Cl-Er-K,3|Cl-Er,500,raw_only_requested_budget,0,12,0,12,False,0.058759,False,-2.198188999999992,True,labelable_current_MP_hull,unstable_to_stable,False,False,False,False,False,0.6195520000000001,-0.6195520000000001,True,False,-2.34832,-2.7949,3,not_available_for_wbm_queue_chgnet_mace_missing,0,5.210704400324024,10.0,3.390907121405556,39.685851537379705,258,False,False,False,False,t1_stable_or_true_release,False,candidate_level_explanation_not_MLIP_consensus_validation
wbm-2-10483,Cl6 Eu1 K2,Cl-Eu-K,3|Cl-Eu,500,raw_only_requested_budget,0,2,0,2,False,0.067855,False,-2.004828999999986,True,labelable_current_MP_hull,unstable_to_stable,False,False,False,False,False,0.5671160000000004,-0.5671160000000004,True,False,-2.03851,-2.4555,3,not_available_for_wbm_queue_chgnet_mace_missing,0,3.85183074227887,10.0,1.779032210897582,39.685851537379705,430,False,False,False,False,t1_stable_or_true_release,False,candidate_level_explanation_not_MLIP_consensus_validation
wbm-2-10484,Cl6 Gd1 K2,Cl-Gd-K,3|Cl-Gd,500,raw_only_requested_budget,0,4,0,4,False,0.074179,False,-2.187004999999992,True,labelable_current_MP_hull,unstable_to_stable,False,False,False,False,False,0.5821160000000001,-0.5821160000000001,True,False,-2.34872,-2.6984,3,not_available_for_wbm_queue_chgnet_mace_missing,0,4.049213506737862,10.0,2.8648490519503174,39.685851537379705,365,False,False,False,False,t1_stable_or_true_release,False,candidate_level_explanation_not_MLIP_consensus_validation
wbm-2-10487,Cl6 Ho1 K2,Cl-Ho-K,3|Cl-Ho,500,raw_only_requested_budget,0,9,0,9,False,0.059163,False,-0.6973901057777709,True,labelable_current_MP_hull,unstable_to_stable,False,False,False,False,False,0.621073,-0.621073,True,False,-2.34832,-2.7718,3,not_available_for_wbm_queue_chgnet_mace_missing,0,5.129458996016849,10.0,3.390907121405556,29.432650133714645,254,False,False,False,False,t1_stable_or_true_release,False,candidate_level_explanation_not_MLIP_consensus_validation
wbm-2-10490,Cl6 K2 Lu1,Cl-K-Lu,3|Cl-K,300,raw_only_requested_budget,0,7,0,7,False,-0.00553,True,-2.20077199999999,True,labelable_current_MP_hull,stable_to_stable,False,True,False,True,False,0.6815579999999994,-0.6815579999999994,True,False,-2.34213,-2.8311,3,not_available_for_wbm_queue_chgnet_mace_missing,0,6.597872846048761,10.0,5.651511869009259,16.36323504953147,115,False,False,False,False,t1_stable_or_true_release,False,candidate_level_explanation_not_MLIP_consensus_validation
wbm-2-10490,Cl6 K2 Lu1,Cl-K-Lu,3|Cl-K,500,raw_only_requested_budget,0,11,0,11,False,-0.00553,True,-2.20077199999999,True,labelable_current_MP_hull,stable_to_stable,False,True,False,True,False,0.6815579999999994,-0.6815579999999994,True,False,-2.34213,-2.8311,3,not_available_for_wbm_queue_chgnet_mace_missing,0,7.075164301635225,10.0,3.390907121405556,33.106904168958664,149,False,False,False,False,t1_stable_or_true_release,False,candidate_level_explanation_not_MLIP_consensus_validation
wbm-2-10491,Cl6 K2 Lu1,Cl-K-Lu,3|Cl-K,500,raw_only_requested_budget,0,11,0,11,False,0.001939,False,-2.1933029999999896,True,labelable_current_MP_hull,unstable_to_stable,False,True,False,True,False,0.6341580000000002,-0.6341580000000002,True,False,-2.39645,-2.6339,3,not_available_for_wbm_queue_chgnet_mace_missing,0,5.498091862286181,10.0,3.390907121405556,33.106904168958664,224,False,False,False,False,t1_stable_or_true_release,False,candidate_level_explanation_not_MLIP_consensus_validation
wbm-2-10501,Cl6 K2 Sc1,Cl-K-Sc,3|Cl-K,500,raw_only_requested_budget,0,11,0,11,False,0.039291,False,-2.138109999999997,True,labelable_current_MP_hull,unstable_to_stable,False,False,False,True,False,0.6245989999999999,-0.6245989999999999,True,False,-2.11385,-2.7274,3,not_available_for_wbm_queue_chgnet_mace_missing,0,5.399430617044307,10.0,3.390907121405556,33.106904168958664,240,False,False,False,False,t1_stable_or_true_release,False,candidate_level_explanation_not_MLIP_consensus_validation
wbm-2-10502,Cl6 K2 Sm1,Cl-K-Sm,3|Cl-K,500,raw_only_requested_budget,0,5,0,5,False,0.0883,False,-0.7056319577777685,True,labelable_current_MP_hull,unstable_to_stable,False,False,False,False,False,0.5784420000000003,-0.5784420000000003,True,False,-2.34872,-2.6734,3,not_available_for_wbm_queue_chgnet_mace_missing,0,4.049213506737862,10.0,3.390907121405556,33.106904168958664,358,False,False,False,False,t1_stable_or_true_release,False,candidate_level_explanation_not_MLIP_consensus_validation
wbm-2-10504,Cl6 K2 Tb1,Cl-K-Tb,3|Cl-K,500,raw_only_requested_budget,0,8,0,8,False,0.071832,False,-0.7418187566666603,True,labelable_current_MP_hull,unstable_to_stable,False,False,False,False,False,0.601585,-0.601585,True,False,-2.34756,-2.7284,3,not_available_for_wbm_queue_chgnet_mace_missing,0,4.727915587350588,10.0,3.390907121405556,33.106904168958664,300,False,False,False,False,t1_stable_or_true_release,False,candidate_level_explanation_not_MLIP_consensus_validation
wbm-2-10512,Cl6 K2 Y1,Cl-K-Y,3|Cl-K,500,raw_only_requested_budget,0,9,0,9,False,0.063834,False,-2.192147999999989,True,labelable_current_MP_hull,unstable_to_stable,False,False,False,False,False,0.605518,-0.605518,True,False,-2.3294799999999998,-2.753,3,not_available_for_wbm_queue_chgnet_mace_missing,0,4.876393465572375,10.0,3.390907121405556,33.106904168958664,293,False,False,False,False,t1_stable_or_true_release,False,candidate_level_explanation_not_MLIP_consensus_validation
wbm-2-10514,Cl6 K2 Zn1,Cl-K-Zn,3|Cl-K,500,raw_only_requested_budget,0,9,0,9,False,0.08413,False,25.85724337666665,False,labelable_current_MP_hull,unstable_to_unstable,True,False,False,False,False,0.6103690000000002,-0.6103690000000002,True,True,-1.70534,-1.9713,3,not_available_for_wbm_queue_chgnet_mace_missing,1,4.955607335966234,10.0,3.390907121405556,33.106904168958664,278,False,False,False,False,ALIGNN_FF_disagrees_with_current_MP_label,False,candidate_level_explanation_not_MLIP_consensus_validation
wbm-2-10518,Ca1 Cl6 K3,Ca-Cl-K,3|Ca-Cl,500,raw_only_requested_budget,0,4,0,4,False,0.057729,False,-0.9979785489999956,True,labelable_current_MP_hull,unstable_to_stable,False,False,False,False,False,0.5732959999999996,-0.5732959999999996,True,False,-2.23534,-2.5458,3,not_available_for_wbm_queue_chgnet_mace_missing,0,3.89856845817538,10.0,3.390907121405556,39.685851537379705,372,False,False,False,False,t1_stable_or_true_release,False,candidate_level_explanation_not_MLIP_consensus_validation
wbm-2-10587,Ce1 Cl6 Rb2,Ce-Cl-Rb,3|Ce-Cl,500,raw_only_requested_budget,0,1,0,1,False,-0.16645,True,-2.4156780000000038,True,labelable_current_MP_hull,stable_to_stable,False,False,False,False,False,0.5599719999999997,-0.5599719999999997,True,False,-2.41241,-2.8057,3,not_available_for_wbm_queue_chgnet_mace_missing,0,3.294615853662344,10.0,1.3174868122990375,39.685851537379705,447,False,False,False,False,t1_stable_or_true_release,False,candidate_level_explanation_not_MLIP_consensus_validation
wbm-2-10595,Cl6 Gd1 Rb2,Cl-Gd-Rb,3|Cl-Gd,500,raw_only_requested_budget,0,13,0,13,False,0.047884,False,-2.215961999999997,True,labelable_current_MP_hull,unstable_to_stable,False,False,False,True,False,0.6283539999999999,-0.6283539999999999,True,False,-2.3880799999999995,-2.7899,3,not_available_for_wbm_queue_chgnet_mace_missing,0,5.399430617044307,10.0,3.164235027733259,39.685851537379705,240,False,False,False,False,t1_stable_or_true_release,False,candidate_level_explanation_not_MLIP_consensus_validation
wbm-2-10596,Cl6 Gd1 Rb2,Cl-Gd-Rb,3|Cl-Gd,500,raw_only_requested_budget,0,4,0,4,False,0.058453,False,-2.2053929999999973,True,labelable_current_MP_hull,unstable_to_stable,False,False,False,False,False,0.5843539999999998,-0.5843539999999998,True,False,-2.4021,-2.776,3,not_available_for_wbm_queue_chgnet_mace_missing,0,4.1022396596204524,10.0,2.8648490519503174,39.685851537379705,357,False,False,False,False,t1_stable_or_true_release,False,candidate_level_explanation_not_MLIP_consensus_validation
wbm-2-10602,Cl6 Lu1 Rb2,Cl-Lu-Rb,3|Cl-Lu,500,raw_only_requested_budget,0,3,0,3,False,0.030763,False,-1.835313174444444,True,labelable_current_MP_hull,unstable_to_stable,False,False,False,True,False,0.5772480000000004,-0.5772480000000004,True,False,-2.37784,-2.8656,3,not_available_for_wbm_queue_chgnet_mace_missing,0,3.9976320153643705,10.0,1.875624074609153,33.106904168958664,397,False,False,False,False,t1_stable_or_true_release,False,candidate_level_explanation_not_MLIP_consensus_validation
wbm-2-10603,Cl6 Lu1 Rb2,Cl-Lu-Rb,3|Cl-Lu,500,raw_only_requested_budget,0,10,0,10,False,0.034516,False,-1.831560174444448,True,labelable_current_MP_hull,unstable_to_stable,False,False,False,True,False,0.6293479999999998,-0.6293479999999998,True,False,-2.4152499999999995,-2.8505,3,not_available_for_wbm_queue_chgnet_mace_missing,0,5.399430617044307,10.0,2.9958499810476265,33.106904168958664,239,False,False,False,False,t1_stable_or_true_release,False,candidate_level_explanation_not_MLIP_consensus_validation
wbm-2-10616,Cl6 Rb2 Sm1,Cl-Rb-Sm,3|Cl-Rb,500,raw_only_requested_budget,0,12,0,12,False,0.062093,False,-0.7342949577777738,True,labelable_current_MP_hull,unstable_to_stable,False,False,False,False,False,0.624886,-0.624886,True,False,-2.3880799999999995,-2.7563,3,not_available_for_wbm_queue_chgnet_mace_missing,0,5.399430617044307,10.0,3.390907121405556,39.685851537379705,239,False,False,False,False,t1_stable_or_true_release,False,candidate_level_explanation_not_MLIP_consensus_validation
wbm-2-10617,Cl6 Rb2 Sm1,Cl-Rb-Sm,3|Cl-Rb,500,raw_only_requested_budget,0,6,0,6,False,0.081687,False,-0.7147009577777759,True,labelable_current_MP_hull,unstable_to_stable,False,False,False,False,False,0.5808859999999996,-0.5808859999999996,True,False,-2.4021,-2.7524,3,not_available_for_wbm_queue_chgnet_mace_missing,0,4.050112112583752,10.0,3.390907121405556,39.685851537379705,349,False,False,False,False,t1_stable_or_true_release,False,candidate_level_explanation_not_MLIP_consensus_validation
wbm-2-10658,Cl6 Cs2 Zn1,Cl-Cs-Zn,3|Cl-Cs,500,raw_only_requested_budget,0,10,0,10,False,0.085079,False,-1.5052570000000003,True,labelable_current_MP_hull,unstable_to_stable,False,False,False,False,False,0.631264,-0.631264,True,False,-1.7476299999999998,-2.0847,3,not_available_for_wbm_queue_chgnet_mace_missing,0,5.70492179840587,10.0,3.164235027733259,39.685851537379705,263,False,False,False,False,t1_stable_or_true_release,False,candidate_level_explanation_not_MLIP_consensus_validation
wbm-2-10659,Cl6 Rb2 Zn1,Cl-Rb-Zn,3|Cl-Rb,500,raw_only_requested_budget,0,12,0,12,False,0.079688,False,5.512087257777772,False,labelable_current_MP_hull,unstable_to_unstable,True,False,False,False,False,0.6303990000000002,-0.6303990000000002,True,True,-1.71962,-2.048,3,not_available_for_wbm_queue_chgnet_mace_missing,1,5.499319737403038,10.0,3.390907121405556,39.685851537379705,227,False,False,False,False,ALIGNN_FF_disagrees_with_current_MP_label,False,candidate_level_explanation_not_MLIP_consensus_validation
wbm-2-10762,Cl2 Np2 Te2,Cl-Np-Te,3|Cl-Np,500,raw_only_requested_budget,0,11,0,11,False,0.071933,False,8.43236873916667,False,labelable_current_MP_hull,unstable_to_unstable,True,False,False,False,False,0.6191880000000001,-0.6191880000000001,True,True,-1.6933600000000002,-1.6866,3,not_available_for_wbm_queue_chgnet_mace_missing,1,5.210704400324024,10.0,3.390907121405556,39.685851537379705,259,False,False,False,False,ALIGNN_FF_disagrees_with_current_MP_label,False,candidate_level_explanation_not_MLIP_consensus_validation
wbm-2-10799,Br8 Co2 Pd1,Br-Co-Pd,3|Br-Co,500,raw_only_requested_budget,0,1,0,1,False,-0.130043,True,-0.7341210000000018,True,labelable_current_MP_hull,stable_to_stable,False,False,False,False,False,0.5563220000000001,-0.5563220000000001,True,False,-0.6795,-0.7728,3,not_available_for_wbm_queue_chgnet_mace_missing,0,2.9621815726991896,10.0,1.2178016109894885,29.432650133714645,447,False,False,False,False,t1_stable_or_true_release,False,candidate_level_explanation_not_MLIP_consensus_validation
wbm-2-12544,Br10 Cr2,Br-Cr,2|Br-Cr,300,raw_only_requested_budget,0,4,0,4,False,-0.066665,True,-0.9202580000000182,True,labelable_current_MP_hull,stable_to_stable,False,False,False,False,False,0.6570069999999999,-0.6570069999999999,True,False,-1.01135,-1.033,3,not_available_for_wbm_queue_chgnet_mace_missing,0,6.183537263960147,10.0,4.774748419917196,16.36323504953147,168,False,False,False,False,t1_stable_or_true_release,False,candidate_level_explanation_not_MLIP_consensus_validation
wbm-2-12544,Br10 Cr2,Br-Cr,2|Br-Cr,500,raw_only_requested_budget,0,9,0,9,False,-0.066665,True,-0.9202580000000182,True,labelable_current_MP_hull,stable_to_stable,False,False,False,False,False,0.6570069999999999,-0.6570069999999999,True,False,-1.01135,-1.033,3,not_available_for_wbm_queue_chgnet_mace_missing,0,6.458579042100912,10.0,3.094614266137109,29.432650133714645,181,False,False,False,False,t1_stable_or_true_release,False,candidate_level_explanation_not_MLIP_consensus_validation
wbm-2-14664,Cu1 Pm1 Te2,Cu-Pm-Te,3|Cu-Pm,300,raw_only_requested_budget,0,3,0,3,False,-0.496842,True,-0.7084469999999996,True,labelable_current_MP_hull,stable_to_stable,False,False,False,False,False,0.678295,-0.678295,True,False,-0.6981,-0.7723,3,not_available_for_wbm_queue_chgnet_mace_missing,0,6.599351864309193,10.0,3.1260401243485885,16.36323504953147,185,False,False,False,False,t1_stable_or_true_release,False,candidate_level_explanation_not_MLIP_consensus_validation
wbm-2-14664,Cu1 Pm1 Te2,Cu-Pm-Te,3|Cu-Pm,500,raw_only_requested_budget,0,8,0,8,False,-0.496842,True,-0.7084469999999996,True,labelable_current_MP_hull,stable_to_stable,False,False,False,False,False,0.678295,-0.678295,True,False,-0.6981,-0.7723,3,not_available_for_wbm_queue_chgnet_mace_missing,0,7.075164301635225,10.0,3.094614266137109,29.432650133714645,172,False,False,False,False,t1_stable_or_true_release,False,candidate_level_explanation_not_MLIP_consensus_validation
wbm-2-14998,Ce1 F2,Ce-F,2|Ce-F,300,raw_only_requested_budget,0,6,0,6,False,0.212554,False,26.61310424000001,False,labelable_current_MP_hull,unstable_to_unstable,True,False,False,False,False,0.6850519999999998,-0.6850519999999998,True,True,-3.4922000000000004,-3.5235,3,not_available_for_wbm_queue_chgnet_mace_missing,1,6.454241865974273,10.0,4.993083301746044,16.36323504953147,132,False,False,False,False,ALIGNN_FF_disagrees_with_current_MP_label,False,candidate_level_explanation_not_MLIP_consensus_validation
wbm-2-14998,Ce1 F2,Ce-F,2|Ce-F,500,raw_only_requested_budget,0,10,0,10,False,0.212554,False,26.61310424000001,False,labelable_current_MP_hull,unstable_to_unstable,True,False,False,False,False,0.6850519999999998,-0.6850519999999998,True,True,-3.4922000000000004,-3.5235,3,not_available_for_wbm_queue_chgnet_mace_missing,1,7.2523803428846385,10.0,3.164235027733259,29.432650133714645,145,False,False,False,False,ALIGNN_FF_disagrees_with_current_MP_label,False,candidate_level_explanation_not_MLIP_consensus_validation
wbm-2-15000,Dy1 F2,Dy-F,2|Dy-F,500,raw_only_requested_budget,0,9,0,9,False,0.406779,False,26.68653500888888,False,labelable_current_MP_hull,unstable_to_unstable,True,False,False,False,False,0.6422790000000003,-0.6422790000000003,True,True,-3.73678,-3.9438,3,not_available_for_wbm_queue_chgnet_mace_missing,1,6.053004685082268,10.0,3.164235027733259,11.493608026395536,212,False,False,False,False,ALIGNN_FF_disagrees_with_current_MP_label,False,candidate_level_explanation_not_MLIP_consensus_validation
wbm-2-15003,F2 Gd1,F-Gd,2|F-Gd,300,raw_only_requested_budget,0,8,0,8,False,-0.010682,True,-3.666497999999997,True,labelable_current_MP_hull,stable_to_stable,False,True,False,True,False,0.7365840000000006,-0.7365840000000006,True,False,-3.65333,-3.6725,3,not_available_for_wbm_queue_chgnet_mace_missing,0,8.826343681724083,10.0,5.651511869009259,19.83000681704263,62,False,False,False,False,t1_stable_or_true_release,False,candidate_level_explanation_not_MLIP_consensus_validation
wbm-2-15003,F2 Gd1,F-Gd,2|F-Gd,500,raw_only_requested_budget,0,8,0,8,False,-0.010682,True,-3.666497999999997,True,labelable_current_MP_hull,stable_to_stable,False,True,False,True,False,0.7365840000000006,-0.7365840000000006,True,False,-3.65333,-3.6725,3,not_available_for_wbm_queue_chgnet_mace_missing,0,8.826343681724083,10.0,3.390907121405556,39.685851537379705,93,False,False,False,False,t1_stable_or_true_release,False,candidate_level_explanation_not_MLIP_consensus_validation
wbm-2-15007,F2 Lu1,F-Lu,2|F-Lu,500,raw_only_requested_budget,0,10,0,10,False,0.476846,False,27.59385954444444,False,labelable_current_MP_hull,unstable_to_unstable,True,False,False,False,False,0.6303459999999999,-0.6303459999999999,True,True,-3.7303099999999993,-4.0195,3,not_available_for_wbm_queue_chgnet_mace_missing,1,5.598188024218553,10.0,3.390907121405556,39.685851537379705,228,False,False,False,False,ALIGNN_FF_disagrees_with_current_MP_label,False,candidate_level_explanation_not_MLIP_consensus_validation
wbm-2-15010,F2 Pr1,F-Pr,2|F-Pr,300,raw_only_requested_budget,0,1,0,1,False,0.300184,False,24.497528728888884,False,labelable_current_MP_hull,unstable_to_unstable,True,False,False,False,False,0.639894,-0.639894,True,True,-3.580520000000001,-3.6397,3,not_available_for_wbm_queue_chgnet_mace_missing,1,5.708748797738672,10.0,2.965053684829303,10.139041049228304,239,False,False,False,False,ALIGNN_FF_disagrees_with_current_MP_label,False,candidate_level_explanation_not_MLIP_consensus_validation
wbm-2-15010,F2 Pr1,F-Pr,2|F-Pr,500,raw_only_requested_budget,0,13,0,13,False,0.300184,False,24.497528728888884,False,labelable_current_MP_hull,unstable_to_unstable,True,False,False,False,False,0.639894,-0.639894,True,True,-3.580520000000001,-3.6397,3,not_available_for_wbm_queue_chgnet_mace_missing,1,5.932026426840391,10.0,3.390907121405556,33.106904168958664,215,False,False,False,False,ALIGNN_FF_disagrees_with_current_MP_label,False,candidate_level_explanation_not_MLIP_consensus_validation
wbm-2-15017,F2 Tm1,F-Tm,2|F-Tm,300,PARC_release,9,9,9,0,True,0.139585,False,-3.5250670000000017,True,labelable_current_MP_hull,unstable_to_stable,False,False,False,False,False,1.0367479999999998,-1.0367479999999998,True,False,-3.79011,-3.9941,3,not_available_for_wbm_queue_chgnet_mace_missing,0,164.64649723852398,10.0,5.273725046222098,10.926127664038065,66,False,False,False,False,t1_stable_or_true_release,False,candidate_level_explanation_not_MLIP_consensus_validation
wbm-2-15017,F2 Tm1,F-Tm,2|F-Tm,500,PARC_release,8,9,8,1,True,0.139585,False,-3.5250670000000017,True,labelable_current_MP_hull,unstable_to_stable,False,False,False,False,False,1.0367479999999998,-1.0367479999999998,True,False,-3.79011,-3.9941,3,not_available_for_wbm_queue_chgnet_mace_missing,0,164.64649723852398,10.0,3.164235027733259,13.924506444478084,1,False,False,False,False,t1_stable_or_true_release,False,candidate_level_explanation_not_MLIP_consensus_validation
wbm-2-15027,Ca2 F6,Ca-F,2|Ca-F,300,PARC_release,5,5,5,0,True,0.134373,False,9.0370356025,False,labelable_current_MP_hull,unstable_to_unstable,True,False,False,False,False,1.1151049999999998,-1.1151049999999998,True,True,-3.28165,-3.4457,3,not_available_for_wbm_queue_chgnet_mace_missing,1,164.72520471273907,10.0,4.831939338240346,12.674371754430824,21,False,False,False,False,ALIGNN_FF_disagrees_with_current_MP_label,False,candidate_level_explanation_not_MLIP_consensus_validation
wbm-2-15027,Ca2 F6,Ca-F,2|Ca-F,500,PARC_release,5,5,5,0,True,0.134373,False,9.0370356025,False,labelable_current_MP_hull,unstable_to_unstable,True,False,False,False,False,1.1151049999999998,-1.1151049999999998,True,True,-3.28165,-3.4457,3,not_available_for_wbm_queue_chgnet_mace_missing,1,164.72520471273907,10.0,2.899163602944208,33.106904168958664,21,False,False,False,False,ALIGNN_FF_disagrees_with_current_MP_label,False,candidate_level_explanation_not_MLIP_consensus_validation
wbm-2-15028,Cd2 F6,Cd-F,2|Cd-F,500,raw_only_requested_budget,0,2,0,2,False,0.038959,False,7.025197610000003,False,labelable_current_MP_hull,unstable_to_unstable,True,False,False,True,False,0.5779829999999999,-0.5779829999999999,True,True,-2.3499,-2.4498,3,not_available_for_wbm_queue_chgnet_mace_missing,1,4.050112112583752,10.0,1.779032210897582,39.685851537379705,400,False,False,False,False,near_hull_50meV_boundary,False,candidate_level_explanation_not_MLIP_consensus_validation
wbm-2-15210,F8 Na2 Sr2,F-Na-Sr,3|F-Na,300,PARC_release,1,9,1,8,True,-0.022514,True,6.271582855000004,False,labelable_current_MP_hull,stable_to_unstable,True,True,False,True,False,0.8354270000000001,-0.8354270000000001,True,True,-3.23155,-3.4533,3,not_available_for_wbm_queue_chgnet_mace_missing,1,17.3301600176195,10.0,5.273725046222098,10.926127664038065,10,True,True,True,True,near_hull_25meV_boundary,False,candidate_level_explanation_not_MLIP_consensus_validation
wbm-2-15210,F8 Na2 Sr2,F-Na-Sr,3|F-Na,500,raw_only_requested_budget,0,9,0,9,False,-0.022514,True,6.271582855000004,False,labelable_current_MP_hull,stable_to_unstable,True,True,False,True,False,0.8354270000000001,-0.8354270000000001,True,True,-3.23155,-3.4533,3,not_available_for_wbm_queue_chgnet_mace_missing,1,17.3301600176195,10.0,3.164235027733259,13.924506444478084,18,True,True,True,True,near_hull_25meV_boundary,False,candidate_level_explanation_not_MLIP_consensus_validation
wbm-2-15273,F8 Tm2 Zn2,F-Tm-Zn,3|F-Tm,500,raw_only_requested_budget,0,1,0,1,False,-0.171104,True,-3.570344000000002,True,labelable_current_MP_hull,stable_to_stable,False,False,False,False,False,0.5664600000000002,-0.5664600000000002,True,False,-3.4738100000000003,-3.7044,3,not_available_for_wbm_queue_chgnet_mace_missing,0,3.1330243287399413,10.0,1.2178016109894885,29.432650133714645,420,False,False,False,False,t1_stable_or_true_release,False,candidate_level_explanation_not_MLIP_consensus_validation
wbm-2-15292,Al1 Ca1 F6,Al-Ca-F,3|Al-Ca,300,raw_only_requested_budget,0,4,0,4,False,0.020547,False,31.010943837499997,False,labelable_current_MP_hull,unstable_to_unstable,True,True,False,True,False,0.6640999999999995,-0.6640999999999995,True,True,-3.34309,-3.9538,3,not_available_for_wbm_queue_chgnet_mace_missing,1,6.599351864309193,10.0,3.349412495825695,19.83000681704263,194,True,False,True,True,near_hull_25meV_boundary,False,candidate_level_explanation_not_MLIP_consensus_validation
wbm-2-15292,Al1 Ca1 F6,Al-Ca-F,3|Al-Ca,500,raw_only_requested_budget,0,9,0,9,False,0.020547,False,31.010943837499997,False,labelable_current_MP_hull,unstable_to_unstable,True,True,False,True,False,0.6640999999999995,-0.6640999999999995,True,True,-3.34309,-3.9538,3,not_available_for_wbm_queue_chgnet_mace_missing,1,6.599351864309193,10.0,3.164235027733259,39.685851537379705,192,True,False,True,True,near_hull_25meV_boundary,False,candidate_level_explanation_not_MLIP_consensus_validation
wbm-2-15329,Ba1 Dy1 F6,Ba-Dy-F,3|Ba-Dy,300,raw_only_requested_budget,0,13,0,13,False,0.077625,False,20.304831566249995,False,labelable_current_MP_hull,unstable_to_unstable,True,False,False,False,False,0.7389509999999997,-0.7389509999999997,True,True,-4.075670000000001,-4.2035,3,not_available_for_wbm_queue_chgnet_mace_missing,1,10.910795361857884,10.0,5.651511869009259,19.83000681704263,37,False,False,False,False,ALIGNN_FF_disagrees_with_current_MP_label,False,candidate_level_explanation_not_MLIP_consensus_validation
wbm-2-15329,Ba1 Dy1 F6,Ba-Dy-F,3|Ba-Dy,500,raw_only_requested_budget,0,13,0,13,False,0.077625,False,20.304831566249995,False,labelable_current_MP_hull,unstable_to_unstable,True,False,False,False,False,0.7389509999999997,-0.7389509999999997,True,True,-4.075670000000001,-4.2035,3,not_available_for_wbm_queue_chgnet_mace_missing,1,10.910795361857884,10.0,3.390907121405556,39.685851537379705,108,False,False,False,False,ALIGNN_FF_disagrees_with_current_MP_label,False,candidate_level_explanation_not_MLIP_consensus_validation
wbm-2-15330,Ba1 Er1 F6,Ba-Er-F,3|Ba-Er,300,raw_only_requested_budget,0,9,0,9,False,0.083555,False,13.361369775,False,labelable_current_MP_hull,unstable_to_unstable,True,False,False,False,False,0.7373289999999999,-0.7373289999999999,True,True,-4.06274,-4.2272,3,not_available_for_wbm_queue_chgnet_mace_missing,1,10.493075434558586,10.0,5.273725046222098,16.36323504953147,39,False,False,False,True,ALIGNN_FF_disagrees_with_current_MP_label,False,candidate_level_explanation_not_MLIP_consensus_validation
wbm-2-15330,Ba1 Er1 F6,Ba-Er-F,3|Ba-Er,500,raw_only_requested_budget,0,9,0,9,False,0.083555,False,13.361369775,False,labelable_current_MP_hull,unstable_to_unstable,True,False,False,False,False,0.7373289999999999,-0.7373289999999999,True,True,-4.06274,-4.2272,3,not_available_for_wbm_queue_chgnet_mace_missing,1,10.493075434558586,10.0,3.164235027733259,33.106904168958664,89,False,False,False,True,ALIGNN_FF_disagrees_with_current_MP_label,False,candidate_level_explanation_not_MLIP_consensus_validation
wbm-2-15331,Ba1 F6 Gd1,Ba-F-Gd,3|Ba-F,300,raw_only_requested_budget,0,12,0,12,False,-0.071557,True,3.3168922487499994,False,labelable_current_MP_hull,stable_to_unstable,True,False,False,False,False,0.7413370000000001,-0.7413370000000001,True,True,-4.05918,-4.3926,3,not_available_for_wbm_queue_chgnet_mace_missing,1,10.910795361857884,10.0,5.157690443561848,19.83000681704263,33,True,True,False,True,ALIGNN_FF_disagrees_with_current_MP_label,False,candidate_level_explanation_not_MLIP_consensus_validation
wbm-2-15331,Ba1 F6 Gd1,Ba-F-Gd,3|Ba-F,500,raw_only_requested_budget,0,12,0,12,False,-0.071557,True,3.3168922487499994,False,labelable_current_MP_hull,stable_to_unstable,True,False,False,False,False,0.7413370000000001,-0.7413370000000001,True,True,-4.05918,-4.3926,3,not_available_for_wbm_queue_chgnet_mace_missing,1,10.910795361857884,10.0,3.094614266137109,39.685851537379705,86,True,True,False,True,ALIGNN_FF_disagrees_with_current_MP_label,False,candidate_level_explanation_not_MLIP_consensus_validation
wbm-2-15333,Ba1 F6 Ho1,Ba-F-Ho,3|Ba-F,300,raw_only_requested_budget,0,12,0,12,False,0.068383,False,13.355206945,False,labelable_current_MP_hull,unstable_to_unstable,True,False,False,False,False,0.7603020000000003,-0.7603020000000003,True,True,-4.06274,-4.2142,3,not_available_for_wbm_queue_chgnet_mace_missing,1,12.418401164876764,10.0,5.157690443561848,19.83000681704263,11,False,False,False,False,ALIGNN_FF_disagrees_with_current_MP_label,False,candidate_level_explanation_not_MLIP_consensus_validation
wbm-2-15333,Ba1 F6 Ho1,Ba-F-Ho,3|Ba-F,500,raw_only_requested_budget,0,12,0,12,False,0.068383,False,13.355206945,False,labelable_current_MP_hull,unstable_to_unstable,True,False,False,False,False,0.7603020000000003,-0.7603020000000003,True,True,-4.06274,-4.2142,3,not_available_for_wbm_queue_chgnet_mace_missing,1,12.418401164876764,10.0,3.094614266137109,39.685851537379705,65,False,False,False,False,ALIGNN_FF_disagrees_with_current_MP_label,False,candidate_level_explanation_not_MLIP_consensus_validation
wbm-2-15335,Ba1 F6 Lu1,Ba-F-Lu,3|Ba-F,300,raw_only_requested_budget,0,12,0,12,False,0.063113,False,32.780060851250006,False,labelable_current_MP_hull,unstable_to_unstable,True,False,False,False,False,0.7255729999999998,-0.7255729999999998,True,True,-4.11277,-4.2515,3,not_available_for_wbm_queue_chgnet_mace_missing,1,9.121010416574991,10.0,5.157690443561848,19.83000681704263,58,False,False,False,True,ALIGNN_FF_disagrees_with_current_MP_label,False,candidate_level_explanation_not_MLIP_consensus_validation
wbm-2-15335,Ba1 F6 Lu1,Ba-F-Lu,3|Ba-F,500,raw_only_requested_budget,0,12,0,12,False,0.063113,False,32.780060851250006,False,labelable_current_MP_hull,unstable_to_unstable,True,False,False,False,False,0.7255729999999998,-0.7255729999999998,True,True,-4.11277,-4.2515,3,not_available_for_wbm_queue_chgnet_mace_missing,1,9.121010416574991,10.0,3.094614266137109,39.685851537379705,108,False,False,False,True,ALIGNN_FF_disagrees_with_current_MP_label,False,candidate_level_explanation_not_MLIP_consensus_validation
wbm-2-15340,Ba1 F6 Tm1,Ba-F-Tm,3|Ba-F,300,raw_only_requested_budget,0,12,0,12,False,0.075942,False,3.257281248749999,False,labelable_current_MP_hull,unstable_to_unstable,True,False,False,False,False,0.7518270000000005,-0.7518270000000005,True,True,-4.106760000000001,-4.2465,3,not_available_for_wbm_queue_chgnet_mace_missing,1,11.37349586079201,10.0,5.157690443561848,19.83000681704263,22,False,False,False,True,ALIGNN_FF_disagrees_with_current_MP_label,False,candidate_level_explanation_not_MLIP_consensus_validation
wbm-2-15340,Ba1 F6 Tm1,Ba-F-Tm,3|Ba-F,500,raw_only_requested_budget,0,12,0,12,False,0.075942,False,3.257281248749999,False,labelable_current_MP_hull,unstable_to_unstable,True,False,False,False,False,0.7518270000000005,-0.7518270000000005,True,True,-4.106760000000001,-4.2465,3,not_available_for_wbm_queue_chgnet_mace_missing,1,11.37349586079201,10.0,3.094614266137109,39.685851537379705,74,False,False,False,True,ALIGNN_FF_disagrees_with_current_MP_label,False,candidate_level_explanation_not_MLIP_consensus_validation
wbm-2-15347,Ca1 Eu1 F6,Ca-Eu-F,3|Ca-Eu,300,raw_only_requested_budget,0,7,0,7,False,0.01905,False,8.8319421675,False,labelable_current_MP_hull,unstable_to_unstable,True,True,False,True,False,0.7309189999999997,-0.7309189999999997,True,True,-3.60673,-3.9901,3,not_available_for_wbm_queue_chgnet_mace_missing,1,9.421999145266588,10.0,5.273725046222098,12.674371754430824,86,True,True,True,True,near_hull_25meV_boundary,False,candidate_level_explanation_not_MLIP_consensus_validation
wbm-2-15347,Ca1 Eu1 F6,Ca-Eu-F,3|Ca-Eu,500,raw_only_requested_budget,0,7,0,7,False,0.01905,False,8.8319421675,False,labelable_current_MP_hull,unstable_to_unstable,True,True,False,True,False,0.7309189999999997,-0.7309189999999997,True,True,-3.60673,-3.9901,3,not_available_for_wbm_queue_chgnet_mace_missing,1,9.421999145266588,10.0,3.164235027733259,33.106904168958664,99,True,True,True,True,near_hull_25meV_boundary,False,candidate_level_explanation_not_MLIP_consensus_validation
wbm-2-15348,Ca1 F6 Gd1,Ca-F-Gd,3|Ca-F,300,raw_only_requested_budget,0,2,0,2,False,-0.07118,True,2.323756801249999,False,labelable_current_MP_hull,stable_to_unstable,True,False,False,False,False,0.6604080000000003,-0.6604080000000003,True,True,-4.01112,-3.9064,3,not_available_for_wbm_queue_chgnet_mace_missing,1,5.929371139030759,10.0,4.774748419917196,1.8250474299543316,163,True,True,False,True,ALIGNN_FF_disagrees_with_current_MP_label,False,candidate_level_explanation_not_MLIP_consensus_validation
wbm-2-15348,Ca1 F6 Gd1,Ca-F-Gd,3|Ca-F,500,raw_only_requested_budget,0,8,0,8,False,-0.07118,True,2.323756801249999,False,labelable_current_MP_hull,stable_to_unstable,True,False,False,False,False,0.6604080000000003,-0.6604080000000003,True,True,-4.01112,-3.9064,3,not_available_for_wbm_queue_chgnet_mace_missing,1,6.6037885761795,10.0,3.164235027733259,13.924506444478084,176,True,True,False,True,ALIGNN_FF_disagrees_with_current_MP_label,False,candidate_level_explanation_not_MLIP_consensus_validation
wbm-2-15369,Ca1 F6 Sr1,Ca-F-Sr,3|Ca-F,300,PARC_release,8,8,8,0,True,0.148675,False,10.0552081925,False,labelable_current_MP_hull,unstable_to_unstable,True,False,False,False,False,1.054902000000001,-1.054902000000001,True,True,-3.32814,-3.5047,3,not_available_for_wbm_queue_chgnet_mace_missing,1,164.72520471273907,10.0,5.273725046222098,10.926127664038065,61,False,False,False,False,ALIGNN_FF_disagrees_with_current_MP_label,False,candidate_level_explanation_not_MLIP_consensus_validation
wbm-2-15369,Ca1 F6 Sr1,Ca-F-Sr,3|Ca-F,500,PARC_release,8,8,8,0,True,0.148675,False,10.0552081925,False,labelable_current_MP_hull,unstable_to_unstable,True,False,False,False,False,1.054902000000001,-1.054902000000001,True,True,-3.32814,-3.5047,3,not_available_for_wbm_queue_chgnet_mace_missing,1,164.72520471273907,10.0,3.164235027733259,13.924506444478084,61,False,False,False,False,ALIGNN_FF_disagrees_with_current_MP_label,False,candidate_level_explanation_not_MLIP_consensus_validation
wbm-2-15374,Ca1 F6 Yb1,Ca-F-Yb,3|Ca-F,300,PARC_release,7,8,7,1,True,0.157827,False,,False,unresolved_current_MP_missing_element_reference,unstable_to_unresolved,True,False,False,False,False,1.0000659999999997,-1.0000659999999997,True,True,-3.31239,-3.4476,3,not_available_for_wbm_queue_chgnet_mace_missing,1,89.59744867750774,10.0,5.273725046222098,10.926127664038065,3,False,False,False,False,unresolved_current_MP_hull_reference,False,candidate_level_explanation_not_MLIP_consensus_validation
wbm-2-15374,Ca1 F6 Yb1,Ca-F-Yb,3|Ca-F,500,PARC_release,5,8,5,3,True,0.157827,False,,False,unresolved_current_MP_missing_element_reference,unstable_to_unresolved,True,False,False,False,False,1.0000659999999997,-1.0000659999999997,True,True,-3.31239,-3.4476,3,not_available_for_wbm_queue_chgnet_mace_missing,1,89.59744867750774,10.0,3.164235027733259,13.924506444478084,2,False,False,False,False,unresolved_current_MP_hull_reference,False,candidate_level_explanation_not_MLIP_consensus_validation
wbm-2-15376,Ca1 F6 Zn1,Ca-F-Zn,3|Ca-F,300,PARC_release,1,8,1,7,True,0.05705,False,3.532258801250002,False,labelable_current_MP_hull,unstable_to_unstable,True,False,False,False,False,0.8607800000000001,-0.8607800000000001,True,True,-2.67174,-2.9511,3,not_available_for_wbm_queue_chgnet_mace_missing,1,23.93604341177539,10.0,5.273725046222098,10.926127664038065,1,False,False,False,False,ALIGNN_FF_disagrees_with_current_MP_label,False,candidate_level_explanation_not_MLIP_consensus_validation
wbm-2-15376,Ca1 F6 Zn1,Ca-F-Zn,3|Ca-F,500,raw_only_requested_budget,0,8,0,8,False,0.05705,False,3.532258801250002,False,labelable_current_MP_hull,unstable_to_unstable,True,False,False,False,False,0.8607800000000001,-0.8607800000000001,True,True,-2.67174,-2.9511,3,not_available_for_wbm_queue_chgnet_mace_missing,1,23.93604341177539,10.0,3.164235027733259,13.924506444478084,14,False,False,False,False,ALIGNN_FF_disagrees_with_current_MP_label,False,candidate_level_explanation_not_MLIP_consensus_validation
wbm-2-15383,Cd1 Dy1 F6,Cd-Dy-F,3|Cd-Dy,500,raw_only_requested_budget,0,6,0,6,False,0.072485,False,18.3479651225,False,labelable_current_MP_hull,unstable_to_unstable,True,False,False,False,False,0.6158589999999999,-0.6158589999999999,True,True,-3.42608,-3.5516,3,not_available_for_wbm_queue_chgnet_mace_missing,1,4.962236359212536,10.0,3.390907121405556,39.685851537379705,264,False,False,False,False,ALIGNN_FF_disagrees_with_current_MP_label,False,candidate_level_explanation_not_MLIP_consensus_validation
wbm-2-15384,Cd1 Er1 F6,Cd-Er-F,3|Cd-Er,300,raw_only_requested_budget,0,3,0,3,False,0.066265,False,11.41213733125,False,labelable_current_MP_hull,unstable_to_unstable,True,False,False,False,False,0.6426210000000001,-0.6426210000000001,True,True,-3.39482,-3.5815,3,not_available_for_wbm_queue_chgnet_mace_missing,1,5.82000752734174,10.0,2.965053684829303,19.83000681704263,236,False,False,False,True,ALIGNN_FF_disagrees_with_current_MP_label,False,candidate_level_explanation_not_MLIP_consensus_validation
wbm-2-15384,Cd1 Er1 F6,Cd-Er-F,3|Cd-Er,500,raw_only_requested_budget,0,11,0,11,False,0.066265,False,11.41213733125,False,labelable_current_MP_hull,unstable_to_unstable,True,False,False,False,False,0.6426210000000001,-0.6426210000000001,True,True,-3.39482,-3.5815,3,not_available_for_wbm_queue_chgnet_mace_missing,1,6.053004685082268,10.0,3.390907121405556,39.685851537379705,210,False,False,False,True,ALIGNN_FF_disagrees_with_current_MP_label,False,candidate_level_explanation_not_MLIP_consensus_validation
wbm-2-15385,Cd1 F6 Gd1,Cd-F-Gd,3|Cd-F,300,raw_only_requested_budget,0,11,0,11,False,-0.094431,True,1.3422938049999988,False,labelable_current_MP_hull,stable_to_unstable,True,False,False,False,False,0.7257470000000001,-0.7257470000000001,True,True,-3.40313,-3.4557,3,not_available_for_wbm_queue_chgnet_mace_missing,1,9.10867280702932,10.0,5.273725046222098,16.36323504953147,56,True,True,False,True,ALIGNN_FF_disagrees_with_current_MP_label,False,candidate_level_explanation_not_MLIP_consensus_validation
wbm-2-15385,Cd1 F6 Gd1,Cd-F-Gd,3|Cd-F,500,raw_only_requested_budget,0,11,0,11,False,-0.094431,True,1.3422938049999988,False,labelable_current_MP_hull,stable_to_unstable,True,False,False,False,False,0.7257470000000001,-0.7257470000000001,True,True,-3.40313,-3.4557,3,not_available_for_wbm_queue_chgnet_mace_missing,1,9.10867280702932,10.0,3.164235027733259,29.432650133714645,106,True,True,False,True,ALIGNN_FF_disagrees_with_current_MP_label,False,candidate_level_explanation_not_MLIP_consensus_validation
wbm-2-15387,Cd1 F6 Ho1,Cd-F-Ho,3|Cd-F,300,raw_only_requested_budget,0,2,0,2,False,0.066962,False,11.402060501250002,False,labelable_current_MP_hull,unstable_to_unstable,True,False,False,False,False,0.6458109999999997,-0.6458109999999997,True,True,-3.39482,-3.5654,3,not_available_for_wbm_queue_chgnet_mace_missing,1,5.936008970186071,10.0,2.965053684829303,16.36323504953147,227,False,False,False,True,ALIGNN_FF_disagrees_with_current_MP_label,False,candidate_level_explanation_not_MLIP_consensus_validation
wbm-2-15387,Cd1 F6 Ho1,Cd-F-Ho,3|Cd-F,500,raw_only_requested_budget,0,11,0,11,False,0.066962,False,11.402060501250002,False,labelable_current_MP_hull,unstable_to_unstable,True,False,False,False,False,0.6458109999999997,-0.6458109999999997,True,True,-3.39482,-3.5654,3,not_available_for_wbm_queue_chgnet_mace_missing,1,6.179385168110146,10.0,3.164235027733259,29.432650133714645,203,False,False,False,True,ALIGNN_FF_disagrees_with_current_MP_label,False,candidate_level_explanation_not_MLIP_consensus_validation
wbm-2-15396,Cd1 F6 Tm1,Cd-F-Tm,3|Cd-F,300,PARC_release,3,11,3,8,True,-0.120483,True,1.3112708049999997,False,labelable_current_MP_hull,stable_to_unstable,True,False,False,False,False,0.8168760000000002,-0.8168760000000002,True,True,-3.44373,-3.6007,3,not_available_for_wbm_queue_chgnet_mace_missing,1,17.306411900418205,10.0,5.273725046222098,16.36323504953147,18,False,False,False,False,ALIGNN_FF_disagrees_with_current_MP_label,False,candidate_level_explanation_not_MLIP_consensus_validation
wbm-2-15396,Cd1 F6 Tm1,Cd-F-Tm,3|Cd-F,500,raw_only_requested_budget,0,11,0,11,False,-0.120483,True,1.3112708049999997,False,labelable_current_MP_hull,stable_to_unstable,True,False,False,False,False,0.8168760000000002,-0.8168760000000002,True,True,-3.44373,-3.6007,3,not_available_for_wbm_queue_chgnet_mace_missing,1,17.306411900418205,10.0,3.164235027733259,29.432650133714645,25,False,False,False,False,ALIGNN_FF_disagrees_with_current_MP_label,False,candidate_level_explanation_not_MLIP_consensus_validation
wbm-2-15448,Cs2 F6 Lu1,Cs-F-Lu,3|Cs-F,500,raw_only_requested_budget,0,6,0,6,False,0.224195,False,12.469151772222224,False,labelable_current_MP_hull,unstable_to_unstable,True,False,False,False,False,0.5714730000000001,-0.5714730000000001,True,True,-3.42624,-3.651,3,not_available_for_wbm_queue_chgnet_mace_missing,1,3.89856845817538,10.0,3.390907121405556,39.685851537379705,379,False,False,False,False,ALIGNN_FF_disagrees_with_current_MP_label,False,candidate_level_explanation_not_MLIP_consensus_validation
wbm-2-15450,Cs2 F6 Nd1,Cs-F-Nd,3|Cs-F,300,raw_only_requested_budget,0,8,0,8,False,-0.058757,True,11.993129843333334,False,labelable_current_MP_hull,stable_to_unstable,True,False,False,False,False,0.6631750000000003,-0.6631750000000003,True,True,-3.47032,-3.6431,3,not_available_for_wbm_queue_chgnet_mace_missing,1,6.454241865974273,10.0,5.651511869009259,19.83000681704263,135,True,True,False,True,ALIGNN_FF_disagrees_with_current_MP_label,False,candidate_level_explanation_not_MLIP_consensus_validation
wbm-2-15450,Cs2 F6 Nd1,Cs-F-Nd,3|Cs-F,500,raw_only_requested_budget,0,11,0,11,False,-0.058757,True,11.993129843333334,False,labelable_current_MP_hull,stable_to_unstable,True,False,False,False,False,0.6631750000000003,-0.6631750000000003,True,True,-3.47032,-3.6431,3,not_available_for_wbm_queue_chgnet_mace_missing,1,6.756163952148922,10.0,3.390907121405556,39.685851537379705,172,True,True,False,True,ALIGNN_FF_disagrees_with_current_MP_label,False,candidate_level_explanation_not_MLIP_consensus_validation
wbm-2-15460,Cs2 F6 Tm1,Cs-F-Tm,3|Cs-F,500,raw_only_requested_budget,0,9,0,9,False,-0.232426,True,-3.328113999999996,True,labelable_current_MP_hull,stable_to_stable,False,False,False,False,False,0.5980120000000002,-0.5980120000000002,True,False,-3.31542,-3.6728,3,not_available_for_wbm_queue_chgnet_mace_missing,0,4.656253816440382,10.0,3.390907121405556,39.685851537379705,309,False,False,False,False,t1_stable_or_true_release,False,candidate_level_explanation_not_MLIP_consensus_validation
wbm-2-15500,Cu1 F6 Rb1,Cu-F-Rb,3|Cu-F,300,raw_only_requested_budget,0,5,0,5,False,-0.134641,True,0.0943778012499994,False,labelable_current_MP_hull,stable_to_unstable,True,False,False,False,False,0.675705,-0.675705,True,True,-1.6377200000000005,-2.181,3,not_available_for_wbm_queue_chgnet_mace_missing,1,7.084698184134033,10.0,3.676226167219616,16.36323504953147,176,True,True,True,True,ALIGNN_FF_disagrees_with_current_MP_label,False,candidate_level_explanation_not_MLIP_consensus_validation
wbm-2-15500,Cu1 F6 Rb1,Cu-F-Rb,3|Cu-F,500,raw_only_requested_budget,0,9,0,9,False,-0.134641,True,0.0943778012499994,False,labelable_current_MP_hull,stable_to_unstable,True,False,False,False,False,0.675705,-0.675705,True,True,-1.6377200000000005,-2.181,3,not_available_for_wbm_queue_chgnet_mace_missing,1,7.084698184134033,10.0,3.164235027733259,33.106904168958664,191,True,True,True,True,ALIGNN_FF_disagrees_with_current_MP_label,False,candidate_level_explanation_not_MLIP_consensus_validation
wbm-2-15503,Cu1 F6 Sr1,Cu-F-Sr,3|Cu-F,500,raw_only_requested_budget,0,1,0,1,False,-0.185909,True,5.881480635625,False,labelable_current_MP_hull,stable_to_unstable,True,False,False,False,False,0.566853,-0.566853,True,True,-2.49347,-2.8221,3,not_available_for_wbm_queue_chgnet_mace_missing,1,3.1330243287399413,10.0,1.2178016109894885,29.432650133714645,419,False,False,False,False,ALIGNN_FF_disagrees_with_current_MP_label,False,candidate_level_explanation_not_MLIP_consensus_validation
wbm-2-15504,Cu1 F6,Cu-F,2|Cu-F,300,raw_only_requested_budget,0,4,0,4,False,-0.137503,True,-0.9144599999999992,True,labelable_current_MP_hull,stable_to_stable,False,False,False,False,False,0.667743,-0.667743,True,False,-1.04247,-1.2802,3,not_available_for_wbm_queue_chgnet_mace_missing,0,6.314375105195275,10.0,5.651511869009259,16.36323504953147,128,True,True,False,True,t1_stable_or_true_release,False,candidate_level_explanation_not_MLIP_consensus_validation
wbm-2-15504,Cu1 F6,Cu-F,2|Cu-F,500,raw_only_requested_budget,0,10,0,10,False,-0.137503,True,-0.9144599999999992,True,labelable_current_MP_hull,stable_to_stable,False,False,False,False,False,0.667743,-0.667743,True,False,-1.04247,-1.2802,3,not_available_for_wbm_queue_chgnet_mace_missing,0,7.084698184134033,10.0,3.390907121405556,33.106904168958664,176,True,True,False,True,t1_stable_or_true_release,False,candidate_level_explanation_not_MLIP_consensus_validation
wbm-2-15599,F6 In1 K2,F-In-K,3|F-In,500,raw_only_requested_budget,0,7,0,7,False,0.073516,False,-0.887399397777763,True,labelable_current_MP_hull,unstable_to_stable,False,False,False,False,False,0.5956009999999998,-0.5956009999999998,True,False,-2.61665,-3.0046,3,not_available_for_wbm_queue_chgnet_mace_missing,0,4.271583347731171,10.0,3.390907121405556,39.685851537379705,313,False,False,False,False,t1_stable_or_true_release,False,candidate_level_explanation_not_MLIP_consensus_validation
wbm-2-15724,Co1 F6 K1,Co-F-K,3|Co-F,500,raw_only_requested_budget,0,11,0,11,False,-0.122985,True,-1.0925234737499991,True,labelable_current_MP_hull,stable_to_stable,False,False,False,False,False,0.6352019999999996,-0.6352019999999996,True,False,-1.95089,-2.4712,3,not_available_for_wbm_queue_chgnet_mace_missing,0,5.816104394315984,10.0,3.390907121405556,12.726465504194358,221,False,False,False,False,t1_stable_or_true_release,False,candidate_level_explanation_not_MLIP_consensus_validation
wbm-2-15780,F6 K1 Mn1,F-K-Mn,3|F-K,500,raw_only_requested_budget,0,3,0,3,False,-0.024385,True,-1.4391654737499948,True,labelable_current_MP_hull,stable_to_stable,False,True,False,True,False,0.5995600000000003,-0.5995600000000003,True,False,-2.4283500000000005,-2.9609,3,not_available_for_wbm_queue_chgnet_mace_missing,0,4.392357022208061,10.0,2.8970856959581446,6.361295373094599,320,False,False,False,False,t1_stable_or_true_release,False,candidate_level_explanation_not_MLIP_consensus_validation
wbm-2-15849,Ba1 F6 Mg1,Ba-F-Mg,3|Ba-F,500,raw_only_requested_budget,0,6,0,6,False,-0.03361,True,9.402626648749996,False,labelable_current_MP_hull,stable_to_unstable,True,False,False,True,False,0.5909119999999999,-0.5909119999999999,True,True,-3.11236,-3.4089,3,not_available_for_wbm_queue_chgnet_mace_missing,1,4.330107757787691,10.0,2.109993696019431,39.685851537379705,361,False,False,False,False,near_hull_50meV_boundary,False,candidate_level_explanation_not_MLIP_consensus_validation
wbm-2-15850,Ca1 F6 Mg1,Ca-F-Mg,3|Ca-F,500,raw_only_requested_budget,0,8,0,8,False,0.092912,False,8.53563620125,False,labelable_current_MP_hull,unstable_to_unstable,True,False,False,False,False,0.6280830000000002,-0.6280830000000002,True,True,-3.13643,-3.4168,3,not_available_for_wbm_queue_chgnet_mace_missing,1,5.217681884706454,10.0,3.164235027733259,13.924506444478084,242,False,False,False,False,ALIGNN_FF_disagrees_with_current_MP_label,False,candidate_level_explanation_not_MLIP_consensus_validation
wbm-2-15853,Dy1 F6 Mg1,Dy-F-Mg,3|Dy-F,300,raw_only_requested_budget,0,9,0,9,False,0.058005,False,18.8317597175,False,labelable_current_MP_hull,unstable_to_unstable,True,False,False,False,False,0.7284990000000002,-0.7284990000000002,True,True,-3.7752,-4.1792,3,not_available_for_wbm_queue_chgnet_mace_missing,1,9.421999145266588,10.0,5.157690443561848,19.83000681704263,52,False,False,False,True,ALIGNN_FF_disagrees_with_current_MP_label,False,candidate_level_explanation_not_MLIP_consensus_validation
wbm-2-15853,Dy1 F6 Mg1,Dy-F-Mg,3|Dy-F,500,raw_only_requested_budget,0,9,0,9,False,0.058005,False,18.8317597175,False,labelable_current_MP_hull,unstable_to_unstable,True,False,False,False,False,0.7284990000000002,-0.7284990000000002,True,True,-3.7752,-4.1792,3,not_available_for_wbm_queue_chgnet_mace_missing,1,9.421999145266588,10.0,3.094614266137109,39.685851537379705,101,False,False,False,True,ALIGNN_FF_disagrees_with_current_MP_label,False,candidate_level_explanation_not_MLIP_consensus_validation
wbm-2-15854,Er1 F6 Mg1,Er-F-Mg,3|Er-F,300,raw_only_requested_budget,0,11,0,11,False,0.048242,False,11.89238792625,False,labelable_current_MP_hull,unstable_to_unstable,True,False,False,True,False,0.7204599999999997,-0.7204599999999997,True,True,-3.71604,-4.1944,3,not_available_for_wbm_queue_chgnet_mace_missing,1,9.121010416574991,10.0,5.651511869009259,16.36323504953147,81,False,False,False,True,near_hull_50meV_boundary,False,candidate_level_explanation_not_MLIP_consensus_validation
wbm-2-15854,Er1 F6 Mg1,Er-F-Mg,3|Er-F,500,raw_only_requested_budget,0,12,0,12,False,0.048242,False,11.89238792625,False,labelable_current_MP_hull,unstable_to_unstable,True,False,False,True,False,0.7204599999999997,-0.7204599999999997,True,True,-3.71604,-4.1944,3,not_available_for_wbm_queue_chgnet_mace_missing,1,9.121010416574991,10.0,3.390907121405556,33.106904168958664,118,False,False,False,True,near_hull_50meV_boundary,False,candidate_level_explanation_not_MLIP_consensus_validation
wbm-2-15855,Eu1 F6 Mg1,Eu-F-Mg,3|Eu-F,300,raw_only_requested_budget,0,10,0,10,False,0.020849,False,8.373802766249998,False,labelable_current_MP_hull,unstable_to_unstable,True,True,False,True,False,0.7314969999999996,-0.7314969999999996,True,True,-3.4093600000000004,-4.0319,3,not_available_for_wbm_queue_chgnet_mace_missing,1,9.42837977622825,10.0,5.157690443561848,12.674371754430824,48,True,False,True,True,near_hull_25meV_boundary,False,candidate_level_explanation_not_MLIP_consensus_validation
wbm-2-15855,Eu1 F6 Mg1,Eu-F-Mg,3|Eu-F,500,raw_only_requested_budget,0,10,0,10,False,0.020849,False,8.373802766249998,False,labelable_current_MP_hull,unstable_to_unstable,True,True,False,True,False,0.7314969999999996,-0.7314969999999996,True,True,-3.4093600000000004,-4.0319,3,not_available_for_wbm_queue_chgnet_mace_missing,1,9.42837977622825,10.0,3.094614266137109,33.106904168958664,96,True,False,True,True,near_hull_25meV_boundary,False,candidate_level_explanation_not_MLIP_consensus_validation
wbm-2-15858,F6 Ho1 Mg1,F-Ho-Mg,3|F-Ho,300,raw_only_requested_budget,0,9,0,9,False,0.050865,False,11.88423809625,False,labelable_current_MP_hull,unstable_to_unstable,True,False,False,False,False,0.7236509999999998,-0.7236509999999998,True,True,-3.71604,-4.1839,3,not_available_for_wbm_queue_chgnet_mace_missing,1,9.121010416574991,10.0,5.157690443561848,12.674371754430824,61,False,False,False,True,ALIGNN_FF_disagrees_with_current_MP_label,False,candidate_level_explanation_not_MLIP_consensus_validation
wbm-2-15858,F6 Ho1 Mg1,F-Ho-Mg,3|F-Ho,500,raw_only_requested_budget,0,9,0,9,False,0.050865,False,11.88423809625,False,labelable_current_MP_hull,unstable_to_unstable,True,False,False,False,False,0.7236509999999998,-0.7236509999999998,True,True,-3.71604,-4.1839,3,not_available_for_wbm_queue_chgnet_mace_missing,1,9.121010416574991,10.0,3.094614266137109,33.106904168958664,111,False,False,False,True,ALIGNN_FF_disagrees_with_current_MP_label,False,candidate_level_explanation_not_MLIP_consensus_validation
wbm-2-15864,F6 Lu1 Mg1,F-Lu-Mg,3|F-Lu,300,PARC_release,1,11,1,10,True,0.018977,False,19.26368714375,False,labelable_current_MP_hull,unstable_to_unstable,True,True,False,True,False,0.7970910000000004,-0.7970910000000004,True,True,-3.77606,-4.1943,3,not_available_for_wbm_queue_chgnet_mace_missing,1,15.283544375734625,10.0,5.273725046222098,19.83000681704263,36,True,False,True,True,near_hull_25meV_boundary,False,candidate_level_explanation_not_MLIP_consensus_validation
wbm-2-15864,F6 Lu1 Mg1,F-Lu-Mg,3|F-Lu,500,raw_only_requested_budget,0,11,0,11,False,0.018977,False,19.26368714375,False,labelable_current_MP_hull,unstable_to_unstable,True,True,False,True,False,0.7970910000000004,-0.7970910000000004,True,True,-3.77606,-4.1943,3,not_available_for_wbm_queue_chgnet_mace_missing,1,15.283544375734625,10.0,3.164235027733259,39.685851537379705,62,True,False,True,True,near_hull_25meV_boundary,False,candidate_level_explanation_not_MLIP_consensus_validation
wbm-2-15877,F6 Mg1 Sr1,F-Mg-Sr,3|F-Mg,300,raw_only_requested_budget,0,1,0,1,False,0.099842,False,44.64288761625,False,labelable_current_MP_hull,unstable_to_unstable,True,False,False,False,False,0.6442789999999996,-0.6442789999999996,True,True,-3.16975,-3.5366,3,not_available_for_wbm_queue_chgnet_mace_missing,1,5.82000752734174,10.0,2.965053684829303,10.139041049228304,231,False,False,False,False,ALIGNN_FF_disagrees_with_current_MP_label,False,candidate_level_explanation_not_MLIP_consensus_validation
wbm-2-15877,F6 Mg1 Sr1,F-Mg-Sr,3|F-Mg,500,raw_only_requested_budget,0,8,0,8,False,0.099842,False,44.64288761625,False,labelable_current_MP_hull,unstable_to_unstable,True,False,False,False,False,0.6442789999999996,-0.6442789999999996,True,True,-3.16975,-3.5366,3,not_available_for_wbm_queue_chgnet_mace_missing,1,6.053004685082268,10.0,3.390907121405556,12.726465504194358,208,False,False,False,False,ALIGNN_FF_disagrees_with_current_MP_label,False,candidate_level_explanation_not_MLIP_consensus_validation
wbm-2-15970,F6 Mn1 Na1,F-Mn-Na,3|F-Mn,500,raw_only_requested_budget,0,7,0,7,False,-0.111068,True,-2.344706000000002,True,labelable_current_MP_hull,stable_to_stable,False,False,False,False,False,0.6437620000000002,-0.6437620000000002,True,False,-2.46818,-2.846,3,not_available_for_wbm_queue_chgnet_mace_missing,0,5.939991047915414,10.0,2.8970856959581446,33.106904168958664,248,False,False,False,False,t1_stable_or_true_release,False,candidate_level_explanation_not_MLIP_consensus_validation
wbm-2-16012,Cu1 F6 Ni1,Cu-F-Ni,3|Cu-F,300,raw_only_requested_budget,0,5,0,5,False,-0.102085,True,-0.1468282062499994,True,labelable_current_MP_hull,stable_to_stable,False,False,False,False,False,0.6810520000000002,-0.6810520000000002,True,False,-1.71476,-2.1296,3,not_available_for_wbm_queue_chgnet_mace_missing,0,7.262157980969153,10.0,3.676226167219616,16.36323504953147,169,True,True,True,True,t1_stable_or_true_release,False,candidate_level_explanation_not_MLIP_consensus_validation
wbm-2-16012,Cu1 F6 Ni1,Cu-F-Ni,3|Cu-F,500,raw_only_requested_budget,0,9,0,9,False,-0.102085,True,-0.1468282062499994,True,labelable_current_MP_hull,stable_to_stable,False,False,False,False,False,0.6810520000000002,-0.6810520000000002,True,False,-1.71476,-2.1296,3,not_available_for_wbm_queue_chgnet_mace_missing,0,7.262157980969153,10.0,3.164235027733259,33.106904168958664,184,True,True,True,True,t1_stable_or_true_release,False,candidate_level_explanation_not_MLIP_consensus_validation
wbm-2-16019,F6 Hg1 Ni1,F-Hg-Ni,3|F-Hg,500,raw_only_requested_budget,0,8,0,8,False,-0.055221,True,2.239388615,False,labelable_current_MP_hull,stable_to_unstable,True,False,False,False,False,0.6135340000000002,-0.6135340000000002,True,True,-1.56801,-2.0977,3,not_available_for_wbm_queue_chgnet_mace_missing,1,5.03762514135281,10.0,3.094614266137109,7.78141055913941,279,False,False,False,False,ALIGNN_FF_disagrees_with_current_MP_label,False,candidate_level_explanation_not_MLIP_consensus_validation
wbm-2-16031,F6 Ni1 Rb1,F-Ni-Rb,3|F-Ni,500,raw_only_requested_budget,0,5,0,5,False,0.018343,False,10.803220777499998,False,labelable_current_MP_hull,unstable_to_unstable,True,True,False,True,False,0.59283,-0.59283,True,True,-1.7012100000000003,-2.3271,3,not_available_for_wbm_queue_chgnet_mace_missing,1,4.586875680264978,10.0,2.205735700331769,39.685851537379705,359,False,False,False,False,near_hull_25meV_boundary,False,candidate_level_explanation_not_MLIP_consensus_validation
wbm-2-16086,Eu1 F6 Rb2,Eu-F-Rb,3|Eu-F,500,raw_only_requested_budget,0,9,0,9,False,-0.004183,True,4.129117037777775,False,labelable_current_MP_hull,stable_to_unstable,True,True,False,True,False,0.6091150000000001,-0.6091150000000001,True,True,-3.05879,-3.6063,3,not_available_for_wbm_queue_chgnet_mace_missing,1,5.03762514135281,10.0,3.094614266137109,33.106904168958664,291,False,False,False,False,near_hull_25meV_boundary,False,candidate_level_explanation_not_MLIP_consensus_validation
wbm-2-16091,F6 Nd1 Rb2,F-Nd-Rb,3|F-Nd,500,raw_only_requested_budget,0,3,0,3,False,0.132787,False,13.725208555555556,False,labelable_current_MP_hull,unstable_to_unstable,True,False,False,False,False,0.591053,-0.591053,True,True,-3.49685,-3.5974,3,not_available_for_wbm_queue_chgnet_mace_missing,1,4.271583347731171,10.0,2.109993696019431,29.432650133714645,360,False,False,False,False,ALIGNN_FF_disagrees_with_current_MP_label,False,candidate_level_explanation_not_MLIP_consensus_validation
wbm-2-16097,F6 Pr1 Rb2,F-Pr-Rb,3|F-Pr,500,raw_only_requested_budget,0,1,0,1,False,0.141513,False,12.488881076666663,False,labelable_current_MP_hull,unstable_to_unstable,True,False,False,False,False,0.5587859999999996,-0.5587859999999996,True,True,-3.4539300000000006,-3.5793,3,not_available_for_wbm_queue_chgnet_mace_missing,1,2.989261463022507,10.0,1.2178016109894885,29.432650133714645,439,False,False,False,False,ALIGNN_FF_disagrees_with_current_MP_label,False,candidate_level_explanation_not_MLIP_consensus_validation
wbm-2-16099,F6 Rb2 Sm1,F-Rb-Sm,3|F-Rb,500,raw_only_requested_budget,0,7,0,7,False,0.108552,False,13.031116726666664,False,labelable_current_MP_hull,unstable_to_unstable,True,False,False,False,False,0.5994129999999998,-0.5994129999999998,True,True,-3.4970100000000004,-3.6909,3,not_available_for_wbm_queue_chgnet_mace_missing,1,4.656253816440382,10.0,2.8648490519503174,39.685851537379705,321,False,False,False,False,ALIGNN_FF_disagrees_with_current_MP_label,False,candidate_level_explanation_not_MLIP_consensus_validation
wbm-2-16205,Ag1 F6 Rb1,Ag-F-Rb,3|Ag-F,500,raw_only_requested_budget,0,6,0,6,False,-0.078924,True,7.441774625000001,False,labelable_current_MP_hull,stable_to_unstable,True,False,False,False,False,0.5821000000000001,-0.5821000000000001,True,True,-1.73589,-2.0683,3,not_available_for_wbm_queue_chgnet_mace_missing,1,4.050112112583752,10.0,3.390907121405556,33.106904168958664,344,False,False,False,False,ALIGNN_FF_disagrees_with_current_MP_label,False,candidate_level_explanation_not_MLIP_consensus_validation
wbm-2-16218,F6 Pd1 Rb1,F-Pd-Rb,3|F-Pd,500,raw_only_requested_budget,0,6,0,6,False,-0.097535,True,2.7259716425,False,labelable_current_MP_hull,stable_to_unstable,True,False,False,False,False,0.578471,-0.578471,True,True,-1.94254,-2.3656,3,not_available_for_wbm_queue_chgnet_mace_missing,1,4.050112112583752,10.0,3.390907121405556,33.106904168958664,357,False,False,False,False,ALIGNN_FF_disagrees_with_current_MP_label,False,candidate_level_explanation_not_MLIP_consensus_validation
wbm-2-16249,Cd1 F6 Sc1,Cd-F-Sc,3|Cd-F,300,PARC_release,1,11,1,10,True,0.064313,False,9.442139598750002,False,labelable_current_MP_hull,unstable_to_unstable,True,False,False,False,False,0.782737,-0.782737,True,True,-3.2275599999999995,-3.7194,3,not_available_for_wbm_queue_chgnet_mace_missing,1,15.262653700560776,10.0,5.273725046222098,16.36323504953147,25,False,False,False,False,ALIGNN_FF_disagrees_with_current_MP_label,False,candidate_level_explanation_not_MLIP_consensus_validation
wbm-2-16249,Cd1 F6 Sc1,Cd-F-Sc,3|Cd-F,500,raw_only_requested_budget,0,11,0,11,False,0.064313,False,9.442139598750002,False,labelable_current_MP_hull,unstable_to_unstable,True,False,False,False,False,0.782737,-0.782737,True,True,-3.2275599999999995,-3.7194,3,not_available_for_wbm_queue_chgnet_mace_missing,1,15.262653700560776,10.0,3.164235027733259,29.432650133714645,50,False,False,False,False,ALIGNN_FF_disagrees_with_current_MP_label,False,candidate_level_explanation_not_MLIP_consensus_validation
wbm-2-16258,F6 Hg1 Sc1,F-Hg-Sc,3|F-Hg,500,raw_only_requested_budget,0,3,0,3,False,0.01697,False,7.561185614999999,False,labelable_current_MP_hull,unstable_to_unstable,True,True,False,True,False,0.5792329999999999,-0.5792329999999999,True,True,-2.97072,-3.1263,3,not_available_for_wbm_queue_chgnet_mace_missing,1,4.050112112583752,10.0,2.8648490519503174,7.545591709829708,379,False,False,False,False,near_hull_25meV_boundary,False,candidate_level_explanation_not_MLIP_consensus_validation
wbm-2-16384,F6 Tl2 Tm1,F-Tl-Tm,3|F-Tl,500,raw_only_requested_budget,0,10,0,10,False,-0.079224,True,-3.033874000000001,True,labelable_current_MP_hull,stable_to_stable,False,False,False,False,False,0.6289500000000001,-0.6289500000000001,True,False,-3.15618,-3.3496,3,not_available_for_wbm_queue_chgnet_mace_missing,0,5.217681884706454,10.0,3.390907121405556,29.432650133714645,234,False,False,False,False,t1_stable_or_true_release,False,candidate_level_explanation_not_MLIP_consensus_validation
wbm-2-16410,Ba1 F6 Y1,Ba-F-Y,3|Ba-F,300,raw_only_requested_budget,0,9,0,9,False,0.092619,False,37.414443635,False,labelable_current_MP_hull,unstable_to_unstable,True,False,False,False,False,0.6972170000000002,-0.6972170000000002,True,True,-4.04613,-4.2643,3,not_available_for_wbm_queue_chgnet_mace_missing,1,8.314929611426463,10.0,5.157690443561848,19.83000681704263,89,False,False,False,False,ALIGNN_FF_disagrees_with_current_MP_label,False,candidate_level_explanation_not_MLIP_consensus_validation
wbm-2-16410,Ba1 F6 Y1,Ba-F-Y,3|Ba-F,500,raw_only_requested_budget,0,12,0,12,False,0.092619,False,37.414443635,False,labelable_current_MP_hull,unstable_to_unstable,True,False,False,False,False,0.6972170000000002,-0.6972170000000002,True,True,-4.04613,-4.2643,3,not_available_for_wbm_queue_chgnet_mace_missing,1,8.314929611426463,10.0,3.094614266137109,39.685851537379705,143,False,False,False,False,ALIGNN_FF_disagrees_with_current_MP_label,False,candidate_level_explanation_not_MLIP_consensus_validation
wbm-2-16416,Cd1 F6 Y1,Cd-F-Y,3|Cd-F,500,raw_only_requested_budget,0,7,0,7,False,0.070221,False,18.710077903750005,False,labelable_current_MP_hull,unstable_to_unstable,True,False,False,False,False,0.598865,-0.598865,True,True,-3.3888,-3.5899,3,not_available_for_wbm_queue_chgnet_mace_missing,1,4.392357022208061,10.0,2.9958499810476265,29.432650133714645,323,False,False,False,False,ALIGNN_FF_disagrees_with_current_MP_label,False,candidate_level_explanation_not_MLIP_consensus_validation
wbm-2-16430,Dy1 F6 Zn1,Dy-F-Zn,3|Dy-F,300,raw_only_requested_budget,0,9,0,9,False,0.038358,False,13.8445973175,False,labelable_current_MP_hull,unstable_to_unstable,True,False,False,True,False,0.7497959999999999,-0.7497959999999999,True,True,-3.45946,-3.574,3,not_available_for_wbm_queue_chgnet_mace_missing,1,10.910795361857884,10.0,5.157690443561848,19.83000681704263,25,False,False,False,True,near_hull_50meV_boundary,False,candidate_level_explanation_not_MLIP_consensus_validation
wbm-2-16430,Dy1 F6 Zn1,Dy-F-Zn,3|Dy-F,500,raw_only_requested_budget,0,9,0,9,False,0.038358,False,13.8445973175,False,labelable_current_MP_hull,unstable_to_unstable,True,False,False,True,False,0.7497959999999999,-0.7497959999999999,True,True,-3.45946,-3.574,3,not_available_for_wbm_queue_chgnet_mace_missing,1,10.910795361857884,10.0,3.094614266137109,39.685851537379705,77,False,False,False,True,near_hull_50meV_boundary,False,candidate_level_explanation_not_MLIP_consensus_validation
wbm-2-16431,Er1 F6 Zn1,Er-F-Zn,3|Er-F,300,raw_only_requested_budget,0,12,0,12,False,0.033398,False,6.910028526249999,False,labelable_current_MP_hull,unstable_to_unstable,True,False,False,True,False,0.7616569999999996,-0.7616569999999996,True,True,-3.4230399999999994,-3.5765,3,not_available_for_wbm_queue_chgnet_mace_missing,1,12.418401164876764,10.0,5.651511869009259,16.36323504953147,38,False,False,False,True,near_hull_50meV_boundary,False,candidate_level_explanation_not_MLIP_consensus_validation
wbm-2-16431,Er1 F6 Zn1,Er-F-Zn,3|Er-F,500,raw_only_requested_budget,0,12,0,12,False,0.033398,False,6.910028526249999,False,labelable_current_MP_hull,unstable_to_unstable,True,False,False,True,False,0.7616569999999996,-0.7616569999999996,True,True,-3.4230399999999994,-3.5765,3,not_available_for_wbm_queue_chgnet_mace_missing,1,12.418401164876764,10.0,3.390907121405556,33.106904168958664,63,False,False,False,True,near_hull_50meV_boundary,False,candidate_level_explanation_not_MLIP_consensus_validation
wbm-2-16432,Eu1 F6 Zn1,Eu-F-Zn,3|Eu-F,300,raw_only_requested_budget,0,6,0,6,False,-0.030755,True,3.3546833662500006,False,labelable_current_MP_hull,stable_to_unstable,True,False,False,True,False,0.677594,-0.677594,True,True,-2.9178500000000005,-3.5524,3,not_available_for_wbm_queue_chgnet_mace_missing,1,7.084698184134033,10.0,4.774748419917196,12.674371754430824,141,True,False,True,True,near_hull_50meV_boundary,False,candidate_level_explanation_not_MLIP_consensus_validation
wbm-2-16432,Eu1 F6 Zn1,Eu-F-Zn,3|Eu-F,500,raw_only_requested_budget,0,10,0,10,False,-0.030755,True,3.3546833662500006,False,labelable_current_MP_hull,stable_to_unstable,True,False,False,True,False,0.677594,-0.677594,True,True,-2.9178500000000005,-3.5524,3,not_available_for_wbm_queue_chgnet_mace_missing,1,7.084698184134033,10.0,3.094614266137109,33.106904168958664,154,True,False,True,True,near_hull_50meV_boundary,False,candidate_level_explanation_not_MLIP_consensus_validation
wbm-2-16434,F6 Ho1 Zn1,F-Ho-Zn,3|F-Ho,300,raw_only_requested_budget,0,9,0,9,False,0.03367,False,6.89952669625,False,labelable_current_MP_hull,unstable_to_unstable,True,False,False,True,False,0.764847,-0.764847,True,True,-3.4230399999999994,-3.5768,3,not_available_for_wbm_queue_chgnet_mace_missing,1,13.022274889386972,10.0,5.157690443561848,12.674371754430824,5,False,False,False,True,near_hull_50meV_boundary,False,candidate_level_explanation_not_MLIP_consensus_validation
wbm-2-16434,F6 Ho1 Zn1,F-Ho-Zn,3|F-Ho,500,raw_only_requested_budget,0,9,0,9,False,0.03367,False,6.89952669625,False,labelable_current_MP_hull,unstable_to_unstable,True,False,False,True,False,0.764847,-0.764847,True,True,-3.4230399999999994,-3.5768,3,not_available_for_wbm_queue_chgnet_mace_missing,1,13.022274889386972,10.0,3.094614266137109,33.106904168958664,61,False,False,False,True,near_hull_50meV_boundary,False,candidate_level_explanation_not_MLIP_consensus_validation
wbm-2-16437,F6 Lu1 Zn1,F-Lu-Zn,3|F-Lu,300,raw_only_requested_budget,0,11,0,11,False,0.010266,False,14.287459743749997,False,labelable_current_MP_hull,unstable_to_unstable,True,True,False,True,False,0.7080869999999999,-0.7080869999999999,True,True,-3.48296,-3.5607,3,not_available_for_wbm_queue_chgnet_mace_missing,1,8.566207464961185,10.0,5.273725046222098,19.83000681704263,79,True,False,True,True,near_hull_25meV_boundary,False,candidate_level_explanation_not_MLIP_consensus_validation
wbm-2-16437,F6 Lu1 Zn1,F-Lu-Zn,3|F-Lu,500,raw_only_requested_budget,0,11,0,11,False,0.010266,False,14.287459743749997,False,labelable_current_MP_hull,unstable_to_unstable,True,True,False,True,False,0.7080869999999999,-0.7080869999999999,True,True,-3.48296,-3.5607,3,not_available_for_wbm_queue_chgnet_mace_missing,1,8.566207464961185,10.0,3.164235027733259,39.685851537379705,150,True,False,True,True,near_hull_25meV_boundary,False,candidate_level_explanation_not_MLIP_consensus_validation
wbm-2-16445,F6 Sr1 Zn1,F-Sr-Zn,3|F-Sr,300,PARC_release,7,8,7,1,True,0.047457,False,4.52609939125,False,labelable_current_MP_hull,unstable_to_unstable,True,False,False,True,False,0.9313399999999996,-0.9313399999999996,True,True,-2.71524,-3.0457,3,not_available_for_wbm_queue_chgnet_mace_missing,1,40.108229785439775,10.0,5.651511869009259,12.674371754430824,13,False,False,False,False,near_hull_50meV_boundary,False,candidate_level_explanation_not_MLIP_consensus_validation
wbm-2-16445,F6 Sr1 Zn1,F-Sr-Zn,3|F-Sr,500,PARC_release,1,8,1,7,True,0.047457,False,4.52609939125,False,labelable_current_MP_hull,unstable_to_unstable,True,False,False,True,False,0.9313399999999996,-0.9313399999999996,True,True,-2.71524,-3.0457,3,not_available_for_wbm_queue_chgnet_mace_missing,1,40.108229785439775,10.0,3.390907121405556,33.106904168958664,2,False,False,False,False,near_hull_50meV_boundary,False,candidate_level_explanation_not_MLIP_consensus_validation
wbm-2-16450,F6 Yb1 Zn1,F-Yb-Zn,3|F-Yb,500,raw_only_requested_budget,0,3,0,3,False,0.063435,False,,False,unresolved_current_MP_missing_element_reference,unstable_to_unresolved,True,False,False,False,False,0.5774399999999997,-0.5774399999999997,True,True,-2.7453700000000003,-3.0304,3,not_available_for_wbm_queue_chgnet_mace_missing,1,3.9976320153643705,10.0,3.390907121405556,33.106904168958664,360,False,False,False,False,unresolved_current_MP_hull_reference,False,candidate_level_explanation_not_MLIP_consensus_validation
wbm-2-16487,Cs1 F7 Tm2,Cs-F-Tm,3|Cs-F,300,raw_only_requested_budget,0,11,0,11,False,-0.3774,True,-4.244098999999997,True,labelable_current_MP_hull,stable_to_stable,False,False,False,False,False,0.6978009999999997,-0.6978009999999997,True,False,-4.22731,-4.5811,3,not_available_for_wbm_queue_chgnet_mace_missing,0,8.314929611426463,10.0,5.651511869009259,19.83000681704263,98,True,False,True,True,t1_stable_or_true_release,False,candidate_level_explanation_not_MLIP_consensus_validation
wbm-2-16487,Cs1 F7 Tm2,Cs-F-Tm,3|Cs-F,500,raw_only_requested_budget,0,11,0,11,False,-0.3774,True,-4.244098999999997,True,labelable_current_MP_hull,stable_to_stable,False,False,False,False,False,0.6978009999999997,-0.6978009999999997,True,False,-4.22731,-4.5811,3,not_available_for_wbm_queue_chgnet_mace_missing,0,8.314929611426463,10.0,3.390907121405556,39.685851537379705,129,True,False,True,True,t1_stable_or_true_release,False,candidate_level_explanation_not_MLIP_consensus_validation
wbm-2-16493,Dy1 F7 K3,Dy-F-K,3|Dy-F,500,raw_only_requested_budget,0,7,0,7,False,0.026711,False,10.012476286666676,False,labelable_current_MP_hull,unstable_to_unstable,True,False,False,True,False,0.6032699999999998,-0.6032699999999998,True,True,-3.49005,-3.5444,3,not_available_for_wbm_queue_chgnet_mace_missing,1,4.876393465572375,10.0,2.930007124321305,39.685851537379705,305,False,False,False,False,near_hull_50meV_boundary,False,candidate_level_explanation_not_MLIP_consensus_validation
wbm-2-16494,Eu1 F7 K3,Eu-F-K,3|Eu-F,500,raw_only_requested_budget,0,4,0,4,False,-0.002521,True,2.401602413030318,False,labelable_current_MP_hull,stable_to_unstable,True,True,False,True,False,0.581391,-0.581391,True,True,-3.16068,-3.4953,3,not_available_for_wbm_queue_chgnet_mace_missing,1,4.050112112583752,10.0,2.8648490519503174,33.106904168958664,367,False,False,False,False,near_hull_25meV_boundary,False,candidate_level_explanation_not_MLIP_consensus_validation
wbm-2-16495,F7 Ho1 K3,F-Ho-K,3|F-Ho,500,raw_only_requested_budget,0,9,0,9,False,0.022204,False,47.668393974545445,False,labelable_current_MP_hull,unstable_to_unstable,True,True,False,True,False,0.6132820000000003,-0.6132820000000003,True,True,-3.4555099999999994,-3.5504,3,not_available_for_wbm_queue_chgnet_mace_missing,1,5.03762514135281,10.0,3.094614266137109,33.106904168958664,310,False,False,False,False,near_hull_25meV_boundary,False,candidate_level_explanation_not_MLIP_consensus_validation
wbm-2-16496,F7 K3 La1,F-K-La,3|F-K,500,raw_only_requested_budget,0,2,0,2,False,0.029177,False,10.223710563939406,False,labelable_current_MP_hull,unstable_to_unstable,True,False,False,True,False,0.5830670000000002,-0.5830670000000002,True,True,-3.56353,-3.5639,3,not_available_for_wbm_queue_chgnet_mace_missing,1,4.050112112583752,10.0,2.8648490519503174,6.361295373094599,361,False,False,False,False,near_hull_50meV_boundary,False,candidate_level_explanation_not_MLIP_consensus_validation
wbm-2-16499,F7 K3 Nd1,F-K-Nd,3|F-K,500,raw_only_requested_budget,0,7,0,7,False,0.028396,False,10.200616745757586,False,labelable_current_MP_hull,unstable_to_unstable,True,False,False,True,False,0.6151200000000001,-0.6151200000000001,True,True,-3.4519,-3.5249,3,not_available_for_wbm_queue_chgnet_mace_missing,1,5.122601899014496,10.0,3.164235027733259,7.78141055913941,273,False,False,False,False,near_hull_50meV_boundary,False,candidate_level_explanation_not_MLIP_consensus_validation
wbm-2-16504,F7 K3 Sm1,F-K-Sm,3|F-K,500,raw_only_requested_budget,0,3,0,3,False,0.02858,False,9.637466703939406,False,labelable_current_MP_hull,unstable_to_unstable,True,False,False,True,False,0.5998269999999999,-0.5998269999999999,True,True,-3.4392400000000003,-3.5601,3,not_available_for_wbm_queue_chgnet_mace_missing,1,4.392357022208061,10.0,2.8970856959581446,6.361295373094599,319,False,False,False,False,near_hull_50meV_boundary,False,candidate_level_explanation_not_MLIP_consensus_validation
wbm-2-16509,F7 K3 Tm1,F-K-Tm,3|F-K,500,raw_only_requested_budget,0,7,0,7,False,0.017026,False,47.68333277636363,False,labelable_current_MP_hull,unstable_to_unstable,True,True,False,True,False,0.6246499999999999,-0.6246499999999999,True,True,-3.44789,-3.5707,3,not_available_for_wbm_queue_chgnet_mace_missing,1,5.3970196914062205,10.0,3.164235027733259,7.78141055913941,248,False,False,False,False,near_hull_25meV_boundary,False,candidate_level_explanation_not_MLIP_consensus_validation
wbm-2-16512,F7 K3 Y1,F-K-Y,3|F-K,500,raw_only_requested_budget,0,4,0,4,False,0.026976,False,49.81812442181818,False,labelable_current_MP_hull,unstable_to_unstable,True,False,False,True,False,0.6033850000000003,-0.6033850000000003,True,True,-3.45274,-3.547,3,not_available_for_wbm_queue_chgnet_mace_missing,1,4.876393465572375,10.0,2.930007124321305,6.361295373094599,304,False,False,False,False,near_hull_50meV_boundary,False,candidate_level_explanation_not_MLIP_consensus_validation
wbm-2-16529,F7 Hf2 Rb1,F-Hf-Rb,3|F-Hf,500,raw_only_requested_budget,0,5,0,5,False,0.264286,False,28.23061011900001,False,labelable_current_MP_hull,unstable_to_unstable,True,False,False,False,False,0.5907660000000003,-0.5907660000000003,True,True,-3.79166,-4.0384,3,not_available_for_wbm_queue_chgnet_mace_missing,1,4.271583347731171,10.0,3.390907121405556,29.432650133714645,324,False,False,False,False,ALIGNN_FF_disagrees_with_current_MP_label,False,candidate_level_explanation_not_MLIP_consensus_validation
wbm-2-16542,F7 Rb1 Tm2,F-Rb-Tm,3|F-Rb,500,raw_only_requested_budget,0,9,0,9,False,-0.308152,True,-2.765678958999997,True,labelable_current_MP_hull,stable_to_stable,False,False,False,False,False,0.6319619999999997,-0.6319619999999997,True,False,-4.196910000000001,-4.4597,3,not_available_for_wbm_queue_chgnet_mace_missing,0,5.70492179840587,10.0,3.094614266137109,39.685851537379705,232,False,False,False,False,t1_stable_or_true_release,False,candidate_level_explanation_not_MLIP_consensus_validation
wbm-2-16546,F7 Rb1 Zr2,F-Rb-Zr,3|F-Rb,500,raw_only_requested_budget,0,6,0,6,False,0.118045,False,34.95673226525001,False,labelable_current_MP_hull,unstable_to_unstable,True,False,False,False,False,0.591628,-0.591628,True,True,-3.7600800000000008,-3.935,3,not_available_for_wbm_queue_chgnet_mace_missing,1,4.391380844267997,10.0,2.8648490519503174,39.685851537379705,340,False,False,False,False,ALIGNN_FF_disagrees_with_current_MP_label,False,candidate_level_explanation_not_MLIP_consensus_validation
wbm-2-16572,Cu2 F8 Sr1,Cu-F-Sr,3|Cu-F,300,raw_only_requested_budget,0,4,0,4,False,-0.220924,True,3.697288098636349,False,labelable_current_MP_hull,stable_to_unstable,True,False,False,False,False,0.6626400000000001,-0.6626400000000001,True,True,-2.38138,-2.6059,3,not_available_for_wbm_queue_chgnet_mace_missing,1,6.182153285800492,10.0,3.676226167219616,16.36323504953147,194,True,False,True,True,ALIGNN_FF_disagrees_with_current_MP_label,False,candidate_level_explanation_not_MLIP_consensus_validation
wbm-2-16572,Cu2 F8 Sr1,Cu-F-Sr,3|Cu-F,500,raw_only_requested_budget,0,9,0,9,False,-0.220924,True,3.697288098636349,False,labelable_current_MP_hull,stable_to_unstable,True,False,False,False,False,0.6626400000000001,-0.6626400000000001,True,True,-2.38138,-2.6059,3,not_available_for_wbm_queue_chgnet_mace_missing,1,6.756163952148922,10.0,3.164235027733259,33.106904168958664,209,True,False,True,True,ALIGNN_FF_disagrees_with_current_MP_label,False,candidate_level_explanation_not_MLIP_consensus_validation
wbm-2-16578,Cu2 F8 Yb1,Cu-F-Yb,3|Cu-F,500,raw_only_requested_budget,0,5,0,5,False,-0.217659,True,,False,unresolved_current_MP_missing_element_reference,stable_to_unresolved,True,False,False,False,False,0.5928960000000001,-0.5928960000000001,True,True,-2.41924,-2.8187,3,not_available_for_wbm_queue_chgnet_mace_missing,1,4.586875680264978,10.0,2.205735700331769,33.106904168958664,357,False,False,False,False,unresolved_current_MP_hull_reference,False,candidate_level_explanation_not_MLIP_consensus_validation
wbm-2-16602,Ba1 F8 Sr2,Ba-F-Sr,3|Ba-F,500,raw_only_requested_budget,0,2,0,2,False,-0.002004,True,11.892719477272722,False,labelable_current_MP_hull,stable_to_unstable,True,True,False,True,False,0.5677020000000002,-0.5677020000000002,True,True,-3.56704,-3.7304,3,not_available_for_wbm_queue_chgnet_mace_missing,1,3.435340037634345,10.0,1.3174868122990375,39.685851537379705,417,False,False,False,False,near_hull_25meV_boundary,False,candidate_level_explanation_not_MLIP_consensus_validation
wbm-2-17454,Br10 Fe2,Br-Fe,2|Br-Fe,300,raw_only_requested_budget,0,3,0,3,False,-0.147232,True,-0.6982959999999991,True,labelable_current_MP_hull,stable_to_stable,False,False,False,False,False,0.668536,-0.668536,True,False,-0.7082499999999999,-0.7002,3,not_available_for_wbm_queue_chgnet_mace_missing,0,6.315789297822852,10.0,3.676226167219616,16.36323504953147,184,False,False,False,False,t1_stable_or_true_release,False,candidate_level_explanation_not_MLIP_consensus_validation
wbm-2-17454,Br10 Fe2,Br-Fe,2|Br-Fe,500,raw_only_requested_budget,0,9,0,9,False,-0.147232,True,-0.6982959999999991,True,labelable_current_MP_hull,stable_to_stable,False,False,False,False,False,0.668536,-0.668536,True,False,-0.7082499999999999,-0.7002,3,not_available_for_wbm_queue_chgnet_mace_missing,0,6.911610646563863,10.0,3.164235027733259,29.432650133714645,199,False,False,False,False,t1_stable_or_true_release,False,candidate_level_explanation_not_MLIP_consensus_validation
wbm-2-18899,Br2 Er2 Ga2,Br-Er-Ga,3|Br-Er,300,raw_only_requested_budget,0,11,0,11,False,-0.520349,True,-1.3999840000000034,True,labelable_current_MP_hull,stable_to_stable,False,False,False,False,False,0.723465,-0.723465,True,False,-1.38285,-1.3253,3,not_available_for_wbm_queue_chgnet_mace_missing,0,9.114841960315776,10.0,5.651511869009259,10.926127664038065,62,True,True,True,True,t1_stable_or_true_release,False,candidate_level_explanation_not_MLIP_consensus_validation
wbm-2-18899,Br2 Er2 Ga2,Br-Er-Ga,3|Br-Er,500,raw_only_requested_budget,0,11,0,11,False,-0.520349,True,-1.3999840000000034,True,labelable_current_MP_hull,stable_to_stable,False,False,False,False,False,0.723465,-0.723465,True,False,-1.38285,-1.3253,3,not_available_for_wbm_queue_chgnet_mace_missing,0,9.114841960315776,10.0,3.390907121405556,12.726465504194358,111,True,True,True,True,t1_stable_or_true_release,False,candidate_level_explanation_not_MLIP_consensus_validation
wbm-2-19029,Ga1 Gd3 I3,Ga-Gd-I,3|Ga-Gd,300,PARC_release,3,9,3,6,True,-0.547434,True,1.865576594285713,False,labelable_current_MP_hull,stable_to_unstable,True,False,False,False,False,0.8606290000000001,-0.8606290000000001,True,True,-1.0032800000000002,-1.2697,3,not_available_for_wbm_queue_chgnet_mace_missing,1,21.790625303724457,10.0,5.651511869009259,19.83000681704263,16,False,False,False,False,ALIGNN_FF_disagrees_with_current_MP_label,False,candidate_level_explanation_not_MLIP_consensus_validation
wbm-2-19029,Ga1 Gd3 I3,Ga-Gd-I,3|Ga-Gd,500,raw_only_requested_budget,0,9,0,9,False,-0.547434,True,1.865576594285713,False,labelable_current_MP_hull,stable_to_unstable,True,False,False,False,False,0.8606290000000001,-0.8606290000000001,True,True,-1.0032800000000002,-1.2697,3,not_available_for_wbm_queue_chgnet_mace_missing,1,21.790625303724457,10.0,3.390907121405556,39.685851537379705,19,False,False,False,False,ALIGNN_FF_disagrees_with_current_MP_label,False,candidate_level_explanation_not_MLIP_consensus_validation
wbm-2-20289,Br2 Er2 Ge1,Br-Er-Ge,3|Br-Er,300,PARC_release,11,11,11,0,True,-0.912718,True,-1.6908019999999908,True,labelable_current_MP_hull,stable_to_stable,False,False,False,False,False,1.141816,-1.141816,True,False,-1.51711,-1.4603,3,not_available_for_wbm_queue_chgnet_mace_missing,0,164.80390769444054,10.0,5.651511869009259,10.926127664038065,50,True,True,True,True,t1_stable_or_true_release,False,candidate_level_explanation_not_MLIP_consensus_validation
wbm-2-20289,Br2 Er2 Ge1,Br-Er-Ge,3|Br-Er,500,PARC_release,11,11,11,0,True,-0.912718,True,-1.6908019999999908,True,labelable_current_MP_hull,stable_to_stable,False,False,False,False,False,1.141816,-1.141816,True,False,-1.51711,-1.4603,3,not_available_for_wbm_queue_chgnet_mace_missing,0,164.80390769444054,10.0,3.390907121405556,12.726465504194358,5,True,True,True,True,t1_stable_or_true_release,False,candidate_level_explanation_not_MLIP_consensus_validation
wbm-2-20290,Br2 Er2 Ge1,Br-Er-Ge,3|Br-Er,300,PARC_release,11,11,11,0,True,-0.912731,True,-1.690813999999996,True,labelable_current_MP_hull,stable_to_stable,False,False,False,False,False,1.072517,-1.072517,True,False,-1.6253200000000003,-1.6239,3,not_available_for_wbm_queue_chgnet_mace_missing,0,164.72520471273907,10.0,5.651511869009259,10.926127664038065,58,True,False,True,True,t1_stable_or_true_release,False,candidate_level_explanation_not_MLIP_consensus_validation
wbm-2-20290,Br2 Er2 Ge1,Br-Er-Ge,3|Br-Er,500,PARC_release,11,11,11,0,True,-0.912731,True,-1.690813999999996,True,labelable_current_MP_hull,stable_to_stable,False,False,False,False,False,1.072517,-1.072517,True,False,-1.6253200000000003,-1.6239,3,not_available_for_wbm_queue_chgnet_mace_missing,0,164.72520471273907,10.0,3.390907121405556,12.726465504194358,58,True,False,True,True,t1_stable_or_true_release,False,candidate_level_explanation_not_MLIP_consensus_validation
wbm-2-20452,Gd2 Ge1 I2,Gd-Ge-I,3|Gd-Ge,300,PARC_release,9,11,9,2,True,-0.863557,True,-1.4085329999999985,True,labelable_current_MP_hull,stable_to_stable,False,False,False,False,False,0.999224,-0.999224,True,False,-1.29949,-1.3151,3,not_available_for_wbm_queue_chgnet_mace_missing,0,89.59744867750774,10.0,5.651511869009259,19.83000681704263,3,False,False,False,False,t1_stable_or_true_release,False,candidate_level_explanation_not_MLIP_consensus_validation
wbm-2-20452,Gd2 Ge1 I2,Gd-Ge-I,3|Gd-Ge,500,PARC_release,5,11,5,6,True,-0.863557,True,-1.4085329999999985,True,labelable_current_MP_hull,stable_to_stable,False,False,False,False,False,0.999224,-0.999224,True,False,-1.29949,-1.3151,3,not_available_for_wbm_queue_chgnet_mace_missing,0,89.59744867750774,10.0,3.390907121405556,39.685851537379705,3,False,False,False,False,t1_stable_or_true_release,False,candidate_level_explanation_not_MLIP_consensus_validation
wbm-2-20461,Gd2 Ge2 I2,Gd-Ge-I,3|Gd-Ge,500,raw_only_requested_budget,0,4,0,4,False,-0.426376,True,-1.1639120000000105,True,labelable_current_MP_hull,stable_to_stable,False,False,False,False,False,0.580664,-0.580664,True,False,-1.17245,-1.0623,3,not_available_for_wbm_queue_chgnet_mace_missing,0,3.714544207151077,10.0,3.390907121405556,39.685851537379705,350,False,False,False,False,t1_stable_or_true_release,False,candidate_level_explanation_not_MLIP_consensus_validation
wbm-2-20684,Ge1 Pm2 Pt1,Ge-Pm-Pt,3|Ge-Pm,500,raw_only_requested_budget,0,3,0,3,False,-0.511875,True,-0.8426970000000082,True,labelable_current_MP_hull,stable_to_stable,False,False,False,False,False,0.5736779999999999,-0.5736779999999999,True,False,-0.9151200000000002,-0.8927,3,not_available_for_wbm_queue_chgnet_mace_missing,0,3.89856845817538,10.0,2.009647497495417,39.685851537379705,410,False,False,False,False,t1_stable_or_true_release,False,candidate_level_explanation_not_MLIP_consensus_validation
wbm-2-21738,Br4 Er4 H2,Br-Er-H,3|Br-Er,300,PARC_release,11,11,11,0,True,-1.241707,True,-1.4834040000000002,True,labelable_current_MP_hull,stable_to_stable,False,False,False,False,False,1.477103,-1.477103,True,False,-1.2549400000000002,-1.3257,3,not_available_for_wbm_queue_chgnet_mace_missing,0,164.80390769444054,10.0,5.651511869009259,10.926127664038065,29,True,True,True,True,t1_stable_or_true_release,False,candidate_level_explanation_not_MLIP_consensus_validation
wbm-2-21738,Br4 Er4 H2,Br-Er-H,3|Br-Er,500,PARC_release,11,11,11,0,True,-1.241707,True,-1.4834040000000002,True,labelable_current_MP_hull,stable_to_stable,False,False,False,False,False,1.477103,-1.477103,True,False,-1.2549400000000002,-1.3257,3,not_available_for_wbm_queue_chgnet_mace_missing,0,164.80390769444054,10.0,3.390907121405556,12.726465504194358,16,True,True,True,True,t1_stable_or_true_release,False,candidate_level_explanation_not_MLIP_consensus_validation
wbm-2-21759,Br2 Er2 H2,Br-Er-H,3|Br-Er,300,PARC_release,11,11,11,0,True,-0.821166,True,-1.2239780000000025,True,labelable_current_MP_hull,stable_to_stable,False,False,False,False,False,1.237688,-1.237688,True,False,-1.4405199999999998,-1.3485,3,not_available_for_wbm_queue_chgnet_mace_missing,0,164.80390769444054,10.0,5.651511869009259,10.926127664038065,46,False,False,False,False,t1_stable_or_true_release,False,candidate_level_explanation_not_MLIP_consensus_validation
wbm-2-21759,Br2 Er2 H2,Br-Er-H,3|Br-Er,500,PARC_release,11,11,11,0,True,-0.821166,True,-1.2239780000000025,True,labelable_current_MP_hull,stable_to_stable,False,False,False,False,False,1.237688,-1.237688,True,False,-1.4405199999999998,-1.3485,3,not_available_for_wbm_queue_chgnet_mace_missing,0,164.80390769444054,10.0,3.390907121405556,12.726465504194358,13,False,False,False,False,t1_stable_or_true_release,False,candidate_level_explanation_not_MLIP_consensus_validation
wbm-2-21760,Br2 Er2 H2,Br-Er-H,3|Br-Er,300,PARC_release,11,11,11,0,True,-1.038636,True,-1.4414490000000058,True,labelable_current_MP_hull,stable_to_stable,False,False,False,False,False,1.285787,-1.285787,True,False,-1.16872,-1.3078,3,not_available_for_wbm_queue_chgnet_mace_missing,0,164.80390769444054,10.0,5.651511869009259,10.926127664038065,41,True,True,True,True,t1_stable_or_true_release,False,candidate_level_explanation_not_MLIP_consensus_validation
wbm-2-21760,Br2 Er2 H2,Br-Er-H,3|Br-Er,500,PARC_release,11,11,11,0,True,-1.038636,True,-1.4414490000000058,True,labelable_current_MP_hull,stable_to_stable,False,False,False,False,False,1.285787,-1.285787,True,False,-1.16872,-1.3078,3,not_available_for_wbm_queue_chgnet_mace_missing,0,164.80390769444054,10.0,3.390907121405556,12.726465504194358,35,True,True,True,True,t1_stable_or_true_release,False,candidate_level_explanation_not_MLIP_consensus_validation
wbm-2-21875,Gd2 H2 I4,Gd-H-I,3|Gd-H,300,PARC_release,11,11,11,0,True,-1.143224,True,-1.4698009999999968,True,labelable_current_MP_hull,stable_to_stable,False,False,False,False,False,1.317223,-1.317223,True,False,-1.39709,-1.48,3,not_available_for_wbm_queue_chgnet_mace_missing,0,164.80390769444054,10.0,5.651511869009259,12.674371754430824,16,False,False,False,False,t1_stable_or_true_release,False,candidate_level_explanation_not_MLIP_consensus_validation
wbm-2-21875,Gd2 H2 I4,Gd-H-I,3|Gd-H,500,PARC_release,11,11,11,0,True,-1.143224,True,-1.4698009999999968,True,labelable_current_MP_hull,stable_to_stable,False,False,False,False,False,1.317223,-1.317223,True,False,-1.39709,-1.48,3,not_available_for_wbm_queue_chgnet_mace_missing,0,164.80390769444054,10.0,3.390907121405556,33.106904168958664,8,False,False,False,False,t1_stable_or_true_release,False,candidate_level_explanation_not_MLIP_consensus_validation
wbm-2-21892,Gd2 H2 I2,Gd-H-I,3|Gd-H,300,PARC_release,8,11,8,3,True,-0.606208,True,-1.0416549999999989,True,labelable_current_MP_hull,stable_to_stable,False,False,False,False,False,0.927653,-0.927653,True,False,-1.1875300000000002,-1.1391,3,not_available_for_wbm_queue_chgnet_mace_missing,0,48.7341767290268,10.0,5.651511869009259,12.674371754430824,10,False,False,False,False,t1_stable_or_true_release,False,candidate_level_explanation_not_MLIP_consensus_validation
wbm-2-21892,Gd2 H2 I2,Gd-H-I,3|Gd-H,500,PARC_release,1,11,1,10,True,-0.606208,True,-1.0416549999999989,True,labelable_current_MP_hull,stable_to_stable,False,False,False,False,False,0.927653,-0.927653,True,False,-1.1875300000000002,-1.1391,3,not_available_for_wbm_queue_chgnet_mace_missing,0,48.7341767290268,10.0,3.390907121405556,33.106904168958664,1,False,False,False,False,t1_stable_or_true_release,False,candidate_level_explanation_not_MLIP_consensus_validation
wbm-2-22243,I2 Np1,I-Np,2|I-Np,500,raw_only_requested_budget,0,3,0,3,False,0.144961,False,-0.9674169999999976,True,labelable_current_MP_hull,unstable_to_stable,False,False,False,False,False,0.5689219999999999,-0.5689219999999999,True,False,-1.27429,-1.0424,3,not_available_for_wbm_queue_chgnet_mace_missing,0,3.85183074227887,10.0,3.390907121405556,39.685851537379705,385,False,False,False,False,t1_stable_or_true_release,False,candidate_level_explanation_not_MLIP_consensus_validation
wbm-2-22267,Gd2 I6,Gd-I,2|Gd-I,300,PARC_release,6,6,6,0,True,-1.658392,True,-1.7267030000000003,True,labelable_current_MP_hull,stable_to_stable,False,False,False,False,False,1.681489,-1.681489,True,False,-1.58434,-1.4852,3,not_available_for_wbm_queue_chgnet_mace_missing,0,164.84325750151808,10.0,5.651511869009259,10.139041049228304,21,False,False,False,False,t1_stable_or_true_release,False,candidate_level_explanation_not_MLIP_consensus_validation
wbm-2-22267,Gd2 I6,Gd-I,2|Gd-I,500,PARC_release,6,6,6,0,True,-1.658392,True,-1.7267030000000003,True,labelable_current_MP_hull,stable_to_stable,False,False,False,False,False,1.681489,-1.681489,True,False,-1.58434,-1.4852,3,not_available_for_wbm_queue_chgnet_mace_missing,0,164.84325750151808,10.0,3.390907121405556,13.924506444478084,18,False,False,False,False,t1_stable_or_true_release,False,candidate_level_explanation_not_MLIP_consensus_validation
wbm-2-22291,Ce2 I8,Ce-I,2|Ce-I,300,raw_only_requested_budget,0,1,0,1,False,-0.074523,True,-1.4512180000000008,True,labelable_current_MP_hull,stable_to_stable,False,False,False,False,False,0.6448050000000003,-0.6448050000000003,True,False,-0.94317,-1.0311,3,not_available_for_wbm_queue_chgnet_mace_missing,0,5.818706533804655,10.0,2.086020786140143,12.674371754430824,261,True,True,True,True,t1_stable_or_true_release,False,candidate_level_explanation_not_MLIP_consensus_validation
wbm-2-22291,Ce2 I8,Ce-I,2|Ce-I,500,raw_only_requested_budget,0,7,0,7,False,-0.074523,True,-1.4512180000000008,True,labelable_current_MP_hull,stable_to_stable,False,False,False,False,False,0.6448050000000003,-0.6448050000000003,True,False,-0.94317,-1.0311,3,not_available_for_wbm_queue_chgnet_mace_missing,0,5.818706533804655,10.0,3.390907121405556,33.106904168958664,205,True,True,True,True,t1_stable_or_true_release,False,candidate_level_explanation_not_MLIP_consensus_validation
wbm-2-22312,Gd2 I2,Gd-I,2|Gd-I,300,PARC_release,6,6,6,0,True,-0.917197,True,-1.053852000000003,True,labelable_current_MP_hull,stable_to_stable,False,False,False,False,False,1.249845,-1.249845,True,False,-1.10138,-0.976,3,not_available_for_wbm_queue_chgnet_mace_missing,0,164.84325750151808,10.0,5.651511869009259,10.139041049228304,29,False,False,False,False,t1_stable_or_true_release,False,candidate_level_explanation_not_MLIP_consensus_validation
wbm-2-22312,Gd2 I2,Gd-I,2|Gd-I,500,PARC_release,6,6,6,0,True,-0.917197,True,-1.053852000000003,True,labelable_current_MP_hull,stable_to_stable,False,False,False,False,False,1.249845,-1.249845,True,False,-1.10138,-0.976,3,not_available_for_wbm_queue_chgnet_mace_missing,0,164.84325750151808,10.0,3.390907121405556,13.924506444478084,14,False,False,False,False,t1_stable_or_true_release,False,candidate_level_explanation_not_MLIP_consensus_validation
wbm-2-22946,Br6 K2 Mn1,Br-K-Mn,3|Br-K,500,raw_only_requested_budget,0,3,0,3,False,-0.188946,True,-1.5440289999999948,True,labelable_current_MP_hull,stable_to_stable,False,False,False,False,False,0.572117,-0.572117,True,False,-1.51394,-1.4275,3,not_available_for_wbm_queue_chgnet_mace_missing,0,3.89856845817538,10.0,3.390907121405556,33.106904168958664,375,False,False,False,False,t1_stable_or_true_release,False,candidate_level_explanation_not_MLIP_consensus_validation
wbm-2-23142,Br6 Er2 K2,Br-Er-K,3|Br-Er,300,PARC_release,11,11,11,0,True,-1.069375,True,-1.9451429999999943,True,labelable_current_MP_hull,stable_to_stable,False,False,False,False,False,1.539232,-1.539232,True,False,-1.91834,-1.7902,3,not_available_for_wbm_queue_chgnet_mace_missing,0,164.80390769444054,10.0,5.651511869009259,10.926127664038065,26,False,False,False,False,t1_stable_or_true_release,False,candidate_level_explanation_not_MLIP_consensus_validation
wbm-2-23142,Br6 Er2 K2,Br-Er-K,3|Br-Er,500,PARC_release,11,11,11,0,True,-1.069375,True,-1.9451429999999943,True,labelable_current_MP_hull,stable_to_stable,False,False,False,False,False,1.539232,-1.539232,True,False,-1.91834,-1.7902,3,not_available_for_wbm_queue_chgnet_mace_missing,0,164.80390769444054,10.0,3.390907121405556,12.726465504194358,11,False,False,False,False,t1_stable_or_true_release,False,candidate_level_explanation_not_MLIP_consensus_validation
wbm-2-2321,Al1 Br3 Er3,Al-Br-Er,3|Al-Br,300,raw_only_requested_budget,0,13,0,13,False,-0.459001,True,-1.3624400000000063,True,labelable_current_MP_hull,stable_to_stable,False,False,False,False,False,0.746961,-0.746961,True,False,-1.34478,-1.3152,3,not_available_for_wbm_queue_chgnet_mace_missing,0,10.918206288544544,10.0,5.651511869009259,19.83000681704263,27,False,False,False,False,t1_stable_or_true_release,False,candidate_level_explanation_not_MLIP_consensus_validation
wbm-2-2321,Al1 Br3 Er3,Al-Br-Er,3|Al-Br,500,raw_only_requested_budget,0,13,0,13,False,-0.459001,True,-1.3624400000000063,True,labelable_current_MP_hull,stable_to_stable,False,False,False,False,False,0.746961,-0.746961,True,False,-1.34478,-1.3152,3,not_available_for_wbm_queue_chgnet_mace_missing,0,10.918206288544544,10.0,3.390907121405556,39.685851537379705,104,False,False,False,False,t1_stable_or_true_release,False,candidate_level_explanation_not_MLIP_consensus_validation
wbm-2-23386,Ac1 K1 Pt2,Ac-K-Pt,3|Ac-K,500,raw_only_requested_budget,0,3,0,3,False,-0.495064,True,-0.4950739999999989,True,labelable_current_MP_hull,stable_to_stable,False,False,False,False,False,0.57349,-0.57349,True,False,-0.4832599999999999,-0.4584,3,not_available_for_wbm_queue_chgnet_mace_missing,0,3.5075405871087475,10.0,3.390907121405556,39.685851537379705,370,False,False,False,False,t1_stable_or_true_release,False,candidate_level_explanation_not_MLIP_consensus_validation
wbm-2-23642,Ca1 F6 Li2,Ca-F-Li,3|Ca-F,300,raw_only_requested_budget,0,8,0,8,False,0.062233,False,2.6118876011111105,False,labelable_current_MP_hull,unstable_to_unstable,True,False,False,False,False,0.810629,-0.810629,True,True,-2.84842,-3.2576,3,not_available_for_wbm_queue_chgnet_mace_missing,1,17.3301600176195,10.0,5.273725046222098,10.926127664038065,22,False,False,False,False,ALIGNN_FF_disagrees_with_current_MP_label,False,candidate_level_explanation_not_MLIP_consensus_validation
wbm-2-23642,Ca1 F6 Li2,Ca-F-Li,3|Ca-F,500,raw_only_requested_budget,0,8,0,8,False,0.062233,False,2.6118876011111105,False,labelable_current_MP_hull,unstable_to_unstable,True,False,False,False,False,0.810629,-0.810629,True,True,-2.84842,-3.2576,3,not_available_for_wbm_queue_chgnet_mace_missing,1,17.3301600176195,10.0,3.164235027733259,13.924506444478084,35,False,False,False,False,ALIGNN_FF_disagrees_with_current_MP_label,False,candidate_level_explanation_not_MLIP_consensus_validation
wbm-2-23643,Dy1 F6 Li2,Dy-F-Li,3|Dy-F,300,raw_only_requested_budget,0,5,0,5,False,0.043406,False,11.776198504444444,False,labelable_current_MP_hull,unstable_to_unstable,True,False,False,True,False,0.6771540000000003,-0.6771540000000003,True,True,-3.4072400000000003,-3.676,3,not_available_for_wbm_queue_chgnet_mace_missing,1,6.315789297822852,10.0,4.774748419917196,19.83000681704263,142,False,False,False,False,near_hull_50meV_boundary,False,candidate_level_explanation_not_MLIP_consensus_validation
wbm-2-23643,Dy1 F6 Li2,Dy-F-Li,3|Dy-F,500,raw_only_requested_budget,0,9,0,9,False,0.043406,False,11.776198504444444,False,labelable_current_MP_hull,unstable_to_unstable,True,False,False,True,False,0.6771540000000003,-0.6771540000000003,True,True,-3.4072400000000003,-3.676,3,not_available_for_wbm_queue_chgnet_mace_missing,1,7.079931517724868,10.0,3.094614266137109,39.685851537379705,155,False,False,False,False,near_hull_50meV_boundary,False,candidate_level_explanation_not_MLIP_consensus_validation
wbm-2-23644,Er1 F6 Li2,Er-F-Li,3|Er-F,300,raw_only_requested_budget,0,9,0,9,False,0.03584,False,5.608979912222226,False,labelable_current_MP_hull,unstable_to_unstable,True,False,False,True,False,0.6943190000000001,-0.6943190000000001,True,True,-3.3799900000000003,-3.6889,3,not_available_for_wbm_queue_chgnet_mace_missing,1,8.314929611426463,10.0,5.651511869009259,16.36323504953147,102,False,False,False,False,near_hull_50meV_boundary,False,candidate_level_explanation_not_MLIP_consensus_validation
wbm-2-23644,Er1 F6 Li2,Er-F-Li,3|Er-F,500,raw_only_requested_budget,0,12,0,12,False,0.03584,False,5.608979912222226,False,labelable_current_MP_hull,unstable_to_unstable,True,False,False,True,False,0.6943190000000001,-0.6943190000000001,True,True,-3.3799900000000003,-3.6889,3,not_available_for_wbm_queue_chgnet_mace_missing,1,8.314929611426463,10.0,3.390907121405556,33.106904168958664,149,False,False,False,False,near_hull_50meV_boundary,False,candidate_level_explanation_not_MLIP_consensus_validation
wbm-2-23645,Eu1 F6 Li2,Eu-F-Li,3|Eu-F,300,raw_only_requested_budget,0,6,0,6,False,-0.018005,True,2.451853325555557,False,labelable_current_MP_hull,stable_to_unstable,True,True,False,True,False,0.6802299999999999,-0.6802299999999999,True,True,-3.09576,-3.5503,3,not_available_for_wbm_queue_chgnet_mace_missing,1,7.262157980969153,10.0,4.774748419917196,12.674371754430824,138,True,True,True,True,near_hull_25meV_boundary,False,candidate_level_explanation_not_MLIP_consensus_validation
wbm-2-23645,Eu1 F6 Li2,Eu-F-Li,3|Eu-F,500,raw_only_requested_budget,0,10,0,10,False,-0.018005,True,2.451853325555557,False,labelable_current_MP_hull,stable_to_unstable,True,True,False,True,False,0.6802299999999999,-0.6802299999999999,True,True,-3.09576,-3.5503,3,not_available_for_wbm_queue_chgnet_mace_missing,1,7.262157980969153,10.0,3.094614266137109,33.106904168958664,151,True,True,True,True,near_hull_25meV_boundary,False,candidate_level_explanation_not_MLIP_consensus_validation
wbm-2-23646,F6 Gd1 Li2,F-Gd-Li,3|F-Gd,300,PARC_release,1,11,1,10,True,-0.095428,True,-3.330418999999999,True,labelable_current_MP_hull,stable_to_stable,False,False,False,False,False,0.8031090000000001,-0.8031090000000001,True,False,-3.41466,-3.8812,3,not_available_for_wbm_queue_chgnet_mace_missing,0,16.21597714020033,10.0,5.157690443561848,19.83000681704263,3,True,True,False,True,t1_stable_or_true_release,False,candidate_level_explanation_not_MLIP_consensus_validation
wbm-2-23646,F6 Gd1 Li2,F-Gd-Li,3|F-Gd,500,raw_only_requested_budget,0,11,0,11,False,-0.095428,True,-3.330418999999999,True,labelable_current_MP_hull,stable_to_stable,False,False,False,False,False,0.8031090000000001,-0.8031090000000001,True,False,-3.41466,-3.8812,3,not_available_for_wbm_queue_chgnet_mace_missing,0,16.21597714020033,10.0,3.094614266137109,39.685851537379705,31,True,True,False,True,t1_stable_or_true_release,False,candidate_level_explanation_not_MLIP_consensus_validation
wbm-2-23647,F6 Ho1 Li2,F-Ho-Li,3|F-Ho,300,raw_only_requested_budget,0,6,0,6,False,0.037692,False,5.601256618888892,False,labelable_current_MP_hull,unstable_to_unstable,True,False,False,True,False,0.6971560000000001,-0.6971560000000001,True,True,-3.38001,-3.6818,3,not_available_for_wbm_queue_chgnet_mace_missing,1,8.314929611426463,10.0,4.883345207202175,12.674371754430824,119,False,False,False,False,near_hull_50meV_boundary,False,candidate_level_explanation_not_MLIP_consensus_validation
wbm-2-23647,F6 Ho1 Li2,F-Ho-Li,3|F-Ho,500,raw_only_requested_budget,0,9,0,9,False,0.037692,False,5.601256618888892,False,labelable_current_MP_hull,unstable_to_unstable,True,False,False,True,False,0.6971560000000001,-0.6971560000000001,True,True,-3.38001,-3.6818,3,not_available_for_wbm_queue_chgnet_mace_missing,1,8.314929611426463,10.0,3.094614266137109,33.106904168958664,144,False,False,False,False,near_hull_50meV_boundary,False,candidate_level_explanation_not_MLIP_consensus_validation
wbm-2-23648,F6 La1 Li2,F-La-Li,3|F-La,500,raw_only_requested_budget,0,7,0,7,False,0.058925,False,12.020231510000002,False,labelable_current_MP_hull,unstable_to_unstable,True,False,False,False,False,0.5924920000000005,-0.5924920000000005,True,True,-3.62797,-3.7075,3,not_available_for_wbm_queue_chgnet_mace_missing,1,4.331070035327004,10.0,3.390907121405556,39.685851537379705,319,False,False,False,False,ALIGNN_FF_disagrees_with_current_MP_label,False,candidate_level_explanation_not_MLIP_consensus_validation
wbm-2-23649,F6 Li2 Lu1,F-Li-Lu,3|F-Li,300,raw_only_requested_budget,0,4,0,4,False,0.048518,False,12.163614772222225,False,labelable_current_MP_hull,unstable_to_unstable,True,False,False,True,False,0.6754129999999994,-0.6754129999999994,True,True,-3.4105800000000004,-3.6952,3,not_available_for_wbm_queue_chgnet_mace_missing,1,7.084698184134033,10.0,3.785059061183545,12.674371754430824,177,False,False,False,False,near_hull_50meV_boundary,False,candidate_level_explanation_not_MLIP_consensus_validation
wbm-2-23649,F6 Li2 Lu1,F-Li-Lu,3|F-Li,500,raw_only_requested_budget,0,10,0,10,False,0.048518,False,12.163614772222225,False,labelable_current_MP_hull,unstable_to_unstable,True,False,False,True,False,0.6754129999999994,-0.6754129999999994,True,True,-3.4105800000000004,-3.6952,3,not_available_for_wbm_queue_chgnet_mace_missing,1,7.084698184134033,10.0,3.164235027733259,33.106904168958664,177,False,False,False,False,near_hull_50meV_boundary,False,candidate_level_explanation_not_MLIP_consensus_validation
wbm-2-23650,F6 Li2 Nd1,F-Li-Nd,3|F-Li,500,raw_only_requested_budget,0,8,0,8,False,0.095892,False,12.004058843333334,False,labelable_current_MP_hull,unstable_to_unstable,True,False,False,False,False,0.6048550000000001,-0.6048550000000001,True,True,-3.41361,-3.627,3,not_available_for_wbm_queue_chgnet_mace_missing,1,4.876393465572375,10.0,3.094614266137109,33.106904168958664,342,False,False,False,False,ALIGNN_FF_disagrees_with_current_MP_label,False,candidate_level_explanation_not_MLIP_consensus_validation
wbm-2-23652,F6 Li2 Pr1,F-Li-Pr,3|F-Li,500,raw_only_requested_budget,0,1,0,1,False,0.071457,False,10.763045364444446,False,labelable_current_MP_hull,unstable_to_unstable,True,False,False,False,False,0.5767630000000001,-0.5767630000000001,True,True,-3.4005,-3.6276,3,not_available_for_wbm_queue_chgnet_mace_missing,1,3.9976320153643705,10.0,1.251612471684086,33.106904168958664,447,False,False,False,False,ALIGNN_FF_disagrees_with_current_MP_label,False,candidate_level_explanation_not_MLIP_consensus_validation
wbm-2-23654,F6 Li2 Sm1,F-Li-Sm,3|F-Li,300,raw_only_requested_budget,0,1,0,1,False,0.063509,False,11.317508014444446,False,labelable_current_MP_hull,unstable_to_unstable,True,False,False,False,False,0.6549040000000002,-0.6549040000000002,True,True,-3.4147499999999997,-3.6581,3,not_available_for_wbm_queue_chgnet_mace_missing,1,5.934681507496319,10.0,2.086020786140143,12.674371754430824,235,False,False,False,False,ALIGNN_FF_disagrees_with_current_MP_label,False,candidate_level_explanation_not_MLIP_consensus_validation
wbm-2-23654,F6 Li2 Sm1,F-Li-Sm,3|F-Li,500,raw_only_requested_budget,0,10,0,10,False,0.063509,False,11.317508014444446,False,labelable_current_MP_hull,unstable_to_unstable,True,False,False,False,False,0.6549040000000002,-0.6549040000000002,True,True,-3.4147499999999997,-3.6581,3,not_available_for_wbm_queue_chgnet_mace_missing,1,6.449904186024537,10.0,3.164235027733259,33.106904168958664,203,False,False,False,False,ALIGNN_FF_disagrees_with_current_MP_label,False,candidate_level_explanation_not_MLIP_consensus_validation
wbm-2-23655,F6 Li2 Sr1,F-Li-Sr,3|F-Li,300,raw_only_requested_budget,0,10,0,10,False,0.052021,False,3.49400523666667,False,labelable_current_MP_hull,unstable_to_unstable,True,False,False,False,False,0.740971,-0.740971,True,True,-2.88103,-3.2804,3,not_available_for_wbm_queue_chgnet_mace_missing,1,10.910795361857884,10.0,5.273725046222098,12.674371754430824,35,False,False,False,False,ALIGNN_FF_disagrees_with_current_MP_label,False,candidate_level_explanation_not_MLIP_consensus_validation
wbm-2-23655,F6 Li2 Sr1,F-Li-Sr,3|F-Li,500,raw_only_requested_budget,0,10,0,10,False,0.052021,False,3.49400523666667,False,labelable_current_MP_hull,unstable_to_unstable,True,False,False,False,False,0.740971,-0.740971,True,True,-2.88103,-3.2804,3,not_available_for_wbm_queue_chgnet_mace_missing,1,10.910795361857884,10.0,3.164235027733259,33.106904168958664,87,False,False,False,False,ALIGNN_FF_disagrees_with_current_MP_label,False,candidate_level_explanation_not_MLIP_consensus_validation
wbm-2-23662,Ca1 Eu1 F8 Li2,Ca-Eu-F-Li,4|Ca-Eu,500,raw_only_requested_budget,0,5,0,5,False,-0.016244,True,4.803702444999999,False,labelable_current_MP_hull,stable_to_unstable,True,True,False,True,False,0.588031,-0.588031,True,True,-3.4115899999999995,-3.8082,3,not_available_for_wbm_queue_chgnet_mace_missing,1,4.156773416575273,10.0,3.390907121405556,39.685851537379705,331,False,False,False,False,near_hull_25meV_boundary,False,candidate_level_explanation_not_MLIP_consensus_validation
wbm-2-23675,Ca1 F8 Li2 Sr1,Ca-F-Li-Sr,4|Ca-F,300,raw_only_requested_budget,0,8,0,8,False,0.028918,False,5.577958128333336,False,labelable_current_MP_hull,unstable_to_unstable,True,False,False,True,False,0.7533859999999999,-0.7533859999999999,True,True,-3.24146,-3.5527,3,not_available_for_wbm_queue_chgnet_mace_missing,1,11.358042279988403,10.0,4.883345207202175,10.926127664038065,48,False,False,False,True,near_hull_50meV_boundary,False,candidate_level_explanation_not_MLIP_consensus_validation
wbm-2-23675,Ca1 F8 Li2 Sr1,Ca-F-Li-Sr,4|Ca-F,500,raw_only_requested_budget,0,8,0,8,False,0.028918,False,5.577958128333336,False,labelable_current_MP_hull,unstable_to_unstable,True,False,False,True,False,0.7533859999999999,-0.7533859999999999,True,True,-3.24146,-3.5527,3,not_available_for_wbm_queue_chgnet_mace_missing,1,11.358042279988403,10.0,2.930007124321305,7.78141055913941,73,False,False,False,True,near_hull_50meV_boundary,False,candidate_level_explanation_not_MLIP_consensus_validation
wbm-2-24152,Ag2 Cl8 Li2,Ag-Cl-Li,3|Ag-Cl,500,raw_only_requested_budget,0,13,0,13,False,-0.131546,True,-1.1552900000000008,True,labelable_current_MP_hull,stable_to_stable,False,False,False,False,False,0.6262559999999999,-0.6262559999999999,True,False,-1.21416,-1.5158,3,not_available_for_wbm_queue_chgnet_mace_missing,0,5.399430617044307,10.0,3.390907121405556,39.685851537379705,237,False,False,False,False,t1_stable_or_true_release,False,candidate_level_explanation_not_MLIP_consensus_validation
wbm-2-24153,Cl8 Cu2 Li2,Cl-Cu-Li,3|Cl-Cu,500,raw_only_requested_budget,0,1,0,1,False,-0.061186,True,2.0520275316666634,False,labelable_current_MP_hull,stable_to_unstable,True,False,False,False,False,0.5543580000000001,-0.5543580000000001,True,True,-1.0919599999999998,-1.6335,3,not_available_for_wbm_queue_chgnet_mace_missing,1,2.9621815726991896,10.0,1.2178016109894885,29.432650133714645,460,False,False,False,False,ALIGNN_FF_disagrees_with_current_MP_label,False,candidate_level_explanation_not_MLIP_consensus_validation
wbm-2-24154,Cl8 Li2 Ni2,Cl-Li-Ni,3|Cl-Li,500,raw_only_requested_budget,0,2,0,2,False,-0.079813,True,-1.3104770000000023,True,labelable_current_MP_hull,stable_to_stable,False,False,False,False,False,0.5671360000000001,-0.5671360000000001,True,False,-1.15601,-1.6352,3,not_available_for_wbm_queue_chgnet_mace_missing,0,3.85183074227887,10.0,1.779032210897582,29.432650133714645,418,False,False,False,False,t1_stable_or_true_release,False,candidate_level_explanation_not_MLIP_consensus_validation
wbm-2-24155,Cl8 Li2 Pd2,Cl-Li-Pd,3|Cl-Li,500,raw_only_requested_budget,0,2,0,2,False,-0.106065,True,1.999117965,False,labelable_current_MP_hull,stable_to_unstable,True,False,False,False,False,0.568268,-0.568268,True,True,-1.29807,-1.6655,3,not_available_for_wbm_queue_chgnet_mace_missing,1,3.85183074227887,10.0,1.779032210897582,29.432650133714645,415,False,False,False,False,ALIGNN_FF_disagrees_with_current_MP_label,False,candidate_level_explanation_not_MLIP_consensus_validation
wbm-2-2420,Al1 Cl6 K2,Al-Cl-K,3|Al-Cl,300,raw_only_requested_budget,0,1,0,1,False,-0.026631,True,-1.904007000000007,True,labelable_current_MP_hull,stable_to_stable,False,False,False,True,False,0.6368240000000003,-0.6368240000000003,True,False,-2.0234700000000005,-2.4945,3,not_available_for_wbm_queue_chgnet_mace_missing,0,4.801978237054699,10.0,2.195811353831729,19.83000681704263,251,False,False,False,False,t1_stable_or_true_release,False,candidate_level_explanation_not_MLIP_consensus_validation
wbm-2-2420,Al1 Cl6 K2,Al-Cl-K,3|Al-Cl,500,raw_only_requested_budget,0,8,0,8,False,-0.026631,True,-1.904007000000007,True,labelable_current_MP_hull,stable_to_stable,False,False,False,True,False,0.6368240000000003,-0.6368240000000003,True,False,-2.0234700000000005,-2.4945,3,not_available_for_wbm_queue_chgnet_mace_missing,0,5.932026426840391,10.0,3.164235027733259,39.685851537379705,242,False,False,False,False,t1_stable_or_true_release,False,candidate_level_explanation_not_MLIP_consensus_validation
wbm-2-2421,Al1 Cl6 Rb2,Al-Cl-Rb,3|Al-Cl,500,raw_only_requested_budget,0,2,0,2,False,0.029811,False,-1.9256619999999955,True,labelable_current_MP_hull,unstable_to_stable,False,False,False,True,False,0.572327,-0.572327,True,False,-2.04283,-2.5192,3,not_available_for_wbm_queue_chgnet_mace_missing,0,3.85183074227887,10.0,1.779032210897582,39.685851537379705,419,False,False,False,False,t1_stable_or_true_release,False,candidate_level_explanation_not_MLIP_consensus_validation
wbm-2-24276,F8 Li2 Mg2,F-Li-Mg,3|F-Li,300,raw_only_requested_budget,0,7,0,7,False,0.050245,False,4.316786866666668,False,labelable_current_MP_hull,unstable_to_unstable,True,False,False,False,False,0.7028919999999999,-0.7028919999999999,True,True,-2.61802,-3.2237,3,not_available_for_wbm_queue_chgnet_mace_missing,1,8.314929611426463,10.0,5.157690443561848,12.674371754430824,85,False,False,False,False,ALIGNN_FF_disagrees_with_current_MP_label,False,candidate_level_explanation_not_MLIP_consensus_validation
wbm-2-24276,F8 Li2 Mg2,F-Li-Mg,3|F-Li,500,raw_only_requested_budget,0,10,0,10,False,0.050245,False,4.316786866666668,False,labelable_current_MP_hull,unstable_to_unstable,True,False,False,False,False,0.7028919999999999,-0.7028919999999999,True,True,-2.61802,-3.2237,3,not_available_for_wbm_queue_chgnet_mace_missing,1,8.314929611426463,10.0,3.164235027733259,33.106904168958664,138,False,False,False,False,ALIGNN_FF_disagrees_with_current_MP_label,False,candidate_level_explanation_not_MLIP_consensus_validation
wbm-2-24289,F8 Li2 Zn2,F-Li-Zn,3|F-Li,300,raw_only_requested_budget,0,10,0,10,False,-0.045204,True,-2.402016,True,labelable_current_MP_hull,stable_to_stable,False,False,False,True,False,0.7272879999999997,-0.7272879999999997,True,False,-2.54754,-2.7887,3,not_available_for_wbm_queue_chgnet_mace_missing,0,9.121010416574991,10.0,5.273725046222098,12.674371754430824,54,True,True,True,True,t1_stable_or_true_release,False,candidate_level_explanation_not_MLIP_consensus_validation
wbm-2-24289,F8 Li2 Zn2,F-Li-Zn,3|F-Li,500,raw_only_requested_budget,0,10,0,10,False,-0.045204,True,-2.402016,True,labelable_current_MP_hull,stable_to_stable,False,False,False,True,False,0.7272879999999997,-0.7272879999999997,True,False,-2.54754,-2.7887,3,not_available_for_wbm_queue_chgnet_mace_missing,0,9.121010416574991,10.0,3.164235027733259,33.106904168958664,104,True,True,True,True,t1_stable_or_true_release,False,candidate_level_explanation_not_MLIP_consensus_validation
wbm-2-24303,F6 Hf1 Li1,F-Hf-Li,3|F-Hf,300,raw_only_requested_budget,0,9,0,9,False,-0.006418,True,19.283611085,False,labelable_current_MP_hull,stable_to_unstable,True,True,False,True,False,0.7721589999999994,-0.7721589999999994,True,True,-3.5346800000000003,-3.9491,3,not_available_for_wbm_queue_chgnet_mace_missing,1,12.409949935208038,10.0,5.651511869009259,16.36323504953147,38,True,True,True,True,near_hull_25meV_boundary,False,candidate_level_explanation_not_MLIP_consensus_validation
wbm-2-24303,F6 Hf1 Li1,F-Hf-Li,3|F-Hf,500,raw_only_requested_budget,0,9,0,9,False,-0.006418,True,19.283611085,False,labelable_current_MP_hull,stable_to_unstable,True,True,False,True,False,0.7721589999999994,-0.7721589999999994,True,True,-3.5346800000000003,-3.9491,3,not_available_for_wbm_queue_chgnet_mace_missing,1,12.409949935208038,10.0,3.390907121405556,29.432650133714645,82,True,True,True,True,near_hull_25meV_boundary,False,candidate_level_explanation_not_MLIP_consensus_validation
wbm-2-24324,F6 Li1 Zr1,F-Li-Zr,3|F-Li,300,raw_only_requested_budget,0,5,0,5,False,0.051607,False,24.22760490375001,False,labelable_current_MP_hull,unstable_to_unstable,True,False,False,False,False,0.6934270000000002,-0.6934270000000002,True,True,-3.45343,-3.8944,3,not_available_for_wbm_queue_chgnet_mace_missing,1,8.314929611426463,10.0,4.993083301746044,12.674371754430824,138,False,False,False,True,ALIGNN_FF_disagrees_with_current_MP_label,False,candidate_level_explanation_not_MLIP_consensus_validation
wbm-2-24324,F6 Li1 Zr1,F-Li-Zr,3|F-Li,500,raw_only_requested_budget,0,10,0,10,False,0.051607,False,24.22760490375001,False,labelable_current_MP_hull,unstable_to_unstable,True,False,False,False,False,0.6934270000000002,-0.6934270000000002,True,True,-3.45343,-3.8944,3,not_available_for_wbm_queue_chgnet_mace_missing,1,8.314929611426463,10.0,3.164235027733259,33.106904168958664,150,False,False,False,True,ALIGNN_FF_disagrees_with_current_MP_label,False,candidate_level_explanation_not_MLIP_consensus_validation
wbm-2-24415,Gd2 I6 Li2,Gd-I-Li,3|Gd-I,300,PARC_release,11,11,11,0,True,-0.840412,True,-1.474124000000003,True,labelable_current_MP_hull,stable_to_stable,False,False,False,False,False,1.0881880000000002,-1.0881880000000002,True,False,-1.4579,-1.4894,3,not_available_for_wbm_queue_chgnet_mace_missing,0,164.72520471273907,10.0,5.273725046222098,19.83000681704263,38,False,False,False,False,t1_stable_or_true_release,False,candidate_level_explanation_not_MLIP_consensus_validation
wbm-2-24415,Gd2 I6 Li2,Gd-I-Li,3|Gd-I,500,PARC_release,9,11,9,2,True,-0.840412,True,-1.474124000000003,True,labelable_current_MP_hull,stable_to_stable,False,False,False,False,False,1.0881880000000002,-1.0881880000000002,True,False,-1.4579,-1.4894,3,not_available_for_wbm_queue_chgnet_mace_missing,0,164.72520471273907,10.0,3.164235027733259,39.685851537379705,1,False,False,False,False,t1_stable_or_true_release,False,candidate_level_explanation_not_MLIP_consensus_validation
wbm-2-25692,Br8 Mg2,Br-Mg,2|Br-Mg,300,PARC_release,4,10,4,6,True,-0.168809,True,-1.3206570000000042,True,labelable_current_MP_hull,stable_to_stable,False,False,False,False,False,0.8898520000000001,-0.8898520000000001,True,False,-0.95087,-1.1851,3,not_available_for_wbm_queue_chgnet_mace_missing,0,34.12656697602882,10.0,5.273725046222098,12.171561895162212,4,True,True,False,True,t1_stable_or_true_release,False,candidate_level_explanation_not_MLIP_consensus_validation
wbm-2-25692,Br8 Mg2,Br-Mg,2|Br-Mg,500,PARC_release,1,10,1,9,True,-0.168809,True,-1.3206570000000042,True,labelable_current_MP_hull,stable_to_stable,False,False,False,False,False,0.8898520000000001,-0.8898520000000001,True,False,-0.95087,-1.1851,3,not_available_for_wbm_queue_chgnet_mace_missing,0,34.12656697602882,10.0,3.164235027733259,13.924506444478084,7,True,True,False,True,t1_stable_or_true_release,False,candidate_level_explanation_not_MLIP_consensus_validation
wbm-2-25758,Cl6 Mg2,Cl-Mg,2|Cl-Mg,300,PARC_release,1,9,1,8,True,0.093615,False,-1.6055460000000004,True,labelable_current_MP_hull,unstable_to_stable,False,False,False,False,False,0.7811390000000002,-0.7811390000000002,True,False,-1.4875,-2.2938,3,not_available_for_wbm_queue_chgnet_mace_missing,0,14.421678661637175,10.0,5.273725046222098,19.83000681704263,28,False,False,False,False,t1_stable_or_true_release,False,candidate_level_explanation_not_MLIP_consensus_validation
wbm-2-25758,Cl6 Mg2,Cl-Mg,2|Cl-Mg,500,raw_only_requested_budget,0,9,0,9,False,0.093615,False,-1.6055460000000004,True,labelable_current_MP_hull,unstable_to_stable,False,False,False,False,False,0.7811390000000002,-0.7811390000000002,True,False,-1.4875,-2.2938,3,not_available_for_wbm_queue_chgnet_mace_missing,0,14.421678661637175,10.0,3.164235027733259,39.685851537379705,53,False,False,False,False,t1_stable_or_true_release,False,candidate_level_explanation_not_MLIP_consensus_validation
wbm-2-25760,Cl8 Mg2,Cl-Mg,2|Cl-Mg,300,raw_only_requested_budget,0,7,0,7,False,-0.025955,True,-1.3852910000000025,True,labelable_current_MP_hull,stable_to_stable,False,False,False,True,False,0.7073639999999999,-0.7073639999999999,True,False,-1.23726,-1.5217,3,not_available_for_wbm_queue_chgnet_mace_missing,0,8.309316895894764,10.0,5.273725046222098,19.83000681704263,81,False,False,False,False,t1_stable_or_true_release,False,candidate_level_explanation_not_MLIP_consensus_validation
wbm-2-25760,Cl8 Mg2,Cl-Mg,2|Cl-Mg,500,raw_only_requested_budget,0,9,0,9,False,-0.025955,True,-1.3852910000000025,True,labelable_current_MP_hull,stable_to_stable,False,False,False,True,False,0.7073639999999999,-0.7073639999999999,True,False,-1.23726,-1.5217,3,not_available_for_wbm_queue_chgnet_mace_missing,0,8.309316895894764,10.0,3.164235027733259,39.685851537379705,134,False,False,False,False,t1_stable_or_true_release,False,candidate_level_explanation_not_MLIP_consensus_validation
wbm-2-25761,Cl6 Cs2 Mg1,Cl-Cs-Mg,3|Cl-Cs,300,PARC_release,1,10,1,9,True,-0.008113,True,-1.7993839999999963,True,labelable_current_MP_hull,stable_to_stable,False,True,False,True,False,0.8438289999999999,-0.8438289999999999,True,False,-1.81092,-2.3403,3,not_available_for_wbm_queue_chgnet_mace_missing,0,18.566685755496703,10.0,5.273725046222098,19.83000681704263,3,False,False,False,False,t1_stable_or_true_release,False,candidate_level_explanation_not_MLIP_consensus_validation
wbm-2-25761,Cl6 Cs2 Mg1,Cl-Cs-Mg,3|Cl-Cs,500,raw_only_requested_budget,0,10,0,10,False,-0.008113,True,-1.7993839999999963,True,labelable_current_MP_hull,stable_to_stable,False,True,False,True,False,0.8438289999999999,-0.8438289999999999,True,False,-1.81092,-2.3403,3,not_available_for_wbm_queue_chgnet_mace_missing,0,18.566685755496703,10.0,3.164235027733259,39.685851537379705,31,False,False,False,False,t1_stable_or_true_release,False,candidate_level_explanation_not_MLIP_consensus_validation
wbm-2-25763,Cl6 Cs2 K1 Mg1,Cl-Cs-K-Mg,4|Cl-Cs,500,raw_only_requested_budget,0,4,0,4,False,0.021904,False,-2.0418870000000027,True,labelable_current_MP_hull,unstable_to_stable,False,True,False,True,False,0.5725089999999997,-0.5725089999999997,True,False,-2.05409,-2.5351,3,not_available_for_wbm_queue_chgnet_mace_missing,0,3.85183074227887,10.0,3.390907121405556,39.685851537379705,373,False,False,False,False,t1_stable_or_true_release,False,candidate_level_explanation_not_MLIP_consensus_validation
wbm-2-27623,Br6 Mn2,Br-Mn,2|Br-Mn,500,raw_only_requested_budget,0,2,0,2,False,-0.106655,True,-1.0254139999999978,True,labelable_current_MP_hull,stable_to_stable,False,False,False,False,False,0.584641,-0.584641,True,False,-0.65874,-0.6434,3,not_available_for_wbm_queue_chgnet_mace_missing,0,3.71207476251078,10.0,1.875624074609153,39.685851537379705,380,False,False,False,False,t1_stable_or_true_release,False,candidate_level_explanation_not_MLIP_consensus_validation
wbm-2-27624,Br6 Mn2,Br-Mn,2|Br-Mn,300,raw_only_requested_budget,0,2,0,2,False,-0.18961,True,-1.1083689999999962,True,labelable_current_MP_hull,stable_to_stable,False,False,False,False,False,0.6579410000000001,-0.6579410000000001,True,False,-1.10736,-0.9707,3,not_available_for_wbm_queue_chgnet_mace_missing,0,5.702370215959679,10.0,3.1260401243485885,19.83000681704263,210,True,True,False,True,t1_stable_or_true_release,False,candidate_level_explanation_not_MLIP_consensus_validation
wbm-2-27624,Br6 Mn2,Br-Mn,2|Br-Mn,500,raw_only_requested_budget,0,10,0,10,False,-0.18961,True,-1.1083689999999962,True,labelable_current_MP_hull,stable_to_stable,False,False,False,False,False,0.6579410000000001,-0.6579410000000001,True,False,-1.10736,-0.9707,3,not_available_for_wbm_queue_chgnet_mace_missing,0,6.458579042100912,10.0,3.164235027733259,39.685851537379705,213,True,True,False,True,t1_stable_or_true_release,False,candidate_level_explanation_not_MLIP_consensus_validation
wbm-2-27626,Br8 Mn2,Br-Mn,2|Br-Mn,300,raw_only_requested_budget,0,9,0,9,False,-0.301293,True,-1.0363060000000104,True,labelable_current_MP_hull,stable_to_stable,False,False,False,False,False,0.706987,-0.706987,True,False,-0.44737,-0.7778,3,not_available_for_wbm_queue_chgnet_mace_missing,0,8.314929611426463,10.0,5.273725046222098,19.83000681704263,123,True,False,True,True,t1_stable_or_true_release,False,candidate_level_explanation_not_MLIP_consensus_validation
wbm-2-27626,Br8 Mn2,Br-Mn,2|Br-Mn,500,raw_only_requested_budget,0,10,0,10,False,-0.301293,True,-1.0363060000000104,True,labelable_current_MP_hull,stable_to_stable,False,False,False,False,False,0.706987,-0.706987,True,False,-0.44737,-0.7778,3,not_available_for_wbm_queue_chgnet_mace_missing,0,8.314929611426463,10.0,3.164235027733259,39.685851537379705,157,True,False,True,True,t1_stable_or_true_release,False,candidate_level_explanation_not_MLIP_consensus_validation
wbm-2-27627,Br10 Mn2,Br-Mn,2|Br-Mn,300,raw_only_requested_budget,0,10,0,10,False,-0.327941,True,-0.9404570000000092,True,labelable_current_MP_hull,stable_to_stable,False,False,False,False,False,0.7892839999999999,-0.7892839999999999,True,False,-0.8821100000000002,-0.7688,3,not_available_for_wbm_queue_chgnet_mace_missing,0,14.441395685142556,10.0,5.273725046222098,19.83000681704263,37,True,False,True,True,t1_stable_or_true_release,False,candidate_level_explanation_not_MLIP_consensus_validation
wbm-2-27627,Br10 Mn2,Br-Mn,2|Br-Mn,500,raw_only_requested_budget,0,10,0,10,False,-0.327941,True,-0.9404570000000092,True,labelable_current_MP_hull,stable_to_stable,False,False,False,False,False,0.7892839999999999,-0.7892839999999999,True,False,-0.8821100000000002,-0.7688,3,not_available_for_wbm_queue_chgnet_mace_missing,0,14.441395685142556,10.0,3.164235027733259,39.685851537379705,69,True,False,True,True,t1_stable_or_true_release,False,candidate_level_explanation_not_MLIP_consensus_validation
wbm-2-27629,Br6 Mn1 Rb2,Br-Mn-Rb,3|Br-Mn,500,raw_only_requested_budget,0,5,0,5,False,-0.212923,True,-1.571585000000013,True,labelable_current_MP_hull,stable_to_stable,False,False,False,False,False,0.610338,-0.610338,True,False,-1.53358,-1.4416,3,not_available_for_wbm_queue_chgnet_mace_missing,0,5.03762514135281,10.0,3.094614266137109,39.685851537379705,308,False,False,False,False,t1_stable_or_true_release,False,candidate_level_explanation_not_MLIP_consensus_validation
wbm-2-28223,Mn2 Se10,Mn-Se,2|Mn-Se,500,raw_only_requested_budget,0,1,0,1,False,-0.149558,True,-0.4563810000000217,True,labelable_current_MP_hull,stable_to_stable,False,False,False,False,False,0.554977,-0.554977,True,False,-0.27685,-0.4545,3,not_available_for_wbm_queue_chgnet_mace_missing,0,2.9621815726991896,10.0,1.2178016109894885,29.432650133714645,453,False,False,False,False,t1_stable_or_true_release,False,candidate_level_explanation_not_MLIP_consensus_validation
wbm-2-28392,I6 Mo1,I-Mo,2|I-Mo,500,raw_only_requested_budget,0,1,0,1,False,-0.134723,True,0.9274011728571594,False,labelable_current_MP_hull,stable_to_unstable,True,False,False,False,False,0.590843,-0.590843,True,True,-0.5751299999999999,-0.4695,3,not_available_for_wbm_queue_chgnet_mace_missing,1,3.470252753759264,10.0,1.2178016109894885,29.432650133714645,362,False,False,False,False,ALIGNN_FF_disagrees_with_current_MP_label,False,candidate_level_explanation_not_MLIP_consensus_validation
wbm-2-29348,Br2 Er2 N1,Br-Er-N,3|Br-Er,300,PARC_release,11,11,11,0,True,-1.065943,True,-1.8487439999999964,True,labelable_current_MP_hull,stable_to_stable,False,False,False,False,False,1.3196990000000002,-1.3196990000000002,True,False,-1.75561,-1.7158,3,not_available_for_wbm_queue_chgnet_mace_missing,0,164.80390769444054,10.0,5.651511869009259,10.926127664038065,37,False,False,False,False,t1_stable_or_true_release,False,candidate_level_explanation_not_MLIP_consensus_validation
wbm-2-29348,Br2 Er2 N1,Br-Er-N,3|Br-Er,500,PARC_release,11,11,11,0,True,-1.065943,True,-1.8487439999999964,True,labelable_current_MP_hull,stable_to_stable,False,False,False,False,False,1.3196990000000002,-1.3196990000000002,True,False,-1.75561,-1.7158,3,not_available_for_wbm_queue_chgnet_mace_missing,0,164.80390769444054,10.0,3.390907121405556,12.726465504194358,37,False,False,False,False,t1_stable_or_true_release,False,candidate_level_explanation_not_MLIP_consensus_validation
wbm-2-29369,Br6 Er4 N2,Br-Er-N,3|Br-Er,300,PARC_release,11,11,11,0,True,-1.569984,True,-2.2223219999999912,True,labelable_current_MP_hull,stable_to_stable,False,False,False,False,False,1.936862,-1.936862,True,False,-2.06916,-2.173,3,not_available_for_wbm_queue_chgnet_mace_missing,0,164.80390769444054,10.0,5.651511869009259,10.926127664038065,16,False,False,False,False,t1_stable_or_true_release,False,candidate_level_explanation_not_MLIP_consensus_validation
wbm-2-29369,Br6 Er4 N2,Br-Er-N,3|Br-Er,500,PARC_release,11,11,11,0,True,-1.569984,True,-2.2223219999999912,True,labelable_current_MP_hull,stable_to_stable,False,False,False,False,False,1.936862,-1.936862,True,False,-2.06916,-2.173,3,not_available_for_wbm_queue_chgnet_mace_missing,0,164.80390769444054,10.0,3.390907121405556,12.726465504194358,12,False,False,False,False,t1_stable_or_true_release,False,candidate_level_explanation_not_MLIP_consensus_validation
wbm-2-29383,Br1 Er2 N1,Br-Er-N,3|Br-Er,300,PARC_release,11,11,11,0,True,-0.521915,True,-1.5004089999999977,True,labelable_current_MP_hull,stable_to_stable,False,False,False,False,False,0.963306,-0.963306,True,False,-1.67996,-1.6662,3,not_available_for_wbm_queue_chgnet_mace_missing,0,62.74118413416109,10.0,5.651511869009259,10.926127664038065,95,False,False,False,False,t1_stable_or_true_release,False,candidate_level_explanation_not_MLIP_consensus_validation
wbm-2-29383,Br1 Er2 N1,Br-Er-N,3|Br-Er,500,PARC_release,6,11,6,5,True,-0.521915,True,-1.5004089999999977,True,labelable_current_MP_hull,stable_to_stable,False,False,False,False,False,0.963306,-0.963306,True,False,-1.67996,-1.6662,3,not_available_for_wbm_queue_chgnet_mace_missing,0,62.74118413416109,10.0,3.390907121405556,12.726465504194358,7,False,False,False,False,t1_stable_or_true_release,False,candidate_level_explanation_not_MLIP_consensus_validation
wbm-2-29687,Gd4 I2 N2,Gd-I-N,3|Gd-I,500,raw_only_requested_budget,0,3,0,3,False,-0.294427,True,-1.2421950000000024,True,labelable_current_MP_hull,stable_to_stable,False,False,False,False,False,0.5702320000000001,-0.5702320000000001,True,False,-1.3579399999999997,-1.4197,3,not_available_for_wbm_queue_chgnet_mace_missing,0,3.590371789108786,10.0,2.009647497495417,39.685851537379705,411,False,False,False,False,t1_stable_or_true_release,False,candidate_level_explanation_not_MLIP_consensus_validation
wbm-2-3305,Ac1 Al1 Se2,Ac-Al-Se,3|Ac-Al,500,raw_only_requested_budget,0,3,0,3,False,-0.252876,True,-1.3041920000000005,True,labelable_current_MP_hull,stable_to_stable,False,False,False,False,False,0.5773840000000001,-0.5773840000000001,True,False,-1.12956,-1.134,3,not_available_for_wbm_queue_chgnet_mace_missing,0,3.948311290369254,10.0,2.009647497495417,39.685851537379705,404,False,False,False,False,t1_stable_or_true_release,False,candidate_level_explanation_not_MLIP_consensus_validation
wbm-2-3506,Al1 Pm1 Te2,Al-Pm-Te,3|Al-Pm,500,raw_only_requested_budget,0,13,0,13,False,-0.344349,True,-0.8384929999999997,True,labelable_current_MP_hull,stable_to_stable,False,False,False,False,False,0.6272559999999999,-0.6272559999999999,True,False,-0.7203100000000001,-0.9098,3,not_available_for_wbm_queue_chgnet_mace_missing,0,5.3970196914062205,10.0,3.094614266137109,29.432650133714645,243,False,False,False,False,t1_stable_or_true_release,False,candidate_level_explanation_not_MLIP_consensus_validation
wbm-2-37232,Gd2 I2 O2,Gd-I-O,3|Gd-I,500,raw_only_requested_budget,0,11,0,11,False,-0.491374,True,21.818832555000007,False,labelable_current_MP_hull,stable_to_unstable,True,False,False,False,False,0.6197880000000002,-0.6197880000000002,True,True,-3.01978,-2.9933,3,not_available_for_wbm_queue_chgnet_mace_missing,1,4.958922044070832,10.0,3.164235027733259,39.685851537379705,288,False,False,False,False,ALIGNN_FF_disagrees_with_current_MP_label,False,candidate_level_explanation_not_MLIP_consensus_validation
wbm-2-38222,Cl11 P1,Cl-P,2|Cl-P,300,raw_only_requested_budget,0,2,0,2,False,-0.221317,True,-0.7641979999999933,True,labelable_current_MP_hull,stable_to_stable,False,False,False,False,False,0.6527189999999999,-0.6527189999999999,True,False,-0.4278199999999999,-1.2874,3,not_available_for_wbm_queue_chgnet_mace_missing,0,5.934681507496319,10.0,2.086020786140143,16.36323504953147,235,True,False,True,True,t1_stable_or_true_release,False,candidate_level_explanation_not_MLIP_consensus_validation
wbm-2-38222,Cl11 P1,Cl-P,2|Cl-P,500,raw_only_requested_budget,0,10,0,10,False,-0.221317,True,-0.7641979999999933,True,labelable_current_MP_hull,stable_to_stable,False,False,False,False,False,0.6527189999999999,-0.6527189999999999,True,False,-0.4278199999999999,-1.2874,3,not_available_for_wbm_queue_chgnet_mace_missing,0,6.187688875918232,10.0,3.390907121405556,33.106904168958664,191,True,False,True,True,t1_stable_or_true_release,False,candidate_level_explanation_not_MLIP_consensus_validation
wbm-2-38271,Cl1 P1 Yb2,Cl-P-Yb,3|Cl-P,500,raw_only_requested_budget,0,2,0,2,False,-0.404655,True,,False,unresolved_current_MP_missing_element_reference,stable_to_unresolved,True,False,False,False,False,0.5677409999999998,-0.5677409999999998,True,True,-1.75712,-2.0055,3,not_available_for_wbm_queue_chgnet_mace_missing,1,3.435340037634345,10.0,1.3174868122990375,39.685851537379705,416,False,False,False,False,unresolved_current_MP_hull_reference,False,candidate_level_explanation_not_MLIP_consensus_validation
wbm-2-38570,Gd2 I2 P1,Gd-I-P,3|Gd-I,300,PARC_release,11,11,11,0,True,-1.026631,True,-1.7203580000000045,True,labelable_current_MP_hull,stable_to_stable,False,False,False,False,False,1.160973,-1.160973,True,False,-1.6174700000000002,-1.594,3,not_available_for_wbm_queue_chgnet_mace_missing,0,164.80390769444054,10.0,5.273725046222098,19.83000681704263,21,False,False,False,False,t1_stable_or_true_release,False,candidate_level_explanation_not_MLIP_consensus_validation
wbm-2-38570,Gd2 I2 P1,Gd-I-P,3|Gd-I,500,PARC_release,11,11,11,0,True,-1.026631,True,-1.7203580000000045,True,labelable_current_MP_hull,stable_to_stable,False,False,False,False,False,1.160973,-1.160973,True,False,-1.6174700000000002,-1.594,3,not_available_for_wbm_queue_chgnet_mace_missing,0,164.80390769444054,10.0,3.164235027733259,39.685851537379705,7,False,False,False,False,t1_stable_or_true_release,False,candidate_level_explanation_not_MLIP_consensus_validation
wbm-2-38579,Gd2 I1 P1,Gd-I-P,3|Gd-I,300,raw_only_requested_budget,0,11,0,11,False,-0.398551,True,-1.26571899999999,True,labelable_current_MP_hull,stable_to_stable,False,False,False,False,False,0.7804319999999999,-0.7804319999999999,True,False,-1.4746,-1.4996,3,not_available_for_wbm_queue_chgnet_mace_missing,0,13.00453250439059,10.0,5.273725046222098,19.83000681704263,30,True,False,True,True,t1_stable_or_true_release,False,candidate_level_explanation_not_MLIP_consensus_validation
wbm-2-38579,Gd2 I1 P1,Gd-I-P,3|Gd-I,500,raw_only_requested_budget,0,11,0,11,False,-0.398551,True,-1.26571899999999,True,labelable_current_MP_hull,stable_to_stable,False,False,False,False,False,0.7804319999999999,-0.7804319999999999,True,False,-1.4746,-1.4996,3,not_available_for_wbm_queue_chgnet_mace_missing,0,13.00453250439059,10.0,3.164235027733259,39.685851537379705,77,True,False,True,True,t1_stable_or_true_release,False,candidate_level_explanation_not_MLIP_consensus_validation
wbm-2-39784,Ac1 Pd1,Ac-Pd,2|Ac-Pd,300,raw_only_requested_budget,0,6,0,6,False,-0.707457,True,-0.7074360000000013,True,labelable_current_MP_hull,stable_to_stable,False,False,False,False,False,0.678621,-0.678621,True,False,-0.61564,-0.6948,3,not_available_for_wbm_queue_chgnet_mace_missing,0,7.262157980969153,10.0,3.676226167219616,16.36323504953147,171,False,False,False,False,t1_stable_or_true_release,False,candidate_level_explanation_not_MLIP_consensus_validation
wbm-2-39784,Ac1 Pd1,Ac-Pd,2|Ac-Pd,500,raw_only_requested_budget,0,12,0,12,False,-0.707457,True,-0.7074360000000013,True,labelable_current_MP_hull,stable_to_stable,False,False,False,False,False,0.678621,-0.678621,True,False,-0.61564,-0.6948,3,not_available_for_wbm_queue_chgnet_mace_missing,0,7.262157980969153,10.0,3.164235027733259,33.106904168958664,171,False,False,False,False,t1_stable_or_true_release,False,candidate_level_explanation_not_MLIP_consensus_validation
wbm-2-3984,As1 Br2 Er2,As-Br-Er,3|As-Br,300,PARC_release,11,11,11,0,True,-1.238349,True,-1.9339530000000025,True,labelable_current_MP_hull,stable_to_stable,False,False,False,False,False,1.4385959999999998,-1.4385959999999998,True,False,-1.87404,-1.8537,3,not_available_for_wbm_queue_chgnet_mace_missing,0,164.84325750151808,10.0,5.651511869009259,12.674371754430824,13,True,False,True,True,t1_stable_or_true_release,False,candidate_level_explanation_not_MLIP_consensus_validation
wbm-2-3984,As1 Br2 Er2,As-Br-Er,3|As-Br,500,PARC_release,11,11,11,0,True,-1.238349,True,-1.9339530000000025,True,labelable_current_MP_hull,stable_to_stable,False,False,False,False,False,1.4385959999999998,-1.4385959999999998,True,False,-1.87404,-1.8537,3,not_available_for_wbm_queue_chgnet_mace_missing,0,164.84325750151808,10.0,3.390907121405556,33.106904168958664,13,True,False,True,True,t1_stable_or_true_release,False,candidate_level_explanation_not_MLIP_consensus_validation
wbm-2-4001,As1 Br3 Er3,As-Br-Er,3|As-Br,300,PARC_release,11,11,11,0,True,-1.048727,True,-1.577893999999997,True,labelable_current_MP_hull,stable_to_stable,False,False,False,False,False,1.557533,-1.557533,True,False,-1.7784599999999997,-1.6647,3,not_available_for_wbm_queue_chgnet_mace_missing,0,164.84325750151808,10.0,5.651511869009259,12.674371754430824,12,False,False,False,False,t1_stable_or_true_release,False,candidate_level_explanation_not_MLIP_consensus_validation
wbm-2-4001,As1 Br3 Er3,As-Br-Er,3|As-Br,500,PARC_release,11,11,11,0,True,-1.048727,True,-1.577893999999997,True,labelable_current_MP_hull,stable_to_stable,False,False,False,False,False,1.557533,-1.557533,True,False,-1.7784599999999997,-1.6647,3,not_available_for_wbm_queue_chgnet_mace_missing,0,164.84325750151808,10.0,3.390907121405556,33.106904168958664,12,False,False,False,False,t1_stable_or_true_release,False,candidate_level_explanation_not_MLIP_consensus_validation
wbm-2-40213,Ir2 Pm2,Ir-Pm,2|Ir-Pm,300,raw_only_requested_budget,0,13,0,13,False,-0.610076,True,-0.6101139999999994,True,labelable_current_MP_hull,stable_to_stable,False,False,False,False,False,0.7257619999999999,-0.7257619999999999,True,False,-0.4022199999999999,-0.5086,3,not_available_for_wbm_queue_chgnet_mace_missing,0,9.10867280702932,10.0,5.651511869009259,19.83000681704263,72,False,False,False,False,t1_stable_or_true_release,False,candidate_level_explanation_not_MLIP_consensus_validation
wbm-2-40213,Ir2 Pm2,Ir-Pm,2|Ir-Pm,500,raw_only_requested_budget,0,13,0,13,False,-0.610076,True,-0.6101139999999994,True,labelable_current_MP_hull,stable_to_stable,False,False,False,False,False,0.7257619999999999,-0.7257619999999999,True,False,-0.4022199999999999,-0.5086,3,not_available_for_wbm_queue_chgnet_mace_missing,0,9.10867280702932,10.0,3.390907121405556,39.685851537379705,105,False,False,False,False,t1_stable_or_true_release,False,candidate_level_explanation_not_MLIP_consensus_validation
wbm-2-40214,Bi1 Pm1 Pt2,Bi-Pm-Pt,3|Bi-Pm,500,raw_only_requested_budget,0,8,0,8,False,-0.551126,True,4.809799563750001,False,labelable_current_MP_hull,stable_to_unstable,True,False,False,False,False,0.59804,-0.59804,True,True,-0.5364700000000001,-0.732,3,not_available_for_wbm_queue_chgnet_mace_missing,1,4.523692459240393,10.0,3.390907121405556,39.685851537379705,308,False,False,False,False,ALIGNN_FF_disagrees_with_current_MP_label,False,candidate_level_explanation_not_MLIP_consensus_validation
wbm-2-40216,Pm1 Pt2 Tl1,Pm-Pt-Tl,3|Pm-Pt,500,raw_only_requested_budget,0,5,0,5,False,-0.504373,True,-0.6326259999999984,True,labelable_current_MP_hull,stable_to_stable,False,False,False,False,False,0.572147,-0.572147,True,False,-0.5518,-0.6766,3,not_available_for_wbm_queue_chgnet_mace_missing,0,3.89856845817538,10.0,3.390907121405556,39.685851537379705,374,False,False,False,False,t1_stable_or_true_release,False,candidate_level_explanation_not_MLIP_consensus_validation
wbm-2-40217,Pm2 Pt6,Pm-Pt,2|Pm-Pt,300,PARC_release,4,10,4,6,True,-0.828812,True,-0.8288480000000007,True,labelable_current_MP_hull,stable_to_stable,False,False,False,False,False,0.879164,-0.879164,True,False,-0.81182,-0.911,3,not_available_for_wbm_queue_chgnet_mace_missing,0,34.12656697602882,10.0,5.273725046222098,12.171561895162212,8,False,False,False,False,t1_stable_or_true_release,False,candidate_level_explanation_not_MLIP_consensus_validation
wbm-2-40217,Pm2 Pt6,Pm-Pt,2|Pm-Pt,500,PARC_release,1,10,1,9,True,-0.828812,True,-0.8288480000000007,True,labelable_current_MP_hull,stable_to_stable,False,False,False,False,False,0.879164,-0.879164,True,False,-0.81182,-0.911,3,not_available_for_wbm_queue_chgnet_mace_missing,0,34.12656697602882,10.0,3.164235027733259,12.726465504194358,11,False,False,False,False,t1_stable_or_true_release,False,candidate_level_explanation_not_MLIP_consensus_validation
wbm-2-40300,Ac1 Pt5,Ac-Pt,2|Ac-Pt,300,raw_only_requested_budget,0,10,0,10,False,-0.747818,True,-0.7478410000000011,True,labelable_current_MP_hull,stable_to_stable,False,False,False,False,False,0.696477,-0.696477,True,False,0.17027,1.1053,3,not_available_for_wbm_queue_chgnet_mace_missing,0,8.314929611426463,10.0,5.651511869009259,19.83000681704263,99,False,False,False,False,t1_stable_or_true_release,False,candidate_level_explanation_not_MLIP_consensus_validation
wbm-2-40300,Ac1 Pt5,Ac-Pt,2|Ac-Pt,500,raw_only_requested_budget,0,12,0,12,False,-0.747818,True,-0.7478410000000011,True,labelable_current_MP_hull,stable_to_stable,False,False,False,False,False,0.696477,-0.696477,True,False,0.17027,1.1053,3,not_available_for_wbm_queue_chgnet_mace_missing,0,8.314929611426463,10.0,3.390907121405556,39.685851537379705,131,False,False,False,False,t1_stable_or_true_release,False,candidate_level_explanation_not_MLIP_consensus_validation
wbm-2-40308,Ac1 Pt1,Ac-Pt,2|Ac-Pt,300,PARC_release,9,12,9,3,True,-0.994646,True,-0.99465,True,labelable_current_MP_hull,stable_to_stable,False,False,False,False,False,0.955696,-0.955696,True,False,-0.9195299999999996,-0.9851,3,not_available_for_wbm_queue_chgnet_mace_missing,0,62.74118413416109,10.0,5.651511869009259,19.83000681704263,8,False,False,False,False,t1_stable_or_true_release,False,candidate_level_explanation_not_MLIP_consensus_validation
wbm-2-40308,Ac1 Pt1,Ac-Pt,2|Ac-Pt,500,PARC_release,3,12,3,9,True,-0.994646,True,-0.99465,True,labelable_current_MP_hull,stable_to_stable,False,False,False,False,False,0.955696,-0.955696,True,False,-0.9195299999999996,-0.9851,3,not_available_for_wbm_queue_chgnet_mace_missing,0,62.74118413416109,10.0,3.390907121405556,39.685851537379705,9,False,False,False,False,t1_stable_or_true_release,False,candidate_level_explanation_not_MLIP_consensus_validation
wbm-2-4112,As1 Gd2 I2,As-Gd-I,3|As-Gd,300,PARC_release,10,10,10,0,True,-1.009602,True,-1.67732800000001,True,labelable_current_MP_hull,stable_to_stable,False,False,False,False,False,1.129174,-1.129174,True,False,-1.62989,-1.5377,3,not_available_for_wbm_queue_chgnet_mace_missing,0,164.84325750151808,10.0,5.651511869009259,19.83000681704263,24,False,False,False,False,t1_stable_or_true_release,False,candidate_level_explanation_not_MLIP_consensus_validation
wbm-2-4112,As1 Gd2 I2,As-Gd-I,3|As-Gd,500,PARC_release,10,10,10,0,True,-1.009602,True,-1.67732800000001,True,labelable_current_MP_hull,stable_to_stable,False,False,False,False,False,1.129174,-1.129174,True,False,-1.62989,-1.5377,3,not_available_for_wbm_queue_chgnet_mace_missing,0,164.84325750151808,10.0,3.390907121405556,39.685851537379705,7,False,False,False,False,t1_stable_or_true_release,False,candidate_level_explanation_not_MLIP_consensus_validation
wbm-2-41173,Ac2 Pt1 Rh1,Ac-Pt-Rh,3|Ac-Pt,300,raw_only_requested_budget,0,10,0,10,False,-0.773999,True,-0.775148999999999,True,labelable_current_MP_hull,stable_to_stable,False,False,False,False,False,0.72135,-0.72135,True,False,-0.75518,-0.769,3,not_available_for_wbm_queue_chgnet_mace_missing,0,9.121010416574991,10.0,5.651511869009259,16.36323504953147,65,False,False,False,False,t1_stable_or_true_release,False,candidate_level_explanation_not_MLIP_consensus_validation
wbm-2-41173,Ac2 Pt1 Rh1,Ac-Pt-Rh,3|Ac-Pt,500,raw_only_requested_budget,0,11,0,11,False,-0.773999,True,-0.775148999999999,True,labelable_current_MP_hull,stable_to_stable,False,False,False,False,False,0.72135,-0.72135,True,False,-0.75518,-0.769,3,not_available_for_wbm_queue_chgnet_mace_missing,0,9.121010416574991,10.0,3.390907121405556,33.106904168958664,126,False,False,False,False,t1_stable_or_true_release,False,candidate_level_explanation_not_MLIP_consensus_validation
wbm-2-4129,As1 Gd2 I1,As-Gd-I,3|As-Gd,300,raw_only_requested_budget,0,9,0,9,False,-0.531814,True,-1.3664789999999982,True,labelable_current_MP_hull,stable_to_stable,False,False,False,False,False,0.712035,-0.712035,True,False,-1.4447900000000002,-1.421,3,not_available_for_wbm_queue_chgnet_mace_missing,0,8.834304730732526,10.0,5.651511869009259,19.83000681704263,77,True,False,True,True,t1_stable_or_true_release,False,candidate_level_explanation_not_MLIP_consensus_validation
wbm-2-4129,As1 Gd2 I1,As-Gd-I,3|As-Gd,500,raw_only_requested_budget,0,10,0,10,False,-0.531814,True,-1.3664789999999982,True,labelable_current_MP_hull,stable_to_stable,False,False,False,False,False,0.712035,-0.712035,True,False,-1.4447900000000002,-1.421,3,not_available_for_wbm_queue_chgnet_mace_missing,0,8.834304730732526,10.0,3.390907121405556,39.685851537379705,137,True,False,True,True,t1_stable_or_true_release,False,candidate_level_explanation_not_MLIP_consensus_validation
wbm-2-43399,Gd2 I2 S1,Gd-I-S,3|Gd-I,500,raw_only_requested_budget,0,11,0,11,False,-0.609992,True,-1.9443389999999847,True,labelable_current_MP_hull,stable_to_stable,False,False,False,False,False,0.6247529999999999,-0.6247529999999999,True,False,-1.79944,-1.8686,3,not_available_for_wbm_queue_chgnet_mace_missing,0,5.214193348528961,10.0,3.164235027733259,39.685851537379705,278,False,False,False,False,t1_stable_or_true_release,False,candidate_level_explanation_not_MLIP_consensus_validation
wbm-2-44138,Br8 Sc2,Br-Sc,2|Br-Sc,300,raw_only_requested_budget,0,13,0,13,False,-0.013844,True,-1.7192000000000007,True,labelable_current_MP_hull,stable_to_stable,False,True,False,True,False,0.7533439999999998,-0.7533439999999998,True,False,-1.87712,-1.8787,3,not_available_for_wbm_queue_chgnet_mace_missing,0,11.37349586079201,10.0,5.651511869009259,19.83000681704263,19,False,False,False,False,t1_stable_or_true_release,False,candidate_level_explanation_not_MLIP_consensus_validation
wbm-2-44138,Br8 Sc2,Br-Sc,2|Br-Sc,500,raw_only_requested_budget,0,13,0,13,False,-0.013844,True,-1.7192000000000007,True,labelable_current_MP_hull,stable_to_stable,False,True,False,True,False,0.7533439999999998,-0.7533439999999998,True,False,-1.87712,-1.8787,3,not_available_for_wbm_queue_chgnet_mace_missing,0,11.37349586079201,10.0,3.390907121405556,39.685851537379705,77,False,False,False,False,t1_stable_or_true_release,False,candidate_level_explanation_not_MLIP_consensus_validation
wbm-2-44562,Sc2 Se10,Sc-Se,2|Sc-Se,500,raw_only_requested_budget,0,10,0,10,False,-0.18839,True,-1.0173360000000002,True,labelable_current_MP_hull,stable_to_stable,False,False,False,False,False,0.618654,-0.618654,True,False,-0.8674900000000001,-1.0551,3,not_available_for_wbm_queue_chgnet_mace_missing,0,5.122601899014496,10.0,3.164235027733259,39.685851537379705,263,False,False,False,False,t1_stable_or_true_release,False,candidate_level_explanation_not_MLIP_consensus_validation
wbm-2-44671,Br4 Ce2 Se4,Br-Ce-Se,3|Br-Ce,500,raw_only_requested_budget,0,13,0,13,False,-0.151377,True,20.243685957999915,False,labelable_current_MP_hull,stable_to_unstable,True,False,False,False,False,0.6299140000000001,-0.6299140000000001,True,True,-1.57877,-1.5833,3,not_available_for_wbm_queue_chgnet_mace_missing,1,5.598188024218553,10.0,3.390907121405556,39.685851537379705,231,False,False,False,False,ALIGNN_FF_disagrees_with_current_MP_label,False,candidate_level_explanation_not_MLIP_consensus_validation
wbm-2-44731,Ac1 Pb1 Se2,Ac-Pb-Se,3|Ac-Pb,500,raw_only_requested_budget,0,5,0,5,False,-0.398952,True,-1.333089000000001,True,labelable_current_MP_hull,stable_to_stable,False,False,False,False,False,0.5732630000000001,-0.5732630000000001,True,False,-1.45548,-1.3522,3,not_available_for_wbm_queue_chgnet_mace_missing,0,3.85183074227887,10.0,2.009647497495417,39.685851537379705,404,False,False,False,False,t1_stable_or_true_release,False,candidate_level_explanation_not_MLIP_consensus_validation
wbm-2-44821,Ac1 Se2 Sn1,Ac-Se-Sn,3|Ac-Se,300,raw_only_requested_budget,0,3,0,3,False,-0.31081,True,-1.2795089999999902,True,labelable_current_MP_hull,stable_to_stable,False,False,False,False,False,0.6430009999999999,-0.6430009999999999,True,False,-1.37114,-1.2941,3,not_available_for_wbm_queue_chgnet_mace_missing,0,5.82000752734174,10.0,2.965053684829303,19.83000681704263,234,False,False,False,False,t1_stable_or_true_release,False,candidate_level_explanation_not_MLIP_consensus_validation
wbm-2-44821,Ac1 Se2 Sn1,Ac-Se-Sn,3|Ac-Se,500,raw_only_requested_budget,0,9,0,9,False,-0.31081,True,-1.2795089999999902,True,labelable_current_MP_hull,stable_to_stable,False,False,False,False,False,0.6430009999999999,-0.6430009999999999,True,False,-1.37114,-1.2941,3,not_available_for_wbm_queue_chgnet_mace_missing,0,5.939991047915414,10.0,3.164235027733259,39.685851537379705,231,False,False,False,False,t1_stable_or_true_release,False,candidate_level_explanation_not_MLIP_consensus_validation
wbm-2-45206,Gd2 I2 Se1,Gd-I-Se,3|Gd-I,300,PARC_release,9,11,9,2,True,-0.864652,True,-1.752836000000002,True,labelable_current_MP_hull,stable_to_stable,False,False,False,False,False,1.0217159999999998,-1.0217159999999998,True,False,-1.7172699999999996,-1.6856,3,not_available_for_wbm_queue_chgnet_mace_missing,0,89.61860802639553,10.0,5.273725046222098,19.83000681704263,1,False,False,False,False,t1_stable_or_true_release,False,candidate_level_explanation_not_MLIP_consensus_validation
wbm-2-45206,Gd2 I2 Se1,Gd-I-Se,3|Gd-I,500,PARC_release,6,11,6,5,True,-0.864652,True,-1.752836000000002,True,labelable_current_MP_hull,stable_to_stable,False,False,False,False,False,1.0217159999999998,-1.0217159999999998,True,False,-1.7172699999999996,-1.6856,3,not_available_for_wbm_queue_chgnet_mace_missing,0,89.61860802639553,10.0,3.164235027733259,39.685851537379705,3,False,False,False,False,t1_stable_or_true_release,False,candidate_level_explanation_not_MLIP_consensus_validation
wbm-2-45300,Np2 Se2 Te4,Np-Se-Te,3|Np-Se,300,raw_only_requested_budget,0,10,0,10,False,-0.028115,True,6.575562418749996,False,labelable_current_MP_hull,stable_to_unstable,True,False,False,True,False,0.8014529999999999,-0.8014529999999999,True,True,-1.40551,-0.9846,3,not_available_for_wbm_queue_chgnet_mace_missing,1,16.238199803323376,10.0,5.651511869009259,19.83000681704263,9,False,False,False,False,near_hull_50meV_boundary,False,candidate_level_explanation_not_MLIP_consensus_validation
wbm-2-45300,Np2 Se2 Te4,Np-Se-Te,3|Np-Se,500,raw_only_requested_budget,0,10,0,10,False,-0.028115,True,6.575562418749996,False,labelable_current_MP_hull,stable_to_unstable,True,False,False,True,False,0.8014529999999999,-0.8014529999999999,True,True,-1.40551,-0.9846,3,not_available_for_wbm_queue_chgnet_mace_missing,1,16.238199803323376,10.0,3.390907121405556,39.685851537379705,34,False,False,False,False,near_hull_50meV_boundary,False,candidate_level_explanation_not_MLIP_consensus_validation
wbm-2-47458,Gd2 I2 Si2,Gd-I-Si,3|Gd-I,300,raw_only_requested_budget,0,2,0,2,False,-0.50673,True,-1.204311999999959,True,labelable_current_MP_hull,stable_to_stable,False,False,False,False,False,0.6422180000000001,-0.6422180000000001,True,False,-1.15354,-1.0993,3,not_available_for_wbm_queue_chgnet_mace_missing,0,4.878567267768081,10.0,2.195811353831729,19.83000681704263,242,False,False,False,False,t1_stable_or_true_release,False,candidate_level_explanation_not_MLIP_consensus_validation
wbm-2-47458,Gd2 I2 Si2,Gd-I-Si,3|Gd-I,500,raw_only_requested_budget,0,11,0,11,False,-0.50673,True,-1.204311999999959,True,labelable_current_MP_hull,stable_to_stable,False,False,False,False,False,0.6422180000000001,-0.6422180000000001,True,False,-1.15354,-1.0993,3,not_available_for_wbm_queue_chgnet_mace_missing,0,5.60444434620063,10.0,3.164235027733259,39.685851537379705,245,False,False,False,False,t1_stable_or_true_release,False,candidate_level_explanation_not_MLIP_consensus_validation
wbm-2-48890,Gd2 I2 Sn1,Gd-I-Sn,3|Gd-I,300,PARC_release,9,11,9,2,True,-0.821793,True,-1.301874000000005,True,labelable_current_MP_hull,stable_to_stable,False,False,False,False,False,0.994119,-0.994119,True,False,-1.2651899999999998,-1.2644,3,not_available_for_wbm_queue_chgnet_mace_missing,0,89.59744867750774,10.0,5.273725046222098,19.83000681704263,5,False,False,False,False,t1_stable_or_true_release,False,candidate_level_explanation_not_MLIP_consensus_validation
wbm-2-48890,Gd2 I2 Sn1,Gd-I-Sn,3|Gd-I,500,PARC_release,4,11,4,7,True,-0.821793,True,-1.301874000000005,True,labelable_current_MP_hull,stable_to_stable,False,False,False,False,False,0.994119,-0.994119,True,False,-1.2651899999999998,-1.2644,3,not_available_for_wbm_queue_chgnet_mace_missing,0,89.59744867750774,10.0,3.164235027733259,39.685851537379705,4,False,False,False,False,t1_stable_or_true_release,False,candidate_level_explanation_not_MLIP_consensus_validation
wbm-2-49042,Pm1 Sn1 Te2,Pm-Sn-Te,3|Pm-Sn,300,PARC_release,6,11,6,5,True,-0.561349,True,-0.8723939999999999,True,labelable_current_MP_hull,stable_to_stable,False,False,False,False,False,0.896855,-0.896855,True,False,-1.0437000000000003,-0.92,3,not_available_for_wbm_queue_chgnet_mace_missing,0,29.847185589531662,10.0,5.651511869009259,16.36323504953147,2,False,False,False,False,t1_stable_or_true_release,False,candidate_level_explanation_not_MLIP_consensus_validation
wbm-2-49042,Pm1 Sn1 Te2,Pm-Sn-Te,3|Pm-Sn,500,raw_only_requested_budget,0,11,0,11,False,-0.561349,True,-0.8723939999999999,True,labelable_current_MP_hull,stable_to_stable,False,False,False,False,False,0.896855,-0.896855,True,False,-1.0437000000000003,-0.92,3,not_available_for_wbm_queue_chgnet_mace_missing,0,29.847185589531662,10.0,3.390907121405556,29.432650133714645,5,False,False,False,False,t1_stable_or_true_release,False,candidate_level_explanation_not_MLIP_consensus_validation
wbm-2-49271,Gd2 I8 Sr1,Gd-I-Sr,3|Gd-I,300,PARC_release,11,11,11,0,True,-1.068628,True,4.310698612727268,False,labelable_current_MP_hull,stable_to_unstable,True,False,False,False,False,1.2876789999999998,-1.2876789999999998,True,True,-1.6550999999999998,-1.616,3,not_available_for_wbm_queue_chgnet_mace_missing,1,164.80390769444054,10.0,5.273725046222098,19.83000681704263,16,False,False,False,False,ALIGNN_FF_disagrees_with_current_MP_label,False,candidate_level_explanation_not_MLIP_consensus_validation
wbm-2-49271,Gd2 I8 Sr1,Gd-I-Sr,3|Gd-I,500,PARC_release,11,11,11,0,True,-1.068628,True,4.310698612727268,False,labelable_current_MP_hull,stable_to_unstable,True,False,False,False,False,1.2876789999999998,-1.2876789999999998,True,True,-1.6550999999999998,-1.616,3,not_available_for_wbm_queue_chgnet_mace_missing,1,164.80390769444054,10.0,3.164235027733259,39.685851537379705,14,False,False,False,False,ALIGNN_FF_disagrees_with_current_MP_label,False,candidate_level_explanation_not_MLIP_consensus_validation
wbm-2-49555,Sr2 Te6,Sr-Te,2|Sr-Te,500,raw_only_requested_budget,0,2,0,2,False,-0.06807,True,-1.0451219999999992,True,labelable_current_MP_hull,stable_to_stable,False,False,False,False,False,0.5822479999999998,-0.5822479999999998,True,False,-1.06252,-0.8309,3,not_available_for_wbm_queue_chgnet_mace_missing,0,4.050112112583752,10.0,1.779032210897582,33.106904168958664,388,False,False,False,False,t1_stable_or_true_release,False,candidate_level_explanation_not_MLIP_consensus_validation
wbm-2-49858,Au1 Pm1 Te2,Au-Pm-Te,3|Au-Pm,300,PARC_release,1,8,1,7,True,-0.509188,True,19.142641798749995,False,labelable_current_MP_hull,stable_to_unstable,True,False,False,False,False,0.826083,-0.826083,True,True,-0.8849,-0.9092,3,not_available_for_wbm_queue_chgnet_mace_missing,1,17.3301600176195,10.0,5.273725046222098,10.139041049228304,14,False,False,False,False,ALIGNN_FF_disagrees_with_current_MP_label,False,candidate_level_explanation_not_MLIP_consensus_validation
wbm-2-49858,Au1 Pm1 Te2,Au-Pm-Te,3|Au-Pm,500,raw_only_requested_budget,0,8,0,8,False,-0.509188,True,19.142641798749995,False,labelable_current_MP_hull,stable_to_unstable,True,False,False,False,False,0.826083,-0.826083,True,True,-0.8849,-0.9092,3,not_available_for_wbm_queue_chgnet_mace_missing,1,17.3301600176195,10.0,3.164235027733259,13.924506444478084,21,False,False,False,False,ALIGNN_FF_disagrees_with_current_MP_label,False,candidate_level_explanation_not_MLIP_consensus_validation
wbm-2-49859,Pb1 Pm1 Te2,Pb-Pm-Te,3|Pb-Pm,300,raw_only_requested_budget,0,11,0,11,False,-0.398098,True,-0.7098440000000004,True,labelable_current_MP_hull,stable_to_stable,False,False,False,False,False,0.753854,-0.753854,True,False,-0.9971,-0.8234,3,not_available_for_wbm_queue_chgnet_mace_missing,0,11.358042279988403,10.0,5.157690443561848,19.83000681704263,18,False,False,False,False,t1_stable_or_true_release,False,candidate_level_explanation_not_MLIP_consensus_validation
wbm-2-49859,Pb1 Pm1 Te2,Pb-Pm-Te,3|Pb-Pm,500,raw_only_requested_budget,0,11,0,11,False,-0.398098,True,-0.7098440000000004,True,labelable_current_MP_hull,stable_to_stable,False,False,False,False,False,0.753854,-0.753854,True,False,-0.9971,-0.8234,3,not_available_for_wbm_queue_chgnet_mace_missing,0,11.358042279988403,10.0,3.094614266137109,39.685851537379705,97,False,False,False,False,t1_stable_or_true_release,False,candidate_level_explanation_not_MLIP_consensus_validation
wbm-2-49902,Ac4 Te6,Ac-Te,2|Ac-Te,300,PARC_release,7,7,7,0,True,-0.810182,True,-1.772228000000002,True,labelable_current_MP_hull,stable_to_stable,False,False,False,False,False,1.107354,-1.107354,True,False,-1.50511,-1.4134,3,not_available_for_wbm_queue_chgnet_mace_missing,0,164.72520471273907,10.0,4.883345207202175,12.674371754430824,22,False,False,False,False,t1_stable_or_true_release,False,candidate_level_explanation_not_MLIP_consensus_validation
wbm-2-49902,Ac4 Te6,Ac-Te,2|Ac-Te,500,PARC_release,7,7,7,0,True,-0.810182,True,-1.772228000000002,True,labelable_current_MP_hull,stable_to_stable,False,False,False,False,False,1.107354,-1.107354,True,False,-1.50511,-1.4134,3,not_available_for_wbm_queue_chgnet_mace_missing,0,164.72520471273907,10.0,2.930007124321305,33.106904168958664,22,False,False,False,False,t1_stable_or_true_release,False,candidate_level_explanation_not_MLIP_consensus_validation
wbm-2-49943,Pm2 Te6,Pm-Te,2|Pm-Te,300,PARC_release,10,10,10,0,True,-0.95313,True,-0.9531449999999992,True,labelable_current_MP_hull,stable_to_stable,False,False,False,False,False,1.335585,-1.335585,True,False,-0.73789,-0.8792,3,not_available_for_wbm_queue_chgnet_mace_missing,0,164.84325750151808,10.0,5.651511869009259,19.83000681704263,14,False,False,False,False,t1_stable_or_true_release,False,candidate_level_explanation_not_MLIP_consensus_validation
wbm-2-49943,Pm2 Te6,Pm-Te,2|Pm-Te,500,PARC_release,10,10,10,0,True,-0.95313,True,-0.9531449999999992,True,labelable_current_MP_hull,stable_to_stable,False,False,False,False,False,1.335585,-1.335585,True,False,-0.73789,-0.8792,3,not_available_for_wbm_queue_chgnet_mace_missing,0,164.84325750151808,10.0,3.390907121405556,39.685851537379705,7,False,False,False,False,t1_stable_or_true_release,False,candidate_level_explanation_not_MLIP_consensus_validation
wbm-2-50485,Se10 Ti2,Se-Ti,2|Se-Ti,500,raw_only_requested_budget,0,11,0,11,False,-0.254311,True,-0.9674910000000524,True,labelable_current_MP_hull,stable_to_stable,False,False,False,False,False,0.63012,-0.63012,True,False,-0.71767,-0.9016,3,not_available_for_wbm_queue_chgnet_mace_missing,0,5.40063600884531,10.0,3.164235027733259,39.685851537379705,259,False,False,False,False,t1_stable_or_true_release,False,candidate_level_explanation_not_MLIP_consensus_validation
wbm-2-50809,Br4 I4 V2,Br-I-V,3|Br-I,500,raw_only_requested_budget,0,2,0,2,False,-0.094871,True,-0.944217000000002,True,labelable_current_MP_hull,stable_to_stable,False,False,False,False,False,0.560154,-0.560154,True,False,-0.92602,-0.9319,3,not_available_for_wbm_queue_chgnet_mace_missing,0,3.294615853662344,10.0,1.3174868122990375,39.685851537379705,434,False,False,False,False,t1_stable_or_true_release,False,candidate_level_explanation_not_MLIP_consensus_validation
wbm-2-50812,Br8 V2,Br-V,2|Br-V,300,raw_only_requested_budget,0,8,0,8,False,-0.270783,True,-1.2647679999999966,True,labelable_current_MP_hull,stable_to_stable,False,False,False,False,False,0.7500150000000001,-0.7500150000000001,True,False,-1.1091099999999998,-1.1439,3,not_available_for_wbm_queue_chgnet_mace_missing,0,10.90338361003438,10.0,5.651511869009259,16.36323504953147,51,True,True,False,True,t1_stable_or_true_release,False,candidate_level_explanation_not_MLIP_consensus_validation
wbm-2-50812,Br8 V2,Br-V,2|Br-V,500,raw_only_requested_budget,0,8,0,8,False,-0.270783,True,-1.2647679999999966,True,labelable_current_MP_hull,stable_to_stable,False,False,False,False,False,0.7500150000000001,-0.7500150000000001,True,False,-1.1091099999999998,-1.1439,3,not_available_for_wbm_queue_chgnet_mace_missing,0,10.90338361003438,10.0,3.390907121405556,29.432650133714645,76,True,True,False,True,t1_stable_or_true_release,False,candidate_level_explanation_not_MLIP_consensus_validation
wbm-2-52464,Cs2 Np2 Te6 Zn2,Cs-Np-Te-Zn,4|Cs-Np,500,raw_only_requested_budget,0,1,0,1,False,-0.064249,True,19.11441238857143,False,labelable_current_MP_hull,stable_to_unstable,True,False,False,False,False,0.55472,-0.55472,True,True,-1.31399,-0.8943,3,not_available_for_wbm_queue_chgnet_mace_missing,1,2.9621815726991896,10.0,1.2178016109894885,29.432650133714645,457,False,False,False,False,ALIGNN_FF_disagrees_with_current_MP_label,False,candidate_level_explanation_not_MLIP_consensus_validation
wbm-2-6782,Br11 Sb1,Br-Sb,2|Br-Sb,300,raw_only_requested_budget,0,5,0,5,False,-0.370614,True,-0.766607999999998,True,labelable_current_MP_hull,stable_to_stable,False,False,False,False,False,0.668506,-0.668506,True,False,-0.5466300000000001,-0.7053,3,not_available_for_wbm_queue_chgnet_mace_missing,0,6.315789297822852,10.0,3.676226167219616,16.36323504953147,185,True,False,True,True,t1_stable_or_true_release,False,candidate_level_explanation_not_MLIP_consensus_validation
wbm-2-6782,Br11 Sb1,Br-Sb,2|Br-Sb,500,raw_only_requested_budget,0,9,0,9,False,-0.370614,True,-0.766607999999998,True,labelable_current_MP_hull,stable_to_stable,False,False,False,False,False,0.668506,-0.668506,True,False,-0.5466300000000001,-0.7053,3,not_available_for_wbm_queue_chgnet_mace_missing,0,6.754650274921228,10.0,3.164235027733259,33.106904168958664,200,True,False,True,True,t1_stable_or_true_release,False,candidate_level_explanation_not_MLIP_consensus_validation
wbm-2-6842,Ba2 Br6,Ba-Br,2|Ba-Br,300,PARC_release,1,11,1,10,True,-0.025478,True,-2.0029889999999995,True,labelable_current_MP_hull,stable_to_stable,False,False,False,True,False,0.8012890000000001,-0.8012890000000001,True,False,-2.1003700000000003,-1.472,3,not_available_for_wbm_queue_chgnet_mace_missing,0,16.238199803323376,10.0,5.651511869009259,12.674371754430824,5,False,False,False,False,t1_stable_or_true_release,False,candidate_level_explanation_not_MLIP_consensus_validation
wbm-2-6842,Ba2 Br6,Ba-Br,2|Ba-Br,500,raw_only_requested_budget,0,11,0,11,False,-0.025478,True,-2.0029889999999995,True,labelable_current_MP_hull,stable_to_stable,False,False,False,True,False,0.8012890000000001,-0.8012890000000001,True,False,-2.1003700000000003,-1.472,3,not_available_for_wbm_queue_chgnet_mace_missing,0,16.238199803323376,10.0,3.390907121405556,33.106904168958664,53,False,False,False,False,t1_stable_or_true_release,False,candidate_level_explanation_not_MLIP_consensus_validation
wbm-2-6859,Br6 Er4,Br-Er,2|Br-Er,300,PARC_release,17,17,17,0,True,-1.862534,True,-1.862558,True,labelable_current_MP_hull,stable_to_stable,False,False,False,False,False,2.181376,-2.181376,True,False,-1.7609099999999998,-1.7381,3,not_available_for_wbm_queue_chgnet_mace_missing,0,164.84325750151808,10.0,5.651511869009259,19.83000681704263,8,True,True,False,True,t1_stable_or_true_release,False,candidate_level_explanation_not_MLIP_consensus_validation
wbm-2-6859,Br6 Er4,Br-Er,2|Br-Er,500,PARC_release,17,17,17,0,True,-1.862534,True,-1.862558,True,labelable_current_MP_hull,stable_to_stable,False,False,False,False,False,2.181376,-2.181376,True,False,-1.7609099999999998,-1.7381,3,not_available_for_wbm_queue_chgnet_mace_missing,0,164.84325750151808,10.0,3.390907121405556,39.685851537379705,4,True,True,False,True,t1_stable_or_true_release,False,candidate_level_explanation_not_MLIP_consensus_validation
wbm-2-6860,Br6 Er2,Br-Er,2|Br-Er,300,PARC_release,17,17,17,0,True,-2.37129,True,-2.371316,True,labelable_current_MP_hull,stable_to_stable,False,False,False,False,False,2.792474,-2.792474,True,False,-2.16336,-1.9414,3,not_available_for_wbm_queue_chgnet_mace_missing,0,164.84325750151808,10.0,5.651511869009259,19.83000681704263,3,True,False,True,True,t1_stable_or_true_release,False,candidate_level_explanation_not_MLIP_consensus_validation
wbm-2-6860,Br6 Er2,Br-Er,2|Br-Er,500,PARC_release,17,17,17,0,True,-2.37129,True,-2.371316,True,labelable_current_MP_hull,stable_to_stable,False,False,False,False,False,2.792474,-2.792474,True,False,-2.16336,-1.9414,3,not_available_for_wbm_queue_chgnet_mace_missing,0,164.84325750151808,10.0,3.390907121405556,39.685851537379705,3,True,False,True,True,t1_stable_or_true_release,False,candidate_level_explanation_not_MLIP_consensus_validation
wbm-2-6861,Br6 Er2,Br-Er,2|Br-Er,300,PARC_release,17,17,17,0,True,-2.319751,True,-2.319777000000002,True,labelable_current_MP_hull,stable_to_stable,False,False,False,False,False,2.715074,-2.715074,True,False,-2.17787,-2.1309,3,not_available_for_wbm_queue_chgnet_mace_missing,0,164.84325750151808,10.0,5.651511869009259,19.83000681704263,5,True,True,False,True,t1_stable_or_true_release,False,candidate_level_explanation_not_MLIP_consensus_validation
wbm-2-6861,Br6 Er2,Br-Er,2|Br-Er,500,PARC_release,17,17,17,0,True,-2.319751,True,-2.319777000000002,True,labelable_current_MP_hull,stable_to_stable,False,False,False,False,False,2.715074,-2.715074,True,False,-2.17787,-2.1309,3,not_available_for_wbm_queue_chgnet_mace_missing,0,164.84325750151808,10.0,3.390907121405556,39.685851537379705,5,True,True,False,True,t1_stable_or_true_release,False,candidate_level_explanation_not_MLIP_consensus_validation
wbm-2-6867,Br6 Hg2,Br-Hg,2|Br-Hg,300,raw_only_requested_budget,0,2,0,2,False,0.085285,False,-0.5471509999999995,True,labelable_current_MP_hull,unstable_to_stable,False,False,False,False,False,0.646264,-0.646264,True,False,-0.4423699999999999,-0.4329,3,not_available_for_wbm_queue_chgnet_mace_missing,0,5.936008970186071,10.0,2.965053684829303,12.674371754430824,226,False,False,False,False,t1_stable_or_true_release,False,candidate_level_explanation_not_MLIP_consensus_validation
wbm-2-6867,Br6 Hg2,Br-Hg,2|Br-Hg,500,raw_only_requested_budget,0,9,0,9,False,0.085285,False,-0.5471509999999995,True,labelable_current_MP_hull,unstable_to_stable,False,False,False,False,False,0.646264,-0.646264,True,False,-0.4423699999999999,-0.4329,3,not_available_for_wbm_queue_chgnet_mace_missing,0,5.936008970186071,10.0,3.164235027733259,33.106904168958664,202,False,False,False,False,t1_stable_or_true_release,False,candidate_level_explanation_not_MLIP_consensus_validation
wbm-2-6880,Br6 Er2 In2,Br-Er-In,3|Br-Er,300,PARC_release,11,11,11,0,True,-0.572002,True,18.569339512,False,labelable_current_MP_hull,stable_to_unstable,True,False,False,False,False,0.942511,-0.942511,True,True,-1.68617,-1.5454,3,not_available_for_wbm_queue_chgnet_mace_missing,1,62.74118413416109,10.0,5.651511869009259,10.926127664038065,89,False,False,False,False,ALIGNN_FF_disagrees_with_current_MP_label,False,candidate_level_explanation_not_MLIP_consensus_validation
wbm-2-6880,Br6 Er2 In2,Br-Er-In,3|Br-Er,500,PARC_release,6,11,6,5,True,-0.572002,True,18.569339512,False,labelable_current_MP_hull,stable_to_unstable,True,False,False,False,False,0.942511,-0.942511,True,True,-1.68617,-1.5454,3,not_available_for_wbm_queue_chgnet_mace_missing,1,62.74118413416109,10.0,3.390907121405556,12.726465504194358,13,False,False,False,False,ALIGNN_FF_disagrees_with_current_MP_label,False,candidate_level_explanation_not_MLIP_consensus_validation
wbm-2-6957,Br6 Sr2,Br-Sr,2|Br-Sr,300,raw_only_requested_budget,0,7,0,7,False,-0.017085,True,3.098645645000005,False,labelable_current_MP_hull,stable_to_unstable,True,True,False,True,False,0.8370819999999999,-0.8370819999999999,True,True,-2.06848,-1.5251,3,not_available_for_wbm_queue_chgnet_mace_missing,1,18.59219927943432,10.0,4.993083301746044,12.171561895162212,8,False,False,False,False,near_hull_25meV_boundary,False,candidate_level_explanation_not_MLIP_consensus_validation
wbm-2-6957,Br6 Sr2,Br-Sr,2|Br-Sr,500,raw_only_requested_budget,0,7,0,7,False,-0.017085,True,3.098645645000005,False,labelable_current_MP_hull,stable_to_unstable,True,True,False,True,False,0.8370819999999999,-0.8370819999999999,True,True,-2.06848,-1.5251,3,not_available_for_wbm_queue_chgnet_mace_missing,1,18.59219927943432,10.0,2.9958499810476265,13.924506444478084,22,False,False,False,False,near_hull_25meV_boundary,False,candidate_level_explanation_not_MLIP_consensus_validation
wbm-2-6980,Ba2 Br8 Er2,Ba-Br-Er,3|Ba-Br,300,PARC_release,11,11,11,0,True,-0.956614,True,-2.2749630000000067,True,labelable_current_MP_hull,stable_to_stable,False,False,False,False,False,1.217851,-1.217851,True,False,-2.15209,-2.1345,3,not_available_for_wbm_queue_chgnet_mace_missing,0,164.84325750151808,10.0,5.651511869009259,19.83000681704263,19,False,False,False,False,t1_stable_or_true_release,False,candidate_level_explanation_not_MLIP_consensus_validation
wbm-2-6980,Ba2 Br8 Er2,Ba-Br-Er,3|Ba-Br,500,PARC_release,11,11,11,0,True,-0.956614,True,-2.2749630000000067,True,labelable_current_MP_hull,stable_to_stable,False,False,False,False,False,1.217851,-1.217851,True,False,-2.15209,-2.1345,3,not_available_for_wbm_queue_chgnet_mace_missing,0,164.84325750151808,10.0,3.390907121405556,39.685851537379705,4,False,False,False,False,t1_stable_or_true_release,False,candidate_level_explanation_not_MLIP_consensus_validation
wbm-2-6993,Ba2 Br8,Ba-Br,2|Ba-Br,300,PARC_release,9,11,9,2,True,-0.125122,True,-1.707136999999996,True,labelable_current_MP_hull,stable_to_stable,False,False,False,False,False,0.9710850000000002,-0.9710850000000002,True,False,-1.51271,-1.1266,3,not_available_for_wbm_queue_chgnet_mace_missing,0,62.75590229824352,10.0,5.651511869009259,12.674371754430824,5,False,False,False,False,t1_stable_or_true_release,False,candidate_level_explanation_not_MLIP_consensus_validation
wbm-2-6993,Ba2 Br8,Ba-Br,2|Ba-Br,500,PARC_release,5,11,5,6,True,-0.125122,True,-1.707136999999996,True,labelable_current_MP_hull,stable_to_stable,False,False,False,False,False,0.9710850000000002,-0.9710850000000002,True,False,-1.51271,-1.1266,3,not_available_for_wbm_queue_chgnet_mace_missing,0,62.75590229824352,10.0,3.390907121405556,33.106904168958664,5,False,False,False,False,t1_stable_or_true_release,False,candidate_level_explanation_not_MLIP_consensus_validation
wbm-2-6996,Br8 Ce2,Br-Ce,2|Br-Ce,300,PARC_release,2,10,2,8,True,-0.204244,True,-2.064803999999995,True,labelable_current_MP_hull,stable_to_stable,False,False,False,False,False,0.8664399999999999,-0.8664399999999999,True,False,-1.97798,-1.9244,3,not_available_for_wbm_queue_chgnet_mace_missing,0,29.80583811480544,10.0,4.883345207202175,19.83000681704263,2,True,False,True,True,t1_stable_or_true_release,False,candidate_level_explanation_not_MLIP_consensus_validation
wbm-2-6996,Br8 Ce2,Br-Ce,2|Br-Ce,500,raw_only_requested_budget,0,10,0,10,False,-0.204244,True,-2.064803999999995,True,labelable_current_MP_hull,stable_to_stable,False,False,False,False,False,0.8664399999999999,-0.8664399999999999,True,False,-1.97798,-1.9244,3,not_available_for_wbm_queue_chgnet_mace_missing,0,29.80583811480544,10.0,2.930007124321305,39.685851537379705,1,True,False,True,True,t1_stable_or_true_release,False,candidate_level_explanation_not_MLIP_consensus_validation
wbm-2-7016,Br8 Dy2,Br-Dy,2|Br-Dy,300,PARC_release,1,10,1,9,True,-0.015942,True,-1.868834,True,labelable_current_MP_hull,stable_to_stable,False,True,False,True,False,0.8000079999999996,-0.8000079999999996,True,False,-1.99867,-1.8063,3,not_available_for_wbm_queue_chgnet_mace_missing,0,15.262653700560776,10.0,5.157690443561848,16.36323504953147,7,False,False,False,False,t1_stable_or_true_release,False,candidate_level_explanation_not_MLIP_consensus_validation
wbm-2-7016,Br8 Dy2,Br-Dy,2|Br-Dy,500,raw_only_requested_budget,0,10,0,10,False,-0.015942,True,-1.868834,True,labelable_current_MP_hull,stable_to_stable,False,True,False,True,False,0.8000079999999996,-0.8000079999999996,True,False,-1.99867,-1.8063,3,not_available_for_wbm_queue_chgnet_mace_missing,0,15.262653700560776,10.0,3.094614266137109,29.432650133714645,40,False,False,False,False,t1_stable_or_true_release,False,candidate_level_explanation_not_MLIP_consensus_validation
wbm-2-7017,Br8 Er2,Br-Er,2|Br-Er,300,PARC_release,17,17,17,0,True,-1.859184,True,-1.8592100000000045,True,labelable_current_MP_hull,stable_to_stable,False,False,False,False,False,2.628274,-2.628274,True,False,-2.01217,-1.8448,3,not_available_for_wbm_queue_chgnet_mace_missing,0,164.84325750151808,10.0,5.651511869009259,19.83000681704263,7,False,False,False,False,t1_stable_or_true_release,False,candidate_level_explanation_not_MLIP_consensus_validation
wbm-2-7017,Br8 Er2,Br-Er,2|Br-Er,500,PARC_release,17,17,17,0,True,-1.859184,True,-1.8592100000000045,True,labelable_current_MP_hull,stable_to_stable,False,False,False,False,False,2.628274,-2.628274,True,False,-2.01217,-1.8448,3,not_available_for_wbm_queue_chgnet_mace_missing,0,164.84325750151808,10.0,3.390907121405556,39.685851537379705,7,False,False,False,False,t1_stable_or_true_release,False,candidate_level_explanation_not_MLIP_consensus_validation
wbm-2-7019,Br8 Gd2,Br-Gd,2|Br-Gd,300,raw_only_requested_budget,0,12,0,12,False,0.019083,False,-1.8859819999999985,True,labelable_current_MP_hull,unstable_to_stable,False,True,False,True,False,0.751735,-0.751735,True,False,-1.97372,-1.74,3,not_available_for_wbm_queue_chgnet_mace_missing,0,11.37349586079201,10.0,5.273725046222098,12.674371754430824,23,False,False,False,False,t1_stable_or_true_release,False,candidate_level_explanation_not_MLIP_consensus_validation
wbm-2-7019,Br8 Gd2,Br-Gd,2|Br-Gd,500,raw_only_requested_budget,0,12,0,12,False,0.019083,False,-1.8859819999999985,True,labelable_current_MP_hull,unstable_to_stable,False,True,False,True,False,0.751735,-0.751735,True,False,-1.97372,-1.74,3,not_available_for_wbm_queue_chgnet_mace_missing,0,11.37349586079201,10.0,3.164235027733259,33.106904168958664,75,False,False,False,False,t1_stable_or_true_release,False,candidate_level_explanation_not_MLIP_consensus_validation
wbm-2-7020,Br8 Ho2,Br-Ho,2|Br-Ho,300,raw_only_requested_budget,0,10,0,10,False,-0.021036,True,-1.863855000000001,True,labelable_current_MP_hull,stable_to_stable,False,True,False,True,False,0.7854809999999999,-0.7854809999999999,True,False,-2.01217,-1.8214,3,not_available_for_wbm_queue_chgnet_mace_missing,0,14.441395685142556,10.0,5.273725046222098,19.83000681704263,20,False,False,False,False,t1_stable_or_true_release,False,candidate_level_explanation_not_MLIP_consensus_validation
wbm-2-7020,Br8 Ho2,Br-Ho,2|Br-Ho,500,raw_only_requested_budget,0,10,0,10,False,-0.021036,True,-1.863855000000001,True,labelable_current_MP_hull,stable_to_stable,False,True,False,True,False,0.7854809999999999,-0.7854809999999999,True,False,-2.01217,-1.8214,3,not_available_for_wbm_queue_chgnet_mace_missing,0,14.441395685142556,10.0,3.164235027733259,39.685851537379705,45,False,False,False,False,t1_stable_or_true_release,False,candidate_level_explanation_not_MLIP_consensus_validation
wbm-2-7023,Br8 Lu2,Br-Lu,2|Br-Lu,300,raw_only_requested_budget,0,10,0,10,False,-0.017486,True,-1.8397879999999984,True,labelable_current_MP_hull,stable_to_stable,False,True,False,True,False,0.7726980000000001,-0.7726980000000001,True,False,-2.01355,-1.9012,3,not_available_for_wbm_queue_chgnet_mace_missing,0,12.409949935208038,10.0,5.651511869009259,12.674371754430824,32,False,False,False,False,t1_stable_or_true_release,False,candidate_level_explanation_not_MLIP_consensus_validation
wbm-2-7023,Br8 Lu2,Br-Lu,2|Br-Lu,500,raw_only_requested_budget,0,10,0,10,False,-0.017486,True,-1.8397879999999984,True,labelable_current_MP_hull,stable_to_stable,False,True,False,True,False,0.7726980000000001,-0.7726980000000001,True,False,-2.01355,-1.9012,3,not_available_for_wbm_queue_chgnet_mace_missing,0,12.409949935208038,10.0,3.390907121405556,33.106904168958664,57,False,False,False,False,t1_stable_or_true_release,False,candidate_level_explanation_not_MLIP_consensus_validation
wbm-2-7024,Br8 Mo2,Br-Mo,2|Br-Mo,500,raw_only_requested_budget,0,10,0,10,False,-0.183666,True,-1.0166510000000102,True,labelable_current_MP_hull,stable_to_stable,False,False,False,False,False,0.6059150000000001,-0.6059150000000001,True,False,-0.93059,-0.999,3,not_available_for_wbm_queue_chgnet_mace_missing,0,4.955607335966234,10.0,3.094614266137109,39.685851537379705,301,False,False,False,False,t1_stable_or_true_release,False,candidate_level_explanation_not_MLIP_consensus_validation
wbm-2-7037,Br8 Pu2,Br-Pu,2|Br-Pu,500,raw_only_requested_budget,0,9,0,9,False,-0.172123,True,-1.798076000000009,True,labelable_current_MP_hull,stable_to_stable,False,False,False,False,False,0.6100470000000002,-0.6100470000000002,True,False,-1.80869,-1.7472,3,not_available_for_wbm_queue_chgnet_mace_missing,0,4.955607335966234,10.0,3.390907121405556,39.685851537379705,279,False,False,False,False,t1_stable_or_true_release,False,candidate_level_explanation_not_MLIP_consensus_validation
wbm-2-7054,Br8 Sr2,Br-Sr,2|Br-Sr,500,raw_only_requested_budget,0,4,0,4,False,-0.239648,True,2.252930916000004,False,labelable_current_MP_hull,stable_to_unstable,True,False,False,False,False,0.5812400000000002,-0.5812400000000002,True,True,-1.6697400000000002,-1.6309,3,not_available_for_wbm_queue_chgnet_mace_missing,1,4.050112112583752,10.0,2.8648490519503174,11.493608026395536,369,False,False,False,False,ALIGNN_FF_disagrees_with_current_MP_label,False,candidate_level_explanation_not_MLIP_consensus_validation
wbm-2-7059,Br8 Tb2,Br-Tb,2|Br-Tb,300,raw_only_requested_budget,0,11,0,11,False,-0.019561,True,-1.8731640000000027,True,labelable_current_MP_hull,stable_to_stable,False,True,False,True,False,0.7873969999999999,-0.7873969999999999,True,False,-2.02065,-1.8501,3,not_available_for_wbm_queue_chgnet_mace_missing,0,14.441395685142556,10.0,5.651511869009259,19.83000681704263,26,False,False,False,False,t1_stable_or_true_release,False,candidate_level_explanation_not_MLIP_consensus_validation
wbm-2-7059,Br8 Tb2,Br-Tb,2|Br-Tb,500,raw_only_requested_budget,0,11,0,11,False,-0.019561,True,-1.8731640000000027,True,labelable_current_MP_hull,stable_to_stable,False,True,False,True,False,0.7873969999999999,-0.7873969999999999,True,False,-2.02065,-1.8501,3,not_available_for_wbm_queue_chgnet_mace_missing,0,14.441395685142556,10.0,3.390907121405556,39.685851537379705,48,False,False,False,False,t1_stable_or_true_release,False,candidate_level_explanation_not_MLIP_consensus_validation
wbm-2-7062,Br8 Tm2,Br-Tm,2|Br-Tm,300,raw_only_requested_budget,0,10,0,10,False,-0.017631,True,-1.8532459999999984,True,labelable_current_MP_hull,stable_to_stable,False,True,False,True,False,0.7240849999999999,-0.7240849999999999,True,False,-2.04,-1.9338,3,not_available_for_wbm_queue_chgnet_mace_missing,0,9.10867280702932,10.0,5.157690443561848,12.171561895162212,60,False,False,False,False,t1_stable_or_true_release,False,candidate_level_explanation_not_MLIP_consensus_validation
wbm-2-7062,Br8 Tm2,Br-Tm,2|Br-Tm,500,raw_only_requested_budget,0,10,0,10,False,-0.017631,True,-1.8532459999999984,True,labelable_current_MP_hull,stable_to_stable,False,True,False,True,False,0.7240849999999999,-0.7240849999999999,True,False,-2.04,-1.9338,3,not_available_for_wbm_queue_chgnet_mace_missing,0,9.10867280702932,10.0,3.094614266137109,12.726465504194358,110,False,False,False,False,t1_stable_or_true_release,False,candidate_level_explanation_not_MLIP_consensus_validation
wbm-2-7066,Br8 Yb2,Br-Yb,2|Br-Yb,500,raw_only_requested_budget,0,3,0,3,False,-0.235134,True,,False,unresolved_current_MP_missing_element_reference,stable_to_unresolved,True,False,False,False,False,0.5708430000000002,-0.5708430000000002,True,True,-1.61466,-1.585,3,not_available_for_wbm_queue_chgnet_mace_missing,1,3.590371789108786,10.0,3.390907121405556,11.493608026395536,382,False,False,False,False,unresolved_current_MP_hull_reference,False,candidate_level_explanation_not_MLIP_consensus_validation
wbm-2-7069,Br8 Y2,Br-Y,2|Br-Y,500,raw_only_requested_budget,0,10,0,10,False,0.066946,False,-1.8362440000000009,True,labelable_current_MP_hull,unstable_to_stable,False,False,False,False,False,0.6104099999999999,-0.6104099999999999,True,False,-2.02824,-1.8755,3,not_available_for_wbm_queue_chgnet_mace_missing,0,4.955607335966234,10.0,3.164235027733259,13.924506444478084,289,False,False,False,False,t1_stable_or_true_release,False,candidate_level_explanation_not_MLIP_consensus_validation
wbm-2-7073,Br6 Cs2 Dy1,Br-Cs-Dy,3|Br-Cs,500,raw_only_requested_budget,0,2,0,2,False,0.028746,False,-2.020029000000001,True,labelable_current_MP_hull,unstable_to_stable,False,False,False,True,False,0.5696249999999998,-0.5696249999999998,True,False,-2.16036,-2.1803,3,not_available_for_wbm_queue_chgnet_mace_missing,0,3.590371789108786,10.0,2.009647497495417,11.493608026395536,435,False,False,False,False,t1_stable_or_true_release,False,candidate_level_explanation_not_MLIP_consensus_validation
wbm-2-7078,Br6 Cs2 Lu1,Br-Cs-Lu,3|Br-Cs,500,raw_only_requested_budget,0,3,0,3,False,0.01621,False,-2.0155709999999942,True,labelable_current_MP_hull,unstable_to_stable,False,True,False,True,False,0.584219,-0.584219,True,False,-2.12951,-2.2073,3,not_available_for_wbm_queue_chgnet_mace_missing,0,3.899432953096361,10.0,2.8648490519503174,11.493608026395536,358,False,False,False,False,t1_stable_or_true_release,False,candidate_level_explanation_not_MLIP_consensus_validation
wbm-2-7083,Br6 Cs2 Pu1,Br-Cs-Pu,3|Br-Cs,500,raw_only_requested_budget,0,2,0,2,False,-0.115558,True,-2.038256000000004,True,labelable_current_MP_hull,stable_to_stable,False,False,False,False,False,0.570602,-0.570602,True,False,-2.0285900000000003,-1.9148,3,not_available_for_wbm_queue_chgnet_mace_missing,0,3.590371789108786,10.0,2.009647497495417,11.493608026395536,431,False,False,False,False,t1_stable_or_true_release,False,candidate_level_explanation_not_MLIP_consensus_validation
wbm-2-7087,Br6 Cs2 Tm1,Br-Cs-Tm,3|Br-Cs,500,raw_only_requested_budget,0,3,0,3,False,0.020149,False,-2.019027000000001,True,labelable_current_MP_hull,unstable_to_stable,False,True,False,True,False,0.5852240000000002,-0.5852240000000002,True,False,-2.12808,-2.2047,3,not_available_for_wbm_queue_chgnet_mace_missing,0,3.899432953096361,10.0,2.8648490519503174,11.493608026395536,354,False,False,False,False,t1_stable_or_true_release,False,candidate_level_explanation_not_MLIP_consensus_validation
wbm-2-7103,Br6 Rb2 Tm1,Br-Rb-Tm,3|Br-Rb,500,raw_only_requested_budget,0,3,0,3,False,-0.033134,True,-1.9825820000000007,True,labelable_current_MP_hull,stable_to_stable,False,False,False,True,False,0.5707519999999999,-0.5707519999999999,True,False,-2.13345,-2.0356,3,not_available_for_wbm_queue_chgnet_mace_missing,0,3.85183074227887,10.0,3.390907121405556,29.432650133714645,383,False,False,False,False,t1_stable_or_true_release,False,candidate_level_explanation_not_MLIP_consensus_validation
wbm-2-7138,Br2 Er2,Br-Er,2|Br-Er,300,PARC_release,17,17,17,0,True,-1.517872,True,-1.5178950000000029,True,labelable_current_MP_hull,stable_to_stable,False,False,False,False,False,1.811377,-1.811377,True,False,-0.82147,-1.2115,3,not_available_for_wbm_queue_chgnet_mace_missing,0,164.84325750151808,10.0,5.651511869009259,19.83000681704263,8,True,True,False,True,t1_stable_or_true_release,False,candidate_level_explanation_not_MLIP_consensus_validation
wbm-2-7138,Br2 Er2,Br-Er,2|Br-Er,500,PARC_release,17,17,17,0,True,-1.517872,True,-1.5178950000000029,True,labelable_current_MP_hull,stable_to_stable,False,False,False,False,False,1.811377,-1.811377,True,False,-0.82147,-1.2115,3,not_available_for_wbm_queue_chgnet_mace_missing,0,164.84325750151808,10.0,3.390907121405556,39.685851537379705,11,True,True,False,True,t1_stable_or_true_release,False,candidate_level_explanation_not_MLIP_consensus_validation
wbm-2-8105,C2 Cl2 N4 Np2,C-Cl-N-Np,4|C-Cl,500,raw_only_requested_budget,0,3,0,3,False,0.060997,False,8.213738501333296,False,labelable_current_MP_hull,unstable_to_unstable,True,False,False,False,False,0.5881449999999999,-0.5881449999999999,True,True,-1.4134700000000002,-1.2392,3,not_available_for_wbm_queue_chgnet_mace_missing,1,3.71207476251078,10.0,1.875624074609153,39.685851537379705,369,False,False,False,False,ALIGNN_FF_disagrees_with_current_MP_label,False,candidate_level_explanation_not_MLIP_consensus_validation
wbm-2-8140,C1 N2 Pr1,C-N-Pr,3|C-N,500,raw_only_requested_budget,0,1,0,1,False,-0.050981,True,-0.788827000000083,True,labelable_current_MP_hull,stable_to_stable,False,False,False,False,False,0.5558540000000001,-0.5558540000000001,True,False,-1.22155,-1.2432,3,not_available_for_wbm_queue_chgnet_mace_missing,0,3.1968864633000584,10.0,1.3174868122990375,39.685851537379705,458,False,False,False,False,t1_stable_or_true_release,False,candidate_level_explanation_not_MLIP_consensus_validation
wbm-3-10115,Bi1 Br11,Bi-Br,2|Bi-Br,500,raw_only_requested_budget,0,7,0,7,False,-0.371896,True,-0.7877530000000021,True,labelable_current_MP_hull,stable_to_stable,False,False,False,False,False,0.6087429999999999,-0.6087429999999999,True,False,-0.60614,-0.6836,3,not_available_for_wbm_queue_chgnet_mace_missing,0,4.955607335966234,10.0,2.930007124321305,39.685851537379705,318,False,False,False,False,t1_stable_or_true_release,False,candidate_level_explanation_not_MLIP_consensus_validation
wbm-3-10122,Br8 Er4,Br-Er,2|Br-Er,300,PARC_release,17,17,17,0,True,-1.981241,True,-1.981266000000005,True,labelable_current_MP_hull,stable_to_stable,False,False,False,False,False,2.451875,-2.451875,True,False,-1.95448,-1.8713,3,not_available_for_wbm_queue_chgnet_mace_missing,0,164.84325750151808,10.0,5.651511869009259,19.83000681704263,11,False,False,False,False,t1_stable_or_true_release,False,candidate_level_explanation_not_MLIP_consensus_validation
wbm-3-10122,Br8 Er4,Br-Er,2|Br-Er,500,PARC_release,17,17,17,0,True,-1.981241,True,-1.981266000000005,True,labelable_current_MP_hull,stable_to_stable,False,False,False,False,False,2.451875,-2.451875,True,False,-1.95448,-1.8713,3,not_available_for_wbm_queue_chgnet_mace_missing,0,164.84325750151808,10.0,3.390907121405556,39.685851537379705,5,False,False,False,False,t1_stable_or_true_release,False,candidate_level_explanation_not_MLIP_consensus_validation
wbm-3-10123,Br2 Er1,Br-Er,2|Br-Er,300,PARC_release,17,17,17,0,True,-2.044082,True,-2.044107000000004,True,labelable_current_MP_hull,stable_to_stable,False,False,False,False,False,2.442075,-2.442075,True,False,-1.94875,-1.8657,3,not_available_for_wbm_queue_chgnet_mace_missing,0,164.84325750151808,10.0,5.651511869009259,19.83000681704263,12,True,True,False,True,t1_stable_or_true_release,False,candidate_level_explanation_not_MLIP_consensus_validation
wbm-3-10123,Br2 Er1,Br-Er,2|Br-Er,500,PARC_release,17,17,17,0,True,-2.044082,True,-2.044107000000004,True,labelable_current_MP_hull,stable_to_stable,False,False,False,False,False,2.442075,-2.442075,True,False,-1.94875,-1.8657,3,not_available_for_wbm_queue_chgnet_mace_missing,0,164.84325750151808,10.0,3.390907121405556,39.685851537379705,1,True,True,False,True,t1_stable_or_true_release,False,candidate_level_explanation_not_MLIP_consensus_validation
wbm-3-10124,Br2 Er1,Br-Er,2|Br-Er,300,PARC_release,17,17,17,0,True,-1.980797,True,-1.9808220000000036,True,labelable_current_MP_hull,stable_to_stable,False,False,False,False,False,2.421675,-2.421675,True,False,-1.9617,-1.8582,3,not_available_for_wbm_queue_chgnet_mace_missing,0,164.84325750151808,10.0,5.651511869009259,19.83000681704263,7,False,False,False,False,t1_stable_or_true_release,False,candidate_level_explanation_not_MLIP_consensus_validation
wbm-3-10124,Br2 Er1,Br-Er,2|Br-Er,500,PARC_release,17,17,17,0,True,-1.980797,True,-1.9808220000000036,True,labelable_current_MP_hull,stable_to_stable,False,False,False,False,False,2.421675,-2.421675,True,False,-1.9617,-1.8582,3,not_available_for_wbm_queue_chgnet_mace_missing,0,164.84325750151808,10.0,3.390907121405556,39.685851537379705,1,False,False,False,False,t1_stable_or_true_release,False,candidate_level_explanation_not_MLIP_consensus_validation
wbm-3-10159,Br8 Rb4,Br-Rb,2|Br-Rb,300,raw_only_requested_budget,0,2,0,2,False,0.020039,False,-1.388570999999999,True,labelable_current_MP_hull,unstable_to_stable,False,True,False,True,False,0.65909,-0.65909,True,False,-1.2497700000000005,-1.0032,3,not_available_for_wbm_queue_chgnet_mace_missing,0,6.055715038291497,10.0,4.774748419917196,12.674371754430824,165,False,False,False,False,t1_stable_or_true_release,False,candidate_level_explanation_not_MLIP_consensus_validation
wbm-3-10159,Br8 Rb4,Br-Rb,2|Br-Rb,500,raw_only_requested_budget,0,7,0,7,False,0.020039,False,-1.388570999999999,True,labelable_current_MP_hull,unstable_to_stable,False,True,False,True,False,0.65909,-0.65909,True,False,-1.2497700000000005,-1.0032,3,not_available_for_wbm_queue_chgnet_mace_missing,0,6.458579042100912,10.0,2.8970856959581446,33.106904168958664,178,False,False,False,False,t1_stable_or_true_release,False,candidate_level_explanation_not_MLIP_consensus_validation
wbm-3-10163,Br2 Er2 Sb1,Br-Er-Sb,3|Br-Er,300,PARC_release,11,11,11,0,True,-0.938287,True,-1.6794510000000002,True,labelable_current_MP_hull,stable_to_stable,False,False,False,False,False,1.282936,-1.282936,True,False,-1.5165399999999998,-1.5415,3,not_available_for_wbm_queue_chgnet_mace_missing,0,164.80390769444054,10.0,5.651511869009259,10.926127664038065,42,True,True,False,True,t1_stable_or_true_release,False,candidate_level_explanation_not_MLIP_consensus_validation
wbm-3-10163,Br2 Er2 Sb1,Br-Er-Sb,3|Br-Er,500,PARC_release,11,11,11,0,True,-0.938287,True,-1.6794510000000002,True,labelable_current_MP_hull,stable_to_stable,False,False,False,False,False,1.282936,-1.282936,True,False,-1.5165399999999998,-1.5415,3,not_available_for_wbm_queue_chgnet_mace_missing,0,164.80390769444054,10.0,3.390907121405556,12.726465504194358,34,True,True,False,True,t1_stable_or_true_release,False,candidate_level_explanation_not_MLIP_consensus_validation
wbm-3-10180,Br8 Sm4,Br-Sm,2|Br-Sm,500,raw_only_requested_budget,0,1,0,1,False,0.05365,False,-2.0431930000000023,True,labelable_current_MP_hull,unstable_to_stable,False,False,False,False,False,0.5592569999999997,-0.5592569999999997,True,False,-1.93227,-1.9928,3,not_available_for_wbm_queue_chgnet_mace_missing,0,3.294615853662344,10.0,1.3174868122990375,39.685851537379705,449,False,False,False,False,t1_stable_or_true_release,False,candidate_level_explanation_not_MLIP_consensus_validation
wbm-3-10186,Br2 Er2 Sn1,Br-Er-Sn,3|Br-Er,300,PARC_release,11,11,11,0,True,-0.744093,True,-1.5253410000000116,True,labelable_current_MP_hull,stable_to_stable,False,False,False,False,False,1.0272519999999998,-1.0272519999999998,True,False,-1.41901,-1.4282,3,not_available_for_wbm_queue_chgnet_mace_missing,0,164.64649723852398,10.0,5.651511869009259,10.926127664038065,71,True,True,False,True,t1_stable_or_true_release,False,candidate_level_explanation_not_MLIP_consensus_validation
wbm-3-10186,Br2 Er2 Sn1,Br-Er-Sn,3|Br-Er,500,PARC_release,9,11,9,2,True,-0.744093,True,-1.5253410000000116,True,labelable_current_MP_hull,stable_to_stable,False,False,False,False,False,1.0272519999999998,-1.0272519999999998,True,False,-1.41901,-1.4282,3,not_available_for_wbm_queue_chgnet_mace_missing,0,164.64649723852398,10.0,3.390907121405556,12.726465504194358,5,True,True,False,True,t1_stable_or_true_release,False,candidate_level_explanation_not_MLIP_consensus_validation
wbm-3-10187,Br2 Er2 Sn1,Br-Er-Sn,3|Br-Er,300,PARC_release,11,11,11,0,True,-0.744002,True,-1.525250000000014,True,labelable_current_MP_hull,stable_to_stable,False,False,False,False,False,1.032752,-1.032752,True,False,-1.5058000000000002,-1.4449,3,not_available_for_wbm_queue_chgnet_mace_missing,0,164.64649723852398,10.0,5.651511869009259,10.926127664038065,68,True,True,False,True,t1_stable_or_true_release,False,candidate_level_explanation_not_MLIP_consensus_validation
wbm-3-10187,Br2 Er2 Sn1,Br-Er-Sn,3|Br-Er,500,PARC_release,9,11,9,2,True,-0.744002,True,-1.525250000000014,True,labelable_current_MP_hull,stable_to_stable,False,False,False,False,False,1.032752,-1.032752,True,False,-1.5058000000000002,-1.4449,3,not_available_for_wbm_queue_chgnet_mace_missing,0,164.64649723852398,10.0,3.390907121405556,12.726465504194358,2,True,True,False,True,t1_stable_or_true_release,False,candidate_level_explanation_not_MLIP_consensus_validation
wbm-3-10248,Br6 Cd2,Br-Cd,2|Br-Cd,500,raw_only_requested_budget,0,3,0,3,False,0.02186,False,-0.9490240000000014,True,labelable_current_MP_hull,unstable_to_stable,False,True,False,True,False,0.599816,-0.599816,True,False,-1.02793,-1.0206,3,not_available_for_wbm_queue_chgnet_mace_missing,0,4.392357022208061,10.0,2.271035436710127,5.908283686012545,339,False,False,False,False,t1_stable_or_true_release,False,candidate_level_explanation_not_MLIP_consensus_validation
wbm-3-10261,Br6 Er2,Br-Er,2|Br-Er,300,PARC_release,17,17,17,0,True,-2.300818,True,-2.300843999999998,True,labelable_current_MP_hull,stable_to_stable,False,False,False,False,False,2.707174,-2.707174,True,False,-2.17139,-1.9876,3,not_available_for_wbm_queue_chgnet_mace_missing,0,164.84325750151808,10.0,5.651511869009259,19.83000681704263,6,True,True,False,True,t1_stable_or_true_release,False,candidate_level_explanation_not_MLIP_consensus_validation
wbm-3-10261,Br6 Er2,Br-Er,2|Br-Er,500,PARC_release,17,17,17,0,True,-2.300818,True,-2.300843999999998,True,labelable_current_MP_hull,stable_to_stable,False,False,False,False,False,2.707174,-2.707174,True,False,-2.17139,-1.9876,3,not_available_for_wbm_queue_chgnet_mace_missing,0,164.84325750151808,10.0,3.390907121405556,39.685851537379705,6,True,True,False,True,t1_stable_or_true_release,False,candidate_level_explanation_not_MLIP_consensus_validation
wbm-3-10268,Br6 Hf2,Br-Hf,2|Br-Hf,500,raw_only_requested_budget,0,2,0,2,False,0.008198,False,-1.7565269999999984,True,labelable_current_MP_hull,unstable_to_stable,False,True,False,True,False,0.575275,-0.575275,True,False,-1.63407,-1.538,3,not_available_for_wbm_queue_chgnet_mace_missing,0,3.9474357331962096,10.0,3.390907121405556,33.106904168958664,367,False,False,False,False,t1_stable_or_true_release,False,candidate_level_explanation_not_MLIP_consensus_validation
wbm-3-10275,Br6 Er2 In2,Br-Er-In,3|Br-Er,300,PARC_release,11,11,11,0,True,-0.587948,True,18.553393512,False,labelable_current_MP_hull,stable_to_unstable,True,False,False,False,False,0.961011,-0.961011,True,True,-1.6684100000000002,-1.6383,3,not_available_for_wbm_queue_chgnet_mace_missing,1,62.74118413416109,10.0,5.651511869009259,10.926127664038065,96,False,False,False,False,ALIGNN_FF_disagrees_with_current_MP_label,False,candidate_level_explanation_not_MLIP_consensus_validation
wbm-3-10275,Br6 Er2 In2,Br-Er-In,3|Br-Er,500,PARC_release,6,11,6,5,True,-0.587948,True,18.553393512,False,labelable_current_MP_hull,stable_to_unstable,True,False,False,False,False,0.961011,-0.961011,True,True,-1.6684100000000002,-1.6383,3,not_available_for_wbm_queue_chgnet_mace_missing,1,62.74118413416109,10.0,3.390907121405556,12.726465504194358,8,False,False,False,False,ALIGNN_FF_disagrees_with_current_MP_label,False,candidate_level_explanation_not_MLIP_consensus_validation
wbm-3-10304,Br6 Pb2,Br-Pb,2|Br-Pb,300,raw_only_requested_budget,0,1,0,1,False,-0.081054,True,-1.093079000000003,True,labelable_current_MP_hull,stable_to_stable,False,False,False,False,False,0.6527750000000001,-0.6527750000000001,True,False,-1.07493,-0.9632,3,not_available_for_wbm_queue_chgnet_mace_missing,0,6.057070135766492,10.0,2.965053684829303,10.139041049228304,218,True,True,False,True,t1_stable_or_true_release,False,candidate_level_explanation_not_MLIP_consensus_validation
wbm-3-10304,Br6 Pb2,Br-Pb,2|Br-Pb,500,raw_only_requested_budget,0,9,0,9,False,-0.081054,True,-1.093079000000003,True,labelable_current_MP_hull,stable_to_stable,False,False,False,False,False,0.6527750000000001,-0.6527750000000001,True,False,-1.07493,-0.9632,3,not_available_for_wbm_queue_chgnet_mace_missing,0,6.449904186024537,10.0,3.390907121405556,11.493608026395536,190,True,True,False,True,t1_stable_or_true_release,False,candidate_level_explanation_not_MLIP_consensus_validation
wbm-3-10313,Br6 Er2 Rb2,Br-Er-Rb,3|Br-Er,300,PARC_release,11,11,11,0,True,-1.085488,True,-1.9475930000000048,True,labelable_current_MP_hull,stable_to_stable,False,False,False,False,False,1.4613950000000002,-1.4613950000000002,True,False,-1.91755,-1.7624,3,not_available_for_wbm_queue_chgnet_mace_missing,0,164.80390769444054,10.0,5.651511869009259,10.926127664038065,30,False,False,False,False,t1_stable_or_true_release,False,candidate_level_explanation_not_MLIP_consensus_validation
wbm-3-10313,Br6 Er2 Rb2,Br-Er-Rb,3|Br-Er,500,PARC_release,11,11,11,0,True,-1.085488,True,-1.9475930000000048,True,labelable_current_MP_hull,stable_to_stable,False,False,False,False,False,1.4613950000000002,-1.4613950000000002,True,False,-1.91755,-1.7624,3,not_available_for_wbm_queue_chgnet_mace_missing,0,164.80390769444054,10.0,3.390907121405556,12.726465504194358,14,False,False,False,False,t1_stable_or_true_release,False,candidate_level_explanation_not_MLIP_consensus_validation
wbm-3-10338,Br3 Er3 Sb1,Br-Er-Sb,3|Br-Er,300,PARC_release,11,11,11,0,True,-0.817448,True,-1.429826999999996,True,labelable_current_MP_hull,stable_to_stable,False,False,False,False,False,1.333621,-1.333621,True,False,-1.64876,-1.5968,3,not_available_for_wbm_queue_chgnet_mace_missing,0,164.80390769444054,10.0,5.651511869009259,10.926127664038065,35,False,False,False,False,t1_stable_or_true_release,False,candidate_level_explanation_not_MLIP_consensus_validation
wbm-3-10338,Br3 Er3 Sb1,Br-Er-Sb,3|Br-Er,500,PARC_release,11,11,11,0,True,-0.817448,True,-1.429826999999996,True,labelable_current_MP_hull,stable_to_stable,False,False,False,False,False,1.333621,-1.333621,True,False,-1.64876,-1.5968,3,not_available_for_wbm_queue_chgnet_mace_missing,0,164.80390769444054,10.0,3.390907121405556,12.726465504194358,8,False,False,False,False,t1_stable_or_true_release,False,candidate_level_explanation_not_MLIP_consensus_validation
wbm-3-10361,Br6 Er2 Sn2,Br-Er-Sn,3|Br-Er,300,PARC_release,11,11,11,0,True,-0.472896,True,-1.455806999999993,True,labelable_current_MP_hull,stable_to_stable,False,False,False,False,False,0.9997889999999998,-0.9997889999999998,True,False,-1.63939,-1.723,3,not_available_for_wbm_queue_chgnet_mace_missing,0,89.57628868309655,10.0,5.651511869009259,10.926127664038065,86,False,False,False,False,t1_stable_or_true_release,False,candidate_level_explanation_not_MLIP_consensus_validation
wbm-3-10361,Br6 Er2 Sn2,Br-Er-Sn,3|Br-Er,500,PARC_release,7,11,7,4,True,-0.472896,True,-1.455806999999993,True,labelable_current_MP_hull,stable_to_stable,False,False,False,False,False,0.9997889999999998,-0.9997889999999998,True,False,-1.63939,-1.723,3,not_available_for_wbm_queue_chgnet_mace_missing,0,89.57628868309655,10.0,3.390907121405556,12.726465504194358,2,False,False,False,False,t1_stable_or_true_release,False,candidate_level_explanation_not_MLIP_consensus_validation
wbm-3-10376,Br6 Sr2,Br-Sr,2|Br-Sr,300,raw_only_requested_budget,0,7,0,7,False,0.047107,False,3.1628376450000038,False,labelable_current_MP_hull,unstable_to_unstable,True,False,False,True,False,0.781982,-0.781982,True,True,-2.00817,-1.7466,3,not_available_for_wbm_queue_chgnet_mace_missing,1,14.441395685142556,10.0,4.993083301746044,12.171561895162212,41,False,False,False,False,near_hull_50meV_boundary,False,candidate_level_explanation_not_MLIP_consensus_validation
wbm-3-10376,Br6 Sr2,Br-Sr,2|Br-Sr,500,raw_only_requested_budget,0,7,0,7,False,0.047107,False,3.1628376450000038,False,labelable_current_MP_hull,unstable_to_unstable,True,False,False,True,False,0.781982,-0.781982,True,True,-2.00817,-1.7466,3,not_available_for_wbm_queue_chgnet_mace_missing,1,14.441395685142556,10.0,2.9958499810476265,13.924506444478084,54,False,False,False,False,near_hull_50meV_boundary,False,candidate_level_explanation_not_MLIP_consensus_validation
wbm-3-10403,Br6 Yb2,Br-Yb,2|Br-Yb,300,PARC_release,1,11,1,10,True,-0.064996,True,,False,unresolved_current_MP_missing_element_reference,stable_to_unresolved,True,False,False,False,False,0.7952610000000002,-0.7952610000000002,True,True,-2.02374,-2.0442,3,not_available_for_wbm_queue_chgnet_mace_missing,1,15.262653700560776,10.0,5.651511869009259,12.171561895162212,14,False,False,False,False,unresolved_current_MP_hull_reference,False,candidate_level_explanation_not_MLIP_consensus_validation
wbm-3-10403,Br6 Yb2,Br-Yb,2|Br-Yb,500,raw_only_requested_budget,0,11,0,11,False,-0.064996,True,,False,unresolved_current_MP_missing_element_reference,stable_to_unresolved,True,False,False,False,False,0.7952610000000002,-0.7952610000000002,True,True,-2.02374,-2.0442,3,not_available_for_wbm_queue_chgnet_mace_missing,1,15.262653700560776,10.0,3.390907121405556,11.493608026395536,39,False,False,False,False,unresolved_current_MP_hull_reference,False,candidate_level_explanation_not_MLIP_consensus_validation
wbm-3-10404,Br6 Yb2,Br-Yb,2|Br-Yb,300,PARC_release,1,11,1,10,True,0.020499,False,,False,unresolved_current_MP_missing_element_reference,unstable_to_unresolved,True,True,False,True,False,0.7818609999999997,-0.7818609999999997,True,True,-1.81265,-1.9015,3,not_available_for_wbm_queue_chgnet_mace_missing,1,14.421678661637175,10.0,5.651511869009259,12.171561895162212,26,False,False,False,False,unresolved_current_MP_hull_reference,False,candidate_level_explanation_not_MLIP_consensus_validation
wbm-3-10404,Br6 Yb2,Br-Yb,2|Br-Yb,500,raw_only_requested_budget,0,11,0,11,False,0.020499,False,,False,unresolved_current_MP_missing_element_reference,unstable_to_unresolved,True,True,False,True,False,0.7818609999999997,-0.7818609999999997,True,True,-1.81265,-1.9015,3,not_available_for_wbm_queue_chgnet_mace_missing,1,14.421678661637175,10.0,3.390907121405556,11.493608026395536,51,False,False,False,False,unresolved_current_MP_hull_reference,False,candidate_level_explanation_not_MLIP_consensus_validation
wbm-3-10428,Br4 Er1 Pb1,Br-Er-Pb,3|Br-Er,300,PARC_release,11,11,11,0,True,-1.040832,True,-1.715524000000002,True,labelable_current_MP_hull,stable_to_stable,False,False,False,False,False,1.622708,-1.622708,True,False,-1.7695599999999998,-1.6393,3,not_available_for_wbm_queue_chgnet_mace_missing,0,164.80390769444054,10.0,5.651511869009259,10.926127664038065,22,False,False,False,False,t1_stable_or_true_release,False,candidate_level_explanation_not_MLIP_consensus_validation
wbm-3-10428,Br4 Er1 Pb1,Br-Er-Pb,3|Br-Er,500,PARC_release,11,11,11,0,True,-1.040832,True,-1.715524000000002,True,labelable_current_MP_hull,stable_to_stable,False,False,False,False,False,1.622708,-1.622708,True,False,-1.7695599999999998,-1.6393,3,not_available_for_wbm_queue_chgnet_mace_missing,0,164.80390769444054,10.0,3.390907121405556,12.726465504194358,14,False,False,False,False,t1_stable_or_true_release,False,candidate_level_explanation_not_MLIP_consensus_validation
wbm-3-10439,Br8 La2,Br-La,2|Br-La,300,raw_only_requested_budget,0,7,0,7,False,0.073293,False,-1.915516000000004,True,labelable_current_MP_hull,unstable_to_stable,False,False,False,False,False,0.6663909999999997,-0.6663909999999997,True,False,-2.08448,-1.9698,3,not_available_for_wbm_queue_chgnet_mace_missing,0,6.599351864309193,10.0,5.651511869009259,19.83000681704263,130,False,False,False,False,t1_stable_or_true_release,False,candidate_level_explanation_not_MLIP_consensus_validation
wbm-3-10439,Br8 La2,Br-La,2|Br-La,500,raw_only_requested_budget,0,12,0,12,False,0.073293,False,-1.915516000000004,True,labelable_current_MP_hull,unstable_to_stable,False,False,False,False,False,0.6663909999999997,-0.6663909999999997,True,False,-2.08448,-1.9698,3,not_available_for_wbm_queue_chgnet_mace_missing,0,6.916261695059129,10.0,3.390907121405556,39.685851537379705,178,False,False,False,False,t1_stable_or_true_release,False,candidate_level_explanation_not_MLIP_consensus_validation
wbm-3-10445,Br8 Nd2,Br-Nd,2|Br-Nd,500,raw_only_requested_budget,0,10,0,10,False,-0.027825,True,-1.926648,True,labelable_current_MP_hull,stable_to_stable,False,False,False,True,False,0.6151769999999999,-0.6151769999999999,True,False,-2.04521,-1.9457,3,not_available_for_wbm_queue_chgnet_mace_missing,0,5.03762514135281,10.0,3.094614266137109,39.685851537379705,290,False,False,False,False,t1_stable_or_true_release,False,candidate_level_explanation_not_MLIP_consensus_validation
wbm-3-10447,Br8 Np2,Br-Np,2|Br-Np,500,raw_only_requested_budget,0,6,0,6,False,-0.236258,True,-1.7313040000000086,True,labelable_current_MP_hull,stable_to_stable,False,False,False,False,False,0.606954,-0.606954,True,False,-2.08354,-1.6971,3,not_available_for_wbm_queue_chgnet_mace_missing,0,4.955607335966234,10.0,2.930007124321305,6.740121026131668,297,False,False,False,False,t1_stable_or_true_release,False,candidate_level_explanation_not_MLIP_consensus_validation
wbm-3-10451,Br8 Pr2,Br-Pr,2|Br-Pr,300,raw_only_requested_budget,0,6,0,6,False,-0.027901,True,-1.926161999999998,True,labelable_current_MP_hull,stable_to_stable,False,False,False,True,False,0.6954390000000001,-0.6954390000000001,True,False,-2.04514,-1.9187,3,not_available_for_wbm_queue_chgnet_mace_missing,0,7.255639805664403,10.0,4.993083301746044,19.83000681704263,120,False,False,False,False,t1_stable_or_true_release,False,candidate_level_explanation_not_MLIP_consensus_validation
wbm-3-10451,Br8 Pr2,Br-Pr,2|Br-Pr,500,raw_only_requested_budget,0,8,0,8,False,-0.027901,True,-1.926161999999998,True,labelable_current_MP_hull,stable_to_stable,False,False,False,True,False,0.6954390000000001,-0.6954390000000001,True,False,-2.04514,-1.9187,3,not_available_for_wbm_queue_chgnet_mace_missing,0,7.255639805664403,10.0,2.9958499810476265,39.685851537379705,133,False,False,False,False,t1_stable_or_true_release,False,candidate_level_explanation_not_MLIP_consensus_validation
wbm-3-10464,Br8 Sm2,Br-Sm,2|Br-Sm,300,raw_only_requested_budget,0,1,0,1,False,-0.040612,True,-1.927776999999999,True,labelable_current_MP_hull,stable_to_stable,False,False,False,True,False,0.634935,-0.634935,True,False,-2.05031,-2.0174,3,not_available_for_wbm_queue_chgnet_mace_missing,0,4.801978237054699,10.0,2.195811353831729,19.83000681704263,254,False,False,False,False,t1_stable_or_true_release,False,candidate_level_explanation_not_MLIP_consensus_validation
wbm-3-10464,Br8 Sm2,Br-Sm,2|Br-Sm,500,raw_only_requested_budget,0,11,0,11,False,-0.040612,True,-1.927776999999999,True,labelable_current_MP_hull,stable_to_stable,False,False,False,True,False,0.634935,-0.634935,True,False,-2.05031,-2.0174,3,not_available_for_wbm_queue_chgnet_mace_missing,0,5.60194196438162,10.0,3.390907121405556,39.685851537379705,222,False,False,False,False,t1_stable_or_true_release,False,candidate_level_explanation_not_MLIP_consensus_validation
wbm-3-10473,Br8 Sr2,Br-Sr,2|Br-Sr,300,raw_only_requested_budget,0,5,0,5,False,-0.1652,True,2.3273789160000007,False,labelable_current_MP_hull,stable_to_unstable,True,False,False,False,False,0.6829399999999999,-0.6829399999999999,True,True,-1.6242899999999998,-1.1821,3,not_available_for_wbm_queue_chgnet_mace_missing,1,7.262157980969153,10.0,4.774748419917196,12.171561895162212,135,True,True,False,True,ALIGNN_FF_disagrees_with_current_MP_label,False,candidate_level_explanation_not_MLIP_consensus_validation
wbm-3-10473,Br8 Sr2,Br-Sr,2|Br-Sr,500,raw_only_requested_budget,0,7,0,7,False,-0.1652,True,2.3273789160000007,False,labelable_current_MP_hull,stable_to_unstable,True,False,False,False,False,0.6829399999999999,-0.6829399999999999,True,True,-1.6242899999999998,-1.1821,3,not_available_for_wbm_queue_chgnet_mace_missing,1,7.262157980969153,10.0,2.9958499810476265,13.924506444478084,148,True,True,False,True,ALIGNN_FF_disagrees_with_current_MP_label,False,candidate_level_explanation_not_MLIP_consensus_validation
wbm-3-10475,Br8 Tb2,Br-Tb,2|Br-Tb,500,raw_only_requested_budget,0,7,0,7,False,-0.149483,True,-2.0030860000000104,True,labelable_current_MP_hull,stable_to_stable,False,False,False,False,False,0.5892969999999997,-0.5892969999999997,True,False,-1.83409,-1.87,3,not_available_for_wbm_queue_chgnet_mace_missing,0,4.213817166888719,10.0,3.390907121405556,39.685851537379705,326,False,False,False,False,t1_stable_or_true_release,False,candidate_level_explanation_not_MLIP_consensus_validation
wbm-3-10478,Br8 Yb2,Br-Yb,2|Br-Yb,300,raw_only_requested_budget,0,11,0,11,False,-0.159541,True,,False,unresolved_current_MP_missing_element_reference,stable_to_unresolved,True,False,False,False,False,0.7596429999999998,-0.7596429999999998,True,True,-1.55174,-1.4592,3,not_available_for_wbm_queue_chgnet_mace_missing,1,11.855270784026176,10.0,5.651511869009259,12.171561895162212,12,False,False,False,False,unresolved_current_MP_hull_reference,False,candidate_level_explanation_not_MLIP_consensus_validation
wbm-3-10478,Br8 Yb2,Br-Yb,2|Br-Yb,500,raw_only_requested_budget,0,11,0,11,False,-0.159541,True,,False,unresolved_current_MP_missing_element_reference,stable_to_unresolved,True,False,False,False,False,0.7596429999999998,-0.7596429999999998,True,True,-1.55174,-1.4592,3,not_available_for_wbm_queue_chgnet_mace_missing,1,11.855270784026176,10.0,3.390907121405556,11.493608026395536,66,False,False,False,False,unresolved_current_MP_hull_reference,False,candidate_level_explanation_not_MLIP_consensus_validation
wbm-3-10492,Br6 Cs2 Dy1,Br-Cs-Dy,3|Br-Cs,500,raw_only_requested_budget,0,2,0,2,False,0.026456,False,-2.022319000000003,True,labelable_current_MP_hull,unstable_to_stable,False,False,False,True,False,0.5729250000000001,-0.5729250000000001,True,False,-2.07887,-2.1584,3,not_available_for_wbm_queue_chgnet_mace_missing,0,3.590371789108786,10.0,2.009647497495417,11.493608026395536,425,False,False,False,False,t1_stable_or_true_release,False,candidate_level_explanation_not_MLIP_consensus_validation
wbm-3-10521,Br6 Cs2 Tm1,Br-Cs-Tm,3|Br-Cs,500,raw_only_requested_budget,0,3,0,3,False,0.015234,False,-2.023942999999996,True,labelable_current_MP_hull,unstable_to_stable,False,True,False,True,False,0.5809229999999999,-0.5809229999999999,True,False,-2.04225,-2.163,3,not_available_for_wbm_queue_chgnet_mace_missing,0,3.85183074227887,10.0,2.8648490519503174,11.493608026395536,370,False,False,False,False,t1_stable_or_true_release,False,candidate_level_explanation_not_MLIP_consensus_validation
wbm-3-10531,Br6 Er1 Rb2,Br-Er-Rb,3|Br-Er,300,PARC_release,11,11,11,0,True,-1.022087,True,-1.979977999999996,True,labelable_current_MP_hull,stable_to_stable,False,False,False,False,False,1.505309,-1.505309,True,False,-2.09795,-2.138,3,not_available_for_wbm_queue_chgnet_mace_missing,0,164.80390769444054,10.0,5.651511869009259,10.926127664038065,27,True,True,False,True,t1_stable_or_true_release,False,candidate_level_explanation_not_MLIP_consensus_validation
wbm-3-10531,Br6 Er1 Rb2,Br-Er-Rb,3|Br-Er,500,PARC_release,11,11,11,0,True,-1.022087,True,-1.979977999999996,True,labelable_current_MP_hull,stable_to_stable,False,False,False,False,False,1.505309,-1.505309,True,False,-2.09795,-2.138,3,not_available_for_wbm_queue_chgnet_mace_missing,0,164.80390769444054,10.0,3.390907121405556,12.726465504194358,10,True,True,False,True,t1_stable_or_true_release,False,candidate_level_explanation_not_MLIP_consensus_validation
wbm-3-10532,Br6 Er1 Rb2,Br-Er-Rb,3|Br-Er,300,PARC_release,11,11,11,0,True,-1.023884,True,-1.981774999999999,True,labelable_current_MP_hull,stable_to_stable,False,False,False,False,False,1.5393089999999998,-1.5393089999999998,True,False,-2.12745,-1.9874,3,not_available_for_wbm_queue_chgnet_mace_missing,0,164.80390769444054,10.0,5.651511869009259,10.926127664038065,25,True,True,False,True,t1_stable_or_true_release,False,candidate_level_explanation_not_MLIP_consensus_validation
wbm-3-10532,Br6 Er1 Rb2,Br-Er-Rb,3|Br-Er,500,PARC_release,11,11,11,0,True,-1.023884,True,-1.981774999999999,True,labelable_current_MP_hull,stable_to_stable,False,False,False,False,False,1.5393089999999998,-1.5393089999999998,True,False,-2.12745,-1.9874,3,not_available_for_wbm_queue_chgnet_mace_missing,0,164.80390769444054,10.0,3.390907121405556,12.726465504194358,12,True,True,False,True,t1_stable_or_true_release,False,candidate_level_explanation_not_MLIP_consensus_validation
wbm-3-10542,Br6 Lu1 Rb2,Br-Lu-Rb,3|Br-Lu,500,raw_only_requested_budget,0,9,0,9,False,-0.034433,True,-1.976485000000004,True,labelable_current_MP_hull,stable_to_stable,False,False,False,True,False,0.601148,-0.601148,True,False,-2.07391,-2.1541,3,not_available_for_wbm_queue_chgnet_mace_missing,0,4.6603988156775,10.0,3.390907121405556,39.685851537379705,301,False,False,False,False,t1_stable_or_true_release,False,candidate_level_explanation_not_MLIP_consensus_validation
wbm-3-10543,Br6 Lu1 Rb2,Br-Lu-Rb,3|Br-Lu,500,raw_only_requested_budget,0,2,0,2,False,-0.03946,True,-1.9815120000000024,True,labelable_current_MP_hull,stable_to_stable,False,False,False,True,False,0.5620480000000003,-0.5620480000000003,True,False,-2.12213,-2.0163,3,not_available_for_wbm_queue_chgnet_mace_missing,0,3.328630264189117,10.0,1.3174868122990375,39.685851537379705,429,False,False,False,False,t1_stable_or_true_release,False,candidate_level_explanation_not_MLIP_consensus_validation
wbm-3-10551,Br6 Pu1 Rb2,Br-Pu-Rb,3|Br-Pu,500,raw_only_requested_budget,0,7,0,7,False,-0.146397,True,-1.9793650000000012,True,labelable_current_MP_hull,stable_to_stable,False,False,False,False,False,0.6041319999999999,-0.6041319999999999,True,False,-1.9448499999999995,-1.9744,3,not_available_for_wbm_queue_chgnet_mace_missing,0,4.876393465572375,10.0,3.390907121405556,33.106904168958664,295,False,False,False,False,t1_stable_or_true_release,False,candidate_level_explanation_not_MLIP_consensus_validation
wbm-3-10552,Br6 Pu1 Rb2,Br-Pu-Rb,3|Br-Pu,500,raw_only_requested_budget,0,5,0,5,False,-0.15795,True,-1.9909190000000048,True,labelable_current_MP_hull,stable_to_stable,False,False,False,False,False,0.593431,-0.593431,True,False,-1.87726,-1.8661,3,not_available_for_wbm_queue_chgnet_mace_missing,0,4.586875680264978,10.0,3.390907121405556,33.106904168958664,318,False,False,False,False,t1_stable_or_true_release,False,candidate_level_explanation_not_MLIP_consensus_validation
wbm-3-10560,Br6 Rb2 Tm1,Br-Rb-Tm,3|Br-Rb,500,raw_only_requested_budget,0,3,0,3,False,-0.029501,True,-1.9789480000000024,True,labelable_current_MP_hull,stable_to_stable,False,False,False,True,False,0.571353,-0.571353,True,False,-2.11561,-2.095,3,not_available_for_wbm_queue_chgnet_mace_missing,0,3.85183074227887,10.0,3.390907121405556,29.432650133714645,380,False,False,False,False,t1_stable_or_true_release,False,candidate_level_explanation_not_MLIP_consensus_validation
wbm-3-10586,Ba1 Br8 Er2,Ba-Br-Er,3|Ba-Br,300,PARC_release,11,11,11,0,True,-1.593117,True,-2.312227999999997,True,labelable_current_MP_hull,stable_to_stable,False,False,False,False,False,1.7237889999999996,-1.7237889999999996,True,False,-2.26708,-2.1969,3,not_available_for_wbm_queue_chgnet_mace_missing,0,164.84325750151808,10.0,5.651511869009259,19.83000681704263,9,False,False,False,False,t1_stable_or_true_release,False,candidate_level_explanation_not_MLIP_consensus_validation
wbm-3-10586,Ba1 Br8 Er2,Ba-Br-Er,3|Ba-Br,500,PARC_release,11,11,11,0,True,-1.593117,True,-2.312227999999997,True,labelable_current_MP_hull,stable_to_stable,False,False,False,False,False,1.7237889999999996,-1.7237889999999996,True,False,-2.26708,-2.1969,3,not_available_for_wbm_queue_chgnet_mace_missing,0,164.84325750151808,10.0,3.390907121405556,39.685851537379705,18,False,False,False,False,t1_stable_or_true_release,False,candidate_level_explanation_not_MLIP_consensus_validation
wbm-3-10599,Ba1 Br8 Yb2,Ba-Br-Yb,3|Ba-Br,500,raw_only_requested_budget,0,11,0,11,False,-0.032718,True,,False,unresolved_current_MP_missing_element_reference,stable_to_unresolved,True,False,False,True,False,0.6149420000000001,-0.6149420000000001,True,True,-1.9973000000000003,-1.9191,3,not_available_for_wbm_queue_chgnet_mace_missing,1,5.03762514135281,10.0,3.390907121405556,39.685851537379705,266,False,False,False,False,unresolved_current_MP_hull_reference,False,candidate_level_explanation_not_MLIP_consensus_validation
wbm-3-10602,Ba1 Br8 Sr2,Ba-Br-Sr,3|Ba-Br,300,raw_only_requested_budget,0,2,0,2,False,-0.017929,True,1.5289644690909086,False,labelable_current_MP_hull,stable_to_unstable,True,True,False,True,False,0.6400489999999999,-0.6400489999999999,True,True,-2.10013,-1.8017,3,not_available_for_wbm_queue_chgnet_mace_missing,1,5.708748797738672,10.0,2.965053684829303,19.83000681704263,238,False,False,False,False,near_hull_25meV_boundary,False,candidate_level_explanation_not_MLIP_consensus_validation
wbm-3-10602,Ba1 Br8 Sr2,Ba-Br-Sr,3|Ba-Br,500,raw_only_requested_budget,0,11,0,11,False,-0.017929,True,1.5289644690909086,False,labelable_current_MP_hull,stable_to_unstable,True,True,False,True,False,0.6400489999999999,-0.6400489999999999,True,True,-2.10013,-1.8017,3,not_available_for_wbm_queue_chgnet_mace_missing,1,5.932026426840391,10.0,3.390907121405556,39.685851537379705,214,False,False,False,False,near_hull_25meV_boundary,False,candidate_level_explanation_not_MLIP_consensus_validation
wbm-3-10613,Br2 Er2 In2,Br-Er-In,3|Br-Er,500,raw_only_requested_budget,0,11,0,11,False,-0.334406,True,21.305297013333337,False,labelable_current_MP_hull,stable_to_unstable,True,False,False,False,False,0.6252580000000001,-0.6252580000000001,True,True,-1.03082,-1.0673,3,not_available_for_wbm_queue_chgnet_mace_missing,1,5.3970196914062205,10.0,3.390907121405556,12.726465504194358,238,False,False,False,False,ALIGNN_FF_disagrees_with_current_MP_label,False,candidate_level_explanation_not_MLIP_consensus_validation
wbm-3-10633,Br2 Er2 Sn2,Br-Er-Sn,3|Br-Er,500,raw_only_requested_budget,0,1,0,1,False,-0.083063,True,-1.015973000000017,True,labelable_current_MP_hull,stable_to_stable,False,False,False,False,False,0.57549,-0.57549,True,False,-1.00783,-1.2013,3,not_available_for_wbm_queue_chgnet_mace_missing,0,3.4710210281062244,10.0,3.390907121405556,5.244539795811761,366,False,False,False,False,t1_stable_or_true_release,False,candidate_level_explanation_not_MLIP_consensus_validation
wbm-3-11788,Br2 C2 N4 Np2,Br-C-N-Np,4|Br-C,500,raw_only_requested_budget,0,7,0,7,False,0.078626,False,4.65615325400006,False,labelable_current_MP_hull,unstable_to_unstable,True,False,False,False,False,0.6095659999999999,-0.6095659999999999,True,True,-1.34299,-0.9577,3,not_available_for_wbm_queue_chgnet_mace_missing,1,5.03762514135281,10.0,3.094614266137109,33.106904168958664,311,False,False,False,False,ALIGNN_FF_disagrees_with_current_MP_label,False,candidate_level_explanation_not_MLIP_consensus_validation
wbm-3-11825,C2 Gd2 I2 N4,C-Gd-I-N,4|C-Gd,500,raw_only_requested_budget,0,1,0,1,False,-0.284438,True,-1.0564410000000066,True,labelable_current_MP_hull,stable_to_stable,False,False,False,False,False,0.564397,-0.564397,True,False,-0.99138,-1.0451,3,not_available_for_wbm_queue_chgnet_mace_missing,0,3.36340466755441,10.0,1.3174868122990375,39.685851537379705,437,False,False,False,False,t1_stable_or_true_release,False,candidate_level_explanation_not_MLIP_consensus_validation
wbm-3-12309,Ba1 Br8 Ca2,Ba-Br-Ca,3|Ba-Br,500,raw_only_requested_budget,0,11,0,11,False,-0.028382,True,-2.088407000000004,True,labelable_current_MP_hull,stable_to_stable,False,False,False,True,False,0.6267749999999999,-0.6267749999999999,True,False,-2.0105200000000005,-1.8895,3,not_available_for_wbm_queue_chgnet_mace_missing,0,5.3970196914062205,10.0,3.390907121405556,39.685851537379705,236,False,False,False,False,t1_stable_or_true_release,False,candidate_level_explanation_not_MLIP_consensus_validation
wbm-3-12827,Br6 Ca2,Br-Ca,2|Br-Ca,300,raw_only_requested_budget,0,11,0,11,False,0.035961,False,-1.807820999999997,True,labelable_current_MP_hull,unstable_to_stable,False,False,False,True,False,0.7380180000000001,-0.7380180000000001,True,False,-1.80519,-1.8626,3,not_available_for_wbm_queue_chgnet_mace_missing,0,10.910795361857884,10.0,5.651511869009259,16.36323504953147,61,False,False,False,False,t1_stable_or_true_release,False,candidate_level_explanation_not_MLIP_consensus_validation
wbm-3-12827,Br6 Ca2,Br-Ca,2|Br-Ca,500,raw_only_requested_budget,0,11,0,11,False,0.035961,False,-1.807820999999997,True,labelable_current_MP_hull,unstable_to_stable,False,False,False,True,False,0.7380180000000001,-0.7380180000000001,True,False,-1.80519,-1.8626,3,not_available_for_wbm_queue_chgnet_mace_missing,0,10.910795361857884,10.0,3.390907121405556,33.106904168958664,109,False,False,False,False,t1_stable_or_true_release,False,candidate_level_explanation_not_MLIP_consensus_validation
wbm-3-12828,Br6 Ca2,Br-Ca,2|Br-Ca,300,raw_only_requested_budget,0,11,0,11,False,0.013454,False,-1.830326999999997,True,labelable_current_MP_hull,unstable_to_stable,False,True,False,True,False,0.7413190000000001,-0.7413190000000001,True,False,-1.57504,-1.7867,3,not_available_for_wbm_queue_chgnet_mace_missing,0,10.910795361857884,10.0,5.651511869009259,16.36323504953147,58,False,False,False,False,t1_stable_or_true_release,False,candidate_level_explanation_not_MLIP_consensus_validation
wbm-3-12828,Br6 Ca2,Br-Ca,2|Br-Ca,500,raw_only_requested_budget,0,11,0,11,False,0.013454,False,-1.830326999999997,True,labelable_current_MP_hull,unstable_to_stable,False,True,False,True,False,0.7413190000000001,-0.7413190000000001,True,False,-1.57504,-1.7867,3,not_available_for_wbm_queue_chgnet_mace_missing,0,10.910795361857884,10.0,3.390907121405556,33.106904168958664,106,False,False,False,False,t1_stable_or_true_release,False,candidate_level_explanation_not_MLIP_consensus_validation
wbm-3-12832,Br8 Ca2,Br-Ca,2|Br-Ca,300,raw_only_requested_budget,0,10,0,10,False,-0.152682,True,-1.627713,True,labelable_current_MP_hull,stable_to_stable,False,False,False,False,False,0.7219690000000001,-0.7219690000000001,True,False,-1.50757,-1.2771,3,not_available_for_wbm_queue_chgnet_mace_missing,0,9.121010416574991,10.0,5.651511869009259,16.36323504953147,77,False,False,False,False,t1_stable_or_true_release,False,candidate_level_explanation_not_MLIP_consensus_validation
wbm-3-12832,Br8 Ca2,Br-Ca,2|Br-Ca,500,raw_only_requested_budget,0,11,0,11,False,-0.152682,True,-1.627713,True,labelable_current_MP_hull,stable_to_stable,False,False,False,False,False,0.7219690000000001,-0.7219690000000001,True,False,-1.50757,-1.2771,3,not_available_for_wbm_queue_chgnet_mace_missing,0,9.121010416574991,10.0,3.390907121405556,33.106904168958664,125,False,False,False,False,t1_stable_or_true_release,False,candidate_level_explanation_not_MLIP_consensus_validation
wbm-3-13298,Ca2 I8,Ca-I,2|Ca-I,300,raw_only_requested_budget,0,7,0,7,False,-0.075563,True,-1.2324409999999997,True,labelable_current_MP_hull,stable_to_stable,False,False,False,False,False,0.6624220000000001,-0.6624220000000001,True,False,-1.13787,-1.0659,3,not_available_for_wbm_queue_chgnet_mace_missing,0,6.454241865974273,10.0,5.651511869009259,19.83000681704263,137,False,False,False,False,t1_stable_or_true_release,False,candidate_level_explanation_not_MLIP_consensus_validation
wbm-3-13298,Ca2 I8,Ca-I,2|Ca-I,500,raw_only_requested_budget,0,12,0,12,False,-0.075563,True,-1.2324409999999997,True,labelable_current_MP_hull,stable_to_stable,False,False,False,False,False,0.6624220000000001,-0.6624220000000001,True,False,-1.13787,-1.0659,3,not_available_for_wbm_queue_chgnet_mace_missing,0,6.454241865974273,10.0,3.390907121405556,39.685851537379705,174,False,False,False,False,t1_stable_or_true_release,False,candidate_level_explanation_not_MLIP_consensus_validation
wbm-3-13300,Ca1 Gd2 I8,Ca-Gd-I,3|Ca-Gd,300,PARC_release,13,13,13,0,True,-1.02707,True,-1.602610000000002,True,labelable_current_MP_hull,stable_to_stable,False,False,False,False,False,1.2228599999999998,-1.2228599999999998,True,False,-1.57634,-1.5468,3,not_available_for_wbm_queue_chgnet_mace_missing,0,164.72520471273907,10.0,5.651511869009259,19.83000681704263,18,False,False,False,False,t1_stable_or_true_release,False,candidate_level_explanation_not_MLIP_consensus_validation
wbm-3-13300,Ca1 Gd2 I8,Ca-Gd-I,3|Ca-Gd,500,PARC_release,13,13,13,0,True,-1.02707,True,-1.602610000000002,True,labelable_current_MP_hull,stable_to_stable,False,False,False,False,False,1.2228599999999998,-1.2228599999999998,True,False,-1.57634,-1.5468,3,not_available_for_wbm_queue_chgnet_mace_missing,0,164.72520471273907,10.0,3.390907121405556,39.685851537379705,12,False,False,False,False,t1_stable_or_true_release,False,candidate_level_explanation_not_MLIP_consensus_validation
wbm-3-14529,Ce1 Cl2,Ce-Cl,2|Ce-Cl,300,PARC_release,2,12,2,10,True,0.171549,False,-2.234502999999997,True,labelable_current_MP_hull,unstable_to_stable,False,False,False,False,False,0.8383479999999999,-0.8383479999999999,True,False,-2.5021,-2.7142,3,not_available_for_wbm_queue_chgnet_mace_missing,0,18.566685755496703,10.0,5.651511869009259,19.83000681704263,6,False,False,False,False,t1_stable_or_true_release,False,candidate_level_explanation_not_MLIP_consensus_validation
wbm-3-14529,Ce1 Cl2,Ce-Cl,2|Ce-Cl,500,raw_only_requested_budget,0,12,0,12,False,0.171549,False,-2.234502999999997,True,labelable_current_MP_hull,unstable_to_stable,False,False,False,False,False,0.8383479999999999,-0.8383479999999999,True,False,-2.5021,-2.7142,3,not_available_for_wbm_queue_chgnet_mace_missing,0,18.566685755496703,10.0,3.390907121405556,39.685851537379705,12,False,False,False,False,t1_stable_or_true_release,False,candidate_level_explanation_not_MLIP_consensus_validation
wbm-3-14557,Cl2 La1,Cl-La,2|Cl-La,300,raw_only_requested_budget,0,11,0,11,False,0.173835,False,-2.3748439999999995,True,labelable_current_MP_hull,unstable_to_stable,False,False,False,False,False,0.6957210000000003,-0.6957210000000003,True,False,-2.5021,-2.8648,3,not_available_for_wbm_queue_chgnet_mace_missing,0,8.314929611426463,10.0,5.651511869009259,19.83000681704263,100,False,False,False,False,t1_stable_or_true_release,False,candidate_level_explanation_not_MLIP_consensus_validation
wbm-3-14557,Cl2 La1,Cl-La,2|Cl-La,500,raw_only_requested_budget,0,13,0,13,False,0.173835,False,-2.3748439999999995,True,labelable_current_MP_hull,unstable_to_stable,False,False,False,False,False,0.6957210000000003,-0.6957210000000003,True,False,-2.5021,-2.8648,3,not_available_for_wbm_queue_chgnet_mace_missing,0,8.314929611426463,10.0,3.390907121405556,39.685851537379705,132,False,False,False,False,t1_stable_or_true_release,False,candidate_level_explanation_not_MLIP_consensus_validation
wbm-3-14564,Cl2 Pr1,Cl-Pr,2|Cl-Pr,300,raw_only_requested_budget,0,3,0,3,False,0.209515,False,-2.242172999999997,True,labelable_current_MP_hull,unstable_to_stable,False,False,False,False,False,0.6599119999999998,-0.6599119999999998,True,False,-2.33431,-2.7091,3,not_available_for_wbm_queue_chgnet_mace_missing,0,6.454241865974273,10.0,3.1260401243485885,12.674371754430824,208,False,False,False,False,t1_stable_or_true_release,False,candidate_level_explanation_not_MLIP_consensus_validation
wbm-3-14564,Cl2 Pr1,Cl-Pr,2|Cl-Pr,500,raw_only_requested_budget,0,8,0,8,False,0.209515,False,-2.242172999999997,True,labelable_current_MP_hull,unstable_to_stable,False,False,False,False,False,0.6599119999999998,-0.6599119999999998,True,False,-2.33431,-2.7091,3,not_available_for_wbm_queue_chgnet_mace_missing,0,6.5949146379549,10.0,3.390907121405556,33.106904168958664,187,False,False,False,False,t1_stable_or_true_release,False,candidate_level_explanation_not_MLIP_consensus_validation
wbm-3-14571,Ce2 Cl4 Se4,Ce-Cl-Se,3|Ce-Cl,500,raw_only_requested_budget,0,6,0,6,False,-0.120208,True,34.37236223550002,False,labelable_current_MP_hull,stable_to_unstable,True,False,False,False,False,0.5951500000000001,-0.5951500000000001,True,True,-1.9336,-2.2093,3,not_available_for_wbm_queue_chgnet_mace_missing,1,4.586875680264978,10.0,2.271035436710127,39.685851537379705,351,False,False,False,False,ALIGNN_FF_disagrees_with_current_MP_label,False,candidate_level_explanation_not_MLIP_consensus_validation
wbm-3-14652,Ba2 Cl6,Ba-Cl,2|Ba-Cl,500,raw_only_requested_budget,0,6,0,6,False,0.047808,False,3.2273963325,False,labelable_current_MP_hull,unstable_to_unstable,True,False,False,True,False,0.6307,-0.6307,True,True,-2.21682,-2.7721,3,not_available_for_wbm_queue_chgnet_mace_missing,1,5.499319737403038,10.0,3.164235027733259,13.924506444478084,255,False,False,False,False,near_hull_50meV_boundary,False,candidate_level_explanation_not_MLIP_consensus_validation
wbm-3-14665,Cl6 Cs2 Dy2,Cl-Cs-Dy,3|Cl-Cs,500,raw_only_requested_budget,0,3,0,3,False,0.162384,False,12.132713753999996,False,labelable_current_MP_hull,unstable_to_unstable,True,False,False,False,False,0.5787849999999999,-0.5787849999999999,True,True,-2.31552,-2.6209,3,not_available_for_wbm_queue_chgnet_mace_missing,1,4.049213506737862,10.0,2.009647497495417,39.685851537379705,399,False,False,False,False,ALIGNN_FF_disagrees_with_current_MP_label,False,candidate_level_explanation_not_MLIP_consensus_validation
wbm-3-14667,Cl6 Cs2 Er2,Cl-Cs-Er,3|Cl-Cs,500,raw_only_requested_budget,0,7,0,7,False,0.183696,False,0.7988867465714264,False,labelable_current_MP_hull,unstable_to_unstable,True,False,False,False,False,0.6003960000000004,-0.6003960000000004,True,True,-2.32498,-2.6179,3,not_available_for_wbm_queue_chgnet_mace_missing,1,4.727915587350588,10.0,2.9958499810476265,39.685851537379705,336,False,False,False,False,ALIGNN_FF_disagrees_with_current_MP_label,False,candidate_level_explanation_not_MLIP_consensus_validation
wbm-3-14744,Cl6 Er2 K2,Cl-Er-K,3|Cl-Er,500,raw_only_requested_budget,0,1,0,1,False,0.197395,False,-2.1995230000000063,True,labelable_current_MP_hull,unstable_to_stable,False,False,False,False,False,0.5585819999999995,-0.5585819999999995,True,False,-2.34622,-2.6922,3,not_available_for_wbm_queue_chgnet_mace_missing,0,3.2613362756802577,10.0,1.3174868122990375,39.685851537379705,452,False,False,False,False,t1_stable_or_true_release,False,candidate_level_explanation_not_MLIP_consensus_validation
wbm-3-14746,Cl6 Er2 K2,Cl-Er-K,3|Cl-Er,500,raw_only_requested_budget,0,12,0,12,False,0.217776,False,-2.179141000000005,True,labelable_current_MP_hull,unstable_to_stable,False,False,False,False,False,0.6171829999999998,-0.6171829999999998,True,False,-2.28738,-2.6192,3,not_available_for_wbm_queue_chgnet_mace_missing,0,5.210704400324024,10.0,3.390907121405556,39.685851537379705,262,False,False,False,False,t1_stable_or_true_release,False,candidate_level_explanation_not_MLIP_consensus_validation
wbm-3-14751,Cl6 Ho2 K2,Cl-Ho-K,3|Cl-Ho,500,raw_only_requested_budget,0,8,0,8,False,0.208644,False,0.5099720095999984,False,labelable_current_MP_hull,unstable_to_unstable,True,False,False,False,False,0.608155,-0.608155,True,True,-2.26399,-2.6295,3,not_available_for_wbm_queue_chgnet_mace_missing,1,4.732125708224833,10.0,3.390907121405556,29.432650133714645,284,False,False,False,False,ALIGNN_FF_disagrees_with_current_MP_label,False,candidate_level_explanation_not_MLIP_consensus_validation
wbm-3-14768,Cl6 K2 Tb2,Cl-K-Tb,3|Cl-K,500,raw_only_requested_budget,0,4,0,4,False,0.201963,False,0.406365638000004,False,labelable_current_MP_hull,unstable_to_unstable,True,False,False,False,False,0.5744669999999998,-0.5744669999999998,True,True,-2.28968,-2.6523,3,not_available_for_wbm_queue_chgnet_mace_missing,1,3.9474357331962096,10.0,3.390907121405556,33.106904168958664,368,False,False,False,False,ALIGNN_FF_disagrees_with_current_MP_label,False,candidate_level_explanation_not_MLIP_consensus_validation
wbm-3-14773,Cl6 K2 Tm2,Cl-K-Tm,3|Cl-K,500,raw_only_requested_budget,0,11,0,11,False,0.224273,False,11.787698953999996,False,labelable_current_MP_hull,unstable_to_unstable,True,False,False,False,False,0.6126709999999997,-0.6126709999999997,True,True,-2.2353,-2.596,3,not_available_for_wbm_queue_chgnet_mace_missing,1,4.955607335966234,10.0,3.390907121405556,33.106904168958664,274,False,False,False,False,ALIGNN_FF_disagrees_with_current_MP_label,False,candidate_level_explanation_not_MLIP_consensus_validation
wbm-3-14782,Cl6 K2 Y2,Cl-K-Y,3|Cl-K,500,raw_only_requested_budget,0,11,0,11,False,0.18,False,-2.2200220000000077,True,labelable_current_MP_hull,unstable_to_stable,False,False,False,False,False,0.6144779999999996,-0.6144779999999996,True,False,-2.30567,-2.6418,3,not_available_for_wbm_queue_chgnet_mace_missing,0,5.03762514135281,10.0,3.390907121405556,33.106904168958664,268,False,False,False,False,t1_stable_or_true_release,False,candidate_level_explanation_not_MLIP_consensus_validation
wbm-3-14800,Cl6 Pd2,Cl-Pd,2|Cl-Pd,300,raw_only_requested_budget,0,10,0,10,False,-0.153138,True,4.0731144474999965,False,labelable_current_MP_hull,stable_to_unstable,True,False,False,False,False,0.7410300000000001,-0.7410300000000001,True,True,-0.96073,-1.3112,3,not_available_for_wbm_queue_chgnet_mace_missing,1,10.500196984850524,10.0,5.157690443561848,19.83000681704263,34,True,True,True,True,ALIGNN_FF_disagrees_with_current_MP_label,False,candidate_level_explanation_not_MLIP_consensus_validation
wbm-3-14800,Cl6 Pd2,Cl-Pd,2|Cl-Pd,500,raw_only_requested_budget,0,10,0,10,False,-0.153138,True,4.0731144474999965,False,labelable_current_MP_hull,stable_to_unstable,True,False,False,False,False,0.7410300000000001,-0.7410300000000001,True,True,-0.96073,-1.3112,3,not_available_for_wbm_queue_chgnet_mace_missing,1,10.500196984850524,10.0,3.094614266137109,39.685851537379705,112,True,True,True,True,ALIGNN_FF_disagrees_with_current_MP_label,False,candidate_level_explanation_not_MLIP_consensus_validation
wbm-3-14803,Cl6 Dy2 Rb2,Cl-Dy-Rb,3|Cl-Dy,500,raw_only_requested_budget,0,3,0,3,False,0.180534,False,12.173352754,False,labelable_current_MP_hull,unstable_to_unstable,True,False,False,False,False,0.5975739999999998,-0.5975739999999998,True,True,-2.31178,-2.6199,3,not_available_for_wbm_queue_chgnet_mace_missing,1,4.268736866091476,10.0,2.9958499810476265,12.726465504194358,352,False,False,False,False,ALIGNN_FF_disagrees_with_current_MP_label,False,candidate_level_explanation_not_MLIP_consensus_validation
wbm-3-14818,Cl3 Rb1,Cl-Rb,2|Cl-Rb,500,raw_only_requested_budget,0,8,0,8,False,-0.316689,True,-1.4391609999999986,True,labelable_current_MP_hull,stable_to_stable,False,False,False,False,False,0.6064280000000002,-0.6064280000000002,True,False,-1.35587,-1.8877,3,not_available_for_wbm_queue_chgnet_mace_missing,0,4.955607335966234,10.0,3.094614266137109,29.432650133714645,298,False,False,False,False,t1_stable_or_true_release,False,candidate_level_explanation_not_MLIP_consensus_validation
wbm-3-14881,Cl6 Cs2 Y2,Cl-Cs-Y,3|Cl-Cs,500,raw_only_requested_budget,0,8,0,8,False,0.142753,False,0.7730409248571384,False,labelable_current_MP_hull,unstable_to_unstable,True,False,False,False,False,0.6066270000000005,-0.6066270000000005,True,True,-2.3505100000000003,-2.6442,3,not_available_for_wbm_queue_chgnet_mace_missing,1,5.03762514135281,10.0,3.094614266137109,39.685851537379705,319,False,False,False,False,ALIGNN_FF_disagrees_with_current_MP_label,False,candidate_level_explanation_not_MLIP_consensus_validation
wbm-3-14916,Cl8 Cu2,Cl-Cu,2|Cl-Cu,300,raw_only_requested_budget,0,3,0,3,False,-0.098165,True,3.2924646379999984,False,labelable_current_MP_hull,stable_to_unstable,True,False,False,False,False,0.668383,-0.668383,True,True,-0.6450400000000001,-1.0322,3,not_available_for_wbm_queue_chgnet_mace_missing,1,6.179385168110146,10.0,4.774748419917196,10.926127664038065,153,False,False,False,False,ALIGNN_FF_disagrees_with_current_MP_label,False,candidate_level_explanation_not_MLIP_consensus_validation
wbm-3-14916,Cl8 Cu2,Cl-Cu,2|Cl-Cu,500,raw_only_requested_budget,0,7,0,7,False,-0.098165,True,3.2924646379999984,False,labelable_current_MP_hull,stable_to_unstable,True,False,False,False,False,0.668383,-0.668383,True,True,-0.6450400000000001,-1.0322,3,not_available_for_wbm_queue_chgnet_mace_missing,1,7.075164301635225,10.0,3.164235027733259,7.545591709829708,166,False,False,False,False,ALIGNN_FF_disagrees_with_current_MP_label,False,candidate_level_explanation_not_MLIP_consensus_validation
wbm-3-14956,Cl8 Pd2,Cl-Pd,2|Cl-Pd,300,PARC_release,1,10,1,9,True,-0.241106,True,3.139887957999996,False,labelable_current_MP_hull,stable_to_unstable,True,False,False,False,False,0.855256,-0.855256,True,True,-0.87704,-1.2727,3,not_available_for_wbm_queue_chgnet_mace_missing,1,23.93604341177539,10.0,5.157690443561848,19.83000681704263,7,True,True,True,True,ALIGNN_FF_disagrees_with_current_MP_label,False,candidate_level_explanation_not_MLIP_consensus_validation
wbm-3-14956,Cl8 Pd2,Cl-Pd,2|Cl-Pd,500,raw_only_requested_budget,0,10,0,10,False,-0.241106,True,3.139887957999996,False,labelable_current_MP_hull,stable_to_unstable,True,False,False,False,False,0.855256,-0.855256,True,True,-0.87704,-1.2727,3,not_available_for_wbm_queue_chgnet_mace_missing,1,23.93604341177539,10.0,3.094614266137109,39.685851537379705,27,True,True,True,True,ALIGNN_FF_disagrees_with_current_MP_label,False,candidate_level_explanation_not_MLIP_consensus_validation
wbm-3-14957,Cl8 Pt2,Cl-Pt,2|Cl-Pt,300,raw_only_requested_budget,0,6,0,6,False,-0.181322,True,24.123217435999987,False,labelable_current_MP_hull,stable_to_unstable,True,False,False,False,False,0.7236920000000001,-0.7236920000000001,True,True,-0.90424,-1.3592,3,not_available_for_wbm_queue_chgnet_mace_missing,1,8.313058777209244,10.0,5.273725046222098,19.83000681704263,88,True,False,True,True,ALIGNN_FF_disagrees_with_current_MP_label,False,candidate_level_explanation_not_MLIP_consensus_validation
wbm-3-14957,Cl8 Pt2,Cl-Pt,2|Cl-Pt,500,raw_only_requested_budget,0,6,0,6,False,-0.181322,True,24.123217435999987,False,labelable_current_MP_hull,stable_to_unstable,True,False,False,False,False,0.7236920000000001,-0.7236920000000001,True,True,-0.90424,-1.3592,3,not_available_for_wbm_queue_chgnet_mace_missing,1,8.313058777209244,10.0,3.164235027733259,39.685851537379705,133,True,False,True,True,ALIGNN_FF_disagrees_with_current_MP_label,False,candidate_level_explanation_not_MLIP_consensus_validation
wbm-3-14960,Cl8 Rh2,Cl-Rh,2|Cl-Rh,300,raw_only_requested_budget,0,7,0,7,False,-0.03392,True,-0.8984769999999997,True,labelable_current_MP_hull,stable_to_stable,False,False,False,True,False,0.6866429999999999,-0.6866429999999999,True,False,-0.99678,-1.4059,3,not_available_for_wbm_queue_chgnet_mace_missing,0,6.750108892962085,10.0,5.651511869009259,19.83000681704263,109,True,False,True,True,t1_stable_or_true_release,False,candidate_level_explanation_not_MLIP_consensus_validation
wbm-3-14960,Cl8 Rh2,Cl-Rh,2|Cl-Rh,500,raw_only_requested_budget,0,11,0,11,False,-0.03392,True,-0.8984769999999997,True,labelable_current_MP_hull,stable_to_stable,False,False,False,True,False,0.6866429999999999,-0.6866429999999999,True,False,-0.99678,-1.4059,3,not_available_for_wbm_queue_chgnet_mace_missing,0,7.257269443240346,10.0,3.390907121405556,39.685851537379705,141,True,False,True,True,t1_stable_or_true_release,False,candidate_level_explanation_not_MLIP_consensus_validation
wbm-3-14961,Cl8 Ru2,Cl-Ru,2|Cl-Ru,300,raw_only_requested_budget,0,9,0,9,False,-0.141115,True,9.10927327,False,labelable_current_MP_hull,stable_to_unstable,True,False,False,False,False,0.6827690000000001,-0.6827690000000001,True,True,-1.02312,-1.4091,3,not_available_for_wbm_queue_chgnet_mace_missing,1,7.262157980969153,10.0,5.651511869009259,19.83000681704263,114,True,False,True,True,ALIGNN_FF_disagrees_with_current_MP_label,False,candidate_level_explanation_not_MLIP_consensus_validation
wbm-3-14961,Cl8 Ru2,Cl-Ru,2|Cl-Ru,500,raw_only_requested_budget,0,12,0,12,False,-0.141115,True,9.10927327,False,labelable_current_MP_hull,stable_to_unstable,True,False,False,False,False,0.6827690000000001,-0.6827690000000001,True,True,-1.02312,-1.4091,3,not_available_for_wbm_queue_chgnet_mace_missing,1,7.262157980969153,10.0,3.390907121405556,39.685851537379705,162,True,False,True,True,ALIGNN_FF_disagrees_with_current_MP_label,False,candidate_level_explanation_not_MLIP_consensus_validation
wbm-3-14971,Cl10 Ti2,Cl-Ti,2|Cl-Ti,300,raw_only_requested_budget,0,9,0,9,False,0.058864,False,-1.6754799999999932,True,labelable_current_MP_hull,unstable_to_stable,False,False,False,False,False,0.704456,-0.704456,True,False,-1.89269,-2.3881,3,not_available_for_wbm_queue_chgnet_mace_missing,0,8.314929611426463,10.0,5.273725046222098,19.83000681704263,113,False,False,False,False,t1_stable_or_true_release,False,candidate_level_explanation_not_MLIP_consensus_validation
wbm-3-14971,Cl10 Ti2,Cl-Ti,2|Cl-Ti,500,raw_only_requested_budget,0,11,0,11,False,0.058864,False,-1.6754799999999932,True,labelable_current_MP_hull,unstable_to_stable,False,False,False,False,False,0.704456,-0.704456,True,False,-1.89269,-2.3881,3,not_available_for_wbm_queue_chgnet_mace_missing,0,8.314929611426463,10.0,3.164235027733259,39.685851537379705,126,False,False,False,False,t1_stable_or_true_release,False,candidate_level_explanation_not_MLIP_consensus_validation
wbm-3-14979,Cd1 Cl6 Cs2,Cd-Cl-Cs,3|Cd-Cl,500,raw_only_requested_budget,0,1,0,1,False,0.023062,False,1.4291329588888892,False,labelable_current_MP_hull,unstable_to_unstable,True,True,False,True,False,0.5632510000000002,-0.5632510000000002,True,True,-1.75238,-2.0455,3,not_available_for_wbm_queue_chgnet_mace_missing,1,3.328630264189117,10.0,1.3174868122990375,39.685851537379705,438,False,False,False,False,near_hull_25meV_boundary,False,candidate_level_explanation_not_MLIP_consensus_validation
wbm-3-14982,Cl6 Co1 Cs2,Cl-Co-Cs,3|Cl-Co,500,raw_only_requested_budget,0,11,0,11,False,-0.176423,True,-1.5777870000000007,True,labelable_current_MP_hull,stable_to_stable,False,False,False,False,False,0.638836,-0.638836,True,False,-1.64364,-2.0571,3,not_available_for_wbm_queue_chgnet_mace_missing,0,5.932026426840391,10.0,3.390907121405556,7.545591709829708,217,False,False,False,False,t1_stable_or_true_release,False,candidate_level_explanation_not_MLIP_consensus_validation
wbm-3-14997,Cl6 Cs2 Dy1,Cl-Cs-Dy,3|Cl-Cs,300,raw_only_requested_budget,0,1,0,1,False,0.040838,False,5.751790752222224,False,labelable_current_MP_hull,unstable_to_unstable,True,False,False,True,False,0.6444390000000002,-0.6444390000000002,True,True,-2.4313,-2.9033,3,not_available_for_wbm_queue_chgnet_mace_missing,1,4.95781718505185,10.0,2.195811353831729,19.83000681704263,236,False,False,False,False,near_hull_50meV_boundary,False,candidate_level_explanation_not_MLIP_consensus_validation
wbm-3-14997,Cl6 Cs2 Dy1,Cl-Cs-Dy,3|Cl-Cs,500,raw_only_requested_budget,0,10,0,10,False,0.040838,False,5.751790752222224,False,labelable_current_MP_hull,unstable_to_unstable,True,False,False,True,False,0.6444390000000002,-0.6444390000000002,True,True,-2.4313,-2.9033,3,not_available_for_wbm_queue_chgnet_mace_missing,1,6.053004685082268,10.0,3.164235027733259,39.685851537379705,239,False,False,False,False,near_hull_50meV_boundary,False,candidate_level_explanation_not_MLIP_consensus_validation
wbm-3-14998,Cl6 Cs2 Er1,Cl-Cs-Er,3|Cl-Cs,300,raw_only_requested_budget,0,2,0,2,False,0.036439,False,-0.2807441827777737,True,labelable_current_MP_hull,unstable_to_stable,False,False,False,True,False,0.6448479999999996,-0.6448479999999996,True,False,-2.43628,-2.9198,3,not_available_for_wbm_queue_chgnet_mace_missing,0,5.818706533804655,10.0,2.195811353831729,19.83000681704263,233,False,False,False,False,t1_stable_or_true_release,False,candidate_level_explanation_not_MLIP_consensus_validation
wbm-3-14998,Cl6 Cs2 Er1,Cl-Cs-Er,3|Cl-Cs,500,raw_only_requested_budget,0,10,0,10,False,0.036439,False,-0.2807441827777737,True,labelable_current_MP_hull,unstable_to_stable,False,False,False,True,False,0.6448479999999996,-0.6448479999999996,True,False,-2.43628,-2.9198,3,not_available_for_wbm_queue_chgnet_mace_missing,0,6.053004685082268,10.0,3.164235027733259,39.685851537379705,236,False,False,False,False,t1_stable_or_true_release,False,candidate_level_explanation_not_MLIP_consensus_validation
wbm-3-15001,Cl6 Cs2 Ho1,Cl-Cs-Ho,3|Cl-Cs,300,raw_only_requested_budget,0,2,0,2,False,0.038619,False,10.562171663259267,False,labelable_current_MP_hull,unstable_to_unstable,True,False,False,True,False,0.6453599999999997,-0.6453599999999997,True,True,-2.43628,-2.9108,3,not_available_for_wbm_queue_chgnet_mace_missing,1,5.818706533804655,10.0,2.195811353831729,19.83000681704263,231,False,False,False,False,near_hull_50meV_boundary,False,candidate_level_explanation_not_MLIP_consensus_validation
wbm-3-15001,Cl6 Cs2 Ho1,Cl-Cs-Ho,3|Cl-Cs,500,raw_only_requested_budget,0,10,0,10,False,0.038619,False,10.562171663259267,False,labelable_current_MP_hull,unstable_to_unstable,True,False,False,True,False,0.6453599999999997,-0.6453599999999997,True,True,-2.43628,-2.9108,3,not_available_for_wbm_queue_chgnet_mace_missing,1,6.053004685082268,10.0,3.164235027733259,39.685851537379705,234,False,False,False,False,near_hull_50meV_boundary,False,candidate_level_explanation_not_MLIP_consensus_validation
wbm-3-15002,Cl6 Cs2 La1,Cl-Cs-La,3|Cl-Cs,300,raw_only_requested_budget,0,1,0,1,False,0.084314,False,-1.855332368888888,True,labelable_current_MP_hull,unstable_to_stable,False,False,False,False,False,0.6355949999999999,-0.6355949999999999,True,False,-1.72324,-2.8448,3,not_available_for_wbm_queue_chgnet_mace_missing,0,4.801978237054699,10.0,2.195811353831729,19.83000681704263,253,False,False,False,False,t1_stable_or_true_release,False,candidate_level_explanation_not_MLIP_consensus_validation
wbm-3-15002,Cl6 Cs2 La1,Cl-Cs-La,3|Cl-Cs,500,raw_only_requested_budget,0,10,0,10,False,0.084314,False,-1.855332368888888,True,labelable_current_MP_hull,unstable_to_stable,False,False,False,False,False,0.6355949999999999,-0.6355949999999999,True,False,-1.72324,-2.8448,3,not_available_for_wbm_queue_chgnet_mace_missing,0,5.816104394315984,10.0,3.164235027733259,39.685851537379705,256,False,False,False,False,t1_stable_or_true_release,False,candidate_level_explanation_not_MLIP_consensus_validation
wbm-3-15007,Cl6 Cs2 Pr1,Cl-Cs-Pr,3|Cl-Cs,500,raw_only_requested_budget,0,7,0,7,False,0.075823,False,9.892054997777784,False,labelable_current_MP_hull,unstable_to_unstable,True,False,False,False,False,0.6006279999999995,-0.6006279999999995,True,True,-1.7347,-2.7741,3,not_available_for_wbm_queue_chgnet_mace_missing,1,4.727915587350588,10.0,2.9958499810476265,39.685851537379705,334,False,False,False,False,ALIGNN_FF_disagrees_with_current_MP_label,False,candidate_level_explanation_not_MLIP_consensus_validation
wbm-3-15008,Cl6 Cs2 Sm1,Cl-Cs-Sm,3|Cl-Cs,300,raw_only_requested_budget,0,2,0,2,False,0.028333,False,-0.2229615472222192,True,labelable_current_MP_hull,unstable_to_stable,False,False,False,True,False,0.6479680000000001,-0.6479680000000001,True,False,-2.4396600000000004,-2.8681,3,not_available_for_wbm_queue_chgnet_mace_missing,0,5.934681507496319,10.0,2.195811353831729,19.83000681704263,227,False,False,False,False,t1_stable_or_true_release,False,candidate_level_explanation_not_MLIP_consensus_validation
wbm-3-15008,Cl6 Cs2 Sm1,Cl-Cs-Sm,3|Cl-Cs,500,raw_only_requested_budget,0,10,0,10,False,0.028333,False,-0.2229615472222192,True,labelable_current_MP_hull,unstable_to_stable,False,False,False,True,False,0.6479680000000001,-0.6479680000000001,True,False,-2.4396600000000004,-2.8681,3,not_available_for_wbm_queue_chgnet_mace_missing,0,6.449904186024537,10.0,3.164235027733259,39.685851537379705,230,False,False,False,False,t1_stable_or_true_release,False,candidate_level_explanation_not_MLIP_consensus_validation
wbm-3-15027,Cl6 Cs2 Ga1,Cl-Cs-Ga,3|Cl-Cs,500,raw_only_requested_budget,0,3,0,3,False,0.055404,False,-1.7395120000000013,True,labelable_current_MP_hull,unstable_to_stable,False,False,False,False,False,0.5727840000000002,-0.5727840000000002,True,False,-1.92391,-2.31,3,not_available_for_wbm_queue_chgnet_mace_missing,0,3.89856845817538,10.0,2.009647497495417,39.685851537379705,417,False,False,False,False,t1_stable_or_true_release,False,candidate_level_explanation_not_MLIP_consensus_validation
wbm-3-15037,Cl6 In1 K2,Cl-In-K,3|Cl-In,500,raw_only_requested_budget,0,3,0,3,False,0.032091,False,18.424740823888897,False,labelable_current_MP_hull,unstable_to_unstable,True,False,False,True,False,0.5924070000000001,-0.5924070000000001,True,True,-1.79229,-2.2227,3,not_available_for_wbm_queue_chgnet_mace_missing,1,4.274429488064742,10.0,2.271035436710127,29.432650133714645,358,False,False,False,False,near_hull_50meV_boundary,False,candidate_level_explanation_not_MLIP_consensus_validation
wbm-3-15047,Cl6 K2 Pr1,Cl-K-Pr,3|Cl-K,500,raw_only_requested_budget,0,5,0,5,False,0.07598,False,-2.191032999999994,True,labelable_current_MP_hull,unstable_to_stable,False,False,False,False,False,0.5812870000000001,-0.5812870000000001,True,False,-2.3408300000000004,-2.6721,3,not_available_for_wbm_queue_chgnet_mace_missing,0,4.049213506737862,10.0,3.390907121405556,33.106904168958664,347,False,False,False,False,t1_stable_or_true_release,False,candidate_level_explanation_not_MLIP_consensus_validation
wbm-3-15116,Cl6 In1 Rb2,Cl-In-Rb,3|Cl-In,300,raw_only_requested_budget,0,1,0,1,False,-0.026726,True,18.396993823888884,False,labelable_current_MP_hull,stable_to_unstable,True,False,False,True,False,0.6535770000000003,-0.6535770000000003,True,True,-1.8140100000000003,-2.2624,3,not_available_for_wbm_queue_chgnet_mace_missing,1,4.65314463483368,10.0,2.0296693516491477,16.36323504953147,234,True,True,False,True,near_hull_50meV_boundary,False,candidate_level_explanation_not_MLIP_consensus_validation
wbm-3-15116,Cl6 In1 Rb2,Cl-In-Rb,3|Cl-In,500,raw_only_requested_budget,0,6,0,6,False,-0.026726,True,18.396993823888884,False,labelable_current_MP_hull,stable_to_unstable,True,False,False,True,False,0.6535770000000003,-0.6535770000000003,True,True,-1.8140100000000003,-2.2624,3,not_available_for_wbm_queue_chgnet_mace_missing,1,6.449904186024537,10.0,3.164235027733259,29.432650133714645,238,True,True,False,True,near_hull_50meV_boundary,False,candidate_level_explanation_not_MLIP_consensus_validation
wbm-3-15169,Cl6 Cs2 Sr1,Cl-Cs-Sr,3|Cl-Cs,500,raw_only_requested_budget,0,1,0,1,False,0.001425,False,-0.9131774255555564,True,labelable_current_MP_hull,unstable_to_stable,False,True,False,True,False,0.5622219999999998,-0.5622219999999998,True,False,-1.85982,-2.3917,3,not_available_for_wbm_queue_chgnet_mace_missing,0,3.328630264189117,10.0,1.3174868122990375,39.685851537379705,440,False,False,False,False,t1_stable_or_true_release,False,candidate_level_explanation_not_MLIP_consensus_validation
wbm-3-15185,Cl6 Cs2 Zn1,Cl-Cs-Zn,3|Cl-Cs,300,raw_only_requested_budget,0,10,0,10,False,0.097405,False,-1.4929320000000068,True,labelable_current_MP_hull,unstable_to_stable,False,False,False,False,False,0.7345630000000001,-0.7345630000000001,True,False,-1.4937,-2.0946,3,not_available_for_wbm_queue_chgnet_mace_missing,0,9.745567673508914,10.0,5.273725046222098,19.83000681704263,43,False,False,False,False,t1_stable_or_true_release,False,candidate_level_explanation_not_MLIP_consensus_validation
wbm-3-15185,Cl6 Cs2 Zn1,Cl-Cs-Zn,3|Cl-Cs,500,raw_only_requested_budget,0,10,0,10,False,0.097405,False,-1.4929320000000068,True,labelable_current_MP_hull,unstable_to_stable,False,False,False,False,False,0.7345630000000001,-0.7345630000000001,True,False,-1.4937,-2.0946,3,not_available_for_wbm_queue_chgnet_mace_missing,0,9.745567673508914,10.0,3.164235027733259,39.685851537379705,115,False,False,False,False,t1_stable_or_true_release,False,candidate_level_explanation_not_MLIP_consensus_validation
wbm-3-15186,Cl6 Cs2 Zn1,Cl-Cs-Zn,3|Cl-Cs,500,raw_only_requested_budget,0,10,0,10,False,-0.013702,True,-1.6040380000000063,True,labelable_current_MP_hull,stable_to_stable,False,True,False,True,False,0.625364,-0.625364,True,False,-1.57848,-2.0371,3,not_available_for_wbm_queue_chgnet_mace_missing,0,5.399430617044307,10.0,3.164235027733259,39.685851537379705,276,False,False,False,False,t1_stable_or_true_release,False,candidate_level_explanation_not_MLIP_consensus_validation
wbm-3-15197,Cl8 Co2 Pd1,Cl-Co-Pd,3|Cl-Co,500,raw_only_requested_budget,0,11,0,11,False,-0.150404,True,0.8508691627272782,False,labelable_current_MP_hull,stable_to_unstable,True,False,False,False,False,0.6235649999999999,-0.6235649999999999,True,True,-0.93298,-1.4148,3,not_available_for_wbm_queue_chgnet_mace_missing,1,5.3970196914062205,10.0,3.390907121405556,7.545591709829708,246,False,False,False,False,ALIGNN_FF_disagrees_with_current_MP_label,False,candidate_level_explanation_not_MLIP_consensus_validation
wbm-3-15228,Br4 Cl4 Er4,Br-Cl-Er,3|Br-Cl,300,PARC_release,14,14,14,0,True,-0.771256,True,-1.9575260000000012,True,labelable_current_MP_hull,stable_to_stable,False,False,False,False,False,1.2780300000000002,-1.2780300000000002,True,False,-2.1529800000000003,-2.11,3,not_available_for_wbm_queue_chgnet_mace_missing,0,164.84325750151808,10.0,5.651511869009259,19.83000681704263,17,False,False,False,False,t1_stable_or_true_release,False,candidate_level_explanation_not_MLIP_consensus_validation
wbm-3-15228,Br4 Cl4 Er4,Br-Cl-Er,3|Br-Cl,500,PARC_release,14,14,14,0,True,-0.771256,True,-1.9575260000000012,True,labelable_current_MP_hull,stable_to_stable,False,False,False,False,False,1.2780300000000002,-1.2780300000000002,True,False,-2.1529800000000003,-2.11,3,not_available_for_wbm_queue_chgnet_mace_missing,0,164.84325750151808,10.0,3.390907121405556,39.685851537379705,13,False,False,False,False,t1_stable_or_true_release,False,candidate_level_explanation_not_MLIP_consensus_validation
wbm-3-16740,Br6 Co2,Br-Co,2|Br-Co,300,raw_only_requested_budget,0,1,0,1,False,-0.251291,True,-0.8003750000000025,True,labelable_current_MP_hull,stable_to_stable,False,False,False,False,False,0.6386160000000001,-0.6386160000000001,True,False,-0.65171,-0.7287,3,not_available_for_wbm_queue_chgnet_mace_missing,0,4.26778796297149,10.0,2.0296693516491477,16.36323504953147,258,True,True,True,True,t1_stable_or_true_release,False,candidate_level_explanation_not_MLIP_consensus_validation
wbm-3-16740,Br6 Co2,Br-Co,2|Br-Co,500,raw_only_requested_budget,0,6,0,6,False,-0.251291,True,-0.8003750000000025,True,labelable_current_MP_hull,stable_to_stable,False,False,False,False,False,0.6386160000000001,-0.6386160000000001,True,False,-0.65171,-0.7287,3,not_available_for_wbm_queue_chgnet_mace_missing,0,5.6056954636736425,10.0,2.9958499810476265,29.432650133714645,262,True,True,True,True,t1_stable_or_true_release,False,candidate_level_explanation_not_MLIP_consensus_validation
wbm-3-16741,Br6 Co2,Br-Co,2|Br-Co,500,raw_only_requested_budget,0,6,0,6,False,-0.267728,True,-0.8168119999999988,True,labelable_current_MP_hull,stable_to_stable,False,False,False,False,False,0.6365160000000001,-0.6365160000000001,True,False,-0.3313400000000001,-0.5896,3,not_available_for_wbm_queue_chgnet_mace_missing,0,5.6056954636736425,10.0,2.9958499810476265,29.432650133714645,265,False,False,False,False,t1_stable_or_true_release,False,candidate_level_explanation_not_MLIP_consensus_validation
wbm-3-16744,Br8 Co2,Br-Co,2|Br-Co,300,raw_only_requested_budget,0,6,0,6,False,-0.237985,True,-0.677258000000009,True,labelable_current_MP_hull,stable_to_stable,False,False,False,False,False,0.7770269999999999,-0.7770269999999999,True,False,-0.61661,-0.6686,3,not_available_for_wbm_queue_chgnet_mace_missing,0,13.692634302249276,10.0,4.993083301746044,16.36323504953147,49,False,False,False,False,t1_stable_or_true_release,False,candidate_level_explanation_not_MLIP_consensus_validation
wbm-3-16744,Br8 Co2,Br-Co,2|Br-Co,500,raw_only_requested_budget,0,6,0,6,False,-0.237985,True,-0.677258000000009,True,labelable_current_MP_hull,stable_to_stable,False,False,False,False,False,0.7770269999999999,-0.7770269999999999,True,False,-0.61661,-0.6686,3,not_available_for_wbm_queue_chgnet_mace_missing,0,13.692634302249276,10.0,2.9958499810476265,29.432650133714645,80,False,False,False,False,t1_stable_or_true_release,False,candidate_level_explanation_not_MLIP_consensus_validation
wbm-3-16745,Br10 Co2,Br-Co,2|Br-Co,300,raw_only_requested_budget,0,5,0,5,False,-0.287516,True,-0.6535819999999859,True,labelable_current_MP_hull,stable_to_stable,False,False,False,False,False,0.6958340000000001,-0.6958340000000001,True,False,-0.5121100000000001,-0.466,3,not_available_for_wbm_queue_chgnet_mace_missing,0,8.314929611426463,10.0,4.993083301746044,16.36323504953147,133,False,False,False,False,t1_stable_or_true_release,False,candidate_level_explanation_not_MLIP_consensus_validation
wbm-3-16745,Br10 Co2,Br-Co,2|Br-Co,500,raw_only_requested_budget,0,6,0,6,False,-0.287516,True,-0.6535819999999859,True,labelable_current_MP_hull,stable_to_stable,False,False,False,False,False,0.6958340000000001,-0.6958340000000001,True,False,-0.5121100000000001,-0.466,3,not_available_for_wbm_queue_chgnet_mace_missing,0,8.314929611426463,10.0,2.9958499810476265,29.432650133714645,163,False,False,False,False,t1_stable_or_true_release,False,candidate_level_explanation_not_MLIP_consensus_validation
wbm-3-17923,Co1 Pm1 Te2,Co-Pm-Te,3|Co-Pm,300,raw_only_requested_budget,0,3,0,3,False,-0.360163,True,-0.7261900000000026,True,labelable_current_MP_hull,stable_to_stable,False,False,False,False,False,0.6813730000000001,-0.6813730000000001,True,False,-0.77102,-0.814,3,not_available_for_wbm_queue_chgnet_mace_missing,0,6.454241865974273,10.0,3.676226167219616,12.674371754430824,168,False,False,False,False,t1_stable_or_true_release,False,candidate_level_explanation_not_MLIP_consensus_validation
wbm-3-17923,Co1 Pm1 Te2,Co-Pm-Te,3|Co-Pm,500,raw_only_requested_budget,0,7,0,7,False,-0.360163,True,-0.7261900000000026,True,labelable_current_MP_hull,stable_to_stable,False,False,False,False,False,0.6813730000000001,-0.6813730000000001,True,False,-0.77102,-0.814,3,not_available_for_wbm_queue_chgnet_mace_missing,0,6.914711405234644,10.0,3.164235027733259,33.106904168958664,183,False,False,False,False,t1_stable_or_true_release,False,candidate_level_explanation_not_MLIP_consensus_validation
wbm-3-18489,Br8 Cr2,Br-Cr,2|Br-Cr,500,raw_only_requested_budget,0,1,0,1,False,-0.027496,True,-1.0518020000000092,True,labelable_current_MP_hull,stable_to_stable,False,False,False,True,False,0.554694,-0.554694,True,False,-1.11115,-1.1006,3,not_available_for_wbm_queue_chgnet_mace_missing,0,2.9621815726991896,10.0,1.2178016109894885,29.432650133714645,458,False,False,False,False,t1_stable_or_true_release,False,candidate_level_explanation_not_MLIP_consensus_validation
wbm-3-19027,Cr1 Pm1 Te2,Cr-Pm-Te,3|Cr-Pm,300,raw_only_requested_budget,0,16,0,16,False,-0.374309,True,-0.731931000000003,True,labelable_current_MP_hull,stable_to_stable,False,False,False,False,False,0.7241780000000001,-0.7241780000000001,True,False,-0.7791199999999999,-0.6341,3,not_available_for_wbm_queue_chgnet_mace_missing,0,9.121010416574991,10.0,5.651511869009259,19.83000681704263,74,False,False,False,False,t1_stable_or_true_release,False,candidate_level_explanation_not_MLIP_consensus_validation
wbm-3-19027,Cr1 Pm1 Te2,Cr-Pm-Te,3|Cr-Pm,500,raw_only_requested_budget,0,16,0,16,False,-0.374309,True,-0.731931000000003,True,labelable_current_MP_hull,stable_to_stable,False,False,False,False,False,0.7241780000000001,-0.7241780000000001,True,False,-0.7791199999999999,-0.6341,3,not_available_for_wbm_queue_chgnet_mace_missing,0,9.121010416574991,10.0,3.390907121405556,39.685851537379705,109,False,False,False,False,t1_stable_or_true_release,False,candidate_level_explanation_not_MLIP_consensus_validation
wbm-3-21301,Cu2 Pa2 Se6 Tl2,Cu-Pa-Se-Tl,4|Cu-Pa,500,raw_only_requested_budget,0,1,0,1,False,-0.325726,True,25.289952598333343,False,labelable_current_MP_hull,stable_to_unstable,True,False,False,False,False,0.5595270000000001,-0.5595270000000001,True,True,-1.16479,-1.1712,3,not_available_for_wbm_queue_chgnet_mace_missing,1,2.989261463022507,10.0,1.2178016109894885,29.432650133714645,436,False,False,False,False,ALIGNN_FF_disagrees_with_current_MP_label,False,candidate_level_explanation_not_MLIP_consensus_validation
wbm-3-21975,Ca1 F3,Ca-F,2|Ca-F,300,PARC_release,5,5,5,0,True,0.087898,False,8.9905606025,False,labelable_current_MP_hull,unstable_to_unstable,True,False,False,False,False,1.0530049999999995,-1.0530049999999995,True,True,-3.27812,-3.3925,3,not_available_for_wbm_queue_chgnet_mace_missing,1,164.72520471273907,10.0,4.831939338240346,12.674371754430824,39,False,False,False,True,ALIGNN_FF_disagrees_with_current_MP_label,False,candidate_level_explanation_not_MLIP_consensus_validation
wbm-3-21975,Ca1 F3,Ca-F,2|Ca-F,500,PARC_release,4,5,4,1,True,0.087898,False,8.9905606025,False,labelable_current_MP_hull,unstable_to_unstable,True,False,False,False,False,1.0530049999999995,-1.0530049999999995,True,True,-3.27812,-3.3925,3,not_available_for_wbm_queue_chgnet_mace_missing,1,164.72520471273907,10.0,2.899163602944208,33.106904168958664,1,False,False,False,True,ALIGNN_FF_disagrees_with_current_MP_label,False,candidate_level_explanation_not_MLIP_consensus_validation
wbm-3-22004,F6 Mg2,F-Mg,2|F-Mg,300,raw_only_requested_budget,0,2,0,2,False,0.072991,False,8.0557758,False,labelable_current_MP_hull,unstable_to_unstable,True,False,False,False,False,0.6412599999999999,-0.6412599999999999,True,True,-2.8182,-3.2195,3,not_available_for_wbm_queue_chgnet_mace_missing,1,5.708748797738672,10.0,2.965053684829303,19.83000681704263,237,False,False,False,False,ALIGNN_FF_disagrees_with_current_MP_label,False,candidate_level_explanation_not_MLIP_consensus_validation
wbm-3-22004,F6 Mg2,F-Mg,2|F-Mg,500,raw_only_requested_budget,0,10,0,10,False,0.072991,False,8.0557758,False,labelable_current_MP_hull,unstable_to_unstable,True,False,False,False,False,0.6412599999999999,-0.6412599999999999,True,True,-2.8182,-3.2195,3,not_available_for_wbm_queue_chgnet_mace_missing,1,5.708748797738672,10.0,2.930007124321305,39.685851537379705,215,False,False,False,False,ALIGNN_FF_disagrees_with_current_MP_label,False,candidate_level_explanation_not_MLIP_consensus_validation
wbm-3-22021,F3 Sr1,F-Sr,2|F-Sr,300,PARC_release,11,11,11,0,True,0.081545,False,10.991948782499998,False,labelable_current_MP_hull,unstable_to_unstable,True,False,False,False,False,1.0517990000000004,-1.0517990000000004,True,True,-3.37119,-3.3851,3,not_available_for_wbm_queue_chgnet_mace_missing,1,164.64649723852398,10.0,5.651511869009259,12.171561895162212,56,False,False,False,False,ALIGNN_FF_disagrees_with_current_MP_label,False,candidate_level_explanation_not_MLIP_consensus_validation
wbm-3-22021,F3 Sr1,F-Sr,2|F-Sr,500,PARC_release,11,11,11,0,True,0.081545,False,10.991948782499998,False,labelable_current_MP_hull,unstable_to_unstable,True,False,False,False,False,1.0517990000000004,-1.0517990000000004,True,True,-3.37119,-3.3851,3,not_available_for_wbm_queue_chgnet_mace_missing,1,164.64649723852398,10.0,3.390907121405556,11.493608026395536,55,False,False,False,False,ALIGNN_FF_disagrees_with_current_MP_label,False,candidate_level_explanation_not_MLIP_consensus_validation
wbm-3-22022,F6 Sr2,F-Sr,2|F-Sr,300,PARC_release,11,11,11,0,True,0.168524,False,11.0789277825,False,labelable_current_MP_hull,unstable_to_unstable,True,False,False,False,False,1.030599,-1.030599,True,True,-3.2996600000000003,-3.2391,3,not_available_for_wbm_queue_chgnet_mace_missing,1,164.64649723852398,10.0,5.651511869009259,12.171561895162212,57,False,False,False,False,ALIGNN_FF_disagrees_with_current_MP_label,False,candidate_level_explanation_not_MLIP_consensus_validation
wbm-3-22022,F6 Sr2,F-Sr,2|F-Sr,500,PARC_release,8,11,8,3,True,0.168524,False,11.0789277825,False,labelable_current_MP_hull,unstable_to_unstable,True,False,False,False,False,1.030599,-1.030599,True,True,-3.2996600000000003,-3.2391,3,not_available_for_wbm_queue_chgnet_mace_missing,1,164.64649723852398,10.0,3.390907121405556,11.493608026395536,1,False,False,False,False,ALIGNN_FF_disagrees_with_current_MP_label,False,candidate_level_explanation_not_MLIP_consensus_validation
wbm-3-22047,Cs2 F4 Gd1,Cs-F-Gd,3|Cs-F,500,raw_only_requested_budget,0,7,0,7,False,-0.098343,True,-3.2894489999999976,True,labelable_current_MP_hull,stable_to_stable,False,False,False,False,False,0.5804939999999998,-0.5804939999999998,True,False,-3.32716,-3.6113,3,not_available_for_wbm_queue_chgnet_mace_missing,0,4.050112112583752,10.0,3.390907121405556,39.685851537379705,351,False,False,False,False,t1_stable_or_true_release,False,candidate_level_explanation_not_MLIP_consensus_validation
wbm-3-22056,Cs2 F4 Tm1,Cs-F-Tm,3|Cs-F,300,raw_only_requested_budget,0,1,0,1,False,-0.203874,True,-3.398767999999997,True,labelable_current_MP_hull,stable_to_stable,False,False,False,False,False,0.6325059999999998,-0.6325059999999998,True,False,-3.4,-3.694,3,not_available_for_wbm_queue_chgnet_mace_missing,0,4.727915587350588,10.0,2.195811353831729,19.83000681704263,257,True,True,False,True,t1_stable_or_true_release,False,candidate_level_explanation_not_MLIP_consensus_validation
wbm-3-22056,Cs2 F4 Tm1,Cs-F-Tm,3|Cs-F,500,raw_only_requested_budget,0,11,0,11,False,-0.203874,True,-3.398767999999997,True,labelable_current_MP_hull,stable_to_stable,False,False,False,False,False,0.6325059999999998,-0.6325059999999998,True,False,-3.4,-3.694,3,not_available_for_wbm_queue_chgnet_mace_missing,0,5.499319737403038,10.0,3.390907121405556,39.685851537379705,225,True,True,False,True,t1_stable_or_true_release,False,candidate_level_explanation_not_MLIP_consensus_validation
wbm-3-22090,Ca2 F8 K2,Ca-F-K,3|Ca-F,500,raw_only_requested_budget,0,1,0,1,False,0.042228,False,5.770465202777778,False,labelable_current_MP_hull,unstable_to_unstable,True,False,False,True,False,0.5781569999999996,-0.5781569999999996,True,True,-3.1630600000000006,-3.4308,3,not_available_for_wbm_queue_chgnet_mace_missing,1,3.669147634163017,10.0,1.875624074609153,7.545591709829708,416,False,False,False,False,near_hull_50meV_boundary,False,candidate_level_explanation_not_MLIP_consensus_validation
wbm-3-22091,Ca2 F8 K2,Ca-F-K,3|Ca-F,300,raw_only_requested_budget,0,8,0,8,False,0.039962,False,5.768199202777783,False,labelable_current_MP_hull,unstable_to_unstable,True,False,False,True,False,0.7246569999999997,-0.7246569999999997,True,True,-3.2002,-3.4209,3,not_available_for_wbm_queue_chgnet_mace_missing,1,9.121010416574991,10.0,5.273725046222098,10.926127664038065,94,False,False,False,True,near_hull_50meV_boundary,False,candidate_level_explanation_not_MLIP_consensus_validation
wbm-3-22091,Ca2 F8 K2,Ca-F-K,3|Ca-F,500,raw_only_requested_budget,0,8,0,8,False,0.039962,False,5.768199202777783,False,labelable_current_MP_hull,unstable_to_unstable,True,False,False,True,False,0.7246569999999997,-0.7246569999999997,True,True,-3.2002,-3.4209,3,not_available_for_wbm_queue_chgnet_mace_missing,1,9.121010416574991,10.0,3.164235027733259,13.924506444478084,107,False,False,False,True,near_hull_50meV_boundary,False,candidate_level_explanation_not_MLIP_consensus_validation
wbm-3-22113,Ba2 F8 Na2,Ba-F-Na,3|Ba-F,300,raw_only_requested_budget,0,12,0,12,False,0.015752,False,6.2960386649999975,False,labelable_current_MP_hull,unstable_to_unstable,True,True,False,True,False,0.746337,-0.746337,True,True,-3.20671,-3.4223,3,not_available_for_wbm_queue_chgnet_mace_missing,1,10.910795361857884,10.0,5.157690443561848,19.83000681704263,29,True,False,True,True,near_hull_25meV_boundary,False,candidate_level_explanation_not_MLIP_consensus_validation
wbm-3-22113,Ba2 F8 Na2,Ba-F-Na,3|Ba-F,500,raw_only_requested_budget,0,12,0,12,False,0.015752,False,6.2960386649999975,False,labelable_current_MP_hull,unstable_to_unstable,True,True,False,True,False,0.746337,-0.746337,True,True,-3.20671,-3.4223,3,not_available_for_wbm_queue_chgnet_mace_missing,1,10.910795361857884,10.0,3.094614266137109,39.685851537379705,82,True,False,True,True,near_hull_25meV_boundary,False,candidate_level_explanation_not_MLIP_consensus_validation
wbm-3-22227,Al1 Cd1 F6,Al-Cd-F,3|Al-Cd,500,raw_only_requested_budget,0,5,0,5,False,0.035152,False,30.079264841249994,False,labelable_current_MP_hull,unstable_to_unstable,True,False,False,True,False,0.6017670000000002,-0.6017670000000002,True,True,-2.62099,-3.2824,3,not_available_for_wbm_queue_chgnet_mace_missing,1,4.727915587350588,10.0,2.899163602944208,33.106904168958664,312,False,False,False,False,near_hull_50meV_boundary,False,candidate_level_explanation_not_MLIP_consensus_validation
wbm-3-22255,Al1 F6 Ni1,Al-F-Ni,3|Al-F,500,raw_only_requested_budget,0,8,0,8,False,0.029828,False,27.215923829999987,False,labelable_current_MP_hull,unstable_to_unstable,True,False,False,True,False,0.6177229999999998,-0.6177229999999998,True,True,-2.9155300000000004,-3.2337,3,not_available_for_wbm_queue_chgnet_mace_missing,1,4.962236359212536,10.0,3.390907121405556,13.924506444478084,261,False,False,False,False,near_hull_50meV_boundary,False,candidate_level_explanation_not_MLIP_consensus_validation
wbm-3-22267,Al1 F6 Sr1,Al-F-Sr,3|Al-F,500,raw_only_requested_budget,0,8,0,8,False,0.032169,False,120.39442132375,False,labelable_current_MP_hull,unstable_to_unstable,True,False,False,True,False,0.6142599999999998,-0.6142599999999998,True,True,-3.3964,-3.9776,3,not_available_for_wbm_queue_chgnet_mace_missing,1,4.882914356060183,10.0,3.390907121405556,13.924506444478084,270,False,False,False,False,near_hull_50meV_boundary,False,candidate_level_explanation_not_MLIP_consensus_validation
wbm-3-22268,Al1 F6 Sr1,Al-F-Sr,3|Al-F,500,raw_only_requested_budget,0,8,0,8,False,0.033523,False,120.39577532375,False,labelable_current_MP_hull,unstable_to_unstable,True,False,False,True,False,0.6533600000000002,-0.6533600000000002,True,True,-3.53847,-3.8653,3,not_available_for_wbm_queue_chgnet_mace_missing,1,6.187688875918232,10.0,3.390907121405556,13.924506444478084,187,False,False,False,False,near_hull_50meV_boundary,False,candidate_level_explanation_not_MLIP_consensus_validation
wbm-3-22291,Ba1 Eu1 F6,Ba-Eu-F,3|Ba-Eu,300,raw_only_requested_budget,0,10,0,10,False,0.001566,False,9.807970615000002,False,labelable_current_MP_hull,unstable_to_unstable,True,True,False,True,False,0.7076479999999998,-0.7076479999999998,True,True,-3.47629,-4.1084,3,not_available_for_wbm_queue_chgnet_mace_missing,1,8.314929611426463,10.0,5.651511869009259,19.83000681704263,80,True,False,True,True,near_hull_25meV_boundary,False,candidate_level_explanation_not_MLIP_consensus_validation
wbm-3-22291,Ba1 Eu1 F6,Ba-Eu-F,3|Ba-Eu,500,raw_only_requested_budget,0,11,0,11,False,0.001566,False,9.807970615000002,False,labelable_current_MP_hull,unstable_to_unstable,True,True,False,True,False,0.7076479999999998,-0.7076479999999998,True,True,-3.47629,-4.1084,3,not_available_for_wbm_queue_chgnet_mace_missing,1,8.314929611426463,10.0,3.390907121405556,39.685851537379705,133,True,False,True,True,near_hull_25meV_boundary,False,candidate_level_explanation_not_MLIP_consensus_validation
wbm-3-22292,Ba1 Eu1 F6,Ba-Eu-F,3|Ba-Eu,300,raw_only_requested_budget,0,6,0,6,False,0.00104,False,9.807444615000003,False,labelable_current_MP_hull,unstable_to_unstable,True,True,False,True,False,0.6883480000000004,-0.6883480000000004,True,True,-3.51752,-3.6534,3,not_available_for_wbm_queue_chgnet_mace_missing,1,7.647286985877577,10.0,5.651511869009259,19.83000681704263,108,True,False,True,True,near_hull_25meV_boundary,False,candidate_level_explanation_not_MLIP_consensus_validation
wbm-3-22292,Ba1 Eu1 F6,Ba-Eu-F,3|Ba-Eu,500,raw_only_requested_budget,0,11,0,11,False,0.00104,False,9.807444615000003,False,labelable_current_MP_hull,unstable_to_unstable,True,True,False,True,False,0.6883480000000004,-0.6883480000000004,True,True,-3.51752,-3.6534,3,not_available_for_wbm_queue_chgnet_mace_missing,1,7.647286985877577,10.0,3.390907121405556,39.685851537379705,156,True,False,True,True,near_hull_25meV_boundary,False,candidate_level_explanation_not_MLIP_consensus_validation
wbm-3-22296,Ba1 F6 Hg1,Ba-F-Hg,3|Ba-F,300,raw_only_requested_budget,0,11,0,11,False,-0.12929,True,6.97506207,False,labelable_current_MP_hull,stable_to_unstable,True,False,False,False,False,0.7121689999999998,-0.7121689999999998,True,True,-2.5028200000000003,-2.8406,3,not_available_for_wbm_queue_chgnet_mace_missing,1,8.834304730732526,10.0,5.157690443561848,19.83000681704263,76,True,False,True,True,ALIGNN_FF_disagrees_with_current_MP_label,False,candidate_level_explanation_not_MLIP_consensus_validation
wbm-3-22296,Ba1 F6 Hg1,Ba-F-Hg,3|Ba-F,500,raw_only_requested_budget,0,12,0,12,False,-0.12929,True,6.97506207,False,labelable_current_MP_hull,stable_to_unstable,True,False,False,False,False,0.7121689999999998,-0.7121689999999998,True,True,-2.5028200000000003,-2.8406,3,not_available_for_wbm_queue_chgnet_mace_missing,1,8.834304730732526,10.0,3.094614266137109,39.685851537379705,129,True,False,True,True,ALIGNN_FF_disagrees_with_current_MP_label,False,candidate_level_explanation_not_MLIP_consensus_validation
wbm-3-22300,Ba1 F6 La1,Ba-F-La,3|Ba-F,300,raw_only_requested_budget,0,3,0,3,False,0.120055,False,20.6043390725,False,labelable_current_MP_hull,unstable_to_unstable,True,False,False,False,False,0.6461430000000004,-0.6461430000000004,True,True,-4.10188,-4.2229,3,not_available_for_wbm_queue_chgnet_mace_missing,1,5.934681507496319,10.0,2.195811353831729,19.83000681704263,229,False,False,False,False,ALIGNN_FF_disagrees_with_current_MP_label,False,candidate_level_explanation_not_MLIP_consensus_validation
wbm-3-22300,Ba1 F6 La1,Ba-F-La,3|Ba-F,500,raw_only_requested_budget,0,12,0,12,False,0.120055,False,20.6043390725,False,labelable_current_MP_hull,unstable_to_unstable,True,False,False,False,False,0.6461430000000004,-0.6461430000000004,True,True,-4.10188,-4.2229,3,not_available_for_wbm_queue_chgnet_mace_missing,1,6.179385168110146,10.0,3.094614266137109,39.685851537379705,224,False,False,False,False,ALIGNN_FF_disagrees_with_current_MP_label,False,candidate_level_explanation_not_MLIP_consensus_validation
wbm-3-22301,Ba1 F6 La1,Ba-F-La,3|Ba-F,500,raw_only_requested_budget,0,1,0,1,False,0.112043,False,20.596327072500003,False,labelable_current_MP_hull,unstable_to_unstable,True,False,False,False,False,0.554843,-0.554843,True,True,-3.99848,-3.8244,3,not_available_for_wbm_queue_chgnet_mace_missing,1,2.9621815726991896,10.0,1.2178016109894885,29.432650133714645,456,False,False,False,False,ALIGNN_FF_disagrees_with_current_MP_label,False,candidate_level_explanation_not_MLIP_consensus_validation
wbm-3-22302,Ba1 F6 Lu1,Ba-F-Lu,3|Ba-F,500,raw_only_requested_budget,0,5,0,5,False,0.080223,False,32.79717085125,False,labelable_current_MP_hull,unstable_to_unstable,True,False,False,False,False,0.5851729999999997,-0.5851729999999997,True,True,-3.87748,-4.0325,3,not_available_for_wbm_queue_chgnet_mace_missing,1,4.1022396596204524,10.0,2.009647497495417,39.685851537379705,373,False,False,False,False,ALIGNN_FF_disagrees_with_current_MP_label,False,candidate_level_explanation_not_MLIP_consensus_validation
wbm-3-22315,Ba1 F6 Sm1,Ba-F-Sm,3|Ba-F,300,raw_only_requested_budget,0,7,0,7,False,0.113803,False,19.80236564,False,labelable_current_MP_hull,unstable_to_unstable,True,False,False,False,False,0.6923060000000003,-0.6923060000000003,True,True,-3.90481,-4.0983,3,not_available_for_wbm_queue_chgnet_mace_missing,1,8.314929611426463,10.0,4.4443928290266985,19.83000681704263,163,False,False,False,False,ALIGNN_FF_disagrees_with_current_MP_label,False,candidate_level_explanation_not_MLIP_consensus_validation
wbm-3-22315,Ba1 F6 Sm1,Ba-F-Sm,3|Ba-F,500,raw_only_requested_budget,0,12,0,12,False,0.113803,False,19.80236564,False,labelable_current_MP_hull,unstable_to_unstable,True,False,False,False,False,0.6923060000000003,-0.6923060000000003,True,True,-3.90481,-4.0983,3,not_available_for_wbm_queue_chgnet_mace_missing,1,8.314929611426463,10.0,3.094614266137109,39.685851537379705,151,False,False,False,False,ALIGNN_FF_disagrees_with_current_MP_label,False,candidate_level_explanation_not_MLIP_consensus_validation
wbm-3-22328,Ba1 F6 Yb1,Ba-F-Yb,3|Ba-F,500,raw_only_requested_budget,0,6,0,6,False,0.178808,False,,False,unresolved_current_MP_missing_element_reference,unstable_to_unresolved,True,False,False,False,False,0.594992,-0.594992,True,True,-3.20383,-3.2856,3,not_available_for_wbm_queue_chgnet_mace_missing,1,4.586875680264978,10.0,2.109993696019431,39.685851537379705,348,False,False,False,False,unresolved_current_MP_hull_reference,False,candidate_level_explanation_not_MLIP_consensus_validation
wbm-3-22331,Ba1 Ca1 F6,Ba-Ca-F,3|Ba-Ca,500,raw_only_requested_budget,0,2,0,2,False,0.001345,False,9.89752005,False,labelable_current_MP_hull,unstable_to_unstable,True,True,False,True,False,0.577934,-0.577934,True,True,-3.18096,-3.5276,3,not_available_for_wbm_queue_chgnet_mace_missing,1,3.805454301334989,10.0,2.009647497495417,29.432650133714645,395,False,False,False,False,near_hull_25meV_boundary,False,candidate_level_explanation_not_MLIP_consensus_validation
wbm-3-22332,Ba1 Ca1 F6,Ba-Ca-F,3|Ba-Ca,300,PARC_release,8,9,8,1,True,0.152061,False,10.04823605,False,labelable_current_MP_hull,unstable_to_unstable,True,False,False,False,False,1.020034,-1.020034,True,True,-3.32258,-3.3842,3,not_available_for_wbm_queue_chgnet_mace_missing,1,89.59744867750774,10.0,5.273725046222098,16.36323504953147,2,False,False,False,False,ALIGNN_FF_disagrees_with_current_MP_label,False,candidate_level_explanation_not_MLIP_consensus_validation
wbm-3-22332,Ba1 Ca1 F6,Ba-Ca-F,3|Ba-Ca,500,PARC_release,6,9,6,3,True,0.152061,False,10.04823605,False,labelable_current_MP_hull,unstable_to_unstable,True,False,False,False,False,1.020034,-1.020034,True,True,-3.32258,-3.3842,3,not_available_for_wbm_queue_chgnet_mace_missing,1,89.59744867750774,10.0,3.164235027733259,29.432650133714645,4,False,False,False,False,ALIGNN_FF_disagrees_with_current_MP_label,False,candidate_level_explanation_not_MLIP_consensus_validation
wbm-3-22335,Ca1 Cd1 F6,Ca-Cd-F,3|Ca-Cd,300,PARC_release,4,8,4,4,True,0.095067,False,8.039517606250003,False,labelable_current_MP_hull,unstable_to_unstable,True,False,False,False,False,0.8751440000000001,-0.8751440000000001,True,True,-2.6573900000000004,-2.9246,3,not_available_for_wbm_queue_chgnet_mace_missing,1,34.12656697602882,10.0,5.651511869009259,19.83000681704263,9,False,False,False,False,ALIGNN_FF_disagrees_with_current_MP_label,False,candidate_level_explanation_not_MLIP_consensus_validation
wbm-3-22335,Ca1 Cd1 F6,Ca-Cd-F,3|Ca-Cd,500,PARC_release,1,8,1,7,True,0.095067,False,8.039517606250003,False,labelable_current_MP_hull,unstable_to_unstable,True,False,False,False,False,0.8751440000000001,-0.8751440000000001,True,True,-2.6573900000000004,-2.9246,3,not_available_for_wbm_queue_chgnet_mace_missing,1,34.12656697602882,10.0,3.390907121405556,39.685851537379705,19,False,False,False,False,ALIGNN_FF_disagrees_with_current_MP_label,False,candidate_level_explanation_not_MLIP_consensus_validation
wbm-3-22341,Ca1 F6 Gd1,Ca-F-Gd,3|Ca-F,500,raw_only_requested_budget,0,8,0,8,False,0.056634,False,2.451569801249999,False,labelable_current_MP_hull,unstable_to_unstable,True,False,False,False,False,0.6307070000000006,-0.6307070000000006,True,True,-3.4789399999999997,-3.7188,3,not_available_for_wbm_queue_chgnet_mace_missing,1,5.40425190037113,10.0,3.164235027733259,13.924506444478084,235,False,False,False,False,ALIGNN_FF_disagrees_with_current_MP_label,False,candidate_level_explanation_not_MLIP_consensus_validation
wbm-3-22347,Ca1 F6 Ni1,Ca-F-Ni,3|Ca-F,500,raw_only_requested_budget,0,5,0,5,False,0.035878,False,9.962127643749994,False,labelable_current_MP_hull,unstable_to_unstable,True,False,False,True,False,0.5935740000000003,-0.5935740000000003,True,True,-2.51224,-2.9619,3,not_available_for_wbm_queue_chgnet_mace_missing,1,4.274429488064742,10.0,2.8648490519503174,13.924506444478084,335,False,False,False,False,near_hull_50meV_boundary,False,candidate_level_explanation_not_MLIP_consensus_validation
wbm-3-22348,Ca1 F6 Pa1,Ca-F-Pa,3|Ca-F,300,PARC_release,8,8,8,0,True,-2.621406,True,1.82993680125,False,labelable_current_MP_hull,stable_to_unstable,True,False,False,False,False,2.6829140000000007,-2.6829140000000007,True,True,-4.1897,-4.505,3,not_available_for_wbm_queue_chgnet_mace_missing,1,164.84325750151808,10.0,5.273725046222098,10.926127664038065,6,False,False,False,False,ALIGNN_FF_disagrees_with_current_MP_label,False,candidate_level_explanation_not_MLIP_consensus_validation
wbm-3-22348,Ca1 F6 Pa1,Ca-F-Pa,3|Ca-F,500,PARC_release,8,8,8,0,True,-2.621406,True,1.82993680125,False,labelable_current_MP_hull,stable_to_unstable,True,False,False,False,False,2.6829140000000007,-2.6829140000000007,True,True,-4.1897,-4.505,3,not_available_for_wbm_queue_chgnet_mace_missing,1,164.84325750151808,10.0,3.164235027733259,13.924506444478084,6,False,False,False,False,ALIGNN_FF_disagrees_with_current_MP_label,False,candidate_level_explanation_not_MLIP_consensus_validation
wbm-3-22363,Cd1 Eu1 F6,Cd-Eu-F,3|Cd-Eu,300,raw_only_requested_budget,0,5,0,5,False,0.000745,False,7.85542417125,False,labelable_current_MP_hull,unstable_to_unstable,True,True,False,True,False,0.667557,-0.667557,True,True,-2.90822,-3.4026,3,not_available_for_wbm_queue_chgnet_mace_missing,1,6.599351864309193,10.0,4.774748419917196,12.674371754430824,155,True,False,True,True,near_hull_25meV_boundary,False,candidate_level_explanation_not_MLIP_consensus_validation
wbm-3-22363,Cd1 Eu1 F6,Cd-Eu-F,3|Cd-Eu,500,raw_only_requested_budget,0,12,0,12,False,0.000745,False,7.85542417125,False,labelable_current_MP_hull,unstable_to_unstable,True,True,False,True,False,0.667557,-0.667557,True,True,-2.90822,-3.4026,3,not_available_for_wbm_queue_chgnet_mace_missing,1,7.075164301635225,10.0,3.164235027733259,33.106904168958664,168,True,False,True,True,near_hull_25meV_boundary,False,candidate_level_explanation_not_MLIP_consensus_validation
wbm-3-22364,Cd1 Eu1 F6,Cd-Eu-F,3|Cd-Eu,300,raw_only_requested_budget,0,8,0,8,False,-0.011632,True,7.843048171249999,False,labelable_current_MP_hull,stable_to_unstable,True,True,False,True,False,0.7016580000000001,-0.7016580000000001,True,True,-3.00014,-3.5139,3,not_available_for_wbm_queue_chgnet_mace_missing,1,7.846167941986419,10.0,5.157690443561848,12.674371754430824,86,True,True,True,True,near_hull_25meV_boundary,False,candidate_level_explanation_not_MLIP_consensus_validation
wbm-3-22364,Cd1 Eu1 F6,Cd-Eu-F,3|Cd-Eu,500,raw_only_requested_budget,0,12,0,12,False,-0.011632,True,7.843048171249999,False,labelable_current_MP_hull,stable_to_unstable,True,True,False,True,False,0.7016580000000001,-0.7016580000000001,True,True,-3.00014,-3.5139,3,not_available_for_wbm_queue_chgnet_mace_missing,1,8.309316895894764,10.0,3.164235027733259,33.106904168958664,128,True,True,True,True,near_hull_25meV_boundary,False,candidate_level_explanation_not_MLIP_consensus_validation
wbm-3-22365,Cd1 F6 Gd1,Cd-F-Gd,3|Cd-F,300,raw_only_requested_budget,0,4,0,4,False,-0.108684,True,1.3280398049999995,False,labelable_current_MP_hull,stable_to_unstable,True,False,False,False,False,0.6618460000000002,-0.6618460000000002,True,True,-3.39136,-3.562,3,not_available_for_wbm_queue_chgnet_mace_missing,1,6.454241865974273,10.0,4.774748419917196,16.36323504953147,162,True,True,False,True,ALIGNN_FF_disagrees_with_current_MP_label,False,candidate_level_explanation_not_MLIP_consensus_validation
wbm-3-22365,Cd1 F6 Gd1,Cd-F-Gd,3|Cd-F,500,raw_only_requested_budget,0,11,0,11,False,-0.108684,True,1.3280398049999995,False,labelable_current_MP_hull,stable_to_unstable,True,False,False,False,False,0.6618460000000002,-0.6618460000000002,True,True,-3.39136,-3.562,3,not_available_for_wbm_queue_chgnet_mace_missing,1,6.747081012892613,10.0,3.164235027733259,29.432650133714645,175,True,True,False,True,ALIGNN_FF_disagrees_with_current_MP_label,False,candidate_level_explanation_not_MLIP_consensus_validation
wbm-3-22367,Cd1 F6 In1,Cd-F-In,3|Cd-F,300,raw_only_requested_budget,0,11,0,11,False,0.050265,False,2.1260908050000005,False,labelable_current_MP_hull,unstable_to_unstable,True,False,False,False,False,0.7429480000000002,-0.7429480000000002,True,True,-2.63068,-2.9352,3,not_available_for_wbm_queue_chgnet_mace_missing,1,10.90338361003438,10.0,5.273725046222098,16.36323504953147,30,False,False,False,True,ALIGNN_FF_disagrees_with_current_MP_label,False,candidate_level_explanation_not_MLIP_consensus_validation
wbm-3-22367,Cd1 F6 In1,Cd-F-In,3|Cd-F,500,raw_only_requested_budget,0,11,0,11,False,0.050265,False,2.1260908050000005,False,labelable_current_MP_hull,unstable_to_unstable,True,False,False,False,False,0.7429480000000002,-0.7429480000000002,True,True,-2.63068,-2.9352,3,not_available_for_wbm_queue_chgnet_mace_missing,1,10.90338361003438,10.0,3.164235027733259,29.432650133714645,83,False,False,False,True,ALIGNN_FF_disagrees_with_current_MP_label,False,candidate_level_explanation_not_MLIP_consensus_validation
wbm-3-22368,Cd1 F6 La1,Cd-F-La,3|Cd-F,500,raw_only_requested_budget,0,11,0,11,False,0.078383,False,18.61094162875,False,labelable_current_MP_hull,unstable_to_unstable,True,False,False,False,False,0.626052,-0.626052,True,True,-3.44401,-3.5693,3,not_available_for_wbm_queue_chgnet_mace_missing,1,5.3970196914062205,10.0,3.164235027733259,29.432650133714645,245,False,False,False,False,ALIGNN_FF_disagrees_with_current_MP_label,False,candidate_level_explanation_not_MLIP_consensus_validation
wbm-3-22371,Cd1 F6 Nd1,Cd-F-Nd,3|Cd-F,500,raw_only_requested_budget,0,1,0,1,False,0.125315,False,18.59809112875,False,labelable_current_MP_hull,unstable_to_unstable,True,False,False,False,False,0.5565099999999998,-0.5565099999999998,True,True,-3.3406700000000003,-3.5466,3,not_available_for_wbm_queue_chgnet_mace_missing,1,2.9621815726991896,10.0,1.2178016109894885,29.432650133714645,446,False,False,False,False,ALIGNN_FF_disagrees_with_current_MP_label,False,candidate_level_explanation_not_MLIP_consensus_validation
wbm-3-22378,Cd1 F6 Sm1,Cd-F-Sm,3|Cd-F,500,raw_only_requested_budget,0,7,0,7,False,0.09102,False,17.827858196250002,False,labelable_current_MP_hull,unstable_to_unstable,True,False,False,False,False,0.600816,-0.600816,True,True,-3.3472,-3.5926,3,not_available_for_wbm_queue_chgnet_mace_missing,1,4.392357022208061,10.0,2.9958499810476265,29.432650133714645,315,False,False,False,False,ALIGNN_FF_disagrees_with_current_MP_label,False,candidate_level_explanation_not_MLIP_consensus_validation
wbm-3-22381,Cd1 F6 Tl1,Cd-F-Tl,3|Cd-F,500,raw_only_requested_budget,0,1,0,1,False,0.013156,False,7.827991958749997,False,labelable_current_MP_hull,unstable_to_unstable,True,True,False,True,False,0.5539229999999999,-0.5539229999999999,True,True,-2.1199700000000004,-2.4655,3,not_available_for_wbm_queue_chgnet_mace_missing,1,2.9621815726991896,10.0,1.2178016109894885,29.432650133714645,463,False,False,False,False,near_hull_25meV_boundary,False,candidate_level_explanation_not_MLIP_consensus_validation
wbm-3-22408,Co1 Cs1 F6,Co-Cs-F,3|Co-Cs,300,raw_only_requested_budget,0,3,0,3,False,-0.141961,True,-2.0767590000000027,True,labelable_current_MP_hull,stable_to_stable,False,False,False,False,False,0.6535019999999998,-0.6535019999999998,True,False,-2.0096,-2.4244,3,not_available_for_wbm_queue_chgnet_mace_missing,0,6.057070135766492,10.0,2.965053684829303,19.83000681704263,216,True,False,True,True,t1_stable_or_true_release,False,candidate_level_explanation_not_MLIP_consensus_validation
wbm-3-22408,Co1 Cs1 F6,Co-Cs-F,3|Co-Cs,500,raw_only_requested_budget,0,11,0,11,False,-0.141961,True,-2.0767590000000027,True,labelable_current_MP_hull,stable_to_stable,False,False,False,False,False,0.6535019999999998,-0.6535019999999998,True,False,-2.0096,-2.4244,3,not_available_for_wbm_queue_chgnet_mace_missing,0,6.449904186024537,10.0,3.094614266137109,39.685851537379705,186,True,False,True,True,t1_stable_or_true_release,False,candidate_level_explanation_not_MLIP_consensus_validation
wbm-3-22409,Co1 Cu1 F6,Co-Cu-F,3|Co-Cu,500,raw_only_requested_budget,0,1,0,1,False,-0.0571,True,-1.816431999999999,True,labelable_current_MP_hull,stable_to_stable,False,False,False,False,False,0.5592679999999999,-0.5592679999999999,True,False,-1.81518,-2.2314,3,not_available_for_wbm_queue_chgnet_mace_missing,0,2.989261463022507,10.0,1.2178016109894885,29.432650133714645,438,False,False,False,False,t1_stable_or_true_release,False,candidate_level_explanation_not_MLIP_consensus_validation
wbm-3-22537,Cs2 Dy1 F6,Cs-Dy-F,3|Cs-Dy,300,raw_only_requested_budget,0,7,0,7,False,-0.006134,True,11.870379504444443,False,labelable_current_MP_hull,stable_to_unstable,True,True,False,True,False,0.6741749999999995,-0.6741749999999995,True,True,-3.664,-3.8188,3,not_available_for_wbm_queue_chgnet_mace_missing,1,7.084698184134033,10.0,5.651511869009259,19.83000681704263,119,False,False,False,False,near_hull_25meV_boundary,False,candidate_level_explanation_not_MLIP_consensus_validation
wbm-3-22537,Cs2 Dy1 F6,Cs-Dy-F,3|Cs-Dy,500,raw_only_requested_budget,0,12,0,12,False,-0.006134,True,11.870379504444443,False,labelable_current_MP_hull,stable_to_unstable,True,True,False,True,False,0.6741749999999995,-0.6741749999999995,True,True,-3.664,-3.8188,3,not_available_for_wbm_queue_chgnet_mace_missing,1,7.084698184134033,10.0,3.390907121405556,39.685851537379705,158,False,False,False,False,near_hull_25meV_boundary,False,candidate_level_explanation_not_MLIP_consensus_validation
wbm-3-22580,Cs1 F6 Hg1,Cs-F-Hg,3|Cs-F,300,raw_only_requested_budget,0,11,0,11,False,-0.176629,True,0.7154698212499984,False,labelable_current_MP_hull,stable_to_unstable,True,False,False,False,False,0.799828,-0.799828,True,True,-1.64635,-1.9353,3,not_available_for_wbm_queue_chgnet_mace_missing,1,16.238199803323376,10.0,5.651511869009259,19.83000681704263,11,True,True,False,True,ALIGNN_FF_disagrees_with_current_MP_label,False,candidate_level_explanation_not_MLIP_consensus_validation
wbm-3-22580,Cs1 F6 Hg1,Cs-F-Hg,3|Cs-F,500,raw_only_requested_budget,0,11,0,11,False,-0.176629,True,0.7154698212499984,False,labelable_current_MP_hull,stable_to_unstable,True,False,False,False,False,0.799828,-0.799828,True,True,-1.64635,-1.9353,3,not_available_for_wbm_queue_chgnet_mace_missing,1,16.238199803323376,10.0,3.390907121405556,39.685851537379705,36,True,True,False,True,ALIGNN_FF_disagrees_with_current_MP_label,False,candidate_level_explanation_not_MLIP_consensus_validation
wbm-3-22582,Cs1 F6 Os1,Cs-F-Os,3|Cs-F,500,raw_only_requested_budget,0,9,0,9,False,-0.259849,True,16.6762756575,False,labelable_current_MP_hull,stable_to_unstable,True,False,False,False,False,0.6024589999999996,-0.6024589999999996,True,True,-2.49601,-2.8032,3,not_available_for_wbm_queue_chgnet_mace_missing,1,4.727915587350588,10.0,3.390907121405556,39.685851537379705,298,False,False,False,False,ALIGNN_FF_disagrees_with_current_MP_label,False,candidate_level_explanation_not_MLIP_consensus_validation
wbm-3-22649,Eu1 F6 Yb1,Eu-F-Yb,3|Eu-F,300,raw_only_requested_budget,0,7,0,7,False,0.031002,False,,False,unresolved_current_MP_missing_element_reference,unstable_to_unresolved,True,False,False,True,False,0.6893789999999997,-0.6893789999999997,True,True,-3.62183,-4.1196,3,not_available_for_wbm_queue_chgnet_mace_missing,1,8.314929611426463,10.0,4.993083301746044,12.674371754430824,123,False,False,False,False,unresolved_current_MP_hull_reference,False,candidate_level_explanation_not_MLIP_consensus_validation
wbm-3-22649,Eu1 F6 Yb1,Eu-F-Yb,3|Eu-F,500,raw_only_requested_budget,0,10,0,10,False,0.031002,False,,False,unresolved_current_MP_missing_element_reference,unstable_to_unresolved,True,False,False,True,False,0.6893789999999997,-0.6893789999999997,True,True,-3.62183,-4.1196,3,not_available_for_wbm_queue_chgnet_mace_missing,1,8.314929611426463,10.0,3.094614266137109,33.106904168958664,136,False,False,False,False,unresolved_current_MP_hull_reference,False,candidate_level_explanation_not_MLIP_consensus_validation
wbm-3-22658,Cs1 F6 Fe1,Cs-F-Fe,3|Cs-F,500,raw_only_requested_budget,0,6,0,6,False,-0.117498,True,-2.2624169999999992,True,labelable_current_MP_hull,stable_to_stable,False,False,False,False,False,0.5716809999999999,-0.5716809999999999,True,False,-2.25478,-2.6756,3,not_available_for_wbm_queue_chgnet_mace_missing,0,3.89856845817538,10.0,3.390907121405556,39.685851537379705,378,False,False,False,False,t1_stable_or_true_release,False,candidate_level_explanation_not_MLIP_consensus_validation
wbm-3-22727,Cd1 F6 Ga1,Cd-F-Ga,3|Cd-F,300,raw_only_requested_budget,0,2,0,2,False,0.026226,False,2.054630805000002,False,labelable_current_MP_hull,unstable_to_unstable,True,False,False,True,False,0.6514270000000004,-0.6514270000000004,True,True,-2.5406699999999995,-2.8379,3,not_available_for_wbm_queue_chgnet_mace_missing,1,6.057070135766492,10.0,2.965053684829303,16.36323504953147,220,False,False,False,True,near_hull_50meV_boundary,False,candidate_level_explanation_not_MLIP_consensus_validation
wbm-3-22727,Cd1 F6 Ga1,Cd-F-Ga,3|Cd-F,500,raw_only_requested_budget,0,11,0,11,False,0.026226,False,2.054630805000002,False,labelable_current_MP_hull,unstable_to_unstable,True,False,False,True,False,0.6514270000000004,-0.6514270000000004,True,True,-2.5406699999999995,-2.8379,3,not_available_for_wbm_queue_chgnet_mace_missing,1,6.449904186024537,10.0,3.164235027733259,29.432650133714645,195,False,False,False,True,near_hull_50meV_boundary,False,candidate_level_explanation_not_MLIP_consensus_validation
wbm-3-22834,Eu1 F6 K2,Eu-F-K,3|Eu-F,500,raw_only_requested_budget,0,1,0,1,False,0.039479,False,3.351049126666666,False,labelable_current_MP_hull,unstable_to_unstable,True,False,False,True,False,0.5658000000000003,-0.5658000000000003,True,True,-3.00104,-3.579,3,not_available_for_wbm_queue_chgnet_mace_missing,1,3.85183074227887,10.0,1.779032210897582,0.3328937406812571,439,False,False,False,False,near_hull_50meV_boundary,False,candidate_level_explanation_not_MLIP_consensus_validation
wbm-3-22962,F6 K1 Ti1,F-K-Ti,3|F-K,300,raw_only_requested_budget,0,7,0,7,False,0.009951,False,-2.170946473750007,True,labelable_current_MP_hull,unstable_to_stable,False,True,False,True,False,0.7415430000000001,-0.7415430000000001,True,False,-3.3901500000000007,-3.4272,3,not_available_for_wbm_queue_chgnet_mace_missing,0,10.90338361003438,10.0,5.273725046222098,10.139041049228304,32,True,False,True,True,t1_stable_or_true_release,False,candidate_level_explanation_not_MLIP_consensus_validation
wbm-3-22962,F6 K1 Ti1,F-K-Ti,3|F-K,500,raw_only_requested_budget,0,7,0,7,False,0.009951,False,-2.170946473750007,True,labelable_current_MP_hull,unstable_to_stable,False,True,False,True,False,0.7415430000000001,-0.7415430000000001,True,False,-3.3901500000000007,-3.4272,3,not_available_for_wbm_queue_chgnet_mace_missing,0,10.90338361003438,10.0,3.164235027733259,7.78141055913941,85,True,False,True,True,t1_stable_or_true_release,False,candidate_level_explanation_not_MLIP_consensus_validation
wbm-3-22981,Ba1 F6 Mg1,Ba-F-Mg,3|Ba-F,300,PARC_release,8,12,8,4,True,0.099077,False,9.535313648749996,False,labelable_current_MP_hull,unstable_to_unstable,True,False,False,False,False,0.973112,-0.973112,True,True,-3.15776,-3.3857,3,not_available_for_wbm_queue_chgnet_mace_missing,1,62.72646550419436,10.0,5.157690443561848,19.83000681704263,5,False,False,False,False,ALIGNN_FF_disagrees_with_current_MP_label,False,candidate_level_explanation_not_MLIP_consensus_validation
wbm-3-22981,Ba1 F6 Mg1,Ba-F-Mg,3|Ba-F,500,PARC_release,4,12,4,8,True,0.099077,False,9.535313648749996,False,labelable_current_MP_hull,unstable_to_unstable,True,False,False,False,False,0.973112,-0.973112,True,True,-3.15776,-3.3857,3,not_available_for_wbm_queue_chgnet_mace_missing,1,62.72646550419436,10.0,3.094614266137109,39.685851537379705,6,False,False,False,False,ALIGNN_FF_disagrees_with_current_MP_label,False,candidate_level_explanation_not_MLIP_consensus_validation
wbm-3-22990,F6 Ga1 Mg1,F-Ga-Mg,3|F-Ga,300,raw_only_requested_budget,0,11,0,11,False,0.015696,False,2.5423744,False,labelable_current_MP_hull,unstable_to_unstable,True,True,False,True,False,0.7519659999999995,-0.7519659999999995,True,True,-3.1319,-3.3122,3,not_available_for_wbm_queue_chgnet_mace_missing,1,11.37349586079201,10.0,5.157690443561848,16.36323504953147,21,True,False,True,True,near_hull_25meV_boundary,False,candidate_level_explanation_not_MLIP_consensus_validation
wbm-3-22990,F6 Ga1 Mg1,F-Ga-Mg,3|F-Ga,500,raw_only_requested_budget,0,11,0,11,False,0.015696,False,2.5423744,False,labelable_current_MP_hull,unstable_to_unstable,True,True,False,True,False,0.7519659999999995,-0.7519659999999995,True,True,-3.1319,-3.3122,3,not_available_for_wbm_queue_chgnet_mace_missing,1,11.37349586079201,10.0,3.094614266137109,33.106904168958664,100,True,False,True,True,near_hull_25meV_boundary,False,candidate_level_explanation_not_MLIP_consensus_validation
wbm-3-22991,F6 Gd1 Mg1,F-Gd-Mg,3|F-Gd,300,PARC_release,3,11,3,8,True,-0.072465,True,1.8625323999999972,False,labelable_current_MP_hull,stable_to_unstable,True,False,False,False,False,0.8367849999999999,-0.8367849999999999,True,True,-3.70045,-4.0223,3,not_available_for_wbm_queue_chgnet_mace_missing,1,17.306411900418205,10.0,5.157690443561848,19.83000681704263,20,True,True,False,True,ALIGNN_FF_disagrees_with_current_MP_label,False,candidate_level_explanation_not_MLIP_consensus_validation
wbm-3-22991,F6 Gd1 Mg1,F-Gd-Mg,3|F-Gd,500,raw_only_requested_budget,0,11,0,11,False,-0.072465,True,1.8625323999999972,False,labelable_current_MP_hull,stable_to_unstable,True,False,False,False,False,0.8367849999999999,-0.8367849999999999,True,True,-3.70045,-4.0223,3,not_available_for_wbm_queue_chgnet_mace_missing,1,17.306411900418205,10.0,3.094614266137109,39.685851537379705,17,True,True,False,True,ALIGNN_FF_disagrees_with_current_MP_label,False,candidate_level_explanation_not_MLIP_consensus_validation
wbm-3-22992,F6 Hg1 Mg1,F-Hg-Mg,3|F-Hg,500,raw_only_requested_budget,0,7,0,7,False,-0.045316,True,5.605585221249999,False,labelable_current_MP_hull,stable_to_unstable,True,False,False,True,False,0.6090179999999998,-0.6090179999999998,True,True,-2.19339,-2.3785,3,not_available_for_wbm_queue_chgnet_mace_missing,1,5.03762514135281,10.0,3.094614266137109,7.545591709829708,292,False,False,False,False,near_hull_50meV_boundary,False,candidate_level_explanation_not_MLIP_consensus_validation
wbm-3-22993,F6 In1 Mg1,F-In-Mg,3|F-In,300,raw_only_requested_budget,0,9,0,9,False,0.044206,False,2.618305400000001,False,labelable_current_MP_hull,unstable_to_unstable,True,False,False,True,False,0.7463869999999999,-0.7463869999999999,True,True,-3.06733,-3.2174,3,not_available_for_wbm_queue_chgnet_mace_missing,1,10.910795361857884,10.0,5.651511869009259,19.83000681704263,56,False,False,False,True,near_hull_50meV_boundary,False,candidate_level_explanation_not_MLIP_consensus_validation
wbm-3-22993,F6 In1 Mg1,F-In-Mg,3|F-In,500,raw_only_requested_budget,0,9,0,9,False,0.044206,False,2.618305400000001,False,labelable_current_MP_hull,unstable_to_unstable,True,False,False,True,False,0.7463869999999999,-0.7463869999999999,True,True,-3.06733,-3.2174,3,not_available_for_wbm_queue_chgnet_mace_missing,1,10.910795361857884,10.0,3.390907121405556,39.685851537379705,81,False,False,False,True,near_hull_50meV_boundary,False,candidate_level_explanation_not_MLIP_consensus_validation
wbm-3-23004,F6 Mg1 Ni1,F-Mg-Ni,3|F-Mg,500,raw_only_requested_budget,0,8,0,8,False,0.055124,False,9.353702805,False,labelable_current_MP_hull,unstable_to_unstable,True,False,False,False,False,0.6108729999999998,-0.6108729999999998,True,True,-2.44985,-2.7944,3,not_available_for_wbm_queue_chgnet_mace_missing,1,5.03762514135281,10.0,3.390907121405556,12.726465504194358,277,False,False,False,False,ALIGNN_FF_disagrees_with_current_MP_label,False,candidate_level_explanation_not_MLIP_consensus_validation
wbm-3-23005,F6 Mg1 Pa1,F-Mg-Pa,3|F-Mg,300,PARC_release,8,8,8,0,True,-2.615062,True,1.376343399999998,False,labelable_current_MP_hull,stable_to_unstable,True,False,False,False,False,2.9448929999999995,-2.9448929999999995,True,True,-4.0468,-4.3491,3,not_available_for_wbm_queue_chgnet_mace_missing,1,164.72520471273907,10.0,5.651511869009259,10.139041049228304,1,False,False,False,False,ALIGNN_FF_disagrees_with_current_MP_label,False,candidate_level_explanation_not_MLIP_consensus_validation
wbm-3-23005,F6 Mg1 Pa1,F-Mg-Pa,3|F-Mg,500,PARC_release,8,8,8,0,True,-2.615062,True,1.376343399999998,False,labelable_current_MP_hull,stable_to_unstable,True,False,False,False,False,2.9448929999999995,-2.9448929999999995,True,True,-4.0468,-4.3491,3,not_available_for_wbm_queue_chgnet_mace_missing,1,164.72520471273907,10.0,3.390907121405556,12.726465504194358,1,False,False,False,False,ALIGNN_FF_disagrees_with_current_MP_label,False,candidate_level_explanation_not_MLIP_consensus_validation
wbm-3-23018,F6 Mg1 Zn1,F-Mg-Zn,3|F-Mg,500,raw_only_requested_budget,0,3,0,3,False,0.061915,False,3.0771853999999976,False,labelable_current_MP_hull,unstable_to_unstable,True,False,False,False,False,0.5817580000000002,-0.5817580000000002,True,True,-2.33768,-2.9536,3,not_available_for_wbm_queue_chgnet_mace_missing,1,4.050112112583752,10.0,3.390907121405556,7.545591709829708,345,False,False,False,False,ALIGNN_FF_disagrees_with_current_MP_label,False,candidate_level_explanation_not_MLIP_consensus_validation
wbm-3-23070,F6 Mn1 Rb1,F-Mn-Rb,3|F-Mn,500,raw_only_requested_budget,0,7,0,7,False,-0.011274,True,-0.555669198749996,True,labelable_current_MP_hull,stable_to_stable,False,True,False,True,False,0.6111909999999998,-0.6111909999999998,True,False,-2.54036,-2.8705,3,not_available_for_wbm_queue_chgnet_mace_missing,0,4.806255682324473,10.0,2.8970856959581446,33.106904168958664,321,False,False,False,False,t1_stable_or_true_release,False,candidate_level_explanation_not_MLIP_consensus_validation
wbm-3-23101,Eu1 F6 Na2,Eu-F-Na,3|Eu-F,500,raw_only_requested_budget,0,10,0,10,False,-0.036835,True,2.521843325555558,False,labelable_current_MP_hull,stable_to_unstable,True,False,False,True,False,0.6268500000000001,-0.6268500000000001,True,True,-3.05873,-3.4942,3,not_available_for_wbm_queue_chgnet_mace_missing,1,5.399430617044307,10.0,3.094614266137109,33.106904168958664,244,False,False,False,False,near_hull_50meV_boundary,False,candidate_level_explanation_not_MLIP_consensus_validation
wbm-3-23104,F6 La1 Na2,F-La-Na,3|F-La,500,raw_only_requested_budget,0,13,0,13,False,0.053154,False,12.104163510000006,False,labelable_current_MP_hull,unstable_to_unstable,True,False,False,False,False,0.6241949999999998,-0.6241949999999998,True,True,-3.6037499999999993,-3.6522,3,not_available_for_wbm_queue_chgnet_mace_missing,1,5.3970196914062205,10.0,3.390907121405556,39.685851537379705,243,False,False,False,False,ALIGNN_FF_disagrees_with_current_MP_label,False,candidate_level_explanation_not_MLIP_consensus_validation
wbm-3-23120,F6 Na2 Tm1,F-Na-Tm,3|F-Na,500,raw_only_requested_budget,0,5,0,5,False,-0.158056,True,-3.296383999999996,True,labelable_current_MP_hull,stable_to_stable,False,False,False,False,False,0.601572,-0.601572,True,False,-3.57149,-3.6958,3,not_available_for_wbm_queue_chgnet_mace_missing,0,4.6603988156775,10.0,2.9958499810476265,13.924506444478084,332,False,False,False,False,t1_stable_or_true_release,False,candidate_level_explanation_not_MLIP_consensus_validation
wbm-3-23130,Co1 F6 Na1,Co-F-Na,3|Co-F,500,raw_only_requested_budget,0,11,0,11,False,-0.152747,True,-1.9823670000000035,True,labelable_current_MP_hull,stable_to_stable,False,False,False,False,False,0.62368,-0.62368,True,False,-2.04582,-2.4205,3,not_available_for_wbm_queue_chgnet_mace_missing,0,5.3970196914062205,10.0,3.390907121405556,12.726465504194358,244,False,False,False,False,t1_stable_or_true_release,False,candidate_level_explanation_not_MLIP_consensus_validation
wbm-3-23141,F6 Mn1 Na1,F-Mn-Na,3|F-Mn,500,raw_only_requested_budget,0,7,0,7,False,-0.11093,True,-2.344566999999998,True,labelable_current_MP_hull,stable_to_stable,False,False,False,False,False,0.6424630000000002,-0.6424630000000002,True,False,-2.459890000000001,-2.8374,3,not_available_for_wbm_queue_chgnet_mace_missing,0,5.823910203333055,10.0,2.8970856959581446,33.106904168958664,251,False,False,False,False,t1_stable_or_true_release,False,candidate_level_explanation_not_MLIP_consensus_validation
wbm-3-23142,F6 Na1 Ni1,F-Na-Ni,3|F-Na,300,raw_only_requested_budget,0,7,0,7,False,-0.032219,True,3.2301198575,False,labelable_current_MP_hull,stable_to_unstable,True,False,False,True,False,0.7046399999999999,-0.7046399999999999,True,True,-1.79902,-2.2503,3,not_available_for_wbm_queue_chgnet_mace_missing,1,8.314929611426463,10.0,5.273725046222098,10.926127664038065,111,True,True,False,True,near_hull_50meV_boundary,False,candidate_level_explanation_not_MLIP_consensus_validation
wbm-3-23142,F6 Na1 Ni1,F-Na-Ni,3|F-Na,500,raw_only_requested_budget,0,9,0,9,False,-0.032219,True,3.2301198575,False,labelable_current_MP_hull,stable_to_unstable,True,False,False,True,False,0.7046399999999999,-0.7046399999999999,True,True,-1.79902,-2.2503,3,not_available_for_wbm_queue_chgnet_mace_missing,1,8.314929611426463,10.0,3.164235027733259,13.924506444478084,136,True,True,False,True,near_hull_50meV_boundary,False,candidate_level_explanation_not_MLIP_consensus_validation
wbm-3-23147,F6 Na1 Rh1,F-Na-Rh,3|F-Na,300,raw_only_requested_budget,0,1,0,1,False,-0.117733,True,18.356093373749992,False,labelable_current_MP_hull,stable_to_unstable,True,False,False,False,False,0.6391130000000003,-0.6391130000000003,True,True,-2.17256,-2.4252,3,not_available_for_wbm_queue_chgnet_mace_missing,1,5.708748797738672,10.0,2.965053684829303,10.139041049228304,243,True,True,True,True,ALIGNN_FF_disagrees_with_current_MP_label,False,candidate_level_explanation_not_MLIP_consensus_validation
wbm-3-23147,F6 Na1 Rh1,F-Na-Rh,3|F-Na,500,raw_only_requested_budget,0,9,0,9,False,-0.117733,True,18.356093373749992,False,labelable_current_MP_hull,stable_to_unstable,True,False,False,False,False,0.6391130000000003,-0.6391130000000003,True,True,-2.17256,-2.4252,3,not_available_for_wbm_queue_chgnet_mace_missing,1,5.708748797738672,10.0,3.164235027733259,13.924506444478084,240,True,True,True,True,ALIGNN_FF_disagrees_with_current_MP_label,False,candidate_level_explanation_not_MLIP_consensus_validation
wbm-3-23153,F6 Na1 Zn1,F-Na-Zn,3|F-Na,500,raw_only_requested_budget,0,9,0,9,False,0.058383,False,-1.6723800000000004,True,labelable_current_MP_hull,unstable_to_stable,False,False,False,False,False,0.6207370000000001,-0.6207370000000001,True,False,-1.96218,-2.1543,3,not_available_for_wbm_queue_chgnet_mace_missing,0,5.210704400324024,10.0,3.164235027733259,13.924506444478084,280,False,False,False,False,t1_stable_or_true_release,False,candidate_level_explanation_not_MLIP_consensus_validation
wbm-3-23205,Cs1 F6 Ni1,Cs-F-Ni,3|Cs-F,300,raw_only_requested_budget,0,7,0,7,False,-0.003911,True,10.76319155125,False,labelable_current_MP_hull,stable_to_unstable,True,True,False,True,False,0.6624699999999999,-0.6624699999999999,True,True,-1.9314500000000003,-2.3681,3,not_available_for_wbm_queue_chgnet_mace_missing,1,6.454241865974273,10.0,5.651511869009259,19.83000681704263,136,True,True,True,True,near_hull_25meV_boundary,False,candidate_level_explanation_not_MLIP_consensus_validation
wbm-3-23205,Cs1 F6 Ni1,Cs-F-Ni,3|Cs-F,500,raw_only_requested_budget,0,11,0,11,False,-0.003911,True,10.76319155125,False,labelable_current_MP_hull,stable_to_unstable,True,True,False,True,False,0.6624699999999999,-0.6624699999999999,True,True,-1.9314500000000003,-2.3681,3,not_available_for_wbm_queue_chgnet_mace_missing,1,6.756163952148922,10.0,3.390907121405556,39.685851537379705,173,True,True,True,True,near_hull_25meV_boundary,False,candidate_level_explanation_not_MLIP_consensus_validation
wbm-3-23218,F6 In1 Ni1,F-In-Ni,3|F-In,300,raw_only_requested_budget,0,7,0,7,False,0.094593,False,-0.6875992062500025,True,labelable_current_MP_hull,unstable_to_stable,False,False,False,False,False,0.6860029999999999,-0.6860029999999999,True,False,-2.44837,-2.692,3,not_available_for_wbm_queue_chgnet_mace_missing,0,6.454241865974273,10.0,5.651511869009259,19.83000681704263,110,True,True,True,True,t1_stable_or_true_release,False,candidate_level_explanation_not_MLIP_consensus_validation
wbm-3-23218,F6 In1 Ni1,F-In-Ni,3|F-In,500,raw_only_requested_budget,0,9,0,9,False,0.094593,False,-0.6875992062500025,True,labelable_current_MP_hull,unstable_to_stable,False,False,False,False,False,0.6860029999999999,-0.6860029999999999,True,False,-2.44837,-2.692,3,not_available_for_wbm_queue_chgnet_mace_missing,0,7.257269443240346,10.0,3.390907121405556,39.685851537379705,144,True,True,True,True,t1_stable_or_true_release,False,candidate_level_explanation_not_MLIP_consensus_validation
wbm-3-23220,F6 La1 Ni1,F-La-Ni,3|F-La,300,raw_only_requested_budget,0,2,0,2,False,0.082812,False,15.757354617499995,False,labelable_current_MP_hull,unstable_to_unstable,True,False,False,False,False,0.6393089999999999,-0.6393089999999999,True,True,-3.327140000000001,-3.5573,3,not_available_for_wbm_queue_chgnet_mace_missing,1,5.708748797738672,10.0,2.965053684829303,19.83000681704263,242,False,False,False,True,ALIGNN_FF_disagrees_with_current_MP_label,False,candidate_level_explanation_not_MLIP_consensus_validation
wbm-3-23220,F6 La1 Ni1,F-La-Ni,3|F-La,500,raw_only_requested_budget,0,13,0,13,False,0.082812,False,15.757354617499995,False,labelable_current_MP_hull,unstable_to_unstable,True,False,False,False,False,0.6393089999999999,-0.6393089999999999,True,True,-3.327140000000001,-3.5573,3,not_available_for_wbm_queue_chgnet_mace_missing,1,5.708748797738672,10.0,3.390907121405556,39.685851537379705,217,False,False,False,True,ALIGNN_FF_disagrees_with_current_MP_label,False,candidate_level_explanation_not_MLIP_consensus_validation
wbm-3-23243,F6 Ni1 Sr1,F-Ni-Sr,3|F-Ni,500,raw_only_requested_budget,0,1,0,1,False,0.045749,False,6.025842184999998,False,labelable_current_MP_hull,unstable_to_unstable,True,False,False,True,False,0.557086,-0.557086,True,True,-2.52868,-3.0205,3,not_available_for_wbm_queue_chgnet_mace_missing,1,3.2613362756802577,10.0,1.3174868122990375,39.685851537379705,456,False,False,False,False,near_hull_50meV_boundary,False,candidate_level_explanation_not_MLIP_consensus_validation
wbm-3-23250,F6 Ni1 Tm1,F-Ni-Tm,3|F-Ni,500,raw_only_requested_budget,0,1,0,1,False,-0.173227,True,-1.1925980537500005,True,labelable_current_MP_hull,stable_to_stable,False,False,False,False,False,0.558532,-0.558532,True,False,-3.1919600000000004,-3.5295,3,not_available_for_wbm_queue_chgnet_mace_missing,0,3.2613362756802577,10.0,1.3174868122990375,39.685851537379705,453,False,False,False,False,t1_stable_or_true_release,False,candidate_level_explanation_not_MLIP_consensus_validation
wbm-3-23261,F6 Pa1 Pb1,F-Pa-Pb,3|F-Pa,300,PARC_release,12,12,12,0,True,-2.241511,True,-1.1241043825000006,True,labelable_current_MP_hull,stable_to_stable,False,False,False,False,False,2.261594,-2.261594,True,False,-3.46438,-3.777,3,not_available_for_wbm_queue_chgnet_mace_missing,0,164.80390769444054,10.0,5.651511869009259,12.171561895162212,7,False,False,False,False,t1_stable_or_true_release,False,candidate_level_explanation_not_MLIP_consensus_validation
wbm-3-23261,F6 Pa1 Pb1,F-Pa-Pb,3|F-Pa,500,PARC_release,12,12,12,0,True,-2.241511,True,-1.1241043825000006,True,labelable_current_MP_hull,stable_to_stable,False,False,False,False,False,2.261594,-2.261594,True,False,-3.46438,-3.777,3,not_available_for_wbm_queue_chgnet_mace_missing,0,164.80390769444054,10.0,3.390907121405556,12.726465504194358,6,False,False,False,False,t1_stable_or_true_release,False,candidate_level_explanation_not_MLIP_consensus_validation
wbm-3-23274,F6 Pa1 Pd1,F-Pa-Pd,3|F-Pa,300,PARC_release,12,12,12,0,True,-2.318409,True,-0.4493871587500013,True,labelable_current_MP_hull,stable_to_stable,False,False,False,False,False,2.2871,-2.2871,True,False,-3.13544,-3.4772,3,not_available_for_wbm_queue_chgnet_mace_missing,0,164.80390769444054,10.0,5.651511869009259,12.171561895162212,7,False,False,False,False,t1_stable_or_true_release,False,candidate_level_explanation_not_MLIP_consensus_validation
wbm-3-23274,F6 Pa1 Pd1,F-Pa-Pd,3|F-Pa,500,PARC_release,12,12,12,0,True,-2.318409,True,-0.4493871587500013,True,labelable_current_MP_hull,stable_to_stable,False,False,False,False,False,2.2871,-2.2871,True,False,-3.13544,-3.4772,3,not_available_for_wbm_queue_chgnet_mace_missing,0,164.80390769444054,10.0,3.390907121405556,12.726465504194358,4,False,False,False,False,t1_stable_or_true_release,False,candidate_level_explanation_not_MLIP_consensus_validation
wbm-3-23279,F6 Pd1,F-Pd,2|F-Pd,500,raw_only_requested_budget,0,12,0,12,False,-0.125757,True,2.010262532857148,False,labelable_current_MP_hull,stable_to_unstable,True,False,False,False,False,0.634166,-0.634166,True,True,-1.3455,-2.0239,3,not_available_for_wbm_queue_chgnet_mace_missing,1,5.816104394315984,10.0,3.094614266137109,29.432650133714645,226,False,False,False,False,ALIGNN_FF_disagrees_with_current_MP_label,False,candidate_level_explanation_not_MLIP_consensus_validation
wbm-3-23347,F6 Hg1 Rb1,F-Hg-Rb,3|F-Hg,300,raw_only_requested_budget,0,3,0,3,False,-0.030054,True,2.571701622499999,False,labelable_current_MP_hull,stable_to_unstable,True,False,False,True,False,0.676671,-0.676671,True,True,-1.63793,-1.8787,3,not_available_for_wbm_queue_chgnet_mace_missing,1,6.599351864309193,10.0,4.774748419917196,10.139041049228304,143,True,True,False,True,near_hull_50meV_boundary,False,candidate_level_explanation_not_MLIP_consensus_validation
wbm-3-23347,F6 Hg1 Rb1,F-Hg-Rb,3|F-Hg,500,raw_only_requested_budget,0,8,0,8,False,-0.030054,True,2.571701622499999,False,labelable_current_MP_hull,stable_to_unstable,True,False,False,True,False,0.676671,-0.676671,True,True,-1.63793,-1.8787,3,not_available_for_wbm_queue_chgnet_mace_missing,1,7.079931517724868,10.0,3.094614266137109,7.78141055913941,156,True,True,False,True,near_hull_50meV_boundary,False,candidate_level_explanation_not_MLIP_consensus_validation
wbm-3-23353,F6 Os1 Rb1,F-Os-Rb,3|F-Os,500,raw_only_requested_budget,0,2,0,2,False,-0.235366,True,17.309436924583334,False,labelable_current_MP_hull,stable_to_unstable,True,False,False,False,False,0.5915659999999998,-0.5915659999999998,True,True,-2.49522,-2.8107,3,not_available_for_wbm_queue_chgnet_mace_missing,1,4.391380844267997,10.0,2.109993696019431,33.106904168958664,403,False,False,False,False,ALIGNN_FF_disagrees_with_current_MP_label,False,candidate_level_explanation_not_MLIP_consensus_validation
wbm-3-23362,F6 Rb1 Tm1,F-Rb-Tm,3|F-Rb,500,raw_only_requested_budget,0,7,0,7,False,-0.011512,True,-1.1306291987500003,True,labelable_current_MP_hull,stable_to_stable,False,True,False,True,False,0.6005690000000001,-0.6005690000000001,True,False,-3.2444,-3.4756,3,not_available_for_wbm_queue_chgnet_mace_missing,0,4.727915587350588,10.0,2.8648490519503174,39.685851537379705,316,False,False,False,False,t1_stable_or_true_release,False,candidate_level_explanation_not_MLIP_consensus_validation
wbm-3-23431,Ba1 F6 Sc1,Ba-F-Sc,3|Ba-F,300,PARC_release,1,12,1,11,True,0.053242,False,11.3827940425,False,labelable_current_MP_hull,unstable_to_unstable,True,False,False,False,False,0.7897279999999998,-0.7897279999999998,True,True,-3.5988899999999995,-3.9931,3,not_available_for_wbm_queue_chgnet_mace_missing,1,15.262653700560776,10.0,5.157690443561848,19.83000681704263,16,False,False,False,True,ALIGNN_FF_disagrees_with_current_MP_label,False,candidate_level_explanation_not_MLIP_consensus_validation
wbm-3-23431,Ba1 F6 Sc1,Ba-F-Sc,3|Ba-F,500,raw_only_requested_budget,0,12,0,12,False,0.053242,False,11.3827940425,False,labelable_current_MP_hull,unstable_to_unstable,True,False,False,False,False,0.7897279999999998,-0.7897279999999998,True,True,-3.5988899999999995,-3.9931,3,not_available_for_wbm_queue_chgnet_mace_missing,1,15.262653700560776,10.0,3.094614266137109,39.685851537379705,41,False,False,False,True,ALIGNN_FF_disagrees_with_current_MP_label,False,candidate_level_explanation_not_MLIP_consensus_validation
wbm-3-23443,Cu1 F6 Sc1,Cu-F-Sc,3|Cu-F,500,raw_only_requested_budget,0,1,0,1,False,-0.095119,True,5.109742793749998,False,labelable_current_MP_hull,stable_to_unstable,True,False,False,False,False,0.5593499999999998,-0.5593499999999998,True,True,-2.98551,-3.4036,3,not_available_for_wbm_queue_chgnet_mace_missing,1,2.989261463022507,10.0,1.2178016109894885,29.432650133714645,437,False,False,False,False,ALIGNN_FF_disagrees_with_current_MP_label,False,candidate_level_explanation_not_MLIP_consensus_validation
wbm-3-23453,F6 Hg1 Sc1,F-Hg-Sc,3|F-Hg,300,raw_only_requested_budget,0,3,0,3,False,0.02492,False,7.569135615,False,labelable_current_MP_hull,unstable_to_unstable,True,True,False,True,False,0.6809330000000005,-0.6809330000000005,True,True,-2.94125,-3.4071,3,not_available_for_wbm_queue_chgnet_mace_missing,1,6.599351864309193,10.0,4.774748419917196,10.139041049228304,137,True,False,True,True,near_hull_25meV_boundary,False,candidate_level_explanation_not_MLIP_consensus_validation
wbm-3-23453,F6 Hg1 Sc1,F-Hg-Sc,3|F-Hg,500,raw_only_requested_budget,0,8,0,8,False,0.02492,False,7.569135615,False,labelable_current_MP_hull,unstable_to_unstable,True,True,False,True,False,0.6809330000000005,-0.6809330000000005,True,True,-2.94125,-3.4071,3,not_available_for_wbm_queue_chgnet_mace_missing,1,7.2523803428846385,10.0,3.094614266137109,7.78141055913941,150,True,False,True,True,near_hull_25meV_boundary,False,candidate_level_explanation_not_MLIP_consensus_validation
wbm-3-23481,F6 Sc1 Sr1,F-Sc-Sr,3|F-Sc,300,raw_only_requested_budget,0,8,0,8,False,0.05163,False,11.554397457499991,False,labelable_current_MP_hull,unstable_to_unstable,True,False,False,False,False,0.7723949999999999,-0.7723949999999999,True,True,-3.94258,-4.1705,3,not_available_for_wbm_queue_chgnet_mace_missing,1,12.409949935208038,10.0,5.273725046222098,19.83000681704263,54,False,False,False,True,ALIGNN_FF_disagrees_with_current_MP_label,False,candidate_level_explanation_not_MLIP_consensus_validation
wbm-3-23481,F6 Sc1 Sr1,F-Sc-Sr,3|F-Sc,500,raw_only_requested_budget,0,8,0,8,False,0.05163,False,11.554397457499991,False,labelable_current_MP_hull,unstable_to_unstable,True,False,False,False,False,0.7723949999999999,-0.7723949999999999,True,True,-3.94258,-4.1705,3,not_available_for_wbm_queue_chgnet_mace_missing,1,12.409949935208038,10.0,3.164235027733259,39.685851537379705,85,False,False,False,True,ALIGNN_FF_disagrees_with_current_MP_label,False,candidate_level_explanation_not_MLIP_consensus_validation
wbm-3-23489,F6 Sc1 Yb1,F-Sc-Yb,3|F-Sc,300,raw_only_requested_budget,0,8,0,8,False,0.068448,False,,False,unresolved_current_MP_missing_element_reference,unstable_to_unresolved,True,False,False,False,False,0.7741590000000005,-0.7741590000000005,True,True,-3.91092,-4.3545,3,not_available_for_wbm_queue_chgnet_mace_missing,1,12.409949935208038,10.0,5.273725046222098,19.83000681704263,50,False,False,False,False,unresolved_current_MP_hull_reference,False,candidate_level_explanation_not_MLIP_consensus_validation
wbm-3-23489,F6 Sc1 Yb1,F-Sc-Yb,3|F-Sc,500,raw_only_requested_budget,0,8,0,8,False,0.068448,False,,False,unresolved_current_MP_missing_element_reference,unstable_to_unresolved,True,False,False,False,False,0.7741590000000005,-0.7741590000000005,True,True,-3.91092,-4.3545,3,not_available_for_wbm_queue_chgnet_mace_missing,1,12.409949935208038,10.0,3.164235027733259,39.685851537379705,82,False,False,False,False,unresolved_current_MP_hull_reference,False,candidate_level_explanation_not_MLIP_consensus_validation
wbm-3-23554,Ba1 F6 Sr1,Ba-F-Sr,3|Ba-F,300,PARC_release,8,12,8,4,True,0.176781,False,11.076826639999998,False,labelable_current_MP_hull,unstable_to_unstable,True,False,False,False,False,0.9877309999999996,-0.9877309999999996,True,True,-3.22865,-3.1331,3,not_available_for_wbm_queue_chgnet_mace_missing,1,62.72646550419436,10.0,5.157690443561848,19.83000681704263,4,False,False,False,False,ALIGNN_FF_disagrees_with_current_MP_label,False,candidate_level_explanation_not_MLIP_consensus_validation
wbm-3-23554,Ba1 F6 Sr1,Ba-F-Sr,3|Ba-F,500,PARC_release,4,12,4,8,True,0.176781,False,11.076826639999998,False,labelable_current_MP_hull,unstable_to_unstable,True,False,False,False,False,0.9877309999999996,-0.9877309999999996,True,True,-3.22865,-3.1331,3,not_available_for_wbm_queue_chgnet_mace_missing,1,62.72646550419436,10.0,3.094614266137109,39.685851537379705,5,False,False,False,False,ALIGNN_FF_disagrees_with_current_MP_label,False,candidate_level_explanation_not_MLIP_consensus_validation
wbm-3-23557,Cd1 F6 Sr1,Cd-F-Sr,3|Cd-F,300,PARC_release,8,11,8,3,True,0.07856,False,9.02688019625,False,labelable_current_MP_hull,unstable_to_unstable,True,False,False,False,False,0.94064,-0.94064,True,True,-2.6852500000000004,-2.9245,3,not_available_for_wbm_queue_chgnet_mace_missing,1,62.75590229824352,10.0,5.273725046222098,16.36323504953147,9,False,False,False,False,ALIGNN_FF_disagrees_with_current_MP_label,False,candidate_level_explanation_not_MLIP_consensus_validation
wbm-3-23557,Cd1 F6 Sr1,Cd-F-Sr,3|Cd-F,500,PARC_release,6,11,6,5,True,0.07856,False,9.02688019625,False,labelable_current_MP_hull,unstable_to_unstable,True,False,False,False,False,0.94064,-0.94064,True,True,-2.6852500000000004,-2.9245,3,not_available_for_wbm_queue_chgnet_mace_missing,1,62.75590229824352,10.0,3.164235027733259,29.432650133714645,10,False,False,False,False,ALIGNN_FF_disagrees_with_current_MP_label,False,candidate_level_explanation_not_MLIP_consensus_validation
wbm-3-23560,Eu1 F6 Sr1,Eu-F-Sr,3|Eu-F,300,raw_only_requested_budget,0,10,0,10,False,0.015016,False,9.8317777575,False,labelable_current_MP_hull,unstable_to_unstable,True,True,False,True,False,0.7302150000000003,-0.7302150000000003,True,True,-3.57214,-3.6872,3,not_available_for_wbm_queue_chgnet_mace_missing,1,9.121010416574991,10.0,5.157690443561848,12.674371754430824,49,True,True,True,True,near_hull_25meV_boundary,False,candidate_level_explanation_not_MLIP_consensus_validation
wbm-3-23560,Eu1 F6 Sr1,Eu-F-Sr,3|Eu-F,500,raw_only_requested_budget,0,10,0,10,False,0.015016,False,9.8317777575,False,labelable_current_MP_hull,unstable_to_unstable,True,True,False,True,False,0.7302150000000003,-0.7302150000000003,True,True,-3.57214,-3.6872,3,not_available_for_wbm_queue_chgnet_mace_missing,1,9.121010416574991,10.0,3.094614266137109,33.106904168958664,99,True,True,True,True,near_hull_25meV_boundary,False,candidate_level_explanation_not_MLIP_consensus_validation
wbm-3-23562,F6 Gd1 Sr1,F-Gd-Sr,3|F-Gd,500,raw_only_requested_budget,0,11,0,11,False,-0.069639,True,3.3291673912499995,False,labelable_current_MP_hull,stable_to_unstable,True,False,False,False,False,0.627704,-0.627704,True,True,-3.9918299999999993,-3.8988,3,not_available_for_wbm_queue_chgnet_mace_missing,1,5.3970196914062205,10.0,3.094614266137109,39.685851537379705,263,False,False,False,False,ALIGNN_FF_disagrees_with_current_MP_label,False,candidate_level_explanation_not_MLIP_consensus_validation
wbm-3-23582,F6 Sr1 Yb1,F-Sr-Yb,3|F-Sr,300,PARC_release,4,8,4,4,True,0.172007,False,,False,unresolved_current_MP_missing_element_reference,unstable_to_unresolved,True,False,False,False,False,0.8702620000000003,-0.8702620000000003,True,True,-3.2653000000000008,-3.3457,3,not_available_for_wbm_queue_chgnet_mace_missing,1,26.544507544370425,10.0,5.651511869009259,12.674371754430824,1,False,False,False,False,unresolved_current_MP_hull_reference,False,candidate_level_explanation_not_MLIP_consensus_validation
wbm-3-23582,F6 Sr1 Yb1,F-Sr-Yb,3|F-Sr,500,raw_only_requested_budget,0,8,0,8,False,0.172007,False,,False,unresolved_current_MP_missing_element_reference,unstable_to_unresolved,True,False,False,False,False,0.8702620000000003,-0.8702620000000003,True,True,-3.2653000000000008,-3.3457,3,not_available_for_wbm_queue_chgnet_mace_missing,1,26.544507544370425,10.0,3.390907121405556,33.106904168958664,21,False,False,False,False,unresolved_current_MP_hull_reference,False,candidate_level_explanation_not_MLIP_consensus_validation
wbm-3-23663,F6 Hg1 Tm1,F-Hg-Tm,3|F-Hg,300,PARC_release,1,8,1,7,True,-0.170772,True,-0.5726281787499996,True,labelable_current_MP_hull,stable_to_stable,False,False,False,False,False,0.8052729999999997,-0.8052729999999997,True,False,-3.10637,-3.3232,3,not_available_for_wbm_queue_chgnet_mace_missing,0,16.21597714020033,10.0,5.157690443561848,10.139041049228304,1,True,True,False,True,t1_stable_or_true_release,False,candidate_level_explanation_not_MLIP_consensus_validation
wbm-3-23663,F6 Hg1 Tm1,F-Hg-Tm,3|F-Hg,500,raw_only_requested_budget,0,8,0,8,False,-0.170772,True,-0.5726281787499996,True,labelable_current_MP_hull,stable_to_stable,False,False,False,False,False,0.8052729999999997,-0.8052729999999997,True,False,-3.10637,-3.3232,3,not_available_for_wbm_queue_chgnet_mace_missing,0,16.21597714020033,10.0,3.094614266137109,7.78141055913941,29,True,True,False,True,t1_stable_or_true_release,False,candidate_level_explanation_not_MLIP_consensus_validation
wbm-3-23694,F6 Np1 V1,F-Np-V,3|F-Np,500,raw_only_requested_budget,0,8,0,8,False,-0.001131,True,30.995510289375,False,labelable_current_MP_hull,stable_to_unstable,True,True,False,True,False,0.61442,-0.61442,True,True,-3.241750000000001,-3.7,3,not_available_for_wbm_queue_chgnet_mace_missing,1,4.796630476803466,10.0,3.390907121405556,12.726465504194358,269,False,False,False,False,near_hull_25meV_boundary,False,candidate_level_explanation_not_MLIP_consensus_validation
wbm-3-23732,Cs2 F6 Y1,Cs-F-Y,3|Cs-F,500,raw_only_requested_budget,0,11,0,11,False,0.036483,False,12.19287386555556,False,labelable_current_MP_hull,unstable_to_unstable,True,False,False,True,False,0.6163449999999999,-0.6163449999999999,True,True,-3.64312,-3.8821,3,not_available_for_wbm_queue_chgnet_mace_missing,1,5.210704400324024,10.0,3.390907121405556,39.685851537379705,263,False,False,False,False,near_hull_50meV_boundary,False,candidate_level_explanation_not_MLIP_consensus_validation
wbm-3-23746,Ba1 F6 Zn1,Ba-F-Zn,3|Ba-F,300,PARC_release,3,12,3,9,True,0.024472,False,4.489213248749998,False,labelable_current_MP_hull,unstable_to_unstable,True,True,False,True,False,0.8584290000000006,-0.8584290000000006,True,True,-2.67465,-2.9962,3,not_available_for_wbm_queue_chgnet_mace_missing,1,29.80583811480544,10.0,5.157690443561848,19.83000681704263,5,True,False,True,True,near_hull_25meV_boundary,False,candidate_level_explanation_not_MLIP_consensus_validation
wbm-3-23746,Ba1 F6 Zn1,Ba-F-Zn,3|Ba-F,500,raw_only_requested_budget,0,12,0,12,False,0.024472,False,4.489213248749998,False,labelable_current_MP_hull,unstable_to_unstable,True,True,False,True,False,0.8584290000000006,-0.8584290000000006,True,True,-2.67465,-2.9962,3,not_available_for_wbm_queue_chgnet_mace_missing,1,29.80583811480544,10.0,3.094614266137109,39.685851537379705,6,True,False,True,True,near_hull_25meV_boundary,False,candidate_level_explanation_not_MLIP_consensus_validation
wbm-3-23750,Er1 F6 Zn1,Er-F-Zn,3|Er-F,500,raw_only_requested_budget,0,12,0,12,False,0.036451,False,6.9130815262499965,False,labelable_current_MP_hull,unstable_to_unstable,True,False,False,True,False,0.6299569999999997,-0.6299569999999997,True,True,-3.3090999999999995,-3.5962,3,not_available_for_wbm_queue_chgnet_mace_missing,1,5.495635967569599,10.0,3.390907121405556,33.106904168958664,230,False,False,False,False,near_hull_50meV_boundary,False,candidate_level_explanation_not_MLIP_consensus_validation
wbm-3-23753,F6 Gd1 Zn1,F-Gd-Zn,3|F-Gd,300,PARC_release,1,11,1,10,True,-0.121616,True,-3.154133999999999,True,labelable_current_MP_hull,stable_to_stable,False,False,False,False,False,0.7918819999999998,-0.7918819999999998,True,False,-3.19948,-3.5613,3,not_available_for_wbm_queue_chgnet_mace_missing,0,15.262653700560776,10.0,5.157690443561848,19.83000681704263,15,True,True,True,True,t1_stable_or_true_release,False,candidate_level_explanation_not_MLIP_consensus_validation
wbm-3-23753,F6 Gd1 Zn1,F-Gd-Zn,3|F-Gd,500,raw_only_requested_budget,0,11,0,11,False,-0.121616,True,-3.154133999999999,True,labelable_current_MP_hull,stable_to_stable,False,False,False,False,False,0.7918819999999998,-0.7918819999999998,True,False,-3.19948,-3.5613,3,not_available_for_wbm_queue_chgnet_mace_missing,0,15.262653700560776,10.0,3.094614266137109,39.685851537379705,40,True,True,True,True,t1_stable_or_true_release,False,candidate_level_explanation_not_MLIP_consensus_validation
wbm-3-23756,F6 Hg1 Zn1,F-Hg-Zn,3|F-Hg,500,raw_only_requested_budget,0,8,0,8,False,-0.079056,True,0.6043298212500012,False,labelable_current_MP_hull,stable_to_unstable,True,False,False,False,False,0.617415,-0.617415,True,True,-1.83001,-2.1379,3,not_available_for_wbm_queue_chgnet_mace_missing,1,5.210704400324024,10.0,3.094614266137109,7.78141055913941,266,False,False,False,False,ALIGNN_FF_disagrees_with_current_MP_label,False,candidate_level_explanation_not_MLIP_consensus_validation
wbm-3-23768,F6 Tl1 Zn1,F-Tl-Zn,3|F-Tl,500,raw_only_requested_budget,0,1,0,1,False,-0.005541,True,-2.031782,True,labelable_current_MP_hull,stable_to_stable,False,True,False,True,False,0.5613589999999999,-0.5613589999999999,True,False,-1.97376,-2.4247,3,not_available_for_wbm_queue_chgnet_mace_missing,0,2.989261463022507,10.0,1.2178016109894885,29.432650133714645,431,False,False,False,False,t1_stable_or_true_release,False,candidate_level_explanation_not_MLIP_consensus_validation
wbm-3-23792,Cs3 Eu1 F7,Cs-Eu-F,3|Cs-Eu,300,raw_only_requested_budget,0,8,0,8,False,-0.032857,True,1.5699155390909103,False,labelable_current_MP_hull,stable_to_unstable,True,False,False,True,False,0.6690130000000001,-0.6690130000000001,True,True,-3.17149,-3.3623,3,not_available_for_wbm_queue_chgnet_mace_missing,1,7.084698184134033,10.0,4.774748419917196,16.36323504953147,150,False,False,False,False,near_hull_50meV_boundary,False,candidate_level_explanation_not_MLIP_consensus_validation
wbm-3-23792,Cs3 Eu1 F7,Cs-Eu-F,3|Cs-Eu,500,raw_only_requested_budget,0,15,0,15,False,-0.032857,True,1.5699155390909103,False,labelable_current_MP_hull,stable_to_unstable,True,False,False,True,False,0.6690130000000001,-0.6690130000000001,True,True,-3.17149,-3.3623,3,not_available_for_wbm_queue_chgnet_mace_missing,1,7.084698184134033,10.0,3.164235027733259,33.106904168958664,163,False,False,False,False,near_hull_50meV_boundary,False,candidate_level_explanation_not_MLIP_consensus_validation
wbm-3-23794,Cs1 F7 Gd2,Cs-F-Gd,3|Cs-F,500,raw_only_requested_budget,0,11,0,11,False,-0.28576,True,-4.144506999999997,True,labelable_current_MP_hull,stable_to_stable,False,False,False,False,False,0.6242529999999995,-0.6242529999999995,True,False,-4.132109999999999,-4.4279,3,not_available_for_wbm_queue_chgnet_mace_missing,0,5.399430617044307,10.0,3.390907121405556,39.685851537379705,242,False,False,False,False,t1_stable_or_true_release,False,candidate_level_explanation_not_MLIP_consensus_validation
wbm-3-23813,F7 In1 Na3,F-In-Na,3|F-In,500,raw_only_requested_budget,0,4,0,4,False,0.004596,False,-2.681792999999999,True,labelable_current_MP_hull,unstable_to_stable,False,True,False,True,False,0.5768110000000002,-0.5768110000000002,True,False,-2.6913700000000005,-3.08,3,not_available_for_wbm_queue_chgnet_mace_missing,0,3.760255914968469,10.0,3.390907121405556,39.685851537379705,363,False,False,False,False,t1_stable_or_true_release,False,candidate_level_explanation_not_MLIP_consensus_validation
wbm-3-23833,Cs1 F7 Zr2,Cs-F-Zr,3|Cs-F,500,raw_only_requested_budget,0,7,0,7,False,0.112109,False,34.959171265250006,False,labelable_current_MP_hull,unstable_to_unstable,True,False,False,False,False,0.5846030000000004,-0.5846030000000004,True,True,-3.59167,-4.0085,3,not_available_for_wbm_queue_chgnet_mace_missing,1,4.1022396596204524,10.0,3.390907121405556,39.685851537379705,335,False,False,False,False,ALIGNN_FF_disagrees_with_current_MP_label,False,candidate_level_explanation_not_MLIP_consensus_validation
wbm-3-23859,Ca1 F8 Tm2,Ca-F-Tm,3|Ca-F,500,raw_only_requested_budget,0,1,0,1,False,-0.229627,True,0.009354764545451,False,labelable_current_MP_hull,stable_to_unstable,True,False,True,False,True,0.5732789999999994,-0.5732789999999994,True,True,-4.19525,-4.6806,3,not_available_for_wbm_queue_chgnet_mace_missing,1,3.5075405871087475,10.0,1.875624074609153,7.545591709829708,426,False,False,False,False,near_hull_25meV_boundary,False,candidate_level_explanation_not_MLIP_consensus_validation
wbm-3-23892,F8 In1 Tm2,F-In-Tm,3|F-In,500,raw_only_requested_budget,0,5,0,5,False,-0.169805,True,-3.8553260000000016,True,labelable_current_MP_hull,stable_to_stable,False,False,False,False,False,0.5797790000000003,-0.5797790000000003,True,False,-3.90623,-4.2404,3,not_available_for_wbm_queue_chgnet_mace_missing,0,3.805454301334989,10.0,3.390907121405556,39.685851537379705,354,False,False,False,False,t1_stable_or_true_release,False,candidate_level_explanation_not_MLIP_consensus_validation
wbm-3-23906,Ca1 Dy1 F8 Na2,Ca-Dy-F-Na,4|Ca-Dy,500,raw_only_requested_budget,0,8,0,8,False,-0.028527,True,11.81443007916666,False,labelable_current_MP_hull,stable_to_unstable,True,False,False,True,False,0.630109,-0.630109,True,True,-3.57891,-3.91,3,not_available_for_wbm_queue_chgnet_mace_missing,1,5.495635967569599,10.0,3.164235027733259,13.924506444478084,260,False,False,False,False,near_hull_50meV_boundary,False,candidate_level_explanation_not_MLIP_consensus_validation
wbm-3-23908,Ca1 Er1 F8 Na2,Ca-Er-F-Na,4|Ca-Er,500,raw_only_requested_budget,0,8,0,8,False,-0.012185,True,7.192612884999996,False,labelable_current_MP_hull,stable_to_unstable,True,True,False,True,False,0.6122629999999996,-0.6122629999999996,True,True,-3.55616,-3.9205,3,not_available_for_wbm_queue_chgnet_mace_missing,1,4.955607335966234,10.0,2.930007124321305,33.106904168958664,303,False,False,False,False,near_hull_25meV_boundary,False,candidate_level_explanation_not_MLIP_consensus_validation
wbm-3-23911,Ca1 F8 Gd1 Na2,Ca-F-Gd-Na,4|Ca-F,500,raw_only_requested_budget,0,6,0,6,False,-0.019427,True,2.746792062500002,False,labelable_current_MP_hull,stable_to_unstable,True,True,False,True,False,0.6030569999999997,-0.6030569999999997,True,True,-3.74385,-3.8329,3,not_available_for_wbm_queue_chgnet_mace_missing,1,4.520676815420641,10.0,2.899163602944208,7.200346742687962,306,False,False,False,False,near_hull_25meV_boundary,False,candidate_level_explanation_not_MLIP_consensus_validation
wbm-3-23913,Ca1 F8 Ho1 Na2,Ca-F-Ho-Na,4|Ca-F,500,raw_only_requested_budget,0,8,0,8,False,-0.011393,True,7.185152664999997,False,labelable_current_MP_hull,stable_to_unstable,True,True,False,True,False,0.6133199999999994,-0.6133199999999994,True,True,-3.5561700000000003,-3.9137,3,not_available_for_wbm_queue_chgnet_mace_missing,1,4.955607335966234,10.0,2.930007124321305,7.78141055913941,280,False,False,False,False,near_hull_25meV_boundary,False,candidate_level_explanation_not_MLIP_consensus_validation
wbm-3-23916,Ca1 F8 La1 Na2,Ca-F-La-Na,4|Ca-F,500,raw_only_requested_budget,0,6,0,6,False,-0.002159,True,12.003650083333328,False,labelable_current_MP_hull,stable_to_unstable,True,True,False,True,False,0.6027039999999992,-0.6027039999999992,True,True,-3.74621,-3.8028,3,not_available_for_wbm_queue_chgnet_mace_missing,1,4.520676815420641,10.0,2.899163602944208,7.200346742687962,308,False,False,False,False,near_hull_25meV_boundary,False,candidate_level_explanation_not_MLIP_consensus_validation
wbm-3-23917,Ca1 F8 Lu1 Na2,Ca-F-Lu-Na,4|Ca-F,300,raw_only_requested_budget,0,1,0,1,False,-0.04057,True,12.116357029999998,False,labelable_current_MP_hull,stable_to_unstable,True,False,False,True,False,0.6394700000000006,-0.6394700000000006,True,True,-3.57079,-3.9287,3,not_available_for_wbm_queue_chgnet_mace_missing,1,5.708748797738672,10.0,2.965053684829303,10.139041049228304,241,True,True,False,True,near_hull_50meV_boundary,False,candidate_level_explanation_not_MLIP_consensus_validation
wbm-3-23917,Ca1 F8 Lu1 Na2,Ca-F-Lu-Na,4|Ca-F,500,raw_only_requested_budget,0,8,0,8,False,-0.04057,True,12.116357029999998,False,labelable_current_MP_hull,stable_to_unstable,True,False,False,True,False,0.6394700000000006,-0.6394700000000006,True,True,-3.57079,-3.9287,3,not_available_for_wbm_queue_chgnet_mace_missing,1,5.708748797738672,10.0,2.930007124321305,7.78141055913941,216,True,True,False,True,near_hull_50meV_boundary,False,candidate_level_explanation_not_MLIP_consensus_validation
wbm-3-23918,Ca1 F8 Na2 Nd1,Ca-F-Na-Nd,4|Ca-F,500,raw_only_requested_budget,0,1,0,1,False,0.006403,False,11.98089008333333,False,labelable_current_MP_hull,unstable_to_unstable,True,True,False,True,False,0.5772089999999999,-0.5772089999999999,True,True,-3.5829100000000005,-3.8908,3,not_available_for_wbm_queue_chgnet_mace_missing,1,3.948311290369254,10.0,1.779032210897582,0.3328937406812571,407,False,False,False,False,near_hull_25meV_boundary,False,candidate_level_explanation_not_MLIP_consensus_validation
wbm-3-23926,Ca1 F8 Na2 Sc1,Ca-F-Na-Sc,4|Ca-F,500,raw_only_requested_budget,0,1,0,1,False,0.030259,False,5.918282396666662,False,labelable_current_MP_hull,unstable_to_unstable,True,False,False,True,False,0.5651630000000001,-0.5651630000000001,True,True,-3.33196,-3.8261,3,not_available_for_wbm_queue_chgnet_mace_missing,1,3.760255914968469,10.0,1.779032210897582,0.3328937406812571,442,False,False,False,False,near_hull_50meV_boundary,False,candidate_level_explanation_not_MLIP_consensus_validation
wbm-3-23928,Ca1 F8 Na2 Sr1,Ca-F-Na-Sr,4|Ca-F,500,raw_only_requested_budget,0,8,0,8,False,-0.027541,True,5.597308128333332,False,labelable_current_MP_hull,stable_to_unstable,True,False,False,True,False,0.6328949999999995,-0.6328949999999995,True,True,-3.19375,-3.5312,3,not_available_for_wbm_queue_chgnet_mace_missing,1,5.499319737403038,10.0,2.930007124321305,7.78141055913941,228,False,False,False,False,near_hull_50meV_boundary,False,candidate_level_explanation_not_MLIP_consensus_validation
wbm-3-23931,Ca1 F8 Na2 Tm1,Ca-F-Na-Tm,4|Ca-F,300,raw_only_requested_budget,0,8,0,8,False,-0.152443,True,0.4613632008333326,False,labelable_current_MP_hull,stable_to_unstable,True,False,False,False,False,0.7550870000000001,-0.7550870000000001,True,True,-3.54794,-3.9302,3,not_available_for_wbm_queue_chgnet_mace_missing,1,11.358042279988403,10.0,4.883345207202175,10.926127664038065,46,True,True,False,True,ALIGNN_FF_disagrees_with_current_MP_label,False,candidate_level_explanation_not_MLIP_consensus_validation
wbm-3-23931,Ca1 F8 Na2 Tm1,Ca-F-Na-Tm,4|Ca-F,500,raw_only_requested_budget,0,8,0,8,False,-0.152443,True,0.4613632008333326,False,labelable_current_MP_hull,stable_to_unstable,True,False,False,False,False,0.7550870000000001,-0.7550870000000001,True,True,-3.54794,-3.9302,3,not_available_for_wbm_queue_chgnet_mace_missing,1,11.358042279988403,10.0,2.930007124321305,7.78141055913941,71,True,True,False,True,ALIGNN_FF_disagrees_with_current_MP_label,False,candidate_level_explanation_not_MLIP_consensus_validation
wbm-3-23934,Ca1 F8 Na2 Y1,Ca-F-Na-Y,4|Ca-F,500,raw_only_requested_budget,0,7,0,7,False,-0.00421,True,13.215812319999998,False,labelable_current_MP_hull,stable_to_unstable,True,True,False,True,False,0.6035789999999999,-0.6035789999999999,True,True,-3.5380899999999995,-3.8841,3,not_available_for_wbm_queue_chgnet_mace_missing,1,4.876393465572375,10.0,2.930007124321305,7.200346742687962,303,False,False,False,False,near_hull_25meV_boundary,False,candidate_level_explanation_not_MLIP_consensus_validation
wbm-3-23988,F8 Sr1 Tm2,F-Sr-Tm,3|F-Sr,500,raw_only_requested_budget,0,8,0,8,False,-0.266495,True,0.7025741936363588,False,labelable_current_MP_hull,stable_to_unstable,True,False,False,False,False,0.6243220000000003,-0.6243220000000003,True,True,-4.39175,-4.7672,3,not_available_for_wbm_queue_chgnet_mace_missing,1,5.399430617044307,10.0,3.390907121405556,33.106904168958664,241,False,False,False,False,ALIGNN_FF_disagrees_with_current_MP_label,False,candidate_level_explanation_not_MLIP_consensus_validation
wbm-3-24009,Br2 Er2 F2,Br-Er-F,3|Br-Er,300,PARC_release,11,11,11,0,True,-0.498245,True,6.481966912222219,False,labelable_current_MP_hull,stable_to_unstable,True,False,False,False,False,1.1496910000000005,-1.1496910000000005,True,True,-2.7959500000000004,-2.8506,3,not_available_for_wbm_queue_chgnet_mace_missing,1,164.80390769444054,10.0,5.651511869009259,10.926127664038065,49,False,False,False,False,ALIGNN_FF_disagrees_with_current_MP_label,False,candidate_level_explanation_not_MLIP_consensus_validation
wbm-3-24009,Br2 Er2 F2,Br-Er-F,3|Br-Er,500,PARC_release,11,11,11,0,True,-0.498245,True,6.481966912222219,False,labelable_current_MP_hull,stable_to_unstable,True,False,False,False,False,1.1496910000000005,-1.1496910000000005,True,True,-2.7959500000000004,-2.8506,3,not_available_for_wbm_queue_chgnet_mace_missing,1,164.80390769444054,10.0,3.390907121405556,12.726465504194358,6,False,False,False,False,ALIGNN_FF_disagrees_with_current_MP_label,False,candidate_level_explanation_not_MLIP_consensus_validation
wbm-3-24028,Ce2 F2 I2,Ce-F-I,3|Ce-F,500,raw_only_requested_budget,0,1,0,1,False,0.239448,False,12.67488912,False,labelable_current_MP_hull,unstable_to_unstable,True,False,False,False,False,0.5601919999999998,-0.5601919999999998,True,True,-2.86105,-2.8644,3,not_available_for_wbm_queue_chgnet_mace_missing,1,3.294615853662344,10.0,1.3174868122990375,39.685851537379705,445,False,False,False,False,ALIGNN_FF_disagrees_with_current_MP_label,False,candidate_level_explanation_not_MLIP_consensus_validation
wbm-3-24031,F2 Gd2 I2,F-Gd-I,3|F-Gd,300,PARC_release,8,11,8,3,True,-0.567117,True,10.876470784000006,False,labelable_current_MP_hull,stable_to_unstable,True,False,False,False,False,0.979762,-0.979762,True,True,-2.67793,-2.7559,3,not_available_for_wbm_queue_chgnet_mace_missing,1,62.72646550419436,10.0,5.157690443561848,19.83000681704263,3,False,False,False,False,ALIGNN_FF_disagrees_with_current_MP_label,False,candidate_level_explanation_not_MLIP_consensus_validation
wbm-3-24031,F2 Gd2 I2,F-Gd-I,3|F-Gd,500,PARC_release,4,11,4,7,True,-0.567117,True,10.876470784000006,False,labelable_current_MP_hull,stable_to_unstable,True,False,False,False,False,0.979762,-0.979762,True,True,-2.67793,-2.7559,3,not_available_for_wbm_queue_chgnet_mace_missing,1,62.72646550419436,10.0,3.094614266137109,39.685851537379705,4,False,False,False,False,ALIGNN_FF_disagrees_with_current_MP_label,False,candidate_level_explanation_not_MLIP_consensus_validation
wbm-3-25797,Br8 Fe2,Br-Fe,2|Br-Fe,500,raw_only_requested_budget,0,5,0,5,False,-0.108913,True,-0.7701850000000263,True,labelable_current_MP_hull,stable_to_stable,False,False,False,False,False,0.601228,-0.601228,True,False,-0.7755799999999999,-0.7853,3,not_available_for_wbm_queue_chgnet_mace_missing,0,4.392357022208061,10.0,2.9958499810476265,29.432650133714645,334,False,False,False,False,t1_stable_or_true_release,False,candidate_level_explanation_not_MLIP_consensus_validation
wbm-3-28622,Br6 Er2 Ga2,Br-Er-Ga,3|Br-Er,300,PARC_release,11,11,11,0,True,-0.515759,True,-1.5561620000000005,True,labelable_current_MP_hull,stable_to_stable,False,False,False,False,False,0.937897,-0.937897,True,False,-1.68526,-1.7512,3,not_available_for_wbm_queue_chgnet_mace_missing,0,62.74118413416109,10.0,5.651511869009259,10.926127664038065,103,False,False,False,False,t1_stable_or_true_release,False,candidate_level_explanation_not_MLIP_consensus_validation
wbm-3-28622,Br6 Er2 Ga2,Br-Er-Ga,3|Br-Er,500,PARC_release,5,11,5,6,True,-0.515759,True,-1.5561620000000005,True,labelable_current_MP_hull,stable_to_stable,False,False,False,False,False,0.937897,-0.937897,True,False,-1.68526,-1.7512,3,not_available_for_wbm_queue_chgnet_mace_missing,0,62.74118413416109,10.0,3.390907121405556,12.726465504194358,1,False,False,False,False,t1_stable_or_true_release,False,candidate_level_explanation_not_MLIP_consensus_validation
wbm-3-31771,Ge1 Pm1 Te2,Ge-Pm-Te,3|Ge-Pm,300,PARC_release,2,9,2,7,True,-0.518138,True,-0.7329080000000019,True,labelable_current_MP_hull,stable_to_stable,False,False,False,False,False,0.81903,-0.81903,True,False,-0.80479,-0.8254,3,not_available_for_wbm_queue_chgnet_mace_missing,0,17.306411900418205,10.0,4.883345207202175,19.83000681704263,17,False,False,False,False,t1_stable_or_true_release,False,candidate_level_explanation_not_MLIP_consensus_validation
wbm-3-31771,Ge1 Pm1 Te2,Ge-Pm-Te,3|Ge-Pm,500,raw_only_requested_budget,0,9,0,9,False,-0.518138,True,-0.7329080000000019,True,labelable_current_MP_hull,stable_to_stable,False,False,False,False,False,0.81903,-0.81903,True,False,-0.80479,-0.8254,3,not_available_for_wbm_queue_chgnet_mace_missing,0,17.306411900418205,10.0,2.930007124321305,39.685851537379705,23,False,False,False,False,t1_stable_or_true_release,False,candidate_level_explanation_not_MLIP_consensus_validation
wbm-3-33234,H2 I4 Np2,H-I-Np,3|H-I,500,raw_only_requested_budget,0,8,0,8,False,-0.017624,True,-0.9744049999999972,True,labelable_current_MP_hull,stable_to_stable,False,True,False,True,False,0.6173190000000001,-0.6173190000000001,True,False,-0.8340200000000001,-0.9158,3,not_available_for_wbm_queue_chgnet_mace_missing,0,5.122601899014496,10.0,3.094614266137109,39.685851537379705,267,False,False,False,False,t1_stable_or_true_release,False,candidate_level_explanation_not_MLIP_consensus_validation
wbm-3-33246,Gd2 H2 I2,Gd-H-I,3|Gd-H,300,PARC_release,8,11,8,3,True,-0.734062,True,-1.169507999999993,True,labelable_current_MP_hull,stable_to_stable,False,False,False,False,False,0.942554,-0.942554,True,False,-0.62236,-1.0104,3,not_available_for_wbm_queue_chgnet_mace_missing,0,62.74118413416109,10.0,5.651511869009259,12.674371754430824,7,False,False,False,False,t1_stable_or_true_release,False,candidate_level_explanation_not_MLIP_consensus_validation
wbm-3-33246,Gd2 H2 I2,Gd-H-I,3|Gd-H,500,PARC_release,4,11,4,7,True,-0.734062,True,-1.169507999999993,True,labelable_current_MP_hull,stable_to_stable,False,False,False,False,False,0.942554,-0.942554,True,False,-0.62236,-1.0104,3,not_available_for_wbm_queue_chgnet_mace_missing,0,62.74118413416109,10.0,3.390907121405556,33.106904168958664,8,False,False,False,False,t1_stable_or_true_release,False,candidate_level_explanation_not_MLIP_consensus_validation
wbm-3-33580,Gd2 I2 Pb1,Gd-I-Pb,3|Gd-I,300,raw_only_requested_budget,0,11,0,11,False,-0.633112,True,16.252992624,False,labelable_current_MP_hull,stable_to_unstable,True,False,False,False,False,0.772936,-0.772936,True,True,-1.18988,-1.1754,3,not_available_for_wbm_queue_chgnet_mace_missing,1,12.409949935208038,10.0,5.273725046222098,19.83000681704263,36,False,False,False,False,ALIGNN_FF_disagrees_with_current_MP_label,False,candidate_level_explanation_not_MLIP_consensus_validation
wbm-3-33580,Gd2 I2 Pb1,Gd-I-Pb,3|Gd-I,500,raw_only_requested_budget,0,11,0,11,False,-0.633112,True,16.252992624,False,labelable_current_MP_hull,stable_to_unstable,True,False,False,False,False,0.772936,-0.772936,True,True,-1.18988,-1.1754,3,not_available_for_wbm_queue_chgnet_mace_missing,1,12.409949935208038,10.0,3.164235027733259,39.685851537379705,83,False,False,False,False,ALIGNN_FF_disagrees_with_current_MP_label,False,candidate_level_explanation_not_MLIP_consensus_validation
wbm-3-33581,Gd1 I2,Gd-I,2|Gd-I,300,PARC_release,6,6,6,0,True,-1.486754,True,-1.5778459999999974,True,labelable_current_MP_hull,stable_to_stable,False,False,False,False,False,1.2282079999999995,-1.2282079999999995,True,False,-1.5890300000000002,-1.4661,3,not_available_for_wbm_queue_chgnet_mace_missing,0,164.84325750151808,10.0,5.651511869009259,10.139041049228304,31,False,False,False,False,t1_stable_or_true_release,False,candidate_level_explanation_not_MLIP_consensus_validation
wbm-3-33581,Gd1 I2,Gd-I,2|Gd-I,500,PARC_release,6,6,6,0,True,-1.486754,True,-1.5778459999999974,True,labelable_current_MP_hull,stable_to_stable,False,False,False,False,False,1.2282079999999995,-1.2282079999999995,True,False,-1.5890300000000002,-1.4661,3,not_available_for_wbm_queue_chgnet_mace_missing,0,164.84325750151808,10.0,3.390907121405556,13.924506444478084,11,False,False,False,False,t1_stable_or_true_release,False,candidate_level_explanation_not_MLIP_consensus_validation
wbm-3-33635,Ba2 I6,Ba-I,2|Ba-I,500,raw_only_requested_budget,0,10,0,10,False,0.029032,False,4.748052685,False,labelable_current_MP_hull,unstable_to_unstable,True,False,False,True,False,0.6128790000000002,-0.6128790000000002,True,True,-1.6121500000000002,-1.221,3,not_available_for_wbm_queue_chgnet_mace_missing,1,5.03762514135281,10.0,3.390907121405556,33.106904168958664,273,False,False,False,False,near_hull_50meV_boundary,False,candidate_level_explanation_not_MLIP_consensus_validation
wbm-3-33636,Ba2 I6,Ba-I,2|Ba-I,300,raw_only_requested_budget,0,1,0,1,False,-0.006306,True,4.712715685000001,False,labelable_current_MP_hull,stable_to_unstable,True,True,False,True,False,0.6447799999999999,-0.6447799999999999,True,True,-1.66524,-1.23,3,not_available_for_wbm_queue_chgnet_mace_missing,1,4.451566891856903,10.0,2.0296693516491477,16.36323504953147,250,False,False,False,False,near_hull_25meV_boundary,False,candidate_level_explanation_not_MLIP_consensus_validation
wbm-3-33636,Ba2 I6,Ba-I,2|Ba-I,500,raw_only_requested_budget,0,10,0,10,False,-0.006306,True,4.712715685000001,False,labelable_current_MP_hull,stable_to_unstable,True,True,False,True,False,0.6447799999999999,-0.6447799999999999,True,True,-1.66524,-1.23,3,not_available_for_wbm_queue_chgnet_mace_missing,1,6.053004685082268,10.0,3.390907121405556,33.106904168958664,207,False,False,False,False,near_hull_25meV_boundary,False,candidate_level_explanation_not_MLIP_consensus_validation
wbm-3-33640,Gd2 I6,Gd-I,2|Gd-I,300,PARC_release,6,6,6,0,True,-1.699276,True,-1.7675860000000014,True,labelable_current_MP_hull,stable_to_stable,False,False,False,False,False,1.98609,-1.98609,True,False,-1.73686,-1.6149,3,not_available_for_wbm_queue_chgnet_mace_missing,0,164.84325750151808,10.0,5.651511869009259,10.139041049228304,9,False,False,False,False,t1_stable_or_true_release,False,candidate_level_explanation_not_MLIP_consensus_validation
wbm-3-33640,Gd2 I6,Gd-I,2|Gd-I,500,PARC_release,6,6,6,0,True,-1.699276,True,-1.7675860000000014,True,labelable_current_MP_hull,stable_to_stable,False,False,False,False,False,1.98609,-1.98609,True,False,-1.73686,-1.6149,3,not_available_for_wbm_queue_chgnet_mace_missing,0,164.84325750151808,10.0,3.390907121405556,13.924506444478084,20,False,False,False,False,t1_stable_or_true_release,False,candidate_level_explanation_not_MLIP_consensus_validation
wbm-3-33668,Ce2 I8,Ce-I,2|Ce-I,300,raw_only_requested_budget,0,4,0,4,False,-0.097168,True,-1.4738630000000017,True,labelable_current_MP_hull,stable_to_stable,False,False,False,False,False,0.6730050000000001,-0.6730050000000001,True,False,-1.3165,-1.2748,3,not_available_for_wbm_queue_chgnet_mace_missing,0,6.314375105195275,10.0,5.651511869009259,12.674371754430824,121,True,False,True,True,t1_stable_or_true_release,False,candidate_level_explanation_not_MLIP_consensus_validation
wbm-3-33668,Ce2 I8,Ce-I,2|Ce-I,500,raw_only_requested_budget,0,7,0,7,False,-0.097168,True,-1.4738630000000017,True,labelable_current_MP_hull,stable_to_stable,False,False,False,False,False,0.6730050000000001,-0.6730050000000001,True,False,-1.3165,-1.2748,3,not_available_for_wbm_queue_chgnet_mace_missing,0,6.914711405234644,10.0,3.390907121405556,33.106904168958664,160,True,False,True,True,t1_stable_or_true_release,False,candidate_level_explanation_not_MLIP_consensus_validation
wbm-3-33680,I8 La2,I-La,2|I-La,500,raw_only_requested_budget,0,3,0,3,False,0.014868,False,-1.4802789999999997,True,labelable_current_MP_hull,unstable_to_stable,False,True,False,True,False,0.5838530000000002,-0.5838530000000002,True,False,-1.54717,-1.5315,3,not_available_for_wbm_queue_chgnet_mace_missing,0,4.050112112583752,10.0,3.390907121405556,6.361295373094599,338,False,False,False,False,t1_stable_or_true_release,False,candidate_level_explanation_not_MLIP_consensus_validation
wbm-3-33684,I8 Nd2,I-Nd,2|I-Nd,500,raw_only_requested_budget,0,4,0,4,False,-0.003261,True,-1.3859520000000014,True,labelable_current_MP_hull,stable_to_stable,False,True,False,True,False,0.5838089999999998,-0.5838089999999998,True,False,-1.50785,-1.4997,3,not_available_for_wbm_queue_chgnet_mace_missing,0,4.050112112583752,10.0,2.8648490519503174,11.493608026395536,360,False,False,False,False,t1_stable_or_true_release,False,candidate_level_explanation_not_MLIP_consensus_validation
wbm-3-33688,I8 Pr2,I-Pr,2|I-Pr,500,raw_only_requested_budget,0,13,0,13,False,-0.010675,True,0.4762353019999938,False,labelable_current_MP_hull,stable_to_unstable,True,True,False,True,False,0.615345,-0.615345,True,True,-1.51317,-1.5023,3,not_available_for_wbm_queue_chgnet_mace_missing,1,4.878567267768081,10.0,3.390907121405556,39.685851537379705,265,False,False,False,False,near_hull_25meV_boundary,False,candidate_level_explanation_not_MLIP_consensus_validation
wbm-3-33715,Gd2 I2,Gd-I,2|Gd-I,300,PARC_release,6,6,6,0,True,-0.943493,True,-1.0801470000000002,True,labelable_current_MP_hull,stable_to_stable,False,False,False,False,False,1.111446,-1.111446,True,False,0.0340399999999999,-0.7599,3,not_available_for_wbm_queue_chgnet_mace_missing,0,164.72520471273907,10.0,5.651511869009259,10.139041049228304,37,False,False,False,False,t1_stable_or_true_release,False,candidate_level_explanation_not_MLIP_consensus_validation
wbm-3-33715,Gd2 I2,Gd-I,2|Gd-I,500,PARC_release,6,6,6,0,True,-0.943493,True,-1.0801470000000002,True,labelable_current_MP_hull,stable_to_stable,False,False,False,False,False,1.111446,-1.111446,True,False,0.0340399999999999,-0.7599,3,not_available_for_wbm_queue_chgnet_mace_missing,0,164.72520471273907,10.0,3.390907121405556,13.924506444478084,21,False,False,False,False,t1_stable_or_true_release,False,candidate_level_explanation_not_MLIP_consensus_validation
wbm-3-34422,Gd2 I2 In1,Gd-I-In,3|Gd-I,300,PARC_release,1,11,1,10,True,-0.587981,True,-1.115595000000006,True,labelable_current_MP_hull,stable_to_stable,False,False,False,False,False,0.843686,-0.843686,True,False,-1.13295,-1.1696,3,not_available_for_wbm_queue_chgnet_mace_missing,0,18.566685755496703,10.0,5.273725046222098,19.83000681704263,4,False,False,False,False,t1_stable_or_true_release,False,candidate_level_explanation_not_MLIP_consensus_validation
wbm-3-34422,Gd2 I2 In1,Gd-I-In,3|Gd-I,500,raw_only_requested_budget,0,11,0,11,False,-0.587981,True,-1.115595000000006,True,labelable_current_MP_hull,stable_to_stable,False,False,False,False,False,0.843686,-0.843686,True,False,-1.13295,-1.1696,3,not_available_for_wbm_queue_chgnet_mace_missing,0,18.566685755496703,10.0,3.164235027733259,39.685851537379705,29,False,False,False,False,t1_stable_or_true_release,False,candidate_level_explanation_not_MLIP_consensus_validation
wbm-3-34442,Gd2 I2 In2,Gd-I-In,3|Gd-I,500,raw_only_requested_budget,0,3,0,3,False,-0.283682,True,-0.8768160000000051,True,labelable_current_MP_hull,stable_to_stable,False,False,False,False,False,0.570066,-0.570066,True,False,-0.6503600000000002,-0.9493,3,not_available_for_wbm_queue_chgnet_mace_missing,0,3.590371789108786,10.0,2.009647497495417,39.685851537379705,412,False,False,False,False,t1_stable_or_true_release,False,candidate_level_explanation_not_MLIP_consensus_validation
wbm-3-34798,Br6 Er1 K2,Br-Er-K,3|Br-Er,300,PARC_release,11,11,11,0,True,-0.97205,True,-1.9451239999999927,True,labelable_current_MP_hull,stable_to_stable,False,False,False,False,False,1.501726,-1.501726,True,False,-2.08735,-1.9322,3,not_available_for_wbm_queue_chgnet_mace_missing,0,164.80390769444054,10.0,5.651511869009259,10.926127664038065,28,False,False,False,False,t1_stable_or_true_release,False,candidate_level_explanation_not_MLIP_consensus_validation
wbm-3-34798,Br6 Er1 K2,Br-Er-K,3|Br-Er,500,PARC_release,11,11,11,0,True,-0.97205,True,-1.9451239999999927,True,labelable_current_MP_hull,stable_to_stable,False,False,False,False,False,1.501726,-1.501726,True,False,-2.08735,-1.9322,3,not_available_for_wbm_queue_chgnet_mace_missing,0,164.80390769444054,10.0,3.390907121405556,12.726465504194358,9,False,False,False,False,t1_stable_or_true_release,False,candidate_level_explanation_not_MLIP_consensus_validation
wbm-3-34978,Br6 Er1 K3,Br-Er-K,3|Br-Er,300,PARC_release,11,11,11,0,True,-0.928315,True,-2.206335999999993,True,labelable_current_MP_hull,stable_to_stable,False,False,False,False,False,1.2388790000000005,-1.2388790000000005,True,False,-2.15287,-2.161,3,not_available_for_wbm_queue_chgnet_mace_missing,0,164.80390769444054,10.0,5.651511869009259,10.926127664038065,45,True,True,True,True,t1_stable_or_true_release,False,candidate_level_explanation_not_MLIP_consensus_validation
wbm-3-34978,Br6 Er1 K3,Br-Er-K,3|Br-Er,500,PARC_release,11,11,11,0,True,-0.928315,True,-2.206335999999993,True,labelable_current_MP_hull,stable_to_stable,False,False,False,False,False,1.2388790000000005,-1.2388790000000005,True,False,-2.15287,-2.161,3,not_available_for_wbm_queue_chgnet_mace_missing,0,164.80390769444054,10.0,3.390907121405556,12.726465504194358,14,True,True,True,True,t1_stable_or_true_release,False,candidate_level_explanation_not_MLIP_consensus_validation
wbm-3-35114,Br8 K2 Rb2,Br-K-Rb,3|Br-K,500,raw_only_requested_budget,0,7,0,7,False,0.033696,False,-1.3862999999999983,True,labelable_current_MP_hull,unstable_to_stable,False,False,False,True,False,0.5993039999999998,-0.5993039999999998,True,False,-1.27334,-1.0403,3,not_available_for_wbm_queue_chgnet_mace_missing,0,4.656253816440382,10.0,3.390907121405556,33.106904168958664,306,False,False,False,False,t1_stable_or_true_release,False,candidate_level_explanation_not_MLIP_consensus_validation
wbm-3-35118,Br6 Er1 K1 Rb2,Br-Er-K-Rb,4|Br-Er,300,PARC_release,11,11,11,0,True,-0.910099,True,-2.1846820000000022,True,labelable_current_MP_hull,stable_to_stable,False,False,False,False,False,1.189717,-1.189717,True,False,-2.11798,-2.0337,3,not_available_for_wbm_queue_chgnet_mace_missing,0,164.84325750151808,10.0,5.273725046222098,19.83000681704263,19,True,False,True,True,t1_stable_or_true_release,False,candidate_level_explanation_not_MLIP_consensus_validation
wbm-3-35118,Br6 Er1 K1 Rb2,Br-Er-K-Rb,4|Br-Er,500,PARC_release,11,11,11,0,True,-0.910099,True,-2.1846820000000022,True,labelable_current_MP_hull,stable_to_stable,False,False,False,False,False,1.189717,-1.189717,True,False,-2.11798,-2.0337,3,not_available_for_wbm_queue_chgnet_mace_missing,0,164.84325750151808,10.0,3.164235027733259,39.685851537379705,5,True,False,True,True,t1_stable_or_true_release,False,candidate_level_explanation_not_MLIP_consensus_validation
wbm-3-35747,K1 Pa1 Te2,K-Pa-Te,3|K-Pa,300,raw_only_requested_budget,0,2,0,2,False,-0.274511,True,-1.1230330000000066,True,labelable_current_MP_hull,stable_to_stable,False,False,False,False,False,0.649678,-0.649678,True,False,-1.28508,-1.1919,3,not_available_for_wbm_queue_chgnet_mace_missing,0,5.124887778235971,10.0,2.195811353831729,19.83000681704263,222,False,False,False,False,t1_stable_or_true_release,False,candidate_level_explanation_not_MLIP_consensus_validation
wbm-3-35747,K1 Pa1 Te2,K-Pa-Te,3|K-Pa,500,raw_only_requested_budget,0,7,0,7,False,-0.274511,True,-1.1230330000000066,True,labelable_current_MP_hull,stable_to_stable,False,False,False,False,False,0.649678,-0.649678,True,False,-1.28508,-1.1919,3,not_available_for_wbm_queue_chgnet_mace_missing,0,6.179385168110146,10.0,3.164235027733259,39.685851537379705,217,False,False,False,False,t1_stable_or_true_release,False,candidate_level_explanation_not_MLIP_consensus_validation
wbm-3-36015,Ba1 F6 Li2,Ba-F-Li,3|Ba-F,300,raw_only_requested_budget,0,12,0,12,False,0.064794,False,3.497571110000001,False,labelable_current_MP_hull,unstable_to_unstable,True,False,False,False,False,0.7259439999999997,-0.7259439999999997,True,True,-2.8774,-3.2293,3,not_available_for_wbm_queue_chgnet_mace_missing,1,9.121010416574991,10.0,5.157690443561848,19.83000681704263,55,False,False,False,False,ALIGNN_FF_disagrees_with_current_MP_label,False,candidate_level_explanation_not_MLIP_consensus_validation
wbm-3-36015,Ba1 F6 Li2,Ba-F-Li,3|Ba-F,500,raw_only_requested_budget,0,12,0,12,False,0.064794,False,3.497571110000001,False,labelable_current_MP_hull,unstable_to_unstable,True,False,False,False,False,0.7259439999999997,-0.7259439999999997,True,True,-2.8774,-3.2293,3,not_available_for_wbm_queue_chgnet_mace_missing,1,9.121010416574991,10.0,3.094614266137109,39.685851537379705,105,False,False,False,False,ALIGNN_FF_disagrees_with_current_MP_label,False,candidate_level_explanation_not_MLIP_consensus_validation
wbm-3-36017,F6 Li2 Mg1,F-Li-Mg,3|F-Li,500,raw_only_requested_budget,0,1,0,1,False,0.031797,False,2.172616577777779,False,labelable_current_MP_hull,unstable_to_unstable,True,False,False,True,False,0.583053,-0.583053,True,True,-2.55186,-3.1363,3,not_available_for_wbm_queue_chgnet_mace_missing,1,4.049213506737862,10.0,1.251612471684086,33.106904168958664,422,False,False,False,False,near_hull_50meV_boundary,False,candidate_level_explanation_not_MLIP_consensus_validation
wbm-3-36018,F6 Li2 Pa1,F-Li-Pa,3|F-Li,300,PARC_release,10,10,10,0,True,-2.335524,True,-3.742596999999998,True,labelable_current_MP_hull,stable_to_stable,False,False,False,False,False,2.663427,-2.663427,True,False,-3.79894,-4.0049,3,not_available_for_wbm_queue_chgnet_mace_missing,0,164.84325750151808,10.0,5.273725046222098,12.674371754430824,7,False,False,False,False,t1_stable_or_true_release,False,candidate_level_explanation_not_MLIP_consensus_validation
wbm-3-36018,F6 Li2 Pa1,F-Li-Pa,3|F-Li,500,PARC_release,10,10,10,0,True,-2.335524,True,-3.742596999999998,True,labelable_current_MP_hull,stable_to_stable,False,False,False,False,False,2.663427,-2.663427,True,False,-3.79894,-4.0049,3,not_available_for_wbm_queue_chgnet_mace_missing,0,164.84325750151808,10.0,3.164235027733259,33.106904168958664,7,False,False,False,False,t1_stable_or_true_release,False,candidate_level_explanation_not_MLIP_consensus_validation
wbm-3-36019,Ba1 Dy1 F8 Li2,Ba-Dy-F-Li,4|Ba-Dy,500,raw_only_requested_budget,0,8,0,8,False,0.01012,False,12.439608710833332,False,labelable_current_MP_hull,unstable_to_unstable,True,True,False,True,False,0.6073849999999998,-0.6073849999999998,True,True,-3.61502,-3.9116,3,not_available_for_wbm_queue_chgnet_mace_missing,1,4.955607335966234,10.0,3.390907121405556,33.106904168958664,288,False,False,False,False,near_hull_25meV_boundary,False,candidate_level_explanation_not_MLIP_consensus_validation
wbm-3-36020,Ba1 Er1 F8 Li2,Ba-Er-F-Li,4|Ba-Er,500,raw_only_requested_budget,0,5,0,5,False,0.022422,False,7.818983516666664,False,labelable_current_MP_hull,unstable_to_unstable,True,True,False,True,False,0.5903709999999998,-0.5903709999999998,True,True,-3.59558,-3.9249,3,not_available_for_wbm_queue_chgnet_mace_missing,1,4.330107757787691,10.0,2.8648490519503174,33.106904168958664,344,False,False,False,False,near_hull_25meV_boundary,False,candidate_level_explanation_not_MLIP_consensus_validation
wbm-3-36021,Ba1 F8 Gd1 Li2,Ba-F-Gd-Li,4|Ba-F,300,raw_only_requested_budget,0,1,0,1,False,-0.084854,True,1.1187968324999975,False,labelable_current_MP_hull,stable_to_unstable,True,False,False,False,False,0.6505760000000005,-0.6505760000000005,True,True,-3.720799999999999,-3.863,3,not_available_for_wbm_queue_chgnet_mace_missing,1,5.124887778235971,10.0,2.195811353831729,19.83000681704263,220,True,True,False,True,ALIGNN_FF_disagrees_with_current_MP_label,False,candidate_level_explanation_not_MLIP_consensus_validation
wbm-3-36021,Ba1 F8 Gd1 Li2,Ba-F-Gd-Li,4|Ba-F,500,raw_only_requested_budget,0,7,0,7,False,-0.084854,True,1.1187968324999975,False,labelable_current_MP_hull,stable_to_unstable,True,False,False,False,False,0.6505760000000005,-0.6505760000000005,True,True,-3.720799999999999,-3.863,3,not_available_for_wbm_queue_chgnet_mace_missing,1,6.179385168110146,10.0,3.164235027733259,39.685851537379705,214,True,True,False,True,ALIGNN_FF_disagrees_with_current_MP_label,False,candidate_level_explanation_not_MLIP_consensus_validation
wbm-3-36023,Ba1 F8 Ho1 Li2,Ba-F-Ho-Li,4|Ba-F,500,raw_only_requested_budget,0,5,0,5,False,0.008405,False,7.810972296666666,False,labelable_current_MP_hull,unstable_to_unstable,True,True,False,True,False,0.605686,-0.605686,True,True,-3.59558,-3.9179,3,not_available_for_wbm_queue_chgnet_mace_missing,1,4.876393465572375,10.0,2.9958499810476265,39.685851537379705,323,False,False,False,False,near_hull_25meV_boundary,False,candidate_level_explanation_not_MLIP_consensus_validation
wbm-3-36031,Ba1 F8 Li2 Sm1,Ba-F-Li-Sm,4|Ba-F,500,raw_only_requested_budget,0,4,0,4,False,0.016177,False,12.086570093333332,False,labelable_current_MP_hull,unstable_to_unstable,True,True,False,True,False,0.6014219999999999,-0.6014219999999999,True,True,-3.63146,-3.8798,3,not_available_for_wbm_queue_chgnet_mace_missing,1,4.6603988156775,10.0,2.9958499810476265,39.685851537379705,331,False,False,False,False,near_hull_25meV_boundary,False,candidate_level_explanation_not_MLIP_consensus_validation
wbm-3-36032,Ba1 F8 Li2 Tb1,Ba-F-Li-Tb,4|Ba-F,500,raw_only_requested_budget,0,4,0,4,False,0.016019,False,12.287767478333334,False,labelable_current_MP_hull,unstable_to_unstable,True,True,False,True,False,0.5991080000000002,-0.5991080000000002,True,True,-3.58649,-3.898,3,not_available_for_wbm_queue_chgnet_mace_missing,1,4.523692459240393,10.0,2.9958499810476265,39.685851537379705,339,False,False,False,False,near_hull_25meV_boundary,False,candidate_level_explanation_not_MLIP_consensus_validation
wbm-3-36033,Ba1 F8 Li2 Tm1,Ba-F-Li-Tm,4|Ba-F,500,raw_only_requested_budget,0,1,0,1,False,0.022682,False,3.774716424166668,False,labelable_current_MP_hull,unstable_to_unstable,True,True,False,True,False,0.5834020000000004,-0.5834020000000004,True,True,-3.5879800000000004,-3.9345,3,not_available_for_wbm_queue_chgnet_mace_missing,1,3.589577174881951,10.0,1.3174868122990375,39.685851537379705,386,False,False,False,False,near_hull_25meV_boundary,False,candidate_level_explanation_not_MLIP_consensus_validation
wbm-3-36038,Ca1 Dy1 F8 Li2,Ca-Dy-F-Li,4|Ca-Dy,500,raw_only_requested_budget,0,8,0,8,False,-0.00631,True,11.760837079166665,False,labelable_current_MP_hull,stable_to_unstable,True,True,False,True,False,0.6318989999999998,-0.6318989999999998,True,True,-3.69365,-3.9183,3,not_available_for_wbm_queue_chgnet_mace_missing,1,5.495635967569599,10.0,3.164235027733259,13.924506444478084,252,False,False,False,False,near_hull_25meV_boundary,False,candidate_level_explanation_not_MLIP_consensus_validation
wbm-3-36039,Ca1 Er1 F8 Li2,Ca-Er-F-Li,4|Ca-Er,500,raw_only_requested_budget,0,8,0,8,False,-0.009173,True,7.138234885000001,False,labelable_current_MP_hull,stable_to_unstable,True,True,False,True,False,0.6329729999999998,-0.6329729999999998,True,True,-3.644610000000001,-3.9288,3,not_available_for_wbm_queue_chgnet_mace_missing,1,5.499319737403038,10.0,2.930007124321305,33.106904168958664,248,False,False,False,False,near_hull_25meV_boundary,False,candidate_level_explanation_not_MLIP_consensus_validation
wbm-3-36041,Ca1 F8 Gd1 Li2,Ca-F-Gd-Li,4|Ca-F,300,raw_only_requested_budget,0,6,0,6,False,-0.099296,True,0.4420132008333297,False,labelable_current_MP_hull,stable_to_unstable,True,False,False,False,False,0.6917900000000001,-0.6917900000000001,True,True,-3.73244,-3.9359,3,not_available_for_wbm_queue_chgnet_mace_missing,1,7.075164301635225,10.0,4.774748419917196,10.926127664038065,122,True,True,False,True,ALIGNN_FF_disagrees_with_current_MP_label,False,candidate_level_explanation_not_MLIP_consensus_validation
wbm-3-36041,Ca1 F8 Gd1 Li2,Ca-F-Gd-Li,4|Ca-F,500,raw_only_requested_budget,0,8,0,8,False,-0.099296,True,0.4420132008333297,False,labelable_current_MP_hull,stable_to_unstable,True,False,False,False,False,0.6917900000000001,-0.6917900000000001,True,True,-3.73244,-3.9359,3,not_available_for_wbm_queue_chgnet_mace_missing,1,8.073456234017344,10.0,2.930007124321305,7.78141055913941,135,True,True,False,True,ALIGNN_FF_disagrees_with_current_MP_label,False,candidate_level_explanation_not_MLIP_consensus_validation
wbm-3-36043,Ca1 F8 Ho1 Li2,Ca-F-Ho-Li,4|Ca-F,500,raw_only_requested_budget,0,8,0,8,False,-0.00904,True,7.131185665000002,False,labelable_current_MP_hull,stable_to_unstable,True,True,False,True,False,0.6351,-0.6351,True,True,-3.644610000000001,-3.9218,3,not_available_for_wbm_queue_chgnet_mace_missing,1,5.60194196438162,10.0,2.930007124321305,7.78141055913941,224,False,False,False,False,near_hull_25meV_boundary,False,candidate_level_explanation_not_MLIP_consensus_validation
wbm-3-36044,Ca1 F8 In1 Li2,Ca-F-In-Li,4|Ca-F,500,raw_only_requested_budget,0,1,0,1,False,0.015363,False,1.0867123691666691,False,labelable_current_MP_hull,unstable_to_unstable,True,True,False,True,False,0.5700510000000003,-0.5700510000000003,True,True,-3.06379,-3.4305,3,not_available_for_wbm_queue_chgnet_mace_missing,1,3.85183074227887,10.0,1.779032210897582,0.3328937406812571,430,False,False,False,False,near_hull_25meV_boundary,False,candidate_level_explanation_not_MLIP_consensus_validation
wbm-3-36049,Ca1 F8 Li2 Pa1,Ca-F-Li-Pa,4|Ca-F,300,PARC_release,8,8,8,0,True,-1.753513,True,0.158734200833333,False,labelable_current_MP_hull,stable_to_unstable,True,False,False,False,False,2.083728,-2.083728,True,True,-3.94961,-4.1969,3,not_available_for_wbm_queue_chgnet_mace_missing,1,164.72520471273907,10.0,4.883345207202175,10.926127664038065,8,False,False,False,False,ALIGNN_FF_disagrees_with_current_MP_label,False,candidate_level_explanation_not_MLIP_consensus_validation
wbm-3-36049,Ca1 F8 Li2 Pa1,Ca-F-Li-Pa,4|Ca-F,500,PARC_release,8,8,8,0,True,-1.753513,True,0.158734200833333,False,labelable_current_MP_hull,stable_to_unstable,True,False,False,False,False,2.083728,-2.083728,True,True,-3.94961,-4.1969,3,not_available_for_wbm_queue_chgnet_mace_missing,1,164.72520471273907,10.0,2.930007124321305,7.78141055913941,6,False,False,False,False,ALIGNN_FF_disagrees_with_current_MP_label,False,candidate_level_explanation_not_MLIP_consensus_validation
wbm-3-36050,Ca1 F8 Li2 Pr1,Ca-F-Li-Pr,4|Ca-F,500,raw_only_requested_budget,0,1,0,1,False,0.010765,False,10.997009224166662,False,labelable_current_MP_hull,unstable_to_unstable,True,True,False,True,False,0.571081,-0.571081,True,True,-3.73814,-3.8882,3,not_available_for_wbm_queue_chgnet_mace_missing,1,3.85183074227887,10.0,1.779032210897582,0.3328937406812571,428,False,False,False,False,near_hull_25meV_boundary,False,candidate_level_explanation_not_MLIP_consensus_validation
wbm-3-36052,Ca1 F8 Li2 Sc1,Ca-F-Li-Sc,4|Ca-F,500,raw_only_requested_budget,0,2,0,2,False,0.020728,False,14.863401089444446,False,labelable_current_MP_hull,unstable_to_unstable,True,True,False,True,False,0.5825169999999997,-0.5825169999999997,True,True,-3.4542899999999994,-3.8699,3,not_available_for_wbm_queue_chgnet_mace_missing,1,4.050112112583752,10.0,2.8648490519503174,6.361295373094599,364,False,False,False,False,near_hull_25meV_boundary,False,candidate_level_explanation_not_MLIP_consensus_validation
wbm-3-36053,Ca1 F8 Li2 Sm1,Ca-F-Li-Sm,4|Ca-F,500,raw_only_requested_budget,0,2,0,2,False,0.004427,False,11.412478461666668,False,labelable_current_MP_hull,unstable_to_unstable,True,True,False,True,False,0.5806360000000002,-0.5806360000000002,True,True,-3.73251,-3.9028,3,not_available_for_wbm_queue_chgnet_mace_missing,1,4.050112112583752,10.0,2.8648490519503174,6.361295373094599,373,False,False,False,False,near_hull_25meV_boundary,False,candidate_level_explanation_not_MLIP_consensus_validation
wbm-3-36055,Ca1 F8 Li2 Tb1,Ca-F-Li-Tb,4|Ca-F,500,raw_only_requested_budget,0,8,0,8,False,-0.004315,True,11.609974846666669,False,labelable_current_MP_hull,stable_to_unstable,True,True,False,True,False,0.6131050000000005,-0.6131050000000005,True,True,-3.63749,-3.9107,3,not_available_for_wbm_queue_chgnet_mace_missing,1,4.955607335966234,10.0,2.930007124321305,7.78141055913941,282,False,False,False,False,near_hull_25meV_boundary,False,candidate_level_explanation_not_MLIP_consensus_validation
wbm-3-36058,Ca1 F8 Li2 Tm1,Ca-F-Li-Tm,4|Ca-F,300,raw_only_requested_budget,0,8,0,8,False,-0.131841,True,3.0926117925,False,labelable_current_MP_hull,stable_to_unstable,True,False,False,False,False,0.7565760000000004,-0.7565760000000004,True,True,-3.65175,-3.935,3,not_available_for_wbm_queue_chgnet_mace_missing,1,11.358042279988403,10.0,4.883345207202175,10.926127664038065,45,True,True,False,True,ALIGNN_FF_disagrees_with_current_MP_label,False,candidate_level_explanation_not_MLIP_consensus_validation
wbm-3-36058,Ca1 F8 Li2 Tm1,Ca-F-Li-Tm,4|Ca-F,500,raw_only_requested_budget,0,8,0,8,False,-0.131841,True,3.0926117925,False,labelable_current_MP_hull,stable_to_unstable,True,False,False,False,False,0.7565760000000004,-0.7565760000000004,True,True,-3.65175,-3.935,3,not_available_for_wbm_queue_chgnet_mace_missing,1,11.358042279988403,10.0,2.930007124321305,7.78141055913941,70,True,True,False,True,ALIGNN_FF_disagrees_with_current_MP_label,False,candidate_level_explanation_not_MLIP_consensus_validation
wbm-3-36062,Ca1 F8 Li2 Y1,Ca-F-Li-Y,4|Ca-F,500,raw_only_requested_budget,0,8,0,8,False,0.01002,False,12.003666599999995,False,labelable_current_MP_hull,unstable_to_unstable,True,True,False,True,False,0.6142180000000002,-0.6142180000000002,True,True,-3.6387,-3.9164,3,not_available_for_wbm_queue_chgnet_mace_missing,1,5.03762514135281,10.0,2.930007124321305,7.78141055913941,278,False,False,False,False,near_hull_25meV_boundary,False,candidate_level_explanation_not_MLIP_consensus_validation
wbm-3-36108,Ca1 F8 Li2 Mg1,Ca-F-Li-Mg,4|Ca-F,500,raw_only_requested_budget,0,7,0,7,False,0.030017,False,4.603184134166666,False,labelable_current_MP_hull,unstable_to_unstable,True,False,False,True,False,0.6080730000000001,-0.6080730000000001,True,True,-2.98672,-3.4273,3,not_available_for_wbm_queue_chgnet_mace_missing,1,4.955607335966234,10.0,2.930007124321305,7.200346742687962,295,False,False,False,False,near_hull_50meV_boundary,False,candidate_level_explanation_not_MLIP_consensus_validation
wbm-3-36133,F8 Li2 Sc1 Sr1,F-Li-Sc-Sr,4|F-Li,500,raw_only_requested_budget,0,5,0,5,False,0.029889,False,15.614190270555548,False,labelable_current_MP_hull,unstable_to_unstable,True,False,False,True,False,0.606948,-0.606948,True,True,-3.55561,-3.8746,3,not_available_for_wbm_queue_chgnet_mace_missing,1,5.03762514135281,10.0,3.390907121405556,13.924506444478084,289,False,False,False,False,near_hull_50meV_boundary,False,candidate_level_explanation_not_MLIP_consensus_validation
wbm-3-3614,Al2 Br6 Er2,Al-Br-Er,3|Al-Br,300,raw_only_requested_budget,0,2,0,2,False,-0.100719,True,-1.365526000000003,True,labelable_current_MP_hull,stable_to_stable,False,False,False,False,False,0.6394930000000001,-0.6394930000000001,True,False,-1.46401,-1.3752,3,not_available_for_wbm_queue_chgnet_mace_missing,0,5.708748797738672,10.0,2.965053684829303,19.83000681704263,240,False,False,False,False,t1_stable_or_true_release,False,candidate_level_explanation_not_MLIP_consensus_validation
wbm-3-3614,Al2 Br6 Er2,Al-Br-Er,3|Al-Br,500,raw_only_requested_budget,0,13,0,13,False,-0.100719,True,-1.365526000000003,True,labelable_current_MP_hull,stable_to_stable,False,False,False,False,False,0.6394930000000001,-0.6394930000000001,True,False,-1.46401,-1.3752,3,not_available_for_wbm_queue_chgnet_mace_missing,0,5.932026426840391,10.0,3.390907121405556,39.685851537379705,216,False,False,False,False,t1_stable_or_true_release,False,candidate_level_explanation_not_MLIP_consensus_validation
wbm-3-36145,Dy1 F8 Li2 Sr1,Dy-F-Li-Sr,4|Dy-F,300,raw_only_requested_budget,0,2,0,2,False,-0.002187,True,12.43420680583333,False,labelable_current_MP_hull,stable_to_unstable,True,True,False,True,False,0.6379300000000003,-0.6379300000000003,True,True,-3.67183,-3.9552,3,not_available_for_wbm_queue_chgnet_mace_missing,1,4.801978237054699,10.0,2.195811353831729,19.83000681704263,249,True,True,True,True,near_hull_25meV_boundary,False,candidate_level_explanation_not_MLIP_consensus_validation
wbm-3-36145,Dy1 F8 Li2 Sr1,Dy-F-Li-Sr,4|Dy-F,500,raw_only_requested_budget,0,8,0,8,False,-0.002187,True,12.43420680583333,False,labelable_current_MP_hull,stable_to_unstable,True,True,False,True,False,0.6379300000000003,-0.6379300000000003,True,True,-3.67183,-3.9552,3,not_available_for_wbm_queue_chgnet_mace_missing,1,5.70492179840587,10.0,3.164235027733259,39.685851537379705,241,True,True,True,True,near_hull_25meV_boundary,False,candidate_level_explanation_not_MLIP_consensus_validation
wbm-3-36146,Er1 F8 Li2 Sr1,Er-F-Li-Sr,4|Er-F,300,raw_only_requested_budget,0,1,0,1,False,-0.005132,True,7.811522611666662,False,labelable_current_MP_hull,stable_to_unstable,True,True,False,True,False,0.6401040000000005,-0.6401040000000005,True,True,-3.65845,-3.954,3,not_available_for_wbm_queue_chgnet_mace_missing,1,4.878567267768081,10.0,2.195811353831729,19.83000681704263,245,True,True,True,True,near_hull_25meV_boundary,False,candidate_level_explanation_not_MLIP_consensus_validation
wbm-3-36146,Er1 F8 Li2 Sr1,Er-F-Li-Sr,4|Er-F,500,raw_only_requested_budget,0,10,0,10,False,-0.005132,True,7.811522611666662,False,labelable_current_MP_hull,stable_to_unstable,True,True,False,True,False,0.6401040000000005,-0.6401040000000005,True,True,-3.65845,-3.954,3,not_available_for_wbm_queue_chgnet_mace_missing,1,5.70492179840587,10.0,3.390907121405556,39.685851537379705,213,True,True,True,True,near_hull_25meV_boundary,False,candidate_level_explanation_not_MLIP_consensus_validation
wbm-3-36148,F8 Gd1 Li2 Sr1,F-Gd-Li-Sr,4|F-Gd,300,raw_only_requested_budget,0,8,0,8,False,-0.096766,True,1.1137899275000027,False,labelable_current_MP_hull,stable_to_unstable,True,False,False,False,False,0.7297210000000005,-0.7297210000000005,True,True,-3.7503,-3.9307,3,not_available_for_wbm_queue_chgnet_mace_missing,1,9.421999145266588,10.0,5.157690443561848,16.36323504953147,51,True,True,False,True,ALIGNN_FF_disagrees_with_current_MP_label,False,candidate_level_explanation_not_MLIP_consensus_validation
wbm-3-36148,F8 Gd1 Li2 Sr1,F-Gd-Li-Sr,4|F-Gd,500,raw_only_requested_budget,0,8,0,8,False,-0.096766,True,1.1137899275000027,False,labelable_current_MP_hull,stable_to_unstable,True,False,False,False,False,0.7297210000000005,-0.7297210000000005,True,True,-3.7503,-3.9307,3,not_available_for_wbm_queue_chgnet_mace_missing,1,9.421999145266588,10.0,3.094614266137109,33.106904168958664,100,True,True,False,True,ALIGNN_FF_disagrees_with_current_MP_label,False,candidate_level_explanation_not_MLIP_consensus_validation
wbm-3-36150,F8 Ho1 Li2 Sr1,F-Ho-Li-Sr,4|F-Ho,300,raw_only_requested_budget,0,2,0,2,False,-0.005496,True,7.803976391666664,False,labelable_current_MP_hull,stable_to_unstable,True,True,False,True,False,0.6422310000000002,-0.6422310000000002,True,True,-3.65845,-3.9478,3,not_available_for_wbm_queue_chgnet_mace_missing,1,4.878567267768081,10.0,2.195811353831729,19.83000681704263,241,True,True,True,True,near_hull_25meV_boundary,False,candidate_level_explanation_not_MLIP_consensus_validation
wbm-3-36150,F8 Ho1 Li2 Sr1,F-Ho-Li-Sr,4|F-Ho,500,raw_only_requested_budget,0,10,0,10,False,-0.005496,True,7.803976391666664,False,labelable_current_MP_hull,stable_to_unstable,True,True,False,True,False,0.6422310000000002,-0.6422310000000002,True,True,-3.65845,-3.9478,3,not_available_for_wbm_queue_chgnet_mace_missing,1,5.60444434620063,10.0,3.164235027733259,39.685851537379705,213,True,True,True,True,near_hull_25meV_boundary,False,candidate_level_explanation_not_MLIP_consensus_validation
wbm-3-36154,F8 Li2 Nd1 Sr1,F-Li-Nd-Sr,4|F-Li,500,raw_only_requested_budget,0,2,0,2,False,0.027716,False,12.59564081,False,labelable_current_MP_hull,unstable_to_unstable,True,False,False,True,False,0.5809310000000001,-0.5809310000000001,True,True,-3.71769,-3.8762,3,not_available_for_wbm_queue_chgnet_mace_missing,1,3.85183074227887,10.0,3.390907121405556,11.493608026395536,348,False,False,False,False,near_hull_50meV_boundary,False,candidate_level_explanation_not_MLIP_consensus_validation
wbm-3-36157,F8 Li2 Pr1 Sr1,F-Li-Pr-Sr,4|F-Li,500,raw_only_requested_budget,0,5,0,5,False,0.009329,False,11.664818950833334,False,labelable_current_MP_hull,unstable_to_unstable,True,True,False,True,False,0.6069109999999998,-0.6069109999999998,True,True,-3.70331,-3.8684,3,not_available_for_wbm_queue_chgnet_mace_missing,1,5.03762514135281,10.0,3.390907121405556,13.924506444478084,290,False,False,False,False,near_hull_25meV_boundary,False,candidate_level_explanation_not_MLIP_consensus_validation
wbm-3-36160,F8 Li2 Sm1 Sr1,F-Li-Sm-Sr,4|F-Li,500,raw_only_requested_budget,0,7,0,7,False,0.005041,False,12.08233918833333,False,labelable_current_MP_hull,unstable_to_unstable,True,True,False,True,False,0.6199669999999999,-0.6199669999999999,True,True,-3.71589,-3.9177,3,not_available_for_wbm_queue_chgnet_mace_missing,1,5.210704400324024,10.0,3.390907121405556,13.924506444478084,255,False,False,False,False,near_hull_25meV_boundary,False,candidate_level_explanation_not_MLIP_consensus_validation
wbm-3-36163,F8 Li2 Sr1 Tb1,F-Li-Sr-Tb,4|F-Li,500,raw_only_requested_budget,0,2,0,2,False,-0.000704,True,12.282832573333328,False,labelable_current_MP_hull,stable_to_unstable,True,True,False,True,False,0.5800359999999993,-0.5800359999999993,True,True,-3.76565,-3.8932,3,not_available_for_wbm_queue_chgnet_mace_missing,1,3.805454301334989,10.0,3.390907121405556,11.493608026395536,353,False,False,False,False,near_hull_25meV_boundary,False,candidate_level_explanation_not_MLIP_consensus_validation
wbm-3-36165,F8 Li2 Sr1 Tm1,F-Li-Sr-Tm,4|F-Li,300,raw_only_requested_budget,0,7,0,7,False,-0.127165,True,3.7665355191666654,False,labelable_current_MP_hull,stable_to_unstable,True,False,False,False,False,0.7615080000000001,-0.7615080000000001,True,True,-3.655769999999999,-3.9619,3,not_available_for_wbm_queue_chgnet_mace_missing,1,12.418401164876764,10.0,5.651511869009259,12.171561895162212,8,True,True,False,True,ALIGNN_FF_disagrees_with_current_MP_label,False,candidate_level_explanation_not_MLIP_consensus_validation
wbm-3-36165,F8 Li2 Sr1 Tm1,F-Li-Sr-Tm,4|F-Li,500,raw_only_requested_budget,0,7,0,7,False,-0.127165,True,3.7665355191666654,False,labelable_current_MP_hull,stable_to_unstable,True,False,False,False,False,0.7615080000000001,-0.7615080000000001,True,True,-3.655769999999999,-3.9619,3,not_available_for_wbm_queue_chgnet_mace_missing,1,12.418401164876764,10.0,3.390907121405556,13.924506444478084,87,True,True,False,True,ALIGNN_FF_disagrees_with_current_MP_label,False,candidate_level_explanation_not_MLIP_consensus_validation
wbm-3-36168,F8 Li2 Sr1 Yb1,F-Li-Sr-Yb,4|F-Li,500,raw_only_requested_budget,0,2,0,2,False,0.02782,False,,False,unresolved_current_MP_missing_element_reference,unstable_to_unresolved,True,False,False,True,False,0.5762259999999997,-0.5762259999999997,True,True,-3.2847699999999995,-3.6273,3,not_available_for_wbm_queue_chgnet_mace_missing,1,3.760255914968469,10.0,3.390907121405556,11.493608026395536,364,False,False,False,False,unresolved_current_MP_hull_reference,False,candidate_level_explanation_not_MLIP_consensus_validation
wbm-3-36169,F8 Li2 Sr1 Y1,F-Li-Sr-Y,4|F-Li,500,raw_only_requested_budget,0,7,0,7,False,0.012792,False,12.675685326666668,False,labelable_current_MP_hull,unstable_to_unstable,True,True,False,True,False,0.6231490000000002,-0.6231490000000002,True,True,-3.64495,-3.9359,3,not_available_for_wbm_queue_chgnet_mace_missing,1,5.3970196914062205,10.0,3.390907121405556,13.924506444478084,249,False,False,False,False,near_hull_25meV_boundary,False,candidate_level_explanation_not_MLIP_consensus_validation
wbm-3-36182,F8 Li2 Tm1 Yb1,F-Li-Tm-Yb,4|F-Li,500,raw_only_requested_budget,0,7,0,7,False,-0.133621,True,,False,unresolved_current_MP_missing_element_reference,stable_to_unresolved,True,False,False,False,False,0.6347169999999993,-0.6347169999999993,True,True,-3.68074,-4.0481,3,not_available_for_wbm_queue_chgnet_mace_missing,1,5.816104394315984,10.0,3.390907121405556,13.924506444478084,223,False,False,False,False,unresolved_current_MP_hull_reference,False,candidate_level_explanation_not_MLIP_consensus_validation
wbm-3-36185,Ba1 F8 Li2 Y1,Ba-F-Li-Y,4|Ba-F,500,raw_only_requested_budget,0,2,0,2,False,0.025948,False,23.8485237566667,False,labelable_current_MP_hull,unstable_to_unstable,True,False,False,True,False,0.589804,-0.589804,True,True,-3.5766000000000004,-3.9084,3,not_available_for_wbm_queue_chgnet_mace_missing,1,4.105881916099603,10.0,2.109993696019431,39.685851537379705,368,False,False,False,False,near_hull_50meV_boundary,False,candidate_level_explanation_not_MLIP_consensus_validation
wbm-3-3635,Al2 Br2 Er2,Al-Br-Er,3|Al-Br,500,raw_only_requested_budget,0,6,0,6,False,-0.341309,True,-1.2332310000000175,True,labelable_current_MP_hull,stable_to_stable,False,False,False,False,False,0.5826779999999999,-0.5826779999999999,True,False,-1.3702,-1.3744,3,not_available_for_wbm_queue_chgnet_mace_missing,0,4.050112112583752,10.0,3.390907121405556,39.685851537379705,341,False,False,False,False,t1_stable_or_true_release,False,candidate_level_explanation_not_MLIP_consensus_validation
wbm-3-36718,Br6 Er1 Li1 Rb2,Br-Er-Li-Rb,4|Br-Er,300,PARC_release,7,11,7,4,True,-0.635276,True,-2.1649889999999985,True,labelable_current_MP_hull,stable_to_stable,False,False,False,False,False,0.9233870000000002,-0.9233870000000002,True,False,-2.12427,-2.1127,3,not_available_for_wbm_queue_chgnet_mace_missing,0,40.05234125627107,10.0,5.273725046222098,19.83000681704263,12,True,True,True,True,t1_stable_or_true_release,False,candidate_level_explanation_not_MLIP_consensus_validation
wbm-3-36718,Br6 Er1 Li1 Rb2,Br-Er-Li-Rb,4|Br-Er,500,PARC_release,1,11,1,10,True,-0.635276,True,-2.1649889999999985,True,labelable_current_MP_hull,stable_to_stable,False,False,False,False,False,0.9233870000000002,-0.9233870000000002,True,False,-2.12427,-2.1127,3,not_available_for_wbm_queue_chgnet_mace_missing,0,40.05234125627107,10.0,3.164235027733259,39.685851537379705,1,True,True,True,True,t1_stable_or_true_release,False,candidate_level_explanation_not_MLIP_consensus_validation
wbm-3-36743,Cl8 Co2 Li2,Cl-Co-Li,3|Cl-Co,500,raw_only_requested_budget,0,11,0,11,False,-0.151551,True,-1.3547889999999967,True,labelable_current_MP_hull,stable_to_stable,False,False,False,False,False,0.6380619999999999,-0.6380619999999999,True,False,-1.34798,-1.7881,3,not_available_for_wbm_queue_chgnet_mace_missing,0,5.932026426840391,10.0,3.390907121405556,7.545591709829708,218,False,False,False,False,t1_stable_or_true_release,False,candidate_level_explanation_not_MLIP_consensus_validation
wbm-3-36854,F8 Li2 Mg2,F-Li-Mg,3|F-Li,500,raw_only_requested_budget,0,10,0,10,False,0.031983,False,4.298524866666668,False,labelable_current_MP_hull,unstable_to_unstable,True,False,False,True,False,0.6144919999999998,-0.6144919999999998,True,True,-3.05706,-3.3505,3,not_available_for_wbm_queue_chgnet_mace_missing,1,5.03762514135281,10.0,3.164235027733259,33.106904168958664,304,False,False,False,False,near_hull_50meV_boundary,False,candidate_level_explanation_not_MLIP_consensus_validation
wbm-3-36858,F8 Li2 Pa2,F-Li-Pa,3|F-Li,300,PARC_release,10,10,10,0,True,-2.474685,True,-3.529982999999998,True,labelable_current_MP_hull,stable_to_stable,False,False,False,False,False,3.0798020000000004,-3.0798020000000004,True,False,-3.66399,-3.8955,3,not_available_for_wbm_queue_chgnet_mace_missing,0,164.84325750151808,10.0,5.273725046222098,12.674371754430824,1,False,False,False,False,t1_stable_or_true_release,False,candidate_level_explanation_not_MLIP_consensus_validation
wbm-3-36858,F8 Li2 Pa2,F-Li-Pa,3|F-Li,500,PARC_release,10,10,10,0,True,-2.474685,True,-3.529982999999998,True,labelable_current_MP_hull,stable_to_stable,False,False,False,False,False,3.0798020000000004,-3.0798020000000004,True,False,-3.66399,-3.8955,3,not_available_for_wbm_queue_chgnet_mace_missing,0,164.84325750151808,10.0,3.164235027733259,33.106904168958664,1,False,False,False,False,t1_stable_or_true_release,False,candidate_level_explanation_not_MLIP_consensus_validation
wbm-3-36863,F8 Li2 Sr2,F-Li-Sr,3|F-Li,500,raw_only_requested_budget,0,10,0,10,False,0.021591,False,6.239877854999998,False,labelable_current_MP_hull,unstable_to_unstable,True,True,False,True,False,0.612317,-0.612317,True,True,-3.24765,-3.523,3,not_available_for_wbm_queue_chgnet_mace_missing,1,5.03762514135281,10.0,3.164235027733259,33.106904168958664,316,False,False,False,False,near_hull_25meV_boundary,False,candidate_level_explanation_not_MLIP_consensus_validation
wbm-3-3776,Al1 Cl6 Cs2,Al-Cl-Cs,3|Al-Cl,500,raw_only_requested_budget,0,4,0,4,False,0.028533,False,-1.9501540000000048,True,labelable_current_MP_hull,unstable_to_stable,False,False,False,True,False,0.5922130000000001,-0.5922130000000001,True,False,-2.07592,-2.5549,3,not_available_for_wbm_queue_chgnet_mace_missing,0,4.271583347731171,10.0,2.205735700331769,39.685851537379705,361,False,False,False,False,t1_stable_or_true_release,False,candidate_level_explanation_not_MLIP_consensus_validation
wbm-3-38570,Br6 Mg2,Br-Mg,2|Br-Mg,300,raw_only_requested_budget,0,9,0,9,False,0.045805,False,-1.3939980000000034,True,labelable_current_MP_hull,unstable_to_stable,False,False,False,True,False,0.7042969999999997,-0.7042969999999997,True,False,-1.35102,-1.2601,3,not_available_for_wbm_queue_chgnet_mace_missing,0,8.314929611426463,10.0,5.273725046222098,12.171561895162212,84,False,False,False,False,t1_stable_or_true_release,False,candidate_level_explanation_not_MLIP_consensus_validation
wbm-3-38570,Br6 Mg2,Br-Mg,2|Br-Mg,500,raw_only_requested_budget,0,10,0,10,False,0.045805,False,-1.3939980000000034,True,labelable_current_MP_hull,unstable_to_stable,False,False,False,True,False,0.7042969999999997,-0.7042969999999997,True,False,-1.35102,-1.2601,3,not_available_for_wbm_queue_chgnet_mace_missing,0,8.314929611426463,10.0,3.164235027733259,13.924506444478084,137,False,False,False,False,t1_stable_or_true_release,False,candidate_level_explanation_not_MLIP_consensus_validation
wbm-3-38571,Br6 Mg2,Br-Mg,2|Br-Mg,300,raw_only_requested_budget,0,10,0,10,False,0.018379,False,-1.4214240000000018,True,labelable_current_MP_hull,unstable_to_stable,False,True,False,True,False,0.7273969999999998,-0.7273969999999998,True,False,-1.52032,-1.2608,3,not_available_for_wbm_queue_chgnet_mace_missing,0,9.121010416574991,10.0,5.273725046222098,12.171561895162212,53,False,False,False,False,t1_stable_or_true_release,False,candidate_level_explanation_not_MLIP_consensus_validation
wbm-3-38571,Br6 Mg2,Br-Mg,2|Br-Mg,500,raw_only_requested_budget,0,10,0,10,False,0.018379,False,-1.4214240000000018,True,labelable_current_MP_hull,unstable_to_stable,False,True,False,True,False,0.7273969999999998,-0.7273969999999998,True,False,-1.52032,-1.2608,3,not_available_for_wbm_queue_chgnet_mace_missing,0,9.121010416574991,10.0,3.164235027733259,13.924506444478084,103,False,False,False,False,t1_stable_or_true_release,False,candidate_level_explanation_not_MLIP_consensus_validation
wbm-3-38572,Br6 Mg2,Br-Mg,2|Br-Mg,500,raw_only_requested_budget,0,8,0,8,False,0.023235,False,-1.416567999999998,True,labelable_current_MP_hull,unstable_to_stable,False,True,False,True,False,0.603497,-0.603497,True,False,-1.1661100000000002,-1.4394,3,not_available_for_wbm_queue_chgnet_mace_missing,0,4.876393465572375,10.0,3.094614266137109,13.924506444478084,324,False,False,False,False,t1_stable_or_true_release,False,candidate_level_explanation_not_MLIP_consensus_validation
wbm-3-38574,Br8 Mg2,Br-Mg,2|Br-Mg,300,raw_only_requested_budget,0,10,0,10,False,-0.109247,True,-1.2610950000000043,True,labelable_current_MP_hull,stable_to_stable,False,False,False,False,False,0.7402519999999999,-0.7402519999999999,True,False,-1.03672,-1.1405,3,not_available_for_wbm_queue_chgnet_mace_missing,0,10.500196984850524,10.0,5.273725046222098,12.171561895162212,36,False,False,False,False,t1_stable_or_true_release,False,candidate_level_explanation_not_MLIP_consensus_validation
wbm-3-38574,Br8 Mg2,Br-Mg,2|Br-Mg,500,raw_only_requested_budget,0,10,0,10,False,-0.109247,True,-1.2610950000000043,True,labelable_current_MP_hull,stable_to_stable,False,False,False,False,False,0.7402519999999999,-0.7402519999999999,True,False,-1.03672,-1.1405,3,not_available_for_wbm_queue_chgnet_mace_missing,0,10.500196984850524,10.0,3.164235027733259,13.924506444478084,88,False,False,False,False,t1_stable_or_true_release,False,candidate_level_explanation_not_MLIP_consensus_validation
wbm-3-38575,Br8 Mg2,Br-Mg,2|Br-Mg,300,PARC_release,4,10,4,6,True,-0.199022,True,-1.3508700000000005,True,labelable_current_MP_hull,stable_to_stable,False,False,False,False,False,0.8882519999999998,-0.8882519999999998,True,False,-0.94614,-1.1809,3,not_available_for_wbm_queue_chgnet_mace_missing,0,34.12656697602882,10.0,5.273725046222098,12.171561895162212,5,True,False,True,True,t1_stable_or_true_release,False,candidate_level_explanation_not_MLIP_consensus_validation
wbm-3-38575,Br8 Mg2,Br-Mg,2|Br-Mg,500,PARC_release,1,10,1,9,True,-0.199022,True,-1.3508700000000005,True,labelable_current_MP_hull,stable_to_stable,False,False,False,False,False,0.8882519999999998,-0.8882519999999998,True,False,-0.94614,-1.1809,3,not_available_for_wbm_queue_chgnet_mace_missing,0,34.12656697602882,10.0,3.164235027733259,13.924506444478084,8,True,False,True,True,t1_stable_or_true_release,False,candidate_level_explanation_not_MLIP_consensus_validation
wbm-3-38577,Br6 Mg1 Rb2,Br-Mg-Rb,3|Br-Mg,500,raw_only_requested_budget,0,4,0,4,False,0.036913,False,-1.542068999999998,True,labelable_current_MP_hull,unstable_to_stable,False,False,False,True,False,0.5802179999999999,-0.5802179999999999,True,False,-1.64867,-1.4501,3,not_available_for_wbm_queue_chgnet_mace_missing,0,4.050112112583752,10.0,1.875624074609153,33.106904168958664,390,False,False,False,False,t1_stable_or_true_release,False,candidate_level_explanation_not_MLIP_consensus_validation
wbm-3-38649,Cl6 Mg2,Cl-Mg,2|Cl-Mg,300,PARC_release,3,9,3,6,True,0.09391,False,-1.6052500000000016,True,labelable_current_MP_hull,unstable_to_stable,False,False,False,False,False,0.8371400000000002,-0.8371400000000002,True,False,-1.06608,-2.102,3,not_available_for_wbm_queue_chgnet_mace_missing,0,18.566685755496703,10.0,5.273725046222098,19.83000681704263,8,False,False,False,False,t1_stable_or_true_release,False,candidate_level_explanation_not_MLIP_consensus_validation
wbm-3-38649,Cl6 Mg2,Cl-Mg,2|Cl-Mg,500,raw_only_requested_budget,0,9,0,9,False,0.09391,False,-1.6052500000000016,True,labelable_current_MP_hull,unstable_to_stable,False,False,False,False,False,0.8371400000000002,-0.8371400000000002,True,False,-1.06608,-2.102,3,not_available_for_wbm_queue_chgnet_mace_missing,0,18.566685755496703,10.0,3.164235027733259,39.685851537379705,15,False,False,False,False,t1_stable_or_true_release,False,candidate_level_explanation_not_MLIP_consensus_validation
wbm-3-38660,Cl6 Mg1 Rb2,Cl-Mg-Rb,3|Cl-Mg,500,raw_only_requested_budget,0,10,0,10,False,0.062203,False,1.8537612233333327,False,labelable_current_MP_hull,unstable_to_unstable,True,False,False,False,False,0.6148899999999997,-0.6148899999999997,True,True,-1.7868899999999996,-2.306,3,not_available_for_wbm_queue_chgnet_mace_missing,1,5.03762514135281,10.0,3.094614266137109,39.685851537379705,294,False,False,False,False,ALIGNN_FF_disagrees_with_current_MP_label,False,candidate_level_explanation_not_MLIP_consensus_validation
wbm-3-38661,Cl6 Mg1 Rb2,Cl-Mg-Rb,3|Cl-Mg,500,raw_only_requested_budget,0,10,0,10,False,-0.001699,True,1.7898602233333314,False,labelable_current_MP_hull,stable_to_unstable,True,True,False,True,False,0.6172909999999998,-0.6172909999999998,True,True,-1.81261,-2.2109,3,not_available_for_wbm_queue_chgnet_mace_missing,1,5.122601899014496,10.0,3.094614266137109,39.685851537379705,286,False,False,False,False,near_hull_25meV_boundary,False,candidate_level_explanation_not_MLIP_consensus_validation
wbm-3-38662,Cl6 Cs2 Mg1 Rb1,Cl-Cs-Mg-Rb,4|Cl-Cs,500,raw_only_requested_budget,0,4,0,4,False,0.036443,False,1.182532400999996,False,labelable_current_MP_hull,unstable_to_unstable,True,False,False,True,False,0.5738779999999997,-0.5738779999999997,True,True,-2.12737,-2.4481,3,not_available_for_wbm_queue_chgnet_mace_missing,1,3.899432953096361,10.0,3.390907121405556,39.685851537379705,369,False,False,False,False,near_hull_50meV_boundary,False,candidate_level_explanation_not_MLIP_consensus_validation
wbm-3-41495,Br6 Mn2,Br-Mn,2|Br-Mn,300,raw_only_requested_budget,0,10,0,10,False,-0.22323,True,-1.1419889999999953,True,labelable_current_MP_hull,stable_to_stable,False,False,False,False,False,0.7370410000000001,-0.7370410000000001,True,False,-0.97731,-1.1453,3,not_available_for_wbm_queue_chgnet_mace_missing,0,10.493075434558586,10.0,5.273725046222098,19.83000681704263,80,True,False,True,True,t1_stable_or_true_release,False,candidate_level_explanation_not_MLIP_consensus_validation
wbm-3-41495,Br6 Mn2,Br-Mn,2|Br-Mn,500,raw_only_requested_budget,0,10,0,10,False,-0.22323,True,-1.1419889999999953,True,labelable_current_MP_hull,stable_to_stable,False,False,False,False,False,0.7370410000000001,-0.7370410000000001,True,False,-0.97731,-1.1453,3,not_available_for_wbm_queue_chgnet_mace_missing,0,10.493075434558586,10.0,3.164235027733259,39.685851537379705,115,True,False,True,True,t1_stable_or_true_release,False,candidate_level_explanation_not_MLIP_consensus_validation
wbm-3-42967,Mn1 Pm1 Te2,Mn-Pm-Te,3|Mn-Pm,300,PARC_release,2,13,2,11,True,-0.480103,True,-0.7835120000000018,True,labelable_current_MP_hull,stable_to_stable,False,False,False,False,False,0.8379909999999999,-0.8379909999999999,True,False,-0.8648800000000001,-0.8599,3,not_available_for_wbm_queue_chgnet_mace_missing,0,20.06858724156635,10.0,4.993083301746044,19.83000681704263,7,False,False,False,False,t1_stable_or_true_release,False,candidate_level_explanation_not_MLIP_consensus_validation
wbm-3-42967,Mn1 Pm1 Te2,Mn-Pm-Te,3|Mn-Pm,500,raw_only_requested_budget,0,13,0,13,False,-0.480103,True,-0.7835120000000018,True,labelable_current_MP_hull,stable_to_stable,False,False,False,False,False,0.8379909999999999,-0.8379909999999999,True,False,-0.8648800000000001,-0.8599,3,not_available_for_wbm_queue_chgnet_mace_missing,0,20.06858724156635,10.0,2.9958499810476265,39.685851537379705,13,False,False,False,False,t1_stable_or_true_release,False,candidate_level_explanation_not_MLIP_consensus_validation
wbm-3-44771,Br2 Er4 N2,Br-Er-N,3|Br-Er,300,PARC_release,11,11,11,0,True,-0.548562,True,-1.5270549999999972,True,labelable_current_MP_hull,stable_to_stable,False,False,False,False,False,0.965607,-0.965607,True,False,-1.55009,-1.4584,3,not_available_for_wbm_queue_chgnet_mace_missing,0,62.74118413416109,10.0,5.651511869009259,10.926127664038065,94,False,False,False,False,t1_stable_or_true_release,False,candidate_level_explanation_not_MLIP_consensus_validation
wbm-3-44771,Br2 Er4 N2,Br-Er-N,3|Br-Er,500,PARC_release,6,11,6,5,True,-0.548562,True,-1.5270549999999972,True,labelable_current_MP_hull,stable_to_stable,False,False,False,False,False,0.965607,-0.965607,True,False,-1.55009,-1.4584,3,not_available_for_wbm_queue_chgnet_mace_missing,0,62.74118413416109,10.0,3.390907121405556,12.726465504194358,6,False,False,False,False,t1_stable_or_true_release,False,candidate_level_explanation_not_MLIP_consensus_validation
wbm-3-44830,Cl2 N2 Pa2,Cl-N-Pa,3|Cl-N,500,raw_only_requested_budget,0,2,0,2,False,-0.207656,True,4.010247745555553,False,labelable_current_MP_hull,stable_to_unstable,True,False,False,False,False,0.5848450000000001,-0.5848450000000001,True,True,-2.13478,-2.368,3,not_available_for_wbm_queue_chgnet_mace_missing,1,3.6304841720963936,10.0,3.390907121405556,39.685851537379705,334,False,False,False,False,ALIGNN_FF_disagrees_with_current_MP_label,False,candidate_level_explanation_not_MLIP_consensus_validation
wbm-3-44989,F2 N2 Pa2,F-N-Pa,3|F-N,300,PARC_release,12,12,12,0,True,-1.633659,True,-1.6808433766666688,True,labelable_current_MP_hull,stable_to_stable,False,False,False,False,False,1.950072,-1.950072,True,False,-2.9070400000000003,-3.2276,3,not_available_for_wbm_queue_chgnet_mace_missing,0,164.84325750151808,10.0,5.157690443561848,19.83000681704263,7,False,False,False,False,t1_stable_or_true_release,False,candidate_level_explanation_not_MLIP_consensus_validation
wbm-3-44989,F2 N2 Pa2,F-N-Pa,3|F-N,500,PARC_release,12,12,12,0,True,-1.633659,True,-1.6808433766666688,True,labelable_current_MP_hull,stable_to_stable,False,False,False,False,False,1.950072,-1.950072,True,False,-2.9070400000000003,-3.2276,3,not_available_for_wbm_queue_chgnet_mace_missing,0,164.84325750151808,10.0,3.094614266137109,39.685851537379705,12,False,False,False,False,t1_stable_or_true_release,False,candidate_level_explanation_not_MLIP_consensus_validation
wbm-3-4510,Al1 Gd3 I3,Al-Gd-I,3|Al-Gd,300,raw_only_requested_budget,0,8,0,8,False,-0.497011,True,-1.0645450000000096,True,labelable_current_MP_hull,stable_to_stable,False,False,False,False,False,0.6692659999999998,-0.6692659999999998,True,False,-0.95572,-1.0526,3,not_available_for_wbm_queue_chgnet_mace_missing,0,6.599351864309193,10.0,4.774748419917196,19.83000681704263,149,False,False,False,False,t1_stable_or_true_release,False,candidate_level_explanation_not_MLIP_consensus_validation
wbm-3-4510,Al1 Gd3 I3,Al-Gd-I,3|Al-Gd,500,raw_only_requested_budget,0,13,0,13,False,-0.497011,True,-1.0645450000000096,True,labelable_current_MP_hull,stable_to_stable,False,False,False,False,False,0.6692659999999998,-0.6692659999999998,True,False,-0.95572,-1.0526,3,not_available_for_wbm_queue_chgnet_mace_missing,0,6.747081012892613,10.0,2.9958499810476265,39.685851537379705,162,False,False,False,False,t1_stable_or_true_release,False,candidate_level_explanation_not_MLIP_consensus_validation
wbm-3-45128,Gd2 I2 N1,Gd-I-N,3|Gd-I,300,PARC_release,9,11,9,2,True,-0.712843,True,-1.4710500000000053,True,labelable_current_MP_hull,stable_to_stable,False,False,False,False,False,0.951193,-0.951193,True,False,-1.32634,-1.3613,3,not_available_for_wbm_queue_chgnet_mace_missing,0,62.75590229824352,10.0,5.273725046222098,19.83000681704263,13,False,False,False,False,t1_stable_or_true_release,False,candidate_level_explanation_not_MLIP_consensus_validation
wbm-3-45128,Gd2 I2 N1,Gd-I-N,3|Gd-I,500,PARC_release,4,11,4,7,True,-0.712843,True,-1.4710500000000053,True,labelable_current_MP_hull,stable_to_stable,False,False,False,False,False,0.951193,-0.951193,True,False,-1.32634,-1.3613,3,not_available_for_wbm_queue_chgnet_mace_missing,0,62.75590229824352,10.0,3.164235027733259,39.685851537379705,12,False,False,False,False,t1_stable_or_true_release,False,candidate_level_explanation_not_MLIP_consensus_validation
wbm-3-45144,Gd2 I1 N1,Gd-I-N,3|Gd-I,500,raw_only_requested_budget,0,11,0,11,False,-0.366314,True,-1.3140810000000016,True,labelable_current_MP_hull,stable_to_stable,False,False,False,False,False,0.620733,-0.620733,True,False,-1.36817,-1.3849,3,not_available_for_wbm_queue_chgnet_mace_missing,0,5.040995851113241,10.0,3.164235027733259,39.685851537379705,287,False,False,False,False,t1_stable_or_true_release,False,candidate_level_explanation_not_MLIP_consensus_validation
wbm-3-45870,Na4 Pa2 Se6,Na-Pa-Se,3|Na-Pa,300,raw_only_requested_budget,0,4,0,4,False,-0.409173,True,-1.5553139999999956,True,labelable_current_MP_hull,stable_to_stable,False,False,False,False,False,0.6646589999999999,-0.6646589999999999,True,False,-1.6108900000000002,-1.5879,3,not_available_for_wbm_queue_chgnet_mace_missing,0,6.182153285800492,10.0,3.4584028822849744,19.83000681704263,193,False,False,False,False,t1_stable_or_true_release,False,candidate_level_explanation_not_MLIP_consensus_validation
wbm-3-45870,Na4 Pa2 Se6,Na-Pa-Se,3|Na-Pa,500,raw_only_requested_budget,0,10,0,10,False,-0.409173,True,-1.5553139999999956,True,labelable_current_MP_hull,stable_to_stable,False,False,False,False,False,0.6646589999999999,-0.6646589999999999,True,False,-1.6108900000000002,-1.5879,3,not_available_for_wbm_queue_chgnet_mace_missing,0,6.906959060696608,10.0,3.164235027733259,39.685851537379705,191,False,False,False,False,t1_stable_or_true_release,False,candidate_level_explanation_not_MLIP_consensus_validation
wbm-3-46128,Br6 Er1 Na1 Rb2,Br-Er-Na-Rb,4|Br-Er,300,PARC_release,7,11,7,4,True,-0.636921,True,-2.170013999999988,True,labelable_current_MP_hull,stable_to_stable,False,False,False,False,False,0.922507,-0.922507,True,False,-2.0992500000000005,-2.0149,3,not_available_for_wbm_queue_chgnet_mace_missing,0,40.05234125627107,10.0,5.273725046222098,19.83000681704263,13,True,False,True,True,t1_stable_or_true_release,False,candidate_level_explanation_not_MLIP_consensus_validation
wbm-3-46128,Br6 Er1 Na1 Rb2,Br-Er-Na-Rb,4|Br-Er,500,PARC_release,1,11,1,10,True,-0.636921,True,-2.170013999999988,True,labelable_current_MP_hull,stable_to_stable,False,False,False,False,False,0.922507,-0.922507,True,False,-2.0992500000000005,-2.0149,3,not_available_for_wbm_queue_chgnet_mace_missing,0,40.05234125627107,10.0,3.164235027733259,39.685851537379705,2,True,False,True,True,t1_stable_or_true_release,False,candidate_level_explanation_not_MLIP_consensus_validation
wbm-3-46409,Gd2 I6 Na2,Gd-I-Na,3|Gd-I,500,raw_only_requested_budget,0,6,0,6,False,-0.401488,True,-1.5003730000000033,True,labelable_current_MP_hull,stable_to_stable,False,False,False,False,False,0.595615,-0.595615,True,False,-1.40573,-1.517,3,not_available_for_wbm_queue_chgnet_mace_missing,0,4.271583347731171,10.0,2.9958499810476265,39.685851537379705,345,False,False,False,False,t1_stable_or_true_release,False,candidate_level_explanation_not_MLIP_consensus_validation
wbm-3-46799,Na1 Pa1 Se2,Na-Pa-Se,3|Na-Pa,300,PARC_release,1,10,1,9,True,-0.428955,True,-1.4897500000000008,True,labelable_current_MP_hull,stable_to_stable,False,False,False,False,False,0.8040050000000001,-0.8040050000000001,True,False,-1.6409200000000002,-1.5617,3,not_available_for_wbm_queue_chgnet_mace_missing,0,16.21597714020033,10.0,5.273725046222098,19.83000681704263,2,False,False,False,False,t1_stable_or_true_release,False,candidate_level_explanation_not_MLIP_consensus_validation
wbm-3-46799,Na1 Pa1 Se2,Na-Pa-Se,3|Na-Pa,500,raw_only_requested_budget,0,10,0,10,False,-0.428955,True,-1.4897500000000008,True,labelable_current_MP_hull,stable_to_stable,False,False,False,False,False,0.8040050000000001,-0.8040050000000001,True,False,-1.6409200000000002,-1.5617,3,not_available_for_wbm_queue_chgnet_mace_missing,0,16.21597714020033,10.0,3.164235027733259,39.685851537379705,30,False,False,False,False,t1_stable_or_true_release,False,candidate_level_explanation_not_MLIP_consensus_validation
wbm-3-48751,Br6 Ni2,Br-Ni,2|Br-Ni,500,raw_only_requested_budget,0,4,0,4,False,-0.103932,True,-0.7096820000000008,True,labelable_current_MP_hull,stable_to_stable,False,False,False,False,False,0.6043499999999999,-0.6043499999999999,True,False,-0.62628,-0.6929,3,not_available_for_wbm_queue_chgnet_mace_missing,0,4.727915587350588,10.0,2.271035436710127,39.685851537379705,326,False,False,False,False,t1_stable_or_true_release,False,candidate_level_explanation_not_MLIP_consensus_validation
wbm-3-48752,Br6 Ni2,Br-Ni,2|Br-Ni,500,raw_only_requested_budget,0,6,0,6,False,-0.128522,True,-0.7342719999999971,True,labelable_current_MP_hull,stable_to_stable,False,False,False,False,False,0.6192500000000001,-0.6192500000000001,True,False,-0.71085,-0.5684,3,not_available_for_wbm_queue_chgnet_mace_missing,0,5.03987232555777,10.0,3.164235027733259,39.685851537379705,290,False,False,False,False,t1_stable_or_true_release,False,candidate_level_explanation_not_MLIP_consensus_validation
wbm-3-48753,Br8 Ni2,Br-Ni,2|Br-Ni,300,raw_only_requested_budget,0,6,0,6,False,-0.161914,True,-0.6465189999999978,True,labelable_current_MP_hull,stable_to_stable,False,False,False,False,False,0.7107950000000001,-0.7107950000000001,True,False,-0.57093,-0.4805,3,not_available_for_wbm_queue_chgnet_mace_missing,0,8.07163936515931,10.0,5.273725046222098,19.83000681704263,123,True,False,True,True,t1_stable_or_true_release,False,candidate_level_explanation_not_MLIP_consensus_validation
wbm-3-48753,Br8 Ni2,Br-Ni,2|Br-Ni,500,raw_only_requested_budget,0,6,0,6,False,-0.161914,True,-0.6465189999999978,True,labelable_current_MP_hull,stable_to_stable,False,False,False,False,False,0.7107950000000001,-0.7107950000000001,True,False,-0.57093,-0.4805,3,not_available_for_wbm_queue_chgnet_mace_missing,0,8.07163936515931,10.0,3.164235027733259,39.685851537379705,153,True,False,True,True,t1_stable_or_true_release,False,candidate_level_explanation_not_MLIP_consensus_validation
wbm-3-49958,Ni1 Pm1 Te2,Ni-Pm-Te,3|Ni-Pm,300,raw_only_requested_budget,0,9,0,9,False,-0.445741,True,3.543082537500002,False,labelable_current_MP_hull,stable_to_unstable,True,False,False,False,False,0.8096349999999999,-0.8096349999999999,True,True,-0.8878999999999999,-1.0026,3,not_available_for_wbm_queue_chgnet_mace_missing,1,16.21597714020033,10.0,5.651511869009259,12.674371754430824,2,False,False,False,False,ALIGNN_FF_disagrees_with_current_MP_label,False,candidate_level_explanation_not_MLIP_consensus_validation
wbm-3-49958,Ni1 Pm1 Te2,Ni-Pm-Te,3|Ni-Pm,500,raw_only_requested_budget,0,9,0,9,False,-0.445741,True,3.543082537500002,False,labelable_current_MP_hull,stable_to_unstable,True,False,False,False,False,0.8096349999999999,-0.8096349999999999,True,True,-0.8878999999999999,-1.0026,3,not_available_for_wbm_queue_chgnet_mace_missing,1,16.21597714020033,10.0,3.390907121405556,33.106904168958664,27,False,False,False,False,ALIGNN_FF_disagrees_with_current_MP_label,False,candidate_level_explanation_not_MLIP_consensus_validation
wbm-3-50545,La3 O6,La-O,2|La-O,300,raw_only_requested_budget,0,9,0,9,False,0.081878,False,21.83362849083333,False,labelable_current_MP_hull,unstable_to_unstable,True,False,False,False,False,0.695417,-0.695417,True,True,-3.926259999999999,-2.8889,3,not_available_for_wbm_queue_chgnet_mace_missing,1,8.314929611426463,10.0,5.651511869009259,16.36323504953147,101,False,False,False,False,ALIGNN_FF_disagrees_with_current_MP_label,False,candidate_level_explanation_not_MLIP_consensus_validation
wbm-3-50545,La3 O6,La-O,2|La-O,500,raw_only_requested_budget,0,13,0,13,False,0.081878,False,21.83362849083333,False,labelable_current_MP_hull,unstable_to_unstable,True,False,False,False,False,0.695417,-0.695417,True,True,-3.926259999999999,-2.8889,3,not_available_for_wbm_queue_chgnet_mace_missing,1,8.314929611426463,10.0,3.390907121405556,29.432650133714645,148,False,False,False,False,ALIGNN_FF_disagrees_with_current_MP_label,False,candidate_level_explanation_not_MLIP_consensus_validation
wbm-3-52079,Dy1 La1 O4,Dy-La-O,3|Dy-La,300,raw_only_requested_budget,0,7,0,7,False,0.137452,False,22.067821685000013,False,labelable_current_MP_hull,unstable_to_unstable,True,False,False,False,False,0.6689459999999996,-0.6689459999999996,True,True,-3.28236,-3.307,3,not_available_for_wbm_queue_chgnet_mace_missing,1,7.084698184134033,10.0,4.774748419917196,19.83000681704263,151,False,False,False,False,ALIGNN_FF_disagrees_with_current_MP_label,False,candidate_level_explanation_not_MLIP_consensus_validation
wbm-3-52079,Dy1 La1 O4,Dy-La-O,3|Dy-La,500,raw_only_requested_budget,0,10,0,10,False,0.137452,False,22.067821685000013,False,labelable_current_MP_hull,unstable_to_unstable,True,False,False,False,False,0.6689459999999996,-0.6689459999999996,True,True,-3.28236,-3.307,3,not_available_for_wbm_queue_chgnet_mace_missing,1,7.084698184134033,10.0,3.094614266137109,39.685851537379705,164,False,False,False,False,ALIGNN_FF_disagrees_with_current_MP_label,False,candidate_level_explanation_not_MLIP_consensus_validation
wbm-3-52080,Er1 La1 O4,Er-La-O,3|Er-La,300,raw_only_requested_budget,0,3,0,3,False,0.138623,False,22.183685996666675,False,labelable_current_MP_hull,unstable_to_unstable,True,False,False,False,False,0.6509850000000004,-0.6509850000000004,True,True,-3.25333,-3.3296,3,not_available_for_wbm_queue_chgnet_mace_missing,1,6.057070135766492,10.0,2.965053684829303,16.36323504953147,221,False,False,False,False,ALIGNN_FF_disagrees_with_current_MP_label,False,candidate_level_explanation_not_MLIP_consensus_validation
wbm-3-52080,Er1 La1 O4,Er-La-O,3|Er-La,500,raw_only_requested_budget,0,12,0,12,False,0.138623,False,22.183685996666675,False,labelable_current_MP_hull,unstable_to_unstable,True,False,False,False,False,0.6509850000000004,-0.6509850000000004,True,True,-3.25333,-3.3296,3,not_available_for_wbm_queue_chgnet_mace_missing,1,6.449904186024537,10.0,3.164235027733259,33.106904168958664,213,False,False,False,False,ALIGNN_FF_disagrees_with_current_MP_label,False,candidate_level_explanation_not_MLIP_consensus_validation
wbm-3-52085,Ho1 La1 O4,Ho-La-O,3|Ho-La,300,raw_only_requested_budget,0,2,0,2,False,0.137836,False,22.12275808916668,False,labelable_current_MP_hull,unstable_to_unstable,True,False,False,False,False,0.6607470000000002,-0.6607470000000002,True,True,-3.25333,-3.3208,3,not_available_for_wbm_queue_chgnet_mace_missing,1,6.454241865974273,10.0,3.349412495825695,12.171561895162212,207,False,False,False,False,ALIGNN_FF_disagrees_with_current_MP_label,False,candidate_level_explanation_not_MLIP_consensus_validation
wbm-3-52085,Ho1 La1 O4,Ho-La-O,3|Ho-La,500,raw_only_requested_budget,0,8,0,8,False,0.137836,False,22.12275808916668,False,labelable_current_MP_hull,unstable_to_unstable,True,False,False,False,False,0.6607470000000002,-0.6607470000000002,True,True,-3.25333,-3.3208,3,not_available_for_wbm_queue_chgnet_mace_missing,1,6.454241865974273,10.0,3.390907121405556,11.493608026395536,186,False,False,False,False,ALIGNN_FF_disagrees_with_current_MP_label,False,candidate_level_explanation_not_MLIP_consensus_validation
wbm-3-52086,La1 Lu1 O4,La-Lu-O,3|La-Lu,500,raw_only_requested_budget,0,12,0,12,False,0.142707,False,23.100599030833344,False,labelable_current_MP_hull,unstable_to_unstable,True,False,False,False,False,0.6291869999999999,-0.6291869999999999,True,True,-3.83903,-3.236,3,not_available_for_wbm_queue_chgnet_mace_missing,1,5.495635967569599,10.0,3.390907121405556,33.106904168958664,233,False,False,False,False,ALIGNN_FF_disagrees_with_current_MP_label,False,candidate_level_explanation_not_MLIP_consensus_validation
wbm-3-52095,La1 O4 Tm1,La-O-Tm,3|La-O,500,raw_only_requested_budget,0,11,0,11,False,0.138831,False,22.22841756166668,False,labelable_current_MP_hull,unstable_to_unstable,True,False,False,False,False,0.6198299999999999,-0.6198299999999999,True,True,-3.83316,-3.2386,3,not_available_for_wbm_queue_chgnet_mace_missing,1,5.210704400324024,10.0,3.390907121405556,29.432650133714645,257,False,False,False,False,ALIGNN_FF_disagrees_with_current_MP_label,False,candidate_level_explanation_not_MLIP_consensus_validation
wbm-3-5576,Al1 Pm1 Te2,Al-Pm-Te,3|Al-Pm,500,raw_only_requested_budget,0,1,0,1,False,-0.418297,True,-0.9124410000000012,True,labelable_current_MP_hull,stable_to_stable,False,False,False,False,False,0.5684560000000001,-0.5684560000000001,True,False,-1.0157899999999995,-1.0494,3,not_available_for_wbm_queue_chgnet_mace_missing,0,3.163574206719879,10.0,1.2178016109894885,29.432650133714645,414,False,False,False,False,t1_stable_or_true_release,False,candidate_level_explanation_not_MLIP_consensus_validation
wbm-3-56891,F4 O4 Pa4,F-O-Pa,3|F-O,300,PARC_release,9,9,9,0,True,-1.512202,True,-3.5288530000000016,True,labelable_current_MP_hull,stable_to_stable,False,False,False,False,False,1.7061490000000004,-1.7061490000000004,True,False,-3.62915,-3.7962,3,not_available_for_wbm_queue_chgnet_mace_missing,0,164.84325750151808,10.0,5.651511869009259,19.83000681704263,10,False,False,False,False,t1_stable_or_true_release,False,candidate_level_explanation_not_MLIP_consensus_validation
wbm-3-56891,F4 O4 Pa4,F-O-Pa,3|F-O,500,PARC_release,9,9,9,0,True,-1.512202,True,-3.5288530000000016,True,labelable_current_MP_hull,stable_to_stable,False,False,False,False,False,1.7061490000000004,-1.7061490000000004,True,False,-3.62915,-3.7962,3,not_available_for_wbm_queue_chgnet_mace_missing,0,164.84325750151808,10.0,3.390907121405556,39.685851537379705,13,False,False,False,False,t1_stable_or_true_release,False,candidate_level_explanation_not_MLIP_consensus_validation
wbm-3-58241,Br3 Er3 P1,Br-Er-P,3|Br-Er,300,PARC_release,11,11,11,0,True,-0.957654,True,-1.609355000000008,True,labelable_current_MP_hull,stable_to_stable,False,False,False,False,False,1.441199,-1.441199,True,False,-1.79971,-1.6551,3,not_available_for_wbm_queue_chgnet_mace_missing,0,164.80390769444054,10.0,5.651511869009259,10.926127664038065,32,False,False,False,False,t1_stable_or_true_release,False,candidate_level_explanation_not_MLIP_consensus_validation
wbm-3-58241,Br3 Er3 P1,Br-Er-P,3|Br-Er,500,PARC_release,11,11,11,0,True,-0.957654,True,-1.609355000000008,True,labelable_current_MP_hull,stable_to_stable,False,False,False,False,False,1.441199,-1.441199,True,False,-1.79971,-1.6551,3,not_available_for_wbm_queue_chgnet_mace_missing,0,164.80390769444054,10.0,3.390907121405556,12.726465504194358,5,False,False,False,False,t1_stable_or_true_release,False,candidate_level_explanation_not_MLIP_consensus_validation
wbm-3-58261,Br1 Er2 P1,Br-Er-P,3|Br-Er,300,PARC_release,11,11,11,0,True,-0.621559,True,-1.5379700000000014,True,labelable_current_MP_hull,stable_to_stable,False,False,False,False,False,0.9451889999999998,-0.9451889999999998,True,False,-1.57258,-1.5522,3,not_available_for_wbm_queue_chgnet_mace_missing,0,62.74118413416109,10.0,5.651511869009259,10.926127664038065,92,False,False,False,False,t1_stable_or_true_release,False,candidate_level_explanation_not_MLIP_consensus_validation
wbm-3-58261,Br1 Er2 P1,Br-Er-P,3|Br-Er,500,PARC_release,6,11,6,5,True,-0.621559,True,-1.5379700000000014,True,labelable_current_MP_hull,stable_to_stable,False,False,False,False,False,0.9451889999999998,-0.9451889999999998,True,False,-1.57258,-1.5522,3,not_available_for_wbm_queue_chgnet_mace_missing,0,62.74118413416109,10.0,3.390907121405556,12.726465504194358,11,False,False,False,False,t1_stable_or_true_release,False,candidate_level_explanation_not_MLIP_consensus_validation
wbm-3-58330,Cl2 Np2 P1,Cl-Np-P,3|Cl-Np,300,raw_only_requested_budget,0,3,0,3,False,0.061632,False,-1.478574000000009,True,labelable_current_MP_hull,unstable_to_stable,False,False,False,False,False,0.6587939999999999,-0.6587939999999999,True,False,-1.94574,-1.6863,3,not_available_for_wbm_queue_chgnet_mace_missing,0,6.055715038291497,10.0,3.349412495825695,19.83000681704263,207,False,False,False,False,t1_stable_or_true_release,False,candidate_level_explanation_not_MLIP_consensus_validation
wbm-3-58330,Cl2 Np2 P1,Cl-Np-P,3|Cl-Np,500,raw_only_requested_budget,0,11,0,11,False,0.061632,False,-1.478574000000009,True,labelable_current_MP_hull,unstable_to_stable,False,False,False,False,False,0.6587939999999999,-0.6587939999999999,True,False,-1.94574,-1.6863,3,not_available_for_wbm_queue_chgnet_mace_missing,0,6.458579042100912,10.0,3.390907121405556,39.685851537379705,188,False,False,False,False,t1_stable_or_true_release,False,candidate_level_explanation_not_MLIP_consensus_validation
wbm-3-59824,Ac2 Pd6,Ac-Pd,2|Ac-Pd,500,raw_only_requested_budget,0,12,0,12,False,-0.725375,True,-0.7253550000000004,True,labelable_current_MP_hull,stable_to_stable,False,False,False,False,False,0.62312,-0.62312,True,False,-0.65053,-0.7134,3,not_available_for_wbm_queue_chgnet_mace_missing,0,5.304480021591403,10.0,3.164235027733259,33.106904168958664,282,False,False,False,False,t1_stable_or_true_release,False,candidate_level_explanation_not_MLIP_consensus_validation
wbm-3-60533,Pm1 Pt5,Pm-Pt,2|Pm-Pt,500,raw_only_requested_budget,0,10,0,10,False,-0.689735,True,-0.6897700000000011,True,labelable_current_MP_hull,stable_to_stable,False,False,False,False,False,0.630665,-0.630665,True,False,0.1767099999999999,1.1185,3,not_available_for_wbm_queue_chgnet_mace_missing,0,5.495635967569599,10.0,3.164235027733259,12.726465504194358,236,False,False,False,False,t1_stable_or_true_release,False,candidate_level_explanation_not_MLIP_consensus_validation
wbm-3-60534,Pm1 Pt1,Pm-Pt,2|Pm-Pt,300,PARC_release,10,10,10,0,True,-1.069577,True,-1.0696150000000006,True,labelable_current_MP_hull,stable_to_stable,False,False,False,False,False,1.097062,-1.097062,True,False,-1.12329,-1.0373,3,not_available_for_wbm_queue_chgnet_mace_missing,0,164.72520471273907,10.0,5.273725046222098,12.171561895162212,42,False,False,False,False,t1_stable_or_true_release,False,candidate_level_explanation_not_MLIP_consensus_validation
wbm-3-60534,Pm1 Pt1,Pm-Pt,2|Pm-Pt,500,PARC_release,10,10,10,0,True,-1.069577,True,-1.0696150000000006,True,labelable_current_MP_hull,stable_to_stable,False,False,False,False,False,1.097062,-1.097062,True,False,-1.12329,-1.0373,3,not_available_for_wbm_queue_chgnet_mace_missing,0,164.72520471273907,10.0,3.164235027733259,12.726465504194358,42,False,False,False,False,t1_stable_or_true_release,False,candidate_level_explanation_not_MLIP_consensus_validation
wbm-3-60666,Ac2 Pt6,Ac-Pt,2|Ac-Pt,300,PARC_release,1,12,1,11,True,-0.73546,True,-0.7354780000000005,True,labelable_current_MP_hull,stable_to_stable,False,False,False,False,False,0.828982,-0.828982,True,False,-0.8788500000000001,-0.8559,3,not_available_for_wbm_queue_chgnet_mace_missing,0,17.3301600176195,10.0,5.651511869009259,19.83000681704263,9,False,False,False,False,t1_stable_or_true_release,False,candidate_level_explanation_not_MLIP_consensus_validation
wbm-3-60666,Ac2 Pt6,Ac-Pt,2|Ac-Pt,500,raw_only_requested_budget,0,12,0,12,False,-0.73546,True,-0.7354780000000005,True,labelable_current_MP_hull,stable_to_stable,False,False,False,False,False,0.828982,-0.828982,True,False,-0.8788500000000001,-0.8559,3,not_available_for_wbm_queue_chgnet_mace_missing,0,17.3301600176195,10.0,3.390907121405556,39.685851537379705,25,False,False,False,False,t1_stable_or_true_release,False,candidate_level_explanation_not_MLIP_consensus_validation
wbm-3-60989,Pa1 Rb1 Te2,Pa-Rb-Te,3|Pa-Rb,500,raw_only_requested_budget,0,10,0,10,False,-0.269151,True,-1.1075869999999988,True,labelable_current_MP_hull,stable_to_stable,False,False,False,False,False,0.6456639999999998,-0.6456639999999998,True,False,-1.27402,-1.2561,3,not_available_for_wbm_queue_chgnet_mace_missing,0,6.179385168110146,10.0,3.390907121405556,13.924506444478084,202,False,False,False,False,t1_stable_or_true_release,False,candidate_level_explanation_not_MLIP_consensus_validation
wbm-3-6307,As1 Br1 Er2,As-Br-Er,3|As-Br,300,PARC_release,10,11,10,1,True,-0.593304,True,-1.4062769999999991,True,labelable_current_MP_hull,stable_to_stable,False,False,False,False,False,0.946727,-0.946727,True,False,-1.53745,-1.482,3,not_available_for_wbm_queue_chgnet_mace_missing,0,62.74118413416109,10.0,5.651511869009259,12.674371754430824,9,False,False,False,False,t1_stable_or_true_release,False,candidate_level_explanation_not_MLIP_consensus_validation
wbm-3-6307,As1 Br1 Er2,As-Br-Er,3|As-Br,500,PARC_release,4,11,4,7,True,-0.593304,True,-1.4062769999999991,True,labelable_current_MP_hull,stable_to_stable,False,False,False,False,False,0.946727,-0.946727,True,False,-1.53745,-1.482,3,not_available_for_wbm_queue_chgnet_mace_missing,0,62.74118413416109,10.0,3.390907121405556,33.106904168958664,10,False,False,False,False,t1_stable_or_true_release,False,candidate_level_explanation_not_MLIP_consensus_validation
wbm-3-63478,Br4 Er2 S4,Br-Er-S,3|Br-Er,500,raw_only_requested_budget,0,9,0,9,False,-0.508033,True,-1.7621110000000044,True,labelable_current_MP_hull,stable_to_stable,False,False,False,False,False,0.608422,-0.608422,True,False,-1.62034,-1.6596,3,not_available_for_wbm_queue_chgnet_mace_missing,0,5.03762514135281,10.0,3.390907121405556,12.726465504194358,282,False,False,False,False,t1_stable_or_true_release,False,candidate_level_explanation_not_MLIP_consensus_validation
wbm-3-65363,Br2 Er2 S1,Br-Er-S,3|Br-Er,300,PARC_release,11,11,11,0,True,-1.298804,True,-2.179565999999994,True,labelable_current_MP_hull,stable_to_stable,False,False,False,False,False,1.3314380000000003,-1.3314380000000003,True,False,-2.04537,-2.0912,3,not_available_for_wbm_queue_chgnet_mace_missing,0,164.80390769444054,10.0,5.651511869009259,10.926127664038065,36,True,False,True,True,t1_stable_or_true_release,False,candidate_level_explanation_not_MLIP_consensus_validation
wbm-3-65363,Br2 Er2 S1,Br-Er-S,3|Br-Er,500,PARC_release,11,11,11,0,True,-1.298804,True,-2.179565999999994,True,labelable_current_MP_hull,stable_to_stable,False,False,False,False,False,1.3314380000000003,-1.3314380000000003,True,False,-2.04537,-2.0912,3,not_available_for_wbm_queue_chgnet_mace_missing,0,164.80390769444054,10.0,3.390907121405556,12.726465504194358,28,True,False,True,True,t1_stable_or_true_release,False,candidate_level_explanation_not_MLIP_consensus_validation
wbm-3-65379,Br2 Er2 S2,Br-Er-S,3|Br-Er,300,PARC_release,11,11,11,0,True,-0.929136,True,-2.397055999999992,True,labelable_current_MP_hull,stable_to_stable,False,False,False,False,False,1.05528,-1.05528,True,False,-2.25429,-2.2242,3,not_available_for_wbm_queue_chgnet_mace_missing,0,164.72520471273907,10.0,5.651511869009259,10.926127664038065,60,True,False,True,True,t1_stable_or_true_release,False,candidate_level_explanation_not_MLIP_consensus_validation
wbm-3-65379,Br2 Er2 S2,Br-Er-S,3|Br-Er,500,PARC_release,11,11,11,0,True,-0.929136,True,-2.397055999999992,True,labelable_current_MP_hull,stable_to_stable,False,False,False,False,False,1.05528,-1.05528,True,False,-2.25429,-2.2242,3,not_available_for_wbm_queue_chgnet_mace_missing,0,164.72520471273907,10.0,3.390907121405556,12.726465504194358,60,True,False,True,True,t1_stable_or_true_release,False,candidate_level_explanation_not_MLIP_consensus_validation
wbm-3-65598,Np2 S2 Te4,Np-S-Te,3|Np-S,500,raw_only_requested_budget,0,10,0,10,False,-0.017598,True,6.525832418749985,False,labelable_current_MP_hull,stable_to_unstable,True,True,False,True,False,0.6229060000000002,-0.6229060000000002,True,True,-1.52244,-1.0763,3,not_available_for_wbm_queue_chgnet_mace_missing,1,5.126030650240734,10.0,3.390907121405556,29.432650133714645,250,False,False,False,False,near_hull_25meV_boundary,False,candidate_level_explanation_not_MLIP_consensus_validation
wbm-3-65919,Gd2 I2 Sb1,Gd-I-Sb,3|Gd-I,300,PARC_release,11,11,11,0,True,-0.880328,True,-1.4939550000000068,True,labelable_current_MP_hull,stable_to_stable,False,False,False,False,False,1.062673,-1.062673,True,False,-1.51895,-1.4203,3,not_available_for_wbm_queue_chgnet_mace_missing,0,164.72520471273907,10.0,5.273725046222098,19.83000681704263,39,False,False,False,False,t1_stable_or_true_release,False,candidate_level_explanation_not_MLIP_consensus_validation
wbm-3-65919,Gd2 I2 Sb1,Gd-I-Sb,3|Gd-I,500,PARC_release,9,11,9,2,True,-0.880328,True,-1.4939550000000068,True,labelable_current_MP_hull,stable_to_stable,False,False,False,False,False,1.062673,-1.062673,True,False,-1.51895,-1.4203,3,not_available_for_wbm_queue_chgnet_mace_missing,0,164.72520471273907,10.0,3.164235027733259,39.685851537379705,3,False,False,False,False,t1_stable_or_true_release,False,candidate_level_explanation_not_MLIP_consensus_validation
wbm-3-65941,Gd2 I1 Sb1,Gd-I-Sb,3|Gd-I,300,raw_only_requested_budget,0,11,0,11,False,-0.233764,True,-0.970171999999998,True,labelable_current_MP_hull,stable_to_stable,False,False,False,False,False,0.722392,-0.722392,True,False,-1.3243900000000002,-1.1947,3,not_available_for_wbm_queue_chgnet_mace_missing,0,9.114841960315776,10.0,5.273725046222098,19.83000681704263,91,False,False,False,False,t1_stable_or_true_release,False,candidate_level_explanation_not_MLIP_consensus_validation
wbm-3-65941,Gd2 I1 Sb1,Gd-I-Sb,3|Gd-I,500,raw_only_requested_budget,0,11,0,11,False,-0.233764,True,-0.970171999999998,True,labelable_current_MP_hull,stable_to_stable,False,False,False,False,False,0.722392,-0.722392,True,False,-1.3243900000000002,-1.1947,3,not_available_for_wbm_queue_chgnet_mace_missing,0,9.114841960315776,10.0,3.164235027733259,39.685851537379705,132,False,False,False,False,t1_stable_or_true_release,False,candidate_level_explanation_not_MLIP_consensus_validation
wbm-3-66051,Pm1 Pt2 Sb1,Pm-Pt-Sb,3|Pm-Pt,500,raw_only_requested_budget,0,11,0,11,False,-0.538179,True,-0.7939229999999995,True,labelable_current_MP_hull,stable_to_stable,False,False,False,False,False,0.6302559999999999,-0.6302559999999999,True,False,-0.72235,-0.8648,3,not_available_for_wbm_queue_chgnet_mace_missing,0,5.495635967569599,10.0,3.390907121405556,39.685851537379705,229,False,False,False,False,t1_stable_or_true_release,False,candidate_level_explanation_not_MLIP_consensus_validation
wbm-3-66684,Br8 Sc2,Br-Sc,2|Br-Sc,500,raw_only_requested_budget,0,1,0,1,False,-0.12094,True,-1.8262959999999997,True,labelable_current_MP_hull,stable_to_stable,False,False,False,False,False,0.5549440000000001,-0.5549440000000001,True,False,-1.51173,-1.6661,3,not_available_for_wbm_queue_chgnet_mace_missing,0,2.9621815726991896,10.0,1.2178016109894885,29.432650133714645,455,False,False,False,False,t1_stable_or_true_release,False,candidate_level_explanation_not_MLIP_consensus_validation
wbm-3-67617,Np1 Se2,Np-Se,2|Np-Se,300,PARC_release,5,10,5,5,True,0.055951,False,-1.342097999999993,True,labelable_current_MP_hull,unstable_to_stable,False,False,False,False,False,0.902951,-0.902951,True,False,-1.98931,-1.4277,3,not_available_for_wbm_queue_chgnet_mace_missing,0,40.05234125627107,10.0,5.651511869009259,12.674371754430824,1,False,False,False,False,t1_stable_or_true_release,False,candidate_level_explanation_not_MLIP_consensus_validation
wbm-3-67617,Np1 Se2,Np-Se,2|Np-Se,500,PARC_release,1,10,1,9,True,0.055951,False,-1.342097999999993,True,labelable_current_MP_hull,unstable_to_stable,False,False,False,False,False,0.902951,-0.902951,True,False,-1.98931,-1.4277,3,not_available_for_wbm_queue_chgnet_mace_missing,0,40.05234125627107,10.0,3.390907121405556,33.106904168958664,4,False,False,False,False,t1_stable_or_true_release,False,candidate_level_explanation_not_MLIP_consensus_validation
wbm-3-67623,Pa2 Se4,Pa-Se,2|Pa-Se,300,PARC_release,4,11,4,7,True,-0.471366,True,-1.5443819999999846,True,labelable_current_MP_hull,stable_to_stable,False,False,False,False,False,0.887284,-0.887284,True,False,-1.57802,-1.5692,3,not_available_for_wbm_queue_chgnet_mace_missing,0,29.847185589531662,10.0,5.651511869009259,12.674371754430824,5,False,False,False,False,t1_stable_or_true_release,False,candidate_level_explanation_not_MLIP_consensus_validation
wbm-3-67623,Pa2 Se4,Pa-Se,2|Pa-Se,500,raw_only_requested_budget,0,11,0,11,False,-0.471366,True,-1.5443819999999846,True,labelable_current_MP_hull,stable_to_stable,False,False,False,False,False,0.887284,-0.887284,True,False,-1.57802,-1.5692,3,not_available_for_wbm_queue_chgnet_mace_missing,0,29.847185589531662,10.0,3.390907121405556,33.106904168958664,9,False,False,False,False,t1_stable_or_true_release,False,candidate_level_explanation_not_MLIP_consensus_validation
wbm-3-67666,Pa1 Rb1 Se2,Pa-Rb-Se,3|Pa-Rb,300,PARC_release,8,10,8,2,True,-0.454447,True,-1.510758999999993,True,labelable_current_MP_hull,stable_to_stable,False,False,False,False,False,0.919888,-0.919888,True,False,-1.67274,-1.6139,3,not_available_for_wbm_queue_chgnet_mace_missing,0,48.7341767290268,10.0,5.651511869009259,12.171561895162212,1,False,False,False,False,t1_stable_or_true_release,False,candidate_level_explanation_not_MLIP_consensus_validation
wbm-3-67666,Pa1 Rb1 Se2,Pa-Rb-Se,3|Pa-Rb,500,PARC_release,3,10,3,7,True,-0.454447,True,-1.510758999999993,True,labelable_current_MP_hull,stable_to_stable,False,False,False,False,False,0.919888,-0.919888,True,False,-1.67274,-1.6139,3,not_available_for_wbm_queue_chgnet_mace_missing,0,48.7341767290268,10.0,3.390907121405556,13.924506444478084,6,False,False,False,False,t1_stable_or_true_release,False,candidate_level_explanation_not_MLIP_consensus_validation
wbm-3-67750,Pa1 Se2 Tl1,Pa-Se-Tl,3|Pa-Se,300,raw_only_requested_budget,0,11,0,11,False,-0.386363,True,-1.1911360000000002,True,labelable_current_MP_hull,stable_to_stable,False,False,False,False,False,0.8418270000000001,-0.8418270000000001,True,False,-1.3642,-1.3252,3,not_available_for_wbm_queue_chgnet_mace_missing,0,21.82066537094214,10.0,5.273725046222098,19.83000681704263,6,False,False,False,False,t1_stable_or_true_release,False,candidate_level_explanation_not_MLIP_consensus_validation
wbm-3-67750,Pa1 Se2 Tl1,Pa-Se-Tl,3|Pa-Se,500,raw_only_requested_budget,0,11,0,11,False,-0.386363,True,-1.1911360000000002,True,labelable_current_MP_hull,stable_to_stable,False,False,False,False,False,0.8418270000000001,-0.8418270000000001,True,False,-1.3642,-1.3252,3,not_available_for_wbm_queue_chgnet_mace_missing,0,21.82066537094214,10.0,3.164235027733259,39.685851537379705,33,False,False,False,False,t1_stable_or_true_release,False,candidate_level_explanation_not_MLIP_consensus_validation
wbm-3-67844,Cd2 Cs2 Pa2 Se6,Cd-Cs-Pa-Se,4|Cd-Cs,300,raw_only_requested_budget,0,3,0,3,False,-0.254473,True,-1.2434100000000117,True,labelable_current_MP_hull,stable_to_stable,False,False,False,False,False,0.644263,-0.644263,True,False,-1.4359100000000002,-1.3917,3,not_available_for_wbm_queue_chgnet_mace_missing,0,5.82000752734174,10.0,2.965053684829303,19.83000681704263,232,False,False,False,False,t1_stable_or_true_release,False,candidate_level_explanation_not_MLIP_consensus_validation
wbm-3-67844,Cd2 Cs2 Pa2 Se6,Cd-Cs-Pa-Se,4|Cd-Cs,500,raw_only_requested_budget,0,12,0,12,False,-0.254473,True,-1.2434100000000117,True,labelable_current_MP_hull,stable_to_stable,False,False,False,False,False,0.644263,-0.644263,True,False,-1.4359100000000002,-1.3917,3,not_available_for_wbm_queue_chgnet_mace_missing,0,5.939991047915414,10.0,3.390907121405556,39.685851537379705,206,False,False,False,False,t1_stable_or_true_release,False,candidate_level_explanation_not_MLIP_consensus_validation
wbm-3-68170,Br2 Er2 Se1,Br-Er-Se,3|Br-Er,300,PARC_release,11,11,11,0,True,-1.160835,True,-1.9301360000000043,True,labelable_current_MP_hull,stable_to_stable,False,False,False,False,False,1.461299,-1.461299,True,False,-1.93153,-1.8561,3,not_available_for_wbm_queue_chgnet_mace_missing,0,164.80390769444054,10.0,5.651511869009259,10.926127664038065,31,True,True,False,True,t1_stable_or_true_release,False,candidate_level_explanation_not_MLIP_consensus_validation
wbm-3-68170,Br2 Er2 Se1,Br-Er-Se,3|Br-Er,500,PARC_release,11,11,11,0,True,-1.160835,True,-1.9301360000000043,True,labelable_current_MP_hull,stable_to_stable,False,False,False,False,False,1.461299,-1.461299,True,False,-1.93153,-1.8561,3,not_available_for_wbm_queue_chgnet_mace_missing,0,164.80390769444054,10.0,3.390907121405556,12.726465504194358,13,True,True,False,True,t1_stable_or_true_release,False,candidate_level_explanation_not_MLIP_consensus_validation
wbm-3-70437,Br2 Er2 Si1,Br-Er-Si,3|Br-Er,300,PARC_release,11,11,11,0,True,-0.765335,True,-1.608669999999961,True,labelable_current_MP_hull,stable_to_stable,False,False,False,False,False,0.9821649999999998,-0.9821649999999998,True,False,-1.51134,-1.594,3,not_available_for_wbm_queue_chgnet_mace_missing,0,62.74118413416109,10.0,5.651511869009259,10.926127664038065,91,True,True,True,True,t1_stable_or_true_release,False,candidate_level_explanation_not_MLIP_consensus_validation
wbm-3-70437,Br2 Er2 Si1,Br-Er-Si,3|Br-Er,500,PARC_release,6,11,6,5,True,-0.765335,True,-1.608669999999961,True,labelable_current_MP_hull,stable_to_stable,False,False,False,False,False,0.9821649999999998,-0.9821649999999998,True,False,-1.51134,-1.594,3,not_available_for_wbm_queue_chgnet_mace_missing,0,62.74118413416109,10.0,3.390907121405556,12.726465504194358,3,True,True,True,True,t1_stable_or_true_release,False,candidate_level_explanation_not_MLIP_consensus_validation
wbm-3-70438,Br2 Er3 Si1,Br-Er-Si,3|Br-Er,300,PARC_release,7,11,7,4,True,-0.435293,True,-1.1380760000000123,True,labelable_current_MP_hull,stable_to_stable,False,False,False,False,False,0.8835169999999999,-0.8835169999999999,True,False,-1.17918,-1.2279,3,not_available_for_wbm_queue_chgnet_mace_missing,0,34.12656697602882,10.0,5.651511869009259,10.926127664038065,8,False,False,False,False,t1_stable_or_true_release,False,candidate_level_explanation_not_MLIP_consensus_validation
wbm-3-70438,Br2 Er3 Si1,Br-Er-Si,3|Br-Er,500,PARC_release,1,11,1,10,True,-0.435293,True,-1.1380760000000123,True,labelable_current_MP_hull,stable_to_stable,False,False,False,False,False,0.8835169999999999,-0.8835169999999999,True,False,-1.17918,-1.2279,3,not_available_for_wbm_queue_chgnet_mace_missing,0,34.12656697602882,10.0,3.390907121405556,12.726465504194358,9,False,False,False,False,t1_stable_or_true_release,False,candidate_level_explanation_not_MLIP_consensus_validation
wbm-3-71133,Gd2 I2 Si1,Gd-I-Si,3|Gd-I,300,PARC_release,9,11,9,2,True,-0.775662,True,-1.320291999999995,True,labelable_current_MP_hull,stable_to_stable,False,False,False,False,False,0.95477,-0.95477,True,False,-1.25529,-1.3539,3,not_available_for_wbm_queue_chgnet_mace_missing,0,62.75590229824352,10.0,5.273725046222098,19.83000681704263,12,False,False,False,False,t1_stable_or_true_release,False,candidate_level_explanation_not_MLIP_consensus_validation
wbm-3-71133,Gd2 I2 Si1,Gd-I-Si,3|Gd-I,500,PARC_release,4,11,4,7,True,-0.775662,True,-1.320291999999995,True,labelable_current_MP_hull,stable_to_stable,False,False,False,False,False,0.95477,-0.95477,True,False,-1.25529,-1.3539,3,not_available_for_wbm_queue_chgnet_mace_missing,0,62.75590229824352,10.0,3.164235027733259,39.685851537379705,11,False,False,False,False,t1_stable_or_true_release,False,candidate_level_explanation_not_MLIP_consensus_validation
wbm-3-72146,Pm1 Si1 Te2,Pm-Si-Te,3|Pm-Si,500,raw_only_requested_budget,0,8,0,8,False,-0.336667,True,-0.5344950000000495,True,labelable_current_MP_hull,stable_to_stable,False,False,False,False,False,0.6148719999999999,-0.6148719999999999,True,False,-0.56323,-0.6389,3,not_available_for_wbm_queue_chgnet_mace_missing,0,5.03762514135281,10.0,3.094614266137109,39.685851537379705,275,False,False,False,False,t1_stable_or_true_release,False,candidate_level_explanation_not_MLIP_consensus_validation
wbm-3-73170,Gd2 I2 Sn2,Gd-I-Sn,3|Gd-I,300,raw_only_requested_budget,0,9,0,9,False,-0.430194,True,-0.9786500000000018,True,labelable_current_MP_hull,stable_to_stable,False,False,False,False,False,0.7096439999999999,-0.7096439999999999,True,False,-0.6783700000000001,-1.0754,3,not_available_for_wbm_queue_chgnet_mace_missing,0,8.309316895894764,10.0,5.273725046222098,19.83000681704263,120,False,False,False,False,t1_stable_or_true_release,False,candidate_level_explanation_not_MLIP_consensus_validation
wbm-3-73170,Gd2 I2 Sn2,Gd-I-Sn,3|Gd-I,500,raw_only_requested_budget,0,11,0,11,False,-0.430194,True,-0.9786500000000018,True,labelable_current_MP_hull,stable_to_stable,False,False,False,False,False,0.7096439999999999,-0.7096439999999999,True,False,-0.6783700000000001,-1.0754,3,not_available_for_wbm_queue_chgnet_mace_missing,0,8.309316895894764,10.0,3.164235027733259,39.685851537379705,152,False,False,False,False,t1_stable_or_true_release,False,candidate_level_explanation_not_MLIP_consensus_validation
wbm-3-73674,I6 Sr2,I-Sr,2|I-Sr,500,raw_only_requested_budget,0,4,0,4,False,0.031841,False,14.961618935000002,False,labelable_current_MP_hull,unstable_to_unstable,True,False,False,True,False,0.5894719999999998,-0.5894719999999998,True,True,-1.61267,-1.4062,3,not_available_for_wbm_queue_chgnet_mace_missing,1,4.105881916099603,10.0,2.109993696019431,39.685851537379705,366,False,False,False,False,near_hull_50meV_boundary,False,candidate_level_explanation_not_MLIP_consensus_validation
wbm-3-73675,I6 Sr2,I-Sr,2|I-Sr,500,raw_only_requested_budget,0,8,0,8,False,-0.072708,True,14.857069935000002,False,labelable_current_MP_hull,stable_to_unstable,True,False,False,False,False,0.605372,-0.605372,True,True,-1.66889,-1.3588,3,not_available_for_wbm_queue_chgnet_mace_missing,1,4.6603988156775,10.0,2.9958499810476265,39.685851537379705,324,False,False,False,False,ALIGNN_FF_disagrees_with_current_MP_label,False,candidate_level_explanation_not_MLIP_consensus_validation
wbm-3-73689,I8 Sr2,I-Sr,2|I-Sr,300,raw_only_requested_budget,0,10,0,10,False,-0.114372,True,11.829456747999991,False,labelable_current_MP_hull,stable_to_unstable,True,False,False,False,False,0.805464,-0.805464,True,True,-1.2377600000000002,-1.022,3,not_available_for_wbm_queue_chgnet_mace_missing,1,17.3301600176195,10.0,5.273725046222098,19.83000681704263,24,True,False,True,True,ALIGNN_FF_disagrees_with_current_MP_label,False,candidate_level_explanation_not_MLIP_consensus_validation
wbm-3-73689,I8 Sr2,I-Sr,2|I-Sr,500,raw_only_requested_budget,0,10,0,10,False,-0.114372,True,11.829456747999991,False,labelable_current_MP_hull,stable_to_unstable,True,False,False,False,False,0.805464,-0.805464,True,True,-1.2377600000000002,-1.022,3,not_available_for_wbm_queue_chgnet_mace_missing,1,17.3301600176195,10.0,3.164235027733259,39.685851537379705,53,True,False,True,True,ALIGNN_FF_disagrees_with_current_MP_label,False,candidate_level_explanation_not_MLIP_consensus_validation
wbm-3-74160,Cs1 Pa1 Te2,Cs-Pa-Te,3|Cs-Pa,300,raw_only_requested_budget,0,3,0,3,False,-0.266949,True,18.98253038857143,False,labelable_current_MP_hull,stable_to_unstable,True,False,False,False,False,0.658438,-0.658438,True,True,-1.288,-1.2769,3,not_available_for_wbm_queue_chgnet_mace_missing,1,6.055715038291497,10.0,4.774748419917196,12.674371754430824,166,False,False,False,False,ALIGNN_FF_disagrees_with_current_MP_label,False,candidate_level_explanation_not_MLIP_consensus_validation
wbm-3-74160,Cs1 Pa1 Te2,Cs-Pa-Te,3|Cs-Pa,500,raw_only_requested_budget,0,11,0,11,False,-0.266949,True,18.98253038857143,False,labelable_current_MP_hull,stable_to_unstable,True,False,False,False,False,0.658438,-0.658438,True,True,-1.288,-1.2769,3,not_available_for_wbm_queue_chgnet_mace_missing,1,6.057070135766492,10.0,3.164235027733259,33.106904168958664,179,False,False,False,False,ALIGNN_FF_disagrees_with_current_MP_label,False,candidate_level_explanation_not_MLIP_consensus_validation
wbm-3-74187,Pa1 Te2,Pa-Te,2|Pa-Te,300,raw_only_requested_budget,0,6,0,6,False,-0.357022,True,-1.0526249999999973,True,labelable_current_MP_hull,stable_to_stable,False,False,False,False,False,0.7146970000000001,-0.7146970000000001,True,False,-1.1327699999999998,-1.1998,3,not_available_for_wbm_queue_chgnet_mace_missing,0,9.121010416574991,10.0,4.993083301746044,12.674371754430824,99,False,False,False,False,t1_stable_or_true_release,False,candidate_level_explanation_not_MLIP_consensus_validation
wbm-3-74187,Pa1 Te2,Pa-Te,2|Pa-Te,500,raw_only_requested_budget,0,7,0,7,False,-0.357022,True,-1.0526249999999973,True,labelable_current_MP_hull,stable_to_stable,False,False,False,False,False,0.7146970000000001,-0.7146970000000001,True,False,-1.1327699999999998,-1.1998,3,not_available_for_wbm_queue_chgnet_mace_missing,0,9.121010416574991,10.0,2.9958499810476265,33.106904168958664,124,False,False,False,False,t1_stable_or_true_release,False,candidate_level_explanation_not_MLIP_consensus_validation
wbm-3-74205,Pa1 Te2 Tl1,Pa-Te-Tl,3|Pa-Te,500,raw_only_requested_budget,0,2,0,2,False,-0.232842,True,30.6214013575,False,labelable_current_MP_hull,stable_to_unstable,True,False,False,False,False,0.5788969999999999,-0.5788969999999999,True,True,-0.96287,-0.9199,3,not_available_for_wbm_queue_chgnet_mace_missing,1,4.049213506737862,10.0,2.8648490519503174,33.106904168958664,380,False,False,False,False,ALIGNN_FF_disagrees_with_current_MP_label,False,candidate_level_explanation_not_MLIP_consensus_validation
wbm-3-74265,Pm4 Te6,Pm-Te,2|Pm-Te,300,PARC_release,10,10,10,0,True,-1.634557,True,-1.6345779999999976,True,labelable_current_MP_hull,stable_to_stable,False,False,False,False,False,1.950079,-1.950079,True,False,-1.39419,-1.7069,3,not_available_for_wbm_queue_chgnet_mace_missing,0,164.84325750151808,10.0,5.651511869009259,19.83000681704263,14,False,False,False,False,t1_stable_or_true_release,False,candidate_level_explanation_not_MLIP_consensus_validation
wbm-3-74265,Pm4 Te6,Pm-Te,2|Pm-Te,500,PARC_release,10,10,10,0,True,-1.634557,True,-1.6345779999999976,True,labelable_current_MP_hull,stable_to_stable,False,False,False,False,False,1.950079,-1.950079,True,False,-1.39419,-1.7069,3,not_available_for_wbm_queue_chgnet_mace_missing,0,164.84325750151808,10.0,3.390907121405556,39.685851537379705,11,False,False,False,False,t1_stable_or_true_release,False,candidate_level_explanation_not_MLIP_consensus_validation
wbm-3-74353,Pa4 Te4,Pa-Te,2|Pa-Te,500,raw_only_requested_budget,0,2,0,2,False,-0.107152,True,-0.7107929999999989,True,labelable_current_MP_hull,stable_to_stable,False,False,False,False,False,0.5872590000000001,-0.5872590000000001,True,False,-0.5034099999999999,-0.7813,3,not_available_for_wbm_queue_chgnet_mace_missing,0,4.156773416575273,10.0,1.779032210897582,33.106904168958664,374,False,False,False,False,t1_stable_or_true_release,False,candidate_level_explanation_not_MLIP_consensus_validation
wbm-3-78502,Cs2 Pa2 Se6 Zn2,Cs-Pa-Se-Zn,4|Cs-Pa,300,raw_only_requested_budget,0,4,0,4,False,-0.280293,True,-1.301222000000024,True,labelable_current_MP_hull,stable_to_stable,False,False,False,False,False,0.6492709999999997,-0.6492709999999997,True,False,-1.48671,-1.3813,3,not_available_for_wbm_queue_chgnet_mace_missing,0,6.057070135766492,10.0,2.965053684829303,19.83000681704263,223,False,False,False,False,t1_stable_or_true_release,False,candidate_level_explanation_not_MLIP_consensus_validation
wbm-3-78502,Cs2 Pa2 Se6 Zn2,Cs-Pa-Se-Zn,4|Cs-Pa,500,raw_only_requested_budget,0,16,0,16,False,-0.280293,True,-1.301222000000024,True,labelable_current_MP_hull,stable_to_stable,False,False,False,False,False,0.6492709999999997,-0.6492709999999997,True,False,-1.48671,-1.3813,3,not_available_for_wbm_queue_chgnet_mace_missing,0,6.179385168110146,10.0,3.390907121405556,39.685851537379705,197,False,False,False,False,t1_stable_or_true_release,False,candidate_level_explanation_not_MLIP_consensus_validation
wbm-4-10193,Ba2 F6,Ba-F,2|Ba-F,300,PARC_release,6,9,6,3,True,0.158262,False,11.0479494975,False,labelable_current_MP_hull,unstable_to_unstable,True,False,False,False,False,0.9308630000000004,-0.9308630000000004,True,True,-3.21978,-2.9974,3,not_available_for_wbm_queue_chgnet_mace_missing,1,48.7341767290268,10.0,5.273725046222098,19.83000681704263,14,False,False,False,False,ALIGNN_FF_disagrees_with_current_MP_label,False,candidate_level_explanation_not_MLIP_consensus_validation
wbm-4-10193,Ba2 F6,Ba-F,2|Ba-F,500,PARC_release,3,9,3,6,True,0.158262,False,11.0479494975,False,labelable_current_MP_hull,unstable_to_unstable,True,False,False,False,False,0.9308630000000004,-0.9308630000000004,True,True,-3.21978,-2.9974,3,not_available_for_wbm_queue_chgnet_mace_missing,1,48.7341767290268,10.0,3.164235027733259,39.685851537379705,1,False,False,False,False,ALIGNN_FF_disagrees_with_current_MP_label,False,candidate_level_explanation_not_MLIP_consensus_validation
wbm-4-10207,Cs1 F3 Tm1,Cs-F-Tm,3|Cs-F,300,raw_only_requested_budget,0,11,0,11,False,0.098062,False,-3.2377590000000005,True,labelable_current_MP_hull,unstable_to_stable,False,False,False,False,False,0.7332789999999996,-0.7332789999999996,True,False,-3.49324,-3.8167,3,not_available_for_wbm_queue_chgnet_mace_missing,0,9.42837977622825,10.0,5.651511869009259,19.83000681704263,68,False,False,False,False,t1_stable_or_true_release,False,candidate_level_explanation_not_MLIP_consensus_validation
wbm-4-10207,Cs1 F3 Tm1,Cs-F-Tm,3|Cs-F,500,raw_only_requested_budget,0,11,0,11,False,0.098062,False,-3.2377590000000005,True,labelable_current_MP_hull,unstable_to_stable,False,False,False,False,False,0.7332789999999996,-0.7332789999999996,True,False,-3.49324,-3.8167,3,not_available_for_wbm_queue_chgnet_mace_missing,0,9.42837977622825,10.0,3.390907121405556,39.685851537379705,94,False,False,False,False,t1_stable_or_true_release,False,candidate_level_explanation_not_MLIP_consensus_validation
wbm-4-10271,F8 Na2 Pa2,F-Na-Pa,3|F-Na,300,PARC_release,9,9,9,0,True,-1.048408,True,-3.480687999999997,True,labelable_current_MP_hull,stable_to_stable,False,False,False,False,False,1.4661200000000003,-1.4661200000000003,True,False,-3.52703,-3.7124,3,not_available_for_wbm_queue_chgnet_mace_missing,0,164.84325750151808,10.0,5.273725046222098,10.926127664038065,23,False,False,False,False,t1_stable_or_true_release,False,candidate_level_explanation_not_MLIP_consensus_validation
wbm-4-10271,F8 Na2 Pa2,F-Na-Pa,3|F-Na,500,PARC_release,9,9,9,0,True,-1.048408,True,-3.480687999999997,True,labelable_current_MP_hull,stable_to_stable,False,False,False,False,False,1.4661200000000003,-1.4661200000000003,True,False,-3.52703,-3.7124,3,not_available_for_wbm_queue_chgnet_mace_missing,0,164.84325750151808,10.0,3.164235027733259,13.924506444478084,14,False,False,False,False,t1_stable_or_true_release,False,candidate_level_explanation_not_MLIP_consensus_validation
wbm-4-10369,Al1 F6 Yb1,Al-F-Yb,3|Al-F,500,raw_only_requested_budget,0,2,0,2,False,0.017808,False,,False,unresolved_current_MP_missing_element_reference,unstable_to_unresolved,True,True,False,True,False,0.5793889999999999,-0.5793889999999999,True,True,-3.4577800000000005,-4.2436,3,not_available_for_wbm_queue_chgnet_mace_missing,1,3.6715879321175953,10.0,3.390907121405556,6.361295373094599,355,False,False,False,False,unresolved_current_MP_hull_reference,False,candidate_level_explanation_not_MLIP_consensus_validation
wbm-4-10380,Ba1 F6 Gd1,Ba-F-Gd,3|Ba-F,300,raw_only_requested_budget,0,3,0,3,False,-0.082801,True,3.305647248749999,False,labelable_current_MP_hull,stable_to_unstable,True,False,False,False,False,0.6500359999999996,-0.6500359999999996,True,True,-3.90333,-3.85,3,not_available_for_wbm_queue_chgnet_mace_missing,1,5.934681507496319,10.0,2.195811353831729,19.83000681704263,221,True,True,False,True,ALIGNN_FF_disagrees_with_current_MP_label,False,candidate_level_explanation_not_MLIP_consensus_validation
wbm-4-10380,Ba1 F6 Gd1,Ba-F-Gd,3|Ba-F,500,raw_only_requested_budget,0,12,0,12,False,-0.082801,True,3.305647248749999,False,labelable_current_MP_hull,stable_to_unstable,True,False,False,False,False,0.6500359999999996,-0.6500359999999996,True,True,-3.90333,-3.85,3,not_available_for_wbm_queue_chgnet_mace_missing,1,6.449904186024537,10.0,3.094614266137109,39.685851537379705,216,True,True,False,True,ALIGNN_FF_disagrees_with_current_MP_label,False,candidate_level_explanation_not_MLIP_consensus_validation
wbm-4-10381,Ba1 F6 Hg1,Ba-F-Hg,3|Ba-F,300,raw_only_requested_budget,0,11,0,11,False,-0.096296,True,7.00805607,False,labelable_current_MP_hull,stable_to_unstable,True,False,False,False,False,0.714169,-0.714169,True,True,-2.34722,-2.5262,3,not_available_for_wbm_queue_chgnet_mace_missing,1,9.121010416574991,10.0,5.157690443561848,19.83000681704263,72,True,True,False,True,ALIGNN_FF_disagrees_with_current_MP_label,False,candidate_level_explanation_not_MLIP_consensus_validation
wbm-4-10381,Ba1 F6 Hg1,Ba-F-Hg,3|Ba-F,500,raw_only_requested_budget,0,12,0,12,False,-0.096296,True,7.00805607,False,labelable_current_MP_hull,stable_to_unstable,True,False,False,False,False,0.714169,-0.714169,True,True,-2.34722,-2.5262,3,not_available_for_wbm_queue_chgnet_mace_missing,1,9.121010416574991,10.0,3.094614266137109,39.685851537379705,125,True,True,False,True,ALIGNN_FF_disagrees_with_current_MP_label,False,candidate_level_explanation_not_MLIP_consensus_validation
wbm-4-10387,Ba1 F6 Pa1,Ba-F-Pa,3|Ba-F,300,PARC_release,12,12,12,0,True,-2.61905,True,2.8258062487499984,False,labelable_current_MP_hull,stable_to_unstable,True,False,False,False,False,2.563844,-2.563844,True,True,-4.03758,-4.2893,3,not_available_for_wbm_queue_chgnet_mace_missing,1,164.84325750151808,10.0,5.157690443561848,19.83000681704263,8,False,False,False,False,ALIGNN_FF_disagrees_with_current_MP_label,False,candidate_level_explanation_not_MLIP_consensus_validation
wbm-4-10387,Ba1 F6 Pa1,Ba-F-Pa,3|Ba-F,500,PARC_release,12,12,12,0,True,-2.61905,True,2.8258062487499984,False,labelable_current_MP_hull,stable_to_unstable,True,False,False,False,False,2.563844,-2.563844,True,True,-4.03758,-4.2893,3,not_available_for_wbm_queue_chgnet_mace_missing,1,164.84325750151808,10.0,3.094614266137109,39.685851537379705,1,False,False,False,False,ALIGNN_FF_disagrees_with_current_MP_label,False,candidate_level_explanation_not_MLIP_consensus_validation
wbm-4-10397,Ba1 F6 Yb1,Ba-F-Yb,3|Ba-F,500,raw_only_requested_budget,0,5,0,5,False,0.177581,False,,False,unresolved_current_MP_missing_element_reference,unstable_to_unresolved,True,False,False,False,False,0.573893,-0.573893,True,True,-3.18457,-3.314,3,not_available_for_wbm_queue_chgnet_mace_missing,1,3.9474357331962096,10.0,2.009647497495417,39.685851537379705,402,False,False,False,False,unresolved_current_MP_hull_reference,False,candidate_level_explanation_not_MLIP_consensus_validation
wbm-4-10405,Ca1 F6 Hg1,Ca-F-Hg,3|Ca-F,500,raw_only_requested_budget,0,8,0,8,False,-0.064022,True,6.046817622500001,False,labelable_current_MP_hull,stable_to_unstable,True,False,False,False,False,0.6528399999999999,-0.6528399999999999,True,True,-2.34076,-2.6239,3,not_available_for_wbm_queue_chgnet_mace_missing,1,6.187688875918232,10.0,3.164235027733259,13.924506444478084,189,False,False,False,False,ALIGNN_FF_disagrees_with_current_MP_label,False,candidate_level_explanation_not_MLIP_consensus_validation
wbm-4-10406,Ca1 F6 Hg1,Ca-F-Hg,3|Ca-F,500,raw_only_requested_budget,0,8,0,8,False,0.004957,False,6.115796622500001,False,labelable_current_MP_hull,unstable_to_unstable,True,True,False,True,False,0.6123400000000001,-0.6123400000000001,True,True,-2.17552,-2.4499,3,not_available_for_wbm_queue_chgnet_mace_missing,1,4.806255682324473,10.0,3.164235027733259,13.924506444478084,285,False,False,False,False,near_hull_25meV_boundary,False,candidate_level_explanation_not_MLIP_consensus_validation
wbm-4-10407,Ca1 F6 Hg1,Ca-F-Hg,3|Ca-F,500,raw_only_requested_budget,0,6,0,6,False,-0.045826,True,6.0650136225,False,labelable_current_MP_hull,stable_to_unstable,True,False,False,True,False,0.6075400000000002,-0.6075400000000002,True,True,-2.41807,-2.5517,3,not_available_for_wbm_queue_chgnet_mace_missing,1,4.732125708224833,10.0,2.899163602944208,13.924506444478084,296,False,False,False,False,near_hull_50meV_boundary,False,candidate_level_explanation_not_MLIP_consensus_validation
wbm-4-10422,Ba1 Cd1 F6,Ba-Cd-F,3|Ba-Cd,300,PARC_release,13,14,13,1,True,0.049388,False,8.987351053749999,False,labelable_current_MP_hull,unstable_to_unstable,True,False,False,True,False,0.944373,-0.944373,True,True,-2.64145,-2.9537,3,not_available_for_wbm_queue_chgnet_mace_missing,1,62.75590229824352,10.0,5.651511869009259,12.171561895162212,9,False,False,False,False,near_hull_50meV_boundary,False,candidate_level_explanation_not_MLIP_consensus_validation
wbm-4-10422,Ba1 Cd1 F6,Ba-Cd-F,3|Ba-Cd,500,PARC_release,6,14,6,8,True,0.049388,False,8.987351053749999,False,labelable_current_MP_hull,unstable_to_unstable,True,False,False,True,False,0.944373,-0.944373,True,True,-2.64145,-2.9537,3,not_available_for_wbm_queue_chgnet_mace_missing,1,62.75590229824352,10.0,3.390907121405556,13.924506444478084,12,False,False,False,False,near_hull_50meV_boundary,False,candidate_level_explanation_not_MLIP_consensus_validation
wbm-4-10424,Cd1 Cs1 F6,Cd-Cs-F,3|Cd-Cs,500,raw_only_requested_budget,0,1,0,1,False,-0.085311,True,2.6449208050000017,False,labelable_current_MP_hull,stable_to_unstable,True,False,False,False,False,0.5558540000000001,-0.5558540000000001,True,True,-1.9172,-2.2943,3,not_available_for_wbm_queue_chgnet_mace_missing,1,2.9621815726991896,10.0,1.2178016109894885,29.432650133714645,450,False,False,False,False,ALIGNN_FF_disagrees_with_current_MP_label,False,candidate_level_explanation_not_MLIP_consensus_validation
wbm-4-10425,Cd1 F6 Hg1,Cd-F-Hg,3|Cd-F,300,raw_only_requested_budget,0,11,0,11,False,-0.073656,True,5.07897162625,False,labelable_current_MP_hull,stable_to_unstable,True,False,False,False,False,0.7367790000000001,-0.7367790000000001,True,True,-1.98475,-2.2316,3,not_available_for_wbm_queue_chgnet_mace_missing,1,9.745567673508914,10.0,5.273725046222098,16.36323504953147,40,False,False,False,False,ALIGNN_FF_disagrees_with_current_MP_label,False,candidate_level_explanation_not_MLIP_consensus_validation
wbm-4-10425,Cd1 F6 Hg1,Cd-F-Hg,3|Cd-F,500,raw_only_requested_budget,0,11,0,11,False,-0.073656,True,5.07897162625,False,labelable_current_MP_hull,stable_to_unstable,True,False,False,False,False,0.7367790000000001,-0.7367790000000001,True,True,-1.98475,-2.2316,3,not_available_for_wbm_queue_chgnet_mace_missing,1,9.745567673508914,10.0,3.164235027733259,29.432650133714645,90,False,False,False,False,ALIGNN_FF_disagrees_with_current_MP_label,False,candidate_level_explanation_not_MLIP_consensus_validation
wbm-4-10427,Cd1 F6 Pa1,Cd-F-Pa,3|Cd-F,300,PARC_release,11,11,11,0,True,-2.607102,True,0.8860298049999997,False,labelable_current_MP_hull,stable_to_unstable,True,False,False,False,False,2.794154,-2.794154,True,True,-3.33221,-3.9288,3,not_available_for_wbm_queue_chgnet_mace_missing,1,164.80390769444054,10.0,5.273725046222098,16.36323504953147,2,False,False,False,False,ALIGNN_FF_disagrees_with_current_MP_label,False,candidate_level_explanation_not_MLIP_consensus_validation
wbm-4-10427,Cd1 F6 Pa1,Cd-F-Pa,3|Cd-F,500,PARC_release,11,11,11,0,True,-2.607102,True,0.8860298049999997,False,labelable_current_MP_hull,stable_to_unstable,True,False,False,False,False,2.794154,-2.794154,True,True,-3.33221,-3.9288,3,not_available_for_wbm_queue_chgnet_mace_missing,1,164.80390769444054,10.0,3.164235027733259,29.432650133714645,2,False,False,False,False,ALIGNN_FF_disagrees_with_current_MP_label,False,candidate_level_explanation_not_MLIP_consensus_validation
wbm-4-10428,Cd1 F6 Pb1,Cd-F-Pb,3|Cd-F,500,raw_only_requested_budget,0,1,0,1,False,0.015087,False,4.568161422500001,False,labelable_current_MP_hull,unstable_to_unstable,True,True,False,True,False,0.5637840000000001,-0.5637840000000001,True,True,-2.09913,-2.3149,3,not_available_for_wbm_queue_chgnet_mace_missing,1,3.045042720908377,10.0,1.2178016109894885,29.432650133714645,428,False,False,False,False,near_hull_25meV_boundary,False,candidate_level_explanation_not_MLIP_consensus_validation
wbm-4-10496,Cr1 F6 Np1,Cr-F-Np,3|Cr-F,500,raw_only_requested_budget,0,5,0,5,False,0.019341,False,11.178082431250004,False,labelable_current_MP_hull,unstable_to_unstable,True,True,False,True,False,0.5922230000000002,-0.5922230000000002,True,True,-3.17958,-3.6216,3,not_available_for_wbm_queue_chgnet_mace_missing,1,4.271583347731171,10.0,3.390907121405556,29.432650133714645,320,False,False,False,False,near_hull_25meV_boundary,False,candidate_level_explanation_not_MLIP_consensus_validation
wbm-4-10557,Cs2 F6 Tm1,Cs-F-Tm,3|Cs-F,500,raw_only_requested_budget,0,11,0,11,False,-0.23693,True,-3.3326189999999976,True,labelable_current_MP_hull,stable_to_stable,False,False,False,False,False,0.6178109999999997,-0.6178109999999997,True,False,-3.4228,-3.8677,3,not_available_for_wbm_queue_chgnet_mace_missing,0,5.210704400324024,10.0,3.390907121405556,39.685851537379705,260,False,False,False,False,t1_stable_or_true_release,False,candidate_level_explanation_not_MLIP_consensus_validation
wbm-4-10565,Cu1 Dy1 F6,Cu-Dy-F,3|Cu-Dy,500,raw_only_requested_budget,0,9,0,9,False,-0.109986,True,13.9925313175,False,labelable_current_MP_hull,stable_to_unstable,True,False,False,False,False,0.6026740000000004,-0.6026740000000004,True,True,-3.1285800000000004,-3.3546,3,not_available_for_wbm_queue_chgnet_mace_missing,1,4.6603988156775,10.0,2.9958499810476265,39.685851537379705,309,False,False,False,False,ALIGNN_FF_disagrees_with_current_MP_label,False,candidate_level_explanation_not_MLIP_consensus_validation
wbm-4-10566,Cu1 Er1 F6,Cu-Er-F,3|Cu-Er,500,raw_only_requested_budget,0,6,0,6,False,-0.114133,True,7.0587745262500015,False,labelable_current_MP_hull,stable_to_unstable,True,False,False,False,False,0.6026339999999997,-0.6026339999999997,True,True,-3.11459,-3.372,3,not_available_for_wbm_queue_chgnet_mace_missing,1,4.4555291688735466,10.0,3.390907121405556,12.726465504194358,297,False,False,False,False,ALIGNN_FF_disagrees_with_current_MP_label,False,candidate_level_explanation_not_MLIP_consensus_validation
wbm-4-10567,Cu1 F6 Hg1,Cu-F-Hg,3|Cu-F,500,raw_only_requested_budget,0,7,0,7,False,-0.229719,True,0.7499438212499978,False,labelable_current_MP_hull,stable_to_unstable,True,False,False,False,False,0.6043919999999998,-0.6043919999999998,True,True,-1.58698,-1.9744,3,not_available_for_wbm_queue_chgnet_mace_missing,1,4.727915587350588,10.0,2.9958499810476265,33.106904168958664,327,False,False,False,False,ALIGNN_FF_disagrees_with_current_MP_label,False,candidate_level_explanation_not_MLIP_consensus_validation
wbm-4-10568,Cu1 F6 Ho1,Cu-F-Ho,3|Cu-F,500,raw_only_requested_budget,0,7,0,7,False,-0.114265,True,7.047869696249999,False,labelable_current_MP_hull,stable_to_unstable,True,False,False,False,False,0.6058249999999998,-0.6058249999999998,True,True,-3.11459,-3.3643,3,not_available_for_wbm_queue_chgnet_mace_missing,1,4.732125708224833,10.0,2.9958499810476265,33.106904168958664,324,False,False,False,False,ALIGNN_FF_disagrees_with_current_MP_label,False,candidate_level_explanation_not_MLIP_consensus_validation
wbm-4-10574,Cu1 F6 Pa1,Cu-F-Pa,3|Cu-F,300,PARC_release,9,9,9,0,True,-2.725506,True,-3.405339,True,labelable_current_MP_hull,stable_to_stable,False,False,False,False,False,2.927967,-2.927967,True,False,-3.2969700000000004,-3.697,3,not_available_for_wbm_queue_chgnet_mace_missing,0,164.84325750151808,10.0,5.273725046222098,16.36323504953147,1,False,False,False,False,t1_stable_or_true_release,False,candidate_level_explanation_not_MLIP_consensus_validation
wbm-4-10574,Cu1 F6 Pa1,Cu-F-Pa,3|Cu-F,500,PARC_release,9,9,9,0,True,-2.725506,True,-3.405339,True,labelable_current_MP_hull,stable_to_stable,False,False,False,False,False,2.927967,-2.927967,True,False,-3.2969700000000004,-3.697,3,not_available_for_wbm_queue_chgnet_mace_missing,0,164.84325750151808,10.0,3.164235027733259,33.106904168958664,1,False,False,False,False,t1_stable_or_true_release,False,candidate_level_explanation_not_MLIP_consensus_validation
wbm-4-10580,Cu1 F6 Tb1,Cu-F-Tb,3|Cu-F,300,raw_only_requested_budget,0,2,0,2,False,-0.107115,True,13.76611546875,False,labelable_current_MP_hull,stable_to_unstable,True,False,False,False,False,0.6525319999999994,-0.6525319999999994,True,True,-3.12352,-3.3255,3,not_available_for_wbm_queue_chgnet_mace_missing,1,5.934681507496319,10.0,2.086020786140143,16.36323504953147,236,True,True,False,True,ALIGNN_FF_disagrees_with_current_MP_label,False,candidate_level_explanation_not_MLIP_consensus_validation
wbm-4-10580,Cu1 F6 Tb1,Cu-F-Tb,3|Cu-F,500,raw_only_requested_budget,0,9,0,9,False,-0.107115,True,13.76611546875,False,labelable_current_MP_hull,stable_to_unstable,True,False,False,False,False,0.6525319999999994,-0.6525319999999994,True,True,-3.12352,-3.3255,3,not_available_for_wbm_queue_chgnet_mace_missing,1,6.187688875918232,10.0,3.164235027733259,33.106904168958664,235,True,True,False,True,ALIGNN_FF_disagrees_with_current_MP_label,False,candidate_level_explanation_not_MLIP_consensus_validation
wbm-4-10582,Cu1 F6 Tm1,Cu-F-Tm,3|Cu-F,300,raw_only_requested_budget,0,9,0,9,False,-0.299066,True,-3.0402760000000004,True,labelable_current_MP_hull,stable_to_stable,False,False,False,False,False,0.8001899999999997,-0.8001899999999997,True,False,-3.15295,-3.3934,3,not_available_for_wbm_queue_chgnet_mace_missing,0,16.238199803323376,10.0,5.273725046222098,16.36323504953147,31,True,True,True,True,t1_stable_or_true_release,False,candidate_level_explanation_not_MLIP_consensus_validation
wbm-4-10582,Cu1 F6 Tm1,Cu-F-Tm,3|Cu-F,500,raw_only_requested_budget,0,9,0,9,False,-0.299066,True,-3.0402760000000004,True,labelable_current_MP_hull,stable_to_stable,False,False,False,False,False,0.8001899999999997,-0.8001899999999997,True,False,-3.15295,-3.3934,3,not_available_for_wbm_queue_chgnet_mace_missing,0,16.238199803323376,10.0,3.164235027733259,33.106904168958664,58,True,True,True,True,t1_stable_or_true_release,False,candidate_level_explanation_not_MLIP_consensus_validation
wbm-4-10584,Cu1 F6,Cu-F,2|Cu-F,300,raw_only_requested_budget,0,5,0,5,False,-0.192643,True,-0.969601,True,labelable_current_MP_hull,stable_to_stable,False,False,False,False,False,0.670242,-0.670242,True,False,-0.9497,-1.2738,3,not_available_for_wbm_queue_chgnet_mace_missing,0,7.084698184134033,10.0,5.651511869009259,16.36323504953147,123,True,False,True,True,t1_stable_or_true_release,False,candidate_level_explanation_not_MLIP_consensus_validation
wbm-4-10584,Cu1 F6,Cu-F,2|Cu-F,500,raw_only_requested_budget,0,10,0,10,False,-0.192643,True,-0.969601,True,labelable_current_MP_hull,stable_to_stable,False,False,False,False,False,0.670242,-0.670242,True,False,-0.9497,-1.2738,3,not_available_for_wbm_queue_chgnet_mace_missing,0,7.084698184134033,10.0,3.390907121405556,33.106904168958664,171,True,False,True,True,t1_stable_or_true_release,False,candidate_level_explanation_not_MLIP_consensus_validation
wbm-4-10585,Cu1 F6 Yb1,Cu-F-Yb,3|Cu-F,300,raw_only_requested_budget,0,5,0,5,False,-0.157328,True,,False,unresolved_current_MP_missing_element_reference,stable_to_unresolved,True,False,False,False,False,0.6808179999999999,-0.6808179999999999,True,True,-2.53179,-2.9289,3,not_available_for_wbm_queue_chgnet_mace_missing,1,7.262157980969153,10.0,3.676226167219616,16.36323504953147,170,False,False,False,False,unresolved_current_MP_hull_reference,False,candidate_level_explanation_not_MLIP_consensus_validation
wbm-4-10585,Cu1 F6 Yb1,Cu-F-Yb,3|Cu-F,500,raw_only_requested_budget,0,9,0,9,False,-0.157328,True,,False,unresolved_current_MP_missing_element_reference,stable_to_unresolved,True,False,False,False,False,0.6808179999999999,-0.6808179999999999,True,True,-2.53179,-2.9289,3,not_available_for_wbm_queue_chgnet_mace_missing,1,7.262157980969153,10.0,3.164235027733259,33.106904168958664,185,False,False,False,False,unresolved_current_MP_hull_reference,False,candidate_level_explanation_not_MLIP_consensus_validation
wbm-4-10586,Cu1 F6 Y1,Cu-F-Y,3|Cu-F,500,raw_only_requested_budget,0,7,0,7,False,-0.111807,True,14.35508509875,False,labelable_current_MP_hull,stable_to_unstable,True,False,False,False,False,0.6033780000000002,-0.6033780000000002,True,True,-3.09275,-3.3729,3,not_available_for_wbm_queue_chgnet_mace_missing,1,4.727915587350588,10.0,2.9958499810476265,33.106904168958664,330,False,False,False,False,ALIGNN_FF_disagrees_with_current_MP_label,False,candidate_level_explanation_not_MLIP_consensus_validation
wbm-4-10622,F6 Fe1 Pa1,F-Fe-Pa,3|F-Fe,300,PARC_release,8,8,8,0,True,-2.164601,True,-3.563781000000006,True,labelable_current_MP_hull,stable_to_stable,False,False,False,False,False,2.12452,-2.12452,True,False,-3.51609,-3.8751,3,not_available_for_wbm_queue_chgnet_mace_missing,0,164.84325750151808,10.0,5.651511869009259,16.36323504953147,7,False,False,False,False,t1_stable_or_true_release,False,candidate_level_explanation_not_MLIP_consensus_validation
wbm-4-10622,F6 Fe1 Pa1,F-Fe-Pa,3|F-Fe,500,PARC_release,8,8,8,0,True,-2.164601,True,-3.563781000000006,True,labelable_current_MP_hull,stable_to_stable,False,False,False,False,False,2.12452,-2.12452,True,False,-3.51609,-3.8751,3,not_available_for_wbm_queue_chgnet_mace_missing,0,164.84325750151808,10.0,3.390907121405556,29.432650133714645,7,False,False,False,False,t1_stable_or_true_release,False,candidate_level_explanation_not_MLIP_consensus_validation
wbm-4-10623,F6 Fe1 Pa1,F-Fe-Pa,3|F-Fe,300,PARC_release,8,8,8,0,True,-1.979667,True,-3.3788469999999933,True,labelable_current_MP_hull,stable_to_stable,False,False,False,False,False,2.33042,-2.33042,True,False,-3.4487799999999997,-3.6962,3,not_available_for_wbm_queue_chgnet_mace_missing,0,164.84325750151808,10.0,5.651511869009259,16.36323504953147,9,False,False,False,False,t1_stable_or_true_release,False,candidate_level_explanation_not_MLIP_consensus_validation
wbm-4-10623,F6 Fe1 Pa1,F-Fe-Pa,3|F-Fe,500,PARC_release,8,8,8,0,True,-1.979667,True,-3.3788469999999933,True,labelable_current_MP_hull,stable_to_stable,False,False,False,False,False,2.33042,-2.33042,True,False,-3.4487799999999997,-3.6962,3,not_available_for_wbm_queue_chgnet_mace_missing,0,164.84325750151808,10.0,3.390907121405556,29.432650133714645,3,False,False,False,False,t1_stable_or_true_release,False,candidate_level_explanation_not_MLIP_consensus_validation
wbm-4-10624,F6 Fe1 Pa1,F-Fe-Pa,3|F-Fe,300,PARC_release,7,8,7,1,True,-2.15338,True,-3.55256,True,labelable_current_MP_hull,stable_to_stable,False,False,False,False,False,0.9914199999999996,-0.9914199999999996,True,False,-3.522710000000001,-3.8725,3,not_available_for_wbm_queue_chgnet_mace_missing,0,89.57628868309655,10.0,5.651511869009259,16.36323504953147,6,False,False,False,False,t1_stable_or_true_release,False,candidate_level_explanation_not_MLIP_consensus_validation
wbm-4-10624,F6 Fe1 Pa1,F-Fe-Pa,3|F-Fe,500,PARC_release,4,8,4,4,True,-2.15338,True,-3.55256,True,labelable_current_MP_hull,stable_to_stable,False,False,False,False,False,0.9914199999999996,-0.9914199999999996,True,False,-3.522710000000001,-3.8725,3,not_available_for_wbm_queue_chgnet_mace_missing,0,89.57628868309655,10.0,3.390907121405556,29.432650133714645,5,False,False,False,False,t1_stable_or_true_release,False,candidate_level_explanation_not_MLIP_consensus_validation
wbm-4-10724,F6 K2 Sc1,F-K-Sc,3|F-K,500,raw_only_requested_budget,0,2,0,2,False,0.061509,False,4.740163728888891,False,labelable_current_MP_hull,unstable_to_unstable,True,False,False,False,False,0.591358,-0.591358,True,True,-3.4752300000000007,-3.6771,3,not_available_for_wbm_queue_chgnet_mace_missing,1,4.271583347731171,10.0,2.8648490519503174,6.361295373094599,341,False,False,False,False,ALIGNN_FF_disagrees_with_current_MP_label,False,candidate_level_explanation_not_MLIP_consensus_validation
wbm-4-10749,F6 Hf1 K1,F-Hf-K,3|F-Hf,300,raw_only_requested_budget,0,9,0,9,False,0.008668,False,19.921943435833327,False,labelable_current_MP_hull,unstable_to_unstable,True,True,False,True,False,0.7076989999999999,-0.7076989999999999,True,True,-3.60855,-4.0641,3,not_available_for_wbm_queue_chgnet_mace_missing,1,8.309316895894764,10.0,5.651511869009259,16.36323504953147,92,True,False,True,True,near_hull_25meV_boundary,False,candidate_level_explanation_not_MLIP_consensus_validation
wbm-4-10749,F6 Hf1 K1,F-Hf-K,3|F-Hf,500,raw_only_requested_budget,0,9,0,9,False,0.008668,False,19.921943435833327,False,labelable_current_MP_hull,unstable_to_unstable,True,True,False,True,False,0.7076989999999999,-0.7076989999999999,True,True,-3.60855,-4.0641,3,not_available_for_wbm_queue_chgnet_mace_missing,1,8.309316895894764,10.0,3.390907121405556,29.432650133714645,140,True,False,True,True,near_hull_25meV_boundary,False,candidate_level_explanation_not_MLIP_consensus_validation
wbm-4-10762,F6 K1 Zr1,F-K-Zr,3|F-K,300,raw_only_requested_budget,0,7,0,7,False,0.054601,False,24.86677525458333,False,labelable_current_MP_hull,unstable_to_unstable,True,False,False,False,False,0.7464969999999997,-0.7464969999999997,True,True,-3.5192299999999994,-3.8923,3,not_available_for_wbm_queue_chgnet_mace_missing,1,10.90338361003438,10.0,5.273725046222098,10.139041049228304,28,False,False,False,True,ALIGNN_FF_disagrees_with_current_MP_label,False,candidate_level_explanation_not_MLIP_consensus_validation
wbm-4-10762,F6 K1 Zr1,F-K-Zr,3|F-K,500,raw_only_requested_budget,0,7,0,7,False,0.054601,False,24.86677525458333,False,labelable_current_MP_hull,unstable_to_unstable,True,False,False,False,False,0.7464969999999997,-0.7464969999999997,True,True,-3.5192299999999994,-3.8923,3,not_available_for_wbm_queue_chgnet_mace_missing,1,10.90338361003438,10.0,3.164235027733259,7.78141055913941,80,False,False,False,True,ALIGNN_FF_disagrees_with_current_MP_label,False,candidate_level_explanation_not_MLIP_consensus_validation
wbm-4-10770,Cd1 F6 Mg1,Cd-F-Mg,3|Cd-F,300,PARC_release,3,11,3,8,True,0.103282,False,7.587793205,False,labelable_current_MP_hull,unstable_to_unstable,True,False,False,False,False,0.8441209999999999,-0.8441209999999999,True,True,-2.49284,-2.8116,3,not_available_for_wbm_queue_chgnet_mace_missing,1,18.566685755496703,10.0,5.273725046222098,16.36323504953147,2,False,False,False,False,ALIGNN_FF_disagrees_with_current_MP_label,False,candidate_level_explanation_not_MLIP_consensus_validation
wbm-4-10770,Cd1 F6 Mg1,Cd-F-Mg,3|Cd-F,500,raw_only_requested_budget,0,11,0,11,False,0.103282,False,7.587793205,False,labelable_current_MP_hull,unstable_to_unstable,True,False,False,False,False,0.8441209999999999,-0.8441209999999999,True,True,-2.49284,-2.8116,3,not_available_for_wbm_queue_chgnet_mace_missing,1,18.566685755496703,10.0,3.164235027733259,29.432650133714645,10,False,False,False,False,ALIGNN_FF_disagrees_with_current_MP_label,False,candidate_level_explanation_not_MLIP_consensus_validation
wbm-4-10809,F6 Mn1 Np1,F-Mn-Np,3|F-Mn,300,raw_only_requested_budget,0,1,0,1,False,0.000421,False,11.10521643125,False,labelable_current_MP_hull,unstable_to_unstable,True,True,False,True,False,0.6466770000000004,-0.6466770000000004,True,True,-3.68506,-3.8034,3,not_available_for_wbm_queue_chgnet_mace_missing,1,5.934681507496319,10.0,2.086020786140143,12.674371754430824,255,False,False,False,False,near_hull_25meV_boundary,False,candidate_level_explanation_not_MLIP_consensus_validation
wbm-4-10809,F6 Mn1 Np1,F-Mn-Np,3|F-Mn,500,raw_only_requested_budget,0,7,0,7,False,0.000421,False,11.10521643125,False,labelable_current_MP_hull,unstable_to_unstable,True,True,False,True,False,0.6466770000000004,-0.6466770000000004,True,True,-3.68506,-3.8034,3,not_available_for_wbm_queue_chgnet_mace_missing,1,6.061135111889973,10.0,2.8970856959581446,33.106904168958664,239,False,False,False,False,near_hull_25meV_boundary,False,candidate_level_explanation_not_MLIP_consensus_validation
wbm-4-10852,Eu1 F6 Na2,Eu-F-Na,3|Eu-F,500,raw_only_requested_budget,0,10,0,10,False,-0.02507,True,2.5336073255555576,False,labelable_current_MP_hull,stable_to_unstable,True,False,False,True,False,0.6316489999999999,-0.6316489999999999,True,True,-3.07681,-3.4898,3,not_available_for_wbm_queue_chgnet_mace_missing,1,5.70492179840587,10.0,3.094614266137109,33.106904168958664,233,False,False,False,False,near_hull_50meV_boundary,False,candidate_level_explanation_not_MLIP_consensus_validation
wbm-4-10857,F6 In1 Na2,F-In-Na,3|F-In,500,raw_only_requested_budget,0,5,0,5,False,0.016421,False,-2.592425999999996,True,labelable_current_MP_hull,unstable_to_stable,False,True,False,True,False,0.5883530000000001,-0.5883530000000001,True,False,-2.6482,-3.0048,3,not_available_for_wbm_queue_chgnet_mace_missing,0,3.99851893853718,10.0,3.390907121405556,39.685851537379705,328,False,False,False,False,t1_stable_or_true_release,False,candidate_level_explanation_not_MLIP_consensus_validation
wbm-4-10858,F6 La1 Na2,F-La-Na,3|F-La,500,raw_only_requested_budget,0,13,0,13,False,0.001977,False,12.052986510000007,False,labelable_current_MP_hull,unstable_to_unstable,True,True,False,True,False,0.622595,-0.622595,True,True,-3.60011,-3.6484,3,not_available_for_wbm_queue_chgnet_mace_missing,1,5.3021123580952345,10.0,3.390907121405556,39.685851537379705,251,False,False,False,False,near_hull_25meV_boundary,False,candidate_level_explanation_not_MLIP_consensus_validation
wbm-4-10888,Al1 F6 Na1,Al-F-Na,3|Al-F,300,raw_only_requested_budget,0,5,0,5,False,0.043835,False,25.819167036249983,False,labelable_current_MP_hull,unstable_to_unstable,True,False,False,True,False,0.6833640000000001,-0.6833640000000001,True,True,-2.6924200000000003,-3.0575,3,not_available_for_wbm_queue_chgnet_mace_missing,1,7.262157980969153,10.0,5.651511869009259,10.926127664038065,112,False,False,False,False,near_hull_50meV_boundary,False,candidate_level_explanation_not_MLIP_consensus_validation
wbm-4-10888,Al1 F6 Na1,Al-F-Na,3|Al-F,500,raw_only_requested_budget,0,8,0,8,False,0.043835,False,25.819167036249983,False,labelable_current_MP_hull,unstable_to_unstable,True,False,False,True,False,0.6833640000000001,-0.6833640000000001,True,True,-2.6924200000000003,-3.0575,3,not_available_for_wbm_queue_chgnet_mace_missing,1,7.262157980969153,10.0,3.390907121405556,13.924506444478084,146,False,False,False,False,near_hull_50meV_boundary,False,candidate_level_explanation_not_MLIP_consensus_validation
wbm-4-10889,Au1 F6 Na1,Au-F-Na,3|Au-F,500,raw_only_requested_budget,0,11,0,11,False,-0.161187,True,14.177938643749998,False,labelable_current_MP_hull,stable_to_unstable,True,False,False,False,False,0.617078,-0.617078,True,True,-1.85192,-2.1038,3,not_available_for_wbm_queue_chgnet_mace_missing,1,5.210704400324024,10.0,3.094614266137109,39.685851537379705,269,False,False,False,False,ALIGNN_FF_disagrees_with_current_MP_label,False,candidate_level_explanation_not_MLIP_consensus_validation
wbm-4-10891,Cu1 F6 Na1,Cu-F-Na,3|Cu-F,300,raw_only_requested_budget,0,9,0,9,False,-0.146673,True,0.2223389124999979,False,labelable_current_MP_hull,stable_to_unstable,True,False,False,False,False,0.7192470000000002,-0.7192470000000002,True,True,-1.66074,-2.0931,3,not_available_for_wbm_queue_chgnet_mace_missing,1,9.121010416574991,10.0,5.273725046222098,16.36323504953147,107,True,True,False,True,ALIGNN_FF_disagrees_with_current_MP_label,False,candidate_level_explanation_not_MLIP_consensus_validation
wbm-4-10891,Cu1 F6 Na1,Cu-F-Na,3|Cu-F,500,raw_only_requested_budget,0,9,0,9,False,-0.146673,True,0.2223389124999979,False,labelable_current_MP_hull,stable_to_unstable,True,False,False,False,False,0.7192470000000002,-0.7192470000000002,True,True,-1.66074,-2.0931,3,not_available_for_wbm_queue_chgnet_mace_missing,1,9.121010416574991,10.0,3.164235027733259,33.106904168958664,140,True,True,False,True,ALIGNN_FF_disagrees_with_current_MP_label,False,candidate_level_explanation_not_MLIP_consensus_validation
wbm-4-10892,Cu1 F6 Na1,Cu-F-Na,3|Cu-F,300,raw_only_requested_budget,0,9,0,9,False,-0.17754,True,0.191471912499999,False,labelable_current_MP_hull,stable_to_unstable,True,False,False,False,False,0.718947,-0.718947,True,True,-1.7535599999999998,-2.0526,3,not_available_for_wbm_queue_chgnet_mace_missing,1,9.121010416574991,10.0,5.273725046222098,16.36323504953147,108,True,True,True,True,ALIGNN_FF_disagrees_with_current_MP_label,False,candidate_level_explanation_not_MLIP_consensus_validation
wbm-4-10892,Cu1 F6 Na1,Cu-F-Na,3|Cu-F,500,raw_only_requested_budget,0,9,0,9,False,-0.17754,True,0.191471912499999,False,labelable_current_MP_hull,stable_to_unstable,True,False,False,False,False,0.718947,-0.718947,True,True,-1.7535599999999998,-2.0526,3,not_available_for_wbm_queue_chgnet_mace_missing,1,9.121010416574991,10.0,3.164235027733259,33.106904168958664,141,True,True,True,True,ALIGNN_FF_disagrees_with_current_MP_label,False,candidate_level_explanation_not_MLIP_consensus_validation
wbm-4-10894,F6 Hf1 Na1,F-Hf-Na,3|F-Hf,300,raw_only_requested_budget,0,7,0,7,False,0.024504,False,19.309725085,False,labelable_current_MP_hull,unstable_to_unstable,True,True,False,True,False,0.6891509999999998,-0.6891509999999998,True,True,-3.619769999999999,-3.9882,3,not_available_for_wbm_queue_chgnet_mace_missing,1,6.906959060696608,10.0,5.651511869009259,16.36323504953147,105,True,False,True,True,near_hull_25meV_boundary,False,candidate_level_explanation_not_MLIP_consensus_validation
wbm-4-10894,F6 Hf1 Na1,F-Hf-Na,3|F-Hf,500,raw_only_requested_budget,0,9,0,9,False,0.024504,False,19.309725085,False,labelable_current_MP_hull,unstable_to_unstable,True,True,False,True,False,0.6891509999999998,-0.6891509999999998,True,True,-3.619769999999999,-3.9882,3,not_available_for_wbm_queue_chgnet_mace_missing,1,7.8514658606982675,10.0,3.390907121405556,29.432650133714645,153,True,False,True,True,near_hull_25meV_boundary,False,candidate_level_explanation_not_MLIP_consensus_validation
wbm-4-10895,F6 Ir1 Na1,F-Ir-Na,3|F-Ir,500,raw_only_requested_budget,0,3,0,3,False,-0.136671,True,8.697031274999997,False,labelable_current_MP_hull,stable_to_unstable,True,False,False,False,False,0.5690169999999997,-0.5690169999999997,True,True,-2.23719,-2.5633,3,not_available_for_wbm_queue_chgnet_mace_missing,1,3.85183074227887,10.0,3.390907121405556,11.493608026395536,384,False,False,False,False,ALIGNN_FF_disagrees_with_current_MP_label,False,candidate_level_explanation_not_MLIP_consensus_validation
wbm-4-10901,F6 Na1 Pd1,F-Na-Pd,3|F-Na,300,raw_only_requested_budget,0,1,0,1,False,-0.070343,True,0.9532328412499976,False,labelable_current_MP_hull,stable_to_unstable,True,False,False,False,False,0.655454,-0.655454,True,True,-1.9723200000000003,-2.5211,3,not_available_for_wbm_queue_chgnet_mace_missing,1,6.183537263960147,10.0,2.965053684829303,10.139041049228304,212,True,True,True,True,ALIGNN_FF_disagrees_with_current_MP_label,False,candidate_level_explanation_not_MLIP_consensus_validation
wbm-4-10901,F6 Na1 Pd1,F-Na-Pd,3|F-Na,500,raw_only_requested_budget,0,9,0,9,False,-0.070343,True,0.9532328412499976,False,labelable_current_MP_hull,stable_to_unstable,True,False,False,False,False,0.655454,-0.655454,True,True,-1.9723200000000003,-2.5211,3,not_available_for_wbm_queue_chgnet_mace_missing,1,6.458579042100912,10.0,3.164235027733259,13.924506444478084,201,True,True,True,True,ALIGNN_FF_disagrees_with_current_MP_label,False,candidate_level_explanation_not_MLIP_consensus_validation
wbm-4-10908,F6 Na1 Zr1,F-Na-Zr,3|F-Na,300,raw_only_requested_budget,0,9,0,9,False,0.046858,False,24.25439590375,False,labelable_current_MP_hull,unstable_to_unstable,True,False,False,True,False,0.8020670000000001,-0.8020670000000001,True,True,-3.53183,-3.8588,3,not_available_for_wbm_queue_chgnet_mace_missing,1,16.238199803323376,10.0,5.273725046222098,10.926127664038065,8,False,False,False,True,near_hull_50meV_boundary,False,candidate_level_explanation_not_MLIP_consensus_validation
wbm-4-10908,F6 Na1 Zr1,F-Na-Zr,3|F-Na,500,raw_only_requested_budget,0,9,0,9,False,0.046858,False,24.25439590375,False,labelable_current_MP_hull,unstable_to_unstable,True,False,False,True,False,0.8020670000000001,-0.8020670000000001,True,True,-3.53183,-3.8588,3,not_available_for_wbm_queue_chgnet_mace_missing,1,16.238199803323376,10.0,3.164235027733259,13.924506444478084,33,False,False,False,True,near_hull_50meV_boundary,False,candidate_level_explanation_not_MLIP_consensus_validation
wbm-4-10934,F6 Ni1 Pa1,F-Ni-Pa,3|F-Ni,300,PARC_release,10,10,10,0,True,-2.525234,True,-1.89012020625,True,labelable_current_MP_hull,stable_to_stable,False,False,False,False,False,2.893409,-2.893409,True,False,-3.40706,-3.7201,3,not_available_for_wbm_queue_chgnet_mace_missing,0,164.84325750151808,10.0,5.273725046222098,19.83000681704263,1,False,False,False,False,t1_stable_or_true_release,False,candidate_level_explanation_not_MLIP_consensus_validation
wbm-4-10934,F6 Ni1 Pa1,F-Ni-Pa,3|F-Ni,500,PARC_release,10,10,10,0,True,-2.525234,True,-1.89012020625,True,labelable_current_MP_hull,stable_to_stable,False,False,False,False,False,2.893409,-2.893409,True,False,-3.40706,-3.7201,3,not_available_for_wbm_queue_chgnet_mace_missing,0,164.84325750151808,10.0,3.164235027733259,39.685851537379705,1,False,False,False,False,t1_stable_or_true_release,False,candidate_level_explanation_not_MLIP_consensus_validation
wbm-4-11025,Dy1 F6 Rb1,Dy-F-Rb,3|Dy-F,500,raw_only_requested_budget,0,5,0,5,False,0.218002,False,15.94261111875,False,labelable_current_MP_hull,unstable_to_unstable,True,False,False,False,False,0.579752,-0.579752,True,True,-3.18084,-3.4737,3,not_available_for_wbm_queue_chgnet_mace_missing,1,4.049213506737862,10.0,2.8648490519503174,39.685851537379705,376,False,False,False,False,ALIGNN_FF_disagrees_with_current_MP_label,False,candidate_level_explanation_not_MLIP_consensus_validation
wbm-4-11034,F6 Pu1 Rb1,F-Pu-Rb,3|F-Pu,300,raw_only_requested_budget,0,5,0,5,False,-0.290611,True,-1.6295301987499968,True,labelable_current_MP_hull,stable_to_stable,False,False,False,False,False,0.6587670000000001,-0.6587670000000001,True,False,-3.5439,-3.9123,3,not_available_for_wbm_queue_chgnet_mace_missing,0,6.183537263960147,10.0,3.349412495825695,19.83000681704263,208,False,False,False,False,t1_stable_or_true_release,False,candidate_level_explanation_not_MLIP_consensus_validation
wbm-4-11034,F6 Pu1 Rb1,F-Pu-Rb,3|F-Pu,500,raw_only_requested_budget,0,11,0,11,False,-0.290611,True,-1.6295301987499968,True,labelable_current_MP_hull,stable_to_stable,False,False,False,False,False,0.6587670000000001,-0.6587670000000001,True,False,-3.5439,-3.9123,3,not_available_for_wbm_queue_chgnet_mace_missing,0,6.458579042100912,10.0,3.390907121405556,39.685851537379705,189,False,False,False,False,t1_stable_or_true_release,False,candidate_level_explanation_not_MLIP_consensus_validation
wbm-4-11153,F6 Pa1 Sn1,F-Pa-Sn,3|F-Pa,300,PARC_release,12,12,12,0,True,-1.859311,True,-3.5527339999999974,True,labelable_current_MP_hull,stable_to_stable,False,False,False,False,False,2.161377,-2.161377,True,False,-3.4168800000000004,-3.7515,3,not_available_for_wbm_queue_chgnet_mace_missing,0,164.80390769444054,10.0,5.651511869009259,12.171561895162212,9,False,False,False,False,t1_stable_or_true_release,False,candidate_level_explanation_not_MLIP_consensus_validation
wbm-4-11153,F6 Pa1 Sn1,F-Pa-Sn,3|F-Pa,500,PARC_release,12,12,12,0,True,-1.859311,True,-3.5527339999999974,True,labelable_current_MP_hull,stable_to_stable,False,False,False,False,False,2.161377,-2.161377,True,False,-3.4168800000000004,-3.7515,3,not_available_for_wbm_queue_chgnet_mace_missing,0,164.80390769444054,10.0,3.390907121405556,12.726465504194358,6,False,False,False,False,t1_stable_or_true_release,False,candidate_level_explanation_not_MLIP_consensus_validation
wbm-4-11157,F6 Hg1 Sr1,F-Hg-Sr,3|F-Hg,300,raw_only_requested_budget,0,1,0,1,False,-0.075126,True,7.039584212499999,False,labelable_current_MP_hull,stable_to_unstable,True,False,False,False,False,0.6519370000000002,-0.6519370000000002,True,True,-2.38506,-2.6235,3,not_available_for_wbm_queue_chgnet_mace_missing,1,6.057070135766492,10.0,2.965053684829303,10.139041049228304,219,True,True,False,True,ALIGNN_FF_disagrees_with_current_MP_label,False,candidate_level_explanation_not_MLIP_consensus_validation
wbm-4-11157,F6 Hg1 Sr1,F-Hg-Sr,3|F-Hg,500,raw_only_requested_budget,0,8,0,8,False,-0.075126,True,7.039584212499999,False,labelable_current_MP_hull,stable_to_unstable,True,False,False,False,False,0.6519370000000002,-0.6519370000000002,True,True,-2.38506,-2.6235,3,not_available_for_wbm_queue_chgnet_mace_missing,1,6.449904186024537,10.0,3.094614266137109,7.78141055913941,194,True,True,False,True,ALIGNN_FF_disagrees_with_current_MP_label,False,candidate_level_explanation_not_MLIP_consensus_validation
wbm-4-11158,F6 Hg1 Sr1,F-Hg-Sr,3|F-Hg,300,raw_only_requested_budget,0,3,0,3,False,-0.076112,True,7.038598212499999,False,labelable_current_MP_hull,stable_to_unstable,True,False,False,False,False,0.6864370000000002,-0.6864370000000002,True,True,-2.40265,-2.7022,3,not_available_for_wbm_queue_chgnet_mace_missing,1,6.751622745347801,10.0,4.774748419917196,10.139041049228304,129,True,True,False,True,ALIGNN_FF_disagrees_with_current_MP_label,False,candidate_level_explanation_not_MLIP_consensus_validation
wbm-4-11158,F6 Hg1 Sr1,F-Hg-Sr,3|F-Hg,500,raw_only_requested_budget,0,8,0,8,False,-0.076112,True,7.038598212499999,False,labelable_current_MP_hull,stable_to_unstable,True,False,False,False,False,0.6864370000000002,-0.6864370000000002,True,True,-2.40265,-2.7022,3,not_available_for_wbm_queue_chgnet_mace_missing,1,7.257269443240346,10.0,3.094614266137109,7.78141055913941,142,True,True,False,True,ALIGNN_FF_disagrees_with_current_MP_label,False,candidate_level_explanation_not_MLIP_consensus_validation
wbm-4-11159,F6 Hg1 Sr1,F-Hg-Sr,3|F-Hg,300,PARC_release,5,8,5,3,True,-0.064077,True,7.050633212499999,False,labelable_current_MP_hull,stable_to_unstable,True,False,False,False,False,0.8917370000000004,-0.8917370000000004,True,True,-2.4464300000000003,-2.5065,3,not_available_for_wbm_queue_chgnet_mace_missing,1,34.12656697602882,10.0,5.157690443561848,10.139041049228304,3,True,True,False,True,ALIGNN_FF_disagrees_with_current_MP_label,False,candidate_level_explanation_not_MLIP_consensus_validation
wbm-4-11159,F6 Hg1 Sr1,F-Hg-Sr,3|F-Hg,500,PARC_release,1,8,1,7,True,-0.064077,True,7.050633212499999,False,labelable_current_MP_hull,stable_to_unstable,True,False,False,False,False,0.8917370000000004,-0.8917370000000004,True,True,-2.4464300000000003,-2.5065,3,not_available_for_wbm_queue_chgnet_mace_missing,1,34.12656697602882,10.0,3.094614266137109,7.78141055913941,6,True,True,False,True,ALIGNN_FF_disagrees_with_current_MP_label,False,candidate_level_explanation_not_MLIP_consensus_validation
wbm-4-11162,F6 Pa1 Sr1,F-Pa-Sr,3|F-Pa,300,PARC_release,12,12,12,0,True,-2.6183,True,2.836913391249998,False,labelable_current_MP_hull,stable_to_unstable,True,False,False,False,False,2.868911,-2.868911,True,True,-4.15148,-4.328,3,not_available_for_wbm_queue_chgnet_mace_missing,1,164.80390769444054,10.0,5.651511869009259,12.171561895162212,3,False,False,False,False,ALIGNN_FF_disagrees_with_current_MP_label,False,candidate_level_explanation_not_MLIP_consensus_validation
wbm-4-11162,F6 Pa1 Sr1,F-Pa-Sr,3|F-Pa,500,PARC_release,12,12,12,0,True,-2.6183,True,2.836913391249998,False,labelable_current_MP_hull,stable_to_unstable,True,False,False,False,False,2.868911,-2.868911,True,True,-4.15148,-4.328,3,not_available_for_wbm_queue_chgnet_mace_missing,1,164.80390769444054,10.0,3.390907121405556,12.726465504194358,3,False,False,False,False,ALIGNN_FF_disagrees_with_current_MP_label,False,candidate_level_explanation_not_MLIP_consensus_validation
wbm-4-11174,Cs1 F6 Ti1,Cs-F-Ti,3|Cs-F,300,raw_only_requested_budget,0,11,0,11,False,-0.030761,True,-3.152704,True,labelable_current_MP_hull,stable_to_stable,False,False,False,True,False,0.7854570000000001,-0.7854570000000001,True,False,-3.4770799999999995,-3.7235,3,not_available_for_wbm_queue_chgnet_mace_missing,0,14.441395685142556,10.0,5.651511869009259,19.83000681704263,21,True,True,False,True,t1_stable_or_true_release,False,candidate_level_explanation_not_MLIP_consensus_validation
wbm-4-11174,Cs1 F6 Ti1,Cs-F-Ti,3|Cs-F,500,raw_only_requested_budget,0,11,0,11,False,-0.030761,True,-3.152704,True,labelable_current_MP_hull,stable_to_stable,False,False,False,True,False,0.7854570000000001,-0.7854570000000001,True,False,-3.4770799999999995,-3.7235,3,not_available_for_wbm_queue_chgnet_mace_missing,0,14.441395685142556,10.0,3.390907121405556,39.685851537379705,46,True,True,False,True,t1_stable_or_true_release,False,candidate_level_explanation_not_MLIP_consensus_validation
wbm-4-11191,F6 Pa1 Tl2,F-Pa-Tl,3|F-Pa,300,PARC_release,12,12,12,0,True,-1.357443,True,-3.2243150000000007,True,labelable_current_MP_hull,stable_to_stable,False,False,False,False,False,1.690728,-1.690728,True,False,-3.2921,-3.4922,3,not_available_for_wbm_queue_chgnet_mace_missing,0,164.80390769444054,10.0,5.651511869009259,12.171561895162212,18,False,False,False,False,t1_stable_or_true_release,False,candidate_level_explanation_not_MLIP_consensus_validation
wbm-4-11191,F6 Pa1 Tl2,F-Pa-Tl,3|F-Pa,500,PARC_release,12,12,12,0,True,-1.357443,True,-3.2243150000000007,True,labelable_current_MP_hull,stable_to_stable,False,False,False,False,False,1.690728,-1.690728,True,False,-3.2921,-3.4922,3,not_available_for_wbm_queue_chgnet_mace_missing,0,164.80390769444054,10.0,3.390907121405556,12.726465504194358,14,False,False,False,False,t1_stable_or_true_release,False,candidate_level_explanation_not_MLIP_consensus_validation
wbm-4-11212,F6 Pa1 V1,F-Pa-V,3|F-Pa,300,PARC_release,12,12,12,0,True,-1.632567,True,26.658802193749995,False,labelable_current_MP_hull,stable_to_unstable,True,False,False,False,False,2.056357,-2.056357,True,True,-3.7537,-4.1458,3,not_available_for_wbm_queue_chgnet_mace_missing,1,164.80390769444054,10.0,5.651511869009259,12.171561895162212,9,False,False,False,False,ALIGNN_FF_disagrees_with_current_MP_label,False,candidate_level_explanation_not_MLIP_consensus_validation
wbm-4-11212,F6 Pa1 V1,F-Pa-V,3|F-Pa,500,PARC_release,12,12,12,0,True,-1.632567,True,26.658802193749995,False,labelable_current_MP_hull,stable_to_unstable,True,False,False,False,False,2.056357,-2.056357,True,True,-3.7537,-4.1458,3,not_available_for_wbm_queue_chgnet_mace_missing,1,164.80390769444054,10.0,3.390907121405556,12.726465504194358,9,False,False,False,False,ALIGNN_FF_disagrees_with_current_MP_label,False,candidate_level_explanation_not_MLIP_consensus_validation
wbm-4-11236,Ba1 F6 Y1,Ba-F-Y,3|Ba-F,500,raw_only_requested_budget,0,7,0,7,False,0.101405,False,37.423230635,False,labelable_current_MP_hull,unstable_to_unstable,True,False,False,False,False,0.5972180000000002,-0.5972180000000002,True,True,-3.804,-4.0341,3,not_available_for_wbm_queue_chgnet_mace_missing,1,4.586875680264978,10.0,2.8970856959581446,39.685851537379705,342,False,False,False,False,ALIGNN_FF_disagrees_with_current_MP_label,False,candidate_level_explanation_not_MLIP_consensus_validation
wbm-4-11241,F6 Pa1 Yb1,F-Pa-Yb,3|F-Pa,300,PARC_release,12,12,12,0,True,-2.598668,True,,False,unresolved_current_MP_missing_element_reference,stable_to_unresolved,True,False,False,False,False,2.604475,-2.604475,True,True,-4.18018,-4.5366,3,not_available_for_wbm_queue_chgnet_mace_missing,1,164.80390769444054,10.0,5.651511869009259,12.171561895162212,8,False,False,False,False,unresolved_current_MP_hull_reference,False,candidate_level_explanation_not_MLIP_consensus_validation
wbm-4-11241,F6 Pa1 Yb1,F-Pa-Yb,3|F-Pa,500,PARC_release,12,12,12,0,True,-2.598668,True,,False,unresolved_current_MP_missing_element_reference,stable_to_unresolved,True,False,False,False,False,2.604475,-2.604475,True,True,-4.18018,-4.5366,3,not_available_for_wbm_queue_chgnet_mace_missing,1,164.80390769444054,10.0,3.390907121405556,12.726465504194358,8,False,False,False,False,unresolved_current_MP_hull_reference,False,candidate_level_explanation_not_MLIP_consensus_validation
wbm-4-11244,Cs2 F6 Y1,Cs-F-Y,3|Cs-F,300,raw_only_requested_budget,0,11,0,11,False,-0.016266,True,12.14012486555556,False,labelable_current_MP_hull,stable_to_unstable,True,True,False,True,False,0.7137449999999999,-0.7137449999999999,True,True,-3.3929599999999995,-3.8515,3,not_available_for_wbm_queue_chgnet_mace_missing,1,9.121010416574991,10.0,5.651511869009259,19.83000681704263,86,True,True,True,True,near_hull_25meV_boundary,False,candidate_level_explanation_not_MLIP_consensus_validation
wbm-4-11244,Cs2 F6 Y1,Cs-F-Y,3|Cs-F,500,raw_only_requested_budget,0,11,0,11,False,-0.016266,True,12.14012486555556,False,labelable_current_MP_hull,stable_to_unstable,True,True,False,True,False,0.7137449999999999,-0.7137449999999999,True,True,-3.3929599999999995,-3.8515,3,not_available_for_wbm_queue_chgnet_mace_missing,1,9.121010416574991,10.0,3.390907121405556,39.685851537379705,120,True,True,True,True,near_hull_25meV_boundary,False,candidate_level_explanation_not_MLIP_consensus_validation
wbm-4-11265,F6 Pa1 Zn1,F-Pa-Zn,3|F-Pa,300,PARC_release,12,12,12,0,True,-2.600705,True,-3.576815,True,labelable_current_MP_hull,stable_to_stable,False,False,False,False,False,2.96289,-2.96289,True,False,-3.52709,-3.967,3,not_available_for_wbm_queue_chgnet_mace_missing,0,164.80390769444054,10.0,5.651511869009259,12.171561895162212,1,False,False,False,False,t1_stable_or_true_release,False,candidate_level_explanation_not_MLIP_consensus_validation
wbm-4-11265,F6 Pa1 Zn1,F-Pa-Zn,3|F-Pa,500,PARC_release,12,12,12,0,True,-2.600705,True,-3.576815,True,labelable_current_MP_hull,stable_to_stable,False,False,False,False,False,2.96289,-2.96289,True,False,-3.52709,-3.967,3,not_available_for_wbm_queue_chgnet_mace_missing,0,164.80390769444054,10.0,3.390907121405556,12.726465504194358,1,False,False,False,False,t1_stable_or_true_release,False,candidate_level_explanation_not_MLIP_consensus_validation
wbm-4-11272,F6 Tm1 Zn1,F-Tm-Zn,3|F-Tm,300,PARC_release,1,10,1,9,True,-0.149578,True,-3.1870650000000005,True,labelable_current_MP_hull,stable_to_stable,False,False,False,False,False,0.7917130000000001,-0.7917130000000001,True,False,-3.3448299999999995,-3.6194,3,not_available_for_wbm_queue_chgnet_mace_missing,0,15.262653700560776,10.0,5.651511869009259,16.36323504953147,17,True,True,False,True,t1_stable_or_true_release,False,candidate_level_explanation_not_MLIP_consensus_validation
wbm-4-11272,F6 Tm1 Zn1,F-Tm-Zn,3|F-Tm,500,raw_only_requested_budget,0,10,0,10,False,-0.149578,True,-3.1870650000000005,True,labelable_current_MP_hull,stable_to_stable,False,False,False,False,False,0.7917130000000001,-0.7917130000000001,True,False,-3.3448299999999995,-3.6194,3,not_available_for_wbm_queue_chgnet_mace_missing,0,15.262653700560776,10.0,3.390907121405556,29.432650133714645,65,True,True,False,True,t1_stable_or_true_release,False,candidate_level_explanation_not_MLIP_consensus_validation
wbm-4-11310,Eu1 F8 Tm2,Eu-F-Tm,3|Eu-F,500,raw_only_requested_budget,0,7,0,7,False,-0.262197,True,0.184030539090898,False,labelable_current_MP_hull,stable_to_unstable,True,False,False,False,False,0.6027679999999993,-0.6027679999999993,True,True,-4.349419999999999,-4.7409,3,not_available_for_wbm_queue_chgnet_mace_missing,1,4.727915587350588,10.0,2.9958499810476265,33.106904168958664,307,False,False,False,False,ALIGNN_FF_disagrees_with_current_MP_label,False,candidate_level_explanation_not_MLIP_consensus_validation
wbm-4-11319,Ba1 Dy1 F8 Na2,Ba-Dy-F-Na,4|Ba-Dy,500,raw_only_requested_budget,0,10,0,10,False,0.00434,False,12.50963871083333,False,labelable_current_MP_hull,unstable_to_unstable,True,True,False,True,False,0.6213950000000001,-0.6213950000000001,True,True,-3.54756,-3.8403,3,not_available_for_wbm_queue_chgnet_mace_missing,1,5.304480021591403,10.0,3.390907121405556,33.106904168958664,253,False,False,False,False,near_hull_25meV_boundary,False,candidate_level_explanation_not_MLIP_consensus_validation
wbm-4-11320,Ba1 Eu1 F8 Na2,Ba-Eu-F-Na,4|Ba-Eu,500,raw_only_requested_budget,0,1,0,1,False,-0.019196,True,5.529707076666664,False,labelable_current_MP_hull,stable_to_unstable,True,True,False,True,False,0.5578319999999999,-0.5578319999999999,True,True,-3.2857899999999995,-3.7025,3,not_available_for_wbm_queue_chgnet_mace_missing,1,2.989261463022507,10.0,1.2178016109894885,29.432650133714645,441,False,False,False,False,near_hull_25meV_boundary,False,candidate_level_explanation_not_MLIP_consensus_validation
wbm-4-11321,Ba1 F8 Gd1 Na2,Ba-F-Gd-Na,4|Ba-F,500,raw_only_requested_budget,0,4,0,4,False,0.014773,False,3.443333694166665,False,labelable_current_MP_hull,unstable_to_unstable,True,True,False,True,False,0.597343,-0.597343,True,True,-3.56165,-3.8491,3,not_available_for_wbm_queue_chgnet_mace_missing,1,4.45850046221281,10.0,2.9958499810476265,39.685851537379705,345,False,False,False,False,near_hull_25meV_boundary,False,candidate_level_explanation_not_MLIP_consensus_validation
wbm-4-11322,Ba1 F8 La1 Na2,Ba-F-La-Na,4|Ba-F,500,raw_only_requested_budget,0,1,0,1,False,0.020243,False,12.688394715,False,labelable_current_MP_hull,unstable_to_unstable,True,True,False,True,False,0.5629910000000002,-0.5629910000000002,True,True,-3.74514,-3.8653,3,not_available_for_wbm_queue_chgnet_mace_missing,1,3.328630264189117,10.0,1.3174868122990375,39.685851537379705,439,False,False,False,False,near_hull_25meV_boundary,False,candidate_level_explanation_not_MLIP_consensus_validation
wbm-4-11326,Ba1 F8 Na2 Sm1,Ba-F-Na-Sm,4|Ba-F,500,raw_only_requested_budget,0,1,0,1,False,0.024996,False,12.155935093333332,False,labelable_current_MP_hull,unstable_to_unstable,True,True,False,True,False,0.579968,-0.579968,True,True,-3.56166,-3.8231,3,not_available_for_wbm_queue_chgnet_mace_missing,1,3.549643476877734,10.0,1.3174868122990375,39.685851537379705,395,False,False,False,False,near_hull_25meV_boundary,False,candidate_level_explanation_not_MLIP_consensus_validation
wbm-4-11327,Ba1 F8 Na2 Tb1,Ba-F-Na-Tb,4|Ba-F,500,raw_only_requested_budget,0,5,0,5,False,0.009898,False,12.357456478333331,False,labelable_current_MP_hull,unstable_to_unstable,True,True,False,True,False,0.6066179999999992,-0.6066179999999992,True,True,-3.51252,-3.837,3,not_available_for_wbm_queue_chgnet_mace_missing,1,4.955607335966234,10.0,2.9958499810476265,39.685851537379705,320,False,False,False,False,near_hull_25meV_boundary,False,candidate_level_explanation_not_MLIP_consensus_validation
wbm-4-11329,Ba1 Ca1 F8 Na2,Ba-Ca-F-Na,4|Ba-Ca,300,raw_only_requested_budget,0,7,0,7,False,0.002203,False,5.620148033333333,False,labelable_current_MP_hull,unstable_to_unstable,True,True,False,True,False,0.7377509999999998,-0.7377509999999998,True,True,-3.17814,-3.4853,3,not_available_for_wbm_queue_chgnet_mace_missing,1,9.10250295600119,10.0,5.273725046222098,12.674371754430824,78,True,False,True,True,near_hull_25meV_boundary,False,candidate_level_explanation_not_MLIP_consensus_validation
wbm-4-11329,Ba1 Ca1 F8 Na2,Ba-Ca-F-Na,4|Ba-Ca,500,raw_only_requested_budget,0,7,0,7,False,0.002203,False,5.620148033333333,False,labelable_current_MP_hull,unstable_to_unstable,True,True,False,True,False,0.7377509999999998,-0.7377509999999998,True,True,-3.17814,-3.4853,3,not_available_for_wbm_queue_chgnet_mace_missing,1,9.10250295600119,10.0,3.164235027733259,33.106904168958664,91,True,False,True,True,near_hull_25meV_boundary,False,candidate_level_explanation_not_MLIP_consensus_validation
wbm-4-11331,Ca1 F8 Na2 Pa1,Ca-F-Na-Pa,4|Ca-F,300,raw_only_requested_budget,0,1,0,1,False,-0.31806,True,0.2172062008333348,False,labelable_current_MP_hull,stable_to_unstable,True,False,False,False,False,0.6426470000000002,-0.6426470000000002,True,True,-3.90951,-4.1139,3,not_available_for_wbm_queue_chgnet_mace_missing,1,5.82000752734174,10.0,2.965053684829303,10.139041049228304,235,False,False,False,False,ALIGNN_FF_disagrees_with_current_MP_label,False,candidate_level_explanation_not_MLIP_consensus_validation
wbm-4-11331,Ca1 F8 Na2 Pa1,Ca-F-Na-Pa,4|Ca-F,500,raw_only_requested_budget,0,8,0,8,False,-0.31806,True,0.2172062008333348,False,labelable_current_MP_hull,stable_to_unstable,True,False,False,False,False,0.6426470000000002,-0.6426470000000002,True,True,-3.90951,-4.1139,3,not_available_for_wbm_queue_chgnet_mace_missing,1,5.82000752734174,10.0,2.930007124321305,7.78141055913941,209,False,False,False,False,ALIGNN_FF_disagrees_with_current_MP_label,False,candidate_level_explanation_not_MLIP_consensus_validation
wbm-4-11361,F8 Na2 Sc1 Sr1,F-Na-Sc-Sr,4|F-Na,500,raw_only_requested_budget,0,1,0,1,False,0.041779,False,6.707621304999996,False,labelable_current_MP_hull,unstable_to_unstable,True,False,False,True,False,0.5599940000000001,-0.5599940000000001,True,True,-3.3463100000000003,-3.8417,3,not_available_for_wbm_queue_chgnet_mace_missing,1,2.989261463022507,10.0,1.2178016109894885,29.432650133714645,435,False,False,False,False,near_hull_50meV_boundary,False,candidate_level_explanation_not_MLIP_consensus_validation
wbm-4-11367,Dy1 F8 Na2 Sr1,Dy-F-Na-Sr,4|Dy-F,500,raw_only_requested_budget,0,8,0,8,False,-0.021597,True,12.490606805833332,False,labelable_current_MP_hull,stable_to_unstable,True,True,False,True,False,0.6258399999999997,-0.6258399999999997,True,True,-3.5926100000000005,-3.9215,3,not_available_for_wbm_queue_chgnet_mace_missing,1,5.399430617044307,10.0,3.164235027733259,39.685851537379705,269,False,False,False,False,near_hull_25meV_boundary,False,candidate_level_explanation_not_MLIP_consensus_validation
wbm-4-11368,Er1 F8 Na2 Sr1,Er-F-Na-Sr,4|Er-F,500,raw_only_requested_budget,0,8,0,8,False,-0.004487,True,7.869557611666666,False,labelable_current_MP_hull,stable_to_unstable,True,True,False,True,False,0.6099940000000004,-0.6099940000000004,True,True,-3.57483,-3.939,3,not_available_for_wbm_queue_chgnet_mace_missing,1,4.955607335966234,10.0,3.390907121405556,39.685851537379705,280,False,False,False,False,near_hull_25meV_boundary,False,candidate_level_explanation_not_MLIP_consensus_validation
wbm-4-11369,Eu1 F8 Na2 Sr1,Eu-F-Na-Sr,4|Eu-F,500,raw_only_requested_budget,0,4,0,4,False,-0.045574,True,5.510234171666664,False,labelable_current_MP_hull,stable_to_unstable,True,False,False,True,False,0.5902769999999999,-0.5902769999999999,True,True,-3.36025,-3.7549,3,not_available_for_wbm_queue_chgnet_mace_missing,1,4.271583347731171,10.0,2.8648490519503174,29.432650133714645,345,False,False,False,False,near_hull_50meV_boundary,False,candidate_level_explanation_not_MLIP_consensus_validation
wbm-4-11370,F8 Gd1 Na2 Sr1,F-Gd-Na-Sr,4|F-Gd,500,raw_only_requested_budget,0,8,0,8,False,-0.01216,True,3.423305789166669,False,labelable_current_MP_hull,stable_to_unstable,True,True,False,True,False,0.6115880000000002,-0.6115880000000002,True,True,-3.59466,-3.9035,3,not_available_for_wbm_queue_chgnet_mace_missing,1,5.03762514135281,10.0,3.094614266137109,33.106904168958664,304,False,False,False,False,near_hull_25meV_boundary,False,candidate_level_explanation_not_MLIP_consensus_validation
wbm-4-11372,F8 Ho1 Na2 Sr1,F-Ho-Na-Sr,4|F-Ho,500,raw_only_requested_budget,0,10,0,10,False,-0.004063,True,7.861730391666667,False,labelable_current_MP_hull,stable_to_unstable,True,True,False,True,False,0.6110519999999999,-0.6110519999999999,True,True,-3.57483,-3.9295,3,not_available_for_wbm_queue_chgnet_mace_missing,1,4.801978237054699,10.0,3.164235027733259,39.685851537379705,286,False,False,False,False,near_hull_25meV_boundary,False,candidate_level_explanation_not_MLIP_consensus_validation
wbm-4-11374,F8 Na2 Nd1 Sr1,F-Na-Nd-Sr,4|F-Na,500,raw_only_requested_budget,0,4,0,4,False,0.009436,False,12.65317081,False,labelable_current_MP_hull,unstable_to_unstable,True,True,False,True,False,0.582741,-0.582741,True,True,-3.5948899999999995,-3.8758,3,not_available_for_wbm_queue_chgnet_mace_missing,1,4.049213506737862,10.0,2.8648490519503174,33.106904168958664,362,False,False,False,False,near_hull_25meV_boundary,False,candidate_level_explanation_not_MLIP_consensus_validation
wbm-4-11376,F8 Na2 Pr1 Sr1,F-Na-Pr-Sr,4|F-Na,500,raw_only_requested_budget,0,4,0,4,False,0.006402,False,11.723968950833331,False,labelable_current_MP_hull,unstable_to_unstable,True,True,False,True,False,0.5844879999999995,-0.5844879999999995,True,True,-3.59422,-3.8774,3,not_available_for_wbm_queue_chgnet_mace_missing,1,4.1022396596204524,10.0,2.8648490519503174,33.106904168958664,356,False,False,False,False,near_hull_25meV_boundary,False,candidate_level_explanation_not_MLIP_consensus_validation
wbm-4-11378,F8 Na2 Sm1 Sr1,F-Na-Sm-Sr,4|F-Na,500,raw_only_requested_budget,0,7,0,7,False,0.002121,False,12.139965188333331,False,labelable_current_MP_hull,unstable_to_unstable,True,True,False,True,False,0.5942130000000003,-0.5942130000000003,True,True,-3.5946799999999994,-3.8862,3,not_available_for_wbm_queue_chgnet_mace_missing,1,4.586875680264978,10.0,2.8648490519503174,33.106904168958664,332,False,False,False,False,near_hull_25meV_boundary,False,candidate_level_explanation_not_MLIP_consensus_validation
wbm-4-11379,F8 Na2 Sr1 Tb1,F-Na-Sr-Tb,4|F-Na,500,raw_only_requested_budget,0,11,0,11,False,-0.020256,True,12.339091573333333,False,labelable_current_MP_hull,stable_to_unstable,True,True,False,True,False,0.6188469999999997,-0.6188469999999997,True,True,-3.5594900000000003,-3.9112,3,not_available_for_wbm_queue_chgnet_mace_missing,1,5.122601899014496,10.0,3.094614266137109,33.106904168958664,262,False,False,False,False,near_hull_25meV_boundary,False,candidate_level_explanation_not_MLIP_consensus_validation
wbm-4-11381,F8 Na2 Sr1 Tm1,F-Na-Sr-Tm,4|F-Na,300,raw_only_requested_budget,0,11,0,11,False,-0.144285,True,1.1387679274999964,False,labelable_current_MP_hull,stable_to_unstable,True,False,False,False,False,0.7526180000000005,-0.7526180000000005,True,True,-3.5700899999999995,-3.9497,3,not_available_for_wbm_queue_chgnet_mace_missing,1,10.90338361003438,10.0,5.157690443561848,16.36323504953147,20,True,True,False,True,ALIGNN_FF_disagrees_with_current_MP_label,False,candidate_level_explanation_not_MLIP_consensus_validation
wbm-4-11381,F8 Na2 Sr1 Tm1,F-Na-Sr-Tm,4|F-Na,500,raw_only_requested_budget,0,11,0,11,False,-0.144285,True,1.1387679274999964,False,labelable_current_MP_hull,stable_to_unstable,True,False,False,False,False,0.7526180000000005,-0.7526180000000005,True,True,-3.5700899999999995,-3.9497,3,not_available_for_wbm_queue_chgnet_mace_missing,1,10.90338361003438,10.0,3.094614266137109,33.106904168958664,78,True,True,False,True,ALIGNN_FF_disagrees_with_current_MP_label,False,candidate_level_explanation_not_MLIP_consensus_validation
wbm-4-11384,F8 Na2 Sr1 Y1,F-Na-Sr-Y,4|F-Na,500,raw_only_requested_budget,0,4,0,4,False,0.002545,False,13.891815046666666,False,labelable_current_MP_hull,unstable_to_unstable,True,True,False,True,False,0.5891109999999999,-0.5891109999999999,True,True,-3.5548500000000005,-3.8916,3,not_available_for_wbm_queue_chgnet_mace_missing,1,4.270634558458246,10.0,2.8648490519503174,33.106904168958664,347,False,False,False,False,near_hull_25meV_boundary,False,candidate_level_explanation_not_MLIP_consensus_validation
wbm-4-11392,F8 Na2 Tm1 Yb1,F-Na-Tm-Yb,4|F-Na,300,raw_only_requested_budget,0,7,0,7,False,-0.132482,True,,False,unresolved_current_MP_missing_element_reference,stable_to_unresolved,True,False,False,False,False,0.6762890000000006,-0.6762890000000006,True,True,-3.59941,-3.9549,3,not_available_for_wbm_queue_chgnet_mace_missing,1,6.452796028663617,10.0,4.774748419917196,16.36323504953147,144,False,False,False,False,unresolved_current_MP_hull_reference,False,candidate_level_explanation_not_MLIP_consensus_validation
wbm-4-11392,F8 Na2 Tm1 Yb1,F-Na-Tm-Yb,4|F-Na,500,raw_only_requested_budget,0,11,0,11,False,-0.132482,True,,False,unresolved_current_MP_missing_element_reference,stable_to_unresolved,True,False,False,False,False,0.6762890000000006,-0.6762890000000006,True,True,-3.59941,-3.9549,3,not_available_for_wbm_queue_chgnet_mace_missing,1,7.075164301635225,10.0,3.094614266137109,33.106904168958664,157,False,False,False,False,unresolved_current_MP_hull_reference,False,candidate_level_explanation_not_MLIP_consensus_validation
wbm-4-11393,Ba1 F8 Na2 Y1,Ba-F-Na-Y,4|Ba-F,500,raw_only_requested_budget,0,5,0,5,False,0.024584,False,23.91811175666671,False,labelable_current_MP_hull,unstable_to_unstable,True,True,False,True,False,0.603256,-0.603256,True,True,-3.5147800000000005,-3.8389,3,not_available_for_wbm_queue_chgnet_mace_missing,1,4.876393465572375,10.0,2.9958499810476265,39.685851537379705,328,False,False,False,False,near_hull_25meV_boundary,False,candidate_level_explanation_not_MLIP_consensus_validation
wbm-4-13901,Ga1 Pm1 Pt2,Ga-Pm-Pt,3|Ga-Pm,500,raw_only_requested_budget,0,16,0,16,False,-0.559259,True,10.110716355,False,labelable_current_MP_hull,stable_to_unstable,True,False,False,False,False,0.6131889999999999,-0.6131889999999999,True,True,-0.95595,-0.9666,3,not_available_for_wbm_queue_chgnet_mace_missing,1,5.03762514135281,10.0,3.390907121405556,39.685851537379705,272,False,False,False,False,ALIGNN_FF_disagrees_with_current_MP_label,False,candidate_level_explanation_not_MLIP_consensus_validation
wbm-4-13919,Ac1 Ga1 Pt2,Ac-Ga-Pt,3|Ac-Ga,500,raw_only_requested_budget,0,5,0,5,False,-0.579347,True,10.090645355,False,labelable_current_MP_hull,stable_to_unstable,True,False,False,False,False,0.5839059999999999,-0.5839059999999999,True,True,-1.02081,-1.0159,3,not_available_for_wbm_queue_chgnet_mace_missing,1,4.050112112583752,10.0,3.390907121405556,39.685851537379705,337,False,False,False,False,ALIGNN_FF_disagrees_with_current_MP_label,False,candidate_level_explanation_not_MLIP_consensus_validation
wbm-4-14186,Ga1 Pm1 Te2,Ga-Pm-Te,3|Ga-Pm,300,raw_only_requested_budget,0,16,0,16,False,-0.643029,True,-1.0697709999999994,True,labelable_current_MP_hull,stable_to_stable,False,False,False,False,False,0.7573579999999999,-0.7573579999999999,True,False,-1.03162,-0.9553,3,not_available_for_wbm_queue_chgnet_mace_missing,0,11.855270784026176,10.0,5.651511869009259,19.83000681704263,14,False,False,False,False,t1_stable_or_true_release,False,candidate_level_explanation_not_MLIP_consensus_validation
wbm-4-14186,Ga1 Pm1 Te2,Ga-Pm-Te,3|Ga-Pm,500,raw_only_requested_budget,0,16,0,16,False,-0.643029,True,-1.0697709999999994,True,labelable_current_MP_hull,stable_to_stable,False,False,False,False,False,0.7573579999999999,-0.7573579999999999,True,False,-1.03162,-0.9553,3,not_available_for_wbm_queue_chgnet_mace_missing,0,11.855270784026176,10.0,3.390907121405556,39.685851537379705,71,False,False,False,False,t1_stable_or_true_release,False,candidate_level_explanation_not_MLIP_consensus_validation
wbm-4-14820,Br2 Er2 Ge1,Br-Er-Ge,3|Br-Er,300,PARC_release,11,11,11,0,True,-0.912611,True,-1.6906950000000052,True,labelable_current_MP_hull,stable_to_stable,False,False,False,False,False,1.074016,-1.074016,True,False,-1.62536,-1.6243,3,not_available_for_wbm_queue_chgnet_mace_missing,0,164.72520471273907,10.0,5.651511869009259,10.926127664038065,57,True,False,True,True,t1_stable_or_true_release,False,candidate_level_explanation_not_MLIP_consensus_validation
wbm-4-14820,Br2 Er2 Ge1,Br-Er-Ge,3|Br-Er,500,PARC_release,11,11,11,0,True,-0.912611,True,-1.6906950000000052,True,labelable_current_MP_hull,stable_to_stable,False,False,False,False,False,1.074016,-1.074016,True,False,-1.62536,-1.6243,3,not_available_for_wbm_queue_chgnet_mace_missing,0,164.72520471273907,10.0,3.390907121405556,12.726465504194358,57,True,False,True,True,t1_stable_or_true_release,False,candidate_level_explanation_not_MLIP_consensus_validation
wbm-4-16672,Gd1 I2,Gd-I,2|Gd-I,300,PARC_release,6,6,6,0,True,-1.527202,True,-1.6182939999999988,True,labelable_current_MP_hull,stable_to_stable,False,False,False,False,False,1.231808,-1.231808,True,False,-1.5334,-1.5501,3,not_available_for_wbm_queue_chgnet_mace_missing,0,164.84325750151808,10.0,5.651511869009259,10.139041049228304,30,False,False,False,False,t1_stable_or_true_release,False,candidate_level_explanation_not_MLIP_consensus_validation
wbm-4-16672,Gd1 I2,Gd-I,2|Gd-I,500,PARC_release,6,6,6,0,True,-1.527202,True,-1.6182939999999988,True,labelable_current_MP_hull,stable_to_stable,False,False,False,False,False,1.231808,-1.231808,True,False,-1.5334,-1.5501,3,not_available_for_wbm_queue_chgnet_mace_missing,0,164.84325750151808,10.0,3.390907121405556,13.924506444478084,12,False,False,False,False,t1_stable_or_true_release,False,candidate_level_explanation_not_MLIP_consensus_validation
wbm-4-16718,Dy2 I8,Dy-I,2|Dy-I,500,raw_only_requested_budget,0,1,0,1,False,-0.052331,True,-1.4064370000000004,True,labelable_current_MP_hull,stable_to_stable,False,False,False,False,False,0.557294,-0.557294,True,False,-1.50956,-1.4805,3,not_available_for_wbm_queue_chgnet_mace_missing,0,2.989261463022507,10.0,1.2178016109894885,29.432650133714645,442,False,False,False,False,t1_stable_or_true_release,False,candidate_level_explanation_not_MLIP_consensus_validation
wbm-4-16719,Er2 I8,Er-I,2|Er-I,500,raw_only_requested_budget,0,1,0,1,False,-0.062574,True,-1.3948750000000008,True,labelable_current_MP_hull,stable_to_stable,False,False,False,False,False,0.5592989999999998,-0.5592989999999998,True,False,-1.48666,-1.4808,3,not_available_for_wbm_queue_chgnet_mace_missing,0,3.294615853662344,10.0,1.3174868122990375,39.685851537379705,448,False,False,False,False,t1_stable_or_true_release,False,candidate_level_explanation_not_MLIP_consensus_validation
wbm-4-16721,I8 Nd2,I-Nd,2|I-Nd,500,raw_only_requested_budget,0,11,0,11,False,-0.041989,True,-1.4246800000000004,True,labelable_current_MP_hull,stable_to_stable,False,False,False,True,False,0.6108090000000002,-0.6108090000000002,True,False,-1.52445,-1.3793,3,not_available_for_wbm_queue_chgnet_mace_missing,0,5.03762514135281,10.0,3.094614266137109,13.924506444478084,288,False,False,False,False,t1_stable_or_true_release,False,candidate_level_explanation_not_MLIP_consensus_validation
wbm-4-16722,I8 Pr2,I-Pr,2|I-Pr,500,raw_only_requested_budget,0,12,0,12,False,-0.042205,True,0.4447053019999956,False,labelable_current_MP_hull,stable_to_unstable,True,False,False,True,False,0.6109450000000001,-0.6109450000000001,True,True,-1.52599,-1.3532,3,not_available_for_wbm_queue_chgnet_mace_missing,1,4.801978237054699,10.0,3.390907121405556,39.685851537379705,276,False,False,False,False,near_hull_50meV_boundary,False,candidate_level_explanation_not_MLIP_consensus_validation
wbm-4-16723,I8 Sm2,I-Sm,2|I-Sm,500,raw_only_requested_budget,0,1,0,1,False,-0.045741,True,11.41998802199999,False,labelable_current_MP_hull,stable_to_unstable,True,False,False,True,False,0.5590600000000001,-0.5590600000000001,True,True,-1.5205700000000002,-1.4304,3,not_available_for_wbm_queue_chgnet_mace_missing,1,3.294615853662344,10.0,1.3174868122990375,39.685851537379705,450,False,False,False,False,near_hull_50meV_boundary,False,candidate_level_explanation_not_MLIP_consensus_validation
wbm-4-17130,Ac1 In1 Pt2,Ac-In-Pt,3|Ac-In,500,raw_only_requested_budget,0,3,0,3,False,-0.562085,True,5.685694752499998,False,labelable_current_MP_hull,stable_to_unstable,True,False,False,False,False,0.577182,-0.577182,True,True,-0.8136699999999999,-0.91,3,not_available_for_wbm_queue_chgnet_mace_missing,1,3.948311290369254,10.0,1.875624074609153,29.432650133714645,398,False,False,False,False,ALIGNN_FF_disagrees_with_current_MP_label,False,candidate_level_explanation_not_MLIP_consensus_validation
wbm-4-17280,Br6 Dy1 K2,Br-Dy-K,3|Br-Dy,500,raw_only_requested_budget,0,1,0,1,False,0.016942,False,-1.9459239999999909,True,labelable_current_MP_hull,unstable_to_stable,False,True,False,True,False,0.5543339999999999,-0.5543339999999999,True,False,-2.07543,-2.0571,3,not_available_for_wbm_queue_chgnet_mace_missing,0,2.9621815726991896,10.0,1.2178016109894885,29.432650133714645,461,False,False,False,False,t1_stable_or_true_release,False,candidate_level_explanation_not_MLIP_consensus_validation
wbm-4-17281,Br6 Er1 K2,Br-Er-K,3|Br-Er,300,PARC_release,11,11,11,0,True,-0.973023,True,-1.9460969999999944,True,labelable_current_MP_hull,stable_to_stable,False,False,False,False,False,1.5577260000000002,-1.5577260000000002,True,False,-2.0832,-2.0689,3,not_available_for_wbm_queue_chgnet_mace_missing,0,164.80390769444054,10.0,5.651511869009259,10.926127664038065,24,False,False,False,False,t1_stable_or_true_release,False,candidate_level_explanation_not_MLIP_consensus_validation
wbm-4-17281,Br6 Er1 K2,Br-Er-K,3|Br-Er,500,PARC_release,11,11,11,0,True,-0.973023,True,-1.9460969999999944,True,labelable_current_MP_hull,stable_to_stable,False,False,False,False,False,1.5577260000000002,-1.5577260000000002,True,False,-2.0832,-2.0689,3,not_available_for_wbm_queue_chgnet_mace_missing,0,164.80390769444054,10.0,3.390907121405556,12.726465504194358,12,False,False,False,False,t1_stable_or_true_release,False,candidate_level_explanation_not_MLIP_consensus_validation
wbm-4-17283,Br6 Ho1 K2,Br-Ho-K,3|Br-Ho,500,raw_only_requested_budget,0,2,0,2,False,0.011229,False,-1.946040999999994,True,labelable_current_MP_hull,unstable_to_stable,False,True,False,True,False,0.5735300000000003,-0.5735300000000003,True,False,-2.0832,-2.0621,3,not_available_for_wbm_queue_chgnet_mace_missing,0,3.89856845817538,10.0,1.3174868122990375,39.685851537379705,411,False,False,False,False,t1_stable_or_true_release,False,candidate_level_explanation_not_MLIP_consensus_validation
wbm-4-17484,Cu2 K2 Pa2 Se6,Cu-K-Pa-Se,4|Cu-K,300,raw_only_requested_budget,0,2,0,2,False,-0.401381,True,25.034952598333348,False,labelable_current_MP_hull,stable_to_unstable,True,False,False,False,False,0.6413819999999999,-0.6413819999999999,True,True,-1.4302699999999997,-1.4337,3,not_available_for_wbm_queue_chgnet_mace_missing,1,4.878567267768081,10.0,2.195811353831729,19.83000681704263,243,False,False,False,False,ALIGNN_FF_disagrees_with_current_MP_label,False,candidate_level_explanation_not_MLIP_consensus_validation
wbm-4-17484,Cu2 K2 Pa2 Se6,Cu-K-Pa-Se,4|Cu-K,500,raw_only_requested_budget,0,7,0,7,False,-0.401381,True,25.034952598333348,False,labelable_current_MP_hull,stable_to_unstable,True,False,False,False,False,0.6413819999999999,-0.6413819999999999,True,True,-1.4302699999999997,-1.4337,3,not_available_for_wbm_queue_chgnet_mace_missing,1,5.3021123580952345,10.0,2.9958499810476265,39.685851537379705,214,False,False,False,False,ALIGNN_FF_disagrees_with_current_MP_label,False,candidate_level_explanation_not_MLIP_consensus_validation
wbm-4-17664,K1 Pa1 Se2,K-Pa-Se,3|K-Pa,300,PARC_release,2,7,2,5,True,-0.464264,True,-1.5380539999999885,True,labelable_current_MP_hull,stable_to_stable,False,False,False,False,False,0.8564099999999999,-0.8564099999999999,True,False,-1.67969,-1.6651,3,not_available_for_wbm_queue_chgnet_mace_missing,0,26.507821009865538,10.0,5.273725046222098,19.83000681704263,6,False,False,False,False,t1_stable_or_true_release,False,candidate_level_explanation_not_MLIP_consensus_validation
wbm-4-17664,K1 Pa1 Se2,K-Pa-Se,3|K-Pa,500,raw_only_requested_budget,0,7,0,7,False,-0.464264,True,-1.5380539999999885,True,labelable_current_MP_hull,stable_to_stable,False,False,False,False,False,0.8564099999999999,-0.8564099999999999,True,False,-1.67969,-1.6651,3,not_available_for_wbm_queue_chgnet_mace_missing,0,26.507821009865538,10.0,3.164235027733259,39.685851537379705,7,False,False,False,False,t1_stable_or_true_release,False,candidate_level_explanation_not_MLIP_consensus_validation
wbm-4-17793,K2 Pa2 Se6 Zn2,K-Pa-Se-Zn,4|K-Pa,500,raw_only_requested_budget,0,7,0,7,False,-0.211342,True,-1.2860000000000014,True,labelable_current_MP_hull,stable_to_stable,False,False,False,False,False,0.5793419999999998,-0.5793419999999998,True,False,-1.44948,-1.3419,3,not_available_for_wbm_queue_chgnet_mace_missing,0,4.050112112583752,10.0,3.390907121405556,39.685851537379705,356,False,False,False,False,t1_stable_or_true_release,False,candidate_level_explanation_not_MLIP_consensus_validation
wbm-4-17914,Ba1 F8 Li2 Pa1,Ba-F-Li-Pa,4|Ba-F,300,PARC_release,7,7,7,0,True,-1.741868,True,0.8327208324999997,False,labelable_current_MP_hull,stable_to_unstable,True,False,False,False,False,1.9972140000000005,-1.9972140000000005,True,True,-3.87315,-4.1297,3,not_available_for_wbm_queue_chgnet_mace_missing,1,164.84325750151808,10.0,5.273725046222098,19.83000681704263,16,False,False,False,False,ALIGNN_FF_disagrees_with_current_MP_label,False,candidate_level_explanation_not_MLIP_consensus_validation
wbm-4-17914,Ba1 F8 Li2 Pa1,Ba-F-Li-Pa,4|Ba-F,500,PARC_release,7,7,7,0,True,-1.741868,True,0.8327208324999997,False,labelable_current_MP_hull,stable_to_unstable,True,False,False,False,False,1.9972140000000005,-1.9972140000000005,True,True,-3.87315,-4.1297,3,not_available_for_wbm_queue_chgnet_mace_missing,1,164.84325750151808,10.0,3.164235027733259,39.685851537379705,5,False,False,False,False,ALIGNN_FF_disagrees_with_current_MP_label,False,candidate_level_explanation_not_MLIP_consensus_validation
wbm-4-17915,Ca1 Cd1 F8 Li2,Ca-Cd-F-Li,4|Ca-Cd,500,raw_only_requested_budget,0,6,0,6,False,0.003941,False,4.244926737499998,False,labelable_current_MP_hull,unstable_to_unstable,True,True,False,True,False,0.6057479999999997,-0.6057479999999997,True,True,-2.7892400000000004,-3.156,3,not_available_for_wbm_queue_chgnet_mace_missing,1,4.727915587350588,10.0,2.899163602944208,33.106904168958664,337,False,False,False,False,near_hull_25meV_boundary,False,candidate_level_explanation_not_MLIP_consensus_validation
wbm-4-17919,Ca1 F8 Li2 Ni1,Ca-F-Li-Ni,4|Ca-F,500,raw_only_requested_budget,0,1,0,1,False,0.070938,False,7.94279857694444,False,labelable_current_MP_hull,unstable_to_unstable,True,False,False,False,False,0.5742010000000004,-0.5742010000000004,True,True,-2.5327899999999994,-3.0357,3,not_available_for_wbm_queue_chgnet_mace_missing,1,3.899432953096361,10.0,1.779032210897582,0.3328937406812571,415,False,False,False,False,ALIGNN_FF_disagrees_with_current_MP_label,False,candidate_level_explanation_not_MLIP_consensus_validation
wbm-4-17921,Ca1 F8 Li2 Zn1,Ca-F-Li-Zn,4|Ca-F,500,raw_only_requested_budget,0,8,0,8,False,0.010948,False,1.272438200833328,False,labelable_current_MP_hull,unstable_to_unstable,True,True,False,True,False,0.6352710000000004,-0.6352710000000004,True,True,-2.6788300000000005,-3.1528,3,not_available_for_wbm_queue_chgnet_mace_missing,1,5.60194196438162,10.0,2.930007124321305,7.78141055913941,222,False,False,False,False,near_hull_25meV_boundary,False,candidate_level_explanation_not_MLIP_consensus_validation
wbm-4-17932,F8 Li2 Pa1 Sr1,F-Li-Pa-Sr,4|F-Li,300,PARC_release,7,7,7,0,True,-1.754417,True,0.8270769274999985,False,labelable_current_MP_hull,stable_to_unstable,True,False,False,False,False,2.0583590000000003,-2.0583590000000003,True,True,-3.92291,-4.1724,3,not_available_for_wbm_queue_chgnet_mace_missing,1,164.84325750151808,10.0,5.651511869009259,12.171561895162212,9,False,False,False,False,ALIGNN_FF_disagrees_with_current_MP_label,False,candidate_level_explanation_not_MLIP_consensus_validation
wbm-4-17932,F8 Li2 Pa1 Sr1,F-Li-Pa-Sr,4|F-Li,500,PARC_release,7,7,7,0,True,-1.754417,True,0.8270769274999985,False,labelable_current_MP_hull,stable_to_unstable,True,False,False,False,False,2.0583590000000003,-2.0583590000000003,True,True,-3.92291,-4.1724,3,not_available_for_wbm_queue_chgnet_mace_missing,1,164.84325750151808,10.0,3.390907121405556,13.924506444478084,9,False,False,False,False,ALIGNN_FF_disagrees_with_current_MP_label,False,candidate_level_explanation_not_MLIP_consensus_validation
wbm-4-17936,F8 Li2 Pa1 Yb1,F-Li-Pa-Yb,4|F-Li,300,PARC_release,7,7,7,0,True,-1.752649,True,,False,unresolved_current_MP_missing_element_reference,stable_to_unresolved,True,False,False,False,False,2.051168,-2.051168,True,True,-3.99633,-4.2573,3,not_available_for_wbm_queue_chgnet_mace_missing,1,164.84325750151808,10.0,5.651511869009259,12.171561895162212,11,False,False,False,False,unresolved_current_MP_hull_reference,False,candidate_level_explanation_not_MLIP_consensus_validation
wbm-4-17936,F8 Li2 Pa1 Yb1,F-Li-Pa-Yb,4|F-Li,500,PARC_release,7,7,7,0,True,-1.752649,True,,False,unresolved_current_MP_missing_element_reference,stable_to_unresolved,True,False,False,False,False,2.051168,-2.051168,True,True,-3.99633,-4.2573,3,not_available_for_wbm_queue_chgnet_mace_missing,1,164.84325750151808,10.0,3.390907121405556,13.924506444478084,11,False,False,False,False,unresolved_current_MP_hull_reference,False,candidate_level_explanation_not_MLIP_consensus_validation
wbm-4-19788,Br6 K2 Mg1,Br-K-Mg,3|Br-K,500,raw_only_requested_budget,0,7,0,7,False,-0.062591,True,-1.6491809999999916,True,labelable_current_MP_hull,stable_to_stable,False,False,False,False,False,0.6000099999999999,-0.6000099999999999,True,False,-1.57435,-1.675,3,not_available_for_wbm_queue_chgnet_mace_missing,0,4.727915587350588,10.0,3.390907121405556,33.106904168958664,305,False,False,False,False,t1_stable_or_true_release,False,candidate_level_explanation_not_MLIP_consensus_validation
wbm-4-20375,Mg1 Pm1 Te2,Mg-Pm-Te,3|Mg-Pm,300,raw_only_requested_budget,0,11,0,11,False,-0.409092,True,-0.3381116350000006,True,labelable_current_MP_hull,stable_to_stable,False,False,False,False,False,0.7245809999999999,-0.7245809999999999,True,False,-1.2121100000000002,-1.2331,3,not_available_for_wbm_queue_chgnet_mace_missing,0,9.121010416574991,10.0,5.651511869009259,16.36323504953147,59,False,False,False,False,t1_stable_or_true_release,False,candidate_level_explanation_not_MLIP_consensus_validation
wbm-4-20375,Mg1 Pm1 Te2,Mg-Pm-Te,3|Mg-Pm,500,raw_only_requested_budget,0,11,0,11,False,-0.409092,True,-0.3381116350000006,True,labelable_current_MP_hull,stable_to_stable,False,False,False,False,False,0.7245809999999999,-0.7245809999999999,True,False,-1.2121100000000002,-1.2331,3,not_available_for_wbm_queue_chgnet_mace_missing,0,9.121010416574991,10.0,3.390907121405556,29.432650133714645,108,False,False,False,False,t1_stable_or_true_release,False,candidate_level_explanation_not_MLIP_consensus_validation
wbm-4-21701,Cs2 Mn2 Pa2 Se6,Cs-Mn-Pa-Se,4|Cs-Mn,500,raw_only_requested_budget,0,4,0,4,False,-0.363653,True,-1.3679159999999797,True,labelable_current_MP_hull,stable_to_stable,False,False,False,False,False,0.599037,-0.599037,True,False,-1.3984,-1.3143,3,not_available_for_wbm_queue_chgnet_mace_missing,0,4.656253816440382,10.0,3.390907121405556,39.685851537379705,307,False,False,False,False,t1_stable_or_true_release,False,candidate_level_explanation_not_MLIP_consensus_validation
wbm-4-21734,Br2 Mn1 Se6,Br-Mn-Se,3|Br-Mn,300,raw_only_requested_budget,0,2,0,2,False,-0.247282,True,-0.656642000000005,True,labelable_current_MP_hull,stable_to_stable,False,False,False,False,False,0.6444400000000001,-0.6444400000000001,True,False,-0.0878,-0.6054,3,not_available_for_wbm_queue_chgnet_mace_missing,0,5.82000752734174,10.0,2.965053684829303,19.83000681704263,230,False,False,False,False,t1_stable_or_true_release,False,candidate_level_explanation_not_MLIP_consensus_validation
wbm-4-21734,Br2 Mn1 Se6,Br-Mn-Se,3|Br-Mn,500,raw_only_requested_budget,0,7,0,7,False,-0.247282,True,-0.656642000000005,True,labelable_current_MP_hull,stable_to_stable,False,False,False,False,False,0.6444400000000001,-0.6444400000000001,True,False,-0.0878,-0.6054,3,not_available_for_wbm_queue_chgnet_mace_missing,0,6.053004685082268,10.0,3.094614266137109,39.685851537379705,231,False,False,False,False,t1_stable_or_true_release,False,candidate_level_explanation_not_MLIP_consensus_validation
wbm-4-23357,Na1 Pa1 Te2,Na-Pa-Te,3|Na-Pa,500,raw_only_requested_budget,0,4,0,4,False,-0.243113,True,24.037211087500005,False,labelable_current_MP_hull,stable_to_unstable,True,False,False,False,False,0.5961280000000001,-0.5961280000000001,True,True,-1.20265,-1.0687,3,not_available_for_wbm_queue_chgnet_mace_missing,1,4.586875680264978,10.0,2.0750417293709846,39.685851537379705,344,False,False,False,False,ALIGNN_FF_disagrees_with_current_MP_label,False,candidate_level_explanation_not_MLIP_consensus_validation
wbm-4-24375,Br2 Er2 Ni2,Br-Er-Ni,3|Br-Er,300,PARC_release,7,11,7,4,True,-0.741684,True,3.8530372066666665,False,labelable_current_MP_hull,stable_to_unstable,True,False,False,False,False,0.900549,-0.900549,True,True,-1.27218,-1.1873,3,not_available_for_wbm_queue_chgnet_mace_missing,1,34.12656697602882,10.0,5.651511869009259,10.926127664038065,1,True,True,True,True,ALIGNN_FF_disagrees_with_current_MP_label,False,candidate_level_explanation_not_MLIP_consensus_validation
wbm-4-24375,Br2 Er2 Ni2,Br-Er-Ni,3|Br-Er,500,PARC_release,1,11,1,10,True,-0.741684,True,3.8530372066666665,False,labelable_current_MP_hull,stable_to_unstable,True,False,False,False,False,0.900549,-0.900549,True,True,-1.27218,-1.1873,3,not_available_for_wbm_queue_chgnet_mace_missing,1,34.12656697602882,10.0,3.390907121405556,12.726465504194358,3,True,True,True,True,ALIGNN_FF_disagrees_with_current_MP_label,False,candidate_level_explanation_not_MLIP_consensus_validation
wbm-4-29521,P1 Pm1 Pt2,P-Pm-Pt,3|P-Pm,300,raw_only_requested_budget,0,5,0,5,False,-0.4822,True,-0.7936780000000141,True,labelable_current_MP_hull,stable_to_stable,False,False,False,False,False,0.6906220000000001,-0.6906220000000001,True,False,-0.8097099999999999,-0.7795,3,not_available_for_wbm_queue_chgnet_mace_missing,0,7.075164301635225,10.0,4.4443928290266985,19.83000681704263,168,False,False,False,False,t1_stable_or_true_release,False,candidate_level_explanation_not_MLIP_consensus_validation
wbm-4-29521,P1 Pm1 Pt2,P-Pm-Pt,3|P-Pm,500,raw_only_requested_budget,0,8,0,8,False,-0.4822,True,-0.7936780000000141,True,labelable_current_MP_hull,stable_to_stable,False,False,False,False,False,0.6906220000000001,-0.6906220000000001,True,False,-0.8097099999999999,-0.7795,3,not_available_for_wbm_queue_chgnet_mace_missing,0,7.846167941986419,10.0,3.164235027733259,39.685851537379705,153,False,False,False,False,t1_stable_or_true_release,False,candidate_level_explanation_not_MLIP_consensus_validation
wbm-4-29541,Ac1 P1 Pt2,Ac-P-Pt,3|Ac-P,300,raw_only_requested_budget,0,8,0,8,False,-0.508007,True,-0.819468999999998,True,labelable_current_MP_hull,stable_to_stable,False,False,False,False,False,0.683238,-0.683238,True,False,-0.6967,-0.8886,3,not_available_for_wbm_queue_chgnet_mace_missing,0,6.599351864309193,10.0,5.651511869009259,19.83000681704263,113,False,False,False,False,t1_stable_or_true_release,False,candidate_level_explanation_not_MLIP_consensus_validation
wbm-4-29541,Ac1 P1 Pt2,Ac-P-Pt,3|Ac-P,500,raw_only_requested_budget,0,9,0,9,False,-0.508007,True,-0.819468999999998,True,labelable_current_MP_hull,stable_to_stable,False,False,False,False,False,0.683238,-0.683238,True,False,-0.6967,-0.8886,3,not_available_for_wbm_queue_chgnet_mace_missing,0,7.075164301635225,10.0,3.390907121405556,39.685851537379705,147,False,False,False,False,t1_stable_or_true_release,False,candidate_level_explanation_not_MLIP_consensus_validation
wbm-4-29674,P1 Pa4 Se3,P-Pa-Se,3|P-Pa,500,raw_only_requested_budget,0,4,0,4,False,-0.526502,True,-1.3998650000000057,True,labelable_current_MP_hull,stable_to_stable,False,False,False,False,False,0.5908370000000001,-0.5908370000000001,True,False,-1.41687,-1.5252,3,not_available_for_wbm_queue_chgnet_mace_missing,0,4.160465101727643,10.0,3.390907121405556,29.432650133714645,322,False,False,False,False,t1_stable_or_true_release,False,candidate_level_explanation_not_MLIP_consensus_validation
wbm-4-30498,Ir1 Pm1,Ir-Pm,2|Ir-Pm,300,raw_only_requested_budget,0,13,0,13,False,-0.606156,True,-0.6061949999999996,True,labelable_current_MP_hull,stable_to_stable,False,False,False,False,False,0.730561,-0.730561,True,False,-0.5822,-0.5883,3,not_available_for_wbm_queue_chgnet_mace_missing,0,9.10867280702932,10.0,5.651511869009259,19.83000681704263,70,False,False,False,False,t1_stable_or_true_release,False,candidate_level_explanation_not_MLIP_consensus_validation
wbm-4-30498,Ir1 Pm1,Ir-Pm,2|Ir-Pm,500,raw_only_requested_budget,0,13,0,13,False,-0.606156,True,-0.6061949999999996,True,labelable_current_MP_hull,stable_to_stable,False,False,False,False,False,0.730561,-0.730561,True,False,-0.5822,-0.5883,3,not_available_for_wbm_queue_chgnet_mace_missing,0,9.10867280702932,10.0,3.390907121405556,39.685851537379705,98,False,False,False,False,t1_stable_or_true_release,False,candidate_level_explanation_not_MLIP_consensus_validation
wbm-4-30504,Pm1 Pt3,Pm-Pt,2|Pm-Pt,300,raw_only_requested_budget,0,10,0,10,False,-0.574788,True,-0.5748230000000003,True,labelable_current_MP_hull,stable_to_stable,False,False,False,False,False,0.783365,-0.783365,True,False,-0.7733000000000001,-0.8358,3,not_available_for_wbm_queue_chgnet_mace_missing,0,13.673959648292552,10.0,5.273725046222098,12.171561895162212,24,False,False,False,False,t1_stable_or_true_release,False,candidate_level_explanation_not_MLIP_consensus_validation
wbm-4-30504,Pm1 Pt3,Pm-Pt,2|Pm-Pt,500,raw_only_requested_budget,0,10,0,10,False,-0.574788,True,-0.5748230000000003,True,labelable_current_MP_hull,stable_to_stable,False,False,False,False,False,0.783365,-0.783365,True,False,-0.7733000000000001,-0.8358,3,not_available_for_wbm_queue_chgnet_mace_missing,0,13.673959648292552,10.0,3.164235027733259,12.726465504194358,49,False,False,False,False,t1_stable_or_true_release,False,candidate_level_explanation_not_MLIP_consensus_validation
wbm-4-30818,Np2 Pt2 Rb2 Te6,Np-Pt-Rb-Te,4|Np-Pt,500,raw_only_requested_budget,0,1,0,1,False,0.044567,False,4.193515945833337,False,labelable_current_MP_hull,unstable_to_unstable,True,False,False,True,False,0.556166,-0.556166,True,True,-1.2887799999999998,-0.9694,3,not_available_for_wbm_queue_chgnet_mace_missing,1,2.9621815726991896,10.0,1.2178016109894885,29.432650133714645,448,False,False,False,False,near_hull_50meV_boundary,False,candidate_level_explanation_not_MLIP_consensus_validation
wbm-4-31276,Gd2 I2 Rh2,Gd-I-Rh,3|Gd-I,500,raw_only_requested_budget,0,11,0,11,False,-0.550447,True,8.37783589555556,False,labelable_current_MP_hull,stable_to_unstable,True,False,False,False,False,0.6168410000000001,-0.6168410000000001,True,True,-1.00826,-1.1247,3,not_available_for_wbm_queue_chgnet_mace_missing,1,4.879654104331348,10.0,3.164235027733259,39.685851537379705,299,False,False,False,False,ALIGNN_FF_disagrees_with_current_MP_label,False,candidate_level_explanation_not_MLIP_consensus_validation
wbm-4-32031,I6 Ru2,I-Ru,2|I-Ru,300,raw_only_requested_budget,0,8,0,8,False,-0.407949,True,-0.4079250000000005,True,labelable_current_MP_hull,stable_to_stable,False,False,False,False,False,0.748124,-0.748124,True,False,-0.5140100000000001,-0.369,3,not_available_for_wbm_queue_chgnet_mace_missing,0,10.918206288544544,10.0,4.831939338240346,12.674371754430824,59,True,False,True,True,t1_stable_or_true_release,False,candidate_level_explanation_not_MLIP_consensus_validation
wbm-4-32031,I6 Ru2,I-Ru,2|I-Ru,500,raw_only_requested_budget,0,8,0,8,False,-0.407949,True,-0.4079250000000005,True,labelable_current_MP_hull,stable_to_stable,False,False,False,False,False,0.748124,-0.748124,True,False,-0.5140100000000001,-0.369,3,not_available_for_wbm_queue_chgnet_mace_missing,0,10.918206288544544,10.0,2.899163602944208,33.106904168958664,82,True,False,True,True,t1_stable_or_true_release,False,candidate_level_explanation_not_MLIP_consensus_validation
wbm-4-32034,Gd2 I2 Ru2,Gd-I-Ru,3|Gd-I,300,PARC_release,3,11,3,8,True,-0.756942,True,-0.9308149999999992,True,labelable_current_MP_hull,stable_to_stable,False,False,False,False,False,0.860927,-0.860927,True,False,-0.73632,-0.9359,3,not_available_for_wbm_queue_chgnet_mace_missing,0,21.790625303724457,10.0,5.273725046222098,19.83000681704263,2,False,False,False,False,t1_stable_or_true_release,False,candidate_level_explanation_not_MLIP_consensus_validation
wbm-4-32034,Gd2 I2 Ru2,Gd-I-Ru,3|Gd-I,500,raw_only_requested_budget,0,11,0,11,False,-0.756942,True,-0.9308149999999992,True,labelable_current_MP_hull,stable_to_stable,False,False,False,False,False,0.860927,-0.860927,True,False,-0.73632,-0.9359,3,not_available_for_wbm_queue_chgnet_mace_missing,0,21.790625303724457,10.0,3.164235027733259,39.685851537379705,16,False,False,False,False,t1_stable_or_true_release,False,candidate_level_explanation_not_MLIP_consensus_validation
wbm-4-33368,Gd3 I3 Sb1,Gd-I-Sb,3|Gd-I,300,PARC_release,11,11,11,0,True,-0.78727,True,-1.276290000000003,True,labelable_current_MP_hull,stable_to_stable,False,False,False,False,False,1.1922800000000002,-1.1922800000000002,True,False,-1.4252699999999998,-1.4033,3,not_available_for_wbm_queue_chgnet_mace_missing,0,164.80390769444054,10.0,5.273725046222098,19.83000681704263,19,False,False,False,False,t1_stable_or_true_release,False,candidate_level_explanation_not_MLIP_consensus_validation
wbm-4-33368,Gd3 I3 Sb1,Gd-I-Sb,3|Gd-I,500,PARC_release,11,11,11,0,True,-0.78727,True,-1.276290000000003,True,labelable_current_MP_hull,stable_to_stable,False,False,False,False,False,1.1922800000000002,-1.1922800000000002,True,False,-1.4252699999999998,-1.4033,3,not_available_for_wbm_queue_chgnet_mace_missing,0,164.80390769444054,10.0,3.164235027733259,39.685851537379705,9,False,False,False,False,t1_stable_or_true_release,False,candidate_level_explanation_not_MLIP_consensus_validation
wbm-4-3354,Ac1 As1 Pd2,Ac-As-Pd,3|Ac-As,500,raw_only_requested_budget,0,9,0,9,False,-0.516369,True,7.751528924999999,False,labelable_current_MP_hull,stable_to_unstable,True,False,False,False,False,0.618336,-0.618336,True,True,-0.8583100000000001,-0.9555,3,not_available_for_wbm_queue_chgnet_mace_missing,1,5.210704400324024,10.0,2.9958499810476265,13.924506444478084,295,False,False,False,False,ALIGNN_FF_disagrees_with_current_MP_label,False,candidate_level_explanation_not_MLIP_consensus_validation
wbm-4-3401,Ac1 As1 Pt2,Ac-As-Pt,3|Ac-As,300,raw_only_requested_budget,0,7,0,7,False,-0.618189,True,1.5221348474999985,False,labelable_current_MP_hull,stable_to_unstable,True,False,False,False,False,0.701994,-0.701994,True,True,-0.52766,-0.9887,3,not_available_for_wbm_queue_chgnet_mace_missing,1,8.314929611426463,10.0,4.993083301746044,12.171561895162212,114,False,False,False,False,ALIGNN_FF_disagrees_with_current_MP_label,False,candidate_level_explanation_not_MLIP_consensus_validation
wbm-4-3401,Ac1 As1 Pt2,Ac-As-Pt,3|Ac-As,500,raw_only_requested_budget,0,9,0,9,False,-0.618189,True,1.5221348474999985,False,labelable_current_MP_hull,stable_to_unstable,True,False,False,False,False,0.701994,-0.701994,True,True,-0.52766,-0.9887,3,not_available_for_wbm_queue_chgnet_mace_missing,1,8.314929611426463,10.0,2.9958499810476265,13.924506444478084,139,False,False,False,False,ALIGNN_FF_disagrees_with_current_MP_label,False,candidate_level_explanation_not_MLIP_consensus_validation
wbm-4-34284,In1 Pa1 Se2,In-Pa-Se,3|In-Pa,300,raw_only_requested_budget,0,14,0,14,False,-0.266089,True,-1.1095229999999958,True,labelable_current_MP_hull,stable_to_stable,False,False,False,False,False,0.7278659999999999,-0.7278659999999999,True,False,-1.2357999999999998,-1.2882,3,not_available_for_wbm_queue_chgnet_mace_missing,0,9.421999145266588,10.0,5.273725046222098,16.36323504953147,77,False,False,False,False,t1_stable_or_true_release,False,candidate_level_explanation_not_MLIP_consensus_validation
wbm-4-34284,In1 Pa1 Se2,In-Pa-Se,3|In-Pa,500,raw_only_requested_budget,0,14,0,14,False,-0.266089,True,-1.1095229999999958,True,labelable_current_MP_hull,stable_to_stable,False,False,False,False,False,0.7278659999999999,-0.7278659999999999,True,False,-1.2357999999999998,-1.2882,3,not_available_for_wbm_queue_chgnet_mace_missing,0,9.421999145266588,10.0,3.164235027733259,33.106904168958664,102,False,False,False,False,t1_stable_or_true_release,False,candidate_level_explanation_not_MLIP_consensus_validation
wbm-4-34290,Pa1 Se2,Pa-Se,2|Pa-Se,300,PARC_release,1,11,1,10,True,-0.546032,True,-1.6190479999999925,True,labelable_current_MP_hull,stable_to_stable,False,False,False,False,False,0.780084,-0.780084,True,False,-1.4877,-1.4944,3,not_available_for_wbm_queue_chgnet_mace_missing,0,14.421678661637175,10.0,5.651511869009259,12.674371754430824,32,False,False,False,False,t1_stable_or_true_release,False,candidate_level_explanation_not_MLIP_consensus_validation
wbm-4-34290,Pa1 Se2,Pa-Se,2|Pa-Se,500,raw_only_requested_budget,0,11,0,11,False,-0.546032,True,-1.6190479999999925,True,labelable_current_MP_hull,stable_to_stable,False,False,False,False,False,0.780084,-0.780084,True,False,-1.4877,-1.4944,3,not_available_for_wbm_queue_chgnet_mace_missing,0,14.421678661637175,10.0,3.390907121405556,33.106904168958664,79,False,False,False,False,t1_stable_or_true_release,False,candidate_level_explanation_not_MLIP_consensus_validation
wbm-4-34291,Pa1 Pb1 Se2,Pa-Pb-Se,3|Pa-Pb,300,raw_only_requested_budget,0,9,0,9,False,-0.205566,True,-1.0103389999999877,True,labelable_current_MP_hull,stable_to_stable,False,False,False,False,False,0.712927,-0.712927,True,False,-1.2299899999999997,-1.211,3,not_available_for_wbm_queue_chgnet_mace_missing,0,9.121010416574991,10.0,5.651511869009259,19.83000681704263,87,False,False,False,False,t1_stable_or_true_release,False,candidate_level_explanation_not_MLIP_consensus_validation
wbm-4-34291,Pa1 Pb1 Se2,Pa-Pb-Se,3|Pa-Pb,500,raw_only_requested_budget,0,9,0,9,False,-0.205566,True,-1.0103389999999877,True,labelable_current_MP_hull,stable_to_stable,False,False,False,False,False,0.712927,-0.712927,True,False,-1.2299899999999997,-1.211,3,not_available_for_wbm_queue_chgnet_mace_missing,0,9.121010416574991,10.0,3.390907121405556,39.685851537379705,122,False,False,False,False,t1_stable_or_true_release,False,candidate_level_explanation_not_MLIP_consensus_validation
wbm-4-34319,Pa1 Se2 Sn1,Pa-Se-Sn,3|Pa-Se,300,raw_only_requested_budget,0,4,0,4,False,-0.12378,True,-0.9285350000000108,True,labelable_current_MP_hull,stable_to_stable,False,False,False,False,False,0.6539450000000001,-0.6539450000000001,True,False,-1.1440500000000002,-1.2107,3,not_available_for_wbm_queue_chgnet_mace_missing,0,6.057070135766492,10.0,2.965053684829303,19.83000681704263,215,False,False,False,False,t1_stable_or_true_release,False,candidate_level_explanation_not_MLIP_consensus_validation
wbm-4-34319,Pa1 Se2 Sn1,Pa-Se-Sn,3|Pa-Se,500,raw_only_requested_budget,0,11,0,11,False,-0.12378,True,-0.9285350000000108,True,labelable_current_MP_hull,stable_to_stable,False,False,False,False,False,0.6539450000000001,-0.6539450000000001,True,False,-1.1440500000000002,-1.2107,3,not_available_for_wbm_queue_chgnet_mace_missing,0,6.187688875918232,10.0,3.164235027733259,39.685851537379705,216,False,False,False,False,t1_stable_or_true_release,False,candidate_level_explanation_not_MLIP_consensus_validation
wbm-4-34400,Pa2 Rb4 Se6,Pa-Rb-Se,3|Pa-Rb,300,raw_only_requested_budget,0,5,0,5,False,-0.367683,True,-1.5078480000000098,True,labelable_current_MP_hull,stable_to_stable,False,False,False,False,False,0.669735,-0.669735,True,False,-1.4891,-1.6422,3,not_available_for_wbm_queue_chgnet_mace_missing,0,7.084698184134033,10.0,5.651511869009259,12.171561895162212,125,False,False,False,False,t1_stable_or_true_release,False,candidate_level_explanation_not_MLIP_consensus_validation
wbm-4-34400,Pa2 Rb4 Se6,Pa-Rb-Se,3|Pa-Rb,500,raw_only_requested_budget,0,10,0,10,False,-0.367683,True,-1.5078480000000098,True,labelable_current_MP_hull,stable_to_stable,False,False,False,False,False,0.669735,-0.669735,True,False,-1.4891,-1.6422,3,not_available_for_wbm_queue_chgnet_mace_missing,0,7.084698184134033,10.0,3.390907121405556,13.924506444478084,161,False,False,False,False,t1_stable_or_true_release,False,candidate_level_explanation_not_MLIP_consensus_validation
wbm-4-34409,Ag2 Pa2 Rb2 Se6,Ag-Pa-Rb-Se,4|Ag-Pa,500,raw_only_requested_budget,0,9,0,9,False,-0.370352,True,-1.3428100000000145,True,labelable_current_MP_hull,stable_to_stable,False,False,False,False,False,0.6132420000000001,-0.6132420000000001,True,False,-1.3783299999999998,-1.3617,3,not_available_for_wbm_queue_chgnet_mace_missing,0,4.955607335966234,10.0,3.390907121405556,39.685851537379705,271,False,False,False,False,t1_stable_or_true_release,False,candidate_level_explanation_not_MLIP_consensus_validation
wbm-4-34573,Pa4 Se2,Pa-Se,2|Pa-Se,500,raw_only_requested_budget,0,4,0,4,False,-0.132953,True,-0.6694430000000011,True,labelable_current_MP_hull,stable_to_stable,False,False,False,False,False,0.58011,-0.58011,True,False,-0.2056699999999999,0.0518,3,not_available_for_wbm_queue_chgnet_mace_missing,0,4.050112112583752,10.0,3.390907121405556,33.106904168958664,352,False,False,False,False,t1_stable_or_true_release,False,candidate_level_explanation_not_MLIP_consensus_validation
wbm-4-35480,Br2 Er2 Si1,Br-Er-Si,3|Br-Er,300,PARC_release,11,11,11,0,True,-0.765514,True,-1.6088489999999638,True,labelable_current_MP_hull,stable_to_stable,False,False,False,False,False,0.9823650000000002,-0.9823650000000002,True,False,-1.51145,-1.5972,3,not_available_for_wbm_queue_chgnet_mace_missing,0,62.74118413416109,10.0,5.651511869009259,10.926127664038065,90,True,False,True,True,t1_stable_or_true_release,False,candidate_level_explanation_not_MLIP_consensus_validation
wbm-4-35480,Br2 Er2 Si1,Br-Er-Si,3|Br-Er,500,PARC_release,6,11,6,5,True,-0.765514,True,-1.6088489999999638,True,labelable_current_MP_hull,stable_to_stable,False,False,False,False,False,0.9823650000000002,-0.9823650000000002,True,False,-1.51145,-1.5972,3,not_available_for_wbm_queue_chgnet_mace_missing,0,62.74118413416109,10.0,3.390907121405556,12.726465504194358,2,True,False,True,True,t1_stable_or_true_release,False,candidate_level_explanation_not_MLIP_consensus_validation
wbm-4-36979,Ac1 Pt2 Sn1,Ac-Pt-Sn,3|Ac-Pt,500,raw_only_requested_budget,0,4,0,4,False,-0.543756,True,-0.8987189999999998,True,labelable_current_MP_hull,stable_to_stable,False,False,False,False,False,0.5868369999999999,-0.5868369999999999,True,False,-0.94767,-0.9799,3,not_available_for_wbm_queue_chgnet_mace_missing,0,4.156773416575273,10.0,3.390907121405556,33.106904168958664,332,False,False,False,False,t1_stable_or_true_release,False,candidate_level_explanation_not_MLIP_consensus_validation
wbm-4-37186,I8 Sr2,I-Sr,2|I-Sr,300,raw_only_requested_budget,0,10,0,10,False,-0.127783,True,11.816045747999992,False,labelable_current_MP_hull,stable_to_unstable,True,False,False,False,False,0.7434640000000001,-0.7434640000000001,True,True,-1.27063,-0.9614,3,not_available_for_wbm_queue_chgnet_mace_missing,1,10.500196984850524,10.0,5.273725046222098,19.83000681704263,73,True,True,False,True,ALIGNN_FF_disagrees_with_current_MP_label,False,candidate_level_explanation_not_MLIP_consensus_validation
wbm-4-37186,I8 Sr2,I-Sr,2|I-Sr,500,raw_only_requested_budget,0,10,0,10,False,-0.127783,True,11.816045747999992,False,labelable_current_MP_hull,stable_to_unstable,True,False,False,False,False,0.7434640000000001,-0.7434640000000001,True,True,-1.27063,-0.9614,3,not_available_for_wbm_queue_chgnet_mace_missing,1,10.500196984850524,10.0,3.164235027733259,39.685851537379705,106,True,True,False,True,ALIGNN_FF_disagrees_with_current_MP_label,False,candidate_level_explanation_not_MLIP_consensus_validation
wbm-4-37444,Pa2 Te4,Pa-Te,2|Pa-Te,300,raw_only_requested_budget,0,4,0,4,False,-0.272661,True,-0.9682639999999996,True,labelable_current_MP_hull,stable_to_stable,False,False,False,False,False,0.6802969999999999,-0.6802969999999999,True,False,-0.5639200000000001,-0.8298,3,not_available_for_wbm_queue_chgnet_mace_missing,0,7.262157980969153,10.0,3.516656160032386,12.674371754430824,181,False,False,False,False,t1_stable_or_true_release,False,candidate_level_explanation_not_MLIP_consensus_validation
wbm-4-37444,Pa2 Te4,Pa-Te,2|Pa-Te,500,raw_only_requested_budget,0,7,0,7,False,-0.272661,True,-0.9682639999999996,True,labelable_current_MP_hull,stable_to_stable,False,False,False,False,False,0.6802969999999999,-0.6802969999999999,True,False,-0.5639200000000001,-0.8298,3,not_available_for_wbm_queue_chgnet_mace_missing,0,7.262157980969153,10.0,2.9958499810476265,33.106904168958664,169,False,False,False,False,t1_stable_or_true_release,False,candidate_level_explanation_not_MLIP_consensus_validation
wbm-4-39964,Pa2 Rb2 Se6 Zn2,Pa-Rb-Se-Zn,4|Pa-Rb,300,raw_only_requested_budget,0,1,0,1,False,-0.268141,True,-1.289545000000004,True,labelable_current_MP_hull,stable_to_stable,False,False,False,False,False,0.6467959999999999,-0.6467959999999999,True,False,-1.46618,-1.3573,3,not_available_for_wbm_queue_chgnet_mace_missing,0,5.934681507496319,10.0,2.086020786140143,12.674371754430824,254,False,False,False,False,t1_stable_or_true_release,False,candidate_level_explanation_not_MLIP_consensus_validation
wbm-4-39964,Pa2 Rb2 Se6 Zn2,Pa-Rb-Se-Zn,4|Pa-Rb,500,raw_only_requested_budget,0,12,0,12,False,-0.268141,True,-1.289545000000004,True,labelable_current_MP_hull,stable_to_stable,False,False,False,False,False,0.6467959999999999,-0.6467959999999999,True,False,-1.46618,-1.3573,3,not_available_for_wbm_queue_chgnet_mace_missing,0,6.179385168110146,10.0,3.390907121405556,33.106904168958664,201,False,False,False,False,t1_stable_or_true_release,False,candidate_level_explanation_not_MLIP_consensus_validation
wbm-4-40044,Pm1 Te2 Zn1,Pm-Te-Zn,3|Pm-Te,300,raw_only_requested_budget,0,14,0,14,False,-0.642644,True,-0.9847499999999982,True,labelable_current_MP_hull,stable_to_stable,False,False,False,False,False,0.7336940000000001,-0.7336940000000001,True,False,-0.98607,-0.7718,3,not_available_for_wbm_queue_chgnet_mace_missing,0,10.108130325542572,10.0,5.651511869009259,19.83000681704263,47,False,False,False,False,t1_stable_or_true_release,False,candidate_level_explanation_not_MLIP_consensus_validation
wbm-4-40044,Pm1 Te2 Zn1,Pm-Te-Zn,3|Pm-Te,500,raw_only_requested_budget,0,14,0,14,False,-0.642644,True,-0.9847499999999982,True,labelable_current_MP_hull,stable_to_stable,False,False,False,False,False,0.7336940000000001,-0.7336940000000001,True,False,-0.98607,-0.7718,3,not_available_for_wbm_queue_chgnet_mace_missing,0,10.108130325542572,10.0,3.390907121405556,39.685851537379705,93,False,False,False,False,t1_stable_or_true_release,False,candidate_level_explanation_not_MLIP_consensus_validation
wbm-4-4705,Br2 Er2 Pb1,Br-Er-Pb,3|Br-Er,300,PARC_release,1,11,1,10,True,-0.615149,True,-1.4247709999999998,True,labelable_current_MP_hull,stable_to_stable,False,False,False,False,False,0.7850779999999999,-0.7850779999999999,True,False,-1.4000999999999997,-1.3238,3,not_available_for_wbm_queue_chgnet_mace_missing,0,15.262653700560776,10.0,5.651511869009259,10.926127664038065,22,True,True,False,True,t1_stable_or_true_release,False,candidate_level_explanation_not_MLIP_consensus_validation
wbm-4-4705,Br2 Er2 Pb1,Br-Er-Pb,3|Br-Er,500,raw_only_requested_budget,0,11,0,11,False,-0.615149,True,-1.4247709999999998,True,labelable_current_MP_hull,stable_to_stable,False,False,False,False,False,0.7850779999999999,-0.7850779999999999,True,False,-1.4000999999999997,-1.3238,3,not_available_for_wbm_queue_chgnet_mace_missing,0,15.262653700560776,10.0,3.390907121405556,12.726465504194358,47,True,True,False,True,t1_stable_or_true_release,False,candidate_level_explanation_not_MLIP_consensus_validation
wbm-4-4706,Br2 Er2 Pb1,Br-Er-Pb,3|Br-Er,300,PARC_release,2,11,2,9,True,-0.614773,True,-1.424395000000004,True,labelable_current_MP_hull,stable_to_stable,False,False,False,False,False,0.8094779999999999,-0.8094779999999999,True,False,-1.43921,-1.4174,3,not_available_for_wbm_queue_chgnet_mace_missing,0,16.21597714020033,10.0,5.651511869009259,10.926127664038065,3,True,True,False,True,t1_stable_or_true_release,False,candidate_level_explanation_not_MLIP_consensus_validation
wbm-4-4706,Br2 Er2 Pb1,Br-Er-Pb,3|Br-Er,500,raw_only_requested_budget,0,11,0,11,False,-0.614773,True,-1.424395000000004,True,labelable_current_MP_hull,stable_to_stable,False,False,False,False,False,0.8094779999999999,-0.8094779999999999,True,False,-1.43921,-1.4174,3,not_available_for_wbm_queue_chgnet_mace_missing,0,16.21597714020033,10.0,3.390907121405556,12.726465504194358,28,True,True,False,True,t1_stable_or_true_release,False,candidate_level_explanation_not_MLIP_consensus_validation
wbm-4-4751,Ba2 Br6,Ba-Br,2|Ba-Br,300,raw_only_requested_budget,0,5,0,5,False,-0.142635,True,-2.120147000000003,True,labelable_current_MP_hull,stable_to_stable,False,False,False,False,False,0.6665880000000002,-0.6665880000000002,True,False,-1.96131,-1.5253,3,not_available_for_wbm_queue_chgnet_mace_missing,0,6.599351864309193,10.0,5.651511869009259,12.674371754430824,129,True,True,True,True,t1_stable_or_true_release,False,candidate_level_explanation_not_MLIP_consensus_validation
wbm-4-4751,Ba2 Br6,Ba-Br,2|Ba-Br,500,raw_only_requested_budget,0,11,0,11,False,-0.142635,True,-2.120147000000003,True,labelable_current_MP_hull,stable_to_stable,False,False,False,False,False,0.6665880000000002,-0.6665880000000002,True,False,-1.96131,-1.5253,3,not_available_for_wbm_queue_chgnet_mace_missing,0,7.075164301635225,10.0,3.390907121405556,33.106904168958664,177,True,True,True,True,t1_stable_or_true_release,False,candidate_level_explanation_not_MLIP_consensus_validation
wbm-4-4752,Ba2 Br6,Ba-Br,2|Ba-Br,300,PARC_release,4,11,4,7,True,0.055985,False,-1.921526999999997,True,labelable_current_MP_hull,unstable_to_stable,False,False,False,False,False,0.8567879999999999,-0.8567879999999999,True,False,-2.0165,-1.5357,3,not_available_for_wbm_queue_chgnet_mace_missing,0,23.93604341177539,10.0,5.651511869009259,12.674371754430824,8,False,False,False,False,t1_stable_or_true_release,False,candidate_level_explanation_not_MLIP_consensus_validation
wbm-4-4752,Ba2 Br6,Ba-Br,2|Ba-Br,500,raw_only_requested_budget,0,11,0,11,False,0.055985,False,-1.921526999999997,True,labelable_current_MP_hull,unstable_to_stable,False,False,False,False,False,0.8567879999999999,-0.8567879999999999,True,False,-2.0165,-1.5357,3,not_available_for_wbm_queue_chgnet_mace_missing,0,23.93604341177539,10.0,3.390907121405556,33.106904168958664,22,False,False,False,False,t1_stable_or_true_release,False,candidate_level_explanation_not_MLIP_consensus_validation
wbm-4-4766,Br6 Pb2,Br-Pb,2|Br-Pb,300,raw_only_requested_budget,0,7,0,7,False,0.001031,False,-1.0109939999999966,True,labelable_current_MP_hull,unstable_to_stable,False,True,False,True,False,0.6649750000000001,-0.6649750000000001,True,False,-1.1227399999999998,-0.9213,3,not_available_for_wbm_queue_chgnet_mace_missing,0,6.599351864309193,10.0,5.651511869009259,12.171561895162212,132,False,False,False,False,t1_stable_or_true_release,False,candidate_level_explanation_not_MLIP_consensus_validation
wbm-4-4766,Br6 Pb2,Br-Pb,2|Br-Pb,500,raw_only_requested_budget,0,9,0,9,False,0.001031,False,-1.0109939999999966,True,labelable_current_MP_hull,unstable_to_stable,False,True,False,True,False,0.6649750000000001,-0.6649750000000001,True,False,-1.1227399999999998,-0.9213,3,not_available_for_wbm_queue_chgnet_mace_missing,0,6.906959060696608,10.0,3.390907121405556,11.493608026395536,169,False,False,False,False,t1_stable_or_true_release,False,candidate_level_explanation_not_MLIP_consensus_validation
wbm-4-4767,Br6 Pd2,Br-Pd,2|Br-Pd,300,raw_only_requested_budget,0,2,0,2,False,-0.142522,True,-0.7055760000000006,True,labelable_current_MP_hull,stable_to_stable,False,False,False,False,False,0.652946,-0.652946,True,False,-0.78255,-0.7192,3,not_available_for_wbm_queue_chgnet_mace_missing,0,6.057070135766492,10.0,2.965053684829303,12.674371754430824,217,True,False,True,True,t1_stable_or_true_release,False,candidate_level_explanation_not_MLIP_consensus_validation
wbm-4-4767,Br6 Pd2,Br-Pd,2|Br-Pd,500,raw_only_requested_budget,0,12,0,12,False,-0.142522,True,-0.7055760000000006,True,labelable_current_MP_hull,stable_to_stable,False,False,False,False,False,0.652946,-0.652946,True,False,-0.78255,-0.7192,3,not_available_for_wbm_queue_chgnet_mace_missing,0,6.449904186024537,10.0,3.390907121405556,33.106904168958664,188,True,False,True,True,t1_stable_or_true_release,False,candidate_level_explanation_not_MLIP_consensus_validation
wbm-4-4775,Br6 Sr2,Br-Sr,2|Br-Sr,300,raw_only_requested_budget,0,7,0,7,False,-0.070771,True,3.044959645000006,False,labelable_current_MP_hull,stable_to_unstable,True,False,False,False,False,0.803582,-0.803582,True,True,-1.95848,-1.7197,3,not_available_for_wbm_queue_chgnet_mace_missing,1,17.3301600176195,10.0,4.993083301746044,12.171561895162212,25,True,True,False,True,ALIGNN_FF_disagrees_with_current_MP_label,False,candidate_level_explanation_not_MLIP_consensus_validation
wbm-4-4775,Br6 Sr2,Br-Sr,2|Br-Sr,500,raw_only_requested_budget,0,7,0,7,False,-0.070771,True,3.044959645000006,False,labelable_current_MP_hull,stable_to_unstable,True,False,False,False,False,0.803582,-0.803582,True,True,-1.95848,-1.7197,3,not_available_for_wbm_queue_chgnet_mace_missing,1,17.3301600176195,10.0,2.9958499810476265,13.924506444478084,38,True,True,False,True,ALIGNN_FF_disagrees_with_current_MP_label,False,candidate_level_explanation_not_MLIP_consensus_validation
wbm-4-4780,Br6 Yb2,Br-Yb,2|Br-Yb,300,raw_only_requested_budget,0,10,0,10,False,-0.080941,True,,False,unresolved_current_MP_missing_element_reference,stable_to_unresolved,True,False,False,False,False,0.7192609999999999,-0.7192609999999999,True,True,-1.81395,-1.8953,3,not_available_for_wbm_queue_chgnet_mace_missing,1,9.10867280702932,10.0,5.651511869009259,12.171561895162212,67,True,True,False,True,unresolved_current_MP_hull_reference,False,candidate_level_explanation_not_MLIP_consensus_validation
wbm-4-4780,Br6 Yb2,Br-Yb,2|Br-Yb,500,raw_only_requested_budget,0,11,0,11,False,-0.080941,True,,False,unresolved_current_MP_missing_element_reference,stable_to_unresolved,True,False,False,False,False,0.7192609999999999,-0.7192609999999999,True,True,-1.81395,-1.8953,3,not_available_for_wbm_queue_chgnet_mace_missing,1,9.10867280702932,10.0,3.390907121405556,11.493608026395536,119,True,True,False,True,unresolved_current_MP_hull_reference,False,candidate_level_explanation_not_MLIP_consensus_validation
wbm-4-4786,Br8 Pd2,Br-Pd,2|Br-Pd,300,raw_only_requested_budget,0,12,0,12,False,-0.224522,True,-0.6749720000000039,True,labelable_current_MP_hull,stable_to_stable,False,False,False,False,False,0.7677499999999999,-0.7677499999999999,True,False,-0.7051000000000001,-0.6128,3,not_available_for_wbm_queue_chgnet_mace_missing,0,13.022274889386972,10.0,5.651511869009259,12.674371754430824,4,True,False,True,True,t1_stable_or_true_release,False,candidate_level_explanation_not_MLIP_consensus_validation
wbm-4-4786,Br8 Pd2,Br-Pd,2|Br-Pd,500,raw_only_requested_budget,0,12,0,12,False,-0.224522,True,-0.6749720000000039,True,labelable_current_MP_hull,stable_to_stable,False,False,False,False,False,0.7677499999999999,-0.7677499999999999,True,False,-0.7051000000000001,-0.6128,3,not_available_for_wbm_queue_chgnet_mace_missing,0,13.022274889386972,10.0,3.390907121405556,33.106904168958664,65,True,False,True,True,t1_stable_or_true_release,False,candidate_level_explanation_not_MLIP_consensus_validation
wbm-4-4787,Br8 Pt2,Br-Pt,2|Br-Pt,300,raw_only_requested_budget,0,2,0,2,False,-0.154458,True,0.2907935699999981,False,labelable_current_MP_hull,stable_to_unstable,True,False,False,False,False,0.643116,-0.643116,True,True,-0.7655600000000001,-0.6966,3,not_available_for_wbm_queue_chgnet_mace_missing,1,5.82000752734174,10.0,2.965053684829303,16.36323504953147,233,True,False,True,True,ALIGNN_FF_disagrees_with_current_MP_label,False,candidate_level_explanation_not_MLIP_consensus_validation
wbm-4-4787,Br8 Pt2,Br-Pt,2|Br-Pt,500,raw_only_requested_budget,0,12,0,12,False,-0.154458,True,0.2907935699999981,False,labelable_current_MP_hull,stable_to_unstable,True,False,False,False,False,0.643116,-0.643116,True,True,-0.7655600000000001,-0.6966,3,not_available_for_wbm_queue_chgnet_mace_missing,1,6.053004685082268,10.0,3.390907121405556,29.432650133714645,208,True,False,True,True,ALIGNN_FF_disagrees_with_current_MP_label,False,candidate_level_explanation_not_MLIP_consensus_validation
wbm-4-4788,Br8 Rh2,Br-Rh,2|Br-Rh,500,raw_only_requested_budget,0,3,0,3,False,-0.023161,True,-0.7501730000000038,True,labelable_current_MP_hull,stable_to_stable,False,True,False,True,False,0.5719879999999999,-0.5719879999999999,True,False,-0.78786,-0.6153,3,not_available_for_wbm_queue_chgnet_mace_missing,0,3.5075405871087475,10.0,3.390907121405556,29.432650133714645,376,False,False,False,False,t1_stable_or_true_release,False,candidate_level_explanation_not_MLIP_consensus_validation
wbm-4-4791,Br4 Er1 Sn1,Br-Er-Sn,3|Br-Er,300,PARC_release,11,11,11,0,True,-0.66639,True,-1.6535390000000092,True,labelable_current_MP_hull,stable_to_stable,False,False,False,False,False,1.134451,-1.134451,True,False,-1.7038999999999995,-1.6437,3,not_available_for_wbm_queue_chgnet_mace_missing,0,164.80390769444054,10.0,5.651511869009259,10.926127664038065,51,False,False,False,False,t1_stable_or_true_release,False,candidate_level_explanation_not_MLIP_consensus_validation
wbm-4-4791,Br4 Er1 Sn1,Br-Er-Sn,3|Br-Er,500,PARC_release,11,11,11,0,True,-0.66639,True,-1.6535390000000092,True,labelable_current_MP_hull,stable_to_stable,False,False,False,False,False,1.134451,-1.134451,True,False,-1.7038999999999995,-1.6437,3,not_available_for_wbm_queue_chgnet_mace_missing,0,164.80390769444054,10.0,3.390907121405556,12.726465504194358,4,False,False,False,False,t1_stable_or_true_release,False,candidate_level_explanation_not_MLIP_consensus_validation
wbm-4-5717,Br6 Ca2,Br-Ca,2|Br-Ca,300,raw_only_requested_budget,0,11,0,11,False,-0.084834,True,-1.9286150000000009,True,labelable_current_MP_hull,stable_to_stable,False,False,False,False,False,0.8094190000000001,-0.8094190000000001,True,False,-1.79301,-1.8658,3,not_available_for_wbm_queue_chgnet_mace_missing,0,17.3301600176195,10.0,5.651511869009259,16.36323504953147,17,True,True,False,True,t1_stable_or_true_release,False,candidate_level_explanation_not_MLIP_consensus_validation
wbm-4-5717,Br6 Ca2,Br-Ca,2|Br-Ca,500,raw_only_requested_budget,0,11,0,11,False,-0.084834,True,-1.9286150000000009,True,labelable_current_MP_hull,stable_to_stable,False,False,False,False,False,0.8094190000000001,-0.8094190000000001,True,False,-1.79301,-1.8658,3,not_available_for_wbm_queue_chgnet_mace_missing,0,17.3301600176195,10.0,3.390907121405556,33.106904168958664,51,True,True,False,True,t1_stable_or_true_release,False,candidate_level_explanation_not_MLIP_consensus_validation
wbm-4-5718,Br6 Ca2,Br-Ca,2|Br-Ca,300,raw_only_requested_budget,0,11,0,11,False,-0.052818,True,-1.8965999999999996,True,labelable_current_MP_hull,stable_to_stable,False,False,False,False,False,0.847118,-0.847118,True,False,-2.02293,-1.6367,3,not_available_for_wbm_queue_chgnet_mace_missing,0,21.82066537094214,10.0,5.651511869009259,16.36323504953147,5,False,False,False,False,t1_stable_or_true_release,False,candidate_level_explanation_not_MLIP_consensus_validation
wbm-4-5718,Br6 Ca2,Br-Ca,2|Br-Ca,500,raw_only_requested_budget,0,11,0,11,False,-0.052818,True,-1.8965999999999996,True,labelable_current_MP_hull,stable_to_stable,False,False,False,False,False,0.847118,-0.847118,True,False,-2.02293,-1.6367,3,not_available_for_wbm_queue_chgnet_mace_missing,0,21.82066537094214,10.0,3.390907121405556,33.106904168958664,29,False,False,False,False,t1_stable_or_true_release,False,candidate_level_explanation_not_MLIP_consensus_validation
wbm-4-6559,Cl2 Sm1,Cl-Sm,2|Cl-Sm,500,raw_only_requested_budget,0,3,0,3,False,-0.049201,True,1.9988731266666664,False,labelable_current_MP_hull,stable_to_unstable,True,False,False,True,False,0.5728960000000001,-0.5728960000000001,True,True,-2.3707199999999995,-2.7634,3,not_available_for_wbm_queue_chgnet_mace_missing,1,3.85183074227887,10.0,1.779032210897582,39.685851537379705,405,False,False,False,False,near_hull_50meV_boundary,False,candidate_level_explanation_not_MLIP_consensus_validation
wbm-4-6660,Cl8 Ir2,Cl-Ir,2|Cl-Ir,300,raw_only_requested_budget,0,7,0,7,False,-0.111106,True,1.4748557939999962,False,labelable_current_MP_hull,stable_to_unstable,True,False,False,False,False,0.684539,-0.684539,True,True,-0.9377799999999998,-1.4328,3,not_available_for_wbm_queue_chgnet_mace_missing,1,7.262157980969153,10.0,5.651511869009259,16.36323504953147,111,True,False,True,True,ALIGNN_FF_disagrees_with_current_MP_label,False,candidate_level_explanation_not_MLIP_consensus_validation
wbm-4-6660,Cl8 Ir2,Cl-Ir,2|Cl-Ir,500,raw_only_requested_budget,0,10,0,10,False,-0.111106,True,1.4748557939999962,False,labelable_current_MP_hull,stable_to_unstable,True,False,False,False,False,0.684539,-0.684539,True,True,-0.9377799999999998,-1.4328,3,not_available_for_wbm_queue_chgnet_mace_missing,1,7.262157980969153,10.0,3.390907121405556,29.432650133714645,159,True,False,True,True,ALIGNN_FF_disagrees_with_current_MP_label,False,candidate_level_explanation_not_MLIP_consensus_validation
wbm-4-6671,Cl6 Co1 Rb2,Cl-Co-Rb,3|Cl-Co,500,raw_only_requested_budget,0,11,0,11,False,-0.181154,True,-1.5566600000000008,True,labelable_current_MP_hull,stable_to_stable,False,False,False,False,False,0.6485939999999999,-0.6485939999999999,True,False,-1.6242600000000005,-1.9719,3,not_available_for_wbm_queue_chgnet_mace_missing,0,6.449904186024537,10.0,3.390907121405556,7.545591709829708,198,False,False,False,False,t1_stable_or_true_release,False,candidate_level_explanation_not_MLIP_consensus_validation
wbm-4-6675,Cl6 Cs2 Cu1,Cl-Cs-Cu,3|Cl-Cs,300,raw_only_requested_budget,0,3,0,3,False,-0.067546,True,0.7793946877777813,False,labelable_current_MP_hull,stable_to_unstable,True,False,False,False,False,0.660237,-0.660237,True,True,-1.51576,-1.8608,3,not_available_for_wbm_queue_chgnet_mace_missing,1,6.057070135766492,10.0,3.349412495825695,19.83000681704263,204,True,True,False,True,ALIGNN_FF_disagrees_with_current_MP_label,False,candidate_level_explanation_not_MLIP_consensus_validation
wbm-4-6675,Cl6 Cs2 Cu1,Cl-Cs-Cu,3|Cl-Cs,500,raw_only_requested_budget,0,10,0,10,False,-0.067546,True,0.7793946877777813,False,labelable_current_MP_hull,stable_to_unstable,True,False,False,False,False,0.660237,-0.660237,True,True,-1.51576,-1.8608,3,not_available_for_wbm_queue_chgnet_mace_missing,1,6.5949146379549,10.0,3.164235027733259,39.685851537379705,207,True,True,False,True,ALIGNN_FF_disagrees_with_current_MP_label,False,candidate_level_explanation_not_MLIP_consensus_validation
wbm-4-6684,Cl6 Co1 K2,Cl-Co-K,3|Cl-Co,500,raw_only_requested_budget,0,7,0,7,False,-0.174294,True,14.196200579999996,False,labelable_current_MP_hull,stable_to_unstable,True,False,False,False,False,0.5963319999999999,-0.5963319999999999,True,True,-1.58705,-1.9184,3,not_available_for_wbm_queue_chgnet_mace_missing,1,4.268736866091476,10.0,3.390907121405556,7.545591709829708,312,False,False,False,False,ALIGNN_FF_disagrees_with_current_MP_label,False,candidate_level_explanation_not_MLIP_consensus_validation
wbm-4-6704,Cd1 Cl6 Rb2,Cd-Cl-Rb,3|Cd-Cl,500,raw_only_requested_budget,0,4,0,4,False,-0.062588,True,-1.5813760000000023,True,labelable_current_MP_hull,stable_to_stable,False,False,False,False,False,0.577712,-0.577712,True,False,-1.60399,-2.0494,3,not_available_for_wbm_queue_chgnet_mace_missing,0,4.049213506737862,10.0,3.390907121405556,39.685851537379705,359,False,False,False,False,t1_stable_or_true_release,False,candidate_level_explanation_not_MLIP_consensus_validation
wbm-4-6713,Cl6 Cs2 Rh1,Cl-Cs-Rh,3|Cl-Cs,500,raw_only_requested_budget,0,8,0,8,False,-0.143988,True,-1.6265059999999991,True,labelable_current_MP_hull,stable_to_stable,False,False,False,False,False,0.6089819999999999,-0.6089819999999999,True,False,-1.6921200000000003,-2.0697,3,not_available_for_wbm_queue_chgnet_mace_missing,0,5.03762514135281,10.0,3.094614266137109,39.685851537379705,317,False,False,False,False,t1_stable_or_true_release,False,candidate_level_explanation_not_MLIP_consensus_validation
wbm-4-6719,Cl6 Rb2 Zn1,Cl-Rb-Zn,3|Cl-Rb,300,raw_only_requested_budget,0,9,0,9,False,-0.002121,True,5.4302792577777765,False,labelable_current_MP_hull,stable_to_unstable,True,True,False,True,False,0.6740000000000002,-0.6740000000000002,True,True,-1.46357,-2.0383,3,not_available_for_wbm_queue_chgnet_mace_missing,1,7.084698184134033,10.0,5.651511869009259,19.83000681704263,120,False,False,False,False,near_hull_25meV_boundary,False,candidate_level_explanation_not_MLIP_consensus_validation
wbm-4-6719,Cl6 Rb2 Zn1,Cl-Rb-Zn,3|Cl-Rb,500,raw_only_requested_budget,0,12,0,12,False,-0.002121,True,5.4302792577777765,False,labelable_current_MP_hull,stable_to_unstable,True,True,False,True,False,0.6740000000000002,-0.6740000000000002,True,True,-1.46357,-2.0383,3,not_available_for_wbm_queue_chgnet_mace_missing,1,7.084698184134033,10.0,3.390907121405556,39.685851537379705,159,False,False,False,False,near_hull_25meV_boundary,False,candidate_level_explanation_not_MLIP_consensus_validation
wbm-4-6878,Ag1 Br8 Co2,Ag-Br-Co,3|Ag-Br,500,raw_only_requested_budget,0,7,0,7,False,-0.158041,True,-0.7036820000000148,True,labelable_current_MP_hull,stable_to_stable,False,False,False,False,False,0.589459,-0.589459,True,False,-0.6908000000000001,-0.7614,3,not_available_for_wbm_queue_chgnet_mace_missing,0,4.270634558458246,10.0,3.390907121405556,39.685851537379705,325,False,False,False,False,t1_stable_or_true_release,False,candidate_level_explanation_not_MLIP_consensus_validation
wbm-4-7296,Br8 Co2 Zn1,Br-Co-Zn,3|Br-Co,500,raw_only_requested_budget,0,1,0,1,False,-0.089948,True,-0.8502740000000131,True,labelable_current_MP_hull,stable_to_stable,False,False,False,False,False,0.554574,-0.554574,True,False,-0.82717,-0.8929,3,not_available_for_wbm_queue_chgnet_mace_missing,0,2.9621815726991896,10.0,1.2178016109894885,29.432650133714645,459,False,False,False,False,t1_stable_or_true_release,False,candidate_level_explanation_not_MLIP_consensus_validation
wbm-4-7615,Br6 Co2,Br-Co,2|Br-Co,300,raw_only_requested_budget,0,4,0,4,False,-0.267131,True,-0.8162149999999997,True,labelable_current_MP_hull,stable_to_stable,False,False,False,False,False,0.680816,-0.680816,True,False,-0.54396,-0.7669,3,not_available_for_wbm_queue_chgnet_mace_missing,0,7.262157980969153,10.0,3.516656160032386,16.36323504953147,181,True,False,True,True,t1_stable_or_true_release,False,candidate_level_explanation_not_MLIP_consensus_validation
wbm-4-7615,Br6 Co2,Br-Co,2|Br-Co,500,raw_only_requested_budget,0,6,0,6,False,-0.267131,True,-0.8162149999999997,True,labelable_current_MP_hull,stable_to_stable,False,False,False,False,False,0.680816,-0.680816,True,False,-0.54396,-0.7669,3,not_available_for_wbm_queue_chgnet_mace_missing,0,7.262157980969153,10.0,2.9958499810476265,29.432650133714645,187,True,False,True,True,t1_stable_or_true_release,False,candidate_level_explanation_not_MLIP_consensus_validation
wbm-4-9645,Cu2 Gd2 I2,Cu-Gd-I,3|Cu-Gd,300,raw_only_requested_budget,0,11,0,11,False,-0.649344,True,1.7682742400000038,False,labelable_current_MP_hull,stable_to_unstable,True,False,False,False,False,0.7205840000000001,-0.7205840000000001,True,True,-0.9169900000000002,-0.8535,3,not_available_for_wbm_queue_chgnet_mace_missing,1,9.114841960315776,10.0,5.651511869009259,16.36323504953147,66,False,False,False,False,ALIGNN_FF_disagrees_with_current_MP_label,False,candidate_level_explanation_not_MLIP_consensus_validation
wbm-4-9645,Cu2 Gd2 I2,Cu-Gd-I,3|Cu-Gd,500,raw_only_requested_budget,0,12,0,12,False,-0.649344,True,1.7682742400000038,False,labelable_current_MP_hull,stable_to_unstable,True,False,False,False,False,0.7205840000000001,-0.7205840000000001,True,True,-0.9169900000000002,-0.8535,3,not_available_for_wbm_queue_chgnet_mace_missing,1,9.114841960315776,10.0,3.390907121405556,29.432650133714645,115,False,False,False,False,ALIGNN_FF_disagrees_with_current_MP_label,False,candidate_level_explanation_not_MLIP_consensus_validation
wbm-5-10232,Bi1 Gd2 I2,Bi-Gd-I,3|Bi-Gd,300,PARC_release,6,9,6,3,True,-0.771457,True,1.5600051959999917,False,labelable_current_MP_hull,stable_to_unstable,True,False,False,False,False,0.934042,-0.934042,True,True,-1.3015,-1.3013,3,not_available_for_wbm_queue_chgnet_mace_missing,1,62.75590229824352,10.0,5.157690443561848,19.83000681704263,12,False,False,False,False,ALIGNN_FF_disagrees_with_current_MP_label,False,candidate_level_explanation_not_MLIP_consensus_validation
wbm-5-10232,Bi1 Gd2 I2,Bi-Gd-I,3|Bi-Gd,500,PARC_release,4,9,4,5,True,-0.771457,True,1.5600051959999917,False,labelable_current_MP_hull,stable_to_unstable,True,False,False,False,False,0.934042,-0.934042,True,True,-1.3015,-1.3013,3,not_available_for_wbm_queue_chgnet_mace_missing,1,62.75590229824352,10.0,3.094614266137109,39.685851537379705,13,False,False,False,False,ALIGNN_FF_disagrees_with_current_MP_label,False,candidate_level_explanation_not_MLIP_consensus_validation
wbm-5-10256,Ba2 I6,Ba-I,2|Ba-I,500,raw_only_requested_budget,0,8,0,8,False,-0.084595,True,4.634426685000001,False,labelable_current_MP_hull,stable_to_unstable,True,False,False,False,False,0.6078799999999998,-0.6078799999999998,True,True,-1.60959,-1.1846,3,not_available_for_wbm_queue_chgnet_mace_missing,1,5.03762514135281,10.0,3.390907121405556,33.106904168958664,286,False,False,False,False,ALIGNN_FF_disagrees_with_current_MP_label,False,candidate_level_explanation_not_MLIP_consensus_validation
wbm-5-10269,Bi1 Gd3 I3,Bi-Gd-I,3|Bi-Gd,300,PARC_release,7,9,7,2,True,-0.678713,True,0.8995528542857159,False,labelable_current_MP_hull,stable_to_unstable,True,False,False,False,False,1.03648,-1.03648,True,True,-1.31873,-1.3203,3,not_available_for_wbm_queue_chgnet_mace_missing,1,164.64649723852398,10.0,5.157690443561848,19.83000681704263,1,False,False,False,False,ALIGNN_FF_disagrees_with_current_MP_label,False,candidate_level_explanation_not_MLIP_consensus_validation
wbm-5-10269,Bi1 Gd3 I3,Bi-Gd-I,3|Bi-Gd,500,PARC_release,4,9,4,5,True,-0.678713,True,0.8995528542857159,False,labelable_current_MP_hull,stable_to_unstable,True,False,False,False,False,1.03648,-1.03648,True,True,-1.31873,-1.3203,3,not_available_for_wbm_queue_chgnet_mace_missing,1,164.64649723852398,10.0,3.094614266137109,39.685851537379705,1,False,False,False,False,ALIGNN_FF_disagrees_with_current_MP_label,False,candidate_level_explanation_not_MLIP_consensus_validation
wbm-5-12555,Br2 Mg1 Se6,Br-Mg-Se,3|Br-Mg,500,raw_only_requested_budget,0,5,0,5,False,-0.231933,True,-0.8718499999999949,True,labelable_current_MP_hull,stable_to_stable,False,False,False,False,False,0.5942829999999999,-0.5942829999999999,True,False,-0.36725,-0.8729,3,not_available_for_wbm_queue_chgnet_mace_missing,0,4.586875680264978,10.0,2.0750417293709846,33.106904168958664,351,False,False,False,False,t1_stable_or_true_release,False,candidate_level_explanation_not_MLIP_consensus_validation
wbm-5-19418,Cs1 Pa1 Se2,Cs-Pa-Se,3|Cs-Pa,300,PARC_release,1,11,1,10,True,-0.442782,True,-1.4983809999999949,True,labelable_current_MP_hull,stable_to_stable,False,False,False,False,False,0.830101,-0.830101,True,False,-1.54815,-1.5109,3,not_available_for_wbm_queue_chgnet_mace_missing,0,16.21597714020033,10.0,5.273725046222098,12.674371754430824,11,False,False,False,False,t1_stable_or_true_release,False,candidate_level_explanation_not_MLIP_consensus_validation
wbm-5-19418,Cs1 Pa1 Se2,Cs-Pa-Se,3|Cs-Pa,500,raw_only_requested_budget,0,11,0,11,False,-0.442782,True,-1.4983809999999949,True,labelable_current_MP_hull,stable_to_stable,False,False,False,False,False,0.830101,-0.830101,True,False,-1.54815,-1.5109,3,not_available_for_wbm_queue_chgnet_mace_missing,0,16.21597714020033,10.0,3.164235027733259,33.106904168958664,24,False,False,False,False,t1_stable_or_true_release,False,candidate_level_explanation_not_MLIP_consensus_validation
wbm-5-19419,Cs2 Pa2 Se4,Cs-Pa-Se,3|Cs-Pa,300,PARC_release,5,11,5,6,True,-0.44377,True,-1.499369999999999,True,labelable_current_MP_hull,stable_to_stable,False,False,False,False,False,0.8713,-0.8713,True,False,-1.66961,-1.6155,3,not_available_for_wbm_queue_chgnet_mace_missing,0,23.90853284205584,10.0,5.273725046222098,12.674371754430824,10,False,False,False,False,t1_stable_or_true_release,False,candidate_level_explanation_not_MLIP_consensus_validation
wbm-5-19419,Cs2 Pa2 Se4,Cs-Pa-Se,3|Cs-Pa,500,raw_only_requested_budget,0,11,0,11,False,-0.44377,True,-1.499369999999999,True,labelable_current_MP_hull,stable_to_stable,False,False,False,False,False,0.8713,-0.8713,True,False,-1.66961,-1.6155,3,not_available_for_wbm_queue_chgnet_mace_missing,0,23.90853284205584,10.0,3.164235027733259,33.106904168958664,13,False,False,False,False,t1_stable_or_true_release,False,candidate_level_explanation_not_MLIP_consensus_validation
wbm-5-19436,Ba1 Pa1 Se3,Ba-Pa-Se,3|Ba-Pa,500,raw_only_requested_budget,0,3,0,3,False,-0.283969,True,-1.8412810000000093,True,labelable_current_MP_hull,stable_to_stable,False,False,False,False,False,0.5802879999999999,-0.5802879999999999,True,False,-1.7315700000000005,-1.7086,3,not_available_for_wbm_queue_chgnet_mace_missing,0,4.050112112583752,10.0,2.009647497495417,29.432650133714645,388,False,False,False,False,t1_stable_or_true_release,False,candidate_level_explanation_not_MLIP_consensus_validation
wbm-5-19458,Pa2 Se6,Pa-Se,2|Pa-Se,500,raw_only_requested_budget,0,1,0,1,False,-0.30906,True,-1.5162070000000083,True,labelable_current_MP_hull,stable_to_stable,False,False,False,False,False,0.5661530000000001,-0.5661530000000001,True,False,-1.09895,-1.2411,3,not_available_for_wbm_queue_chgnet_mace_missing,0,3.85183074227887,10.0,1.779032210897582,0.3328937406812571,437,False,False,False,False,t1_stable_or_true_release,False,candidate_level_explanation_not_MLIP_consensus_validation
wbm-5-19510,Br2 Cd1 Se6,Br-Cd-Se,3|Br-Cd,300,raw_only_requested_budget,0,1,0,1,False,-0.253482,True,-0.684991000000025,True,labelable_current_MP_hull,stable_to_stable,False,False,False,False,False,0.644791,-0.644791,True,False,-0.1953399999999999,-0.679,3,not_available_for_wbm_queue_chgnet_mace_missing,0,4.95781718505185,10.0,2.195811353831729,19.83000681704263,234,True,True,False,True,t1_stable_or_true_release,False,candidate_level_explanation_not_MLIP_consensus_validation
wbm-5-19510,Br2 Cd1 Se6,Br-Cd-Se,3|Br-Cd,500,raw_only_requested_budget,0,8,0,8,False,-0.253482,True,-0.684991000000025,True,labelable_current_MP_hull,stable_to_stable,False,False,False,False,False,0.644791,-0.644791,True,False,-0.1953399999999999,-0.679,3,not_available_for_wbm_queue_chgnet_mace_missing,0,6.053004685082268,10.0,3.390907121405556,39.685851537379705,206,True,True,False,True,t1_stable_or_true_release,False,candidate_level_explanation_not_MLIP_consensus_validation
wbm-5-19513,Bi2 Pa2 Se2,Bi-Pa-Se,3|Bi-Pa,300,raw_only_requested_budget,0,2,0,2,False,-0.311053,True,-0.9135940000000032,True,labelable_current_MP_hull,stable_to_stable,False,False,False,False,False,0.6483589999999999,-0.6483589999999999,True,False,-0.9095,-0.9552,3,not_available_for_wbm_queue_chgnet_mace_missing,0,5.934681507496319,10.0,2.086020786140143,16.36323504953147,244,False,False,False,False,t1_stable_or_true_release,False,candidate_level_explanation_not_MLIP_consensus_validation
wbm-5-19513,Bi2 Pa2 Se2,Bi-Pa-Se,3|Bi-Pa,500,raw_only_requested_budget,0,15,0,15,False,-0.311053,True,-0.9135940000000032,True,labelable_current_MP_hull,stable_to_stable,False,False,False,False,False,0.6483589999999999,-0.6483589999999999,True,False,-0.9095,-0.9552,3,not_available_for_wbm_queue_chgnet_mace_missing,0,6.179385168110146,10.0,3.390907121405556,33.106904168958664,199,False,False,False,False,t1_stable_or_true_release,False,candidate_level_explanation_not_MLIP_consensus_validation
wbm-5-19526,Br2 Er2 Se2,Br-Er-Se,3|Br-Er,300,PARC_release,11,11,11,0,True,-0.975843,True,-2.257994999999994,True,labelable_current_MP_hull,stable_to_stable,False,False,False,False,False,1.317648,-1.317648,True,False,-2.2343300000000004,-2.2619,3,not_available_for_wbm_queue_chgnet_mace_missing,0,164.80390769444054,10.0,5.651511869009259,10.926127664038065,38,False,False,False,False,t1_stable_or_true_release,False,candidate_level_explanation_not_MLIP_consensus_validation
wbm-5-19526,Br2 Er2 Se2,Br-Er-Se,3|Br-Er,500,PARC_release,11,11,11,0,True,-0.975843,True,-2.257994999999994,True,labelable_current_MP_hull,stable_to_stable,False,False,False,False,False,1.317648,-1.317648,True,False,-2.2343300000000004,-2.2619,3,not_available_for_wbm_queue_chgnet_mace_missing,0,164.80390769444054,10.0,3.390907121405556,12.726465504194358,33,False,False,False,False,t1_stable_or_true_release,False,candidate_level_explanation_not_MLIP_consensus_validation
wbm-5-20078,Br2 Er2 Si1,Br-Er-Si,3|Br-Er,300,PARC_release,11,11,11,0,True,-0.765488,True,-1.60882399999997,True,labelable_current_MP_hull,stable_to_stable,False,False,False,False,False,0.982964,-0.982964,True,False,-1.51123,-1.5972,3,not_available_for_wbm_queue_chgnet_mace_missing,0,62.74118413416109,10.0,5.651511869009259,10.926127664038065,89,True,True,True,True,t1_stable_or_true_release,False,candidate_level_explanation_not_MLIP_consensus_validation
wbm-5-20078,Br2 Er2 Si1,Br-Er-Si,3|Br-Er,500,PARC_release,6,11,6,5,True,-0.765488,True,-1.60882399999997,True,labelable_current_MP_hull,stable_to_stable,False,False,False,False,False,0.982964,-0.982964,True,False,-1.51123,-1.5972,3,not_available_for_wbm_queue_chgnet_mace_missing,0,62.74118413416109,10.0,3.390907121405556,12.726465504194358,1,True,True,True,True,t1_stable_or_true_release,False,candidate_level_explanation_not_MLIP_consensus_validation
wbm-5-20158,Cl3 Np3 Si1,Cl-Np-Si,3|Cl-Np,500,raw_only_requested_budget,0,5,0,5,False,0.254497,False,-1.0700350000000185,True,labelable_current_MP_hull,unstable_to_stable,False,False,False,False,False,0.5913679999999999,-0.5913679999999999,True,False,-1.69691,-1.4387,3,not_available_for_wbm_queue_chgnet_mace_missing,0,4.391380844267997,10.0,3.390907121405556,39.685851537379705,321,False,False,False,False,t1_stable_or_true_release,False,candidate_level_explanation_not_MLIP_consensus_validation
wbm-5-2072,As1 Pm1 Pt2,As-Pm-Pt,3|As-Pm,300,raw_only_requested_budget,0,9,0,9,False,-0.568497,True,1.571808847499998,False,labelable_current_MP_hull,stable_to_unstable,True,False,False,False,False,0.699476,-0.699476,True,True,-0.68122,-0.8746,3,not_available_for_wbm_queue_chgnet_mace_missing,1,8.314929611426463,10.0,5.157690443561848,16.36323504953147,88,False,False,False,False,ALIGNN_FF_disagrees_with_current_MP_label,False,candidate_level_explanation_not_MLIP_consensus_validation
wbm-5-2072,As1 Pm1 Pt2,As-Pm-Pt,3|As-Pm,500,raw_only_requested_budget,0,11,0,11,False,-0.568497,True,1.571808847499998,False,labelable_current_MP_hull,stable_to_unstable,True,False,False,False,False,0.699476,-0.699476,True,True,-0.68122,-0.8746,3,not_available_for_wbm_queue_chgnet_mace_missing,1,8.314929611426463,10.0,3.164235027733259,29.432650133714645,141,False,False,False,False,ALIGNN_FF_disagrees_with_current_MP_label,False,candidate_level_explanation_not_MLIP_consensus_validation
wbm-5-22804,Br2 Er2 Zn2,Br-Er-Zn,3|Br-Er,500,raw_only_requested_budget,0,11,0,11,False,-0.417453,True,-1.1973720000000083,True,labelable_current_MP_hull,stable_to_stable,False,False,False,False,False,0.6422809999999999,-0.6422809999999999,True,False,-1.1452099999999998,-1.2018,3,not_available_for_wbm_queue_chgnet_mace_missing,0,6.053004685082268,10.0,3.390907121405556,12.726465504194358,211,False,False,False,False,t1_stable_or_true_release,False,candidate_level_explanation_not_MLIP_consensus_validation
wbm-5-3055,Ba2 Br6,Ba-Br,2|Ba-Br,300,raw_only_requested_budget,0,11,0,11,False,-0.082518,True,-2.060029,True,labelable_current_MP_hull,stable_to_stable,False,False,False,False,False,0.7340889999999998,-0.7340889999999998,True,False,-2.11388,-1.4886,3,not_available_for_wbm_queue_chgnet_mace_missing,0,10.108130325542572,10.0,5.651511869009259,12.674371754430824,45,True,True,False,True,t1_stable_or_true_release,False,candidate_level_explanation_not_MLIP_consensus_validation
wbm-5-3055,Ba2 Br6,Ba-Br,2|Ba-Br,500,raw_only_requested_budget,0,11,0,11,False,-0.082518,True,-2.060029,True,labelable_current_MP_hull,stable_to_stable,False,False,False,False,False,0.7340889999999998,-0.7340889999999998,True,False,-2.11388,-1.4886,3,not_available_for_wbm_queue_chgnet_mace_missing,0,10.108130325542572,10.0,3.390907121405556,33.106904168958664,113,True,True,False,True,t1_stable_or_true_release,False,candidate_level_explanation_not_MLIP_consensus_validation
wbm-5-3063,Br6 Sr2,Br-Sr,2|Br-Sr,300,raw_only_requested_budget,0,7,0,7,False,-0.090365,True,3.025365645000001,False,labelable_current_MP_hull,stable_to_unstable,True,False,False,False,False,0.7542820000000001,-0.7542820000000001,True,True,-2.1350799999999994,-1.6926,3,not_available_for_wbm_queue_chgnet_mace_missing,1,11.871414913541855,10.0,4.993083301746044,12.171561895162212,62,True,True,False,True,ALIGNN_FF_disagrees_with_current_MP_label,False,candidate_level_explanation_not_MLIP_consensus_validation
wbm-5-3063,Br6 Sr2,Br-Sr,2|Br-Sr,500,raw_only_requested_budget,0,7,0,7,False,-0.090365,True,3.025365645000001,False,labelable_current_MP_hull,stable_to_unstable,True,False,False,False,False,0.7542820000000001,-0.7542820000000001,True,True,-2.1350799999999994,-1.6926,3,not_available_for_wbm_queue_chgnet_mace_missing,1,11.871414913541855,10.0,2.9958499810476265,13.924506444478084,75,True,True,False,True,ALIGNN_FF_disagrees_with_current_MP_label,False,candidate_level_explanation_not_MLIP_consensus_validation
wbm-5-3090,Br2 Er2 Rh2,Br-Er-Rh,3|Br-Er,300,raw_only_requested_budget,0,11,0,11,False,-0.559693,True,36.505079968888886,False,labelable_current_MP_hull,stable_to_unstable,True,False,False,False,False,0.7472940000000001,-0.7472940000000001,True,True,-1.4556799999999996,-1.4081,3,not_available_for_wbm_queue_chgnet_mace_missing,1,10.910795361857884,10.0,5.651511869009259,10.926127664038065,26,False,False,False,False,ALIGNN_FF_disagrees_with_current_MP_label,False,candidate_level_explanation_not_MLIP_consensus_validation
wbm-5-3090,Br2 Er2 Rh2,Br-Er-Rh,3|Br-Er,500,raw_only_requested_budget,0,11,0,11,False,-0.559693,True,36.505079968888886,False,labelable_current_MP_hull,stable_to_unstable,True,False,False,False,False,0.7472940000000001,-0.7472940000000001,True,True,-1.4556799999999996,-1.4081,3,not_available_for_wbm_queue_chgnet_mace_missing,1,10.910795361857884,10.0,3.390907121405556,12.726465504194358,78,False,False,False,False,ALIGNN_FF_disagrees_with_current_MP_label,False,candidate_level_explanation_not_MLIP_consensus_validation
wbm-5-3100,Br2 Er2 Ru2,Br-Er-Ru,3|Br-Er,300,raw_only_requested_budget,0,11,0,11,False,-0.614694,True,5.974807959999989,False,labelable_current_MP_hull,stable_to_unstable,True,False,False,False,False,0.762538,-0.762538,True,True,-1.21006,-1.2664,3,not_available_for_wbm_queue_chgnet_mace_missing,1,13.00453250439059,10.0,5.651511869009259,10.926127664038065,7,True,True,False,True,ALIGNN_FF_disagrees_with_current_MP_label,False,candidate_level_explanation_not_MLIP_consensus_validation
wbm-5-3100,Br2 Er2 Ru2,Br-Er-Ru,3|Br-Er,500,raw_only_requested_budget,0,11,0,11,False,-0.614694,True,5.974807959999989,False,labelable_current_MP_hull,stable_to_unstable,True,False,False,False,False,0.762538,-0.762538,True,True,-1.21006,-1.2664,3,not_available_for_wbm_queue_chgnet_mace_missing,1,13.00453250439059,10.0,3.390907121405556,12.726465504194358,62,True,True,False,True,ALIGNN_FF_disagrees_with_current_MP_label,False,candidate_level_explanation_not_MLIP_consensus_validation
wbm-5-4090,Ce1 Cl2,Ce-Cl,2|Ce-Cl,500,raw_only_requested_budget,0,1,0,1,False,0.0657,False,-2.3403530000000003,True,labelable_current_MP_hull,unstable_to_stable,False,False,False,False,False,0.5590470000000001,-0.5590470000000001,True,False,-2.48221,-2.7597,3,not_available_for_wbm_queue_chgnet_mace_missing,0,3.294615853662344,10.0,1.3174868122990375,39.685851537379705,451,False,False,False,False,t1_stable_or_true_release,False,candidate_level_explanation_not_MLIP_consensus_validation
wbm-5-4114,Cl2 Np1,Cl-Np,2|Cl-Np,300,raw_only_requested_budget,0,7,0,7,False,0.177504,False,-1.8083839999999969,True,labelable_current_MP_hull,unstable_to_stable,False,False,False,False,False,0.690312,-0.690312,True,False,-2.15476,-2.2224,3,not_available_for_wbm_queue_chgnet_mace_missing,0,8.314929611426463,10.0,4.4443928290266985,12.674371754430824,157,False,False,False,False,t1_stable_or_true_release,False,candidate_level_explanation_not_MLIP_consensus_validation
wbm-5-4114,Cl2 Np1,Cl-Np,2|Cl-Np,500,raw_only_requested_budget,0,8,0,8,False,0.177504,False,-1.8083839999999969,True,labelable_current_MP_hull,unstable_to_stable,False,False,False,False,False,0.690312,-0.690312,True,False,-2.15476,-2.2224,3,not_available_for_wbm_queue_chgnet_mace_missing,0,8.314929611426463,10.0,2.899163602944208,33.106904168958664,172,False,False,False,False,t1_stable_or_true_release,False,candidate_level_explanation_not_MLIP_consensus_validation
wbm-5-4176,Cl6 Rb2 Rh1,Cl-Rb-Rh,3|Cl-Rb,500,raw_only_requested_budget,0,1,0,1,False,-0.123788,True,-1.6018339999999966,True,labelable_current_MP_hull,stable_to_stable,False,False,False,False,False,0.560654,-0.560654,True,False,-1.65799,-2.0544,3,not_available_for_wbm_queue_chgnet_mace_missing,0,3.294615853662344,10.0,1.3174868122990375,39.685851537379705,444,False,False,False,False,t1_stable_or_true_release,False,candidate_level_explanation_not_MLIP_consensus_validation
wbm-5-5735,Br2 Cu2 Er2,Br-Cu-Er,3|Br-Cu,300,PARC_release,5,9,5,4,True,-0.712137,True,-1.1673230000000032,True,labelable_current_MP_hull,stable_to_stable,False,False,False,False,False,0.913814,-0.913814,True,False,-1.15007,-1.1167,3,not_available_for_wbm_queue_chgnet_mace_missing,0,40.05234125627107,10.0,4.993083301746044,16.36323504953147,2,True,True,False,True,t1_stable_or_true_release,False,candidate_level_explanation_not_MLIP_consensus_validation
wbm-5-5735,Br2 Cu2 Er2,Br-Cu-Er,3|Br-Cu,500,PARC_release,1,9,1,8,True,-0.712137,True,-1.1673230000000032,True,labelable_current_MP_hull,stable_to_stable,False,False,False,False,False,0.913814,-0.913814,True,False,-1.15007,-1.1167,3,not_available_for_wbm_queue_chgnet_mace_missing,0,40.05234125627107,10.0,2.9958499810476265,33.106904168958664,15,True,True,False,True,t1_stable_or_true_release,False,candidate_level_explanation_not_MLIP_consensus_validation
wbm-5-6143,Cd2 F6,Cd-F,2|Cd-F,300,PARC_release,7,9,7,2,True,0.028272,False,7.014509610000003,False,labelable_current_MP_hull,unstable_to_unstable,True,False,False,True,False,1.005482,-1.005482,True,True,-2.02297,-2.3372,3,not_available_for_wbm_queue_chgnet_mace_missing,1,89.59744867750774,10.0,4.993083301746044,19.83000681704263,1,False,False,False,True,near_hull_50meV_boundary,False,candidate_level_explanation_not_MLIP_consensus_validation
wbm-5-6143,Cd2 F6,Cd-F,2|Cd-F,500,PARC_release,5,9,5,4,True,0.028272,False,7.014509610000003,False,labelable_current_MP_hull,unstable_to_unstable,True,False,False,True,False,1.005482,-1.005482,True,True,-2.02297,-2.3372,3,not_available_for_wbm_queue_chgnet_mace_missing,1,89.59744867750774,10.0,2.9958499810476265,39.685851537379705,2,False,False,False,True,near_hull_50meV_boundary,False,candidate_level_explanation_not_MLIP_consensus_validation
wbm-5-6155,F6 Ni2,F-Ni,2|F-Ni,300,raw_only_requested_budget,0,2,0,2,False,0.116789,False,1.3869925874999982,False,labelable_current_MP_hull,unstable_to_unstable,True,False,False,False,False,0.6542939999999999,-0.6542939999999999,True,True,-1.48207,-2.2855,3,not_available_for_wbm_queue_chgnet_mace_missing,1,5.934681507496319,10.0,2.195811353831729,19.83000681704263,215,True,True,True,True,ALIGNN_FF_disagrees_with_current_MP_label,False,candidate_level_explanation_not_MLIP_consensus_validation
wbm-5-6155,F6 Ni2,F-Ni,2|F-Ni,500,raw_only_requested_budget,0,13,0,13,False,0.116789,False,1.3869925874999982,False,labelable_current_MP_hull,unstable_to_unstable,True,False,False,False,False,0.6542939999999999,-0.6542939999999999,True,True,-1.48207,-2.2855,3,not_available_for_wbm_queue_chgnet_mace_missing,1,6.449904186024537,10.0,3.164235027733259,39.685851537379705,206,True,True,True,True,ALIGNN_FF_disagrees_with_current_MP_label,False,candidate_level_explanation_not_MLIP_consensus_validation
wbm-5-6172,F6 Zn2,F-Zn,2|F-Zn,300,raw_only_requested_budget,0,10,0,10,False,-0.007762,True,-1.960008000000002,True,labelable_current_MP_hull,stable_to_stable,False,True,False,True,False,0.735654,-0.735654,True,False,-1.79492,-2.5172,3,not_available_for_wbm_queue_chgnet_mace_missing,0,9.758786139656475,10.0,5.651511869009259,19.83000681704263,63,True,True,True,True,t1_stable_or_true_release,False,candidate_level_explanation_not_MLIP_consensus_validation
wbm-5-6172,F6 Zn2,F-Zn,2|F-Zn,500,raw_only_requested_budget,0,10,0,10,False,-0.007762,True,-1.960008000000002,True,labelable_current_MP_hull,stable_to_stable,False,True,False,True,False,0.735654,-0.735654,True,False,-1.79492,-2.5172,3,not_available_for_wbm_queue_chgnet_mace_missing,0,9.758786139656475,10.0,3.390907121405556,39.685851537379705,111,True,True,True,True,t1_stable_or_true_release,False,candidate_level_explanation_not_MLIP_consensus_validation
wbm-5-6218,Ag1 F6,Ag-F,2|Ag-F,300,raw_only_requested_budget,0,2,0,2,False,-0.036677,True,7.481562227142862,False,labelable_current_MP_hull,stable_to_unstable,True,False,False,True,False,0.652128,-0.652128,True,True,-0.94613,-1.2802,3,not_available_for_wbm_queue_chgnet_mace_missing,1,5.934681507496319,10.0,2.086020786140143,16.36323504953147,237,True,True,False,True,near_hull_50meV_boundary,False,candidate_level_explanation_not_MLIP_consensus_validation
wbm-5-6218,Ag1 F6,Ag-F,2|Ag-F,500,raw_only_requested_budget,0,10,0,10,False,-0.036677,True,7.481562227142862,False,labelable_current_MP_hull,stable_to_unstable,True,False,False,True,False,0.652128,-0.652128,True,True,-0.94613,-1.2802,3,not_available_for_wbm_queue_chgnet_mace_missing,1,6.449904186024537,10.0,3.164235027733259,33.106904168958664,193,True,True,False,True,near_hull_50meV_boundary,False,candidate_level_explanation_not_MLIP_consensus_validation
wbm-5-6222,Al1 Ca1 F6,Al-Ca-F,3|Al-Ca,300,raw_only_requested_budget,0,9,0,9,False,0.010344,False,31.000741837499994,False,labelable_current_MP_hull,unstable_to_unstable,True,True,False,True,False,0.7572010000000002,-0.7572010000000002,True,True,-3.54255,-4.0125,3,not_available_for_wbm_queue_chgnet_mace_missing,1,11.358042279988403,10.0,5.273725046222098,19.83000681704263,43,True,False,True,True,near_hull_25meV_boundary,False,candidate_level_explanation_not_MLIP_consensus_validation
wbm-5-6222,Al1 Ca1 F6,Al-Ca-F,3|Al-Ca,500,raw_only_requested_budget,0,9,0,9,False,0.010344,False,31.000741837499994,False,labelable_current_MP_hull,unstable_to_unstable,True,True,False,True,False,0.7572010000000002,-0.7572010000000002,True,True,-3.54255,-4.0125,3,not_available_for_wbm_queue_chgnet_mace_missing,1,11.358042279988403,10.0,3.164235027733259,39.685851537379705,68,True,False,True,True,near_hull_25meV_boundary,False,candidate_level_explanation_not_MLIP_consensus_validation
wbm-5-6248,Al1 F6 Pa1,Al-F-Pa,3|Al-F,300,PARC_release,8,8,8,0,True,-1.815007,True,24.73599903625,False,labelable_current_MP_hull,stable_to_unstable,True,False,False,False,False,1.660338,-1.660338,True,True,-3.309130000000001,-3.5846,3,not_available_for_wbm_queue_chgnet_mace_missing,1,164.84325750151808,10.0,5.651511869009259,10.926127664038065,21,False,False,False,False,ALIGNN_FF_disagrees_with_current_MP_label,False,candidate_level_explanation_not_MLIP_consensus_validation
wbm-5-6248,Al1 F6 Pa1,Al-F-Pa,3|Al-F,500,PARC_release,8,8,8,0,True,-1.815007,True,24.73599903625,False,labelable_current_MP_hull,stable_to_unstable,True,False,False,False,False,1.660338,-1.660338,True,True,-3.309130000000001,-3.5846,3,not_available_for_wbm_queue_chgnet_mace_missing,1,164.84325750151808,10.0,3.390907121405556,13.924506444478084,19,False,False,False,False,ALIGNN_FF_disagrees_with_current_MP_label,False,candidate_level_explanation_not_MLIP_consensus_validation
wbm-5-6249,Al1 F6 Pa1,Al-F-Pa,3|Al-F,300,PARC_release,8,8,8,0,True,-1.82236,True,24.72864603625,False,labelable_current_MP_hull,stable_to_unstable,True,False,False,False,False,2.074038,-2.074038,True,True,-3.70889,-3.8193,3,not_available_for_wbm_queue_chgnet_mace_missing,1,164.84325750151808,10.0,5.651511869009259,10.926127664038065,8,False,False,False,False,ALIGNN_FF_disagrees_with_current_MP_label,False,candidate_level_explanation_not_MLIP_consensus_validation
wbm-5-6249,Al1 F6 Pa1,Al-F-Pa,3|Al-F,500,PARC_release,8,8,8,0,True,-1.82236,True,24.72864603625,False,labelable_current_MP_hull,stable_to_unstable,True,False,False,False,False,2.074038,-2.074038,True,True,-3.70889,-3.8193,3,not_available_for_wbm_queue_chgnet_mace_missing,1,164.84325750151808,10.0,3.390907121405556,13.924506444478084,8,False,False,False,False,ALIGNN_FF_disagrees_with_current_MP_label,False,candidate_level_explanation_not_MLIP_consensus_validation
wbm-5-6253,Al1 F6 Sr1,Al-F-Sr,3|Al-F,300,raw_only_requested_budget,0,6,0,6,False,0.017327,False,120.37957932375,False,labelable_current_MP_hull,unstable_to_unstable,True,True,False,True,False,0.7036600000000002,-0.7036600000000002,True,True,-3.61471,-4.0839,3,not_available_for_wbm_queue_chgnet_mace_missing,1,8.314929611426463,10.0,5.651511869009259,10.926127664038065,96,True,False,True,True,near_hull_25meV_boundary,False,candidate_level_explanation_not_MLIP_consensus_validation
wbm-5-6253,Al1 F6 Sr1,Al-F-Sr,3|Al-F,500,raw_only_requested_budget,0,8,0,8,False,0.017327,False,120.37957932375,False,labelable_current_MP_hull,unstable_to_unstable,True,True,False,True,False,0.7036600000000002,-0.7036600000000002,True,True,-3.61471,-4.0839,3,not_available_for_wbm_queue_chgnet_mace_missing,1,8.314929611426463,10.0,3.390907121405556,13.924506444478084,127,True,False,True,True,near_hull_25meV_boundary,False,candidate_level_explanation_not_MLIP_consensus_validation
wbm-5-6269,Ba1 F6 Hg1,Ba-F-Hg,3|Ba-F,300,PARC_release,5,12,5,7,True,-0.08981,True,7.01454207,False,labelable_current_MP_hull,stable_to_unstable,True,False,False,False,False,0.8840690000000002,-0.8840690000000002,True,True,-2.3898,-2.4444,3,not_available_for_wbm_queue_chgnet_mace_missing,1,34.12656697602882,10.0,5.157690443561848,19.83000681704263,7,True,True,False,True,ALIGNN_FF_disagrees_with_current_MP_label,False,candidate_level_explanation_not_MLIP_consensus_validation
wbm-5-6269,Ba1 F6 Hg1,Ba-F-Hg,3|Ba-F,500,PARC_release,1,12,1,11,True,-0.08981,True,7.01454207,False,labelable_current_MP_hull,stable_to_unstable,True,False,False,False,False,0.8840690000000002,-0.8840690000000002,True,True,-2.3898,-2.4444,3,not_available_for_wbm_queue_chgnet_mace_missing,1,34.12656697602882,10.0,3.094614266137109,39.685851537379705,11,True,True,False,True,ALIGNN_FF_disagrees_with_current_MP_label,False,candidate_level_explanation_not_MLIP_consensus_validation
wbm-5-6289,Ca1 F6 Ga1,Ca-F-Ga,3|Ca-F,300,raw_only_requested_budget,0,8,0,8,False,0.007796,False,2.994413801250005,False,labelable_current_MP_hull,unstable_to_unstable,True,True,False,True,False,0.7720890000000002,-0.7720890000000002,True,True,-3.16356,-3.5235,3,not_available_for_wbm_queue_chgnet_mace_missing,1,13.022274889386972,10.0,5.273725046222098,10.926127664038065,47,True,False,True,True,near_hull_25meV_boundary,False,candidate_level_explanation_not_MLIP_consensus_validation
wbm-5-6289,Ca1 F6 Ga1,Ca-F-Ga,3|Ca-F,500,raw_only_requested_budget,0,8,0,8,False,0.007796,False,2.994413801250005,False,labelable_current_MP_hull,unstable_to_unstable,True,True,False,True,False,0.7720890000000002,-0.7720890000000002,True,True,-3.16356,-3.5235,3,not_available_for_wbm_queue_chgnet_mace_missing,1,13.022274889386972,10.0,3.164235027733259,13.924506444478084,60,True,False,True,True,near_hull_25meV_boundary,False,candidate_level_explanation_not_MLIP_consensus_validation
wbm-5-6306,Ca1 F6 Yb1,Ca-F-Yb,3|Ca-F,300,PARC_release,7,8,7,1,True,0.142469,False,,False,unresolved_current_MP_missing_element_reference,unstable_to_unresolved,True,False,False,False,False,1.0004650000000002,-1.0004650000000002,True,True,-3.31151,-3.4474,3,not_available_for_wbm_queue_chgnet_mace_missing,1,89.59744867750774,10.0,5.273725046222098,10.926127664038065,2,False,False,False,False,unresolved_current_MP_hull_reference,False,candidate_level_explanation_not_MLIP_consensus_validation
wbm-5-6306,Ca1 F6 Yb1,Ca-F-Yb,3|Ca-F,500,PARC_release,5,8,5,3,True,0.142469,False,,False,unresolved_current_MP_missing_element_reference,unstable_to_unresolved,True,False,False,False,False,1.0004650000000002,-1.0004650000000002,True,True,-3.31151,-3.4474,3,not_available_for_wbm_queue_chgnet_mace_missing,1,89.59744867750774,10.0,3.164235027733259,13.924506444478084,1,False,False,False,False,unresolved_current_MP_hull_reference,False,candidate_level_explanation_not_MLIP_consensus_validation
wbm-5-6315,Ce1 F6 Pa1,Ce-F-Pa,3|Ce-F,300,PARC_release,12,12,12,0,True,-1.445216,True,16.18129189875,False,labelable_current_MP_hull,stable_to_unstable,True,False,False,False,False,1.6735169999999997,-1.6735169999999997,True,True,-3.91734,-4.2036,3,not_available_for_wbm_queue_chgnet_mace_missing,1,164.80390769444054,10.0,5.651511869009259,19.83000681704263,11,False,False,False,False,ALIGNN_FF_disagrees_with_current_MP_label,False,candidate_level_explanation_not_MLIP_consensus_validation
wbm-5-6315,Ce1 F6 Pa1,Ce-F-Pa,3|Ce-F,500,PARC_release,12,12,12,0,True,-1.445216,True,16.18129189875,False,labelable_current_MP_hull,stable_to_unstable,True,False,False,False,False,1.6735169999999997,-1.6735169999999997,True,True,-3.91734,-4.2036,3,not_available_for_wbm_queue_chgnet_mace_missing,1,164.80390769444054,10.0,3.390907121405556,39.685851537379705,16,False,False,False,False,ALIGNN_FF_disagrees_with_current_MP_label,False,candidate_level_explanation_not_MLIP_consensus_validation
wbm-5-6318,Cd1 Co1 F6,Cd-Co-F,3|Cd-Co,300,raw_only_requested_budget,0,5,0,5,False,0.038742,False,2.452374804999998,False,labelable_current_MP_hull,unstable_to_unstable,True,False,False,True,False,0.6783549999999998,-0.6783549999999998,True,True,-1.90188,-2.5305,3,not_available_for_wbm_queue_chgnet_mace_missing,1,6.599351864309193,10.0,3.785059061183545,19.83000681704263,172,False,False,False,False,near_hull_50meV_boundary,False,candidate_level_explanation_not_MLIP_consensus_validation
wbm-5-6318,Cd1 Co1 F6,Cd-Co-F,3|Cd-Co,500,raw_only_requested_budget,0,7,0,7,False,0.038742,False,2.452374804999998,False,labelable_current_MP_hull,unstable_to_unstable,True,False,False,True,False,0.6783549999999998,-0.6783549999999998,True,True,-1.90188,-2.5305,3,not_available_for_wbm_queue_chgnet_mace_missing,1,7.079931517724868,10.0,3.164235027733259,39.685851537379705,184,False,False,False,False,near_hull_50meV_boundary,False,candidate_level_explanation_not_MLIP_consensus_validation
wbm-5-6341,Co1 F6 Pa1,Co-F-Pa,3|Co-F,300,PARC_release,11,11,11,0,True,-2.368925,True,-3.448399000000002,True,labelable_current_MP_hull,stable_to_stable,False,False,False,False,False,2.630926,-2.630926,True,False,-3.40572,-3.7609,3,not_available_for_wbm_queue_chgnet_mace_missing,0,164.80390769444054,10.0,5.651511869009259,12.171561895162212,7,False,False,False,False,t1_stable_or_true_release,False,candidate_level_explanation_not_MLIP_consensus_validation
wbm-5-6341,Co1 F6 Pa1,Co-F-Pa,3|Co-F,500,PARC_release,11,11,11,0,True,-2.368925,True,-3.448399000000002,True,labelable_current_MP_hull,stable_to_stable,False,False,False,False,False,2.630926,-2.630926,True,False,-3.40572,-3.7609,3,not_available_for_wbm_queue_chgnet_mace_missing,0,164.80390769444054,10.0,3.390907121405556,12.726465504194358,7,False,False,False,False,t1_stable_or_true_release,False,candidate_level_explanation_not_MLIP_consensus_validation
wbm-5-6414,Cr1 F6 Pa1,Cr-F-Pa,3|Cr-F,300,PARC_release,9,9,9,0,True,-1.678552,True,-3.486075999999997,True,labelable_current_MP_hull,stable_to_stable,False,False,False,False,False,2.227276,-2.227276,True,False,-3.662220000000001,-4.043,3,not_available_for_wbm_queue_chgnet_mace_missing,0,164.72520471273907,10.0,5.651511869009259,16.36323504953147,7,False,False,False,False,t1_stable_or_true_release,False,candidate_level_explanation_not_MLIP_consensus_validation
wbm-5-6414,Cr1 F6 Pa1,Cr-F-Pa,3|Cr-F,500,PARC_release,9,9,9,0,True,-1.678552,True,-3.486075999999997,True,labelable_current_MP_hull,stable_to_stable,False,False,False,False,False,2.227276,-2.227276,True,False,-3.662220000000001,-4.043,3,not_available_for_wbm_queue_chgnet_mace_missing,0,164.72520471273907,10.0,3.390907121405556,29.432650133714645,4,False,False,False,False,t1_stable_or_true_release,False,candidate_level_explanation_not_MLIP_consensus_validation
wbm-5-6415,Cr1 F6 Pa1,Cr-F-Pa,3|Cr-F,300,PARC_release,9,9,9,0,True,-1.611739,True,-3.419263000000001,True,labelable_current_MP_hull,stable_to_stable,False,False,False,False,False,2.2388760000000003,-2.2388760000000003,True,False,-3.62684,-4.1158,3,not_available_for_wbm_queue_chgnet_mace_missing,0,164.72520471273907,10.0,5.651511869009259,16.36323504953147,9,False,False,False,False,t1_stable_or_true_release,False,candidate_level_explanation_not_MLIP_consensus_validation
wbm-5-6415,Cr1 F6 Pa1,Cr-F-Pa,3|Cr-F,500,PARC_release,9,9,9,0,True,-1.611739,True,-3.419263000000001,True,labelable_current_MP_hull,stable_to_stable,False,False,False,False,False,2.2388760000000003,-2.2388760000000003,True,False,-3.62684,-4.1158,3,not_available_for_wbm_queue_chgnet_mace_missing,0,164.72520471273907,10.0,3.390907121405556,29.432650133714645,4,False,False,False,False,t1_stable_or_true_release,False,candidate_level_explanation_not_MLIP_consensus_validation
wbm-5-6416,Cr1 F6 Pa1,Cr-F-Pa,3|Cr-F,300,PARC_release,9,9,9,0,True,-1.583051,True,-3.3905749999999983,True,labelable_current_MP_hull,stable_to_stable,False,False,False,False,False,2.2353760000000005,-2.2353760000000005,True,False,-3.61577,-4.1238,3,not_available_for_wbm_queue_chgnet_mace_missing,0,164.72520471273907,10.0,5.651511869009259,16.36323504953147,11,False,False,False,False,t1_stable_or_true_release,False,candidate_level_explanation_not_MLIP_consensus_validation
wbm-5-6416,Cr1 F6 Pa1,Cr-F-Pa,3|Cr-F,500,PARC_release,9,9,9,0,True,-1.583051,True,-3.3905749999999983,True,labelable_current_MP_hull,stable_to_stable,False,False,False,False,False,2.2353760000000005,-2.2353760000000005,True,False,-3.61577,-4.1238,3,not_available_for_wbm_queue_chgnet_mace_missing,0,164.72520471273907,10.0,3.390907121405556,29.432650133714645,1,False,False,False,False,t1_stable_or_true_release,False,candidate_level_explanation_not_MLIP_consensus_validation
wbm-5-6417,Cr1 F6 Pa1,Cr-F-Pa,3|Cr-F,300,PARC_release,9,9,9,0,True,-1.839756,True,-3.647280000000002,True,labelable_current_MP_hull,stable_to_stable,False,False,False,False,False,2.235576,-2.235576,True,False,-3.64002,-4.0918,3,not_available_for_wbm_queue_chgnet_mace_missing,0,164.72520471273907,10.0,5.651511869009259,16.36323504953147,10,False,False,False,False,t1_stable_or_true_release,False,candidate_level_explanation_not_MLIP_consensus_validation
wbm-5-6417,Cr1 F6 Pa1,Cr-F-Pa,3|Cr-F,500,PARC_release,9,9,9,0,True,-1.839756,True,-3.647280000000002,True,labelable_current_MP_hull,stable_to_stable,False,False,False,False,False,2.235576,-2.235576,True,False,-3.64002,-4.0918,3,not_available_for_wbm_queue_chgnet_mace_missing,0,164.72520471273907,10.0,3.390907121405556,29.432650133714645,3,False,False,False,False,t1_stable_or_true_release,False,candidate_level_explanation_not_MLIP_consensus_validation
wbm-5-6459,Cu1 F6 Lu1,Cu-F-Lu,3|Cu-F,500,raw_only_requested_budget,0,1,0,1,False,-0.140949,True,14.432522743750004,False,labelable_current_MP_hull,stable_to_unstable,True,False,False,False,False,0.5653650000000003,-0.5653650000000003,True,True,-2.88404,-3.2884,3,not_available_for_wbm_queue_chgnet_mace_missing,1,3.103098540222065,10.0,1.2178016109894885,29.432650133714645,424,False,False,False,False,ALIGNN_FF_disagrees_with_current_MP_label,False,candidate_level_explanation_not_MLIP_consensus_validation
wbm-5-6481,Dy1 F6 Pa1,Dy-F-Pa,3|Dy-F,300,PARC_release,9,9,9,0,True,-1.804548,True,12.9778263175,False,labelable_current_MP_hull,stable_to_unstable,True,False,False,False,False,2.053831,-2.053831,True,True,-4.075410000000001,-4.4225,3,not_available_for_wbm_queue_chgnet_mace_missing,1,164.72520471273907,10.0,5.157690443561848,19.83000681704263,10,False,False,False,False,ALIGNN_FF_disagrees_with_current_MP_label,False,candidate_level_explanation_not_MLIP_consensus_validation
wbm-5-6481,Dy1 F6 Pa1,Dy-F-Pa,3|Dy-F,500,PARC_release,9,9,9,0,True,-1.804548,True,12.9778263175,False,labelable_current_MP_hull,stable_to_unstable,True,False,False,False,False,2.053831,-2.053831,True,True,-4.075410000000001,-4.4225,3,not_available_for_wbm_queue_chgnet_mace_missing,1,164.72520471273907,10.0,3.094614266137109,39.685851537379705,4,False,False,False,False,ALIGNN_FF_disagrees_with_current_MP_label,False,candidate_level_explanation_not_MLIP_consensus_validation
wbm-5-6488,Er1 F6 Pa1,Er-F-Pa,3|Er-F,300,PARC_release,12,12,12,0,True,-1.811966,True,6.04079952625,False,labelable_current_MP_hull,stable_to_unstable,True,False,False,False,False,2.088492,-2.088492,True,True,-4.14348,-4.4255,3,not_available_for_wbm_queue_chgnet_mace_missing,1,164.84325750151808,10.0,5.651511869009259,16.36323504953147,7,False,False,False,False,ALIGNN_FF_disagrees_with_current_MP_label,False,candidate_level_explanation_not_MLIP_consensus_validation
wbm-5-6488,Er1 F6 Pa1,Er-F-Pa,3|Er-F,500,PARC_release,12,12,12,0,True,-1.811966,True,6.04079952625,False,labelable_current_MP_hull,stable_to_unstable,True,False,False,False,False,2.088492,-2.088492,True,True,-4.14348,-4.4255,3,not_available_for_wbm_queue_chgnet_mace_missing,1,164.84325750151808,10.0,3.390907121405556,33.106904168958664,7,False,False,False,False,ALIGNN_FF_disagrees_with_current_MP_label,False,candidate_level_explanation_not_MLIP_consensus_validation
wbm-5-6584,F6 Ga2 Pa1,F-Ga-Pa,3|F-Ga,300,PARC_release,2,11,2,9,True,-0.507132,True,-3.111063999999999,True,labelable_current_MP_hull,stable_to_stable,False,False,False,False,False,0.8357680000000003,-0.8357680000000003,True,False,-3.07545,-3.2639,3,not_available_for_wbm_queue_chgnet_mace_missing,0,17.3301600176195,10.0,5.157690443561848,16.36323504953147,21,False,False,False,False,t1_stable_or_true_release,False,candidate_level_explanation_not_MLIP_consensus_validation
wbm-5-6584,F6 Ga2 Pa1,F-Ga-Pa,3|F-Ga,500,raw_only_requested_budget,0,11,0,11,False,-0.507132,True,-3.111063999999999,True,labelable_current_MP_hull,stable_to_stable,False,False,False,False,False,0.8357680000000003,-0.8357680000000003,True,False,-3.07545,-3.2639,3,not_available_for_wbm_queue_chgnet_mace_missing,0,17.3301600176195,10.0,3.094614266137109,33.106904168958664,37,False,False,False,False,t1_stable_or_true_release,False,candidate_level_explanation_not_MLIP_consensus_validation
wbm-5-6603,F6 Ga1 Np1,F-Ga-Np,3|F-Ga,500,raw_only_requested_budget,0,4,0,4,False,0.043855,False,11.285295431250006,False,labelable_current_MP_hull,unstable_to_unstable,True,False,False,True,False,0.5763219999999998,-0.5763219999999998,True,True,-3.58977,-3.755,3,not_available_for_wbm_queue_chgnet_mace_missing,1,3.9976320153643705,10.0,2.009647497495417,33.106904168958664,399,False,False,False,False,near_hull_50meV_boundary,False,candidate_level_explanation_not_MLIP_consensus_validation
wbm-5-6604,F6 Ga1 Pa1,F-Ga-Pa,3|F-Ga,300,PARC_release,11,11,11,0,True,-2.135977,True,-3.6006790000000013,True,labelable_current_MP_hull,stable_to_stable,False,False,False,False,False,2.102598,-2.102598,True,False,-3.30812,-3.6797,3,not_available_for_wbm_queue_chgnet_mace_missing,0,164.84325750151808,10.0,5.157690443561848,16.36323504953147,7,False,False,False,False,t1_stable_or_true_release,False,candidate_level_explanation_not_MLIP_consensus_validation
wbm-5-6604,F6 Ga1 Pa1,F-Ga-Pa,3|F-Ga,500,PARC_release,11,11,11,0,True,-2.135977,True,-3.6006790000000013,True,labelable_current_MP_hull,stable_to_stable,False,False,False,False,False,2.102598,-2.102598,True,False,-3.30812,-3.6797,3,not_available_for_wbm_queue_chgnet_mace_missing,0,164.84325750151808,10.0,3.094614266137109,33.106904168958664,7,False,False,False,False,t1_stable_or_true_release,False,candidate_level_explanation_not_MLIP_consensus_validation
wbm-5-6613,F6 Ga1 Sr1,F-Ga-Sr,3|F-Ga,300,raw_only_requested_budget,0,11,0,11,False,0.014736,False,23.755742602500003,False,labelable_current_MP_hull,unstable_to_unstable,True,True,False,True,False,0.72567,-0.72567,True,True,-3.20627,-3.5442,3,not_available_for_wbm_queue_chgnet_mace_missing,1,9.121010416574991,10.0,5.157690443561848,16.36323504953147,57,True,False,True,True,near_hull_25meV_boundary,False,candidate_level_explanation_not_MLIP_consensus_validation
wbm-5-6613,F6 Ga1 Sr1,F-Ga-Sr,3|F-Ga,500,raw_only_requested_budget,0,11,0,11,False,0.014736,False,23.755742602500003,False,labelable_current_MP_hull,unstable_to_unstable,True,True,False,True,False,0.72567,-0.72567,True,True,-3.20627,-3.5442,3,not_available_for_wbm_queue_chgnet_mace_missing,1,9.121010416574991,10.0,3.094614266137109,33.106904168958664,128,True,False,True,True,near_hull_25meV_boundary,False,candidate_level_explanation_not_MLIP_consensus_validation
wbm-5-6636,F6 Ge1 Pa1,F-Ge-Pa,3|F-Ge,300,PARC_release,18,18,18,0,True,-1.772521,True,-3.453721999999999,True,labelable_current_MP_hull,stable_to_stable,False,False,False,False,False,2.120399,-2.120399,True,False,-3.3065400000000005,-3.6986,3,not_available_for_wbm_queue_chgnet_mace_missing,0,164.84325750151808,10.0,5.651511869009259,19.83000681704263,8,False,False,False,False,t1_stable_or_true_release,False,candidate_level_explanation_not_MLIP_consensus_validation
wbm-5-6636,F6 Ge1 Pa1,F-Ge-Pa,3|F-Ge,500,PARC_release,18,18,18,0,True,-1.772521,True,-3.453721999999999,True,labelable_current_MP_hull,stable_to_stable,False,False,False,False,False,2.120399,-2.120399,True,False,-3.3065400000000005,-3.6986,3,not_available_for_wbm_queue_chgnet_mace_missing,0,164.84325750151808,10.0,3.390907121405556,39.685851537379705,1,False,False,False,False,t1_stable_or_true_release,False,candidate_level_explanation_not_MLIP_consensus_validation
wbm-5-6641,F6 Hg1 Pa1,F-Hg-Pa,3|F-Hg,300,PARC_release,8,8,8,0,True,-2.728363,True,-1.0688421787499998,True,labelable_current_MP_hull,stable_to_stable,False,False,False,False,False,2.83655,-2.83655,True,False,-3.16825,-3.4525,3,not_available_for_wbm_queue_chgnet_mace_missing,0,164.72520471273907,10.0,5.157690443561848,10.139041049228304,2,False,False,False,False,t1_stable_or_true_release,False,candidate_level_explanation_not_MLIP_consensus_validation
wbm-5-6641,F6 Hg1 Pa1,F-Hg-Pa,3|F-Hg,500,PARC_release,8,8,8,0,True,-2.728363,True,-1.0688421787499998,True,labelable_current_MP_hull,stable_to_stable,False,False,False,False,False,2.83655,-2.83655,True,False,-3.16825,-3.4525,3,not_available_for_wbm_queue_chgnet_mace_missing,0,164.72520471273907,10.0,3.094614266137109,7.78141055913941,2,False,False,False,False,t1_stable_or_true_release,False,candidate_level_explanation_not_MLIP_consensus_validation
wbm-5-6645,F6 Ho1 Pa1,F-Ho-Pa,3|F-Ho,300,PARC_release,9,9,9,0,True,-1.81048,True,6.031511696250004,False,labelable_current_MP_hull,stable_to_unstable,True,False,False,False,False,2.0916820000000005,-2.0916820000000005,True,True,-4.14353,-4.4259,3,not_available_for_wbm_queue_chgnet_mace_missing,1,164.84325750151808,10.0,5.157690443561848,12.674371754430824,8,False,False,False,False,ALIGNN_FF_disagrees_with_current_MP_label,False,candidate_level_explanation_not_MLIP_consensus_validation
wbm-5-6645,F6 Ho1 Pa1,F-Ho-Pa,3|F-Ho,500,PARC_release,9,9,9,0,True,-1.81048,True,6.031511696250004,False,labelable_current_MP_hull,stable_to_unstable,True,False,False,False,False,2.0916820000000005,-2.0916820000000005,True,True,-4.14353,-4.4259,3,not_available_for_wbm_queue_chgnet_mace_missing,1,164.84325750151808,10.0,3.094614266137109,33.106904168958664,5,False,False,False,False,ALIGNN_FF_disagrees_with_current_MP_label,False,candidate_level_explanation_not_MLIP_consensus_validation
wbm-5-6655,F6 Hg1 In1,F-Hg-In,3|F-Hg,500,raw_only_requested_budget,0,8,0,8,False,0.003568,False,0.2457828212499997,False,labelable_current_MP_hull,unstable_to_unstable,True,True,False,True,False,0.6207440000000002,-0.6207440000000002,True,True,-2.1444,-2.5537,3,not_available_for_wbm_queue_chgnet_mace_missing,1,5.210704400324024,10.0,3.094614266137109,7.78141055913941,260,False,False,False,False,near_hull_25meV_boundary,False,candidate_level_explanation_not_MLIP_consensus_validation
wbm-5-6661,F6 In1 Pa1,F-In-Pa,3|F-In,300,PARC_release,9,9,9,0,True,-2.221734,True,-3.639014999999999,True,labelable_current_MP_hull,stable_to_stable,False,False,False,False,False,2.142019,-2.142019,True,False,-3.47204,-3.7638,3,not_available_for_wbm_queue_chgnet_mace_missing,0,164.72520471273907,10.0,5.651511869009259,19.83000681704263,9,False,False,False,False,t1_stable_or_true_release,False,candidate_level_explanation_not_MLIP_consensus_validation
wbm-5-6661,F6 In1 Pa1,F-In-Pa,3|F-In,500,PARC_release,9,9,9,0,True,-2.221734,True,-3.639014999999999,True,labelable_current_MP_hull,stable_to_stable,False,False,False,False,False,2.142019,-2.142019,True,False,-3.47204,-3.7638,3,not_available_for_wbm_queue_chgnet_mace_missing,0,164.72520471273907,10.0,3.390907121405556,39.685851537379705,6,False,False,False,False,t1_stable_or_true_release,False,candidate_level_explanation_not_MLIP_consensus_validation
wbm-5-6684,F6 In1 K2,F-In-K,3|F-In,500,raw_only_requested_budget,0,5,0,5,False,0.030785,False,-0.9301303977777592,True,labelable_current_MP_hull,unstable_to_stable,False,False,False,True,False,0.5908009999999999,-0.5908009999999999,True,False,-2.72213,-3.0901,3,not_available_for_wbm_queue_chgnet_mace_missing,0,3.99851893853718,10.0,3.390907121405556,39.685851537379705,323,False,False,False,False,t1_stable_or_true_release,False,candidate_level_explanation_not_MLIP_consensus_validation
wbm-5-6686,F6 K2 Lu1,F-K-Lu,3|F-K,500,raw_only_requested_budget,0,2,0,2,False,0.058205,False,13.053234573333338,False,labelable_current_MP_hull,unstable_to_unstable,True,False,False,False,False,0.5939039999999998,-0.5939039999999998,True,True,-3.5149099999999995,-3.6739,3,not_available_for_wbm_queue_chgnet_mace_missing,1,4.331070035327004,10.0,2.8648490519503174,6.361295373094599,333,False,False,False,False,ALIGNN_FF_disagrees_with_current_MP_label,False,candidate_level_explanation_not_MLIP_consensus_validation
wbm-5-6695,F6 K2 Sc1,F-K-Sc,3|F-K,500,raw_only_requested_budget,0,1,0,1,False,0.044485,False,4.723139728888885,False,labelable_current_MP_hull,unstable_to_unstable,True,False,False,True,False,0.577658,-0.577658,True,True,-3.25563,-3.5979,3,not_available_for_wbm_queue_chgnet_mace_missing,1,4.050112112583752,10.0,1.779032210897582,0.3328937406812571,405,False,False,False,False,near_hull_50meV_boundary,False,candidate_level_explanation_not_MLIP_consensus_validation
wbm-5-6702,F6 K2 Tm1,F-K-Tm,3|F-K,500,raw_only_requested_budget,0,1,0,1,False,0.081283,False,58.724628570740734,False,labelable_current_MP_hull,unstable_to_unstable,True,False,False,False,False,0.576279,-0.576279,True,True,-3.49664,-3.6968,3,not_available_for_wbm_queue_chgnet_mace_missing,1,3.948311290369254,10.0,1.779032210897582,0.3328937406812571,412,False,False,False,False,ALIGNN_FF_disagrees_with_current_MP_label,False,candidate_level_explanation_not_MLIP_consensus_validation
wbm-5-6709,Ce1 F6 K1,Ce-F-K,3|Ce-F,300,raw_only_requested_budget,0,1,0,1,False,0.007258,False,17.47860524958333,False,labelable_current_MP_hull,unstable_to_unstable,True,True,False,True,False,0.63565,-0.63565,True,True,-3.4733400000000003,-3.9218,3,not_available_for_wbm_queue_chgnet_mace_missing,1,4.801978237054699,10.0,2.195811353831729,19.83000681704263,252,True,False,True,True,near_hull_25meV_boundary,False,candidate_level_explanation_not_MLIP_consensus_validation
wbm-5-6709,Ce1 F6 K1,Ce-F-K,3|Ce-F,500,raw_only_requested_budget,0,12,0,12,False,0.007258,False,17.47860524958333,False,labelable_current_MP_hull,unstable_to_unstable,True,True,False,True,False,0.63565,-0.63565,True,True,-3.4733400000000003,-3.9218,3,not_available_for_wbm_queue_chgnet_mace_missing,1,5.499319737403038,10.0,3.390907121405556,39.685851537379705,220,True,False,True,True,near_hull_25meV_boundary,False,candidate_level_explanation_not_MLIP_consensus_validation
wbm-5-6710,Dy1 F6 K1,Dy-F-K,3|Dy-F,500,raw_only_requested_budget,0,5,0,5,False,0.128167,False,15.06824084375,False,labelable_current_MP_hull,unstable_to_unstable,True,False,False,False,False,0.5932710000000001,-0.5932710000000001,True,True,-3.15782,-3.4406,3,not_available_for_wbm_queue_chgnet_mace_missing,1,4.586875680264978,10.0,2.8648490519503174,39.685851537379705,338,False,False,False,False,ALIGNN_FF_disagrees_with_current_MP_label,False,candidate_level_explanation_not_MLIP_consensus_validation
wbm-5-6715,F6 K1 La1,F-K-La,3|F-K,300,PARC_release,6,7,6,1,True,0.015916,False,15.221261350000006,False,labelable_current_MP_hull,unstable_to_unstable,True,True,False,True,False,0.9272570000000004,-0.9272570000000004,True,True,-3.4733400000000003,-3.3234,3,not_available_for_wbm_queue_chgnet_mace_missing,1,48.7341767290268,10.0,5.273725046222098,10.139041049228304,11,False,False,False,False,near_hull_25meV_boundary,False,candidate_level_explanation_not_MLIP_consensus_validation
wbm-5-6715,F6 K1 La1,F-K-La,3|F-K,500,PARC_release,3,7,3,4,True,0.015916,False,15.221261350000006,False,labelable_current_MP_hull,unstable_to_unstable,True,True,False,True,False,0.9272570000000004,-0.9272570000000004,True,True,-3.4733400000000003,-3.3234,3,not_available_for_wbm_queue_chgnet_mace_missing,1,48.7341767290268,10.0,3.164235027733259,7.78141055913941,2,False,False,False,False,near_hull_25meV_boundary,False,candidate_level_explanation_not_MLIP_consensus_validation
wbm-5-6735,F6 La1 Pa1,F-La-Pa,3|F-La,300,PARC_release,13,13,13,0,True,-1.789896,True,13.249556823749998,False,labelable_current_MP_hull,stable_to_unstable,True,False,False,False,False,1.9651239999999996,-1.9651239999999996,True,True,-3.91735,-4.3074,3,not_available_for_wbm_queue_chgnet_mace_missing,1,164.84325750151808,10.0,5.651511869009259,19.83000681704263,12,False,False,False,False,ALIGNN_FF_disagrees_with_current_MP_label,False,candidate_level_explanation_not_MLIP_consensus_validation
wbm-5-6735,F6 La1 Pa1,F-La-Pa,3|F-La,500,PARC_release,13,13,13,0,True,-1.789896,True,13.249556823749998,False,labelable_current_MP_hull,stable_to_unstable,True,False,False,False,False,1.9651239999999996,-1.9651239999999996,True,True,-3.91735,-4.3074,3,not_available_for_wbm_queue_chgnet_mace_missing,1,164.84325750151808,10.0,3.390907121405556,39.685851537379705,6,False,False,False,False,ALIGNN_FF_disagrees_with_current_MP_label,False,candidate_level_explanation_not_MLIP_consensus_validation
wbm-5-6739,F6 Lu1 Pa1,F-Lu-Pa,3|F-Lu,300,PARC_release,11,11,11,0,True,-1.837425,True,13.415903743749997,False,labelable_current_MP_hull,stable_to_unstable,True,False,False,False,False,2.1370219999999995,-2.1370219999999995,True,True,-4.133369999999999,-4.4259,3,not_available_for_wbm_queue_chgnet_mace_missing,1,164.84325750151808,10.0,5.273725046222098,19.83000681704263,7,False,False,False,False,ALIGNN_FF_disagrees_with_current_MP_label,False,candidate_level_explanation_not_MLIP_consensus_validation
wbm-5-6739,F6 Lu1 Pa1,F-Lu-Pa,3|F-Lu,500,PARC_release,11,11,11,0,True,-1.837425,True,13.415903743749997,False,labelable_current_MP_hull,stable_to_unstable,True,False,False,False,False,2.1370219999999995,-2.1370219999999995,True,True,-4.133369999999999,-4.4259,3,not_available_for_wbm_queue_chgnet_mace_missing,1,164.84325750151808,10.0,3.164235027733259,39.685851537379705,5,False,False,False,False,ALIGNN_FF_disagrees_with_current_MP_label,False,candidate_level_explanation_not_MLIP_consensus_validation
wbm-5-6753,F6 Hg1 Mg1,F-Hg-Mg,3|F-Hg,300,PARC_release,1,8,1,7,True,0.004883,False,5.655783221249997,False,labelable_current_MP_hull,unstable_to_unstable,True,True,False,True,False,0.7988169999999997,-0.7988169999999997,True,True,-2.10712,-2.4681,3,not_available_for_wbm_queue_chgnet_mace_missing,1,15.262653700560776,10.0,5.157690443561848,10.139041049228304,9,False,False,False,False,near_hull_25meV_boundary,False,candidate_level_explanation_not_MLIP_consensus_validation
wbm-5-6753,F6 Hg1 Mg1,F-Hg-Mg,3|F-Hg,500,raw_only_requested_budget,0,8,0,8,False,0.004883,False,5.655783221249997,False,labelable_current_MP_hull,unstable_to_unstable,True,True,False,True,False,0.7988169999999997,-0.7988169999999997,True,True,-2.10712,-2.4681,3,not_available_for_wbm_queue_chgnet_mace_missing,1,15.262653700560776,10.0,3.094614266137109,7.78141055913941,37,False,False,False,False,near_hull_25meV_boundary,False,candidate_level_explanation_not_MLIP_consensus_validation
wbm-5-6756,F6 La1 Mg1,F-La-Mg,3|F-La,300,raw_only_requested_budget,0,8,0,8,False,0.086645,False,19.11747822375,False,labelable_current_MP_hull,unstable_to_unstable,True,False,False,False,False,0.6896920000000004,-0.6896920000000004,True,True,-3.98028,-4.1251,3,not_available_for_wbm_queue_chgnet_mace_missing,1,8.314929611426463,10.0,5.651511869009259,19.83000681704263,103,False,False,False,False,ALIGNN_FF_disagrees_with_current_MP_label,False,candidate_level_explanation_not_MLIP_consensus_validation
wbm-5-6756,F6 La1 Mg1,F-La-Mg,3|F-La,500,raw_only_requested_budget,0,13,0,13,False,0.086645,False,19.11747822375,False,labelable_current_MP_hull,unstable_to_unstable,True,False,False,False,False,0.6896920000000004,-0.6896920000000004,True,True,-3.98028,-4.1251,3,not_available_for_wbm_queue_chgnet_mace_missing,1,8.314929611426463,10.0,3.390907121405556,39.685851537379705,151,False,False,False,False,ALIGNN_FF_disagrees_with_current_MP_label,False,candidate_level_explanation_not_MLIP_consensus_validation
wbm-5-6767,F6 Mg1 Y1,F-Mg-Y,3|F-Mg,300,raw_only_requested_budget,0,8,0,8,False,0.053675,False,19.19180649875,False,labelable_current_MP_hull,unstable_to_unstable,True,False,False,False,False,0.7340050000000002,-0.7340050000000002,True,True,-3.71711,-4.165,3,not_available_for_wbm_queue_chgnet_mace_missing,1,9.745567673508914,10.0,5.651511869009259,10.139041049228304,46,False,False,False,True,ALIGNN_FF_disagrees_with_current_MP_label,False,candidate_level_explanation_not_MLIP_consensus_validation
wbm-5-6767,F6 Mg1 Y1,F-Mg-Y,3|F-Mg,500,raw_only_requested_budget,0,8,0,8,False,0.053675,False,19.19180649875,False,labelable_current_MP_hull,unstable_to_unstable,True,False,False,False,False,0.7340050000000002,-0.7340050000000002,True,True,-3.71711,-4.165,3,not_available_for_wbm_queue_chgnet_mace_missing,1,9.745567673508914,10.0,3.390907121405556,12.726465504194358,92,False,False,False,True,ALIGNN_FF_disagrees_with_current_MP_label,False,candidate_level_explanation_not_MLIP_consensus_validation
wbm-5-6787,F6 Mn1 Np1,F-Mn-Np,3|F-Mn,500,raw_only_requested_budget,0,7,0,7,False,0.01415,False,11.118945431249998,False,labelable_current_MP_hull,unstable_to_unstable,True,True,False,True,False,0.6110769999999999,-0.6110769999999999,True,True,-3.7142,-3.7652,3,not_available_for_wbm_queue_chgnet_mace_missing,1,4.806255682324473,10.0,2.8970856959581446,33.106904168958664,322,False,False,False,False,near_hull_25meV_boundary,False,candidate_level_explanation_not_MLIP_consensus_validation
wbm-5-6788,F6 Mn1 Pa1,F-Mn-Pa,3|F-Mn,300,PARC_release,7,7,7,0,True,-1.951794,True,-3.4507949999999994,True,labelable_current_MP_hull,stable_to_stable,False,False,False,False,False,2.539499,-2.539499,True,False,-3.68054,-4.0878,3,not_available_for_wbm_queue_chgnet_mace_missing,0,164.84325750151808,10.0,4.828476159930241,12.674371754430824,10,False,False,False,False,t1_stable_or_true_release,False,candidate_level_explanation_not_MLIP_consensus_validation
wbm-5-6788,F6 Mn1 Pa1,F-Mn-Pa,3|F-Mn,500,PARC_release,7,7,7,0,True,-1.951794,True,-3.4507949999999994,True,labelable_current_MP_hull,stable_to_stable,False,False,False,False,False,2.539499,-2.539499,True,False,-3.68054,-4.0878,3,not_available_for_wbm_queue_chgnet_mace_missing,0,164.84325750151808,10.0,2.8970856959581446,33.106904168958664,1,False,False,False,False,t1_stable_or_true_release,False,candidate_level_explanation_not_MLIP_consensus_validation
wbm-5-6790,F6 Mn1 Pa1,F-Mn-Pa,3|F-Mn,300,PARC_release,7,7,7,0,True,-1.825667,True,-3.324669,True,labelable_current_MP_hull,stable_to_stable,False,False,False,False,False,2.5389980000000003,-2.5389980000000003,True,False,-3.66756,-4.0351,3,not_available_for_wbm_queue_chgnet_mace_missing,0,164.84325750151808,10.0,4.828476159930241,12.674371754430824,11,False,False,False,False,t1_stable_or_true_release,False,candidate_level_explanation_not_MLIP_consensus_validation
wbm-5-6790,F6 Mn1 Pa1,F-Mn-Pa,3|F-Mn,500,PARC_release,7,7,7,0,True,-1.825667,True,-3.324669,True,labelable_current_MP_hull,stable_to_stable,False,False,False,False,False,2.5389980000000003,-2.5389980000000003,True,False,-3.66756,-4.0351,3,not_available_for_wbm_queue_chgnet_mace_missing,0,164.84325750151808,10.0,2.8970856959581446,33.106904168958664,4,False,False,False,False,t1_stable_or_true_release,False,candidate_level_explanation_not_MLIP_consensus_validation
wbm-5-6821,Ag1 F6 Na1,Ag-F-Na,3|Ag-F,500,raw_only_requested_budget,0,8,0,8,False,-0.065509,True,5.68563782375,False,labelable_current_MP_hull,stable_to_unstable,True,False,False,False,False,0.5935620000000001,-0.5935620000000001,True,True,-1.6973000000000005,-1.9835,3,not_available_for_wbm_queue_chgnet_mace_missing,1,4.586875680264978,10.0,3.390907121405556,33.106904168958664,317,False,False,False,False,ALIGNN_FF_disagrees_with_current_MP_label,False,candidate_level_explanation_not_MLIP_consensus_validation
wbm-5-6837,F6 Na1 Pd1,F-Na-Pd,3|F-Na,500,raw_only_requested_budget,0,1,0,1,False,-0.080892,True,0.9426848412499976,False,labelable_current_MP_hull,stable_to_unstable,True,False,False,False,False,0.5642549999999997,-0.5642549999999997,True,True,-1.90123,-2.2545,3,not_available_for_wbm_queue_chgnet_mace_missing,1,3.716190337231149,10.0,1.779032210897582,0.3328937406812571,444,False,False,False,False,ALIGNN_FF_disagrees_with_current_MP_label,False,candidate_level_explanation_not_MLIP_consensus_validation
wbm-5-6846,F6 Na1 Ti1,F-Na-Ti,3|F-Na,300,raw_only_requested_budget,0,4,0,4,False,0.018345,False,-3.102395999999999,True,labelable_current_MP_hull,unstable_to_stable,False,True,False,True,False,0.6860589999999998,-0.6860589999999998,True,False,-3.36656,-3.6903,3,not_available_for_wbm_queue_chgnet_mace_missing,0,7.449403595082879,10.0,4.993083301746044,10.926127664038065,145,True,False,True,True,t1_stable_or_true_release,False,candidate_level_explanation_not_MLIP_consensus_validation
wbm-5-6846,F6 Na1 Ti1,F-Na-Ti,3|F-Na,500,raw_only_requested_budget,0,9,0,9,False,0.018345,False,-3.102395999999999,True,labelable_current_MP_hull,unstable_to_stable,False,True,False,True,False,0.6860589999999998,-0.6860589999999998,True,False,-3.36656,-3.6903,3,not_available_for_wbm_queue_chgnet_mace_missing,0,7.449403595082879,10.0,3.164235027733259,13.924506444478084,162,True,False,True,True,t1_stable_or_true_release,False,candidate_level_explanation_not_MLIP_consensus_validation
wbm-5-6854,F6 Nb1 Pa1,F-Nb-Pa,3|F-Nb,300,PARC_release,14,14,14,0,True,-0.801118,True,-1.1614577937499997,True,labelable_current_MP_hull,stable_to_stable,False,False,False,False,False,1.393993,-1.393993,True,False,-3.4934200000000004,-3.6831,3,not_available_for_wbm_queue_chgnet_mace_missing,0,164.84325750151808,10.0,5.651511869009259,19.83000681704263,13,False,False,False,False,t1_stable_or_true_release,False,candidate_level_explanation_not_MLIP_consensus_validation
wbm-5-6854,F6 Nb1 Pa1,F-Nb-Pa,3|F-Nb,500,PARC_release,14,14,14,0,True,-0.801118,True,-1.1614577937499997,True,labelable_current_MP_hull,stable_to_stable,False,False,False,False,False,1.393993,-1.393993,True,False,-3.4934200000000004,-3.6831,3,not_available_for_wbm_queue_chgnet_mace_missing,0,164.84325750151808,10.0,3.390907121405556,39.685851537379705,10,False,False,False,False,t1_stable_or_true_release,False,candidate_level_explanation_not_MLIP_consensus_validation
wbm-5-6860,F6 Nd1 Pa1,F-Nd-Pa,3|F-Nd,300,PARC_release,9,9,9,0,True,-1.748642,True,13.231027323750002,False,labelable_current_MP_hull,stable_to_unstable,True,False,False,False,False,1.974881,-1.974881,True,True,-4.0305100000000005,-4.3353,3,not_available_for_wbm_queue_chgnet_mace_missing,1,164.84325750151808,10.0,5.273725046222098,16.36323504953147,10,False,False,False,False,ALIGNN_FF_disagrees_with_current_MP_label,False,candidate_level_explanation_not_MLIP_consensus_validation
wbm-5-6860,F6 Nd1 Pa1,F-Nd-Pa,3|F-Nd,500,PARC_release,9,9,9,0,True,-1.748642,True,13.231027323750002,False,labelable_current_MP_hull,stable_to_unstable,True,False,False,False,False,1.974881,-1.974881,True,True,-4.0305100000000005,-4.3353,3,not_available_for_wbm_queue_chgnet_mace_missing,1,164.84325750151808,10.0,3.164235027733259,29.432650133714645,9,False,False,False,False,ALIGNN_FF_disagrees_with_current_MP_label,False,candidate_level_explanation_not_MLIP_consensus_validation
wbm-5-6864,Cd1 F6 Ni1,Cd-F-Ni,3|Cd-F,300,raw_only_requested_budget,0,7,0,7,False,-0.004251,True,6.35867877,False,labelable_current_MP_hull,stable_to_unstable,True,True,False,True,False,0.6967379999999999,-0.6967379999999999,True,True,-1.8826500000000004,-2.4027,3,not_available_for_wbm_queue_chgnet_mace_missing,1,7.636979934480418,10.0,4.993083301746044,16.36323504953147,117,True,True,True,True,near_hull_25meV_boundary,False,candidate_level_explanation_not_MLIP_consensus_validation
wbm-5-6864,Cd1 F6 Ni1,Cd-F-Ni,3|Cd-F,500,raw_only_requested_budget,0,11,0,11,False,-0.004251,True,6.35867877,False,labelable_current_MP_hull,stable_to_unstable,True,True,False,True,False,0.6967379999999999,-0.6967379999999999,True,True,-1.8826500000000004,-2.4027,3,not_available_for_wbm_queue_chgnet_mace_missing,1,7.846167941986419,10.0,3.164235027733259,29.432650133714645,130,True,True,True,True,near_hull_25meV_boundary,False,candidate_level_explanation_not_MLIP_consensus_validation
wbm-5-6872,F6 Gd1 Ni1,F-Gd-Ni,3|F-Gd,500,raw_only_requested_budget,0,2,0,2,False,-0.077898,True,-1.49919120625,True,labelable_current_MP_hull,stable_to_stable,False,False,False,False,False,0.5582019999999996,-0.5582019999999996,True,False,-3.11952,-3.4635,3,not_available_for_wbm_queue_chgnet_mace_missing,0,3.2613362756802577,10.0,1.3174868122990375,39.685851537379705,440,False,False,False,False,t1_stable_or_true_release,False,candidate_level_explanation_not_MLIP_consensus_validation
wbm-5-6901,F6 Ni1 Zn1,F-Ni-Zn,3|F-Ni,500,raw_only_requested_budget,0,10,0,10,False,0.059758,False,-0.3271752062499971,True,labelable_current_MP_hull,unstable_to_stable,False,False,False,False,False,0.6221619999999999,-0.6221619999999999,True,False,-1.6233399999999996,-2.4272,3,not_available_for_wbm_queue_chgnet_mace_missing,0,5.3970196914062205,10.0,3.164235027733259,39.685851537379705,285,False,False,False,False,t1_stable_or_true_release,False,candidate_level_explanation_not_MLIP_consensus_validation
wbm-5-6905,F6 Np1 Pa1,F-Np-Pa,3|F-Np,300,PARC_release,1,8,1,7,True,-0.66083,True,10.926304431250005,False,labelable_current_MP_hull,stable_to_unstable,True,False,False,False,False,0.8227159999999998,-0.8227159999999998,True,True,-3.71592,-4.0719,3,not_available_for_wbm_queue_chgnet_mace_missing,1,16.21597714020033,10.0,5.651511869009259,10.139041049228304,11,False,False,False,False,ALIGNN_FF_disagrees_with_current_MP_label,False,candidate_level_explanation_not_MLIP_consensus_validation
wbm-5-6905,F6 Np1 Pa1,F-Np-Pa,3|F-Np,500,raw_only_requested_budget,0,8,0,8,False,-0.66083,True,10.926304431250005,False,labelable_current_MP_hull,stable_to_unstable,True,False,False,False,False,0.8227159999999998,-0.8227159999999998,True,True,-3.71592,-4.0719,3,not_available_for_wbm_queue_chgnet_mace_missing,1,16.21597714020033,10.0,3.390907121405556,12.726465504194358,40,False,False,False,False,ALIGNN_FF_disagrees_with_current_MP_label,False,candidate_level_explanation_not_MLIP_consensus_validation
wbm-5-6906,F6 Pa1 Pu1,F-Pa-Pu,3|F-Pa,300,PARC_release,12,12,12,0,True,-1.494223,True,-3.869945999999999,True,labelable_current_MP_hull,stable_to_stable,False,False,False,False,False,1.9957770000000004,-1.9957770000000004,True,False,-3.71484,-4.1439,3,not_available_for_wbm_queue_chgnet_mace_missing,0,164.80390769444054,10.0,5.651511869009259,12.171561895162212,13,False,False,False,False,t1_stable_or_true_release,False,candidate_level_explanation_not_MLIP_consensus_validation
wbm-5-6906,F6 Pa1 Pu1,F-Pa-Pu,3|F-Pa,500,PARC_release,12,12,12,0,True,-1.494223,True,-3.869945999999999,True,labelable_current_MP_hull,stable_to_stable,False,False,False,False,False,1.9957770000000004,-1.9957770000000004,True,False,-3.71484,-4.1439,3,not_available_for_wbm_queue_chgnet_mace_missing,0,164.80390769444054,10.0,3.390907121405556,12.726465504194358,8,False,False,False,False,t1_stable_or_true_release,False,candidate_level_explanation_not_MLIP_consensus_validation
wbm-5-6907,F6 Pa1 U1,F-Pa-U,3|F-Pa,300,PARC_release,3,12,3,9,True,-0.414021,True,-3.641390999999999,True,labelable_current_MP_hull,stable_to_stable,False,False,False,False,False,0.8181299999999996,-0.8181299999999996,True,False,-3.67111,-3.8772,3,not_available_for_wbm_queue_chgnet_mace_missing,0,17.306411900418205,10.0,5.651511869009259,12.171561895162212,12,False,False,False,False,t1_stable_or_true_release,False,candidate_level_explanation_not_MLIP_consensus_validation
wbm-5-6907,F6 Pa1 U1,F-Pa-U,3|F-Pa,500,raw_only_requested_budget,0,12,0,12,False,-0.414021,True,-3.641390999999999,True,labelable_current_MP_hull,stable_to_stable,False,False,False,False,False,0.8181299999999996,-0.8181299999999996,True,False,-3.67111,-3.8772,3,not_available_for_wbm_queue_chgnet_mace_missing,0,17.306411900418205,10.0,3.390907121405556,12.726465504194358,24,False,False,False,False,t1_stable_or_true_release,False,candidate_level_explanation_not_MLIP_consensus_validation
wbm-5-6917,F6 Pa1 Pd1,F-Pa-Pd,3|F-Pa,300,PARC_release,12,12,12,0,True,-2.312996,True,-0.4439741587500005,True,labelable_current_MP_hull,stable_to_stable,False,False,False,False,False,2.3505000000000003,-2.3505000000000003,True,False,-3.00705,-3.4416,3,not_available_for_wbm_queue_chgnet_mace_missing,0,164.80390769444054,10.0,5.651511869009259,12.171561895162212,7,False,False,False,False,t1_stable_or_true_release,False,candidate_level_explanation_not_MLIP_consensus_validation
wbm-5-6917,F6 Pa1 Pd1,F-Pa-Pd,3|F-Pa,500,PARC_release,12,12,12,0,True,-2.312996,True,-0.4439741587500005,True,labelable_current_MP_hull,stable_to_stable,False,False,False,False,False,2.3505000000000003,-2.3505000000000003,True,False,-3.00705,-3.4416,3,not_available_for_wbm_queue_chgnet_mace_missing,0,164.80390769444054,10.0,3.390907121405556,12.726465504194358,5,False,False,False,False,t1_stable_or_true_release,False,candidate_level_explanation_not_MLIP_consensus_validation
wbm-5-6932,F6 Pa1 Pr1,F-Pa-Pr,3|F-Pa,300,PARC_release,12,12,12,0,True,-1.776307,True,11.834712035,False,labelable_current_MP_hull,stable_to_unstable,True,False,False,False,False,2.151653,-2.151653,True,True,-4.0187800000000005,-4.3116,3,not_available_for_wbm_queue_chgnet_mace_missing,1,164.80390769444054,10.0,5.651511869009259,12.171561895162212,7,False,False,False,False,ALIGNN_FF_disagrees_with_current_MP_label,False,candidate_level_explanation_not_MLIP_consensus_validation
wbm-5-6932,F6 Pa1 Pr1,F-Pa-Pr,3|F-Pa,500,PARC_release,12,12,12,0,True,-1.776307,True,11.834712035,False,labelable_current_MP_hull,stable_to_unstable,True,False,False,False,False,2.151653,-2.151653,True,True,-4.0187800000000005,-4.3116,3,not_available_for_wbm_queue_chgnet_mace_missing,1,164.80390769444054,10.0,3.390907121405556,12.726465504194358,7,False,False,False,False,ALIGNN_FF_disagrees_with_current_MP_label,False,candidate_level_explanation_not_MLIP_consensus_validation
wbm-5-6934,F6 Pa1 Pt1,F-Pa-Pt,3|F-Pa,300,PARC_release,12,12,12,0,True,-1.701841,True,17.308832986250003,False,labelable_current_MP_hull,stable_to_unstable,True,False,False,False,False,2.023625,-2.023625,True,True,-2.9572900000000004,-3.0895,3,not_available_for_wbm_queue_chgnet_mace_missing,1,164.80390769444054,10.0,5.651511869009259,12.171561895162212,12,False,False,False,False,ALIGNN_FF_disagrees_with_current_MP_label,False,candidate_level_explanation_not_MLIP_consensus_validation
wbm-5-6934,F6 Pa1 Pt1,F-Pa-Pt,3|F-Pa,500,PARC_release,12,12,12,0,True,-1.701841,True,17.308832986250003,False,labelable_current_MP_hull,stable_to_unstable,True,False,False,False,False,2.023625,-2.023625,True,True,-2.9572900000000004,-3.0895,3,not_available_for_wbm_queue_chgnet_mace_missing,1,164.80390769444054,10.0,3.390907121405556,12.726465504194358,7,False,False,False,False,ALIGNN_FF_disagrees_with_current_MP_label,False,candidate_level_explanation_not_MLIP_consensus_validation
wbm-5-6947,F6 Hf1 Rb1,F-Hf-Rb,3|F-Hf,500,raw_only_requested_budget,0,9,0,9,False,0.070138,False,20.516306619166663,False,labelable_current_MP_hull,unstable_to_unstable,True,False,False,False,False,0.629556,-0.629556,True,True,-3.57545,-3.9927,3,not_available_for_wbm_queue_chgnet_mace_missing,1,5.40063600884531,10.0,3.390907121405556,29.432650133714645,232,False,False,False,False,ALIGNN_FF_disagrees_with_current_MP_label,False,candidate_level_explanation_not_MLIP_consensus_validation
wbm-5-6962,F6 Rb1 Zr1,F-Rb-Zr,3|F-Rb,500,raw_only_requested_budget,0,9,0,9,False,0.095143,False,25.461078437916672,False,labelable_current_MP_hull,unstable_to_unstable,True,False,False,False,False,0.6169219999999997,-0.6169219999999997,True,True,-3.49155,-3.843,3,not_available_for_wbm_queue_chgnet_mace_missing,1,5.122601899014496,10.0,3.094614266137109,39.685851537379705,270,False,False,False,False,ALIGNN_FF_disagrees_with_current_MP_label,False,candidate_level_explanation_not_MLIP_consensus_validation
wbm-5-6975,F6 Pa1 Rh1,F-Pa-Rh,3|F-Pa,300,PARC_release,12,12,12,0,True,-1.766474,True,17.295143373749998,False,labelable_current_MP_hull,stable_to_unstable,True,False,False,False,False,2.089704,-2.089704,True,True,-3.05735,-3.0158,3,not_available_for_wbm_queue_chgnet_mace_missing,1,164.80390769444054,10.0,5.651511869009259,12.171561895162212,12,False,False,False,False,ALIGNN_FF_disagrees_with_current_MP_label,False,candidate_level_explanation_not_MLIP_consensus_validation
wbm-5-6975,F6 Pa1 Rh1,F-Pa-Rh,3|F-Pa,500,PARC_release,12,12,12,0,True,-1.766474,True,17.295143373749998,False,labelable_current_MP_hull,stable_to_unstable,True,False,False,False,False,2.089704,-2.089704,True,True,-3.05735,-3.0158,3,not_available_for_wbm_queue_chgnet_mace_missing,1,164.80390769444054,10.0,3.390907121405556,12.726465504194358,5,False,False,False,False,ALIGNN_FF_disagrees_with_current_MP_label,False,candidate_level_explanation_not_MLIP_consensus_validation
wbm-5-6991,F6 Pa1 Ru1,F-Pa-Ru,3|F-Pa,300,PARC_release,12,12,12,0,True,-1.372367,True,22.7173970775,False,labelable_current_MP_hull,stable_to_unstable,True,False,False,False,False,1.662288,-1.662288,True,True,-3.11455,-3.3402,3,not_available_for_wbm_queue_chgnet_mace_missing,1,164.80390769444054,10.0,5.651511869009259,12.171561895162212,20,False,False,False,False,ALIGNN_FF_disagrees_with_current_MP_label,False,candidate_level_explanation_not_MLIP_consensus_validation
wbm-5-6991,F6 Pa1 Ru1,F-Pa-Ru,3|F-Pa,500,PARC_release,12,12,12,0,True,-1.372367,True,22.7173970775,False,labelable_current_MP_hull,stable_to_unstable,True,False,False,False,False,1.662288,-1.662288,True,True,-3.11455,-3.3402,3,not_available_for_wbm_queue_chgnet_mace_missing,1,164.80390769444054,10.0,3.390907121405556,12.726465504194358,15,False,False,False,False,ALIGNN_FF_disagrees_with_current_MP_label,False,candidate_level_explanation_not_MLIP_consensus_validation
wbm-5-7028,F6 Pa1 Sc1,F-Pa-Sc,3|F-Pa,300,PARC_release,12,12,12,0,True,-1.8456,True,4.039119793750002,False,labelable_current_MP_hull,stable_to_unstable,True,False,False,False,False,2.254108,-2.254108,True,True,-4.0138,-4.4129,3,not_available_for_wbm_queue_chgnet_mace_missing,1,164.80390769444054,10.0,5.651511869009259,12.171561895162212,7,False,False,False,False,ALIGNN_FF_disagrees_with_current_MP_label,False,candidate_level_explanation_not_MLIP_consensus_validation
wbm-5-7028,F6 Pa1 Sc1,F-Pa-Sc,3|F-Pa,500,PARC_release,12,12,12,0,True,-1.8456,True,4.039119793750002,False,labelable_current_MP_hull,stable_to_unstable,True,False,False,False,False,2.254108,-2.254108,True,True,-4.0138,-4.4129,3,not_available_for_wbm_queue_chgnet_mace_missing,1,164.80390769444054,10.0,3.390907121405556,12.726465504194358,7,False,False,False,False,ALIGNN_FF_disagrees_with_current_MP_label,False,candidate_level_explanation_not_MLIP_consensus_validation
wbm-5-7057,F6 Pa1 Si1,F-Pa-Si,3|F-Pa,300,PARC_release,12,12,12,0,True,-1.168919,True,-3.340448000000009,True,labelable_current_MP_hull,stable_to_stable,False,False,False,False,False,1.4939710000000006,-1.4939710000000006,True,False,-3.24817,-3.6634,3,not_available_for_wbm_queue_chgnet_mace_missing,0,164.80390769444054,10.0,5.651511869009259,12.171561895162212,30,False,False,False,False,t1_stable_or_true_release,False,candidate_level_explanation_not_MLIP_consensus_validation
wbm-5-7057,F6 Pa1 Si1,F-Pa-Si,3|F-Pa,500,PARC_release,12,12,12,0,True,-1.168919,True,-3.340448000000009,True,labelable_current_MP_hull,stable_to_stable,False,False,False,False,False,1.4939710000000006,-1.4939710000000006,True,False,-3.24817,-3.6634,3,not_available_for_wbm_queue_chgnet_mace_missing,0,164.80390769444054,10.0,3.390907121405556,12.726465504194358,17,False,False,False,False,t1_stable_or_true_release,False,candidate_level_explanation_not_MLIP_consensus_validation
wbm-5-7070,F6 Pa1 Sm1,F-Pa-Sm,3|F-Pa,300,PARC_release,12,12,12,0,True,-1.784131,True,12.459599391250002,False,labelable_current_MP_hull,stable_to_unstable,True,False,False,False,False,2.034186,-2.034186,True,True,-4.048590000000001,-4.3728,3,not_available_for_wbm_queue_chgnet_mace_missing,1,164.80390769444054,10.0,5.651511869009259,12.171561895162212,11,False,False,False,False,ALIGNN_FF_disagrees_with_current_MP_label,False,candidate_level_explanation_not_MLIP_consensus_validation
wbm-5-7070,F6 Pa1 Sm1,F-Pa-Sm,3|F-Pa,500,PARC_release,12,12,12,0,True,-1.784131,True,12.459599391250002,False,labelable_current_MP_hull,stable_to_unstable,True,False,False,False,False,2.034186,-2.034186,True,True,-4.048590000000001,-4.3728,3,not_available_for_wbm_queue_chgnet_mace_missing,1,164.80390769444054,10.0,3.390907121405556,12.726465504194358,6,False,False,False,False,ALIGNN_FF_disagrees_with_current_MP_label,False,candidate_level_explanation_not_MLIP_consensus_validation
wbm-5-7072,F6 Pa1 Sn2,F-Pa-Sn,3|F-Pa,300,PARC_release,8,12,8,4,True,-0.560087,True,-3.0086179999999985,True,labelable_current_MP_hull,stable_to_stable,False,False,False,False,False,0.874269,-0.874269,True,False,-3.00732,-3.2034,3,not_available_for_wbm_queue_chgnet_mace_missing,0,34.12656697602882,10.0,5.651511869009259,12.171561895162212,9,False,False,False,False,t1_stable_or_true_release,False,candidate_level_explanation_not_MLIP_consensus_validation
wbm-5-7072,F6 Pa1 Sn2,F-Pa-Sn,3|F-Pa,500,PARC_release,1,12,1,11,True,-0.560087,True,-3.0086179999999985,True,labelable_current_MP_hull,stable_to_stable,False,False,False,False,False,0.874269,-0.874269,True,False,-3.00732,-3.2034,3,not_available_for_wbm_queue_chgnet_mace_missing,0,34.12656697602882,10.0,3.390907121405556,12.726465504194358,12,False,False,False,False,t1_stable_or_true_release,False,candidate_level_explanation_not_MLIP_consensus_validation
wbm-5-7087,F6 La1 Sr1,F-La-Sr,3|F-La,500,raw_only_requested_budget,0,10,0,10,False,0.119229,False,20.613871215,False,labelable_current_MP_hull,unstable_to_unstable,True,False,False,False,False,0.6046110000000002,-0.6046110000000002,True,True,-4.05376,-3.9245,3,not_available_for_wbm_queue_chgnet_mace_missing,1,4.876393465572375,10.0,3.390907121405556,39.685851537379705,294,False,False,False,False,ALIGNN_FF_disagrees_with_current_MP_label,False,candidate_level_explanation_not_MLIP_consensus_validation
wbm-5-7112,F6 Pa1 Tb1,F-Pa-Tb,3|F-Pa,300,PARC_release,12,12,12,0,True,-1.799893,True,12.753195468750004,False,labelable_current_MP_hull,stable_to_unstable,True,False,False,False,False,2.0952900000000003,-2.0952900000000003,True,True,-4.1310400000000005,-4.4141,3,not_available_for_wbm_queue_chgnet_mace_missing,1,164.80390769444054,10.0,5.651511869009259,12.171561895162212,11,False,False,False,False,ALIGNN_FF_disagrees_with_current_MP_label,False,candidate_level_explanation_not_MLIP_consensus_validation
wbm-5-7112,F6 Pa1 Tb1,F-Pa-Tb,3|F-Pa,500,PARC_release,12,12,12,0,True,-1.799893,True,12.753195468750004,False,labelable_current_MP_hull,stable_to_unstable,True,False,False,False,False,2.0952900000000003,-2.0952900000000003,True,True,-4.1310400000000005,-4.4141,3,not_available_for_wbm_queue_chgnet_mace_missing,1,164.80390769444054,10.0,3.390907121405556,12.726465504194358,4,False,False,False,False,ALIGNN_FF_disagrees_with_current_MP_label,False,candidate_level_explanation_not_MLIP_consensus_validation
wbm-5-7115,F6 Pa1 Th1,F-Pa-Th,3|F-Pa,300,PARC_release,12,12,12,0,True,-0.921484,True,21.20579324375,False,labelable_current_MP_hull,stable_to_unstable,True,False,False,False,False,1.0457620000000003,-1.0457620000000003,True,True,-3.71592,-4.0911,3,not_available_for_wbm_queue_chgnet_mace_missing,1,164.64649723852398,10.0,5.651511869009259,12.171561895162212,62,False,False,False,False,ALIGNN_FF_disagrees_with_current_MP_label,False,candidate_level_explanation_not_MLIP_consensus_validation
wbm-5-7115,F6 Pa1 Th1,F-Pa-Th,3|F-Pa,500,PARC_release,10,12,10,2,True,-0.921484,True,21.20579324375,False,labelable_current_MP_hull,stable_to_unstable,True,False,False,False,False,1.0457620000000003,-1.0457620000000003,True,True,-3.71592,-4.0911,3,not_available_for_wbm_queue_chgnet_mace_missing,1,164.64649723852398,10.0,3.390907121405556,12.726465504194358,1,False,False,False,False,ALIGNN_FF_disagrees_with_current_MP_label,False,candidate_level_explanation_not_MLIP_consensus_validation
wbm-5-7137,F6 Rb1 Ti1,F-Rb-Ti,3|F-Rb,300,raw_only_requested_budget,0,9,0,9,False,0.022579,False,-1.285767198749994,True,labelable_current_MP_hull,unstable_to_stable,False,True,False,True,False,0.7133400000000001,-0.7133400000000001,True,False,-3.2552499999999998,-3.5819,3,not_available_for_wbm_queue_chgnet_mace_missing,0,9.121010416574991,10.0,5.157690443561848,19.83000681704263,73,True,False,True,True,t1_stable_or_true_release,False,candidate_level_explanation_not_MLIP_consensus_validation
wbm-5-7137,F6 Rb1 Ti1,F-Rb-Ti,3|F-Rb,500,raw_only_requested_budget,0,9,0,9,False,0.022579,False,-1.285767198749994,True,labelable_current_MP_hull,unstable_to_stable,False,True,False,True,False,0.7133400000000001,-0.7133400000000001,True,False,-3.2552499999999998,-3.5819,3,not_available_for_wbm_queue_chgnet_mace_missing,0,9.121010416574991,10.0,3.094614266137109,39.685851537379705,121,True,False,True,True,t1_stable_or_true_release,False,candidate_level_explanation_not_MLIP_consensus_validation
wbm-5-7145,F6 Pa1 Tl1,F-Pa-Tl,3|F-Pa,300,PARC_release,12,12,12,0,True,-2.647869,True,-3.697975,True,labelable_current_MP_hull,stable_to_stable,False,False,False,False,False,2.880894,-2.880894,True,False,-3.44667,-3.847,3,not_available_for_wbm_queue_chgnet_mace_missing,0,164.80390769444054,10.0,5.651511869009259,12.171561895162212,2,False,False,False,False,t1_stable_or_true_release,False,candidate_level_explanation_not_MLIP_consensus_validation
wbm-5-7145,F6 Pa1 Tl1,F-Pa-Tl,3|F-Pa,500,PARC_release,12,12,12,0,True,-2.647869,True,-3.697975,True,labelable_current_MP_hull,stable_to_stable,False,False,False,False,False,2.880894,-2.880894,True,False,-3.44667,-3.847,3,not_available_for_wbm_queue_chgnet_mace_missing,0,164.80390769444054,10.0,3.390907121405556,12.726465504194358,2,False,False,False,False,t1_stable_or_true_release,False,candidate_level_explanation_not_MLIP_consensus_validation
wbm-5-7148,F6 Pa1 Tm1,F-Pa-Tm,3|F-Pa,300,PARC_release,12,12,12,0,True,-1.998206,True,-4.059557999999999,True,labelable_current_MP_hull,stable_to_stable,False,False,False,False,False,2.280848,-2.280848,True,False,-4.12543,-4.4223,3,not_available_for_wbm_queue_chgnet_mace_missing,0,164.80390769444054,10.0,5.651511869009259,12.171561895162212,8,False,False,False,False,t1_stable_or_true_release,False,candidate_level_explanation_not_MLIP_consensus_validation
wbm-5-7148,F6 Pa1 Tm1,F-Pa-Tm,3|F-Pa,500,PARC_release,12,12,12,0,True,-1.998206,True,-4.059557999999999,True,labelable_current_MP_hull,stable_to_stable,False,False,False,False,False,2.280848,-2.280848,True,False,-4.12543,-4.4223,3,not_available_for_wbm_queue_chgnet_mace_missing,0,164.80390769444054,10.0,3.390907121405556,12.726465504194358,5,False,False,False,False,t1_stable_or_true_release,False,candidate_level_explanation_not_MLIP_consensus_validation
wbm-5-7241,F6 Pa1 Y1,F-Pa-Y,3|F-Pa,300,PARC_release,12,12,12,0,True,-1.809484,True,13.337267098750004,False,labelable_current_MP_hull,stable_to_unstable,True,False,False,False,False,2.0785370000000007,-2.0785370000000007,True,True,-4.13266,-4.4423,3,not_available_for_wbm_queue_chgnet_mace_missing,1,164.80390769444054,10.0,5.651511869009259,12.171561895162212,7,False,False,False,False,ALIGNN_FF_disagrees_with_current_MP_label,False,candidate_level_explanation_not_MLIP_consensus_validation
wbm-5-7241,F6 Pa1 Y1,F-Pa-Y,3|F-Pa,500,PARC_release,12,12,12,0,True,-1.809484,True,13.337267098750004,False,labelable_current_MP_hull,stable_to_unstable,True,False,False,False,False,2.0785370000000007,-2.0785370000000007,True,True,-4.13266,-4.4423,3,not_available_for_wbm_queue_chgnet_mace_missing,1,164.80390769444054,10.0,3.390907121405556,12.726465504194358,7,False,False,False,False,ALIGNN_FF_disagrees_with_current_MP_label,False,candidate_level_explanation_not_MLIP_consensus_validation
wbm-5-7250,Cd1 F6 Zn1,Cd-F-Zn,3|Cd-F,500,raw_only_requested_budget,0,5,0,5,False,0.010027,False,2.527022805000001,False,labelable_current_MP_hull,unstable_to_unstable,True,True,False,True,False,0.5952179999999998,-0.5952179999999998,True,True,-2.01755,-2.5031,3,not_available_for_wbm_queue_chgnet_mace_missing,1,4.392357022208061,10.0,2.8648490519503174,29.432650133714645,330,False,False,False,False,near_hull_25meV_boundary,False,candidate_level_explanation_not_MLIP_consensus_validation
wbm-5-7252,F6 Ga1 Zn1,F-Ga-Zn,3|F-Ga,500,raw_only_requested_budget,0,4,0,4,False,0.019531,False,-2.4213060000000013,True,labelable_current_MP_hull,unstable_to_stable,False,True,False,True,False,0.580263,-0.580263,True,False,-2.6108100000000003,-2.8796,3,not_available_for_wbm_queue_chgnet_mace_missing,0,4.050112112583752,10.0,2.009647497495417,33.106904168958664,389,False,False,False,False,t1_stable_or_true_release,False,candidate_level_explanation_not_MLIP_consensus_validation
wbm-5-7266,F6 Pa1 Zr1,F-Pa-Zr,3|F-Pa,300,PARC_release,12,12,12,0,True,-1.148187,True,23.85174390375,False,labelable_current_MP_hull,stable_to_unstable,True,False,False,False,False,1.57776,-1.57776,True,True,-3.7240800000000007,-3.9785,3,not_available_for_wbm_queue_chgnet_mace_missing,1,164.80390769444054,10.0,5.651511869009259,12.171561895162212,23,False,False,False,False,ALIGNN_FF_disagrees_with_current_MP_label,False,candidate_level_explanation_not_MLIP_consensus_validation
wbm-5-7266,F6 Pa1 Zr1,F-Pa-Zr,3|F-Pa,500,PARC_release,12,12,12,0,True,-1.148187,True,23.85174390375,False,labelable_current_MP_hull,stable_to_unstable,True,False,False,False,False,1.57776,-1.57776,True,True,-3.7240800000000007,-3.9785,3,not_available_for_wbm_queue_chgnet_mace_missing,1,164.80390769444054,10.0,3.390907121405556,12.726465504194358,13,False,False,False,False,ALIGNN_FF_disagrees_with_current_MP_label,False,candidate_level_explanation_not_MLIP_consensus_validation
wbm-5-9447,Br3 Er3 Ge1,Br-Er-Ge,3|Br-Er,300,PARC_release,11,11,11,0,True,-0.839259,True,-1.5200690000000066,True,labelable_current_MP_hull,stable_to_stable,False,False,False,False,False,1.27109,-1.27109,True,False,-1.57604,-1.4506,3,not_available_for_wbm_queue_chgnet_mace_missing,0,164.80390769444054,10.0,5.651511869009259,10.926127664038065,44,False,False,False,False,t1_stable_or_true_release,False,candidate_level_explanation_not_MLIP_consensus_validation
wbm-5-9447,Br3 Er3 Ge1,Br-Er-Ge,3|Br-Er,500,PARC_release,11,11,11,0,True,-0.839259,True,-1.5200690000000066,True,labelable_current_MP_hull,stable_to_stable,False,False,False,False,False,1.27109,-1.27109,True,False,-1.57604,-1.4506,3,not_available_for_wbm_queue_chgnet_mace_missing,0,164.80390769444054,10.0,3.390907121405556,12.726465504194358,16,False,False,False,False,t1_stable_or_true_release,False,candidate_level_explanation_not_MLIP_consensus_validation
